role,optimizer_a,optimizer_b,delta_definition,config_hash_a,config_hash_b,lr_a,weight_decay_a,lr_b,weight_decay_b,checkpoint_role,definition_version,evaluation_git_sha,inventory_hash,dataset_policy_hash,analysis_dtype,metric_name,artifact_key,formula_id,reporting_tier,direction,fit_split,query_split,transform,detector,ood_dataset,seed0_delta,seed1_delta,seed2_delta,mean_delta,sample_sd_delta_ddof1,formatted_delta
C1,sgd,adam,optimizer_a_minus_optimizer_b_seed_matched,188f2e248d512bb338cd5c33c140337ac59206948aa209631ca797a09d4b9eb2,b701f780ad99d469949a985b0472b8d1f26be0545e531d92895b7559ca142328,0.1,0.0005,0.0003,0.0,last,metric_contract_v1.2,c38b09694be88aa74de0741b39e9d3ba0d6ff61a,35a1a66f78dfd6255c4d804586ee6863969be78d21acec5cd0ccf00476ddaa5c,f80984d28ef9a7550633fb3aea514f783f3db1fa655a6d3f49850b10857e6afc,float64,auroc,ood_metric/auroc_id_positive,OOD-1,primary,up,id_train,id_test_vs_mnist,detector_declared,detector/ctm_prototype_cosine,mnist,0.03412564714285726,0.04853266999999983,0.055409311428571306,0.0460225428571428,0.010861590356007981,0.046023 ± 0.010862
C1,sgd,adam,optimizer_a_minus_optimizer_b_seed_matched,188f2e248d512bb338cd5c33c140337ac59206948aa209631ca797a09d4b9eb2,b701f780ad99d469949a985b0472b8d1f26be0545e531d92895b7559ca142328,0.1,0.0005,0.0003,0.0,last,metric_contract_v1.2,c38b09694be88aa74de0741b39e9d3ba0d6ff61a,35a1a66f78dfd6255c4d804586ee6863969be78d21acec5cd0ccf00476ddaa5c,f80984d28ef9a7550633fb3aea514f783f3db1fa655a6d3f49850b10857e6afc,float64,fpr95,ood_metric/fpr95_id_tpr,OOD-4,primary,down,id_train,id_test_vs_mnist,detector_declared,detector/ctm_prototype_cosine,mnist,-0.12647142857142857,-0.19760000000000005,-0.19407142857142856,-0.17271428571428574,0.0400863328533885,-0.172714 ± 0.040086
C1,sgd,adam,optimizer_a_minus_optimizer_b_seed_matched,188f2e248d512bb338cd5c33c140337ac59206948aa209631ca797a09d4b9eb2,b701f780ad99d469949a985b0472b8d1f26be0545e531d92895b7559ca142328,0.1,0.0005,0.0003,0.0,last,metric_contract_v1.2,c38b09694be88aa74de0741b39e9d3ba0d6ff61a,35a1a66f78dfd6255c4d804586ee6863969be78d21acec5cd0ccf00476ddaa5c,f80984d28ef9a7550633fb3aea514f783f3db1fa655a6d3f49850b10857e6afc,float64,aupr_in,ood_metric/aupr_in_openood_auc,OOD-2,primary,up,id_train,id_test_vs_mnist,detector_declared,detector/ctm_prototype_cosine,mnist,0.07450169710460086,0.11789536348147045,0.13741744700064418,0.10993816919557182,0.03220381346864098,0.109938 ± 0.032204
C1,sgd,adam,optimizer_a_minus_optimizer_b_seed_matched,188f2e248d512bb338cd5c33c140337ac59206948aa209631ca797a09d4b9eb2,b701f780ad99d469949a985b0472b8d1f26be0545e531d92895b7559ca142328,0.1,0.0005,0.0003,0.0,last,metric_contract_v1.2,c38b09694be88aa74de0741b39e9d3ba0d6ff61a,35a1a66f78dfd6255c4d804586ee6863969be78d21acec5cd0ccf00476ddaa5c,f80984d28ef9a7550633fb3aea514f783f3db1fa655a6d3f49850b10857e6afc,float64,aupr_out,ood_metric/aupr_out_openood_auc,OOD-3,primary,up,id_train,id_test_vs_mnist,detector_declared,detector/ctm_prototype_cosine,mnist,0.007756098895966068,0.011594926903124358,0.013170424645483902,0.010840483481524776,0.002784891288321526,0.010840 ± 0.002785
C1,sgd,adam,optimizer_a_minus_optimizer_b_seed_matched,188f2e248d512bb338cd5c33c140337ac59206948aa209631ca797a09d4b9eb2,b701f780ad99d469949a985b0472b8d1f26be0545e531d92895b7559ca142328,0.1,0.0005,0.0003,0.0,last,metric_contract_v1.2,c38b09694be88aa74de0741b39e9d3ba0d6ff61a,35a1a66f78dfd6255c4d804586ee6863969be78d21acec5cd0ccf00476ddaa5c,f80984d28ef9a7550633fb3aea514f783f3db1fa655a6d3f49850b10857e6afc,float64,auroc,ood_metric/auroc_id_positive,OOD-1,primary,up,id_train,id_test_vs_mnist,detector_declared,detector/knn_l2_k50,mnist,0.030925629999999926,0.03849565857142867,0.044703519999999886,0.03804160285714283,0.006900158560263774,0.038042 ± 0.006900
C1,sgd,adam,optimizer_a_minus_optimizer_b_seed_matched,188f2e248d512bb338cd5c33c140337ac59206948aa209631ca797a09d4b9eb2,b701f780ad99d469949a985b0472b8d1f26be0545e531d92895b7559ca142328,0.1,0.0005,0.0003,0.0,last,metric_contract_v1.2,c38b09694be88aa74de0741b39e9d3ba0d6ff61a,35a1a66f78dfd6255c4d804586ee6863969be78d21acec5cd0ccf00476ddaa5c,f80984d28ef9a7550633fb3aea514f783f3db1fa655a6d3f49850b10857e6afc,float64,fpr95,ood_metric/fpr95_id_tpr,OOD-4,primary,down,id_train,id_test_vs_mnist,detector_declared,detector/knn_l2_k50,mnist,-0.13297142857142857,-0.17645714285714287,-0.18984285714285715,-0.16642380952380953,0.029733662409331767,-0.166424 ± 0.029734
C1,sgd,adam,optimizer_a_minus_optimizer_b_seed_matched,188f2e248d512bb338cd5c33c140337ac59206948aa209631ca797a09d4b9eb2,b701f780ad99d469949a985b0472b8d1f26be0545e531d92895b7559ca142328,0.1,0.0005,0.0003,0.0,last,metric_contract_v1.2,c38b09694be88aa74de0741b39e9d3ba0d6ff61a,35a1a66f78dfd6255c4d804586ee6863969be78d21acec5cd0ccf00476ddaa5c,f80984d28ef9a7550633fb3aea514f783f3db1fa655a6d3f49850b10857e6afc,float64,aupr_in,ood_metric/aupr_in_openood_auc,OOD-2,primary,up,id_train,id_test_vs_mnist,detector_declared,detector/knn_l2_k50,mnist,0.07211467998509358,0.09975054482090628,0.10437890532513627,0.0920813767103787,0.017445835142775857,0.092081 ± 0.017446
C1,sgd,adam,optimizer_a_minus_optimizer_b_seed_matched,188f2e248d512bb338cd5c33c140337ac59206948aa209631ca797a09d4b9eb2,b701f780ad99d469949a985b0472b8d1f26be0545e531d92895b7559ca142328,0.1,0.0005,0.0003,0.0,last,metric_contract_v1.2,c38b09694be88aa74de0741b39e9d3ba0d6ff61a,35a1a66f78dfd6255c4d804586ee6863969be78d21acec5cd0ccf00476ddaa5c,f80984d28ef9a7550633fb3aea514f783f3db1fa655a6d3f49850b10857e6afc,float64,aupr_out,ood_metric/aupr_out_openood_auc,OOD-3,primary,up,id_train,id_test_vs_mnist,detector_declared,detector/knn_l2_k50,mnist,0.007319464525089803,0.008668807769047437,0.010425782245188087,0.008804684846441776,0.0015576101500921436,0.008805 ± 0.001558
C1,sgd,adam,optimizer_a_minus_optimizer_b_seed_matched,188f2e248d512bb338cd5c33c140337ac59206948aa209631ca797a09d4b9eb2,b701f780ad99d469949a985b0472b8d1f26be0545e531d92895b7559ca142328,0.1,0.0005,0.0003,0.0,last,metric_contract_v1.2,c38b09694be88aa74de0741b39e9d3ba0d6ff61a,35a1a66f78dfd6255c4d804586ee6863969be78d21acec5cd0ccf00476ddaa5c,f80984d28ef9a7550633fb3aea514f783f3db1fa655a6d3f49850b10857e6afc,float64,auroc,ood_metric/auroc_id_positive,OOD-1,primary,up,id_train,id_test_vs_mnist,detector_declared,detector/mahalanobis_pp,mnist,0.04675151285714296,0.05165739285714277,0.0604280328571426,0.05294564619047611,0.006928672117782083,0.052946 ± 0.006929
C1,sgd,adam,optimizer_a_minus_optimizer_b_seed_matched,188f2e248d512bb338cd5c33c140337ac59206948aa209631ca797a09d4b9eb2,b701f780ad99d469949a985b0472b8d1f26be0545e531d92895b7559ca142328,0.1,0.0005,0.0003,0.0,last,metric_contract_v1.2,c38b09694be88aa74de0741b39e9d3ba0d6ff61a,35a1a66f78dfd6255c4d804586ee6863969be78d21acec5cd0ccf00476ddaa5c,f80984d28ef9a7550633fb3aea514f783f3db1fa655a6d3f49850b10857e6afc,float64,fpr95,ood_metric/fpr95_id_tpr,OOD-4,primary,down,id_train,id_test_vs_mnist,detector_declared,detector/mahalanobis_pp,mnist,-0.2896714285714286,-0.3111428571428571,-0.3126714285714286,-0.3044952380952381,0.012860526009915012,-0.304495 ± 0.012861
C1,sgd,adam,optimizer_a_minus_optimizer_b_seed_matched,188f2e248d512bb338cd5c33c140337ac59206948aa209631ca797a09d4b9eb2,b701f780ad99d469949a985b0472b8d1f26be0545e531d92895b7559ca142328,0.1,0.0005,0.0003,0.0,last,metric_contract_v1.2,c38b09694be88aa74de0741b39e9d3ba0d6ff61a,35a1a66f78dfd6255c4d804586ee6863969be78d21acec5cd0ccf00476ddaa5c,f80984d28ef9a7550633fb3aea514f783f3db1fa655a6d3f49850b10857e6afc,float64,aupr_in,ood_metric/aupr_in_openood_auc,OOD-2,primary,up,id_train,id_test_vs_mnist,detector_declared,detector/mahalanobis_pp,mnist,0.09642397914243483,0.07600471136014897,0.12987903493564712,0.10076924181274365,0.0271987438300899,0.100769 ± 0.027199
C1,sgd,adam,optimizer_a_minus_optimizer_b_seed_matched,188f2e248d512bb338cd5c33c140337ac59206948aa209631ca797a09d4b9eb2,b701f780ad99d469949a985b0472b8d1f26be0545e531d92895b7559ca142328,0.1,0.0005,0.0003,0.0,last,metric_contract_v1.2,c38b09694be88aa74de0741b39e9d3ba0d6ff61a,35a1a66f78dfd6255c4d804586ee6863969be78d21acec5cd0ccf00476ddaa5c,f80984d28ef9a7550633fb3aea514f783f3db1fa655a6d3f49850b10857e6afc,float64,aupr_out,ood_metric/aupr_out_openood_auc,OOD-3,primary,up,id_train,id_test_vs_mnist,detector_declared,detector/mahalanobis_pp,mnist,0.011626503757419582,0.013188891274341863,0.013181261728961724,0.012665552253574389,0.0008998504795308234,0.012666 ± 0.000900
C1,sgd,adam,optimizer_a_minus_optimizer_b_seed_matched,188f2e248d512bb338cd5c33c140337ac59206948aa209631ca797a09d4b9eb2,b701f780ad99d469949a985b0472b8d1f26be0545e531d92895b7559ca142328,0.1,0.0005,0.0003,0.0,last,metric_contract_v1.2,c38b09694be88aa74de0741b39e9d3ba0d6ff61a,35a1a66f78dfd6255c4d804586ee6863969be78d21acec5cd0ccf00476ddaa5c,f80984d28ef9a7550633fb3aea514f783f3db1fa655a6d3f49850b10857e6afc,float64,auroc,ood_metric/auroc_id_positive,OOD-1,primary,up,id_train,id_test_vs_mnist,detector_declared,detector/mahalanobis_raw,mnist,0.2887716342857143,0.3700249700000001,0.24454993857142848,0.3011155142857143,0.06364176622384911,0.301116 ± 0.063642
C1,sgd,adam,optimizer_a_minus_optimizer_b_seed_matched,188f2e248d512bb338cd5c33c140337ac59206948aa209631ca797a09d4b9eb2,b701f780ad99d469949a985b0472b8d1f26be0545e531d92895b7559ca142328,0.1,0.0005,0.0003,0.0,last,metric_contract_v1.2,c38b09694be88aa74de0741b39e9d3ba0d6ff61a,35a1a66f78dfd6255c4d804586ee6863969be78d21acec5cd0ccf00476ddaa5c,f80984d28ef9a7550633fb3aea514f783f3db1fa655a6d3f49850b10857e6afc,float64,fpr95,ood_metric/fpr95_id_tpr,OOD-4,primary,down,id_train,id_test_vs_mnist,detector_declared,detector/mahalanobis_raw,mnist,-0.49434285714285714,-0.35988571428571425,-0.4100571428571429,-0.42142857142857143,0.06794602900201643,-0.421429 ± 0.067946
C1,sgd,adam,optimizer_a_minus_optimizer_b_seed_matched,188f2e248d512bb338cd5c33c140337ac59206948aa209631ca797a09d4b9eb2,b701f780ad99d469949a985b0472b8d1f26be0545e531d92895b7559ca142328,0.1,0.0005,0.0003,0.0,last,metric_contract_v1.2,c38b09694be88aa74de0741b39e9d3ba0d6ff61a,35a1a66f78dfd6255c4d804586ee6863969be78d21acec5cd0ccf00476ddaa5c,f80984d28ef9a7550633fb3aea514f783f3db1fa655a6d3f49850b10857e6afc,float64,aupr_in,ood_metric/aupr_in_openood_auc,OOD-2,primary,up,id_train,id_test_vs_mnist,detector_declared,detector/mahalanobis_raw,mnist,0.49294974722131346,0.5248921554090002,0.4431178836104337,0.4869865954135825,0.0412119796498299,0.486987 ± 0.041212
C1,sgd,adam,optimizer_a_minus_optimizer_b_seed_matched,188f2e248d512bb338cd5c33c140337ac59206948aa209631ca797a09d4b9eb2,b701f780ad99d469949a985b0472b8d1f26be0545e531d92895b7559ca142328,0.1,0.0005,0.0003,0.0,last,metric_contract_v1.2,c38b09694be88aa74de0741b39e9d3ba0d6ff61a,35a1a66f78dfd6255c4d804586ee6863969be78d21acec5cd0ccf00476ddaa5c,f80984d28ef9a7550633fb3aea514f783f3db1fa655a6d3f49850b10857e6afc,float64,aupr_out,ood_metric/aupr_out_openood_auc,OOD-3,primary,up,id_train,id_test_vs_mnist,detector_declared,detector/mahalanobis_raw,mnist,0.08416084488329101,0.11998771372844086,0.0632493124518364,0.08913262368785609,0.02869408446382964,0.089133 ± 0.028694
C1,sgd,adam,optimizer_a_minus_optimizer_b_seed_matched,188f2e248d512bb338cd5c33c140337ac59206948aa209631ca797a09d4b9eb2,b701f780ad99d469949a985b0472b8d1f26be0545e531d92895b7559ca142328,0.1,0.0005,0.0003,0.0,last,metric_contract_v1.2,c38b09694be88aa74de0741b39e9d3ba0d6ff61a,35a1a66f78dfd6255c4d804586ee6863969be78d21acec5cd0ccf00476ddaa5c,f80984d28ef9a7550633fb3aea514f783f3db1fa655a6d3f49850b10857e6afc,float64,auroc,ood_metric/auroc_id_positive,OOD-1,primary,up,id_train,id_test_vs_mnist,detector_declared,detector/neco_author_std_dim100,mnist,0.037750911428571565,0.04131734999999981,0.03198669428571421,0.03701831857142853,0.004708269664684188,0.037018 ± 0.004708
C1,sgd,adam,optimizer_a_minus_optimizer_b_seed_matched,188f2e248d512bb338cd5c33c140337ac59206948aa209631ca797a09d4b9eb2,b701f780ad99d469949a985b0472b8d1f26be0545e531d92895b7559ca142328,0.1,0.0005,0.0003,0.0,last,metric_contract_v1.2,c38b09694be88aa74de0741b39e9d3ba0d6ff61a,35a1a66f78dfd6255c4d804586ee6863969be78d21acec5cd0ccf00476ddaa5c,f80984d28ef9a7550633fb3aea514f783f3db1fa655a6d3f49850b10857e6afc,float64,fpr95,ood_metric/fpr95_id_tpr,OOD-4,primary,down,id_train,id_test_vs_mnist,detector_declared,detector/neco_author_std_dim100,mnist,-0.2997285714285714,-0.3648,-0.23712857142857144,-0.30055238095238096,0.06383970093105062,-0.300552 ± 0.063840
C1,sgd,adam,optimizer_a_minus_optimizer_b_seed_matched,188f2e248d512bb338cd5c33c140337ac59206948aa209631ca797a09d4b9eb2,b701f780ad99d469949a985b0472b8d1f26be0545e531d92895b7559ca142328,0.1,0.0005,0.0003,0.0,last,metric_contract_v1.2,c38b09694be88aa74de0741b39e9d3ba0d6ff61a,35a1a66f78dfd6255c4d804586ee6863969be78d21acec5cd0ccf00476ddaa5c,f80984d28ef9a7550633fb3aea514f783f3db1fa655a6d3f49850b10857e6afc,float64,aupr_in,ood_metric/aupr_in_openood_auc,OOD-2,primary,up,id_train,id_test_vs_mnist,detector_declared,detector/neco_author_std_dim100,mnist,0.047765467078963786,0.027981684151365482,0.03939881541814749,0.03838198888282559,0.009931010466401876,0.038382 ± 0.009931
C1,sgd,adam,optimizer_a_minus_optimizer_b_seed_matched,188f2e248d512bb338cd5c33c140337ac59206948aa209631ca797a09d4b9eb2,b701f780ad99d469949a985b0472b8d1f26be0545e531d92895b7559ca142328,0.1,0.0005,0.0003,0.0,last,metric_contract_v1.2,c38b09694be88aa74de0741b39e9d3ba0d6ff61a,35a1a66f78dfd6255c4d804586ee6863969be78d21acec5cd0ccf00476ddaa5c,f80984d28ef9a7550633fb3aea514f783f3db1fa655a6d3f49850b10857e6afc,float64,aupr_out,ood_metric/aupr_out_openood_auc,OOD-3,primary,up,id_train,id_test_vs_mnist,detector_declared,detector/neco_author_std_dim100,mnist,0.01386930643612938,0.014710966848168416,0.010886484339552083,0.013155585874616627,0.0020096552924874036,0.013156 ± 0.002010
C1,sgd,adam,optimizer_a_minus_optimizer_b_seed_matched,188f2e248d512bb338cd5c33c140337ac59206948aa209631ca797a09d4b9eb2,b701f780ad99d469949a985b0472b8d1f26be0545e531d92895b7559ca142328,0.1,0.0005,0.0003,0.0,last,metric_contract_v1.2,c38b09694be88aa74de0741b39e9d3ba0d6ff61a,35a1a66f78dfd6255c4d804586ee6863969be78d21acec5cd0ccf00476ddaa5c,f80984d28ef9a7550633fb3aea514f783f3db1fa655a6d3f49850b10857e6afc,float64,auroc,ood_metric/auroc_id_positive,OOD-1,primary,up,id_train,id_test_vs_mnist,detector_declared,detector/relative_mahalanobis_pp,mnist,0.032613121428571534,0.03296520000000003,0.04094807714285731,0.03550879952380962,0.004713840853584217,0.035509 ± 0.004714
C1,sgd,adam,optimizer_a_minus_optimizer_b_seed_matched,188f2e248d512bb338cd5c33c140337ac59206948aa209631ca797a09d4b9eb2,b701f780ad99d469949a985b0472b8d1f26be0545e531d92895b7559ca142328,0.1,0.0005,0.0003,0.0,last,metric_contract_v1.2,c38b09694be88aa74de0741b39e9d3ba0d6ff61a,35a1a66f78dfd6255c4d804586ee6863969be78d21acec5cd0ccf00476ddaa5c,f80984d28ef9a7550633fb3aea514f783f3db1fa655a6d3f49850b10857e6afc,float64,fpr95,ood_metric/fpr95_id_tpr,OOD-4,primary,down,id_train,id_test_vs_mnist,detector_declared,detector/relative_mahalanobis_pp,mnist,-0.11827142857142853,-0.11238571428571431,-0.10954285714285716,-0.1134,0.004451805412253674,-0.113400 ± 0.004452
C1,sgd,adam,optimizer_a_minus_optimizer_b_seed_matched,188f2e248d512bb338cd5c33c140337ac59206948aa209631ca797a09d4b9eb2,b701f780ad99d469949a985b0472b8d1f26be0545e531d92895b7559ca142328,0.1,0.0005,0.0003,0.0,last,metric_contract_v1.2,c38b09694be88aa74de0741b39e9d3ba0d6ff61a,35a1a66f78dfd6255c4d804586ee6863969be78d21acec5cd0ccf00476ddaa5c,f80984d28ef9a7550633fb3aea514f783f3db1fa655a6d3f49850b10857e6afc,float64,aupr_in,ood_metric/aupr_in_openood_auc,OOD-2,primary,up,id_train,id_test_vs_mnist,detector_declared,detector/relative_mahalanobis_pp,mnist,0.10807865860590116,0.12681900251225675,0.1621385549658071,0.13234540536132167,0.027450390615591562,0.132345 ± 0.027450
C1,sgd,adam,optimizer_a_minus_optimizer_b_seed_matched,188f2e248d512bb338cd5c33c140337ac59206948aa209631ca797a09d4b9eb2,b701f780ad99d469949a985b0472b8d1f26be0545e531d92895b7559ca142328,0.1,0.0005,0.0003,0.0,last,metric_contract_v1.2,c38b09694be88aa74de0741b39e9d3ba0d6ff61a,35a1a66f78dfd6255c4d804586ee6863969be78d21acec5cd0ccf00476ddaa5c,f80984d28ef9a7550633fb3aea514f783f3db1fa655a6d3f49850b10857e6afc,float64,aupr_out,ood_metric/aupr_out_openood_auc,OOD-3,primary,up,id_train,id_test_vs_mnist,detector_declared,detector/relative_mahalanobis_pp,mnist,0.007184161261411859,0.0061556196679811714,0.007625191678488741,0.006988324202627257,0.0007541051575953234,0.006988 ± 0.000754
C1,sgd,adam,optimizer_a_minus_optimizer_b_seed_matched,188f2e248d512bb338cd5c33c140337ac59206948aa209631ca797a09d4b9eb2,b701f780ad99d469949a985b0472b8d1f26be0545e531d92895b7559ca142328,0.1,0.0005,0.0003,0.0,last,metric_contract_v1.2,c38b09694be88aa74de0741b39e9d3ba0d6ff61a,35a1a66f78dfd6255c4d804586ee6863969be78d21acec5cd0ccf00476ddaa5c,f80984d28ef9a7550633fb3aea514f783f3db1fa655a6d3f49850b10857e6afc,float64,auroc,ood_metric/auroc_id_positive,OOD-1,primary,up,id_train,id_test_vs_mnist,detector_declared,detector/relative_mahalanobis_raw,mnist,0.021664292857142775,0.017048628571428637,0.03428218428571439,0.024331701904761933,0.008921051726665314,0.024332 ± 0.008921
C1,sgd,adam,optimizer_a_minus_optimizer_b_seed_matched,188f2e248d512bb338cd5c33c140337ac59206948aa209631ca797a09d4b9eb2,b701f780ad99d469949a985b0472b8d1f26be0545e531d92895b7559ca142328,0.1,0.0005,0.0003,0.0,last,metric_contract_v1.2,c38b09694be88aa74de0741b39e9d3ba0d6ff61a,35a1a66f78dfd6255c4d804586ee6863969be78d21acec5cd0ccf00476ddaa5c,f80984d28ef9a7550633fb3aea514f783f3db1fa655a6d3f49850b10857e6afc,float64,fpr95,ood_metric/fpr95_id_tpr,OOD-4,primary,down,id_train,id_test_vs_mnist,detector_declared,detector/relative_mahalanobis_raw,mnist,-0.06377142857142859,-0.03988571428571425,-0.11194285714285712,-0.07186666666666665,0.03670432697990278,-0.071867 ± 0.036704
C1,sgd,adam,optimizer_a_minus_optimizer_b_seed_matched,188f2e248d512bb338cd5c33c140337ac59206948aa209631ca797a09d4b9eb2,b701f780ad99d469949a985b0472b8d1f26be0545e531d92895b7559ca142328,0.1,0.0005,0.0003,0.0,last,metric_contract_v1.2,c38b09694be88aa74de0741b39e9d3ba0d6ff61a,35a1a66f78dfd6255c4d804586ee6863969be78d21acec5cd0ccf00476ddaa5c,f80984d28ef9a7550633fb3aea514f783f3db1fa655a6d3f49850b10857e6afc,float64,aupr_in,ood_metric/aupr_in_openood_auc,OOD-2,primary,up,id_train,id_test_vs_mnist,detector_declared,detector/relative_mahalanobis_raw,mnist,0.08286502785868655,0.09071744923869929,0.1511736285366828,0.10825203521135622,0.037377968250974544,0.108252 ± 0.037378
C1,sgd,adam,optimizer_a_minus_optimizer_b_seed_matched,188f2e248d512bb338cd5c33c140337ac59206948aa209631ca797a09d4b9eb2,b701f780ad99d469949a985b0472b8d1f26be0545e531d92895b7559ca142328,0.1,0.0005,0.0003,0.0,last,metric_contract_v1.2,c38b09694be88aa74de0741b39e9d3ba0d6ff61a,35a1a66f78dfd6255c4d804586ee6863969be78d21acec5cd0ccf00476ddaa5c,f80984d28ef9a7550633fb3aea514f783f3db1fa655a6d3f49850b10857e6afc,float64,aupr_out,ood_metric/aupr_out_openood_auc,OOD-3,primary,up,id_train,id_test_vs_mnist,detector_declared,detector/relative_mahalanobis_raw,mnist,0.004333584643827604,0.002176014225290568,0.006209969834647944,0.004239856234588705,0.002018610469008397,0.004240 ± 0.002019
C1,sgd,adam,optimizer_a_minus_optimizer_b_seed_matched,188f2e248d512bb338cd5c33c140337ac59206948aa209631ca797a09d4b9eb2,b701f780ad99d469949a985b0472b8d1f26be0545e531d92895b7559ca142328,0.1,0.0005,0.0003,0.0,last,metric_contract_v1.2,c38b09694be88aa74de0741b39e9d3ba0d6ff61a,35a1a66f78dfd6255c4d804586ee6863969be78d21acec5cd0ccf00476ddaa5c,f80984d28ef9a7550633fb3aea514f783f3db1fa655a6d3f49850b10857e6afc,float64,auroc,ood_metric/auroc_id_positive,OOD-1,primary,up,id_train,id_test_vs_mnist,detector_declared,detector/vim_author_dim,mnist,0.04716212999999969,0.04718355857142864,0.04825834571428578,0.04753467809523804,0.0006268061207917812,0.047535 ± 0.000627
C1,sgd,adam,optimizer_a_minus_optimizer_b_seed_matched,188f2e248d512bb338cd5c33c140337ac59206948aa209631ca797a09d4b9eb2,b701f780ad99d469949a985b0472b8d1f26be0545e531d92895b7559ca142328,0.1,0.0005,0.0003,0.0,last,metric_contract_v1.2,c38b09694be88aa74de0741b39e9d3ba0d6ff61a,35a1a66f78dfd6255c4d804586ee6863969be78d21acec5cd0ccf00476ddaa5c,f80984d28ef9a7550633fb3aea514f783f3db1fa655a6d3f49850b10857e6afc,float64,fpr95,ood_metric/fpr95_id_tpr,OOD-4,primary,down,id_train,id_test_vs_mnist,detector_declared,detector/vim_author_dim,mnist,-0.33840000000000003,-0.3361285714285714,-0.32002857142857144,-0.3315190476190476,0.010015644225495461,-0.331519 ± 0.010016
C1,sgd,adam,optimizer_a_minus_optimizer_b_seed_matched,188f2e248d512bb338cd5c33c140337ac59206948aa209631ca797a09d4b9eb2,b701f780ad99d469949a985b0472b8d1f26be0545e531d92895b7559ca142328,0.1,0.0005,0.0003,0.0,last,metric_contract_v1.2,c38b09694be88aa74de0741b39e9d3ba0d6ff61a,35a1a66f78dfd6255c4d804586ee6863969be78d21acec5cd0ccf00476ddaa5c,f80984d28ef9a7550633fb3aea514f783f3db1fa655a6d3f49850b10857e6afc,float64,aupr_in,ood_metric/aupr_in_openood_auc,OOD-2,primary,up,id_train,id_test_vs_mnist,detector_declared,detector/vim_author_dim,mnist,0.07022261260567197,0.05558455297373688,0.08061473785128803,0.06880730114356563,0.012574969926491866,0.068807 ± 0.012575
C1,sgd,adam,optimizer_a_minus_optimizer_b_seed_matched,188f2e248d512bb338cd5c33c140337ac59206948aa209631ca797a09d4b9eb2,b701f780ad99d469949a985b0472b8d1f26be0545e531d92895b7559ca142328,0.1,0.0005,0.0003,0.0,last,metric_contract_v1.2,c38b09694be88aa74de0741b39e9d3ba0d6ff61a,35a1a66f78dfd6255c4d804586ee6863969be78d21acec5cd0ccf00476ddaa5c,f80984d28ef9a7550633fb3aea514f783f3db1fa655a6d3f49850b10857e6afc,float64,aupr_out,ood_metric/aupr_out_openood_auc,OOD-3,primary,up,id_train,id_test_vs_mnist,detector_declared,detector/vim_author_dim,mnist,0.0147960923160525,0.01700916318451362,0.012687458192364387,0.014830904564310169,0.002161062800860601,0.014831 ± 0.002161
C1,sgd,adam,optimizer_a_minus_optimizer_b_seed_matched,188f2e248d512bb338cd5c33c140337ac59206948aa209631ca797a09d4b9eb2,b701f780ad99d469949a985b0472b8d1f26be0545e531d92895b7559ca142328,0.1,0.0005,0.0003,0.0,last,metric_contract_v1.2,c38b09694be88aa74de0741b39e9d3ba0d6ff61a,35a1a66f78dfd6255c4d804586ee6863969be78d21acec5cd0ccf00476ddaa5c,f80984d28ef9a7550633fb3aea514f783f3db1fa655a6d3f49850b10857e6afc,float64,auroc,ood_metric/auroc_id_positive,OOD-1,primary,up,,id_test_vs_mnist,detector_declared,ood_score/energy_t1,mnist,0.008931017142857045,0.0028957700000001863,0.01726920285714273,0.00969866333333332,0.007217399360573777,0.009699 ± 0.007217
C1,sgd,adam,optimizer_a_minus_optimizer_b_seed_matched,188f2e248d512bb338cd5c33c140337ac59206948aa209631ca797a09d4b9eb2,b701f780ad99d469949a985b0472b8d1f26be0545e531d92895b7559ca142328,0.1,0.0005,0.0003,0.0,last,metric_contract_v1.2,c38b09694be88aa74de0741b39e9d3ba0d6ff61a,35a1a66f78dfd6255c4d804586ee6863969be78d21acec5cd0ccf00476ddaa5c,f80984d28ef9a7550633fb3aea514f783f3db1fa655a6d3f49850b10857e6afc,float64,fpr95,ood_metric/fpr95_id_tpr,OOD-4,primary,down,,id_test_vs_mnist,detector_declared,ood_score/energy_t1,mnist,-0.12321428571428567,-0.07282857142857144,-0.14712857142857141,-0.11439047619047617,0.03792778942786348,-0.114390 ± 0.037928
C1,sgd,adam,optimizer_a_minus_optimizer_b_seed_matched,188f2e248d512bb338cd5c33c140337ac59206948aa209631ca797a09d4b9eb2,b701f780ad99d469949a985b0472b8d1f26be0545e531d92895b7559ca142328,0.1,0.0005,0.0003,0.0,last,metric_contract_v1.2,c38b09694be88aa74de0741b39e9d3ba0d6ff61a,35a1a66f78dfd6255c4d804586ee6863969be78d21acec5cd0ccf00476ddaa5c,f80984d28ef9a7550633fb3aea514f783f3db1fa655a6d3f49850b10857e6afc,float64,aupr_in,ood_metric/aupr_in_openood_auc,OOD-2,primary,up,,id_test_vs_mnist,detector_declared,ood_score/energy_t1,mnist,-0.033472616153583545,-0.049546677864014566,-0.023023778315768295,-0.0353476907777888,0.013360500692202536,-0.035348 ± 0.013361
C1,sgd,adam,optimizer_a_minus_optimizer_b_seed_matched,188f2e248d512bb338cd5c33c140337ac59206948aa209631ca797a09d4b9eb2,b701f780ad99d469949a985b0472b8d1f26be0545e531d92895b7559ca142328,0.1,0.0005,0.0003,0.0,last,metric_contract_v1.2,c38b09694be88aa74de0741b39e9d3ba0d6ff61a,35a1a66f78dfd6255c4d804586ee6863969be78d21acec5cd0ccf00476ddaa5c,f80984d28ef9a7550633fb3aea514f783f3db1fa655a6d3f49850b10857e6afc,float64,aupr_out,ood_metric/aupr_out_openood_auc,OOD-3,primary,up,,id_test_vs_mnist,detector_declared,ood_score/energy_t1,mnist,0.00417371819132073,0.0021678759785312973,0.006530306213239134,0.004290633461030387,0.0021835638926744807,0.004291 ± 0.002184
C1,sgd,adam,optimizer_a_minus_optimizer_b_seed_matched,188f2e248d512bb338cd5c33c140337ac59206948aa209631ca797a09d4b9eb2,b701f780ad99d469949a985b0472b8d1f26be0545e531d92895b7559ca142328,0.1,0.0005,0.0003,0.0,last,metric_contract_v1.2,c38b09694be88aa74de0741b39e9d3ba0d6ff61a,35a1a66f78dfd6255c4d804586ee6863969be78d21acec5cd0ccf00476ddaa5c,f80984d28ef9a7550633fb3aea514f783f3db1fa655a6d3f49850b10857e6afc,float64,auroc,ood_metric/auroc_id_positive,OOD-1,primary,up,,id_test_vs_mnist,detector_declared,ood_score/max_logit,mnist,0.008079194285714353,0.0023015521428572105,0.01644219428571425,0.008940980238095272,0.007109602402657757,0.008941 ± 0.007110
C1,sgd,adam,optimizer_a_minus_optimizer_b_seed_matched,188f2e248d512bb338cd5c33c140337ac59206948aa209631ca797a09d4b9eb2,b701f780ad99d469949a985b0472b8d1f26be0545e531d92895b7559ca142328,0.1,0.0005,0.0003,0.0,last,metric_contract_v1.2,c38b09694be88aa74de0741b39e9d3ba0d6ff61a,35a1a66f78dfd6255c4d804586ee6863969be78d21acec5cd0ccf00476ddaa5c,f80984d28ef9a7550633fb3aea514f783f3db1fa655a6d3f49850b10857e6afc,float64,fpr95,ood_metric/fpr95_id_tpr,OOD-4,primary,down,,id_test_vs_mnist,detector_declared,ood_score/max_logit,mnist,-0.11148571428571424,-0.07001428571428572,-0.14725714285714286,-0.10958571428571429,0.038656464464536314,-0.109586 ± 0.038656
C1,sgd,adam,optimizer_a_minus_optimizer_b_seed_matched,188f2e248d512bb338cd5c33c140337ac59206948aa209631ca797a09d4b9eb2,b701f780ad99d469949a985b0472b8d1f26be0545e531d92895b7559ca142328,0.1,0.0005,0.0003,0.0,last,metric_contract_v1.2,c38b09694be88aa74de0741b39e9d3ba0d6ff61a,35a1a66f78dfd6255c4d804586ee6863969be78d21acec5cd0ccf00476ddaa5c,f80984d28ef9a7550633fb3aea514f783f3db1fa655a6d3f49850b10857e6afc,float64,aupr_in,ood_metric/aupr_in_openood_auc,OOD-2,primary,up,,id_test_vs_mnist,detector_declared,ood_score/max_logit,mnist,-0.03398244467478828,-0.04990312686120146,-0.023541826534768995,-0.03580913269025291,0.013275245028038982,-0.035809 ± 0.013275
C1,sgd,adam,optimizer_a_minus_optimizer_b_seed_matched,188f2e248d512bb338cd5c33c140337ac59206948aa209631ca797a09d4b9eb2,b701f780ad99d469949a985b0472b8d1f26be0545e531d92895b7559ca142328,0.1,0.0005,0.0003,0.0,last,metric_contract_v1.2,c38b09694be88aa74de0741b39e9d3ba0d6ff61a,35a1a66f78dfd6255c4d804586ee6863969be78d21acec5cd0ccf00476ddaa5c,f80984d28ef9a7550633fb3aea514f783f3db1fa655a6d3f49850b10857e6afc,float64,aupr_out,ood_metric/aupr_out_openood_auc,OOD-3,primary,up,,id_test_vs_mnist,detector_declared,ood_score/max_logit,mnist,0.0037071018381934495,0.001953142391445284,0.006058731334832146,0.00390632518815696,0.0020600321843100232,0.003906 ± 0.002060
C1,sgd,adam,optimizer_a_minus_optimizer_b_seed_matched,188f2e248d512bb338cd5c33c140337ac59206948aa209631ca797a09d4b9eb2,b701f780ad99d469949a985b0472b8d1f26be0545e531d92895b7559ca142328,0.1,0.0005,0.0003,0.0,last,metric_contract_v1.2,c38b09694be88aa74de0741b39e9d3ba0d6ff61a,35a1a66f78dfd6255c4d804586ee6863969be78d21acec5cd0ccf00476ddaa5c,f80984d28ef9a7550633fb3aea514f783f3db1fa655a6d3f49850b10857e6afc,float64,auroc,ood_metric/auroc_id_positive,OOD-1,primary,up,,id_test_vs_mnist,detector_declared,ood_score/msp,mnist,0.01782386285714288,0.01753932857142837,0.03175220000000012,0.022371797142857124,0.00812491281563434,0.022372 ± 0.008125
C1,sgd,adam,optimizer_a_minus_optimizer_b_seed_matched,188f2e248d512bb338cd5c33c140337ac59206948aa209631ca797a09d4b9eb2,b701f780ad99d469949a985b0472b8d1f26be0545e531d92895b7559ca142328,0.1,0.0005,0.0003,0.0,last,metric_contract_v1.2,c38b09694be88aa74de0741b39e9d3ba0d6ff61a,35a1a66f78dfd6255c4d804586ee6863969be78d21acec5cd0ccf00476ddaa5c,f80984d28ef9a7550633fb3aea514f783f3db1fa655a6d3f49850b10857e6afc,float64,fpr95,ood_metric/fpr95_id_tpr,OOD-4,primary,down,,id_test_vs_mnist,detector_declared,ood_score/msp,mnist,-0.11134285714285719,-0.1351,-0.17802857142857148,-0.14149047619047622,0.03379903492564192,-0.141490 ± 0.033799
C1,sgd,adam,optimizer_a_minus_optimizer_b_seed_matched,188f2e248d512bb338cd5c33c140337ac59206948aa209631ca797a09d4b9eb2,b701f780ad99d469949a985b0472b8d1f26be0545e531d92895b7559ca142328,0.1,0.0005,0.0003,0.0,last,metric_contract_v1.2,c38b09694be88aa74de0741b39e9d3ba0d6ff61a,35a1a66f78dfd6255c4d804586ee6863969be78d21acec5cd0ccf00476ddaa5c,f80984d28ef9a7550633fb3aea514f783f3db1fa655a6d3f49850b10857e6afc,float64,aupr_in,ood_metric/aupr_in_openood_auc,OOD-2,primary,up,,id_test_vs_mnist,detector_declared,ood_score/msp,mnist,0.0038566481906070482,-0.005962641585347761,0.03929593396157749,0.012396646855612259,0.02380721210122897,0.012397 ± 0.023807
C1,sgd,adam,optimizer_a_minus_optimizer_b_seed_matched,188f2e248d512bb338cd5c33c140337ac59206948aa209631ca797a09d4b9eb2,b701f780ad99d469949a985b0472b8d1f26be0545e531d92895b7559ca142328,0.1,0.0005,0.0003,0.0,last,metric_contract_v1.2,c38b09694be88aa74de0741b39e9d3ba0d6ff61a,35a1a66f78dfd6255c4d804586ee6863969be78d21acec5cd0ccf00476ddaa5c,f80984d28ef9a7550633fb3aea514f783f3db1fa655a6d3f49850b10857e6afc,float64,aupr_out,ood_metric/aupr_out_openood_auc,OOD-3,primary,up,,id_test_vs_mnist,detector_declared,ood_score/msp,mnist,0.005010617419193841,0.005059086118975209,0.008102322060989375,0.006057341866386142,0.0017711706018772536,0.006057 ± 0.001771
C1,sgd,adamw,optimizer_a_minus_optimizer_b_seed_matched,188f2e248d512bb338cd5c33c140337ac59206948aa209631ca797a09d4b9eb2,61d7d1f20bc593cc2d106f24f0343084f56f811c8ebc63c856eaced34c50b65f,0.1,0.0005,0.003,0.1,last,metric_contract_v1.2,c38b09694be88aa74de0741b39e9d3ba0d6ff61a,35a1a66f78dfd6255c4d804586ee6863969be78d21acec5cd0ccf00476ddaa5c,f80984d28ef9a7550633fb3aea514f783f3db1fa655a6d3f49850b10857e6afc,float64,auroc,ood_metric/auroc_id_positive,OOD-1,primary,up,id_train,id_test_vs_mnist,detector_declared,detector/ctm_prototype_cosine,mnist,0.014317889999999944,0.027620392857142906,0.0022234399999998544,0.014720574285714235,0.012703264131019932,0.014721 ± 0.012703
C1,sgd,adamw,optimizer_a_minus_optimizer_b_seed_matched,188f2e248d512bb338cd5c33c140337ac59206948aa209631ca797a09d4b9eb2,61d7d1f20bc593cc2d106f24f0343084f56f811c8ebc63c856eaced34c50b65f,0.1,0.0005,0.003,0.1,last,metric_contract_v1.2,c38b09694be88aa74de0741b39e9d3ba0d6ff61a,35a1a66f78dfd6255c4d804586ee6863969be78d21acec5cd0ccf00476ddaa5c,f80984d28ef9a7550633fb3aea514f783f3db1fa655a6d3f49850b10857e6afc,float64,fpr95,ood_metric/fpr95_id_tpr,OOD-4,primary,down,id_train,id_test_vs_mnist,detector_declared,detector/ctm_prototype_cosine,mnist,-0.019799999999999984,-0.07282857142857146,0.004828571428571404,-0.02926666666666668,0.039684648070973334,-0.029267 ± 0.039685
C1,sgd,adamw,optimizer_a_minus_optimizer_b_seed_matched,188f2e248d512bb338cd5c33c140337ac59206948aa209631ca797a09d4b9eb2,61d7d1f20bc593cc2d106f24f0343084f56f811c8ebc63c856eaced34c50b65f,0.1,0.0005,0.003,0.1,last,metric_contract_v1.2,c38b09694be88aa74de0741b39e9d3ba0d6ff61a,35a1a66f78dfd6255c4d804586ee6863969be78d21acec5cd0ccf00476ddaa5c,f80984d28ef9a7550633fb3aea514f783f3db1fa655a6d3f49850b10857e6afc,float64,aupr_in,ood_metric/aupr_in_openood_auc,OOD-2,primary,up,id_train,id_test_vs_mnist,detector_declared,detector/ctm_prototype_cosine,mnist,0.04177876380768253,0.08153085090889489,-0.0013593562468595666,0.04065008615657262,0.04145662848702314,0.040650 ± 0.041457
C1,sgd,adamw,optimizer_a_minus_optimizer_b_seed_matched,188f2e248d512bb338cd5c33c140337ac59206948aa209631ca797a09d4b9eb2,61d7d1f20bc593cc2d106f24f0343084f56f811c8ebc63c856eaced34c50b65f,0.1,0.0005,0.003,0.1,last,metric_contract_v1.2,c38b09694be88aa74de0741b39e9d3ba0d6ff61a,35a1a66f78dfd6255c4d804586ee6863969be78d21acec5cd0ccf00476ddaa5c,f80984d28ef9a7550633fb3aea514f783f3db1fa655a6d3f49850b10857e6afc,float64,aupr_out,ood_metric/aupr_out_openood_auc,OOD-3,primary,up,id_train,id_test_vs_mnist,detector_declared,detector/ctm_prototype_cosine,mnist,0.0028069675264943417,0.005318882782448742,0.0011946710810450956,0.003106840463329393,0.002078394421947684,0.003107 ± 0.002078
C1,sgd,adamw,optimizer_a_minus_optimizer_b_seed_matched,188f2e248d512bb338cd5c33c140337ac59206948aa209631ca797a09d4b9eb2,61d7d1f20bc593cc2d106f24f0343084f56f811c8ebc63c856eaced34c50b65f,0.1,0.0005,0.003,0.1,last,metric_contract_v1.2,c38b09694be88aa74de0741b39e9d3ba0d6ff61a,35a1a66f78dfd6255c4d804586ee6863969be78d21acec5cd0ccf00476ddaa5c,f80984d28ef9a7550633fb3aea514f783f3db1fa655a6d3f49850b10857e6afc,float64,auroc,ood_metric/auroc_id_positive,OOD-1,primary,up,id_train,id_test_vs_mnist,detector_declared,detector/knn_l2_k50,mnist,0.009204252857143103,0.011470477142857316,0.0022325485714284055,0.007635759523809608,0.0048145570487054526,0.007636 ± 0.004815
C1,sgd,adamw,optimizer_a_minus_optimizer_b_seed_matched,188f2e248d512bb338cd5c33c140337ac59206948aa209631ca797a09d4b9eb2,61d7d1f20bc593cc2d106f24f0343084f56f811c8ebc63c856eaced34c50b65f,0.1,0.0005,0.003,0.1,last,metric_contract_v1.2,c38b09694be88aa74de0741b39e9d3ba0d6ff61a,35a1a66f78dfd6255c4d804586ee6863969be78d21acec5cd0ccf00476ddaa5c,f80984d28ef9a7550633fb3aea514f783f3db1fa655a6d3f49850b10857e6afc,float64,fpr95,ood_metric/fpr95_id_tpr,OOD-4,primary,down,id_train,id_test_vs_mnist,detector_declared,detector/knn_l2_k50,mnist,-0.02715714285714288,-0.034857142857142864,0.006700000000000039,-0.018438095238095236,0.02210803867713419,-0.018438 ± 0.022108
C1,sgd,adamw,optimizer_a_minus_optimizer_b_seed_matched,188f2e248d512bb338cd5c33c140337ac59206948aa209631ca797a09d4b9eb2,61d7d1f20bc593cc2d106f24f0343084f56f811c8ebc63c856eaced34c50b65f,0.1,0.0005,0.003,0.1,last,metric_contract_v1.2,c38b09694be88aa74de0741b39e9d3ba0d6ff61a,35a1a66f78dfd6255c4d804586ee6863969be78d21acec5cd0ccf00476ddaa5c,f80984d28ef9a7550633fb3aea514f783f3db1fa655a6d3f49850b10857e6afc,float64,aupr_in,ood_metric/aupr_in_openood_auc,OOD-2,primary,up,id_train,id_test_vs_mnist,detector_declared,detector/knn_l2_k50,mnist,0.0194842229663863,0.04406797343718094,0.007630465791894747,0.023727554065153995,0.018585676876573507,0.023728 ± 0.018586
C1,sgd,adamw,optimizer_a_minus_optimizer_b_seed_matched,188f2e248d512bb338cd5c33c140337ac59206948aa209631ca797a09d4b9eb2,61d7d1f20bc593cc2d106f24f0343084f56f811c8ebc63c856eaced34c50b65f,0.1,0.0005,0.003,0.1,last,metric_contract_v1.2,c38b09694be88aa74de0741b39e9d3ba0d6ff61a,35a1a66f78dfd6255c4d804586ee6863969be78d21acec5cd0ccf00476ddaa5c,f80984d28ef9a7550633fb3aea514f783f3db1fa655a6d3f49850b10857e6afc,float64,aupr_out,ood_metric/aupr_out_openood_auc,OOD-3,primary,up,id_train,id_test_vs_mnist,detector_declared,detector/knn_l2_k50,mnist,0.0022768428511052985,0.0019873885318612006,0.0007023333718224611,0.0016555215849296534,0.0008380762363515193,0.001656 ± 0.000838
C1,sgd,adamw,optimizer_a_minus_optimizer_b_seed_matched,188f2e248d512bb338cd5c33c140337ac59206948aa209631ca797a09d4b9eb2,61d7d1f20bc593cc2d106f24f0343084f56f811c8ebc63c856eaced34c50b65f,0.1,0.0005,0.003,0.1,last,metric_contract_v1.2,c38b09694be88aa74de0741b39e9d3ba0d6ff61a,35a1a66f78dfd6255c4d804586ee6863969be78d21acec5cd0ccf00476ddaa5c,f80984d28ef9a7550633fb3aea514f783f3db1fa655a6d3f49850b10857e6afc,float64,auroc,ood_metric/auroc_id_positive,OOD-1,primary,up,id_train,id_test_vs_mnist,detector_declared,detector/mahalanobis_pp,mnist,0.057563481428571484,0.10381906142857134,0.0060695471428570125,0.05581736333333328,0.048898144975808196,0.055817 ± 0.048898
C1,sgd,adamw,optimizer_a_minus_optimizer_b_seed_matched,188f2e248d512bb338cd5c33c140337ac59206948aa209631ca797a09d4b9eb2,61d7d1f20bc593cc2d106f24f0343084f56f811c8ebc63c856eaced34c50b65f,0.1,0.0005,0.003,0.1,last,metric_contract_v1.2,c38b09694be88aa74de0741b39e9d3ba0d6ff61a,35a1a66f78dfd6255c4d804586ee6863969be78d21acec5cd0ccf00476ddaa5c,f80984d28ef9a7550633fb3aea514f783f3db1fa655a6d3f49850b10857e6afc,float64,fpr95,ood_metric/fpr95_id_tpr,OOD-4,primary,down,id_train,id_test_vs_mnist,detector_declared,detector/mahalanobis_pp,mnist,-0.36198571428571424,-0.4578142857142858,-0.043999999999999984,-0.2879333333333334,0.21661805582370908,-0.287933 ± 0.216618
C1,sgd,adamw,optimizer_a_minus_optimizer_b_seed_matched,188f2e248d512bb338cd5c33c140337ac59206948aa209631ca797a09d4b9eb2,61d7d1f20bc593cc2d106f24f0343084f56f811c8ebc63c856eaced34c50b65f,0.1,0.0005,0.003,0.1,last,metric_contract_v1.2,c38b09694be88aa74de0741b39e9d3ba0d6ff61a,35a1a66f78dfd6255c4d804586ee6863969be78d21acec5cd0ccf00476ddaa5c,f80984d28ef9a7550633fb3aea514f783f3db1fa655a6d3f49850b10857e6afc,float64,aupr_in,ood_metric/aupr_in_openood_auc,OOD-2,primary,up,id_train,id_test_vs_mnist,detector_declared,detector/mahalanobis_pp,mnist,0.1087646627826061,0.17846077835257546,-0.00044517726676840397,0.09559342128947106,0.09017730557557439,0.095593 ± 0.090177
C1,sgd,adamw,optimizer_a_minus_optimizer_b_seed_matched,188f2e248d512bb338cd5c33c140337ac59206948aa209631ca797a09d4b9eb2,61d7d1f20bc593cc2d106f24f0343084f56f811c8ebc63c856eaced34c50b65f,0.1,0.0005,0.003,0.1,last,metric_contract_v1.2,c38b09694be88aa74de0741b39e9d3ba0d6ff61a,35a1a66f78dfd6255c4d804586ee6863969be78d21acec5cd0ccf00476ddaa5c,f80984d28ef9a7550633fb3aea514f783f3db1fa655a6d3f49850b10857e6afc,float64,aupr_out,ood_metric/aupr_out_openood_auc,OOD-3,primary,up,id_train,id_test_vs_mnist,detector_declared,detector/mahalanobis_pp,mnist,0.016452450541679653,0.029880308883597495,0.0036013055563310914,0.016644688327202745,0.013140556323582986,0.016645 ± 0.013141
C1,sgd,adamw,optimizer_a_minus_optimizer_b_seed_matched,188f2e248d512bb338cd5c33c140337ac59206948aa209631ca797a09d4b9eb2,61d7d1f20bc593cc2d106f24f0343084f56f811c8ebc63c856eaced34c50b65f,0.1,0.0005,0.003,0.1,last,metric_contract_v1.2,c38b09694be88aa74de0741b39e9d3ba0d6ff61a,35a1a66f78dfd6255c4d804586ee6863969be78d21acec5cd0ccf00476ddaa5c,f80984d28ef9a7550633fb3aea514f783f3db1fa655a6d3f49850b10857e6afc,float64,auroc,ood_metric/auroc_id_positive,OOD-1,primary,up,id_train,id_test_vs_mnist,detector_declared,detector/mahalanobis_raw,mnist,0.20092942999999996,0.1491056685714286,0.19856123428571426,0.18286544428571427,0.029260791683487396,0.182865 ± 0.029261
C1,sgd,adamw,optimizer_a_minus_optimizer_b_seed_matched,188f2e248d512bb338cd5c33c140337ac59206948aa209631ca797a09d4b9eb2,61d7d1f20bc593cc2d106f24f0343084f56f811c8ebc63c856eaced34c50b65f,0.1,0.0005,0.003,0.1,last,metric_contract_v1.2,c38b09694be88aa74de0741b39e9d3ba0d6ff61a,35a1a66f78dfd6255c4d804586ee6863969be78d21acec5cd0ccf00476ddaa5c,f80984d28ef9a7550633fb3aea514f783f3db1fa655a6d3f49850b10857e6afc,float64,fpr95,ood_metric/fpr95_id_tpr,OOD-4,primary,down,id_train,id_test_vs_mnist,detector_declared,detector/mahalanobis_raw,mnist,-0.4684,-0.30028571428571427,-0.4168428571428572,-0.3951761904761904,0.08612599258434969,-0.395176 ± 0.086126
C1,sgd,adamw,optimizer_a_minus_optimizer_b_seed_matched,188f2e248d512bb338cd5c33c140337ac59206948aa209631ca797a09d4b9eb2,61d7d1f20bc593cc2d106f24f0343084f56f811c8ebc63c856eaced34c50b65f,0.1,0.0005,0.003,0.1,last,metric_contract_v1.2,c38b09694be88aa74de0741b39e9d3ba0d6ff61a,35a1a66f78dfd6255c4d804586ee6863969be78d21acec5cd0ccf00476ddaa5c,f80984d28ef9a7550633fb3aea514f783f3db1fa655a6d3f49850b10857e6afc,float64,aupr_in,ood_metric/aupr_in_openood_auc,OOD-2,primary,up,id_train,id_test_vs_mnist,detector_declared,detector/mahalanobis_raw,mnist,0.3222350187227809,0.23155177862237553,0.2779115149956075,0.27723277078025466,0.04534543007910882,0.277233 ± 0.045345
C1,sgd,adamw,optimizer_a_minus_optimizer_b_seed_matched,188f2e248d512bb338cd5c33c140337ac59206948aa209631ca797a09d4b9eb2,61d7d1f20bc593cc2d106f24f0343084f56f811c8ebc63c856eaced34c50b65f,0.1,0.0005,0.003,0.1,last,metric_contract_v1.2,c38b09694be88aa74de0741b39e9d3ba0d6ff61a,35a1a66f78dfd6255c4d804586ee6863969be78d21acec5cd0ccf00476ddaa5c,f80984d28ef9a7550633fb3aea514f783f3db1fa655a6d3f49850b10857e6afc,float64,aupr_out,ood_metric/aupr_out_openood_auc,OOD-3,primary,up,id_train,id_test_vs_mnist,detector_declared,detector/mahalanobis_raw,mnist,0.05876353106937482,0.04691737159047882,0.058655352806091354,0.054778751821981664,0.006808369848382178,0.054779 ± 0.006808
C1,sgd,adamw,optimizer_a_minus_optimizer_b_seed_matched,188f2e248d512bb338cd5c33c140337ac59206948aa209631ca797a09d4b9eb2,61d7d1f20bc593cc2d106f24f0343084f56f811c8ebc63c856eaced34c50b65f,0.1,0.0005,0.003,0.1,last,metric_contract_v1.2,c38b09694be88aa74de0741b39e9d3ba0d6ff61a,35a1a66f78dfd6255c4d804586ee6863969be78d21acec5cd0ccf00476ddaa5c,f80984d28ef9a7550633fb3aea514f783f3db1fa655a6d3f49850b10857e6afc,float64,auroc,ood_metric/auroc_id_positive,OOD-1,primary,up,id_train,id_test_vs_mnist,detector_declared,detector/neco_author_std_dim100,mnist,0.05439525714285731,0.04378117285714267,0.12091112000000004,0.07302918333333334,0.04180519812797297,0.073029 ± 0.041805
C1,sgd,adamw,optimizer_a_minus_optimizer_b_seed_matched,188f2e248d512bb338cd5c33c140337ac59206948aa209631ca797a09d4b9eb2,61d7d1f20bc593cc2d106f24f0343084f56f811c8ebc63c856eaced34c50b65f,0.1,0.0005,0.003,0.1,last,metric_contract_v1.2,c38b09694be88aa74de0741b39e9d3ba0d6ff61a,35a1a66f78dfd6255c4d804586ee6863969be78d21acec5cd0ccf00476ddaa5c,f80984d28ef9a7550633fb3aea514f783f3db1fa655a6d3f49850b10857e6afc,float64,fpr95,ood_metric/fpr95_id_tpr,OOD-4,primary,down,id_train,id_test_vs_mnist,detector_declared,detector/neco_author_std_dim100,mnist,-0.29804285714285716,-0.16544285714285717,-0.34961428571428577,-0.2710333333333334,0.09501007608576646,-0.271033 ± 0.095010
C1,sgd,adamw,optimizer_a_minus_optimizer_b_seed_matched,188f2e248d512bb338cd5c33c140337ac59206948aa209631ca797a09d4b9eb2,61d7d1f20bc593cc2d106f24f0343084f56f811c8ebc63c856eaced34c50b65f,0.1,0.0005,0.003,0.1,last,metric_contract_v1.2,c38b09694be88aa74de0741b39e9d3ba0d6ff61a,35a1a66f78dfd6255c4d804586ee6863969be78d21acec5cd0ccf00476ddaa5c,f80984d28ef9a7550633fb3aea514f783f3db1fa655a6d3f49850b10857e6afc,float64,aupr_in,ood_metric/aupr_in_openood_auc,OOD-2,primary,up,id_train,id_test_vs_mnist,detector_declared,detector/neco_author_std_dim100,mnist,0.13402495085422383,0.1938948912968672,0.45569738565474627,0.2612057426019458,0.1710741121712601,0.261206 ± 0.171074
C1,sgd,adamw,optimizer_a_minus_optimizer_b_seed_matched,188f2e248d512bb338cd5c33c140337ac59206948aa209631ca797a09d4b9eb2,61d7d1f20bc593cc2d106f24f0343084f56f811c8ebc63c856eaced34c50b65f,0.1,0.0005,0.003,0.1,last,metric_contract_v1.2,c38b09694be88aa74de0741b39e9d3ba0d6ff61a,35a1a66f78dfd6255c4d804586ee6863969be78d21acec5cd0ccf00476ddaa5c,f80984d28ef9a7550633fb3aea514f783f3db1fa655a6d3f49850b10857e6afc,float64,aupr_out,ood_metric/aupr_out_openood_auc,OOD-3,primary,up,id_train,id_test_vs_mnist,detector_declared,detector/neco_author_std_dim100,mnist,0.012068995424428297,0.0074778535801955925,0.02256050393846709,0.014035784314363661,0.007731285750807994,0.014036 ± 0.007731
C1,sgd,adamw,optimizer_a_minus_optimizer_b_seed_matched,188f2e248d512bb338cd5c33c140337ac59206948aa209631ca797a09d4b9eb2,61d7d1f20bc593cc2d106f24f0343084f56f811c8ebc63c856eaced34c50b65f,0.1,0.0005,0.003,0.1,last,metric_contract_v1.2,c38b09694be88aa74de0741b39e9d3ba0d6ff61a,35a1a66f78dfd6255c4d804586ee6863969be78d21acec5cd0ccf00476ddaa5c,f80984d28ef9a7550633fb3aea514f783f3db1fa655a6d3f49850b10857e6afc,float64,auroc,ood_metric/auroc_id_positive,OOD-1,primary,up,id_train,id_test_vs_mnist,detector_declared,detector/relative_mahalanobis_pp,mnist,0.025563310000000228,0.009980687142857159,0.021012268571428683,0.01885208857142869,0.008012759637059469,0.018852 ± 0.008013
C1,sgd,adamw,optimizer_a_minus_optimizer_b_seed_matched,188f2e248d512bb338cd5c33c140337ac59206948aa209631ca797a09d4b9eb2,61d7d1f20bc593cc2d106f24f0343084f56f811c8ebc63c856eaced34c50b65f,0.1,0.0005,0.003,0.1,last,metric_contract_v1.2,c38b09694be88aa74de0741b39e9d3ba0d6ff61a,35a1a66f78dfd6255c4d804586ee6863969be78d21acec5cd0ccf00476ddaa5c,f80984d28ef9a7550633fb3aea514f783f3db1fa655a6d3f49850b10857e6afc,float64,fpr95,ood_metric/fpr95_id_tpr,OOD-4,primary,down,id_train,id_test_vs_mnist,detector_declared,detector/relative_mahalanobis_pp,mnist,-0.08629999999999999,-0.019657142857142873,-0.05172857142857146,-0.052561904761904775,0.03332924294630991,-0.052562 ± 0.033329
C1,sgd,adamw,optimizer_a_minus_optimizer_b_seed_matched,188f2e248d512bb338cd5c33c140337ac59206948aa209631ca797a09d4b9eb2,61d7d1f20bc593cc2d106f24f0343084f56f811c8ebc63c856eaced34c50b65f,0.1,0.0005,0.003,0.1,last,metric_contract_v1.2,c38b09694be88aa74de0741b39e9d3ba0d6ff61a,35a1a66f78dfd6255c4d804586ee6863969be78d21acec5cd0ccf00476ddaa5c,f80984d28ef9a7550633fb3aea514f783f3db1fa655a6d3f49850b10857e6afc,float64,aupr_in,ood_metric/aupr_in_openood_auc,OOD-2,primary,up,id_train,id_test_vs_mnist,detector_declared,detector/relative_mahalanobis_pp,mnist,0.11444402050643088,0.04827507844690959,0.07094746346512049,0.07788885413948698,0.03362617138018701,0.077889 ± 0.033626
C1,sgd,adamw,optimizer_a_minus_optimizer_b_seed_matched,188f2e248d512bb338cd5c33c140337ac59206948aa209631ca797a09d4b9eb2,61d7d1f20bc593cc2d106f24f0343084f56f811c8ebc63c856eaced34c50b65f,0.1,0.0005,0.003,0.1,last,metric_contract_v1.2,c38b09694be88aa74de0741b39e9d3ba0d6ff61a,35a1a66f78dfd6255c4d804586ee6863969be78d21acec5cd0ccf00476ddaa5c,f80984d28ef9a7550633fb3aea514f783f3db1fa655a6d3f49850b10857e6afc,float64,aupr_out,ood_metric/aupr_out_openood_auc,OOD-3,primary,up,id_train,id_test_vs_mnist,detector_declared,detector/relative_mahalanobis_pp,mnist,0.005622791666307525,0.001509043548500788,0.003764940290255203,0.0036322585016878386,0.002060081123876605,0.003632 ± 0.002060
C1,sgd,adamw,optimizer_a_minus_optimizer_b_seed_matched,188f2e248d512bb338cd5c33c140337ac59206948aa209631ca797a09d4b9eb2,61d7d1f20bc593cc2d106f24f0343084f56f811c8ebc63c856eaced34c50b65f,0.1,0.0005,0.003,0.1,last,metric_contract_v1.2,c38b09694be88aa74de0741b39e9d3ba0d6ff61a,35a1a66f78dfd6255c4d804586ee6863969be78d21acec5cd0ccf00476ddaa5c,f80984d28ef9a7550633fb3aea514f783f3db1fa655a6d3f49850b10857e6afc,float64,auroc,ood_metric/auroc_id_positive,OOD-1,primary,up,id_train,id_test_vs_mnist,detector_declared,detector/relative_mahalanobis_raw,mnist,0.012686965714285847,0.005656517142857087,0.01656564000000016,0.011636374285714365,0.005529922887382903,0.011636 ± 0.005530
C1,sgd,adamw,optimizer_a_minus_optimizer_b_seed_matched,188f2e248d512bb338cd5c33c140337ac59206948aa209631ca797a09d4b9eb2,61d7d1f20bc593cc2d106f24f0343084f56f811c8ebc63c856eaced34c50b65f,0.1,0.0005,0.003,0.1,last,metric_contract_v1.2,c38b09694be88aa74de0741b39e9d3ba0d6ff61a,35a1a66f78dfd6255c4d804586ee6863969be78d21acec5cd0ccf00476ddaa5c,f80984d28ef9a7550633fb3aea514f783f3db1fa655a6d3f49850b10857e6afc,float64,fpr95,ood_metric/fpr95_id_tpr,OOD-4,primary,down,id_train,id_test_vs_mnist,detector_declared,detector/relative_mahalanobis_raw,mnist,-0.06205714285714292,0.00862857142857143,-0.03917142857142858,-0.03086666666666669,0.03606721993363918,-0.030867 ± 0.036067
C1,sgd,adamw,optimizer_a_minus_optimizer_b_seed_matched,188f2e248d512bb338cd5c33c140337ac59206948aa209631ca797a09d4b9eb2,61d7d1f20bc593cc2d106f24f0343084f56f811c8ebc63c856eaced34c50b65f,0.1,0.0005,0.003,0.1,last,metric_contract_v1.2,c38b09694be88aa74de0741b39e9d3ba0d6ff61a,35a1a66f78dfd6255c4d804586ee6863969be78d21acec5cd0ccf00476ddaa5c,f80984d28ef9a7550633fb3aea514f783f3db1fa655a6d3f49850b10857e6afc,float64,aupr_in,ood_metric/aupr_in_openood_auc,OOD-2,primary,up,id_train,id_test_vs_mnist,detector_declared,detector/relative_mahalanobis_raw,mnist,0.029378165945979196,0.04785417266204606,0.06851693356251087,0.048583090723512044,0.019579562655750657,0.048583 ± 0.019580
C1,sgd,adamw,optimizer_a_minus_optimizer_b_seed_matched,188f2e248d512bb338cd5c33c140337ac59206948aa209631ca797a09d4b9eb2,61d7d1f20bc593cc2d106f24f0343084f56f811c8ebc63c856eaced34c50b65f,0.1,0.0005,0.003,0.1,last,metric_contract_v1.2,c38b09694be88aa74de0741b39e9d3ba0d6ff61a,35a1a66f78dfd6255c4d804586ee6863969be78d21acec5cd0ccf00476ddaa5c,f80984d28ef9a7550633fb3aea514f783f3db1fa655a6d3f49850b10857e6afc,float64,aupr_out,ood_metric/aupr_out_openood_auc,OOD-3,primary,up,id_train,id_test_vs_mnist,detector_declared,detector/relative_mahalanobis_raw,mnist,0.0036126323974720043,4.897709419660057e-05,0.003258715486614383,0.002306774992760996,0.001963301507160604,0.002307 ± 0.001963
C1,sgd,adamw,optimizer_a_minus_optimizer_b_seed_matched,188f2e248d512bb338cd5c33c140337ac59206948aa209631ca797a09d4b9eb2,61d7d1f20bc593cc2d106f24f0343084f56f811c8ebc63c856eaced34c50b65f,0.1,0.0005,0.003,0.1,last,metric_contract_v1.2,c38b09694be88aa74de0741b39e9d3ba0d6ff61a,35a1a66f78dfd6255c4d804586ee6863969be78d21acec5cd0ccf00476ddaa5c,f80984d28ef9a7550633fb3aea514f783f3db1fa655a6d3f49850b10857e6afc,float64,auroc,ood_metric/auroc_id_positive,OOD-1,primary,up,id_train,id_test_vs_mnist,detector_declared,detector/vim_author_dim,mnist,0.030388609999999927,0.0007235071428570716,0.026779661428571577,0.019297259523809524,0.01618623908075951,0.019297 ± 0.016186
C1,sgd,adamw,optimizer_a_minus_optimizer_b_seed_matched,188f2e248d512bb338cd5c33c140337ac59206948aa209631ca797a09d4b9eb2,61d7d1f20bc593cc2d106f24f0343084f56f811c8ebc63c856eaced34c50b65f,0.1,0.0005,0.003,0.1,last,metric_contract_v1.2,c38b09694be88aa74de0741b39e9d3ba0d6ff61a,35a1a66f78dfd6255c4d804586ee6863969be78d21acec5cd0ccf00476ddaa5c,f80984d28ef9a7550633fb3aea514f783f3db1fa655a6d3f49850b10857e6afc,float64,fpr95,ood_metric/fpr95_id_tpr,OOD-4,primary,down,id_train,id_test_vs_mnist,detector_declared,detector/vim_author_dim,mnist,-0.18884285714285715,-0.006042857142857128,-0.19981428571428572,-0.13156666666666667,0.10884513369577761,-0.131567 ± 0.108845
C1,sgd,adamw,optimizer_a_minus_optimizer_b_seed_matched,188f2e248d512bb338cd5c33c140337ac59206948aa209631ca797a09d4b9eb2,61d7d1f20bc593cc2d106f24f0343084f56f811c8ebc63c856eaced34c50b65f,0.1,0.0005,0.003,0.1,last,metric_contract_v1.2,c38b09694be88aa74de0741b39e9d3ba0d6ff61a,35a1a66f78dfd6255c4d804586ee6863969be78d21acec5cd0ccf00476ddaa5c,f80984d28ef9a7550633fb3aea514f783f3db1fa655a6d3f49850b10857e6afc,float64,aupr_in,ood_metric/aupr_in_openood_auc,OOD-2,primary,up,id_train,id_test_vs_mnist,detector_declared,detector/vim_author_dim,mnist,0.05759639151938545,-0.0008133690062218646,0.03836421197680173,0.031715744829988436,0.029767039115713042,0.031716 ± 0.029767
C1,sgd,adamw,optimizer_a_minus_optimizer_b_seed_matched,188f2e248d512bb338cd5c33c140337ac59206948aa209631ca797a09d4b9eb2,61d7d1f20bc593cc2d106f24f0343084f56f811c8ebc63c856eaced34c50b65f,0.1,0.0005,0.003,0.1,last,metric_contract_v1.2,c38b09694be88aa74de0741b39e9d3ba0d6ff61a,35a1a66f78dfd6255c4d804586ee6863969be78d21acec5cd0ccf00476ddaa5c,f80984d28ef9a7550633fb3aea514f783f3db1fa655a6d3f49850b10857e6afc,float64,aupr_out,ood_metric/aupr_out_openood_auc,OOD-3,primary,up,id_train,id_test_vs_mnist,detector_declared,detector/vim_author_dim,mnist,0.008075696069548943,0.0002053213535323506,0.009133946927489145,0.005804988116856813,0.0048782347847139635,0.005805 ± 0.004878
C1,sgd,adamw,optimizer_a_minus_optimizer_b_seed_matched,188f2e248d512bb338cd5c33c140337ac59206948aa209631ca797a09d4b9eb2,61d7d1f20bc593cc2d106f24f0343084f56f811c8ebc63c856eaced34c50b65f,0.1,0.0005,0.003,0.1,last,metric_contract_v1.2,c38b09694be88aa74de0741b39e9d3ba0d6ff61a,35a1a66f78dfd6255c4d804586ee6863969be78d21acec5cd0ccf00476ddaa5c,f80984d28ef9a7550633fb3aea514f783f3db1fa655a6d3f49850b10857e6afc,float64,auroc,ood_metric/auroc_id_positive,OOD-1,primary,up,,id_test_vs_mnist,detector_declared,ood_score/energy_t1,mnist,0.020775681428571557,0.005245915714285787,0.02836144142857122,0.01812767952380952,0.011783073360870894,0.018128 ± 0.011783
C1,sgd,adamw,optimizer_a_minus_optimizer_b_seed_matched,188f2e248d512bb338cd5c33c140337ac59206948aa209631ca797a09d4b9eb2,61d7d1f20bc593cc2d106f24f0343084f56f811c8ebc63c856eaced34c50b65f,0.1,0.0005,0.003,0.1,last,metric_contract_v1.2,c38b09694be88aa74de0741b39e9d3ba0d6ff61a,35a1a66f78dfd6255c4d804586ee6863969be78d21acec5cd0ccf00476ddaa5c,f80984d28ef9a7550633fb3aea514f783f3db1fa655a6d3f49850b10857e6afc,float64,fpr95,ood_metric/fpr95_id_tpr,OOD-4,primary,down,,id_test_vs_mnist,detector_declared,ood_score/energy_t1,mnist,-0.17635714285714282,-0.04607142857142857,-0.1605142857142857,-0.12764761904761904,0.0710897683922801,-0.127648 ± 0.071090
C1,sgd,adamw,optimizer_a_minus_optimizer_b_seed_matched,188f2e248d512bb338cd5c33c140337ac59206948aa209631ca797a09d4b9eb2,61d7d1f20bc593cc2d106f24f0343084f56f811c8ebc63c856eaced34c50b65f,0.1,0.0005,0.003,0.1,last,metric_contract_v1.2,c38b09694be88aa74de0741b39e9d3ba0d6ff61a,35a1a66f78dfd6255c4d804586ee6863969be78d21acec5cd0ccf00476ddaa5c,f80984d28ef9a7550633fb3aea514f783f3db1fa655a6d3f49850b10857e6afc,float64,aupr_in,ood_metric/aupr_in_openood_auc,OOD-2,primary,up,,id_test_vs_mnist,detector_declared,ood_score/energy_t1,mnist,0.012829913854903063,-0.006942943870222096,0.059785056759243504,0.021890675581308156,0.03427432813781338,0.021891 ± 0.034274
C1,sgd,adamw,optimizer_a_minus_optimizer_b_seed_matched,188f2e248d512bb338cd5c33c140337ac59206948aa209631ca797a09d4b9eb2,61d7d1f20bc593cc2d106f24f0343084f56f811c8ebc63c856eaced34c50b65f,0.1,0.0005,0.003,0.1,last,metric_contract_v1.2,c38b09694be88aa74de0741b39e9d3ba0d6ff61a,35a1a66f78dfd6255c4d804586ee6863969be78d21acec5cd0ccf00476ddaa5c,f80984d28ef9a7550633fb3aea514f783f3db1fa655a6d3f49850b10857e6afc,float64,aupr_out,ood_metric/aupr_out_openood_auc,OOD-3,primary,up,,id_test_vs_mnist,detector_declared,ood_score/energy_t1,mnist,0.006952434580808742,0.002073934746219419,0.008416782924403843,0.005814384083810668,0.0033210389869982766,0.005814 ± 0.003321
C1,sgd,adamw,optimizer_a_minus_optimizer_b_seed_matched,188f2e248d512bb338cd5c33c140337ac59206948aa209631ca797a09d4b9eb2,61d7d1f20bc593cc2d106f24f0343084f56f811c8ebc63c856eaced34c50b65f,0.1,0.0005,0.003,0.1,last,metric_contract_v1.2,c38b09694be88aa74de0741b39e9d3ba0d6ff61a,35a1a66f78dfd6255c4d804586ee6863969be78d21acec5cd0ccf00476ddaa5c,f80984d28ef9a7550633fb3aea514f783f3db1fa655a6d3f49850b10857e6afc,float64,auroc,ood_metric/auroc_id_positive,OOD-1,primary,up,,id_test_vs_mnist,detector_declared,ood_score/max_logit,mnist,0.01966617071428567,0.004423868571428624,0.026946398571428554,0.017012145952380948,0.011493431818992391,0.017012 ± 0.011493
C1,sgd,adamw,optimizer_a_minus_optimizer_b_seed_matched,188f2e248d512bb338cd5c33c140337ac59206948aa209631ca797a09d4b9eb2,61d7d1f20bc593cc2d106f24f0343084f56f811c8ebc63c856eaced34c50b65f,0.1,0.0005,0.003,0.1,last,metric_contract_v1.2,c38b09694be88aa74de0741b39e9d3ba0d6ff61a,35a1a66f78dfd6255c4d804586ee6863969be78d21acec5cd0ccf00476ddaa5c,f80984d28ef9a7550633fb3aea514f783f3db1fa655a6d3f49850b10857e6afc,float64,fpr95,ood_metric/fpr95_id_tpr,OOD-4,primary,down,,id_test_vs_mnist,detector_declared,ood_score/max_logit,mnist,-0.16382857142857143,-0.04100000000000001,-0.1552142857142857,-0.1200142857142857,0.068563798682657,-0.120014 ± 0.068564
C1,sgd,adamw,optimizer_a_minus_optimizer_b_seed_matched,188f2e248d512bb338cd5c33c140337ac59206948aa209631ca797a09d4b9eb2,61d7d1f20bc593cc2d106f24f0343084f56f811c8ebc63c856eaced34c50b65f,0.1,0.0005,0.003,0.1,last,metric_contract_v1.2,c38b09694be88aa74de0741b39e9d3ba0d6ff61a,35a1a66f78dfd6255c4d804586ee6863969be78d21acec5cd0ccf00476ddaa5c,f80984d28ef9a7550633fb3aea514f783f3db1fa655a6d3f49850b10857e6afc,float64,aupr_in,ood_metric/aupr_in_openood_auc,OOD-2,primary,up,,id_test_vs_mnist,detector_declared,ood_score/max_logit,mnist,0.012030637508603781,-0.0075378485957846575,0.05892687076775449,0.021139886560191206,0.034155871292230106,0.021140 ± 0.034156
C1,sgd,adamw,optimizer_a_minus_optimizer_b_seed_matched,188f2e248d512bb338cd5c33c140337ac59206948aa209631ca797a09d4b9eb2,61d7d1f20bc593cc2d106f24f0343084f56f811c8ebc63c856eaced34c50b65f,0.1,0.0005,0.003,0.1,last,metric_contract_v1.2,c38b09694be88aa74de0741b39e9d3ba0d6ff61a,35a1a66f78dfd6255c4d804586ee6863969be78d21acec5cd0ccf00476ddaa5c,f80984d28ef9a7550633fb3aea514f783f3db1fa655a6d3f49850b10857e6afc,float64,aupr_out,ood_metric/aupr_out_openood_auc,OOD-3,primary,up,,id_test_vs_mnist,detector_declared,ood_score/max_logit,mnist,0.006401993663807115,0.0019177796333521568,0.007747930395481717,0.005355901230880329,0.0030526048730485874,0.005356 ± 0.003053
C1,sgd,adamw,optimizer_a_minus_optimizer_b_seed_matched,188f2e248d512bb338cd5c33c140337ac59206948aa209631ca797a09d4b9eb2,61d7d1f20bc593cc2d106f24f0343084f56f811c8ebc63c856eaced34c50b65f,0.1,0.0005,0.003,0.1,last,metric_contract_v1.2,c38b09694be88aa74de0741b39e9d3ba0d6ff61a,35a1a66f78dfd6255c4d804586ee6863969be78d21acec5cd0ccf00476ddaa5c,f80984d28ef9a7550633fb3aea514f783f3db1fa655a6d3f49850b10857e6afc,float64,auroc,ood_metric/auroc_id_positive,OOD-1,primary,up,,id_test_vs_mnist,detector_declared,ood_score/msp,mnist,0.01961610714285733,0.011832802857142832,0.017720655714285716,0.016389855238095292,0.004058722561542845,0.016390 ± 0.004059
C1,sgd,adamw,optimizer_a_minus_optimizer_b_seed_matched,188f2e248d512bb338cd5c33c140337ac59206948aa209631ca797a09d4b9eb2,61d7d1f20bc593cc2d106f24f0343084f56f811c8ebc63c856eaced34c50b65f,0.1,0.0005,0.003,0.1,last,metric_contract_v1.2,c38b09694be88aa74de0741b39e9d3ba0d6ff61a,35a1a66f78dfd6255c4d804586ee6863969be78d21acec5cd0ccf00476ddaa5c,f80984d28ef9a7550633fb3aea514f783f3db1fa655a6d3f49850b10857e6afc,float64,fpr95,ood_metric/fpr95_id_tpr,OOD-4,primary,down,,id_test_vs_mnist,detector_declared,ood_score/msp,mnist,-0.05414285714285716,-0.044657142857142895,-0.05304285714285717,-0.050614285714285744,0.005188271703111357,-0.050614 ± 0.005188
C1,sgd,adamw,optimizer_a_minus_optimizer_b_seed_matched,188f2e248d512bb338cd5c33c140337ac59206948aa209631ca797a09d4b9eb2,61d7d1f20bc593cc2d106f24f0343084f56f811c8ebc63c856eaced34c50b65f,0.1,0.0005,0.003,0.1,last,metric_contract_v1.2,c38b09694be88aa74de0741b39e9d3ba0d6ff61a,35a1a66f78dfd6255c4d804586ee6863969be78d21acec5cd0ccf00476ddaa5c,f80984d28ef9a7550633fb3aea514f783f3db1fa655a6d3f49850b10857e6afc,float64,aupr_in,ood_metric/aupr_in_openood_auc,OOD-2,primary,up,,id_test_vs_mnist,detector_declared,ood_score/msp,mnist,0.04945292778346477,0.032887978738059376,0.08794932008879874,0.05676340887010763,0.02824925093032172,0.056763 ± 0.028249
C1,sgd,adamw,optimizer_a_minus_optimizer_b_seed_matched,188f2e248d512bb338cd5c33c140337ac59206948aa209631ca797a09d4b9eb2,61d7d1f20bc593cc2d106f24f0343084f56f811c8ebc63c856eaced34c50b65f,0.1,0.0005,0.003,0.1,last,metric_contract_v1.2,c38b09694be88aa74de0741b39e9d3ba0d6ff61a,35a1a66f78dfd6255c4d804586ee6863969be78d21acec5cd0ccf00476ddaa5c,f80984d28ef9a7550633fb3aea514f783f3db1fa655a6d3f49850b10857e6afc,float64,aupr_out,ood_metric/aupr_out_openood_auc,OOD-3,primary,up,,id_test_vs_mnist,detector_declared,ood_score/msp,mnist,0.0043526069361201625,0.0031158632526602226,0.003265681326363623,0.0035780505050480027,0.0006749552670277345,0.003578 ± 0.000675
C1,adam,adamw,optimizer_a_minus_optimizer_b_seed_matched,b701f780ad99d469949a985b0472b8d1f26be0545e531d92895b7559ca142328,61d7d1f20bc593cc2d106f24f0343084f56f811c8ebc63c856eaced34c50b65f,0.0003,0.0,0.003,0.1,last,metric_contract_v1.2,c38b09694be88aa74de0741b39e9d3ba0d6ff61a,35a1a66f78dfd6255c4d804586ee6863969be78d21acec5cd0ccf00476ddaa5c,f80984d28ef9a7550633fb3aea514f783f3db1fa655a6d3f49850b10857e6afc,float64,auroc,ood_metric/auroc_id_positive,OOD-1,primary,up,id_train,id_test_vs_mnist,detector_declared,detector/ctm_prototype_cosine,mnist,-0.01980775714285732,-0.020912277142856928,-0.05318587142857145,-0.031301968571428564,0.018960060503681143,-0.031302 ± 0.018960
C1,adam,adamw,optimizer_a_minus_optimizer_b_seed_matched,b701f780ad99d469949a985b0472b8d1f26be0545e531d92895b7559ca142328,61d7d1f20bc593cc2d106f24f0343084f56f811c8ebc63c856eaced34c50b65f,0.0003,0.0,0.003,0.1,last,metric_contract_v1.2,c38b09694be88aa74de0741b39e9d3ba0d6ff61a,35a1a66f78dfd6255c4d804586ee6863969be78d21acec5cd0ccf00476ddaa5c,f80984d28ef9a7550633fb3aea514f783f3db1fa655a6d3f49850b10857e6afc,float64,fpr95,ood_metric/fpr95_id_tpr,OOD-4,primary,down,id_train,id_test_vs_mnist,detector_declared,detector/ctm_prototype_cosine,mnist,0.10667142857142858,0.12477142857142859,0.19889999999999997,0.14344761904761905,0.048868470560945364,0.143448 ± 0.048868
C1,adam,adamw,optimizer_a_minus_optimizer_b_seed_matched,b701f780ad99d469949a985b0472b8d1f26be0545e531d92895b7559ca142328,61d7d1f20bc593cc2d106f24f0343084f56f811c8ebc63c856eaced34c50b65f,0.0003,0.0,0.003,0.1,last,metric_contract_v1.2,c38b09694be88aa74de0741b39e9d3ba0d6ff61a,35a1a66f78dfd6255c4d804586ee6863969be78d21acec5cd0ccf00476ddaa5c,f80984d28ef9a7550633fb3aea514f783f3db1fa655a6d3f49850b10857e6afc,float64,aupr_in,ood_metric/aupr_in_openood_auc,OOD-2,primary,up,id_train,id_test_vs_mnist,detector_declared,detector/ctm_prototype_cosine,mnist,-0.03272293329691833,-0.03636451257257556,-0.13877680324750374,-0.06928808303899921,0.06020653579194782,-0.069288 ± 0.060207
C1,adam,adamw,optimizer_a_minus_optimizer_b_seed_matched,b701f780ad99d469949a985b0472b8d1f26be0545e531d92895b7559ca142328,61d7d1f20bc593cc2d106f24f0343084f56f811c8ebc63c856eaced34c50b65f,0.0003,0.0,0.003,0.1,last,metric_contract_v1.2,c38b09694be88aa74de0741b39e9d3ba0d6ff61a,35a1a66f78dfd6255c4d804586ee6863969be78d21acec5cd0ccf00476ddaa5c,f80984d28ef9a7550633fb3aea514f783f3db1fa655a6d3f49850b10857e6afc,float64,aupr_out,ood_metric/aupr_out_openood_auc,OOD-3,primary,up,id_train,id_test_vs_mnist,detector_declared,detector/ctm_prototype_cosine,mnist,-0.0049491313694717265,-0.006276044120675617,-0.011975753564438807,-0.007733643018195384,0.003733202482753799,-0.007734 ± 0.003733
C1,adam,adamw,optimizer_a_minus_optimizer_b_seed_matched,b701f780ad99d469949a985b0472b8d1f26be0545e531d92895b7559ca142328,61d7d1f20bc593cc2d106f24f0343084f56f811c8ebc63c856eaced34c50b65f,0.0003,0.0,0.003,0.1,last,metric_contract_v1.2,c38b09694be88aa74de0741b39e9d3ba0d6ff61a,35a1a66f78dfd6255c4d804586ee6863969be78d21acec5cd0ccf00476ddaa5c,f80984d28ef9a7550633fb3aea514f783f3db1fa655a6d3f49850b10857e6afc,float64,auroc,ood_metric/auroc_id_positive,OOD-1,primary,up,id_train,id_test_vs_mnist,detector_declared,detector/knn_l2_k50,mnist,-0.021721377142856824,-0.027025181428571354,-0.04247097142857148,-0.03040584333333322,0.010779984783902605,-0.030406 ± 0.010780
C1,adam,adamw,optimizer_a_minus_optimizer_b_seed_matched,b701f780ad99d469949a985b0472b8d1f26be0545e531d92895b7559ca142328,61d7d1f20bc593cc2d106f24f0343084f56f811c8ebc63c856eaced34c50b65f,0.0003,0.0,0.003,0.1,last,metric_contract_v1.2,c38b09694be88aa74de0741b39e9d3ba0d6ff61a,35a1a66f78dfd6255c4d804586ee6863969be78d21acec5cd0ccf00476ddaa5c,f80984d28ef9a7550633fb3aea514f783f3db1fa655a6d3f49850b10857e6afc,float64,fpr95,ood_metric/fpr95_id_tpr,OOD-4,primary,down,id_train,id_test_vs_mnist,detector_declared,detector/knn_l2_k50,mnist,0.1058142857142857,0.1416,0.19654285714285719,0.1479857142857143,0.04570012503890368,0.147986 ± 0.045700
C1,adam,adamw,optimizer_a_minus_optimizer_b_seed_matched,b701f780ad99d469949a985b0472b8d1f26be0545e531d92895b7559ca142328,61d7d1f20bc593cc2d106f24f0343084f56f811c8ebc63c856eaced34c50b65f,0.0003,0.0,0.003,0.1,last,metric_contract_v1.2,c38b09694be88aa74de0741b39e9d3ba0d6ff61a,35a1a66f78dfd6255c4d804586ee6863969be78d21acec5cd0ccf00476ddaa5c,f80984d28ef9a7550633fb3aea514f783f3db1fa655a6d3f49850b10857e6afc,float64,aupr_in,ood_metric/aupr_in_openood_auc,OOD-2,primary,up,id_train,id_test_vs_mnist,detector_declared,detector/knn_l2_k50,mnist,-0.05263045701870728,-0.05568257138372534,-0.09674843953324153,-0.06835382264522472,0.024637766775566824,-0.068354 ± 0.024638
C1,adam,adamw,optimizer_a_minus_optimizer_b_seed_matched,b701f780ad99d469949a985b0472b8d1f26be0545e531d92895b7559ca142328,61d7d1f20bc593cc2d106f24f0343084f56f811c8ebc63c856eaced34c50b65f,0.0003,0.0,0.003,0.1,last,metric_contract_v1.2,c38b09694be88aa74de0741b39e9d3ba0d6ff61a,35a1a66f78dfd6255c4d804586ee6863969be78d21acec5cd0ccf00476ddaa5c,f80984d28ef9a7550633fb3aea514f783f3db1fa655a6d3f49850b10857e6afc,float64,aupr_out,ood_metric/aupr_out_openood_auc,OOD-3,primary,up,id_train,id_test_vs_mnist,detector_declared,detector/knn_l2_k50,mnist,-0.005042621673984504,-0.006681419237186237,-0.009723448873365625,-0.007149163261512122,0.0023752103426509324,-0.007149 ± 0.002375
C1,adam,adamw,optimizer_a_minus_optimizer_b_seed_matched,b701f780ad99d469949a985b0472b8d1f26be0545e531d92895b7559ca142328,61d7d1f20bc593cc2d106f24f0343084f56f811c8ebc63c856eaced34c50b65f,0.0003,0.0,0.003,0.1,last,metric_contract_v1.2,c38b09694be88aa74de0741b39e9d3ba0d6ff61a,35a1a66f78dfd6255c4d804586ee6863969be78d21acec5cd0ccf00476ddaa5c,f80984d28ef9a7550633fb3aea514f783f3db1fa655a6d3f49850b10857e6afc,float64,auroc,ood_metric/auroc_id_positive,OOD-1,primary,up,id_train,id_test_vs_mnist,detector_declared,detector/mahalanobis_pp,mnist,0.01081196857142852,0.052161668571428565,-0.05435848571428559,0.0028717171428571664,0.05370215556031978,0.002872 ± 0.053702
C1,adam,adamw,optimizer_a_minus_optimizer_b_seed_matched,b701f780ad99d469949a985b0472b8d1f26be0545e531d92895b7559ca142328,61d7d1f20bc593cc2d106f24f0343084f56f811c8ebc63c856eaced34c50b65f,0.0003,0.0,0.003,0.1,last,metric_contract_v1.2,c38b09694be88aa74de0741b39e9d3ba0d6ff61a,35a1a66f78dfd6255c4d804586ee6863969be78d21acec5cd0ccf00476ddaa5c,f80984d28ef9a7550633fb3aea514f783f3db1fa655a6d3f49850b10857e6afc,float64,fpr95,ood_metric/fpr95_id_tpr,OOD-4,primary,down,id_train,id_test_vs_mnist,detector_declared,detector/mahalanobis_pp,mnist,-0.07231428571428566,-0.14667142857142867,0.2686714285714286,0.01656190476190476,0.22147608261405574,0.016562 ± 0.221476
C1,adam,adamw,optimizer_a_minus_optimizer_b_seed_matched,b701f780ad99d469949a985b0472b8d1f26be0545e531d92895b7559ca142328,61d7d1f20bc593cc2d106f24f0343084f56f811c8ebc63c856eaced34c50b65f,0.0003,0.0,0.003,0.1,last,metric_contract_v1.2,c38b09694be88aa74de0741b39e9d3ba0d6ff61a,35a1a66f78dfd6255c4d804586ee6863969be78d21acec5cd0ccf00476ddaa5c,f80984d28ef9a7550633fb3aea514f783f3db1fa655a6d3f49850b10857e6afc,float64,aupr_in,ood_metric/aupr_in_openood_auc,OOD-2,primary,up,id_train,id_test_vs_mnist,detector_declared,detector/mahalanobis_pp,mnist,0.012340683640171268,0.10245606699242649,-0.13032421220241552,-0.00517582052327259,0.11737455232753014,-0.005176 ± 0.117375
C1,adam,adamw,optimizer_a_minus_optimizer_b_seed_matched,b701f780ad99d469949a985b0472b8d1f26be0545e531d92895b7559ca142328,61d7d1f20bc593cc2d106f24f0343084f56f811c8ebc63c856eaced34c50b65f,0.0003,0.0,0.003,0.1,last,metric_contract_v1.2,c38b09694be88aa74de0741b39e9d3ba0d6ff61a,35a1a66f78dfd6255c4d804586ee6863969be78d21acec5cd0ccf00476ddaa5c,f80984d28ef9a7550633fb3aea514f783f3db1fa655a6d3f49850b10857e6afc,float64,aupr_out,ood_metric/aupr_out_openood_auc,OOD-3,primary,up,id_train,id_test_vs_mnist,detector_declared,detector/mahalanobis_pp,mnist,0.004825946784260071,0.016691417609255632,-0.009579956172630633,0.003979136073628357,0.0131561425342547,0.003979 ± 0.013156
C1,adam,adamw,optimizer_a_minus_optimizer_b_seed_matched,b701f780ad99d469949a985b0472b8d1f26be0545e531d92895b7559ca142328,61d7d1f20bc593cc2d106f24f0343084f56f811c8ebc63c856eaced34c50b65f,0.0003,0.0,0.003,0.1,last,metric_contract_v1.2,c38b09694be88aa74de0741b39e9d3ba0d6ff61a,35a1a66f78dfd6255c4d804586ee6863969be78d21acec5cd0ccf00476ddaa5c,f80984d28ef9a7550633fb3aea514f783f3db1fa655a6d3f49850b10857e6afc,float64,auroc,ood_metric/auroc_id_positive,OOD-1,primary,up,id_train,id_test_vs_mnist,detector_declared,detector/mahalanobis_raw,mnist,-0.08784220428571432,-0.22091930142857152,-0.04598870428571422,-0.11825007000000003,0.0913436214366536,-0.118250 ± 0.091344
C1,adam,adamw,optimizer_a_minus_optimizer_b_seed_matched,b701f780ad99d469949a985b0472b8d1f26be0545e531d92895b7559ca142328,61d7d1f20bc593cc2d106f24f0343084f56f811c8ebc63c856eaced34c50b65f,0.0003,0.0,0.003,0.1,last,metric_contract_v1.2,c38b09694be88aa74de0741b39e9d3ba0d6ff61a,35a1a66f78dfd6255c4d804586ee6863969be78d21acec5cd0ccf00476ddaa5c,f80984d28ef9a7550633fb3aea514f783f3db1fa655a6d3f49850b10857e6afc,float64,fpr95,ood_metric/fpr95_id_tpr,OOD-4,primary,down,id_train,id_test_vs_mnist,detector_declared,detector/mahalanobis_raw,mnist,0.025942857142857156,0.059599999999999986,-0.006785714285714284,0.026252380952380954,0.03319393949273901,0.026252 ± 0.033194
C1,adam,adamw,optimizer_a_minus_optimizer_b_seed_matched,b701f780ad99d469949a985b0472b8d1f26be0545e531d92895b7559ca142328,61d7d1f20bc593cc2d106f24f0343084f56f811c8ebc63c856eaced34c50b65f,0.0003,0.0,0.003,0.1,last,metric_contract_v1.2,c38b09694be88aa74de0741b39e9d3ba0d6ff61a,35a1a66f78dfd6255c4d804586ee6863969be78d21acec5cd0ccf00476ddaa5c,f80984d28ef9a7550633fb3aea514f783f3db1fa655a6d3f49850b10857e6afc,float64,aupr_in,ood_metric/aupr_in_openood_auc,OOD-2,primary,up,id_train,id_test_vs_mnist,detector_declared,detector/mahalanobis_raw,mnist,-0.1707147284985326,-0.29334037678662467,-0.16520636861482618,-0.2097538246333278,0.07244045335866534,-0.209754 ± 0.072440
C1,adam,adamw,optimizer_a_minus_optimizer_b_seed_matched,b701f780ad99d469949a985b0472b8d1f26be0545e531d92895b7559ca142328,61d7d1f20bc593cc2d106f24f0343084f56f811c8ebc63c856eaced34c50b65f,0.0003,0.0,0.003,0.1,last,metric_contract_v1.2,c38b09694be88aa74de0741b39e9d3ba0d6ff61a,35a1a66f78dfd6255c4d804586ee6863969be78d21acec5cd0ccf00476ddaa5c,f80984d28ef9a7550633fb3aea514f783f3db1fa655a6d3f49850b10857e6afc,float64,aupr_out,ood_metric/aupr_out_openood_auc,OOD-3,primary,up,id_train,id_test_vs_mnist,detector_declared,detector/mahalanobis_raw,mnist,-0.02539731381391619,-0.07307034213796204,-0.004593959645745049,-0.03435387186587443,0.035105821296598005,-0.034354 ± 0.035106
C1,adam,adamw,optimizer_a_minus_optimizer_b_seed_matched,b701f780ad99d469949a985b0472b8d1f26be0545e531d92895b7559ca142328,61d7d1f20bc593cc2d106f24f0343084f56f811c8ebc63c856eaced34c50b65f,0.0003,0.0,0.003,0.1,last,metric_contract_v1.2,c38b09694be88aa74de0741b39e9d3ba0d6ff61a,35a1a66f78dfd6255c4d804586ee6863969be78d21acec5cd0ccf00476ddaa5c,f80984d28ef9a7550633fb3aea514f783f3db1fa655a6d3f49850b10857e6afc,float64,auroc,ood_metric/auroc_id_positive,OOD-1,primary,up,id_train,id_test_vs_mnist,detector_declared,detector/neco_author_std_dim100,mnist,0.016644345714285746,0.002463822857142861,0.08892442571428583,0.036010864761904814,0.046369769318182874,0.036011 ± 0.046370
C1,adam,adamw,optimizer_a_minus_optimizer_b_seed_matched,b701f780ad99d469949a985b0472b8d1f26be0545e531d92895b7559ca142328,61d7d1f20bc593cc2d106f24f0343084f56f811c8ebc63c856eaced34c50b65f,0.0003,0.0,0.003,0.1,last,metric_contract_v1.2,c38b09694be88aa74de0741b39e9d3ba0d6ff61a,35a1a66f78dfd6255c4d804586ee6863969be78d21acec5cd0ccf00476ddaa5c,f80984d28ef9a7550633fb3aea514f783f3db1fa655a6d3f49850b10857e6afc,float64,fpr95,ood_metric/fpr95_id_tpr,OOD-4,primary,down,id_train,id_test_vs_mnist,detector_declared,detector/neco_author_std_dim100,mnist,0.0016857142857142349,0.19935714285714284,-0.1124857142857143,0.029519047619047594,0.15777361224580122,0.029519 ± 0.157774
C1,adam,adamw,optimizer_a_minus_optimizer_b_seed_matched,b701f780ad99d469949a985b0472b8d1f26be0545e531d92895b7559ca142328,61d7d1f20bc593cc2d106f24f0343084f56f811c8ebc63c856eaced34c50b65f,0.0003,0.0,0.003,0.1,last,metric_contract_v1.2,c38b09694be88aa74de0741b39e9d3ba0d6ff61a,35a1a66f78dfd6255c4d804586ee6863969be78d21acec5cd0ccf00476ddaa5c,f80984d28ef9a7550633fb3aea514f783f3db1fa655a6d3f49850b10857e6afc,float64,aupr_in,ood_metric/aupr_in_openood_auc,OOD-2,primary,up,id_train,id_test_vs_mnist,detector_declared,detector/neco_author_std_dim100,mnist,0.08625948377526005,0.16591320714550173,0.4162985702365988,0.2228237537191202,0.17222240673483735,0.222824 ± 0.172222
C1,adam,adamw,optimizer_a_minus_optimizer_b_seed_matched,b701f780ad99d469949a985b0472b8d1f26be0545e531d92895b7559ca142328,61d7d1f20bc593cc2d106f24f0343084f56f811c8ebc63c856eaced34c50b65f,0.0003,0.0,0.003,0.1,last,metric_contract_v1.2,c38b09694be88aa74de0741b39e9d3ba0d6ff61a,35a1a66f78dfd6255c4d804586ee6863969be78d21acec5cd0ccf00476ddaa5c,f80984d28ef9a7550633fb3aea514f783f3db1fa655a6d3f49850b10857e6afc,float64,aupr_out,ood_metric/aupr_out_openood_auc,OOD-3,primary,up,id_train,id_test_vs_mnist,detector_declared,detector/neco_author_std_dim100,mnist,-0.0018003110117010834,-0.007233113267972824,0.011674019598915009,0.0008801984397470338,0.00973441146146055,0.000880 ± 0.009734
C1,adam,adamw,optimizer_a_minus_optimizer_b_seed_matched,b701f780ad99d469949a985b0472b8d1f26be0545e531d92895b7559ca142328,61d7d1f20bc593cc2d106f24f0343084f56f811c8ebc63c856eaced34c50b65f,0.0003,0.0,0.003,0.1,last,metric_contract_v1.2,c38b09694be88aa74de0741b39e9d3ba0d6ff61a,35a1a66f78dfd6255c4d804586ee6863969be78d21acec5cd0ccf00476ddaa5c,f80984d28ef9a7550633fb3aea514f783f3db1fa655a6d3f49850b10857e6afc,float64,auroc,ood_metric/auroc_id_positive,OOD-1,primary,up,id_train,id_test_vs_mnist,detector_declared,detector/relative_mahalanobis_pp,mnist,-0.0070498114285713065,-0.02298451285714287,-0.019935808571428626,-0.016656710952380933,0.008458311787872527,-0.016657 ± 0.008458
C1,adam,adamw,optimizer_a_minus_optimizer_b_seed_matched,b701f780ad99d469949a985b0472b8d1f26be0545e531d92895b7559ca142328,61d7d1f20bc593cc2d106f24f0343084f56f811c8ebc63c856eaced34c50b65f,0.0003,0.0,0.003,0.1,last,metric_contract_v1.2,c38b09694be88aa74de0741b39e9d3ba0d6ff61a,35a1a66f78dfd6255c4d804586ee6863969be78d21acec5cd0ccf00476ddaa5c,f80984d28ef9a7550633fb3aea514f783f3db1fa655a6d3f49850b10857e6afc,float64,fpr95,ood_metric/fpr95_id_tpr,OOD-4,primary,down,id_train,id_test_vs_mnist,detector_declared,detector/relative_mahalanobis_pp,mnist,0.03197142857142854,0.09272857142857144,0.05781428571428571,0.060838095238095226,0.030491231035627744,0.060838 ± 0.030491
C1,adam,adamw,optimizer_a_minus_optimizer_b_seed_matched,b701f780ad99d469949a985b0472b8d1f26be0545e531d92895b7559ca142328,61d7d1f20bc593cc2d106f24f0343084f56f811c8ebc63c856eaced34c50b65f,0.0003,0.0,0.003,0.1,last,metric_contract_v1.2,c38b09694be88aa74de0741b39e9d3ba0d6ff61a,35a1a66f78dfd6255c4d804586ee6863969be78d21acec5cd0ccf00476ddaa5c,f80984d28ef9a7550633fb3aea514f783f3db1fa655a6d3f49850b10857e6afc,float64,aupr_in,ood_metric/aupr_in_openood_auc,OOD-2,primary,up,id_train,id_test_vs_mnist,detector_declared,detector/relative_mahalanobis_pp,mnist,0.00636536190052972,-0.07854392406534716,-0.0911910915006866,-0.05445655122183468,0.0530515461408309,-0.054457 ± 0.053052
C1,adam,adamw,optimizer_a_minus_optimizer_b_seed_matched,b701f780ad99d469949a985b0472b8d1f26be0545e531d92895b7559ca142328,61d7d1f20bc593cc2d106f24f0343084f56f811c8ebc63c856eaced34c50b65f,0.0003,0.0,0.003,0.1,last,metric_contract_v1.2,c38b09694be88aa74de0741b39e9d3ba0d6ff61a,35a1a66f78dfd6255c4d804586ee6863969be78d21acec5cd0ccf00476ddaa5c,f80984d28ef9a7550633fb3aea514f783f3db1fa655a6d3f49850b10857e6afc,float64,aupr_out,ood_metric/aupr_out_openood_auc,OOD-3,primary,up,id_train,id_test_vs_mnist,detector_declared,detector/relative_mahalanobis_pp,mnist,-0.0015613695951043338,-0.004646576119480383,-0.0038602513882335376,-0.003356065700939418,0.0016032084175076297,-0.003356 ± 0.001603
C1,adam,adamw,optimizer_a_minus_optimizer_b_seed_matched,b701f780ad99d469949a985b0472b8d1f26be0545e531d92895b7559ca142328,61d7d1f20bc593cc2d106f24f0343084f56f811c8ebc63c856eaced34c50b65f,0.0003,0.0,0.003,0.1,last,metric_contract_v1.2,c38b09694be88aa74de0741b39e9d3ba0d6ff61a,35a1a66f78dfd6255c4d804586ee6863969be78d21acec5cd0ccf00476ddaa5c,f80984d28ef9a7550633fb3aea514f783f3db1fa655a6d3f49850b10857e6afc,float64,auroc,ood_metric/auroc_id_positive,OOD-1,primary,up,id_train,id_test_vs_mnist,detector_declared,detector/relative_mahalanobis_raw,mnist,-0.008977327142856928,-0.01139211142857155,-0.01771654428571423,-0.01269532761904757,0.004513009904358937,-0.012695 ± 0.004513
C1,adam,adamw,optimizer_a_minus_optimizer_b_seed_matched,b701f780ad99d469949a985b0472b8d1f26be0545e531d92895b7559ca142328,61d7d1f20bc593cc2d106f24f0343084f56f811c8ebc63c856eaced34c50b65f,0.0003,0.0,0.003,0.1,last,metric_contract_v1.2,c38b09694be88aa74de0741b39e9d3ba0d6ff61a,35a1a66f78dfd6255c4d804586ee6863969be78d21acec5cd0ccf00476ddaa5c,f80984d28ef9a7550633fb3aea514f783f3db1fa655a6d3f49850b10857e6afc,float64,fpr95,ood_metric/fpr95_id_tpr,OOD-4,primary,down,id_train,id_test_vs_mnist,detector_declared,detector/relative_mahalanobis_raw,mnist,0.0017142857142856682,0.048514285714285676,0.07277142857142854,0.04099999999999996,0.03611963115955147,0.041000 ± 0.036120
C1,adam,adamw,optimizer_a_minus_optimizer_b_seed_matched,b701f780ad99d469949a985b0472b8d1f26be0545e531d92895b7559ca142328,61d7d1f20bc593cc2d106f24f0343084f56f811c8ebc63c856eaced34c50b65f,0.0003,0.0,0.003,0.1,last,metric_contract_v1.2,c38b09694be88aa74de0741b39e9d3ba0d6ff61a,35a1a66f78dfd6255c4d804586ee6863969be78d21acec5cd0ccf00476ddaa5c,f80984d28ef9a7550633fb3aea514f783f3db1fa655a6d3f49850b10857e6afc,float64,aupr_in,ood_metric/aupr_in_openood_auc,OOD-2,primary,up,id_train,id_test_vs_mnist,detector_declared,detector/relative_mahalanobis_raw,mnist,-0.05348686191270735,-0.04286327657665323,-0.08265669497417194,-0.059668944487844176,0.020604432670286093,-0.059669 ± 0.020604
C1,adam,adamw,optimizer_a_minus_optimizer_b_seed_matched,b701f780ad99d469949a985b0472b8d1f26be0545e531d92895b7559ca142328,61d7d1f20bc593cc2d106f24f0343084f56f811c8ebc63c856eaced34c50b65f,0.0003,0.0,0.003,0.1,last,metric_contract_v1.2,c38b09694be88aa74de0741b39e9d3ba0d6ff61a,35a1a66f78dfd6255c4d804586ee6863969be78d21acec5cd0ccf00476ddaa5c,f80984d28ef9a7550633fb3aea514f783f3db1fa655a6d3f49850b10857e6afc,float64,aupr_out,ood_metric/aupr_out_openood_auc,OOD-3,primary,up,id_train,id_test_vs_mnist,detector_declared,detector/relative_mahalanobis_raw,mnist,-0.0007209522463555995,-0.0021270371310939673,-0.0029512543480335607,-0.0019330812418277092,0.001127730478183099,-0.001933 ± 0.001128
C1,adam,adamw,optimizer_a_minus_optimizer_b_seed_matched,b701f780ad99d469949a985b0472b8d1f26be0545e531d92895b7559ca142328,61d7d1f20bc593cc2d106f24f0343084f56f811c8ebc63c856eaced34c50b65f,0.0003,0.0,0.003,0.1,last,metric_contract_v1.2,c38b09694be88aa74de0741b39e9d3ba0d6ff61a,35a1a66f78dfd6255c4d804586ee6863969be78d21acec5cd0ccf00476ddaa5c,f80984d28ef9a7550633fb3aea514f783f3db1fa655a6d3f49850b10857e6afc,float64,auroc,ood_metric/auroc_id_positive,OOD-1,primary,up,id_train,id_test_vs_mnist,detector_declared,detector/vim_author_dim,mnist,-0.016773519999999764,-0.04646005142857157,-0.0214786842857142,-0.028237418571428512,0.015955654293182808,-0.028237 ± 0.015956
C1,adam,adamw,optimizer_a_minus_optimizer_b_seed_matched,b701f780ad99d469949a985b0472b8d1f26be0545e531d92895b7559ca142328,61d7d1f20bc593cc2d106f24f0343084f56f811c8ebc63c856eaced34c50b65f,0.0003,0.0,0.003,0.1,last,metric_contract_v1.2,c38b09694be88aa74de0741b39e9d3ba0d6ff61a,35a1a66f78dfd6255c4d804586ee6863969be78d21acec5cd0ccf00476ddaa5c,f80984d28ef9a7550633fb3aea514f783f3db1fa655a6d3f49850b10857e6afc,float64,fpr95,ood_metric/fpr95_id_tpr,OOD-4,primary,down,id_train,id_test_vs_mnist,detector_declared,detector/vim_author_dim,mnist,0.1495571428571429,0.33008571428571426,0.12021428571428572,0.19995238095238096,0.11364974328901874,0.199952 ± 0.113650
C1,adam,adamw,optimizer_a_minus_optimizer_b_seed_matched,b701f780ad99d469949a985b0472b8d1f26be0545e531d92895b7559ca142328,61d7d1f20bc593cc2d106f24f0343084f56f811c8ebc63c856eaced34c50b65f,0.0003,0.0,0.003,0.1,last,metric_contract_v1.2,c38b09694be88aa74de0741b39e9d3ba0d6ff61a,35a1a66f78dfd6255c4d804586ee6863969be78d21acec5cd0ccf00476ddaa5c,f80984d28ef9a7550633fb3aea514f783f3db1fa655a6d3f49850b10857e6afc,float64,aupr_in,ood_metric/aupr_in_openood_auc,OOD-2,primary,up,id_train,id_test_vs_mnist,detector_declared,detector/vim_author_dim,mnist,-0.012626221086286527,-0.05639792197995874,-0.0422505258744863,-0.03709155631357719,0.02233722621497724,-0.037092 ± 0.022337
C1,adam,adamw,optimizer_a_minus_optimizer_b_seed_matched,b701f780ad99d469949a985b0472b8d1f26be0545e531d92895b7559ca142328,61d7d1f20bc593cc2d106f24f0343084f56f811c8ebc63c856eaced34c50b65f,0.0003,0.0,0.003,0.1,last,metric_contract_v1.2,c38b09694be88aa74de0741b39e9d3ba0d6ff61a,35a1a66f78dfd6255c4d804586ee6863969be78d21acec5cd0ccf00476ddaa5c,f80984d28ef9a7550633fb3aea514f783f3db1fa655a6d3f49850b10857e6afc,float64,aupr_out,ood_metric/aupr_out_openood_auc,OOD-3,primary,up,id_train,id_test_vs_mnist,detector_declared,detector/vim_author_dim,mnist,-0.006720396246503557,-0.01680384183098127,-0.003553511264875242,-0.009025916447453356,0.006919492942081206,-0.009026 ± 0.006919
C1,adam,adamw,optimizer_a_minus_optimizer_b_seed_matched,b701f780ad99d469949a985b0472b8d1f26be0545e531d92895b7559ca142328,61d7d1f20bc593cc2d106f24f0343084f56f811c8ebc63c856eaced34c50b65f,0.0003,0.0,0.003,0.1,last,metric_contract_v1.2,c38b09694be88aa74de0741b39e9d3ba0d6ff61a,35a1a66f78dfd6255c4d804586ee6863969be78d21acec5cd0ccf00476ddaa5c,f80984d28ef9a7550633fb3aea514f783f3db1fa655a6d3f49850b10857e6afc,float64,auroc,ood_metric/auroc_id_positive,OOD-1,primary,up,,id_test_vs_mnist,detector_declared,ood_score/energy_t1,mnist,0.011844664285714512,0.002350145714285601,0.011092238571428492,0.008429016190476202,0.005277881754416824,0.008429 ± 0.005278
C1,adam,adamw,optimizer_a_minus_optimizer_b_seed_matched,b701f780ad99d469949a985b0472b8d1f26be0545e531d92895b7559ca142328,61d7d1f20bc593cc2d106f24f0343084f56f811c8ebc63c856eaced34c50b65f,0.0003,0.0,0.003,0.1,last,metric_contract_v1.2,c38b09694be88aa74de0741b39e9d3ba0d6ff61a,35a1a66f78dfd6255c4d804586ee6863969be78d21acec5cd0ccf00476ddaa5c,f80984d28ef9a7550633fb3aea514f783f3db1fa655a6d3f49850b10857e6afc,float64,fpr95,ood_metric/fpr95_id_tpr,OOD-4,primary,down,,id_test_vs_mnist,detector_declared,ood_score/energy_t1,mnist,-0.05314285714285716,0.026757142857142868,-0.013385714285714279,-0.013257142857142856,0.03995015516814903,-0.013257 ± 0.039950
C1,adam,adamw,optimizer_a_minus_optimizer_b_seed_matched,b701f780ad99d469949a985b0472b8d1f26be0545e531d92895b7559ca142328,61d7d1f20bc593cc2d106f24f0343084f56f811c8ebc63c856eaced34c50b65f,0.0003,0.0,0.003,0.1,last,metric_contract_v1.2,c38b09694be88aa74de0741b39e9d3ba0d6ff61a,35a1a66f78dfd6255c4d804586ee6863969be78d21acec5cd0ccf00476ddaa5c,f80984d28ef9a7550633fb3aea514f783f3db1fa655a6d3f49850b10857e6afc,float64,aupr_in,ood_metric/aupr_in_openood_auc,OOD-2,primary,up,,id_test_vs_mnist,detector_declared,ood_score/energy_t1,mnist,0.04630253000848661,0.04260373399379247,0.0828088350750118,0.05723836635909696,0.022221766935895622,0.057238 ± 0.022222
C1,adam,adamw,optimizer_a_minus_optimizer_b_seed_matched,b701f780ad99d469949a985b0472b8d1f26be0545e531d92895b7559ca142328,61d7d1f20bc593cc2d106f24f0343084f56f811c8ebc63c856eaced34c50b65f,0.0003,0.0,0.003,0.1,last,metric_contract_v1.2,c38b09694be88aa74de0741b39e9d3ba0d6ff61a,35a1a66f78dfd6255c4d804586ee6863969be78d21acec5cd0ccf00476ddaa5c,f80984d28ef9a7550633fb3aea514f783f3db1fa655a6d3f49850b10857e6afc,float64,aupr_out,ood_metric/aupr_out_openood_auc,OOD-3,primary,up,,id_test_vs_mnist,detector_declared,ood_score/energy_t1,mnist,0.002778716389488012,-9.394123231187823e-05,0.0018864767111647085,0.0015237506227802806,0.0014702782438767333,0.001524 ± 0.001470
C1,adam,adamw,optimizer_a_minus_optimizer_b_seed_matched,b701f780ad99d469949a985b0472b8d1f26be0545e531d92895b7559ca142328,61d7d1f20bc593cc2d106f24f0343084f56f811c8ebc63c856eaced34c50b65f,0.0003,0.0,0.003,0.1,last,metric_contract_v1.2,c38b09694be88aa74de0741b39e9d3ba0d6ff61a,35a1a66f78dfd6255c4d804586ee6863969be78d21acec5cd0ccf00476ddaa5c,f80984d28ef9a7550633fb3aea514f783f3db1fa655a6d3f49850b10857e6afc,float64,auroc,ood_metric/auroc_id_positive,OOD-1,primary,up,,id_test_vs_mnist,detector_declared,ood_score/max_logit,mnist,0.011586976428571316,0.0021223164285714136,0.010504204285714303,0.008071165714285677,0.00518022246109606,0.008071 ± 0.005180
C1,adam,adamw,optimizer_a_minus_optimizer_b_seed_matched,b701f780ad99d469949a985b0472b8d1f26be0545e531d92895b7559ca142328,61d7d1f20bc593cc2d106f24f0343084f56f811c8ebc63c856eaced34c50b65f,0.0003,0.0,0.003,0.1,last,metric_contract_v1.2,c38b09694be88aa74de0741b39e9d3ba0d6ff61a,35a1a66f78dfd6255c4d804586ee6863969be78d21acec5cd0ccf00476ddaa5c,f80984d28ef9a7550633fb3aea514f783f3db1fa655a6d3f49850b10857e6afc,float64,fpr95,ood_metric/fpr95_id_tpr,OOD-4,primary,down,,id_test_vs_mnist,detector_declared,ood_score/max_logit,mnist,-0.05234285714285719,0.029014285714285715,-0.00795714285714283,-0.010428571428571435,0.04073483942348546,-0.010429 ± 0.040735
C1,adam,adamw,optimizer_a_minus_optimizer_b_seed_matched,b701f780ad99d469949a985b0472b8d1f26be0545e531d92895b7559ca142328,61d7d1f20bc593cc2d106f24f0343084f56f811c8ebc63c856eaced34c50b65f,0.0003,0.0,0.003,0.1,last,metric_contract_v1.2,c38b09694be88aa74de0741b39e9d3ba0d6ff61a,35a1a66f78dfd6255c4d804586ee6863969be78d21acec5cd0ccf00476ddaa5c,f80984d28ef9a7550633fb3aea514f783f3db1fa655a6d3f49850b10857e6afc,float64,aupr_in,ood_metric/aupr_in_openood_auc,OOD-2,primary,up,,id_test_vs_mnist,detector_declared,ood_score/max_logit,mnist,0.04601308218339206,0.042365278265416806,0.08246869730252349,0.05694901925044412,0.022175822290669066,0.056949 ± 0.022176
C1,adam,adamw,optimizer_a_minus_optimizer_b_seed_matched,b701f780ad99d469949a985b0472b8d1f26be0545e531d92895b7559ca142328,61d7d1f20bc593cc2d106f24f0343084f56f811c8ebc63c856eaced34c50b65f,0.0003,0.0,0.003,0.1,last,metric_contract_v1.2,c38b09694be88aa74de0741b39e9d3ba0d6ff61a,35a1a66f78dfd6255c4d804586ee6863969be78d21acec5cd0ccf00476ddaa5c,f80984d28ef9a7550633fb3aea514f783f3db1fa655a6d3f49850b10857e6afc,float64,aupr_out,ood_metric/aupr_out_openood_auc,OOD-3,primary,up,,id_test_vs_mnist,detector_declared,ood_score/max_logit,mnist,0.0026948918256136656,-3.5362758093127056e-05,0.001689199060649571,0.00144957604272337,0.0013808102389550251,0.001450 ± 0.001381
C1,adam,adamw,optimizer_a_minus_optimizer_b_seed_matched,b701f780ad99d469949a985b0472b8d1f26be0545e531d92895b7559ca142328,61d7d1f20bc593cc2d106f24f0343084f56f811c8ebc63c856eaced34c50b65f,0.0003,0.0,0.003,0.1,last,metric_contract_v1.2,c38b09694be88aa74de0741b39e9d3ba0d6ff61a,35a1a66f78dfd6255c4d804586ee6863969be78d21acec5cd0ccf00476ddaa5c,f80984d28ef9a7550633fb3aea514f783f3db1fa655a6d3f49850b10857e6afc,float64,auroc,ood_metric/auroc_id_positive,OOD-1,primary,up,,id_test_vs_mnist,detector_declared,ood_score/msp,mnist,0.0017922442857144505,-0.0057065257142855375,-0.014031544285714403,-0.00598194190476183,0.00791548872444418,-0.005982 ± 0.007915
C1,adam,adamw,optimizer_a_minus_optimizer_b_seed_matched,b701f780ad99d469949a985b0472b8d1f26be0545e531d92895b7559ca142328,61d7d1f20bc593cc2d106f24f0343084f56f811c8ebc63c856eaced34c50b65f,0.0003,0.0,0.003,0.1,last,metric_contract_v1.2,c38b09694be88aa74de0741b39e9d3ba0d6ff61a,35a1a66f78dfd6255c4d804586ee6863969be78d21acec5cd0ccf00476ddaa5c,f80984d28ef9a7550633fb3aea514f783f3db1fa655a6d3f49850b10857e6afc,float64,fpr95,ood_metric/fpr95_id_tpr,OOD-4,primary,down,,id_test_vs_mnist,detector_declared,ood_score/msp,mnist,0.05720000000000003,0.0904428571428571,0.12498571428571431,0.09087619047619049,0.0338949347047528,0.090876 ± 0.033895
C1,adam,adamw,optimizer_a_minus_optimizer_b_seed_matched,b701f780ad99d469949a985b0472b8d1f26be0545e531d92895b7559ca142328,61d7d1f20bc593cc2d106f24f0343084f56f811c8ebc63c856eaced34c50b65f,0.0003,0.0,0.003,0.1,last,metric_contract_v1.2,c38b09694be88aa74de0741b39e9d3ba0d6ff61a,35a1a66f78dfd6255c4d804586ee6863969be78d21acec5cd0ccf00476ddaa5c,f80984d28ef9a7550633fb3aea514f783f3db1fa655a6d3f49850b10857e6afc,float64,aupr_in,ood_metric/aupr_in_openood_auc,OOD-2,primary,up,,id_test_vs_mnist,detector_declared,ood_score/msp,mnist,0.045596279592857725,0.03885062032340714,0.048653386127221254,0.044366762014495374,0.005015709267664283,0.044367 ± 0.005016
C1,adam,adamw,optimizer_a_minus_optimizer_b_seed_matched,b701f780ad99d469949a985b0472b8d1f26be0545e531d92895b7559ca142328,61d7d1f20bc593cc2d106f24f0343084f56f811c8ebc63c856eaced34c50b65f,0.0003,0.0,0.003,0.1,last,metric_contract_v1.2,c38b09694be88aa74de0741b39e9d3ba0d6ff61a,35a1a66f78dfd6255c4d804586ee6863969be78d21acec5cd0ccf00476ddaa5c,f80984d28ef9a7550633fb3aea514f783f3db1fa655a6d3f49850b10857e6afc,float64,aupr_out,ood_metric/aupr_out_openood_auc,OOD-3,primary,up,,id_test_vs_mnist,detector_declared,ood_score/msp,mnist,-0.0006580104830736788,-0.0019432228663149864,-0.004836640734625752,-0.0024792913613381393,0.002140272124827548,-0.002479 ± 0.002140
C2,sgd,adam,optimizer_a_minus_optimizer_b_seed_matched,86af0abedd46c2a0c8eddb4fea4739037bd2bfd7259cc44a9b8303088bfee3b9,db137e7d3c712f7a4752a4ecaee827c58ae25bc907f916dbab0de88a87e33211,0.3,0.0001,0.0003,0.001,last,metric_contract_v1.2,c38b09694be88aa74de0741b39e9d3ba0d6ff61a,35a1a66f78dfd6255c4d804586ee6863969be78d21acec5cd0ccf00476ddaa5c,f80984d28ef9a7550633fb3aea514f783f3db1fa655a6d3f49850b10857e6afc,float64,auroc,ood_metric/auroc_id_positive,OOD-1,primary,up,id_train,id_test_vs_mnist,detector_declared,detector/ctm_prototype_cosine,mnist,0.060353594285714296,0.03982172857142874,0.006553177142857081,0.03557616666666671,0.027150318931860377,0.035576 ± 0.027150
C2,sgd,adam,optimizer_a_minus_optimizer_b_seed_matched,86af0abedd46c2a0c8eddb4fea4739037bd2bfd7259cc44a9b8303088bfee3b9,db137e7d3c712f7a4752a4ecaee827c58ae25bc907f916dbab0de88a87e33211,0.3,0.0001,0.0003,0.001,last,metric_contract_v1.2,c38b09694be88aa74de0741b39e9d3ba0d6ff61a,35a1a66f78dfd6255c4d804586ee6863969be78d21acec5cd0ccf00476ddaa5c,f80984d28ef9a7550633fb3aea514f783f3db1fa655a6d3f49850b10857e6afc,float64,fpr95,ood_metric/fpr95_id_tpr,OOD-4,primary,down,id_train,id_test_vs_mnist,detector_declared,detector/ctm_prototype_cosine,mnist,-0.22494285714285717,-0.2112857142857143,-0.02310000000000001,-0.15310952380952383,0.11279843349373012,-0.153110 ± 0.112798
C2,sgd,adam,optimizer_a_minus_optimizer_b_seed_matched,86af0abedd46c2a0c8eddb4fea4739037bd2bfd7259cc44a9b8303088bfee3b9,db137e7d3c712f7a4752a4ecaee827c58ae25bc907f916dbab0de88a87e33211,0.3,0.0001,0.0003,0.001,last,metric_contract_v1.2,c38b09694be88aa74de0741b39e9d3ba0d6ff61a,35a1a66f78dfd6255c4d804586ee6863969be78d21acec5cd0ccf00476ddaa5c,f80984d28ef9a7550633fb3aea514f783f3db1fa655a6d3f49850b10857e6afc,float64,aupr_in,ood_metric/aupr_in_openood_auc,OOD-2,primary,up,id_train,id_test_vs_mnist,detector_declared,detector/ctm_prototype_cosine,mnist,0.1688129321868187,0.0918769877284138,0.02293646395971316,0.09454212795831522,0.07297474374697874,0.094542 ± 0.072975
C2,sgd,adam,optimizer_a_minus_optimizer_b_seed_matched,86af0abedd46c2a0c8eddb4fea4739037bd2bfd7259cc44a9b8303088bfee3b9,db137e7d3c712f7a4752a4ecaee827c58ae25bc907f916dbab0de88a87e33211,0.3,0.0001,0.0003,0.001,last,metric_contract_v1.2,c38b09694be88aa74de0741b39e9d3ba0d6ff61a,35a1a66f78dfd6255c4d804586ee6863969be78d21acec5cd0ccf00476ddaa5c,f80984d28ef9a7550633fb3aea514f783f3db1fa655a6d3f49850b10857e6afc,float64,aupr_out,ood_metric/aupr_out_openood_auc,OOD-3,primary,up,id_train,id_test_vs_mnist,detector_declared,detector/ctm_prototype_cosine,mnist,0.013011805958157874,0.007926184276926374,0.0004606657451579066,0.007132885326747385,0.006313063644528109,0.007133 ± 0.006313
C2,sgd,adam,optimizer_a_minus_optimizer_b_seed_matched,86af0abedd46c2a0c8eddb4fea4739037bd2bfd7259cc44a9b8303088bfee3b9,db137e7d3c712f7a4752a4ecaee827c58ae25bc907f916dbab0de88a87e33211,0.3,0.0001,0.0003,0.001,last,metric_contract_v1.2,c38b09694be88aa74de0741b39e9d3ba0d6ff61a,35a1a66f78dfd6255c4d804586ee6863969be78d21acec5cd0ccf00476ddaa5c,f80984d28ef9a7550633fb3aea514f783f3db1fa655a6d3f49850b10857e6afc,float64,auroc,ood_metric/auroc_id_positive,OOD-1,primary,up,id_train,id_test_vs_mnist,detector_declared,detector/knn_l2_k50,mnist,0.07030446428571435,0.04343293285714289,0.016493129999999967,0.04341017571428574,0.02690567436095755,0.043410 ± 0.026906
C2,sgd,adam,optimizer_a_minus_optimizer_b_seed_matched,86af0abedd46c2a0c8eddb4fea4739037bd2bfd7259cc44a9b8303088bfee3b9,db137e7d3c712f7a4752a4ecaee827c58ae25bc907f916dbab0de88a87e33211,0.3,0.0001,0.0003,0.001,last,metric_contract_v1.2,c38b09694be88aa74de0741b39e9d3ba0d6ff61a,35a1a66f78dfd6255c4d804586ee6863969be78d21acec5cd0ccf00476ddaa5c,f80984d28ef9a7550633fb3aea514f783f3db1fa655a6d3f49850b10857e6afc,float64,fpr95,ood_metric/fpr95_id_tpr,OOD-4,primary,down,id_train,id_test_vs_mnist,detector_declared,detector/knn_l2_k50,mnist,-0.29574285714285714,-0.22078571428571425,-0.05650000000000005,-0.19100952380952382,0.1223693275005022,-0.191010 ± 0.122369
C2,sgd,adam,optimizer_a_minus_optimizer_b_seed_matched,86af0abedd46c2a0c8eddb4fea4739037bd2bfd7259cc44a9b8303088bfee3b9,db137e7d3c712f7a4752a4ecaee827c58ae25bc907f916dbab0de88a87e33211,0.3,0.0001,0.0003,0.001,last,metric_contract_v1.2,c38b09694be88aa74de0741b39e9d3ba0d6ff61a,35a1a66f78dfd6255c4d804586ee6863969be78d21acec5cd0ccf00476ddaa5c,f80984d28ef9a7550633fb3aea514f783f3db1fa655a6d3f49850b10857e6afc,float64,aupr_in,ood_metric/aupr_in_openood_auc,OOD-2,primary,up,id_train,id_test_vs_mnist,detector_declared,detector/knn_l2_k50,mnist,0.18662695319410583,0.11647891477598138,0.06229938224670828,0.12180175007226517,0.06233446603696518,0.121802 ± 0.062334
C2,sgd,adam,optimizer_a_minus_optimizer_b_seed_matched,86af0abedd46c2a0c8eddb4fea4739037bd2bfd7259cc44a9b8303088bfee3b9,db137e7d3c712f7a4752a4ecaee827c58ae25bc907f916dbab0de88a87e33211,0.3,0.0001,0.0003,0.001,last,metric_contract_v1.2,c38b09694be88aa74de0741b39e9d3ba0d6ff61a,35a1a66f78dfd6255c4d804586ee6863969be78d21acec5cd0ccf00476ddaa5c,f80984d28ef9a7550633fb3aea514f783f3db1fa655a6d3f49850b10857e6afc,float64,aupr_out,ood_metric/aupr_out_openood_auc,OOD-3,primary,up,id_train,id_test_vs_mnist,detector_declared,detector/knn_l2_k50,mnist,0.014903902473227926,0.008278215841110437,0.001429164017675899,0.008203760777338087,0.006737677773444955,0.008204 ± 0.006738
C2,sgd,adam,optimizer_a_minus_optimizer_b_seed_matched,86af0abedd46c2a0c8eddb4fea4739037bd2bfd7259cc44a9b8303088bfee3b9,db137e7d3c712f7a4752a4ecaee827c58ae25bc907f916dbab0de88a87e33211,0.3,0.0001,0.0003,0.001,last,metric_contract_v1.2,c38b09694be88aa74de0741b39e9d3ba0d6ff61a,35a1a66f78dfd6255c4d804586ee6863969be78d21acec5cd0ccf00476ddaa5c,f80984d28ef9a7550633fb3aea514f783f3db1fa655a6d3f49850b10857e6afc,float64,auroc,ood_metric/auroc_id_positive,OOD-1,primary,up,id_train,id_test_vs_mnist,detector_declared,detector/mahalanobis_pp,mnist,0.03786289857142866,0.008275084285714107,-0.0034035114285713153,0.014244823809523818,0.021271048188996854,0.014245 ± 0.021271
C2,sgd,adam,optimizer_a_minus_optimizer_b_seed_matched,86af0abedd46c2a0c8eddb4fea4739037bd2bfd7259cc44a9b8303088bfee3b9,db137e7d3c712f7a4752a4ecaee827c58ae25bc907f916dbab0de88a87e33211,0.3,0.0001,0.0003,0.001,last,metric_contract_v1.2,c38b09694be88aa74de0741b39e9d3ba0d6ff61a,35a1a66f78dfd6255c4d804586ee6863969be78d21acec5cd0ccf00476ddaa5c,f80984d28ef9a7550633fb3aea514f783f3db1fa655a6d3f49850b10857e6afc,float64,fpr95,ood_metric/fpr95_id_tpr,OOD-4,primary,down,id_train,id_test_vs_mnist,detector_declared,detector/mahalanobis_pp,mnist,-0.20877142857142855,-0.03487142857142855,0.01780000000000001,-0.07528095238095237,0.11856791417625952,-0.075281 ± 0.118568
C2,sgd,adam,optimizer_a_minus_optimizer_b_seed_matched,86af0abedd46c2a0c8eddb4fea4739037bd2bfd7259cc44a9b8303088bfee3b9,db137e7d3c712f7a4752a4ecaee827c58ae25bc907f916dbab0de88a87e33211,0.3,0.0001,0.0003,0.001,last,metric_contract_v1.2,c38b09694be88aa74de0741b39e9d3ba0d6ff61a,35a1a66f78dfd6255c4d804586ee6863969be78d21acec5cd0ccf00476ddaa5c,f80984d28ef9a7550633fb3aea514f783f3db1fa655a6d3f49850b10857e6afc,float64,aupr_in,ood_metric/aupr_in_openood_auc,OOD-2,primary,up,id_train,id_test_vs_mnist,detector_declared,detector/mahalanobis_pp,mnist,0.11834759571263631,0.03576013139123668,0.010041609989814515,0.054716445697895834,0.05658668593333292,0.054716 ± 0.056587
C2,sgd,adam,optimizer_a_minus_optimizer_b_seed_matched,86af0abedd46c2a0c8eddb4fea4739037bd2bfd7259cc44a9b8303088bfee3b9,db137e7d3c712f7a4752a4ecaee827c58ae25bc907f916dbab0de88a87e33211,0.3,0.0001,0.0003,0.001,last,metric_contract_v1.2,c38b09694be88aa74de0741b39e9d3ba0d6ff61a,35a1a66f78dfd6255c4d804586ee6863969be78d21acec5cd0ccf00476ddaa5c,f80984d28ef9a7550633fb3aea514f783f3db1fa655a6d3f49850b10857e6afc,float64,aupr_out,ood_metric/aupr_out_openood_auc,OOD-3,primary,up,id_train,id_test_vs_mnist,detector_declared,detector/mahalanobis_pp,mnist,0.006447115149371352,0.001100197349619303,-0.0031034116156078984,0.0014813002944609188,0.004786655404671562,0.001481 ± 0.004787
C2,sgd,adam,optimizer_a_minus_optimizer_b_seed_matched,86af0abedd46c2a0c8eddb4fea4739037bd2bfd7259cc44a9b8303088bfee3b9,db137e7d3c712f7a4752a4ecaee827c58ae25bc907f916dbab0de88a87e33211,0.3,0.0001,0.0003,0.001,last,metric_contract_v1.2,c38b09694be88aa74de0741b39e9d3ba0d6ff61a,35a1a66f78dfd6255c4d804586ee6863969be78d21acec5cd0ccf00476ddaa5c,f80984d28ef9a7550633fb3aea514f783f3db1fa655a6d3f49850b10857e6afc,float64,auroc,ood_metric/auroc_id_positive,OOD-1,primary,up,id_train,id_test_vs_mnist,detector_declared,detector/mahalanobis_raw,mnist,0.5435834342857143,0.32138015857142865,0.3763822785714287,0.4137819571428572,0.11572651339461645,0.413782 ± 0.115727
C2,sgd,adam,optimizer_a_minus_optimizer_b_seed_matched,86af0abedd46c2a0c8eddb4fea4739037bd2bfd7259cc44a9b8303088bfee3b9,db137e7d3c712f7a4752a4ecaee827c58ae25bc907f916dbab0de88a87e33211,0.3,0.0001,0.0003,0.001,last,metric_contract_v1.2,c38b09694be88aa74de0741b39e9d3ba0d6ff61a,35a1a66f78dfd6255c4d804586ee6863969be78d21acec5cd0ccf00476ddaa5c,f80984d28ef9a7550633fb3aea514f783f3db1fa655a6d3f49850b10857e6afc,float64,fpr95,ood_metric/fpr95_id_tpr,OOD-4,primary,down,id_train,id_test_vs_mnist,detector_declared,detector/mahalanobis_raw,mnist,-0.5855857142857143,-0.33475714285714275,-0.27601428571428566,-0.39878571428571424,0.16441824964500304,-0.398786 ± 0.164418
C2,sgd,adam,optimizer_a_minus_optimizer_b_seed_matched,86af0abedd46c2a0c8eddb4fea4739037bd2bfd7259cc44a9b8303088bfee3b9,db137e7d3c712f7a4752a4ecaee827c58ae25bc907f916dbab0de88a87e33211,0.3,0.0001,0.0003,0.001,last,metric_contract_v1.2,c38b09694be88aa74de0741b39e9d3ba0d6ff61a,35a1a66f78dfd6255c4d804586ee6863969be78d21acec5cd0ccf00476ddaa5c,f80984d28ef9a7550633fb3aea514f783f3db1fa655a6d3f49850b10857e6afc,float64,aupr_in,ood_metric/aupr_in_openood_auc,OOD-2,primary,up,id_train,id_test_vs_mnist,detector_declared,detector/mahalanobis_raw,mnist,0.7430892738454291,0.5155379868114727,0.5789787323672451,0.6125353310080489,0.11742840815559712,0.612535 ± 0.117428
C2,sgd,adam,optimizer_a_minus_optimizer_b_seed_matched,86af0abedd46c2a0c8eddb4fea4739037bd2bfd7259cc44a9b8303088bfee3b9,db137e7d3c712f7a4752a4ecaee827c58ae25bc907f916dbab0de88a87e33211,0.3,0.0001,0.0003,0.001,last,metric_contract_v1.2,c38b09694be88aa74de0741b39e9d3ba0d6ff61a,35a1a66f78dfd6255c4d804586ee6863969be78d21acec5cd0ccf00476ddaa5c,f80984d28ef9a7550633fb3aea514f783f3db1fa655a6d3f49850b10857e6afc,float64,aupr_out,ood_metric/aupr_out_openood_auc,OOD-3,primary,up,id_train,id_test_vs_mnist,detector_declared,detector/mahalanobis_raw,mnist,0.1585916254952292,0.08744753264414717,0.09836875809455414,0.11480263874464351,0.03831350691096916,0.114803 ± 0.038314
C2,sgd,adam,optimizer_a_minus_optimizer_b_seed_matched,86af0abedd46c2a0c8eddb4fea4739037bd2bfd7259cc44a9b8303088bfee3b9,db137e7d3c712f7a4752a4ecaee827c58ae25bc907f916dbab0de88a87e33211,0.3,0.0001,0.0003,0.001,last,metric_contract_v1.2,c38b09694be88aa74de0741b39e9d3ba0d6ff61a,35a1a66f78dfd6255c4d804586ee6863969be78d21acec5cd0ccf00476ddaa5c,f80984d28ef9a7550633fb3aea514f783f3db1fa655a6d3f49850b10857e6afc,float64,auroc,ood_metric/auroc_id_positive,OOD-1,primary,up,id_train,id_test_vs_mnist,detector_declared,detector/neco_author_std_dim100,mnist,0.013633624285714352,0.012920452857142828,0.00935416999999994,0.011969415714285706,0.002292768191771737,0.011969 ± 0.002293
C2,sgd,adam,optimizer_a_minus_optimizer_b_seed_matched,86af0abedd46c2a0c8eddb4fea4739037bd2bfd7259cc44a9b8303088bfee3b9,db137e7d3c712f7a4752a4ecaee827c58ae25bc907f916dbab0de88a87e33211,0.3,0.0001,0.0003,0.001,last,metric_contract_v1.2,c38b09694be88aa74de0741b39e9d3ba0d6ff61a,35a1a66f78dfd6255c4d804586ee6863969be78d21acec5cd0ccf00476ddaa5c,f80984d28ef9a7550633fb3aea514f783f3db1fa655a6d3f49850b10857e6afc,float64,fpr95,ood_metric/fpr95_id_tpr,OOD-4,primary,down,id_train,id_test_vs_mnist,detector_declared,detector/neco_author_std_dim100,mnist,-0.09372857142857138,-0.11311428571428572,-0.10639999999999994,-0.10441428571428568,0.009844225490621621,-0.104414 ± 0.009844
C2,sgd,adam,optimizer_a_minus_optimizer_b_seed_matched,86af0abedd46c2a0c8eddb4fea4739037bd2bfd7259cc44a9b8303088bfee3b9,db137e7d3c712f7a4752a4ecaee827c58ae25bc907f916dbab0de88a87e33211,0.3,0.0001,0.0003,0.001,last,metric_contract_v1.2,c38b09694be88aa74de0741b39e9d3ba0d6ff61a,35a1a66f78dfd6255c4d804586ee6863969be78d21acec5cd0ccf00476ddaa5c,f80984d28ef9a7550633fb3aea514f783f3db1fa655a6d3f49850b10857e6afc,float64,aupr_in,ood_metric/aupr_in_openood_auc,OOD-2,primary,up,id_train,id_test_vs_mnist,detector_declared,detector/neco_author_std_dim100,mnist,0.0018896177454217344,0.009711733102871545,-0.026458769993328413,-0.004952473048345045,0.019031210638860152,-0.004952 ± 0.019031
C2,sgd,adam,optimizer_a_minus_optimizer_b_seed_matched,86af0abedd46c2a0c8eddb4fea4739037bd2bfd7259cc44a9b8303088bfee3b9,db137e7d3c712f7a4752a4ecaee827c58ae25bc907f916dbab0de88a87e33211,0.3,0.0001,0.0003,0.001,last,metric_contract_v1.2,c38b09694be88aa74de0741b39e9d3ba0d6ff61a,35a1a66f78dfd6255c4d804586ee6863969be78d21acec5cd0ccf00476ddaa5c,f80984d28ef9a7550633fb3aea514f783f3db1fa655a6d3f49850b10857e6afc,float64,aupr_out,ood_metric/aupr_out_openood_auc,OOD-3,primary,up,id_train,id_test_vs_mnist,detector_declared,detector/neco_author_std_dim100,mnist,0.004169219028674953,0.004342040595433749,0.002536724214320163,0.0036826612794762883,0.0009961654689147868,0.003683 ± 0.000996
C2,sgd,adam,optimizer_a_minus_optimizer_b_seed_matched,86af0abedd46c2a0c8eddb4fea4739037bd2bfd7259cc44a9b8303088bfee3b9,db137e7d3c712f7a4752a4ecaee827c58ae25bc907f916dbab0de88a87e33211,0.3,0.0001,0.0003,0.001,last,metric_contract_v1.2,c38b09694be88aa74de0741b39e9d3ba0d6ff61a,35a1a66f78dfd6255c4d804586ee6863969be78d21acec5cd0ccf00476ddaa5c,f80984d28ef9a7550633fb3aea514f783f3db1fa655a6d3f49850b10857e6afc,float64,auroc,ood_metric/auroc_id_positive,OOD-1,primary,up,id_train,id_test_vs_mnist,detector_declared,detector/relative_mahalanobis_pp,mnist,0.06285312857142844,0.060435591428571356,0.010173929999999998,0.04448754999999993,0.029741040828921407,0.044488 ± 0.029741
C2,sgd,adam,optimizer_a_minus_optimizer_b_seed_matched,86af0abedd46c2a0c8eddb4fea4739037bd2bfd7259cc44a9b8303088bfee3b9,db137e7d3c712f7a4752a4ecaee827c58ae25bc907f916dbab0de88a87e33211,0.3,0.0001,0.0003,0.001,last,metric_contract_v1.2,c38b09694be88aa74de0741b39e9d3ba0d6ff61a,35a1a66f78dfd6255c4d804586ee6863969be78d21acec5cd0ccf00476ddaa5c,f80984d28ef9a7550633fb3aea514f783f3db1fa655a6d3f49850b10857e6afc,float64,fpr95,ood_metric/fpr95_id_tpr,OOD-4,primary,down,id_train,id_test_vs_mnist,detector_declared,detector/relative_mahalanobis_pp,mnist,-0.16892857142857143,-0.22477142857142862,0.04170000000000007,-0.11733333333333333,0.1405286696969794,-0.117333 ± 0.140529
C2,sgd,adam,optimizer_a_minus_optimizer_b_seed_matched,86af0abedd46c2a0c8eddb4fea4739037bd2bfd7259cc44a9b8303088bfee3b9,db137e7d3c712f7a4752a4ecaee827c58ae25bc907f916dbab0de88a87e33211,0.3,0.0001,0.0003,0.001,last,metric_contract_v1.2,c38b09694be88aa74de0741b39e9d3ba0d6ff61a,35a1a66f78dfd6255c4d804586ee6863969be78d21acec5cd0ccf00476ddaa5c,f80984d28ef9a7550633fb3aea514f783f3db1fa655a6d3f49850b10857e6afc,float64,aupr_in,ood_metric/aupr_in_openood_auc,OOD-2,primary,up,id_train,id_test_vs_mnist,detector_declared,detector/relative_mahalanobis_pp,mnist,0.20670421182195708,0.17375444876051294,0.06079387753923182,0.14708417937390061,0.0765240737578052,0.147084 ± 0.076524
C2,sgd,adam,optimizer_a_minus_optimizer_b_seed_matched,86af0abedd46c2a0c8eddb4fea4739037bd2bfd7259cc44a9b8303088bfee3b9,db137e7d3c712f7a4752a4ecaee827c58ae25bc907f916dbab0de88a87e33211,0.3,0.0001,0.0003,0.001,last,metric_contract_v1.2,c38b09694be88aa74de0741b39e9d3ba0d6ff61a,35a1a66f78dfd6255c4d804586ee6863969be78d21acec5cd0ccf00476ddaa5c,f80984d28ef9a7550633fb3aea514f783f3db1fa655a6d3f49850b10857e6afc,float64,aupr_out,ood_metric/aupr_out_openood_auc,OOD-3,primary,up,id_train,id_test_vs_mnist,detector_declared,detector/relative_mahalanobis_pp,mnist,0.013878236869869776,0.014125555473351814,-0.0019949630156864684,0.008669609775845041,0.009236618766751862,0.008670 ± 0.009237
C2,sgd,adam,optimizer_a_minus_optimizer_b_seed_matched,86af0abedd46c2a0c8eddb4fea4739037bd2bfd7259cc44a9b8303088bfee3b9,db137e7d3c712f7a4752a4ecaee827c58ae25bc907f916dbab0de88a87e33211,0.3,0.0001,0.0003,0.001,last,metric_contract_v1.2,c38b09694be88aa74de0741b39e9d3ba0d6ff61a,35a1a66f78dfd6255c4d804586ee6863969be78d21acec5cd0ccf00476ddaa5c,f80984d28ef9a7550633fb3aea514f783f3db1fa655a6d3f49850b10857e6afc,float64,auroc,ood_metric/auroc_id_positive,OOD-1,primary,up,id_train,id_test_vs_mnist,detector_declared,detector/relative_mahalanobis_raw,mnist,0.021391069999999957,0.03369238857142842,-0.014333557142857112,0.013583300476190422,0.024946819719967754,0.013583 ± 0.024947
C2,sgd,adam,optimizer_a_minus_optimizer_b_seed_matched,86af0abedd46c2a0c8eddb4fea4739037bd2bfd7259cc44a9b8303088bfee3b9,db137e7d3c712f7a4752a4ecaee827c58ae25bc907f916dbab0de88a87e33211,0.3,0.0001,0.0003,0.001,last,metric_contract_v1.2,c38b09694be88aa74de0741b39e9d3ba0d6ff61a,35a1a66f78dfd6255c4d804586ee6863969be78d21acec5cd0ccf00476ddaa5c,f80984d28ef9a7550633fb3aea514f783f3db1fa655a6d3f49850b10857e6afc,float64,fpr95,ood_metric/fpr95_id_tpr,OOD-4,primary,down,id_train,id_test_vs_mnist,detector_declared,detector/relative_mahalanobis_raw,mnist,-0.07405714285714288,-0.1476142857142857,0.12212857142857142,-0.03318095238095239,0.13943976999329247,-0.033181 ± 0.139440
C2,sgd,adam,optimizer_a_minus_optimizer_b_seed_matched,86af0abedd46c2a0c8eddb4fea4739037bd2bfd7259cc44a9b8303088bfee3b9,db137e7d3c712f7a4752a4ecaee827c58ae25bc907f916dbab0de88a87e33211,0.3,0.0001,0.0003,0.001,last,metric_contract_v1.2,c38b09694be88aa74de0741b39e9d3ba0d6ff61a,35a1a66f78dfd6255c4d804586ee6863969be78d21acec5cd0ccf00476ddaa5c,f80984d28ef9a7550633fb3aea514f783f3db1fa655a6d3f49850b10857e6afc,float64,aupr_in,ood_metric/aupr_in_openood_auc,OOD-2,primary,up,id_train,id_test_vs_mnist,detector_declared,detector/relative_mahalanobis_raw,mnist,0.053826249970770235,0.09315597575838408,-0.019402740653872708,0.04252649502509387,0.05712380857810485,0.042526 ± 0.057124
C2,sgd,adam,optimizer_a_minus_optimizer_b_seed_matched,86af0abedd46c2a0c8eddb4fea4739037bd2bfd7259cc44a9b8303088bfee3b9,db137e7d3c712f7a4752a4ecaee827c58ae25bc907f916dbab0de88a87e33211,0.3,0.0001,0.0003,0.001,last,metric_contract_v1.2,c38b09694be88aa74de0741b39e9d3ba0d6ff61a,35a1a66f78dfd6255c4d804586ee6863969be78d21acec5cd0ccf00476ddaa5c,f80984d28ef9a7550633fb3aea514f783f3db1fa655a6d3f49850b10857e6afc,float64,aupr_out,ood_metric/aupr_out_openood_auc,OOD-3,primary,up,id_train,id_test_vs_mnist,detector_declared,detector/relative_mahalanobis_raw,mnist,0.005266984452454104,0.007812162156831448,-0.007144520951995914,0.0019782085524298796,0.008002351379120112,0.001978 ± 0.008002
C2,sgd,adam,optimizer_a_minus_optimizer_b_seed_matched,86af0abedd46c2a0c8eddb4fea4739037bd2bfd7259cc44a9b8303088bfee3b9,db137e7d3c712f7a4752a4ecaee827c58ae25bc907f916dbab0de88a87e33211,0.3,0.0001,0.0003,0.001,last,metric_contract_v1.2,c38b09694be88aa74de0741b39e9d3ba0d6ff61a,35a1a66f78dfd6255c4d804586ee6863969be78d21acec5cd0ccf00476ddaa5c,f80984d28ef9a7550633fb3aea514f783f3db1fa655a6d3f49850b10857e6afc,float64,auroc,ood_metric/auroc_id_positive,OOD-1,primary,up,id_train,id_test_vs_mnist,detector_declared,detector/vim_author_dim,mnist,0.11149439571428577,0.0775130157142857,0.05277581714285717,0.08059440952380954,0.02948031730187596,0.080594 ± 0.029480
C2,sgd,adam,optimizer_a_minus_optimizer_b_seed_matched,86af0abedd46c2a0c8eddb4fea4739037bd2bfd7259cc44a9b8303088bfee3b9,db137e7d3c712f7a4752a4ecaee827c58ae25bc907f916dbab0de88a87e33211,0.3,0.0001,0.0003,0.001,last,metric_contract_v1.2,c38b09694be88aa74de0741b39e9d3ba0d6ff61a,35a1a66f78dfd6255c4d804586ee6863969be78d21acec5cd0ccf00476ddaa5c,f80984d28ef9a7550633fb3aea514f783f3db1fa655a6d3f49850b10857e6afc,float64,fpr95,ood_metric/fpr95_id_tpr,OOD-4,primary,down,id_train,id_test_vs_mnist,detector_declared,detector/vim_author_dim,mnist,-0.6393,-0.5142428571428571,-0.3819571428571429,-0.5118333333333333,0.12868834789658984,-0.511833 ± 0.128688
C2,sgd,adam,optimizer_a_minus_optimizer_b_seed_matched,86af0abedd46c2a0c8eddb4fea4739037bd2bfd7259cc44a9b8303088bfee3b9,db137e7d3c712f7a4752a4ecaee827c58ae25bc907f916dbab0de88a87e33211,0.3,0.0001,0.0003,0.001,last,metric_contract_v1.2,c38b09694be88aa74de0741b39e9d3ba0d6ff61a,35a1a66f78dfd6255c4d804586ee6863969be78d21acec5cd0ccf00476ddaa5c,f80984d28ef9a7550633fb3aea514f783f3db1fa655a6d3f49850b10857e6afc,float64,aupr_in,ood_metric/aupr_in_openood_auc,OOD-2,primary,up,id_train,id_test_vs_mnist,detector_declared,detector/vim_author_dim,mnist,0.18821861968595566,0.14263968219892365,0.07264313234933328,0.13450047807807086,0.05821604848377396,0.134500 ± 0.058216
C2,sgd,adam,optimizer_a_minus_optimizer_b_seed_matched,86af0abedd46c2a0c8eddb4fea4739037bd2bfd7259cc44a9b8303088bfee3b9,db137e7d3c712f7a4752a4ecaee827c58ae25bc907f916dbab0de88a87e33211,0.3,0.0001,0.0003,0.001,last,metric_contract_v1.2,c38b09694be88aa74de0741b39e9d3ba0d6ff61a,35a1a66f78dfd6255c4d804586ee6863969be78d21acec5cd0ccf00476ddaa5c,f80984d28ef9a7550633fb3aea514f783f3db1fa655a6d3f49850b10857e6afc,float64,aupr_out,ood_metric/aupr_out_openood_auc,OOD-3,primary,up,id_train,id_test_vs_mnist,detector_declared,detector/vim_author_dim,mnist,0.03296064006475741,0.020529669218786406,0.014366108890310869,0.022618806057951562,0.009471669174381766,0.022619 ± 0.009472
C2,sgd,adam,optimizer_a_minus_optimizer_b_seed_matched,86af0abedd46c2a0c8eddb4fea4739037bd2bfd7259cc44a9b8303088bfee3b9,db137e7d3c712f7a4752a4ecaee827c58ae25bc907f916dbab0de88a87e33211,0.3,0.0001,0.0003,0.001,last,metric_contract_v1.2,c38b09694be88aa74de0741b39e9d3ba0d6ff61a,35a1a66f78dfd6255c4d804586ee6863969be78d21acec5cd0ccf00476ddaa5c,f80984d28ef9a7550633fb3aea514f783f3db1fa655a6d3f49850b10857e6afc,float64,auroc,ood_metric/auroc_id_positive,OOD-1,primary,up,,id_test_vs_mnist,detector_declared,ood_score/energy_t1,mnist,-0.010721650000000027,0.002764635714285757,-0.04289486142857146,-0.016950625238095245,0.02345842107266065,-0.016951 ± 0.023458
C2,sgd,adam,optimizer_a_minus_optimizer_b_seed_matched,86af0abedd46c2a0c8eddb4fea4739037bd2bfd7259cc44a9b8303088bfee3b9,db137e7d3c712f7a4752a4ecaee827c58ae25bc907f916dbab0de88a87e33211,0.3,0.0001,0.0003,0.001,last,metric_contract_v1.2,c38b09694be88aa74de0741b39e9d3ba0d6ff61a,35a1a66f78dfd6255c4d804586ee6863969be78d21acec5cd0ccf00476ddaa5c,f80984d28ef9a7550633fb3aea514f783f3db1fa655a6d3f49850b10857e6afc,float64,fpr95,ood_metric/fpr95_id_tpr,OOD-4,primary,down,,id_test_vs_mnist,detector_declared,ood_score/energy_t1,mnist,0.04711428571428572,-0.02045714285714284,0.22231428571428571,0.0829904761904762,0.1252989122656936,0.082990 ± 0.125299
C2,sgd,adam,optimizer_a_minus_optimizer_b_seed_matched,86af0abedd46c2a0c8eddb4fea4739037bd2bfd7259cc44a9b8303088bfee3b9,db137e7d3c712f7a4752a4ecaee827c58ae25bc907f916dbab0de88a87e33211,0.3,0.0001,0.0003,0.001,last,metric_contract_v1.2,c38b09694be88aa74de0741b39e9d3ba0d6ff61a,35a1a66f78dfd6255c4d804586ee6863969be78d21acec5cd0ccf00476ddaa5c,f80984d28ef9a7550633fb3aea514f783f3db1fa655a6d3f49850b10857e6afc,float64,aupr_in,ood_metric/aupr_in_openood_auc,OOD-2,primary,up,,id_test_vs_mnist,detector_declared,ood_score/energy_t1,mnist,-0.04363008267139312,0.008507826119282247,-0.1266810499487806,-0.05393443550029716,0.06818095642152155,-0.053934 ± 0.068181
C2,sgd,adam,optimizer_a_minus_optimizer_b_seed_matched,86af0abedd46c2a0c8eddb4fea4739037bd2bfd7259cc44a9b8303088bfee3b9,db137e7d3c712f7a4752a4ecaee827c58ae25bc907f916dbab0de88a87e33211,0.3,0.0001,0.0003,0.001,last,metric_contract_v1.2,c38b09694be88aa74de0741b39e9d3ba0d6ff61a,35a1a66f78dfd6255c4d804586ee6863969be78d21acec5cd0ccf00476ddaa5c,f80984d28ef9a7550633fb3aea514f783f3db1fa655a6d3f49850b10857e6afc,float64,aupr_out,ood_metric/aupr_out_openood_auc,OOD-3,primary,up,,id_test_vs_mnist,detector_declared,ood_score/energy_t1,mnist,-0.002729316816320271,-9.285539405867738e-05,-0.01091341459905193,-0.0045785289364769595,0.005642323499781969,-0.004579 ± 0.005642
C2,sgd,adam,optimizer_a_minus_optimizer_b_seed_matched,86af0abedd46c2a0c8eddb4fea4739037bd2bfd7259cc44a9b8303088bfee3b9,db137e7d3c712f7a4752a4ecaee827c58ae25bc907f916dbab0de88a87e33211,0.3,0.0001,0.0003,0.001,last,metric_contract_v1.2,c38b09694be88aa74de0741b39e9d3ba0d6ff61a,35a1a66f78dfd6255c4d804586ee6863969be78d21acec5cd0ccf00476ddaa5c,f80984d28ef9a7550633fb3aea514f783f3db1fa655a6d3f49850b10857e6afc,float64,auroc,ood_metric/auroc_id_positive,OOD-1,primary,up,,id_test_vs_mnist,detector_declared,ood_score/max_logit,mnist,-0.009666440000000054,0.0036915150000000896,-0.041827039285714296,-0.015933988095238088,0.02339757071599471,-0.015934 ± 0.023398
C2,sgd,adam,optimizer_a_minus_optimizer_b_seed_matched,86af0abedd46c2a0c8eddb4fea4739037bd2bfd7259cc44a9b8303088bfee3b9,db137e7d3c712f7a4752a4ecaee827c58ae25bc907f916dbab0de88a87e33211,0.3,0.0001,0.0003,0.001,last,metric_contract_v1.2,c38b09694be88aa74de0741b39e9d3ba0d6ff61a,35a1a66f78dfd6255c4d804586ee6863969be78d21acec5cd0ccf00476ddaa5c,f80984d28ef9a7550633fb3aea514f783f3db1fa655a6d3f49850b10857e6afc,float64,fpr95,ood_metric/fpr95_id_tpr,OOD-4,primary,down,,id_test_vs_mnist,detector_declared,ood_score/max_logit,mnist,0.04317142857142858,-0.026600000000000013,0.21397142857142853,0.07684761904761904,0.12377082618681182,0.076848 ± 0.123771
C2,sgd,adam,optimizer_a_minus_optimizer_b_seed_matched,86af0abedd46c2a0c8eddb4fea4739037bd2bfd7259cc44a9b8303088bfee3b9,db137e7d3c712f7a4752a4ecaee827c58ae25bc907f916dbab0de88a87e33211,0.3,0.0001,0.0003,0.001,last,metric_contract_v1.2,c38b09694be88aa74de0741b39e9d3ba0d6ff61a,35a1a66f78dfd6255c4d804586ee6863969be78d21acec5cd0ccf00476ddaa5c,f80984d28ef9a7550633fb3aea514f783f3db1fa655a6d3f49850b10857e6afc,float64,aupr_in,ood_metric/aupr_in_openood_auc,OOD-2,primary,up,,id_test_vs_mnist,detector_declared,ood_score/max_logit,mnist,-0.0426331372346086,0.009239908493594129,-0.12544310633801936,-0.05294544502634461,0.0679311150359449,-0.052945 ± 0.067931
C2,sgd,adam,optimizer_a_minus_optimizer_b_seed_matched,86af0abedd46c2a0c8eddb4fea4739037bd2bfd7259cc44a9b8303088bfee3b9,db137e7d3c712f7a4752a4ecaee827c58ae25bc907f916dbab0de88a87e33211,0.3,0.0001,0.0003,0.001,last,metric_contract_v1.2,c38b09694be88aa74de0741b39e9d3ba0d6ff61a,35a1a66f78dfd6255c4d804586ee6863969be78d21acec5cd0ccf00476ddaa5c,f80984d28ef9a7550633fb3aea514f783f3db1fa655a6d3f49850b10857e6afc,float64,aupr_out,ood_metric/aupr_out_openood_auc,OOD-3,primary,up,,id_test_vs_mnist,detector_declared,ood_score/max_logit,mnist,-0.0024227275287243,0.00020294616106764085,-0.01042764071217317,-0.004215807359943276,0.005537480995743747,-0.004216 ± 0.005537
C2,sgd,adam,optimizer_a_minus_optimizer_b_seed_matched,86af0abedd46c2a0c8eddb4fea4739037bd2bfd7259cc44a9b8303088bfee3b9,db137e7d3c712f7a4752a4ecaee827c58ae25bc907f916dbab0de88a87e33211,0.3,0.0001,0.0003,0.001,last,metric_contract_v1.2,c38b09694be88aa74de0741b39e9d3ba0d6ff61a,35a1a66f78dfd6255c4d804586ee6863969be78d21acec5cd0ccf00476ddaa5c,f80984d28ef9a7550633fb3aea514f783f3db1fa655a6d3f49850b10857e6afc,float64,auroc,ood_metric/auroc_id_positive,OOD-1,primary,up,,id_test_vs_mnist,detector_declared,ood_score/msp,mnist,0.014843489999999737,0.020523498571428656,-0.02158999000000006,0.004592332857142778,0.022851720875890828,0.004592 ± 0.022852
C2,sgd,adam,optimizer_a_minus_optimizer_b_seed_matched,86af0abedd46c2a0c8eddb4fea4739037bd2bfd7259cc44a9b8303088bfee3b9,db137e7d3c712f7a4752a4ecaee827c58ae25bc907f916dbab0de88a87e33211,0.3,0.0001,0.0003,0.001,last,metric_contract_v1.2,c38b09694be88aa74de0741b39e9d3ba0d6ff61a,35a1a66f78dfd6255c4d804586ee6863969be78d21acec5cd0ccf00476ddaa5c,f80984d28ef9a7550633fb3aea514f783f3db1fa655a6d3f49850b10857e6afc,float64,fpr95,ood_metric/fpr95_id_tpr,OOD-4,primary,down,,id_test_vs_mnist,detector_declared,ood_score/msp,mnist,-0.07415714285714281,-0.09474285714285713,0.10144285714285706,-0.022485714285714293,0.1078177212725633,-0.022486 ± 0.107818
C2,sgd,adam,optimizer_a_minus_optimizer_b_seed_matched,86af0abedd46c2a0c8eddb4fea4739037bd2bfd7259cc44a9b8303088bfee3b9,db137e7d3c712f7a4752a4ecaee827c58ae25bc907f916dbab0de88a87e33211,0.3,0.0001,0.0003,0.001,last,metric_contract_v1.2,c38b09694be88aa74de0741b39e9d3ba0d6ff61a,35a1a66f78dfd6255c4d804586ee6863969be78d21acec5cd0ccf00476ddaa5c,f80984d28ef9a7550633fb3aea514f783f3db1fa655a6d3f49850b10857e6afc,float64,aupr_in,ood_metric/aupr_in_openood_auc,OOD-2,primary,up,,id_test_vs_mnist,detector_declared,ood_score/msp,mnist,0.024651259482820653,0.04739094449762726,-0.07563697048804507,-0.001198255502532386,0.0654607900591182,-0.001198 ± 0.065461
C2,sgd,adam,optimizer_a_minus_optimizer_b_seed_matched,86af0abedd46c2a0c8eddb4fea4739037bd2bfd7259cc44a9b8303088bfee3b9,db137e7d3c712f7a4752a4ecaee827c58ae25bc907f916dbab0de88a87e33211,0.3,0.0001,0.0003,0.001,last,metric_contract_v1.2,c38b09694be88aa74de0741b39e9d3ba0d6ff61a,35a1a66f78dfd6255c4d804586ee6863969be78d21acec5cd0ccf00476ddaa5c,f80984d28ef9a7550633fb3aea514f783f3db1fa655a6d3f49850b10857e6afc,float64,aupr_out,ood_metric/aupr_out_openood_auc,OOD-3,primary,up,,id_test_vs_mnist,detector_declared,ood_score/msp,mnist,0.0025817925155030563,0.003866272426553019,-0.006653289422957953,-6.840816030062591e-05,0.005738725302098402,-0.000068 ± 0.005739
C3,sgd,adam,optimizer_a_minus_optimizer_b_seed_matched,f315d560c588b29298c6e3749f644634c09a1f3187eeea25d98e941c498f6242,b701f780ad99d469949a985b0472b8d1f26be0545e531d92895b7559ca142328,0.1,0.0,0.0003,0.0,last,metric_contract_v1.2,c38b09694be88aa74de0741b39e9d3ba0d6ff61a,35a1a66f78dfd6255c4d804586ee6863969be78d21acec5cd0ccf00476ddaa5c,f80984d28ef9a7550633fb3aea514f783f3db1fa655a6d3f49850b10857e6afc,float64,auroc,ood_metric/auroc_id_positive,OOD-1,primary,up,id_train,id_test_vs_mnist,detector_declared,detector/ctm_prototype_cosine,mnist,0.035928917142857286,0.033707144285714086,0.03773418571428577,0.03579008238095238,0.0020171073311038923,0.035790 ± 0.002017
C3,sgd,adam,optimizer_a_minus_optimizer_b_seed_matched,f315d560c588b29298c6e3749f644634c09a1f3187eeea25d98e941c498f6242,b701f780ad99d469949a985b0472b8d1f26be0545e531d92895b7559ca142328,0.1,0.0,0.0003,0.0,last,metric_contract_v1.2,c38b09694be88aa74de0741b39e9d3ba0d6ff61a,35a1a66f78dfd6255c4d804586ee6863969be78d21acec5cd0ccf00476ddaa5c,f80984d28ef9a7550633fb3aea514f783f3db1fa655a6d3f49850b10857e6afc,float64,fpr95,ood_metric/fpr95_id_tpr,OOD-4,primary,down,id_train,id_test_vs_mnist,detector_declared,detector/ctm_prototype_cosine,mnist,-0.15551428571428572,-0.14480000000000004,-0.12131428571428571,-0.14054285714285716,0.017492925683818362,-0.140543 ± 0.017493
C3,sgd,adam,optimizer_a_minus_optimizer_b_seed_matched,f315d560c588b29298c6e3749f644634c09a1f3187eeea25d98e941c498f6242,b701f780ad99d469949a985b0472b8d1f26be0545e531d92895b7559ca142328,0.1,0.0,0.0003,0.0,last,metric_contract_v1.2,c38b09694be88aa74de0741b39e9d3ba0d6ff61a,35a1a66f78dfd6255c4d804586ee6863969be78d21acec5cd0ccf00476ddaa5c,f80984d28ef9a7550633fb3aea514f783f3db1fa655a6d3f49850b10857e6afc,float64,aupr_in,ood_metric/aupr_in_openood_auc,OOD-2,primary,up,id_train,id_test_vs_mnist,detector_declared,detector/ctm_prototype_cosine,mnist,0.09625093793264117,0.09270988523731638,0.10799391974023054,0.09898491430339602,0.008000399850535725,0.098985 ± 0.008000
C3,sgd,adam,optimizer_a_minus_optimizer_b_seed_matched,f315d560c588b29298c6e3749f644634c09a1f3187eeea25d98e941c498f6242,b701f780ad99d469949a985b0472b8d1f26be0545e531d92895b7559ca142328,0.1,0.0,0.0003,0.0,last,metric_contract_v1.2,c38b09694be88aa74de0741b39e9d3ba0d6ff61a,35a1a66f78dfd6255c4d804586ee6863969be78d21acec5cd0ccf00476ddaa5c,f80984d28ef9a7550633fb3aea514f783f3db1fa655a6d3f49850b10857e6afc,float64,aupr_out,ood_metric/aupr_out_openood_auc,OOD-3,primary,up,id_train,id_test_vs_mnist,detector_declared,detector/ctm_prototype_cosine,mnist,0.008263536149590411,0.007873455348189617,0.00800114863617496,0.00804604671131833,0.00019887844470695205,0.008046 ± 0.000199
C3,sgd,adam,optimizer_a_minus_optimizer_b_seed_matched,f315d560c588b29298c6e3749f644634c09a1f3187eeea25d98e941c498f6242,b701f780ad99d469949a985b0472b8d1f26be0545e531d92895b7559ca142328,0.1,0.0,0.0003,0.0,last,metric_contract_v1.2,c38b09694be88aa74de0741b39e9d3ba0d6ff61a,35a1a66f78dfd6255c4d804586ee6863969be78d21acec5cd0ccf00476ddaa5c,f80984d28ef9a7550633fb3aea514f783f3db1fa655a6d3f49850b10857e6afc,float64,auroc,ood_metric/auroc_id_positive,OOD-1,primary,up,id_train,id_test_vs_mnist,detector_declared,detector/knn_l2_k50,mnist,0.04365102999999981,0.0415128414285717,0.03835165571428567,0.041171842380952395,0.0026660930624942602,0.041172 ± 0.002666
C3,sgd,adam,optimizer_a_minus_optimizer_b_seed_matched,f315d560c588b29298c6e3749f644634c09a1f3187eeea25d98e941c498f6242,b701f780ad99d469949a985b0472b8d1f26be0545e531d92895b7559ca142328,0.1,0.0,0.0003,0.0,last,metric_contract_v1.2,c38b09694be88aa74de0741b39e9d3ba0d6ff61a,35a1a66f78dfd6255c4d804586ee6863969be78d21acec5cd0ccf00476ddaa5c,f80984d28ef9a7550633fb3aea514f783f3db1fa655a6d3f49850b10857e6afc,float64,fpr95,ood_metric/fpr95_id_tpr,OOD-4,primary,down,id_train,id_test_vs_mnist,detector_declared,detector/knn_l2_k50,mnist,-0.22932857142857144,-0.20362857142857144,-0.12901428571428575,-0.18732380952380953,0.05210684144303958,-0.187324 ± 0.052107
C3,sgd,adam,optimizer_a_minus_optimizer_b_seed_matched,f315d560c588b29298c6e3749f644634c09a1f3187eeea25d98e941c498f6242,b701f780ad99d469949a985b0472b8d1f26be0545e531d92895b7559ca142328,0.1,0.0,0.0003,0.0,last,metric_contract_v1.2,c38b09694be88aa74de0741b39e9d3ba0d6ff61a,35a1a66f78dfd6255c4d804586ee6863969be78d21acec5cd0ccf00476ddaa5c,f80984d28ef9a7550633fb3aea514f783f3db1fa655a6d3f49850b10857e6afc,float64,aupr_in,ood_metric/aupr_in_openood_auc,OOD-2,primary,up,id_train,id_test_vs_mnist,detector_declared,detector/knn_l2_k50,mnist,0.11000666739797671,0.11238704800175625,0.10794650838536968,0.11011340792836755,0.0022221933257022763,0.110113 ± 0.002222
C3,sgd,adam,optimizer_a_minus_optimizer_b_seed_matched,f315d560c588b29298c6e3749f644634c09a1f3187eeea25d98e941c498f6242,b701f780ad99d469949a985b0472b8d1f26be0545e531d92895b7559ca142328,0.1,0.0,0.0003,0.0,last,metric_contract_v1.2,c38b09694be88aa74de0741b39e9d3ba0d6ff61a,35a1a66f78dfd6255c4d804586ee6863969be78d21acec5cd0ccf00476ddaa5c,f80984d28ef9a7550633fb3aea514f783f3db1fa655a6d3f49850b10857e6afc,float64,aupr_out,ood_metric/aupr_out_openood_auc,OOD-3,primary,up,id_train,id_test_vs_mnist,detector_declared,detector/knn_l2_k50,mnist,0.009765064208927421,0.008655724664859754,0.007375980740443322,0.0085989232047435,0.0011955541640802005,0.008599 ± 0.001196
C3,sgd,adam,optimizer_a_minus_optimizer_b_seed_matched,f315d560c588b29298c6e3749f644634c09a1f3187eeea25d98e941c498f6242,b701f780ad99d469949a985b0472b8d1f26be0545e531d92895b7559ca142328,0.1,0.0,0.0003,0.0,last,metric_contract_v1.2,c38b09694be88aa74de0741b39e9d3ba0d6ff61a,35a1a66f78dfd6255c4d804586ee6863969be78d21acec5cd0ccf00476ddaa5c,f80984d28ef9a7550633fb3aea514f783f3db1fa655a6d3f49850b10857e6afc,float64,auroc,ood_metric/auroc_id_positive,OOD-1,primary,up,id_train,id_test_vs_mnist,detector_declared,detector/mahalanobis_pp,mnist,0.03456328428571431,0.008843828571428514,-0.03396521142857156,0.0031473004761904213,0.03461757509518253,0.003147 ± 0.034618
C3,sgd,adam,optimizer_a_minus_optimizer_b_seed_matched,f315d560c588b29298c6e3749f644634c09a1f3187eeea25d98e941c498f6242,b701f780ad99d469949a985b0472b8d1f26be0545e531d92895b7559ca142328,0.1,0.0,0.0003,0.0,last,metric_contract_v1.2,c38b09694be88aa74de0741b39e9d3ba0d6ff61a,35a1a66f78dfd6255c4d804586ee6863969be78d21acec5cd0ccf00476ddaa5c,f80984d28ef9a7550633fb3aea514f783f3db1fa655a6d3f49850b10857e6afc,float64,fpr95,ood_metric/fpr95_id_tpr,OOD-4,primary,down,id_train,id_test_vs_mnist,detector_declared,detector/mahalanobis_pp,mnist,-0.16777142857142857,-0.03485714285714281,0.18827142857142853,-0.004785714285714282,0.17991622256721915,-0.004786 ± 0.179916
C3,sgd,adam,optimizer_a_minus_optimizer_b_seed_matched,f315d560c588b29298c6e3749f644634c09a1f3187eeea25d98e941c498f6242,b701f780ad99d469949a985b0472b8d1f26be0545e531d92895b7559ca142328,0.1,0.0,0.0003,0.0,last,metric_contract_v1.2,c38b09694be88aa74de0741b39e9d3ba0d6ff61a,35a1a66f78dfd6255c4d804586ee6863969be78d21acec5cd0ccf00476ddaa5c,f80984d28ef9a7550633fb3aea514f783f3db1fa655a6d3f49850b10857e6afc,float64,aupr_in,ood_metric/aupr_in_openood_auc,OOD-2,primary,up,id_train,id_test_vs_mnist,detector_declared,detector/mahalanobis_pp,mnist,0.08976087906107799,0.020953126194876548,-0.02136397471106588,0.029783343514962885,0.056086208954698076,0.029783 ± 0.056086
C3,sgd,adam,optimizer_a_minus_optimizer_b_seed_matched,f315d560c588b29298c6e3749f644634c09a1f3187eeea25d98e941c498f6242,b701f780ad99d469949a985b0472b8d1f26be0545e531d92895b7559ca142328,0.1,0.0,0.0003,0.0,last,metric_contract_v1.2,c38b09694be88aa74de0741b39e9d3ba0d6ff61a,35a1a66f78dfd6255c4d804586ee6863969be78d21acec5cd0ccf00476ddaa5c,f80984d28ef9a7550633fb3aea514f783f3db1fa655a6d3f49850b10857e6afc,float64,aupr_out,ood_metric/aupr_out_openood_auc,OOD-3,primary,up,id_train,id_test_vs_mnist,detector_declared,detector/mahalanobis_pp,mnist,0.008200709365672743,0.0026133626565119084,-0.0115102120102486,-0.00023204666268798282,0.010158856777082764,-0.000232 ± 0.010159
C3,sgd,adam,optimizer_a_minus_optimizer_b_seed_matched,f315d560c588b29298c6e3749f644634c09a1f3187eeea25d98e941c498f6242,b701f780ad99d469949a985b0472b8d1f26be0545e531d92895b7559ca142328,0.1,0.0,0.0003,0.0,last,metric_contract_v1.2,c38b09694be88aa74de0741b39e9d3ba0d6ff61a,35a1a66f78dfd6255c4d804586ee6863969be78d21acec5cd0ccf00476ddaa5c,f80984d28ef9a7550633fb3aea514f783f3db1fa655a6d3f49850b10857e6afc,float64,auroc,ood_metric/auroc_id_positive,OOD-1,primary,up,id_train,id_test_vs_mnist,detector_declared,detector/mahalanobis_raw,mnist,-0.17684914571428562,-0.03955986285714275,-0.21353133857142859,-0.14331344904761897,0.09170605652703967,-0.143313 ± 0.091706
C3,sgd,adam,optimizer_a_minus_optimizer_b_seed_matched,f315d560c588b29298c6e3749f644634c09a1f3187eeea25d98e941c498f6242,b701f780ad99d469949a985b0472b8d1f26be0545e531d92895b7559ca142328,0.1,0.0,0.0003,0.0,last,metric_contract_v1.2,c38b09694be88aa74de0741b39e9d3ba0d6ff61a,35a1a66f78dfd6255c4d804586ee6863969be78d21acec5cd0ccf00476ddaa5c,f80984d28ef9a7550633fb3aea514f783f3db1fa655a6d3f49850b10857e6afc,float64,fpr95,ood_metric/fpr95_id_tpr,OOD-4,primary,down,id_train,id_test_vs_mnist,detector_declared,detector/mahalanobis_raw,mnist,0.02857142857142858,-0.008485714285714319,0.0764285714285714,0.03217142857142855,0.042571457334601985,0.032171 ± 0.042571
C3,sgd,adam,optimizer_a_minus_optimizer_b_seed_matched,f315d560c588b29298c6e3749f644634c09a1f3187eeea25d98e941c498f6242,b701f780ad99d469949a985b0472b8d1f26be0545e531d92895b7559ca142328,0.1,0.0,0.0003,0.0,last,metric_contract_v1.2,c38b09694be88aa74de0741b39e9d3ba0d6ff61a,35a1a66f78dfd6255c4d804586ee6863969be78d21acec5cd0ccf00476ddaa5c,f80984d28ef9a7550633fb3aea514f783f3db1fa655a6d3f49850b10857e6afc,float64,aupr_in,ood_metric/aupr_in_openood_auc,OOD-2,primary,up,id_train,id_test_vs_mnist,detector_declared,detector/mahalanobis_raw,mnist,-0.14123529101672594,-0.04103676563864683,-0.16368431346999446,-0.11531879004178908,0.06530202151808628,-0.115319 ± 0.065302
C3,sgd,adam,optimizer_a_minus_optimizer_b_seed_matched,f315d560c588b29298c6e3749f644634c09a1f3187eeea25d98e941c498f6242,b701f780ad99d469949a985b0472b8d1f26be0545e531d92895b7559ca142328,0.1,0.0,0.0003,0.0,last,metric_contract_v1.2,c38b09694be88aa74de0741b39e9d3ba0d6ff61a,35a1a66f78dfd6255c4d804586ee6863969be78d21acec5cd0ccf00476ddaa5c,f80984d28ef9a7550633fb3aea514f783f3db1fa655a6d3f49850b10857e6afc,float64,aupr_out,ood_metric/aupr_out_openood_auc,OOD-3,primary,up,id_train,id_test_vs_mnist,detector_declared,detector/mahalanobis_raw,mnist,-0.055111172359040395,-0.0021096912588758343,-0.08211934914723473,-0.046446737588383656,0.040702465051570054,-0.046447 ± 0.040702
C3,sgd,adam,optimizer_a_minus_optimizer_b_seed_matched,f315d560c588b29298c6e3749f644634c09a1f3187eeea25d98e941c498f6242,b701f780ad99d469949a985b0472b8d1f26be0545e531d92895b7559ca142328,0.1,0.0,0.0003,0.0,last,metric_contract_v1.2,c38b09694be88aa74de0741b39e9d3ba0d6ff61a,35a1a66f78dfd6255c4d804586ee6863969be78d21acec5cd0ccf00476ddaa5c,f80984d28ef9a7550633fb3aea514f783f3db1fa655a6d3f49850b10857e6afc,float64,auroc,ood_metric/auroc_id_positive,OOD-1,primary,up,id_train,id_test_vs_mnist,detector_declared,detector/neco_author_std_dim100,mnist,-0.029323762857142666,-0.023753430000000075,-0.04602745142857145,-0.033034881428571396,0.01159147567993466,-0.033035 ± 0.011591
C3,sgd,adam,optimizer_a_minus_optimizer_b_seed_matched,f315d560c588b29298c6e3749f644634c09a1f3187eeea25d98e941c498f6242,b701f780ad99d469949a985b0472b8d1f26be0545e531d92895b7559ca142328,0.1,0.0,0.0003,0.0,last,metric_contract_v1.2,c38b09694be88aa74de0741b39e9d3ba0d6ff61a,35a1a66f78dfd6255c4d804586ee6863969be78d21acec5cd0ccf00476ddaa5c,f80984d28ef9a7550633fb3aea514f783f3db1fa655a6d3f49850b10857e6afc,float64,fpr95,ood_metric/fpr95_id_tpr,OOD-4,primary,down,id_train,id_test_vs_mnist,detector_declared,detector/neco_author_std_dim100,mnist,0.2360142857142858,0.08938571428571429,0.2848857142857143,0.20342857142857143,0.1017419976294581,0.203429 ± 0.101742
C3,sgd,adam,optimizer_a_minus_optimizer_b_seed_matched,f315d560c588b29298c6e3749f644634c09a1f3187eeea25d98e941c498f6242,b701f780ad99d469949a985b0472b8d1f26be0545e531d92895b7559ca142328,0.1,0.0,0.0003,0.0,last,metric_contract_v1.2,c38b09694be88aa74de0741b39e9d3ba0d6ff61a,35a1a66f78dfd6255c4d804586ee6863969be78d21acec5cd0ccf00476ddaa5c,f80984d28ef9a7550633fb3aea514f783f3db1fa655a6d3f49850b10857e6afc,float64,aupr_in,ood_metric/aupr_in_openood_auc,OOD-2,primary,up,id_train,id_test_vs_mnist,detector_declared,detector/neco_author_std_dim100,mnist,-0.019401855286921732,-0.05347982795549311,-0.06299554966703225,-0.0452924109698157,0.022921123338519842,-0.045292 ± 0.022921
C3,sgd,adam,optimizer_a_minus_optimizer_b_seed_matched,f315d560c588b29298c6e3749f644634c09a1f3187eeea25d98e941c498f6242,b701f780ad99d469949a985b0472b8d1f26be0545e531d92895b7559ca142328,0.1,0.0,0.0003,0.0,last,metric_contract_v1.2,c38b09694be88aa74de0741b39e9d3ba0d6ff61a,35a1a66f78dfd6255c4d804586ee6863969be78d21acec5cd0ccf00476ddaa5c,f80984d28ef9a7550633fb3aea514f783f3db1fa655a6d3f49850b10857e6afc,float64,aupr_out,ood_metric/aupr_out_openood_auc,OOD-3,primary,up,id_train,id_test_vs_mnist,detector_declared,detector/neco_author_std_dim100,mnist,-0.008823191161795418,-0.003520281608544562,-0.01266050193259538,-0.008334658234311787,0.004589651970354039,-0.008335 ± 0.004590
C3,sgd,adam,optimizer_a_minus_optimizer_b_seed_matched,f315d560c588b29298c6e3749f644634c09a1f3187eeea25d98e941c498f6242,b701f780ad99d469949a985b0472b8d1f26be0545e531d92895b7559ca142328,0.1,0.0,0.0003,0.0,last,metric_contract_v1.2,c38b09694be88aa74de0741b39e9d3ba0d6ff61a,35a1a66f78dfd6255c4d804586ee6863969be78d21acec5cd0ccf00476ddaa5c,f80984d28ef9a7550633fb3aea514f783f3db1fa655a6d3f49850b10857e6afc,float64,auroc,ood_metric/auroc_id_positive,OOD-1,primary,up,id_train,id_test_vs_mnist,detector_declared,detector/relative_mahalanobis_pp,mnist,-0.016412838571428612,0.013979788571428453,0.021631265714285752,0.006399405238095198,0.020122999933801743,0.006399 ± 0.020123
C3,sgd,adam,optimizer_a_minus_optimizer_b_seed_matched,f315d560c588b29298c6e3749f644634c09a1f3187eeea25d98e941c498f6242,b701f780ad99d469949a985b0472b8d1f26be0545e531d92895b7559ca142328,0.1,0.0,0.0003,0.0,last,metric_contract_v1.2,c38b09694be88aa74de0741b39e9d3ba0d6ff61a,35a1a66f78dfd6255c4d804586ee6863969be78d21acec5cd0ccf00476ddaa5c,f80984d28ef9a7550633fb3aea514f783f3db1fa655a6d3f49850b10857e6afc,float64,fpr95,ood_metric/fpr95_id_tpr,OOD-4,primary,down,id_train,id_test_vs_mnist,detector_declared,detector/relative_mahalanobis_pp,mnist,0.07258571428571436,-0.04025714285714288,-0.027114285714285757,0.0017380952380952424,0.06170674612233908,0.001738 ± 0.061707
C3,sgd,adam,optimizer_a_minus_optimizer_b_seed_matched,f315d560c588b29298c6e3749f644634c09a1f3187eeea25d98e941c498f6242,b701f780ad99d469949a985b0472b8d1f26be0545e531d92895b7559ca142328,0.1,0.0,0.0003,0.0,last,metric_contract_v1.2,c38b09694be88aa74de0741b39e9d3ba0d6ff61a,35a1a66f78dfd6255c4d804586ee6863969be78d21acec5cd0ccf00476ddaa5c,f80984d28ef9a7550633fb3aea514f783f3db1fa655a6d3f49850b10857e6afc,float64,aupr_in,ood_metric/aupr_in_openood_auc,OOD-2,primary,up,id_train,id_test_vs_mnist,detector_declared,detector/relative_mahalanobis_pp,mnist,-0.03356464713241958,0.0714821963499247,0.12664644954677917,0.05485466625476143,0.08138952600050613,0.054855 ± 0.081390
C3,sgd,adam,optimizer_a_minus_optimizer_b_seed_matched,f315d560c588b29298c6e3749f644634c09a1f3187eeea25d98e941c498f6242,b701f780ad99d469949a985b0472b8d1f26be0545e531d92895b7559ca142328,0.1,0.0,0.0003,0.0,last,metric_contract_v1.2,c38b09694be88aa74de0741b39e9d3ba0d6ff61a,35a1a66f78dfd6255c4d804586ee6863969be78d21acec5cd0ccf00476ddaa5c,f80984d28ef9a7550633fb3aea514f783f3db1fa655a6d3f49850b10857e6afc,float64,aupr_out,ood_metric/aupr_out_openood_auc,OOD-3,primary,up,id_train,id_test_vs_mnist,detector_declared,detector/relative_mahalanobis_pp,mnist,-0.0038540934711910335,0.002740164217671981,0.002894959217418558,0.0005936766546331684,0.003852659431109544,0.000594 ± 0.003853
C3,sgd,adam,optimizer_a_minus_optimizer_b_seed_matched,f315d560c588b29298c6e3749f644634c09a1f3187eeea25d98e941c498f6242,b701f780ad99d469949a985b0472b8d1f26be0545e531d92895b7559ca142328,0.1,0.0,0.0003,0.0,last,metric_contract_v1.2,c38b09694be88aa74de0741b39e9d3ba0d6ff61a,35a1a66f78dfd6255c4d804586ee6863969be78d21acec5cd0ccf00476ddaa5c,f80984d28ef9a7550633fb3aea514f783f3db1fa655a6d3f49850b10857e6afc,float64,auroc,ood_metric/auroc_id_positive,OOD-1,primary,up,id_train,id_test_vs_mnist,detector_declared,detector/relative_mahalanobis_raw,mnist,-0.025626165714285776,-0.002683018571428608,0.00854634714285707,-0.0065876123809524385,0.01741765048322899,-0.006588 ± 0.017418
C3,sgd,adam,optimizer_a_minus_optimizer_b_seed_matched,f315d560c588b29298c6e3749f644634c09a1f3187eeea25d98e941c498f6242,b701f780ad99d469949a985b0472b8d1f26be0545e531d92895b7559ca142328,0.1,0.0,0.0003,0.0,last,metric_contract_v1.2,c38b09694be88aa74de0741b39e9d3ba0d6ff61a,35a1a66f78dfd6255c4d804586ee6863969be78d21acec5cd0ccf00476ddaa5c,f80984d28ef9a7550633fb3aea514f783f3db1fa655a6d3f49850b10857e6afc,float64,fpr95,ood_metric/fpr95_id_tpr,OOD-4,primary,down,id_train,id_test_vs_mnist,detector_declared,detector/relative_mahalanobis_raw,mnist,0.1368285714285714,0.06307142857142856,0.008500000000000063,0.06946666666666668,0.06440287155046406,0.069467 ± 0.064403
C3,sgd,adam,optimizer_a_minus_optimizer_b_seed_matched,f315d560c588b29298c6e3749f644634c09a1f3187eeea25d98e941c498f6242,b701f780ad99d469949a985b0472b8d1f26be0545e531d92895b7559ca142328,0.1,0.0,0.0003,0.0,last,metric_contract_v1.2,c38b09694be88aa74de0741b39e9d3ba0d6ff61a,35a1a66f78dfd6255c4d804586ee6863969be78d21acec5cd0ccf00476ddaa5c,f80984d28ef9a7550633fb3aea514f783f3db1fa655a6d3f49850b10857e6afc,float64,aupr_in,ood_metric/aupr_in_openood_auc,OOD-2,primary,up,id_train,id_test_vs_mnist,detector_declared,detector/relative_mahalanobis_raw,mnist,-0.02939457992329464,0.05150399894735158,0.09348075466788563,0.038530057897314195,0.062456619525083246,0.038530 ± 0.062457
C3,sgd,adam,optimizer_a_minus_optimizer_b_seed_matched,f315d560c588b29298c6e3749f644634c09a1f3187eeea25d98e941c498f6242,b701f780ad99d469949a985b0472b8d1f26be0545e531d92895b7559ca142328,0.1,0.0,0.0003,0.0,last,metric_contract_v1.2,c38b09694be88aa74de0741b39e9d3ba0d6ff61a,35a1a66f78dfd6255c4d804586ee6863969be78d21acec5cd0ccf00476ddaa5c,f80984d28ef9a7550633fb3aea514f783f3db1fa655a6d3f49850b10857e6afc,float64,aupr_out,ood_metric/aupr_out_openood_auc,OOD-3,primary,up,id_train,id_test_vs_mnist,detector_declared,detector/relative_mahalanobis_raw,mnist,-0.007220769440876795,-0.001843660258664559,0.00012428795499264123,-0.0029800472481829043,0.003802104493515927,-0.002980 ± 0.003802
C3,sgd,adam,optimizer_a_minus_optimizer_b_seed_matched,f315d560c588b29298c6e3749f644634c09a1f3187eeea25d98e941c498f6242,b701f780ad99d469949a985b0472b8d1f26be0545e531d92895b7559ca142328,0.1,0.0,0.0003,0.0,last,metric_contract_v1.2,c38b09694be88aa74de0741b39e9d3ba0d6ff61a,35a1a66f78dfd6255c4d804586ee6863969be78d21acec5cd0ccf00476ddaa5c,f80984d28ef9a7550633fb3aea514f783f3db1fa655a6d3f49850b10857e6afc,float64,auroc,ood_metric/auroc_id_positive,OOD-1,primary,up,id_train,id_test_vs_mnist,detector_declared,detector/vim_author_dim,mnist,0.03787544999999981,0.03761206000000006,0.01612605285714286,0.030537854285714244,0.012481680931887904,0.030538 ± 0.012482
C3,sgd,adam,optimizer_a_minus_optimizer_b_seed_matched,f315d560c588b29298c6e3749f644634c09a1f3187eeea25d98e941c498f6242,b701f780ad99d469949a985b0472b8d1f26be0545e531d92895b7559ca142328,0.1,0.0,0.0003,0.0,last,metric_contract_v1.2,c38b09694be88aa74de0741b39e9d3ba0d6ff61a,35a1a66f78dfd6255c4d804586ee6863969be78d21acec5cd0ccf00476ddaa5c,f80984d28ef9a7550633fb3aea514f783f3db1fa655a6d3f49850b10857e6afc,float64,fpr95,ood_metric/fpr95_id_tpr,OOD-4,primary,down,id_train,id_test_vs_mnist,detector_declared,detector/vim_author_dim,mnist,-0.24338571428571432,-0.2330428571428571,-0.04758571428571434,-0.1746714285714286,0.11018088652348934,-0.174671 ± 0.110181
C3,sgd,adam,optimizer_a_minus_optimizer_b_seed_matched,f315d560c588b29298c6e3749f644634c09a1f3187eeea25d98e941c498f6242,b701f780ad99d469949a985b0472b8d1f26be0545e531d92895b7559ca142328,0.1,0.0,0.0003,0.0,last,metric_contract_v1.2,c38b09694be88aa74de0741b39e9d3ba0d6ff61a,35a1a66f78dfd6255c4d804586ee6863969be78d21acec5cd0ccf00476ddaa5c,f80984d28ef9a7550633fb3aea514f783f3db1fa655a6d3f49850b10857e6afc,float64,aupr_in,ood_metric/aupr_in_openood_auc,OOD-2,primary,up,id_train,id_test_vs_mnist,detector_declared,detector/vim_author_dim,mnist,0.07450750806283035,0.063961128939521,0.040276800375529165,0.059581812459293504,0.01753052043776394,0.059582 ± 0.017531
C3,sgd,adam,optimizer_a_minus_optimizer_b_seed_matched,f315d560c588b29298c6e3749f644634c09a1f3187eeea25d98e941c498f6242,b701f780ad99d469949a985b0472b8d1f26be0545e531d92895b7559ca142328,0.1,0.0,0.0003,0.0,last,metric_contract_v1.2,c38b09694be88aa74de0741b39e9d3ba0d6ff61a,35a1a66f78dfd6255c4d804586ee6863969be78d21acec5cd0ccf00476ddaa5c,f80984d28ef9a7550633fb3aea514f783f3db1fa655a6d3f49850b10857e6afc,float64,aupr_out,ood_metric/aupr_out_openood_auc,OOD-3,primary,up,id_train,id_test_vs_mnist,detector_declared,detector/vim_author_dim,mnist,0.011070450192379955,0.012403292219064554,0.001019003276915953,0.008164248562786821,0.006223746027391307,0.008164 ± 0.006224
C3,sgd,adam,optimizer_a_minus_optimizer_b_seed_matched,f315d560c588b29298c6e3749f644634c09a1f3187eeea25d98e941c498f6242,b701f780ad99d469949a985b0472b8d1f26be0545e531d92895b7559ca142328,0.1,0.0,0.0003,0.0,last,metric_contract_v1.2,c38b09694be88aa74de0741b39e9d3ba0d6ff61a,35a1a66f78dfd6255c4d804586ee6863969be78d21acec5cd0ccf00476ddaa5c,f80984d28ef9a7550633fb3aea514f783f3db1fa655a6d3f49850b10857e6afc,float64,auroc,ood_metric/auroc_id_positive,OOD-1,primary,up,,id_test_vs_mnist,detector_declared,ood_score/energy_t1,mnist,0.019822778571428334,0.0031573500000000587,0.010349414285714342,0.011109847619047578,0.008358697357135124,0.011110 ± 0.008359
C3,sgd,adam,optimizer_a_minus_optimizer_b_seed_matched,f315d560c588b29298c6e3749f644634c09a1f3187eeea25d98e941c498f6242,b701f780ad99d469949a985b0472b8d1f26be0545e531d92895b7559ca142328,0.1,0.0,0.0003,0.0,last,metric_contract_v1.2,c38b09694be88aa74de0741b39e9d3ba0d6ff61a,35a1a66f78dfd6255c4d804586ee6863969be78d21acec5cd0ccf00476ddaa5c,f80984d28ef9a7550633fb3aea514f783f3db1fa655a6d3f49850b10857e6afc,float64,fpr95,ood_metric/fpr95_id_tpr,OOD-4,primary,down,,id_test_vs_mnist,detector_declared,ood_score/energy_t1,mnist,-0.14284285714285713,-0.01735714285714285,-0.06738571428571427,-0.07586190476190476,0.06317080398562674,-0.075862 ± 0.063171
C3,sgd,adam,optimizer_a_minus_optimizer_b_seed_matched,f315d560c588b29298c6e3749f644634c09a1f3187eeea25d98e941c498f6242,b701f780ad99d469949a985b0472b8d1f26be0545e531d92895b7559ca142328,0.1,0.0,0.0003,0.0,last,metric_contract_v1.2,c38b09694be88aa74de0741b39e9d3ba0d6ff61a,35a1a66f78dfd6255c4d804586ee6863969be78d21acec5cd0ccf00476ddaa5c,f80984d28ef9a7550633fb3aea514f783f3db1fa655a6d3f49850b10857e6afc,float64,aupr_in,ood_metric/aupr_in_openood_auc,OOD-2,primary,up,,id_test_vs_mnist,detector_declared,ood_score/energy_t1,mnist,0.04000282784449993,0.002204130396470383,0.0120979299523305,0.01810162939776694,0.01960149707204195,0.018102 ± 0.019601
C3,sgd,adam,optimizer_a_minus_optimizer_b_seed_matched,f315d560c588b29298c6e3749f644634c09a1f3187eeea25d98e941c498f6242,b701f780ad99d469949a985b0472b8d1f26be0545e531d92895b7559ca142328,0.1,0.0,0.0003,0.0,last,metric_contract_v1.2,c38b09694be88aa74de0741b39e9d3ba0d6ff61a,35a1a66f78dfd6255c4d804586ee6863969be78d21acec5cd0ccf00476ddaa5c,f80984d28ef9a7550633fb3aea514f783f3db1fa655a6d3f49850b10857e6afc,float64,aupr_out,ood_metric/aupr_out_openood_auc,OOD-3,primary,up,,id_test_vs_mnist,detector_declared,ood_score/energy_t1,mnist,0.0054939877995711095,0.0009288838272619726,0.003418587199573775,0.0032804862754689523,0.0022856831513635304,0.003280 ± 0.002286
C3,sgd,adam,optimizer_a_minus_optimizer_b_seed_matched,f315d560c588b29298c6e3749f644634c09a1f3187eeea25d98e941c498f6242,b701f780ad99d469949a985b0472b8d1f26be0545e531d92895b7559ca142328,0.1,0.0,0.0003,0.0,last,metric_contract_v1.2,c38b09694be88aa74de0741b39e9d3ba0d6ff61a,35a1a66f78dfd6255c4d804586ee6863969be78d21acec5cd0ccf00476ddaa5c,f80984d28ef9a7550633fb3aea514f783f3db1fa655a6d3f49850b10857e6afc,float64,auroc,ood_metric/auroc_id_positive,OOD-1,primary,up,,id_test_vs_mnist,detector_declared,ood_score/max_logit,mnist,0.019738457142857158,0.0033055185714286894,0.010458123571428612,0.011167366428571487,0.008239395402327255,0.011167 ± 0.008239
C3,sgd,adam,optimizer_a_minus_optimizer_b_seed_matched,f315d560c588b29298c6e3749f644634c09a1f3187eeea25d98e941c498f6242,b701f780ad99d469949a985b0472b8d1f26be0545e531d92895b7559ca142328,0.1,0.0,0.0003,0.0,last,metric_contract_v1.2,c38b09694be88aa74de0741b39e9d3ba0d6ff61a,35a1a66f78dfd6255c4d804586ee6863969be78d21acec5cd0ccf00476ddaa5c,f80984d28ef9a7550633fb3aea514f783f3db1fa655a6d3f49850b10857e6afc,float64,fpr95,ood_metric/fpr95_id_tpr,OOD-4,primary,down,,id_test_vs_mnist,detector_declared,ood_score/max_logit,mnist,-0.1435428571428571,-0.019842857142857162,-0.07422857142857142,-0.0792047619047619,0.06199995446564049,-0.079205 ± 0.062000
C3,sgd,adam,optimizer_a_minus_optimizer_b_seed_matched,f315d560c588b29298c6e3749f644634c09a1f3187eeea25d98e941c498f6242,b701f780ad99d469949a985b0472b8d1f26be0545e531d92895b7559ca142328,0.1,0.0,0.0003,0.0,last,metric_contract_v1.2,c38b09694be88aa74de0741b39e9d3ba0d6ff61a,35a1a66f78dfd6255c4d804586ee6863969be78d21acec5cd0ccf00476ddaa5c,f80984d28ef9a7550633fb3aea514f783f3db1fa655a6d3f49850b10857e6afc,float64,aupr_in,ood_metric/aupr_in_openood_auc,OOD-2,primary,up,,id_test_vs_mnist,detector_declared,ood_score/max_logit,mnist,0.03984384172893363,0.0023080785157639783,0.01213166558027079,0.018094528608322797,0.019465358502151125,0.018095 ± 0.019465
C3,sgd,adam,optimizer_a_minus_optimizer_b_seed_matched,f315d560c588b29298c6e3749f644634c09a1f3187eeea25d98e941c498f6242,b701f780ad99d469949a985b0472b8d1f26be0545e531d92895b7559ca142328,0.1,0.0,0.0003,0.0,last,metric_contract_v1.2,c38b09694be88aa74de0741b39e9d3ba0d6ff61a,35a1a66f78dfd6255c4d804586ee6863969be78d21acec5cd0ccf00476ddaa5c,f80984d28ef9a7550633fb3aea514f783f3db1fa655a6d3f49850b10857e6afc,float64,aupr_out,ood_metric/aupr_out_openood_auc,OOD-3,primary,up,,id_test_vs_mnist,detector_declared,ood_score/max_logit,mnist,0.005280679227160023,0.000871039317601352,0.003295607908294196,0.0031491088176851902,0.002208467233321586,0.003149 ± 0.002208
C3,sgd,adam,optimizer_a_minus_optimizer_b_seed_matched,f315d560c588b29298c6e3749f644634c09a1f3187eeea25d98e941c498f6242,b701f780ad99d469949a985b0472b8d1f26be0545e531d92895b7559ca142328,0.1,0.0,0.0003,0.0,last,metric_contract_v1.2,c38b09694be88aa74de0741b39e9d3ba0d6ff61a,35a1a66f78dfd6255c4d804586ee6863969be78d21acec5cd0ccf00476ddaa5c,f80984d28ef9a7550633fb3aea514f783f3db1fa655a6d3f49850b10857e6afc,float64,auroc,ood_metric/auroc_id_positive,OOD-1,primary,up,,id_test_vs_mnist,detector_declared,ood_score/msp,mnist,0.002132169285714247,-0.008372344285714428,0.010783255000000103,0.001514359999999974,0.0095927322611367,0.001514 ± 0.009593
C3,sgd,adam,optimizer_a_minus_optimizer_b_seed_matched,f315d560c588b29298c6e3749f644634c09a1f3187eeea25d98e941c498f6242,b701f780ad99d469949a985b0472b8d1f26be0545e531d92895b7559ca142328,0.1,0.0,0.0003,0.0,last,metric_contract_v1.2,c38b09694be88aa74de0741b39e9d3ba0d6ff61a,35a1a66f78dfd6255c4d804586ee6863969be78d21acec5cd0ccf00476ddaa5c,f80984d28ef9a7550633fb3aea514f783f3db1fa655a6d3f49850b10857e6afc,float64,fpr95,ood_metric/fpr95_id_tpr,OOD-4,primary,down,,id_test_vs_mnist,detector_declared,ood_score/msp,mnist,-0.005914285714285761,0.03510000000000002,-0.03424285714285713,-0.0016857142857142904,0.03486428790938619,-0.001686 ± 0.034864
C3,sgd,adam,optimizer_a_minus_optimizer_b_seed_matched,f315d560c588b29298c6e3749f644634c09a1f3187eeea25d98e941c498f6242,b701f780ad99d469949a985b0472b8d1f26be0545e531d92895b7559ca142328,0.1,0.0,0.0003,0.0,last,metric_contract_v1.2,c38b09694be88aa74de0741b39e9d3ba0d6ff61a,35a1a66f78dfd6255c4d804586ee6863969be78d21acec5cd0ccf00476ddaa5c,f80984d28ef9a7550633fb3aea514f783f3db1fa655a6d3f49850b10857e6afc,float64,aupr_in,ood_metric/aupr_in_openood_auc,OOD-2,primary,up,,id_test_vs_mnist,detector_declared,ood_score/msp,mnist,0.00959162460077334,-0.022510741940175216,0.0285075829384398,0.005196155199679309,0.025791616502207505,0.005196 ± 0.025792
C3,sgd,adam,optimizer_a_minus_optimizer_b_seed_matched,f315d560c588b29298c6e3749f644634c09a1f3187eeea25d98e941c498f6242,b701f780ad99d469949a985b0472b8d1f26be0545e531d92895b7559ca142328,0.1,0.0,0.0003,0.0,last,metric_contract_v1.2,c38b09694be88aa74de0741b39e9d3ba0d6ff61a,35a1a66f78dfd6255c4d804586ee6863969be78d21acec5cd0ccf00476ddaa5c,f80984d28ef9a7550633fb3aea514f783f3db1fa655a6d3f49850b10857e6afc,float64,aupr_out,ood_metric/aupr_out_openood_auc,OOD-3,primary,up,,id_test_vs_mnist,detector_declared,ood_score/msp,mnist,0.0005575503820944849,-0.0019272463056915212,0.0020858868390447594,0.000238730305149241,0.0020254737940646763,0.000239 ± 0.002025
C3,sgd,adamw,optimizer_a_minus_optimizer_b_seed_matched,f315d560c588b29298c6e3749f644634c09a1f3187eeea25d98e941c498f6242,5742764ef3bd686abf56fbeafa222ed2fa2784afb6f787533493cfe88190f71f,0.1,0.0,0.001,0.0001,last,metric_contract_v1.2,c38b09694be88aa74de0741b39e9d3ba0d6ff61a,35a1a66f78dfd6255c4d804586ee6863969be78d21acec5cd0ccf00476ddaa5c,f80984d28ef9a7550633fb3aea514f783f3db1fa655a6d3f49850b10857e6afc,float64,auroc,ood_metric/auroc_id_positive,OOD-1,primary,up,id_train,id_test_vs_mnist,detector_declared,detector/ctm_prototype_cosine,mnist,0.02397674999999999,0.03547984571428564,0.02236560714285718,0.027274067619047604,0.007151925680384749,0.027274 ± 0.007152
C3,sgd,adamw,optimizer_a_minus_optimizer_b_seed_matched,f315d560c588b29298c6e3749f644634c09a1f3187eeea25d98e941c498f6242,5742764ef3bd686abf56fbeafa222ed2fa2784afb6f787533493cfe88190f71f,0.1,0.0,0.001,0.0001,last,metric_contract_v1.2,c38b09694be88aa74de0741b39e9d3ba0d6ff61a,35a1a66f78dfd6255c4d804586ee6863969be78d21acec5cd0ccf00476ddaa5c,f80984d28ef9a7550633fb3aea514f783f3db1fa655a6d3f49850b10857e6afc,float64,fpr95,ood_metric/fpr95_id_tpr,OOD-4,primary,down,id_train,id_test_vs_mnist,detector_declared,detector/ctm_prototype_cosine,mnist,-0.0765142857142857,-0.11374285714285715,-0.08031428571428578,-0.09019047619047621,0.020485262663548092,-0.090190 ± 0.020485
C3,sgd,adamw,optimizer_a_minus_optimizer_b_seed_matched,f315d560c588b29298c6e3749f644634c09a1f3187eeea25d98e941c498f6242,5742764ef3bd686abf56fbeafa222ed2fa2784afb6f787533493cfe88190f71f,0.1,0.0,0.001,0.0001,last,metric_contract_v1.2,c38b09694be88aa74de0741b39e9d3ba0d6ff61a,35a1a66f78dfd6255c4d804586ee6863969be78d21acec5cd0ccf00476ddaa5c,f80984d28ef9a7550633fb3aea514f783f3db1fa655a6d3f49850b10857e6afc,float64,aupr_in,ood_metric/aupr_in_openood_auc,OOD-2,primary,up,id_train,id_test_vs_mnist,detector_declared,detector/ctm_prototype_cosine,mnist,0.07875254712636848,0.10326529873225276,0.056561277341428906,0.07952637440001671,0.0233616247295798,0.079526 ± 0.023362
C3,sgd,adamw,optimizer_a_minus_optimizer_b_seed_matched,f315d560c588b29298c6e3749f644634c09a1f3187eeea25d98e941c498f6242,5742764ef3bd686abf56fbeafa222ed2fa2784afb6f787533493cfe88190f71f,0.1,0.0,0.001,0.0001,last,metric_contract_v1.2,c38b09694be88aa74de0741b39e9d3ba0d6ff61a,35a1a66f78dfd6255c4d804586ee6863969be78d21acec5cd0ccf00476ddaa5c,f80984d28ef9a7550633fb3aea514f783f3db1fa655a6d3f49850b10857e6afc,float64,aupr_out,ood_metric/aupr_out_openood_auc,OOD-3,primary,up,id_train,id_test_vs_mnist,detector_declared,detector/ctm_prototype_cosine,mnist,0.0044342424357040056,0.007088710836767653,0.004357647750416582,0.00529353367429608,0.0015551406592164536,0.005294 ± 0.001555
C3,sgd,adamw,optimizer_a_minus_optimizer_b_seed_matched,f315d560c588b29298c6e3749f644634c09a1f3187eeea25d98e941c498f6242,5742764ef3bd686abf56fbeafa222ed2fa2784afb6f787533493cfe88190f71f,0.1,0.0,0.001,0.0001,last,metric_contract_v1.2,c38b09694be88aa74de0741b39e9d3ba0d6ff61a,35a1a66f78dfd6255c4d804586ee6863969be78d21acec5cd0ccf00476ddaa5c,f80984d28ef9a7550633fb3aea514f783f3db1fa655a6d3f49850b10857e6afc,float64,auroc,ood_metric/auroc_id_positive,OOD-1,primary,up,id_train,id_test_vs_mnist,detector_declared,detector/knn_l2_k50,mnist,0.021671905714285566,0.0326053242857145,0.017561992857142772,0.02394640761904761,0.007775311846063674,0.023946 ± 0.007775
C3,sgd,adamw,optimizer_a_minus_optimizer_b_seed_matched,f315d560c588b29298c6e3749f644634c09a1f3187eeea25d98e941c498f6242,5742764ef3bd686abf56fbeafa222ed2fa2784afb6f787533493cfe88190f71f,0.1,0.0,0.001,0.0001,last,metric_contract_v1.2,c38b09694be88aa74de0741b39e9d3ba0d6ff61a,35a1a66f78dfd6255c4d804586ee6863969be78d21acec5cd0ccf00476ddaa5c,f80984d28ef9a7550633fb3aea514f783f3db1fa655a6d3f49850b10857e6afc,float64,fpr95,ood_metric/fpr95_id_tpr,OOD-4,primary,down,id_train,id_test_vs_mnist,detector_declared,detector/knn_l2_k50,mnist,-0.1250857142857143,-0.16234285714285712,-0.04597142857142861,-0.11113333333333335,0.0594270901830053,-0.111133 ± 0.059427
C3,sgd,adamw,optimizer_a_minus_optimizer_b_seed_matched,f315d560c588b29298c6e3749f644634c09a1f3187eeea25d98e941c498f6242,5742764ef3bd686abf56fbeafa222ed2fa2784afb6f787533493cfe88190f71f,0.1,0.0,0.001,0.0001,last,metric_contract_v1.2,c38b09694be88aa74de0741b39e9d3ba0d6ff61a,35a1a66f78dfd6255c4d804586ee6863969be78d21acec5cd0ccf00476ddaa5c,f80984d28ef9a7550633fb3aea514f783f3db1fa655a6d3f49850b10857e6afc,float64,aupr_in,ood_metric/aupr_in_openood_auc,OOD-2,primary,up,id_train,id_test_vs_mnist,detector_declared,detector/knn_l2_k50,mnist,0.05654935988253351,0.08760098818393547,0.05201939883509321,0.06538991563385406,0.019368245781215352,0.065390 ± 0.019368
C3,sgd,adamw,optimizer_a_minus_optimizer_b_seed_matched,f315d560c588b29298c6e3749f644634c09a1f3187eeea25d98e941c498f6242,5742764ef3bd686abf56fbeafa222ed2fa2784afb6f787533493cfe88190f71f,0.1,0.0,0.001,0.0001,last,metric_contract_v1.2,c38b09694be88aa74de0741b39e9d3ba0d6ff61a,35a1a66f78dfd6255c4d804586ee6863969be78d21acec5cd0ccf00476ddaa5c,f80984d28ef9a7550633fb3aea514f783f3db1fa655a6d3f49850b10857e6afc,float64,aupr_out,ood_metric/aupr_out_openood_auc,OOD-3,primary,up,id_train,id_test_vs_mnist,detector_declared,detector/knn_l2_k50,mnist,0.004253749682836094,0.0060736391587941085,0.0028714661433983935,0.004399618328342865,0.001606062343571571,0.004400 ± 0.001606
C3,sgd,adamw,optimizer_a_minus_optimizer_b_seed_matched,f315d560c588b29298c6e3749f644634c09a1f3187eeea25d98e941c498f6242,5742764ef3bd686abf56fbeafa222ed2fa2784afb6f787533493cfe88190f71f,0.1,0.0,0.001,0.0001,last,metric_contract_v1.2,c38b09694be88aa74de0741b39e9d3ba0d6ff61a,35a1a66f78dfd6255c4d804586ee6863969be78d21acec5cd0ccf00476ddaa5c,f80984d28ef9a7550633fb3aea514f783f3db1fa655a6d3f49850b10857e6afc,float64,auroc,ood_metric/auroc_id_positive,OOD-1,primary,up,id_train,id_test_vs_mnist,detector_declared,detector/mahalanobis_pp,mnist,-0.006367994285714218,-0.030292104285714494,-0.011026391428571536,-0.015895496666666748,0.012683528656795907,-0.015895 ± 0.012684
C3,sgd,adamw,optimizer_a_minus_optimizer_b_seed_matched,f315d560c588b29298c6e3749f644634c09a1f3187eeea25d98e941c498f6242,5742764ef3bd686abf56fbeafa222ed2fa2784afb6f787533493cfe88190f71f,0.1,0.0,0.001,0.0001,last,metric_contract_v1.2,c38b09694be88aa74de0741b39e9d3ba0d6ff61a,35a1a66f78dfd6255c4d804586ee6863969be78d21acec5cd0ccf00476ddaa5c,f80984d28ef9a7550633fb3aea514f783f3db1fa655a6d3f49850b10857e6afc,float64,fpr95,ood_metric/fpr95_id_tpr,OOD-4,primary,down,id_train,id_test_vs_mnist,detector_declared,detector/mahalanobis_pp,mnist,0.06957142857142856,0.19697142857142858,0.08175714285714286,0.1161,0.07030123667156234,0.116100 ± 0.070301
C3,sgd,adamw,optimizer_a_minus_optimizer_b_seed_matched,f315d560c588b29298c6e3749f644634c09a1f3187eeea25d98e941c498f6242,5742764ef3bd686abf56fbeafa222ed2fa2784afb6f787533493cfe88190f71f,0.1,0.0,0.001,0.0001,last,metric_contract_v1.2,c38b09694be88aa74de0741b39e9d3ba0d6ff61a,35a1a66f78dfd6255c4d804586ee6863969be78d21acec5cd0ccf00476ddaa5c,f80984d28ef9a7550633fb3aea514f783f3db1fa655a6d3f49850b10857e6afc,float64,aupr_in,ood_metric/aupr_in_openood_auc,OOD-2,primary,up,id_train,id_test_vs_mnist,detector_declared,detector/mahalanobis_pp,mnist,-0.0027231092449707672,-0.037061402644287145,0.002941087457528968,-0.012281141477242982,0.021646403597395572,-0.012281 ± 0.021646
C3,sgd,adamw,optimizer_a_minus_optimizer_b_seed_matched,f315d560c588b29298c6e3749f644634c09a1f3187eeea25d98e941c498f6242,5742764ef3bd686abf56fbeafa222ed2fa2784afb6f787533493cfe88190f71f,0.1,0.0,0.001,0.0001,last,metric_contract_v1.2,c38b09694be88aa74de0741b39e9d3ba0d6ff61a,35a1a66f78dfd6255c4d804586ee6863969be78d21acec5cd0ccf00476ddaa5c,f80984d28ef9a7550633fb3aea514f783f3db1fa655a6d3f49850b10857e6afc,float64,aupr_out,ood_metric/aupr_out_openood_auc,OOD-3,primary,up,id_train,id_test_vs_mnist,detector_declared,detector/mahalanobis_pp,mnist,-0.0021423363961473596,-0.008192269074344116,-0.004682582643305344,-0.005005729371265606,0.0030378840018213025,-0.005006 ± 0.003038
C3,sgd,adamw,optimizer_a_minus_optimizer_b_seed_matched,f315d560c588b29298c6e3749f644634c09a1f3187eeea25d98e941c498f6242,5742764ef3bd686abf56fbeafa222ed2fa2784afb6f787533493cfe88190f71f,0.1,0.0,0.001,0.0001,last,metric_contract_v1.2,c38b09694be88aa74de0741b39e9d3ba0d6ff61a,35a1a66f78dfd6255c4d804586ee6863969be78d21acec5cd0ccf00476ddaa5c,f80984d28ef9a7550633fb3aea514f783f3db1fa655a6d3f49850b10857e6afc,float64,auroc,ood_metric/auroc_id_positive,OOD-1,primary,up,id_train,id_test_vs_mnist,detector_declared,detector/mahalanobis_raw,mnist,-0.05031456857142852,0.18858970571428574,-0.07773827285714285,0.020178954761904788,0.14649112828579838,0.020179 ± 0.146491
C3,sgd,adamw,optimizer_a_minus_optimizer_b_seed_matched,f315d560c588b29298c6e3749f644634c09a1f3187eeea25d98e941c498f6242,5742764ef3bd686abf56fbeafa222ed2fa2784afb6f787533493cfe88190f71f,0.1,0.0,0.001,0.0001,last,metric_contract_v1.2,c38b09694be88aa74de0741b39e9d3ba0d6ff61a,35a1a66f78dfd6255c4d804586ee6863969be78d21acec5cd0ccf00476ddaa5c,f80984d28ef9a7550633fb3aea514f783f3db1fa655a6d3f49850b10857e6afc,float64,fpr95,ood_metric/fpr95_id_tpr,OOD-4,primary,down,id_train,id_test_vs_mnist,detector_declared,detector/mahalanobis_raw,mnist,0.012285714285714344,-0.012800000000000034,0.010914285714285654,0.003466666666666655,0.014104025574812556,0.003467 ± 0.014104
C3,sgd,adamw,optimizer_a_minus_optimizer_b_seed_matched,f315d560c588b29298c6e3749f644634c09a1f3187eeea25d98e941c498f6242,5742764ef3bd686abf56fbeafa222ed2fa2784afb6f787533493cfe88190f71f,0.1,0.0,0.001,0.0001,last,metric_contract_v1.2,c38b09694be88aa74de0741b39e9d3ba0d6ff61a,35a1a66f78dfd6255c4d804586ee6863969be78d21acec5cd0ccf00476ddaa5c,f80984d28ef9a7550633fb3aea514f783f3db1fa655a6d3f49850b10857e6afc,float64,aupr_in,ood_metric/aupr_in_openood_auc,OOD-2,primary,up,id_train,id_test_vs_mnist,detector_declared,detector/mahalanobis_raw,mnist,-0.01348475492283513,0.07471612777598806,-0.05503353370945141,0.00206594638123384,0.06625791950539055,0.002066 ± 0.066258
C3,sgd,adamw,optimizer_a_minus_optimizer_b_seed_matched,f315d560c588b29298c6e3749f644634c09a1f3187eeea25d98e941c498f6242,5742764ef3bd686abf56fbeafa222ed2fa2784afb6f787533493cfe88190f71f,0.1,0.0,0.001,0.0001,last,metric_contract_v1.2,c38b09694be88aa74de0741b39e9d3ba0d6ff61a,35a1a66f78dfd6255c4d804586ee6863969be78d21acec5cd0ccf00476ddaa5c,f80984d28ef9a7550633fb3aea514f783f3db1fa655a6d3f49850b10857e6afc,float64,aupr_out,ood_metric/aupr_out_openood_auc,OOD-3,primary,up,id_train,id_test_vs_mnist,detector_declared,detector/mahalanobis_raw,mnist,-0.018996533633123036,0.06772230327688944,-0.028406327162273204,0.0067731474938310665,0.05299278957146856,0.006773 ± 0.052993
C3,sgd,adamw,optimizer_a_minus_optimizer_b_seed_matched,f315d560c588b29298c6e3749f644634c09a1f3187eeea25d98e941c498f6242,5742764ef3bd686abf56fbeafa222ed2fa2784afb6f787533493cfe88190f71f,0.1,0.0,0.001,0.0001,last,metric_contract_v1.2,c38b09694be88aa74de0741b39e9d3ba0d6ff61a,35a1a66f78dfd6255c4d804586ee6863969be78d21acec5cd0ccf00476ddaa5c,f80984d28ef9a7550633fb3aea514f783f3db1fa655a6d3f49850b10857e6afc,float64,auroc,ood_metric/auroc_id_positive,OOD-1,primary,up,id_train,id_test_vs_mnist,detector_declared,detector/neco_author_std_dim100,mnist,-0.004881568571428407,0.033379908571428474,0.012772524285714404,0.013756954761904824,0.019149725476104853,0.013757 ± 0.019150
C3,sgd,adamw,optimizer_a_minus_optimizer_b_seed_matched,f315d560c588b29298c6e3749f644634c09a1f3187eeea25d98e941c498f6242,5742764ef3bd686abf56fbeafa222ed2fa2784afb6f787533493cfe88190f71f,0.1,0.0,0.001,0.0001,last,metric_contract_v1.2,c38b09694be88aa74de0741b39e9d3ba0d6ff61a,35a1a66f78dfd6255c4d804586ee6863969be78d21acec5cd0ccf00476ddaa5c,f80984d28ef9a7550633fb3aea514f783f3db1fa655a6d3f49850b10857e6afc,float64,fpr95,ood_metric/fpr95_id_tpr,OOD-4,primary,down,id_train,id_test_vs_mnist,detector_declared,detector/neco_author_std_dim100,mnist,0.04695714285714292,-0.15128571428571425,0.025357142857142856,-0.02632380952380949,0.10875775021253666,-0.026324 ± 0.108758
C3,sgd,adamw,optimizer_a_minus_optimizer_b_seed_matched,f315d560c588b29298c6e3749f644634c09a1f3187eeea25d98e941c498f6242,5742764ef3bd686abf56fbeafa222ed2fa2784afb6f787533493cfe88190f71f,0.1,0.0,0.001,0.0001,last,metric_contract_v1.2,c38b09694be88aa74de0741b39e9d3ba0d6ff61a,35a1a66f78dfd6255c4d804586ee6863969be78d21acec5cd0ccf00476ddaa5c,f80984d28ef9a7550633fb3aea514f783f3db1fa655a6d3f49850b10857e6afc,float64,aupr_in,ood_metric/aupr_in_openood_auc,OOD-2,primary,up,id_train,id_test_vs_mnist,detector_declared,detector/neco_author_std_dim100,mnist,-0.0011815090887403734,0.026360451634886095,0.05289451937783474,0.026024487307993487,0.02703957965097033,0.026024 ± 0.027040
C3,sgd,adamw,optimizer_a_minus_optimizer_b_seed_matched,f315d560c588b29298c6e3749f644634c09a1f3187eeea25d98e941c498f6242,5742764ef3bd686abf56fbeafa222ed2fa2784afb6f787533493cfe88190f71f,0.1,0.0,0.001,0.0001,last,metric_contract_v1.2,c38b09694be88aa74de0741b39e9d3ba0d6ff61a,35a1a66f78dfd6255c4d804586ee6863969be78d21acec5cd0ccf00476ddaa5c,f80984d28ef9a7550633fb3aea514f783f3db1fa655a6d3f49850b10857e6afc,float64,aupr_out,ood_metric/aupr_out_openood_auc,OOD-3,primary,up,id_train,id_test_vs_mnist,detector_declared,detector/neco_author_std_dim100,mnist,-0.002065859609772125,0.015086873047468696,0.001616926436742716,0.004879313291479763,0.009029752787045986,0.004879 ± 0.009030
C3,sgd,adamw,optimizer_a_minus_optimizer_b_seed_matched,f315d560c588b29298c6e3749f644634c09a1f3187eeea25d98e941c498f6242,5742764ef3bd686abf56fbeafa222ed2fa2784afb6f787533493cfe88190f71f,0.1,0.0,0.001,0.0001,last,metric_contract_v1.2,c38b09694be88aa74de0741b39e9d3ba0d6ff61a,35a1a66f78dfd6255c4d804586ee6863969be78d21acec5cd0ccf00476ddaa5c,f80984d28ef9a7550633fb3aea514f783f3db1fa655a6d3f49850b10857e6afc,float64,auroc,ood_metric/auroc_id_positive,OOD-1,primary,up,id_train,id_test_vs_mnist,detector_declared,detector/relative_mahalanobis_pp,mnist,0.003869145714285649,0.028576328571428555,0.029195668571428524,0.020547047619047576,0.014446806029968912,0.020547 ± 0.014447
C3,sgd,adamw,optimizer_a_minus_optimizer_b_seed_matched,f315d560c588b29298c6e3749f644634c09a1f3187eeea25d98e941c498f6242,5742764ef3bd686abf56fbeafa222ed2fa2784afb6f787533493cfe88190f71f,0.1,0.0,0.001,0.0001,last,metric_contract_v1.2,c38b09694be88aa74de0741b39e9d3ba0d6ff61a,35a1a66f78dfd6255c4d804586ee6863969be78d21acec5cd0ccf00476ddaa5c,f80984d28ef9a7550633fb3aea514f783f3db1fa655a6d3f49850b10857e6afc,float64,fpr95,ood_metric/fpr95_id_tpr,OOD-4,primary,down,id_train,id_test_vs_mnist,detector_declared,detector/relative_mahalanobis_pp,mnist,-0.003842857142857148,-0.08879999999999999,-0.08489999999999998,-0.05918095238095237,0.04796385189322656,-0.059181 ± 0.047964
C3,sgd,adamw,optimizer_a_minus_optimizer_b_seed_matched,f315d560c588b29298c6e3749f644634c09a1f3187eeea25d98e941c498f6242,5742764ef3bd686abf56fbeafa222ed2fa2784afb6f787533493cfe88190f71f,0.1,0.0,0.001,0.0001,last,metric_contract_v1.2,c38b09694be88aa74de0741b39e9d3ba0d6ff61a,35a1a66f78dfd6255c4d804586ee6863969be78d21acec5cd0ccf00476ddaa5c,f80984d28ef9a7550633fb3aea514f783f3db1fa655a6d3f49850b10857e6afc,float64,aupr_in,ood_metric/aupr_in_openood_auc,OOD-2,primary,up,id_train,id_test_vs_mnist,detector_declared,detector/relative_mahalanobis_pp,mnist,0.018923530449774018,0.0824917223898538,0.12555554663836677,0.07565693315933153,0.05364356883150415,0.075657 ± 0.053644
C3,sgd,adamw,optimizer_a_minus_optimizer_b_seed_matched,f315d560c588b29298c6e3749f644634c09a1f3187eeea25d98e941c498f6242,5742764ef3bd686abf56fbeafa222ed2fa2784afb6f787533493cfe88190f71f,0.1,0.0,0.001,0.0001,last,metric_contract_v1.2,c38b09694be88aa74de0741b39e9d3ba0d6ff61a,35a1a66f78dfd6255c4d804586ee6863969be78d21acec5cd0ccf00476ddaa5c,f80984d28ef9a7550633fb3aea514f783f3db1fa655a6d3f49850b10857e6afc,float64,aupr_out,ood_metric/aupr_out_openood_auc,OOD-3,primary,up,id_train,id_test_vs_mnist,detector_declared,detector/relative_mahalanobis_pp,mnist,0.0005831395697968311,0.005924598178851603,0.005142681348853428,0.003883473032500621,0.002884787549550294,0.003883 ± 0.002885
C3,sgd,adamw,optimizer_a_minus_optimizer_b_seed_matched,f315d560c588b29298c6e3749f644634c09a1f3187eeea25d98e941c498f6242,5742764ef3bd686abf56fbeafa222ed2fa2784afb6f787533493cfe88190f71f,0.1,0.0,0.001,0.0001,last,metric_contract_v1.2,c38b09694be88aa74de0741b39e9d3ba0d6ff61a,35a1a66f78dfd6255c4d804586ee6863969be78d21acec5cd0ccf00476ddaa5c,f80984d28ef9a7550633fb3aea514f783f3db1fa655a6d3f49850b10857e6afc,float64,auroc,ood_metric/auroc_id_positive,OOD-1,primary,up,id_train,id_test_vs_mnist,detector_declared,detector/relative_mahalanobis_raw,mnist,-0.012741248571428443,0.010807008571428467,0.033640587142857115,0.01056878238095238,0.02319183552125867,0.010569 ± 0.023192
C3,sgd,adamw,optimizer_a_minus_optimizer_b_seed_matched,f315d560c588b29298c6e3749f644634c09a1f3187eeea25d98e941c498f6242,5742764ef3bd686abf56fbeafa222ed2fa2784afb6f787533493cfe88190f71f,0.1,0.0,0.001,0.0001,last,metric_contract_v1.2,c38b09694be88aa74de0741b39e9d3ba0d6ff61a,35a1a66f78dfd6255c4d804586ee6863969be78d21acec5cd0ccf00476ddaa5c,f80984d28ef9a7550633fb3aea514f783f3db1fa655a6d3f49850b10857e6afc,float64,fpr95,ood_metric/fpr95_id_tpr,OOD-4,primary,down,id_train,id_test_vs_mnist,detector_declared,detector/relative_mahalanobis_raw,mnist,0.08682857142857137,-0.010528571428571443,-0.07705714285714282,-0.00025238095238096686,0.08242470445662452,-0.000252 ± 0.082425
C3,sgd,adamw,optimizer_a_minus_optimizer_b_seed_matched,f315d560c588b29298c6e3749f644634c09a1f3187eeea25d98e941c498f6242,5742764ef3bd686abf56fbeafa222ed2fa2784afb6f787533493cfe88190f71f,0.1,0.0,0.001,0.0001,last,metric_contract_v1.2,c38b09694be88aa74de0741b39e9d3ba0d6ff61a,35a1a66f78dfd6255c4d804586ee6863969be78d21acec5cd0ccf00476ddaa5c,f80984d28ef9a7550633fb3aea514f783f3db1fa655a6d3f49850b10857e6afc,float64,aupr_in,ood_metric/aupr_in_openood_auc,OOD-2,primary,up,id_train,id_test_vs_mnist,detector_declared,detector/relative_mahalanobis_raw,mnist,0.015491696041157299,0.058782893409550896,0.17483886459551046,0.08303781801540622,0.08239603180553753,0.083038 ± 0.082396
C3,sgd,adamw,optimizer_a_minus_optimizer_b_seed_matched,f315d560c588b29298c6e3749f644634c09a1f3187eeea25d98e941c498f6242,5742764ef3bd686abf56fbeafa222ed2fa2784afb6f787533493cfe88190f71f,0.1,0.0,0.001,0.0001,last,metric_contract_v1.2,c38b09694be88aa74de0741b39e9d3ba0d6ff61a,35a1a66f78dfd6255c4d804586ee6863969be78d21acec5cd0ccf00476ddaa5c,f80984d28ef9a7550633fb3aea514f783f3db1fa655a6d3f49850b10857e6afc,float64,aupr_out,ood_metric/aupr_out_openood_auc,OOD-3,primary,up,id_train,id_test_vs_mnist,detector_declared,detector/relative_mahalanobis_raw,mnist,-0.004490911039254697,0.0012605946858018635,0.005830022449787808,0.000866568698778325,0.005171736592301196,0.000867 ± 0.005172
C3,sgd,adamw,optimizer_a_minus_optimizer_b_seed_matched,f315d560c588b29298c6e3749f644634c09a1f3187eeea25d98e941c498f6242,5742764ef3bd686abf56fbeafa222ed2fa2784afb6f787533493cfe88190f71f,0.1,0.0,0.001,0.0001,last,metric_contract_v1.2,c38b09694be88aa74de0741b39e9d3ba0d6ff61a,35a1a66f78dfd6255c4d804586ee6863969be78d21acec5cd0ccf00476ddaa5c,f80984d28ef9a7550633fb3aea514f783f3db1fa655a6d3f49850b10857e6afc,float64,auroc,ood_metric/auroc_id_positive,OOD-1,primary,up,id_train,id_test_vs_mnist,detector_declared,detector/vim_author_dim,mnist,0.023327388571428465,0.02969487000000004,0.007651458571428571,0.02022457238095236,0.011344540452844675,0.020225 ± 0.011345
C3,sgd,adamw,optimizer_a_minus_optimizer_b_seed_matched,f315d560c588b29298c6e3749f644634c09a1f3187eeea25d98e941c498f6242,5742764ef3bd686abf56fbeafa222ed2fa2784afb6f787533493cfe88190f71f,0.1,0.0,0.001,0.0001,last,metric_contract_v1.2,c38b09694be88aa74de0741b39e9d3ba0d6ff61a,35a1a66f78dfd6255c4d804586ee6863969be78d21acec5cd0ccf00476ddaa5c,f80984d28ef9a7550633fb3aea514f783f3db1fa655a6d3f49850b10857e6afc,float64,fpr95,ood_metric/fpr95_id_tpr,OOD-4,primary,down,id_train,id_test_vs_mnist,detector_declared,detector/vim_author_dim,mnist,-0.17331428571428564,-0.22161428571428576,0.03944285714285711,-0.1184952380952381,0.13889403855305751,-0.118495 ± 0.138894
C3,sgd,adamw,optimizer_a_minus_optimizer_b_seed_matched,f315d560c588b29298c6e3749f644634c09a1f3187eeea25d98e941c498f6242,5742764ef3bd686abf56fbeafa222ed2fa2784afb6f787533493cfe88190f71f,0.1,0.0,0.001,0.0001,last,metric_contract_v1.2,c38b09694be88aa74de0741b39e9d3ba0d6ff61a,35a1a66f78dfd6255c4d804586ee6863969be78d21acec5cd0ccf00476ddaa5c,f80984d28ef9a7550633fb3aea514f783f3db1fa655a6d3f49850b10857e6afc,float64,aupr_in,ood_metric/aupr_in_openood_auc,OOD-2,primary,up,id_train,id_test_vs_mnist,detector_declared,detector/vim_author_dim,mnist,0.04378924091017433,0.03465157733739743,0.03759289073618621,0.03867790299458599,0.004664457373904474,0.038678 ± 0.004664
C3,sgd,adamw,optimizer_a_minus_optimizer_b_seed_matched,f315d560c588b29298c6e3749f644634c09a1f3187eeea25d98e941c498f6242,5742764ef3bd686abf56fbeafa222ed2fa2784afb6f787533493cfe88190f71f,0.1,0.0,0.001,0.0001,last,metric_contract_v1.2,c38b09694be88aa74de0741b39e9d3ba0d6ff61a,35a1a66f78dfd6255c4d804586ee6863969be78d21acec5cd0ccf00476ddaa5c,f80984d28ef9a7550633fb3aea514f783f3db1fa655a6d3f49850b10857e6afc,float64,aupr_out,ood_metric/aupr_out_openood_auc,OOD-3,primary,up,id_train,id_test_vs_mnist,detector_declared,detector/vim_author_dim,mnist,0.0072299523194325754,0.011650614134914083,-0.0012394138017840506,0.005880384217520869,0.0065501301970638534,0.005880 ± 0.006550
C3,sgd,adamw,optimizer_a_minus_optimizer_b_seed_matched,f315d560c588b29298c6e3749f644634c09a1f3187eeea25d98e941c498f6242,5742764ef3bd686abf56fbeafa222ed2fa2784afb6f787533493cfe88190f71f,0.1,0.0,0.001,0.0001,last,metric_contract_v1.2,c38b09694be88aa74de0741b39e9d3ba0d6ff61a,35a1a66f78dfd6255c4d804586ee6863969be78d21acec5cd0ccf00476ddaa5c,f80984d28ef9a7550633fb3aea514f783f3db1fa655a6d3f49850b10857e6afc,float64,auroc,ood_metric/auroc_id_positive,OOD-1,primary,up,,id_test_vs_mnist,detector_declared,ood_score/energy_t1,mnist,0.020826549999999888,0.010086927142857083,0.016858928571428677,0.015924135238095216,0.0054304929528036,0.015924 ± 0.005430
C3,sgd,adamw,optimizer_a_minus_optimizer_b_seed_matched,f315d560c588b29298c6e3749f644634c09a1f3187eeea25d98e941c498f6242,5742764ef3bd686abf56fbeafa222ed2fa2784afb6f787533493cfe88190f71f,0.1,0.0,0.001,0.0001,last,metric_contract_v1.2,c38b09694be88aa74de0741b39e9d3ba0d6ff61a,35a1a66f78dfd6255c4d804586ee6863969be78d21acec5cd0ccf00476ddaa5c,f80984d28ef9a7550633fb3aea514f783f3db1fa655a6d3f49850b10857e6afc,float64,fpr95,ood_metric/fpr95_id_tpr,OOD-4,primary,down,,id_test_vs_mnist,detector_declared,ood_score/energy_t1,mnist,-0.1573571428571429,-0.09648571428571429,-0.11169999999999997,-0.12184761904761904,0.03167906774722601,-0.121848 ± 0.031679
C3,sgd,adamw,optimizer_a_minus_optimizer_b_seed_matched,f315d560c588b29298c6e3749f644634c09a1f3187eeea25d98e941c498f6242,5742764ef3bd686abf56fbeafa222ed2fa2784afb6f787533493cfe88190f71f,0.1,0.0,0.001,0.0001,last,metric_contract_v1.2,c38b09694be88aa74de0741b39e9d3ba0d6ff61a,35a1a66f78dfd6255c4d804586ee6863969be78d21acec5cd0ccf00476ddaa5c,f80984d28ef9a7550633fb3aea514f783f3db1fa655a6d3f49850b10857e6afc,float64,aupr_in,ood_metric/aupr_in_openood_auc,OOD-2,primary,up,,id_test_vs_mnist,detector_declared,ood_score/energy_t1,mnist,0.03620311601385995,0.0010387071886236443,0.029799397055155885,0.02234707341921316,0.01872930211428638,0.022347 ± 0.018729
C3,sgd,adamw,optimizer_a_minus_optimizer_b_seed_matched,f315d560c588b29298c6e3749f644634c09a1f3187eeea25d98e941c498f6242,5742764ef3bd686abf56fbeafa222ed2fa2784afb6f787533493cfe88190f71f,0.1,0.0,0.001,0.0001,last,metric_contract_v1.2,c38b09694be88aa74de0741b39e9d3ba0d6ff61a,35a1a66f78dfd6255c4d804586ee6863969be78d21acec5cd0ccf00476ddaa5c,f80984d28ef9a7550633fb3aea514f783f3db1fa655a6d3f49850b10857e6afc,float64,aupr_out,ood_metric/aupr_out_openood_auc,OOD-3,primary,up,,id_test_vs_mnist,detector_declared,ood_score/energy_t1,mnist,0.006816240367053195,0.004705796150236141,0.0045283136553149195,0.005350116724201419,0.001272797670919297,0.005350 ± 0.001273
C3,sgd,adamw,optimizer_a_minus_optimizer_b_seed_matched,f315d560c588b29298c6e3749f644634c09a1f3187eeea25d98e941c498f6242,5742764ef3bd686abf56fbeafa222ed2fa2784afb6f787533493cfe88190f71f,0.1,0.0,0.001,0.0001,last,metric_contract_v1.2,c38b09694be88aa74de0741b39e9d3ba0d6ff61a,35a1a66f78dfd6255c4d804586ee6863969be78d21acec5cd0ccf00476ddaa5c,f80984d28ef9a7550633fb3aea514f783f3db1fa655a6d3f49850b10857e6afc,float64,auroc,ood_metric/auroc_id_positive,OOD-1,primary,up,,id_test_vs_mnist,detector_declared,ood_score/max_logit,mnist,0.020402997142856982,0.009948175000000115,0.01680893357142854,0.015720035238095214,0.005311788888401406,0.015720 ± 0.005312
C3,sgd,adamw,optimizer_a_minus_optimizer_b_seed_matched,f315d560c588b29298c6e3749f644634c09a1f3187eeea25d98e941c498f6242,5742764ef3bd686abf56fbeafa222ed2fa2784afb6f787533493cfe88190f71f,0.1,0.0,0.001,0.0001,last,metric_contract_v1.2,c38b09694be88aa74de0741b39e9d3ba0d6ff61a,35a1a66f78dfd6255c4d804586ee6863969be78d21acec5cd0ccf00476ddaa5c,f80984d28ef9a7550633fb3aea514f783f3db1fa655a6d3f49850b10857e6afc,float64,fpr95,ood_metric/fpr95_id_tpr,OOD-4,primary,down,,id_test_vs_mnist,detector_declared,ood_score/max_logit,mnist,-0.14955714285714286,-0.09681428571428574,-0.11191428571428569,-0.11942857142857144,0.027162485384163534,-0.119429 ± 0.027162
C3,sgd,adamw,optimizer_a_minus_optimizer_b_seed_matched,f315d560c588b29298c6e3749f644634c09a1f3187eeea25d98e941c498f6242,5742764ef3bd686abf56fbeafa222ed2fa2784afb6f787533493cfe88190f71f,0.1,0.0,0.001,0.0001,last,metric_contract_v1.2,c38b09694be88aa74de0741b39e9d3ba0d6ff61a,35a1a66f78dfd6255c4d804586ee6863969be78d21acec5cd0ccf00476ddaa5c,f80984d28ef9a7550633fb3aea514f783f3db1fa655a6d3f49850b10857e6afc,float64,aupr_in,ood_metric/aupr_in_openood_auc,OOD-2,primary,up,,id_test_vs_mnist,detector_declared,ood_score/max_logit,mnist,0.03581944626471856,0.000987171989468183,0.029690350913639474,0.022165656389275406,0.018595365109626463,0.022166 ± 0.018595
C3,sgd,adamw,optimizer_a_minus_optimizer_b_seed_matched,f315d560c588b29298c6e3749f644634c09a1f3187eeea25d98e941c498f6242,5742764ef3bd686abf56fbeafa222ed2fa2784afb6f787533493cfe88190f71f,0.1,0.0,0.001,0.0001,last,metric_contract_v1.2,c38b09694be88aa74de0741b39e9d3ba0d6ff61a,35a1a66f78dfd6255c4d804586ee6863969be78d21acec5cd0ccf00476ddaa5c,f80984d28ef9a7550633fb3aea514f783f3db1fa655a6d3f49850b10857e6afc,float64,aupr_out,ood_metric/aupr_out_openood_auc,OOD-3,primary,up,,id_test_vs_mnist,detector_declared,ood_score/max_logit,mnist,0.006464994010858316,0.004480668058267301,0.004353189961526671,0.005099617343550762,0.0011841675341808964,0.005100 ± 0.001184
C3,sgd,adamw,optimizer_a_minus_optimizer_b_seed_matched,f315d560c588b29298c6e3749f644634c09a1f3187eeea25d98e941c498f6242,5742764ef3bd686abf56fbeafa222ed2fa2784afb6f787533493cfe88190f71f,0.1,0.0,0.001,0.0001,last,metric_contract_v1.2,c38b09694be88aa74de0741b39e9d3ba0d6ff61a,35a1a66f78dfd6255c4d804586ee6863969be78d21acec5cd0ccf00476ddaa5c,f80984d28ef9a7550633fb3aea514f783f3db1fa655a6d3f49850b10857e6afc,float64,auroc,ood_metric/auroc_id_positive,OOD-1,primary,up,,id_test_vs_mnist,detector_declared,ood_score/msp,mnist,-0.00402428428571433,-0.00512460285714289,0.015198895714285787,0.0020166695238095222,0.011429391529837293,0.002017 ± 0.011429
C3,sgd,adamw,optimizer_a_minus_optimizer_b_seed_matched,f315d560c588b29298c6e3749f644634c09a1f3187eeea25d98e941c498f6242,5742764ef3bd686abf56fbeafa222ed2fa2784afb6f787533493cfe88190f71f,0.1,0.0,0.001,0.0001,last,metric_contract_v1.2,c38b09694be88aa74de0741b39e9d3ba0d6ff61a,35a1a66f78dfd6255c4d804586ee6863969be78d21acec5cd0ccf00476ddaa5c,f80984d28ef9a7550633fb3aea514f783f3db1fa655a6d3f49850b10857e6afc,float64,fpr95,ood_metric/fpr95_id_tpr,OOD-4,primary,down,,id_test_vs_mnist,detector_declared,ood_score/msp,mnist,0.03055714285714284,0.010914285714285765,-0.055499999999999994,-0.004676190476190463,0.045097174745964155,-0.004676 ± 0.045097
C3,sgd,adamw,optimizer_a_minus_optimizer_b_seed_matched,f315d560c588b29298c6e3749f644634c09a1f3187eeea25d98e941c498f6242,5742764ef3bd686abf56fbeafa222ed2fa2784afb6f787533493cfe88190f71f,0.1,0.0,0.001,0.0001,last,metric_contract_v1.2,c38b09694be88aa74de0741b39e9d3ba0d6ff61a,35a1a66f78dfd6255c4d804586ee6863969be78d21acec5cd0ccf00476ddaa5c,f80984d28ef9a7550633fb3aea514f783f3db1fa655a6d3f49850b10857e6afc,float64,aupr_in,ood_metric/aupr_in_openood_auc,OOD-2,primary,up,,id_test_vs_mnist,detector_declared,ood_score/msp,mnist,-0.003565812330122431,-0.022597497826120416,0.03664551051355347,0.0034940667857702077,0.030245907642719703,0.003494 ± 0.030246
C3,sgd,adamw,optimizer_a_minus_optimizer_b_seed_matched,f315d560c588b29298c6e3749f644634c09a1f3187eeea25d98e941c498f6242,5742764ef3bd686abf56fbeafa222ed2fa2784afb6f787533493cfe88190f71f,0.1,0.0,0.001,0.0001,last,metric_contract_v1.2,c38b09694be88aa74de0741b39e9d3ba0d6ff61a,35a1a66f78dfd6255c4d804586ee6863969be78d21acec5cd0ccf00476ddaa5c,f80984d28ef9a7550633fb3aea514f783f3db1fa655a6d3f49850b10857e6afc,float64,aupr_out,ood_metric/aupr_out_openood_auc,OOD-3,primary,up,,id_test_vs_mnist,detector_declared,ood_score/msp,mnist,-0.0011557414482713524,-0.0006313602596371704,0.00320927298478646,0.0004740570922926457,0.00238323276069741,0.000474 ± 0.002383
C3,adam,adamw,optimizer_a_minus_optimizer_b_seed_matched,b701f780ad99d469949a985b0472b8d1f26be0545e531d92895b7559ca142328,5742764ef3bd686abf56fbeafa222ed2fa2784afb6f787533493cfe88190f71f,0.0003,0.0,0.001,0.0001,last,metric_contract_v1.2,c38b09694be88aa74de0741b39e9d3ba0d6ff61a,35a1a66f78dfd6255c4d804586ee6863969be78d21acec5cd0ccf00476ddaa5c,f80984d28ef9a7550633fb3aea514f783f3db1fa655a6d3f49850b10857e6afc,float64,auroc,ood_metric/auroc_id_positive,OOD-1,primary,up,id_train,id_test_vs_mnist,detector_declared,detector/ctm_prototype_cosine,mnist,-0.011952167142857295,0.0017727014285715548,-0.015368578571428593,-0.008516014761904778,0.009072553521387763,-0.008516 ± 0.009073
C3,adam,adamw,optimizer_a_minus_optimizer_b_seed_matched,b701f780ad99d469949a985b0472b8d1f26be0545e531d92895b7559ca142328,5742764ef3bd686abf56fbeafa222ed2fa2784afb6f787533493cfe88190f71f,0.0003,0.0,0.001,0.0001,last,metric_contract_v1.2,c38b09694be88aa74de0741b39e9d3ba0d6ff61a,35a1a66f78dfd6255c4d804586ee6863969be78d21acec5cd0ccf00476ddaa5c,f80984d28ef9a7550633fb3aea514f783f3db1fa655a6d3f49850b10857e6afc,float64,fpr95,ood_metric/fpr95_id_tpr,OOD-4,primary,down,id_train,id_test_vs_mnist,detector_declared,detector/ctm_prototype_cosine,mnist,0.07900000000000001,0.031057142857142894,0.040999999999999925,0.05035238095238095,0.025302759925825206,0.050352 ± 0.025303
C3,adam,adamw,optimizer_a_minus_optimizer_b_seed_matched,b701f780ad99d469949a985b0472b8d1f26be0545e531d92895b7559ca142328,5742764ef3bd686abf56fbeafa222ed2fa2784afb6f787533493cfe88190f71f,0.0003,0.0,0.001,0.0001,last,metric_contract_v1.2,c38b09694be88aa74de0741b39e9d3ba0d6ff61a,35a1a66f78dfd6255c4d804586ee6863969be78d21acec5cd0ccf00476ddaa5c,f80984d28ef9a7550633fb3aea514f783f3db1fa655a6d3f49850b10857e6afc,float64,aupr_in,ood_metric/aupr_in_openood_auc,OOD-2,primary,up,id_train,id_test_vs_mnist,detector_declared,detector/ctm_prototype_cosine,mnist,-0.01749839080627269,0.010555413494936383,-0.05143264239880163,-0.019458539903379313,0.031040480130524125,-0.019459 ± 0.031040
C3,adam,adamw,optimizer_a_minus_optimizer_b_seed_matched,b701f780ad99d469949a985b0472b8d1f26be0545e531d92895b7559ca142328,5742764ef3bd686abf56fbeafa222ed2fa2784afb6f787533493cfe88190f71f,0.0003,0.0,0.001,0.0001,last,metric_contract_v1.2,c38b09694be88aa74de0741b39e9d3ba0d6ff61a,35a1a66f78dfd6255c4d804586ee6863969be78d21acec5cd0ccf00476ddaa5c,f80984d28ef9a7550633fb3aea514f783f3db1fa655a6d3f49850b10857e6afc,float64,aupr_out,ood_metric/aupr_out_openood_auc,OOD-3,primary,up,id_train,id_test_vs_mnist,detector_declared,detector/ctm_prototype_cosine,mnist,-0.003829293713886406,-0.0007847445114219642,-0.0036435008857583773,-0.0027525130370222493,0.0017066676511562795,-0.002753 ± 0.001707
C3,adam,adamw,optimizer_a_minus_optimizer_b_seed_matched,b701f780ad99d469949a985b0472b8d1f26be0545e531d92895b7559ca142328,5742764ef3bd686abf56fbeafa222ed2fa2784afb6f787533493cfe88190f71f,0.0003,0.0,0.001,0.0001,last,metric_contract_v1.2,c38b09694be88aa74de0741b39e9d3ba0d6ff61a,35a1a66f78dfd6255c4d804586ee6863969be78d21acec5cd0ccf00476ddaa5c,f80984d28ef9a7550633fb3aea514f783f3db1fa655a6d3f49850b10857e6afc,float64,auroc,ood_metric/auroc_id_positive,OOD-1,primary,up,id_train,id_test_vs_mnist,detector_declared,detector/knn_l2_k50,mnist,-0.021979124285714247,-0.008907517142857202,-0.0207896628571429,-0.017225434761904784,0.007228037061364681,-0.017225 ± 0.007228
C3,adam,adamw,optimizer_a_minus_optimizer_b_seed_matched,b701f780ad99d469949a985b0472b8d1f26be0545e531d92895b7559ca142328,5742764ef3bd686abf56fbeafa222ed2fa2784afb6f787533493cfe88190f71f,0.0003,0.0,0.001,0.0001,last,metric_contract_v1.2,c38b09694be88aa74de0741b39e9d3ba0d6ff61a,35a1a66f78dfd6255c4d804586ee6863969be78d21acec5cd0ccf00476ddaa5c,f80984d28ef9a7550633fb3aea514f783f3db1fa655a6d3f49850b10857e6afc,float64,fpr95,ood_metric/fpr95_id_tpr,OOD-4,primary,down,id_train,id_test_vs_mnist,detector_declared,detector/knn_l2_k50,mnist,0.10424285714285714,0.041285714285714314,0.08304285714285714,0.0761904761904762,0.032033057967060956,0.076190 ± 0.032033
C3,adam,adamw,optimizer_a_minus_optimizer_b_seed_matched,b701f780ad99d469949a985b0472b8d1f26be0545e531d92895b7559ca142328,5742764ef3bd686abf56fbeafa222ed2fa2784afb6f787533493cfe88190f71f,0.0003,0.0,0.001,0.0001,last,metric_contract_v1.2,c38b09694be88aa74de0741b39e9d3ba0d6ff61a,35a1a66f78dfd6255c4d804586ee6863969be78d21acec5cd0ccf00476ddaa5c,f80984d28ef9a7550633fb3aea514f783f3db1fa655a6d3f49850b10857e6afc,float64,aupr_in,ood_metric/aupr_in_openood_auc,OOD-2,primary,up,id_train,id_test_vs_mnist,detector_declared,detector/knn_l2_k50,mnist,-0.0534573075154432,-0.024786059817820782,-0.055927109550276466,-0.04472349229451348,0.017310427228836012,-0.044723 ± 0.017310
C3,adam,adamw,optimizer_a_minus_optimizer_b_seed_matched,b701f780ad99d469949a985b0472b8d1f26be0545e531d92895b7559ca142328,5742764ef3bd686abf56fbeafa222ed2fa2784afb6f787533493cfe88190f71f,0.0003,0.0,0.001,0.0001,last,metric_contract_v1.2,c38b09694be88aa74de0741b39e9d3ba0d6ff61a,35a1a66f78dfd6255c4d804586ee6863969be78d21acec5cd0ccf00476ddaa5c,f80984d28ef9a7550633fb3aea514f783f3db1fa655a6d3f49850b10857e6afc,float64,aupr_out,ood_metric/aupr_out_openood_auc,OOD-3,primary,up,id_train,id_test_vs_mnist,detector_declared,detector/knn_l2_k50,mnist,-0.0055113145260913265,-0.0025820855060656456,-0.0045045145970449285,-0.0041993048764006335,0.0014882743003633368,-0.004199 ± 0.001488
C3,adam,adamw,optimizer_a_minus_optimizer_b_seed_matched,b701f780ad99d469949a985b0472b8d1f26be0545e531d92895b7559ca142328,5742764ef3bd686abf56fbeafa222ed2fa2784afb6f787533493cfe88190f71f,0.0003,0.0,0.001,0.0001,last,metric_contract_v1.2,c38b09694be88aa74de0741b39e9d3ba0d6ff61a,35a1a66f78dfd6255c4d804586ee6863969be78d21acec5cd0ccf00476ddaa5c,f80984d28ef9a7550633fb3aea514f783f3db1fa655a6d3f49850b10857e6afc,float64,auroc,ood_metric/auroc_id_positive,OOD-1,primary,up,id_train,id_test_vs_mnist,detector_declared,detector/mahalanobis_pp,mnist,-0.04093127857142853,-0.03913593285714301,0.022938820000000026,-0.01904279714285717,0.03636822720460171,-0.019043 ± 0.036368
C3,adam,adamw,optimizer_a_minus_optimizer_b_seed_matched,b701f780ad99d469949a985b0472b8d1f26be0545e531d92895b7559ca142328,5742764ef3bd686abf56fbeafa222ed2fa2784afb6f787533493cfe88190f71f,0.0003,0.0,0.001,0.0001,last,metric_contract_v1.2,c38b09694be88aa74de0741b39e9d3ba0d6ff61a,35a1a66f78dfd6255c4d804586ee6863969be78d21acec5cd0ccf00476ddaa5c,f80984d28ef9a7550633fb3aea514f783f3db1fa655a6d3f49850b10857e6afc,float64,fpr95,ood_metric/fpr95_id_tpr,OOD-4,primary,down,id_train,id_test_vs_mnist,detector_declared,detector/mahalanobis_pp,mnist,0.23734285714285713,0.23182857142857138,-0.10651428571428567,0.12088571428571428,0.19695347632558985,0.120886 ± 0.196953
C3,adam,adamw,optimizer_a_minus_optimizer_b_seed_matched,b701f780ad99d469949a985b0472b8d1f26be0545e531d92895b7559ca142328,5742764ef3bd686abf56fbeafa222ed2fa2784afb6f787533493cfe88190f71f,0.0003,0.0,0.001,0.0001,last,metric_contract_v1.2,c38b09694be88aa74de0741b39e9d3ba0d6ff61a,35a1a66f78dfd6255c4d804586ee6863969be78d21acec5cd0ccf00476ddaa5c,f80984d28ef9a7550633fb3aea514f783f3db1fa655a6d3f49850b10857e6afc,float64,aupr_in,ood_metric/aupr_in_openood_auc,OOD-2,primary,up,id_train,id_test_vs_mnist,detector_declared,detector/mahalanobis_pp,mnist,-0.09248398830604876,-0.05801452883916369,0.02430506216859485,-0.042064484992205865,0.06000602887820624,-0.042064 ± 0.060006
C3,adam,adamw,optimizer_a_minus_optimizer_b_seed_matched,b701f780ad99d469949a985b0472b8d1f26be0545e531d92895b7559ca142328,5742764ef3bd686abf56fbeafa222ed2fa2784afb6f787533493cfe88190f71f,0.0003,0.0,0.001,0.0001,last,metric_contract_v1.2,c38b09694be88aa74de0741b39e9d3ba0d6ff61a,35a1a66f78dfd6255c4d804586ee6863969be78d21acec5cd0ccf00476ddaa5c,f80984d28ef9a7550633fb3aea514f783f3db1fa655a6d3f49850b10857e6afc,float64,aupr_out,ood_metric/aupr_out_openood_auc,OOD-3,primary,up,id_train,id_test_vs_mnist,detector_declared,detector/mahalanobis_pp,mnist,-0.010343045761820102,-0.010805631730856025,0.006827629366943255,-0.004773682708577624,0.010049692923164726,-0.004774 ± 0.010050
C3,adam,adamw,optimizer_a_minus_optimizer_b_seed_matched,b701f780ad99d469949a985b0472b8d1f26be0545e531d92895b7559ca142328,5742764ef3bd686abf56fbeafa222ed2fa2784afb6f787533493cfe88190f71f,0.0003,0.0,0.001,0.0001,last,metric_contract_v1.2,c38b09694be88aa74de0741b39e9d3ba0d6ff61a,35a1a66f78dfd6255c4d804586ee6863969be78d21acec5cd0ccf00476ddaa5c,f80984d28ef9a7550633fb3aea514f783f3db1fa655a6d3f49850b10857e6afc,float64,auroc,ood_metric/auroc_id_positive,OOD-1,primary,up,id_train,id_test_vs_mnist,detector_declared,detector/mahalanobis_raw,mnist,0.1265345771428571,0.22814956857142848,0.13579306571428573,0.16349240380952376,0.056185777728379696,0.163492 ± 0.056186
C3,adam,adamw,optimizer_a_minus_optimizer_b_seed_matched,b701f780ad99d469949a985b0472b8d1f26be0545e531d92895b7559ca142328,5742764ef3bd686abf56fbeafa222ed2fa2784afb6f787533493cfe88190f71f,0.0003,0.0,0.001,0.0001,last,metric_contract_v1.2,c38b09694be88aa74de0741b39e9d3ba0d6ff61a,35a1a66f78dfd6255c4d804586ee6863969be78d21acec5cd0ccf00476ddaa5c,f80984d28ef9a7550633fb3aea514f783f3db1fa655a6d3f49850b10857e6afc,float64,fpr95,ood_metric/fpr95_id_tpr,OOD-4,primary,down,id_train,id_test_vs_mnist,detector_declared,detector/mahalanobis_raw,mnist,-0.016285714285714237,-0.004314285714285715,-0.06551428571428575,-0.0287047619047619,0.032435082207744305,-0.028705 ± 0.032435
C3,adam,adamw,optimizer_a_minus_optimizer_b_seed_matched,b701f780ad99d469949a985b0472b8d1f26be0545e531d92895b7559ca142328,5742764ef3bd686abf56fbeafa222ed2fa2784afb6f787533493cfe88190f71f,0.0003,0.0,0.001,0.0001,last,metric_contract_v1.2,c38b09694be88aa74de0741b39e9d3ba0d6ff61a,35a1a66f78dfd6255c4d804586ee6863969be78d21acec5cd0ccf00476ddaa5c,f80984d28ef9a7550633fb3aea514f783f3db1fa655a6d3f49850b10857e6afc,float64,aupr_in,ood_metric/aupr_in_openood_auc,OOD-2,primary,up,id_train,id_test_vs_mnist,detector_declared,detector/mahalanobis_raw,mnist,0.1277505360938908,0.11575289341463489,0.10865077976054305,0.11738473642302293,0.009653877806422306,0.117385 ± 0.009654
C3,adam,adamw,optimizer_a_minus_optimizer_b_seed_matched,b701f780ad99d469949a985b0472b8d1f26be0545e531d92895b7559ca142328,5742764ef3bd686abf56fbeafa222ed2fa2784afb6f787533493cfe88190f71f,0.0003,0.0,0.001,0.0001,last,metric_contract_v1.2,c38b09694be88aa74de0741b39e9d3ba0d6ff61a,35a1a66f78dfd6255c4d804586ee6863969be78d21acec5cd0ccf00476ddaa5c,f80984d28ef9a7550633fb3aea514f783f3db1fa655a6d3f49850b10857e6afc,float64,aupr_out,ood_metric/aupr_out_openood_auc,OOD-3,primary,up,id_train,id_test_vs_mnist,detector_declared,detector/mahalanobis_raw,mnist,0.03611463872591736,0.06983199453576527,0.05371302198496153,0.05321988508221472,0.016864086358460373,0.053220 ± 0.016864
C3,adam,adamw,optimizer_a_minus_optimizer_b_seed_matched,b701f780ad99d469949a985b0472b8d1f26be0545e531d92895b7559ca142328,5742764ef3bd686abf56fbeafa222ed2fa2784afb6f787533493cfe88190f71f,0.0003,0.0,0.001,0.0001,last,metric_contract_v1.2,c38b09694be88aa74de0741b39e9d3ba0d6ff61a,35a1a66f78dfd6255c4d804586ee6863969be78d21acec5cd0ccf00476ddaa5c,f80984d28ef9a7550633fb3aea514f783f3db1fa655a6d3f49850b10857e6afc,float64,auroc,ood_metric/auroc_id_positive,OOD-1,primary,up,id_train,id_test_vs_mnist,detector_declared,detector/neco_author_std_dim100,mnist,0.024442194285714258,0.05713333857142855,0.05879997571428586,0.04679183619047622,0.019373288048103936,0.046792 ± 0.019373
C3,adam,adamw,optimizer_a_minus_optimizer_b_seed_matched,b701f780ad99d469949a985b0472b8d1f26be0545e531d92895b7559ca142328,5742764ef3bd686abf56fbeafa222ed2fa2784afb6f787533493cfe88190f71f,0.0003,0.0,0.001,0.0001,last,metric_contract_v1.2,c38b09694be88aa74de0741b39e9d3ba0d6ff61a,35a1a66f78dfd6255c4d804586ee6863969be78d21acec5cd0ccf00476ddaa5c,f80984d28ef9a7550633fb3aea514f783f3db1fa655a6d3f49850b10857e6afc,float64,fpr95,ood_metric/fpr95_id_tpr,OOD-4,primary,down,id_train,id_test_vs_mnist,detector_declared,detector/neco_author_std_dim100,mnist,-0.18905714285714287,-0.24067142857142854,-0.25952857142857144,-0.22975238095238093,0.03648252680263199,-0.229752 ± 0.036483
C3,adam,adamw,optimizer_a_minus_optimizer_b_seed_matched,b701f780ad99d469949a985b0472b8d1f26be0545e531d92895b7559ca142328,5742764ef3bd686abf56fbeafa222ed2fa2784afb6f787533493cfe88190f71f,0.0003,0.0,0.001,0.0001,last,metric_contract_v1.2,c38b09694be88aa74de0741b39e9d3ba0d6ff61a,35a1a66f78dfd6255c4d804586ee6863969be78d21acec5cd0ccf00476ddaa5c,f80984d28ef9a7550633fb3aea514f783f3db1fa655a6d3f49850b10857e6afc,float64,aupr_in,ood_metric/aupr_in_openood_auc,OOD-2,primary,up,id_train,id_test_vs_mnist,detector_declared,detector/neco_author_std_dim100,mnist,0.01822034619818136,0.0798402795903792,0.11589006904486698,0.07131689827780918,0.04938957088279566,0.071317 ± 0.049390
C3,adam,adamw,optimizer_a_minus_optimizer_b_seed_matched,b701f780ad99d469949a985b0472b8d1f26be0545e531d92895b7559ca142328,5742764ef3bd686abf56fbeafa222ed2fa2784afb6f787533493cfe88190f71f,0.0003,0.0,0.001,0.0001,last,metric_contract_v1.2,c38b09694be88aa74de0741b39e9d3ba0d6ff61a,35a1a66f78dfd6255c4d804586ee6863969be78d21acec5cd0ccf00476ddaa5c,f80984d28ef9a7550633fb3aea514f783f3db1fa655a6d3f49850b10857e6afc,float64,aupr_out,ood_metric/aupr_out_openood_auc,OOD-3,primary,up,id_train,id_test_vs_mnist,detector_declared,detector/neco_author_std_dim100,mnist,0.0067573315520232935,0.01860715465601326,0.014277428369338097,0.013213971525791549,0.005996063895800985,0.013214 ± 0.005996
C3,adam,adamw,optimizer_a_minus_optimizer_b_seed_matched,b701f780ad99d469949a985b0472b8d1f26be0545e531d92895b7559ca142328,5742764ef3bd686abf56fbeafa222ed2fa2784afb6f787533493cfe88190f71f,0.0003,0.0,0.001,0.0001,last,metric_contract_v1.2,c38b09694be88aa74de0741b39e9d3ba0d6ff61a,35a1a66f78dfd6255c4d804586ee6863969be78d21acec5cd0ccf00476ddaa5c,f80984d28ef9a7550633fb3aea514f783f3db1fa655a6d3f49850b10857e6afc,float64,auroc,ood_metric/auroc_id_positive,OOD-1,primary,up,id_train,id_test_vs_mnist,detector_declared,detector/relative_mahalanobis_pp,mnist,0.02028198428571426,0.014596540000000102,0.007564402857142771,0.014147642380952377,0.006370663321223046,0.014148 ± 0.006371
C3,adam,adamw,optimizer_a_minus_optimizer_b_seed_matched,b701f780ad99d469949a985b0472b8d1f26be0545e531d92895b7559ca142328,5742764ef3bd686abf56fbeafa222ed2fa2784afb6f787533493cfe88190f71f,0.0003,0.0,0.001,0.0001,last,metric_contract_v1.2,c38b09694be88aa74de0741b39e9d3ba0d6ff61a,35a1a66f78dfd6255c4d804586ee6863969be78d21acec5cd0ccf00476ddaa5c,f80984d28ef9a7550633fb3aea514f783f3db1fa655a6d3f49850b10857e6afc,float64,fpr95,ood_metric/fpr95_id_tpr,OOD-4,primary,down,id_train,id_test_vs_mnist,detector_declared,detector/relative_mahalanobis_pp,mnist,-0.07642857142857151,-0.04854285714285711,-0.05778571428571422,-0.060919047619047616,0.01420445699910622,-0.060919 ± 0.014204
C3,adam,adamw,optimizer_a_minus_optimizer_b_seed_matched,b701f780ad99d469949a985b0472b8d1f26be0545e531d92895b7559ca142328,5742764ef3bd686abf56fbeafa222ed2fa2784afb6f787533493cfe88190f71f,0.0003,0.0,0.001,0.0001,last,metric_contract_v1.2,c38b09694be88aa74de0741b39e9d3ba0d6ff61a,35a1a66f78dfd6255c4d804586ee6863969be78d21acec5cd0ccf00476ddaa5c,f80984d28ef9a7550633fb3aea514f783f3db1fa655a6d3f49850b10857e6afc,float64,aupr_in,ood_metric/aupr_in_openood_auc,OOD-2,primary,up,id_train,id_test_vs_mnist,detector_declared,detector/relative_mahalanobis_pp,mnist,0.052488177582193596,0.011009526039929107,-0.0010909029084124056,0.0208022669045701,0.028099871828643923,0.020802 ± 0.028100
C3,adam,adamw,optimizer_a_minus_optimizer_b_seed_matched,b701f780ad99d469949a985b0472b8d1f26be0545e531d92895b7559ca142328,5742764ef3bd686abf56fbeafa222ed2fa2784afb6f787533493cfe88190f71f,0.0003,0.0,0.001,0.0001,last,metric_contract_v1.2,c38b09694be88aa74de0741b39e9d3ba0d6ff61a,35a1a66f78dfd6255c4d804586ee6863969be78d21acec5cd0ccf00476ddaa5c,f80984d28ef9a7550633fb3aea514f783f3db1fa655a6d3f49850b10857e6afc,float64,aupr_out,ood_metric/aupr_out_openood_auc,OOD-3,primary,up,id_train,id_test_vs_mnist,detector_declared,detector/relative_mahalanobis_pp,mnist,0.004437233040987865,0.0031844339611796224,0.0022477221314348705,0.0032897963778674524,0.0010985515167258294,0.003290 ± 0.001099
C3,adam,adamw,optimizer_a_minus_optimizer_b_seed_matched,b701f780ad99d469949a985b0472b8d1f26be0545e531d92895b7559ca142328,5742764ef3bd686abf56fbeafa222ed2fa2784afb6f787533493cfe88190f71f,0.0003,0.0,0.001,0.0001,last,metric_contract_v1.2,c38b09694be88aa74de0741b39e9d3ba0d6ff61a,35a1a66f78dfd6255c4d804586ee6863969be78d21acec5cd0ccf00476ddaa5c,f80984d28ef9a7550633fb3aea514f783f3db1fa655a6d3f49850b10857e6afc,float64,auroc,ood_metric/auroc_id_positive,OOD-1,primary,up,id_train,id_test_vs_mnist,detector_declared,detector/relative_mahalanobis_raw,mnist,0.012884917142857333,0.013490027142857075,0.025094240000000045,0.01715639476190482,0.006881030431264509,0.017156 ± 0.006881
C3,adam,adamw,optimizer_a_minus_optimizer_b_seed_matched,b701f780ad99d469949a985b0472b8d1f26be0545e531d92895b7559ca142328,5742764ef3bd686abf56fbeafa222ed2fa2784afb6f787533493cfe88190f71f,0.0003,0.0,0.001,0.0001,last,metric_contract_v1.2,c38b09694be88aa74de0741b39e9d3ba0d6ff61a,35a1a66f78dfd6255c4d804586ee6863969be78d21acec5cd0ccf00476ddaa5c,f80984d28ef9a7550633fb3aea514f783f3db1fa655a6d3f49850b10857e6afc,float64,fpr95,ood_metric/fpr95_id_tpr,OOD-4,primary,down,id_train,id_test_vs_mnist,detector_declared,detector/relative_mahalanobis_raw,mnist,-0.050000000000000044,-0.0736,-0.08555714285714289,-0.06971904761904764,0.018093477984573083,-0.069719 ± 0.018093
C3,adam,adamw,optimizer_a_minus_optimizer_b_seed_matched,b701f780ad99d469949a985b0472b8d1f26be0545e531d92895b7559ca142328,5742764ef3bd686abf56fbeafa222ed2fa2784afb6f787533493cfe88190f71f,0.0003,0.0,0.001,0.0001,last,metric_contract_v1.2,c38b09694be88aa74de0741b39e9d3ba0d6ff61a,35a1a66f78dfd6255c4d804586ee6863969be78d21acec5cd0ccf00476ddaa5c,f80984d28ef9a7550633fb3aea514f783f3db1fa655a6d3f49850b10857e6afc,float64,aupr_in,ood_metric/aupr_in_openood_auc,OOD-2,primary,up,id_train,id_test_vs_mnist,detector_declared,detector/relative_mahalanobis_raw,mnist,0.04488627596445194,0.007278894462199315,0.08135810992762482,0.04450776011809202,0.03704105825536973,0.044508 ± 0.037041
C3,adam,adamw,optimizer_a_minus_optimizer_b_seed_matched,b701f780ad99d469949a985b0472b8d1f26be0545e531d92895b7559ca142328,5742764ef3bd686abf56fbeafa222ed2fa2784afb6f787533493cfe88190f71f,0.0003,0.0,0.001,0.0001,last,metric_contract_v1.2,c38b09694be88aa74de0741b39e9d3ba0d6ff61a,35a1a66f78dfd6255c4d804586ee6863969be78d21acec5cd0ccf00476ddaa5c,f80984d28ef9a7550633fb3aea514f783f3db1fa655a6d3f49850b10857e6afc,float64,aupr_out,ood_metric/aupr_out_openood_auc,OOD-3,primary,up,id_train,id_test_vs_mnist,detector_declared,detector/relative_mahalanobis_raw,mnist,0.0027298584016220984,0.0031042549444664225,0.005705734494795167,0.0038466159469612293,0.0016208900406870827,0.003847 ± 0.001621
C3,adam,adamw,optimizer_a_minus_optimizer_b_seed_matched,b701f780ad99d469949a985b0472b8d1f26be0545e531d92895b7559ca142328,5742764ef3bd686abf56fbeafa222ed2fa2784afb6f787533493cfe88190f71f,0.0003,0.0,0.001,0.0001,last,metric_contract_v1.2,c38b09694be88aa74de0741b39e9d3ba0d6ff61a,35a1a66f78dfd6255c4d804586ee6863969be78d21acec5cd0ccf00476ddaa5c,f80984d28ef9a7550633fb3aea514f783f3db1fa655a6d3f49850b10857e6afc,float64,auroc,ood_metric/auroc_id_positive,OOD-1,primary,up,id_train,id_test_vs_mnist,detector_declared,detector/vim_author_dim,mnist,-0.014548061428571346,-0.007917190000000018,-0.008474594285714288,-0.010313281904761884,0.003678001236526448,-0.010313 ± 0.003678
C3,adam,adamw,optimizer_a_minus_optimizer_b_seed_matched,b701f780ad99d469949a985b0472b8d1f26be0545e531d92895b7559ca142328,5742764ef3bd686abf56fbeafa222ed2fa2784afb6f787533493cfe88190f71f,0.0003,0.0,0.001,0.0001,last,metric_contract_v1.2,c38b09694be88aa74de0741b39e9d3ba0d6ff61a,35a1a66f78dfd6255c4d804586ee6863969be78d21acec5cd0ccf00476ddaa5c,f80984d28ef9a7550633fb3aea514f783f3db1fa655a6d3f49850b10857e6afc,float64,fpr95,ood_metric/fpr95_id_tpr,OOD-4,primary,down,id_train,id_test_vs_mnist,detector_declared,detector/vim_author_dim,mnist,0.07007142857142867,0.011428571428571344,0.08702857142857146,0.05617619047619049,0.039669235325281015,0.056176 ± 0.039669
C3,adam,adamw,optimizer_a_minus_optimizer_b_seed_matched,b701f780ad99d469949a985b0472b8d1f26be0545e531d92895b7559ca142328,5742764ef3bd686abf56fbeafa222ed2fa2784afb6f787533493cfe88190f71f,0.0003,0.0,0.001,0.0001,last,metric_contract_v1.2,c38b09694be88aa74de0741b39e9d3ba0d6ff61a,35a1a66f78dfd6255c4d804586ee6863969be78d21acec5cd0ccf00476ddaa5c,f80984d28ef9a7550633fb3aea514f783f3db1fa655a6d3f49850b10857e6afc,float64,aupr_in,ood_metric/aupr_in_openood_auc,OOD-2,primary,up,id_train,id_test_vs_mnist,detector_declared,detector/vim_author_dim,mnist,-0.03071826715265602,-0.029309551602123562,-0.002683909639342952,-0.02090390946470751,0.0157946957901313,-0.020904 ± 0.015795
C3,adam,adamw,optimizer_a_minus_optimizer_b_seed_matched,b701f780ad99d469949a985b0472b8d1f26be0545e531d92895b7559ca142328,5742764ef3bd686abf56fbeafa222ed2fa2784afb6f787533493cfe88190f71f,0.0003,0.0,0.001,0.0001,last,metric_contract_v1.2,c38b09694be88aa74de0741b39e9d3ba0d6ff61a,35a1a66f78dfd6255c4d804586ee6863969be78d21acec5cd0ccf00476ddaa5c,f80984d28ef9a7550633fb3aea514f783f3db1fa655a6d3f49850b10857e6afc,float64,aupr_out,ood_metric/aupr_out_openood_auc,OOD-3,primary,up,id_train,id_test_vs_mnist,detector_declared,detector/vim_author_dim,mnist,-0.0038404978729473793,-0.000752678084150471,-0.0022584170787000035,-0.0022838643452659513,0.0015440671729407386,-0.002284 ± 0.001544
C3,adam,adamw,optimizer_a_minus_optimizer_b_seed_matched,b701f780ad99d469949a985b0472b8d1f26be0545e531d92895b7559ca142328,5742764ef3bd686abf56fbeafa222ed2fa2784afb6f787533493cfe88190f71f,0.0003,0.0,0.001,0.0001,last,metric_contract_v1.2,c38b09694be88aa74de0741b39e9d3ba0d6ff61a,35a1a66f78dfd6255c4d804586ee6863969be78d21acec5cd0ccf00476ddaa5c,f80984d28ef9a7550633fb3aea514f783f3db1fa655a6d3f49850b10857e6afc,float64,auroc,ood_metric/auroc_id_positive,OOD-1,primary,up,,id_test_vs_mnist,detector_declared,ood_score/energy_t1,mnist,0.0010037714285715538,0.006929577142857024,0.006509514285714335,0.004814287619047637,0.0033066808780706364,0.004814 ± 0.003307
C3,adam,adamw,optimizer_a_minus_optimizer_b_seed_matched,b701f780ad99d469949a985b0472b8d1f26be0545e531d92895b7559ca142328,5742764ef3bd686abf56fbeafa222ed2fa2784afb6f787533493cfe88190f71f,0.0003,0.0,0.001,0.0001,last,metric_contract_v1.2,c38b09694be88aa74de0741b39e9d3ba0d6ff61a,35a1a66f78dfd6255c4d804586ee6863969be78d21acec5cd0ccf00476ddaa5c,f80984d28ef9a7550633fb3aea514f783f3db1fa655a6d3f49850b10857e6afc,float64,fpr95,ood_metric/fpr95_id_tpr,OOD-4,primary,down,,id_test_vs_mnist,detector_declared,ood_score/energy_t1,mnist,-0.014514285714285757,-0.07912857142857144,-0.044314285714285695,-0.045985714285714296,0.0323395537182237,-0.045986 ± 0.032340
C3,adam,adamw,optimizer_a_minus_optimizer_b_seed_matched,b701f780ad99d469949a985b0472b8d1f26be0545e531d92895b7559ca142328,5742764ef3bd686abf56fbeafa222ed2fa2784afb6f787533493cfe88190f71f,0.0003,0.0,0.001,0.0001,last,metric_contract_v1.2,c38b09694be88aa74de0741b39e9d3ba0d6ff61a,35a1a66f78dfd6255c4d804586ee6863969be78d21acec5cd0ccf00476ddaa5c,f80984d28ef9a7550633fb3aea514f783f3db1fa655a6d3f49850b10857e6afc,float64,aupr_in,ood_metric/aupr_in_openood_auc,OOD-2,primary,up,,id_test_vs_mnist,detector_declared,ood_score/energy_t1,mnist,-0.0037997118306399846,-0.0011654232078467386,0.017701467102825386,0.004245444021446221,0.011727458676627308,0.004245 ± 0.011727
C3,adam,adamw,optimizer_a_minus_optimizer_b_seed_matched,b701f780ad99d469949a985b0472b8d1f26be0545e531d92895b7559ca142328,5742764ef3bd686abf56fbeafa222ed2fa2784afb6f787533493cfe88190f71f,0.0003,0.0,0.001,0.0001,last,metric_contract_v1.2,c38b09694be88aa74de0741b39e9d3ba0d6ff61a,35a1a66f78dfd6255c4d804586ee6863969be78d21acec5cd0ccf00476ddaa5c,f80984d28ef9a7550633fb3aea514f783f3db1fa655a6d3f49850b10857e6afc,float64,aupr_out,ood_metric/aupr_out_openood_auc,OOD-3,primary,up,,id_test_vs_mnist,detector_declared,ood_score/energy_t1,mnist,0.001322252567482085,0.0037769123229741686,0.0011097264557411446,0.002069630448732466,0.001482363108563022,0.002070 ± 0.001482
C3,adam,adamw,optimizer_a_minus_optimizer_b_seed_matched,b701f780ad99d469949a985b0472b8d1f26be0545e531d92895b7559ca142328,5742764ef3bd686abf56fbeafa222ed2fa2784afb6f787533493cfe88190f71f,0.0003,0.0,0.001,0.0001,last,metric_contract_v1.2,c38b09694be88aa74de0741b39e9d3ba0d6ff61a,35a1a66f78dfd6255c4d804586ee6863969be78d21acec5cd0ccf00476ddaa5c,f80984d28ef9a7550633fb3aea514f783f3db1fa655a6d3f49850b10857e6afc,float64,auroc,ood_metric/auroc_id_positive,OOD-1,primary,up,,id_test_vs_mnist,detector_declared,ood_score/max_logit,mnist,0.0006645399999998247,0.006642656428571425,0.006350809999999929,0.004552668809523726,0.0033703787345126064,0.004553 ± 0.003370
C3,adam,adamw,optimizer_a_minus_optimizer_b_seed_matched,b701f780ad99d469949a985b0472b8d1f26be0545e531d92895b7559ca142328,5742764ef3bd686abf56fbeafa222ed2fa2784afb6f787533493cfe88190f71f,0.0003,0.0,0.001,0.0001,last,metric_contract_v1.2,c38b09694be88aa74de0741b39e9d3ba0d6ff61a,35a1a66f78dfd6255c4d804586ee6863969be78d21acec5cd0ccf00476ddaa5c,f80984d28ef9a7550633fb3aea514f783f3db1fa655a6d3f49850b10857e6afc,float64,fpr95,ood_metric/fpr95_id_tpr,OOD-4,primary,down,,id_test_vs_mnist,detector_declared,ood_score/max_logit,mnist,-0.00601428571428575,-0.07697142857142858,-0.03768571428571427,-0.04022380952380953,0.035546595845319356,-0.040224 ± 0.035547
C3,adam,adamw,optimizer_a_minus_optimizer_b_seed_matched,b701f780ad99d469949a985b0472b8d1f26be0545e531d92895b7559ca142328,5742764ef3bd686abf56fbeafa222ed2fa2784afb6f787533493cfe88190f71f,0.0003,0.0,0.001,0.0001,last,metric_contract_v1.2,c38b09694be88aa74de0741b39e9d3ba0d6ff61a,35a1a66f78dfd6255c4d804586ee6863969be78d21acec5cd0ccf00476ddaa5c,f80984d28ef9a7550633fb3aea514f783f3db1fa655a6d3f49850b10857e6afc,float64,aupr_in,ood_metric/aupr_in_openood_auc,OOD-2,primary,up,,id_test_vs_mnist,detector_declared,ood_score/max_logit,mnist,-0.004024395464215069,-0.0013209065262957953,0.017558685333368684,0.004071127780952606,0.011758523277038871,0.004071 ± 0.011759
C3,adam,adamw,optimizer_a_minus_optimizer_b_seed_matched,b701f780ad99d469949a985b0472b8d1f26be0545e531d92895b7559ca142328,5742764ef3bd686abf56fbeafa222ed2fa2784afb6f787533493cfe88190f71f,0.0003,0.0,0.001,0.0001,last,metric_contract_v1.2,c38b09694be88aa74de0741b39e9d3ba0d6ff61a,35a1a66f78dfd6255c4d804586ee6863969be78d21acec5cd0ccf00476ddaa5c,f80984d28ef9a7550633fb3aea514f783f3db1fa655a6d3f49850b10857e6afc,float64,aupr_out,ood_metric/aupr_out_openood_auc,OOD-3,primary,up,,id_test_vs_mnist,detector_declared,ood_score/max_logit,mnist,0.0011843147836982926,0.003609628740665949,0.0010575820532324753,0.0019505085258655723,0.0014382368412790246,0.001951 ± 0.001438
C3,adam,adamw,optimizer_a_minus_optimizer_b_seed_matched,b701f780ad99d469949a985b0472b8d1f26be0545e531d92895b7559ca142328,5742764ef3bd686abf56fbeafa222ed2fa2784afb6f787533493cfe88190f71f,0.0003,0.0,0.001,0.0001,last,metric_contract_v1.2,c38b09694be88aa74de0741b39e9d3ba0d6ff61a,35a1a66f78dfd6255c4d804586ee6863969be78d21acec5cd0ccf00476ddaa5c,f80984d28ef9a7550633fb3aea514f783f3db1fa655a6d3f49850b10857e6afc,float64,auroc,ood_metric/auroc_id_positive,OOD-1,primary,up,,id_test_vs_mnist,detector_declared,ood_score/msp,mnist,-0.006156453571428577,0.003247741428571538,0.004415640714285685,0.0005023095238095484,0.005796148864053771,0.000502 ± 0.005796
C3,adam,adamw,optimizer_a_minus_optimizer_b_seed_matched,b701f780ad99d469949a985b0472b8d1f26be0545e531d92895b7559ca142328,5742764ef3bd686abf56fbeafa222ed2fa2784afb6f787533493cfe88190f71f,0.0003,0.0,0.001,0.0001,last,metric_contract_v1.2,c38b09694be88aa74de0741b39e9d3ba0d6ff61a,35a1a66f78dfd6255c4d804586ee6863969be78d21acec5cd0ccf00476ddaa5c,f80984d28ef9a7550633fb3aea514f783f3db1fa655a6d3f49850b10857e6afc,float64,fpr95,ood_metric/fpr95_id_tpr,OOD-4,primary,down,,id_test_vs_mnist,detector_declared,ood_score/msp,mnist,0.0364714285714286,-0.024185714285714255,-0.021257142857142863,-0.002990476190476173,0.03420636751003084,-0.002990 ± 0.034206
C3,adam,adamw,optimizer_a_minus_optimizer_b_seed_matched,b701f780ad99d469949a985b0472b8d1f26be0545e531d92895b7559ca142328,5742764ef3bd686abf56fbeafa222ed2fa2784afb6f787533493cfe88190f71f,0.0003,0.0,0.001,0.0001,last,metric_contract_v1.2,c38b09694be88aa74de0741b39e9d3ba0d6ff61a,35a1a66f78dfd6255c4d804586ee6863969be78d21acec5cd0ccf00476ddaa5c,f80984d28ef9a7550633fb3aea514f783f3db1fa655a6d3f49850b10857e6afc,float64,aupr_in,ood_metric/aupr_in_openood_auc,OOD-2,primary,up,,id_test_vs_mnist,detector_declared,ood_score/msp,mnist,-0.013157436930895772,-8.67558859452e-05,0.008137927575113668,-0.0017020884139091013,0.010739185804467458,-0.001702 ± 0.010739
C3,adam,adamw,optimizer_a_minus_optimizer_b_seed_matched,b701f780ad99d469949a985b0472b8d1f26be0545e531d92895b7559ca142328,5742764ef3bd686abf56fbeafa222ed2fa2784afb6f787533493cfe88190f71f,0.0003,0.0,0.001,0.0001,last,metric_contract_v1.2,c38b09694be88aa74de0741b39e9d3ba0d6ff61a,35a1a66f78dfd6255c4d804586ee6863969be78d21acec5cd0ccf00476ddaa5c,f80984d28ef9a7550633fb3aea514f783f3db1fa655a6d3f49850b10857e6afc,float64,aupr_out,ood_metric/aupr_out_openood_auc,OOD-3,primary,up,,id_test_vs_mnist,detector_declared,ood_score/msp,mnist,-0.0017132918303658373,0.0012958860460543509,0.0011233861457417005,0.00023532678714340469,0.0016897558821556715,0.000235 ± 0.001690
C4,sgd,adam,optimizer_a_minus_optimizer_b_seed_matched,7aa36ee28bf5fa9c0b29152bb63c02833c5c6d02ae2c4908d0256a35582c9d9c,3e2bac6d488d016b4c0a216c6e210e16bcc4ca139bf6356687dc98bc7c39ec78,0.3,0.0,0.0003,0.0001,last,metric_contract_v1.2,c38b09694be88aa74de0741b39e9d3ba0d6ff61a,35a1a66f78dfd6255c4d804586ee6863969be78d21acec5cd0ccf00476ddaa5c,f80984d28ef9a7550633fb3aea514f783f3db1fa655a6d3f49850b10857e6afc,float64,auroc,ood_metric/auroc_id_positive,OOD-1,primary,up,id_train,id_test_vs_mnist,detector_declared,detector/ctm_prototype_cosine,mnist,0.06114076000000013,0.03405081714285696,0.024894674285714458,0.04002875047619051,0.018847982587141023,0.040029 ± 0.018848
C4,sgd,adam,optimizer_a_minus_optimizer_b_seed_matched,7aa36ee28bf5fa9c0b29152bb63c02833c5c6d02ae2c4908d0256a35582c9d9c,3e2bac6d488d016b4c0a216c6e210e16bcc4ca139bf6356687dc98bc7c39ec78,0.3,0.0,0.0003,0.0001,last,metric_contract_v1.2,c38b09694be88aa74de0741b39e9d3ba0d6ff61a,35a1a66f78dfd6255c4d804586ee6863969be78d21acec5cd0ccf00476ddaa5c,f80984d28ef9a7550633fb3aea514f783f3db1fa655a6d3f49850b10857e6afc,float64,fpr95,ood_metric/fpr95_id_tpr,OOD-4,primary,down,id_train,id_test_vs_mnist,detector_declared,detector/ctm_prototype_cosine,mnist,-0.30345714285714287,-0.1353571428571429,-0.07562857142857143,-0.1714809523809524,0.11813196731063219,-0.171481 ± 0.118132
C4,sgd,adam,optimizer_a_minus_optimizer_b_seed_matched,7aa36ee28bf5fa9c0b29152bb63c02833c5c6d02ae2c4908d0256a35582c9d9c,3e2bac6d488d016b4c0a216c6e210e16bcc4ca139bf6356687dc98bc7c39ec78,0.3,0.0,0.0003,0.0001,last,metric_contract_v1.2,c38b09694be88aa74de0741b39e9d3ba0d6ff61a,35a1a66f78dfd6255c4d804586ee6863969be78d21acec5cd0ccf00476ddaa5c,f80984d28ef9a7550633fb3aea514f783f3db1fa655a6d3f49850b10857e6afc,float64,aupr_in,ood_metric/aupr_in_openood_auc,OOD-2,primary,up,id_train,id_test_vs_mnist,detector_declared,detector/ctm_prototype_cosine,mnist,0.16524778764153303,0.11580067272261119,0.10105155975901048,0.1273666733743849,0.033624666494908376,0.127367 ± 0.033625
C4,sgd,adam,optimizer_a_minus_optimizer_b_seed_matched,7aa36ee28bf5fa9c0b29152bb63c02833c5c6d02ae2c4908d0256a35582c9d9c,3e2bac6d488d016b4c0a216c6e210e16bcc4ca139bf6356687dc98bc7c39ec78,0.3,0.0,0.0003,0.0001,last,metric_contract_v1.2,c38b09694be88aa74de0741b39e9d3ba0d6ff61a,35a1a66f78dfd6255c4d804586ee6863969be78d21acec5cd0ccf00476ddaa5c,f80984d28ef9a7550633fb3aea514f783f3db1fa655a6d3f49850b10857e6afc,float64,aupr_out,ood_metric/aupr_out_openood_auc,OOD-3,primary,up,id_train,id_test_vs_mnist,detector_declared,detector/ctm_prototype_cosine,mnist,0.014614414908729723,0.0068368126582728506,0.004077522291989988,0.008509583286330854,0.005463986427943088,0.008510 ± 0.005464
C4,sgd,adam,optimizer_a_minus_optimizer_b_seed_matched,7aa36ee28bf5fa9c0b29152bb63c02833c5c6d02ae2c4908d0256a35582c9d9c,3e2bac6d488d016b4c0a216c6e210e16bcc4ca139bf6356687dc98bc7c39ec78,0.3,0.0,0.0003,0.0001,last,metric_contract_v1.2,c38b09694be88aa74de0741b39e9d3ba0d6ff61a,35a1a66f78dfd6255c4d804586ee6863969be78d21acec5cd0ccf00476ddaa5c,f80984d28ef9a7550633fb3aea514f783f3db1fa655a6d3f49850b10857e6afc,float64,auroc,ood_metric/auroc_id_positive,OOD-1,primary,up,id_train,id_test_vs_mnist,detector_declared,detector/knn_l2_k50,mnist,0.07076937142857131,0.052438854285714154,0.031303787142856976,0.051504004285714146,0.01974939351334822,0.051504 ± 0.019749
C4,sgd,adam,optimizer_a_minus_optimizer_b_seed_matched,7aa36ee28bf5fa9c0b29152bb63c02833c5c6d02ae2c4908d0256a35582c9d9c,3e2bac6d488d016b4c0a216c6e210e16bcc4ca139bf6356687dc98bc7c39ec78,0.3,0.0,0.0003,0.0001,last,metric_contract_v1.2,c38b09694be88aa74de0741b39e9d3ba0d6ff61a,35a1a66f78dfd6255c4d804586ee6863969be78d21acec5cd0ccf00476ddaa5c,f80984d28ef9a7550633fb3aea514f783f3db1fa655a6d3f49850b10857e6afc,float64,fpr95,ood_metric/fpr95_id_tpr,OOD-4,primary,down,id_train,id_test_vs_mnist,detector_declared,detector/knn_l2_k50,mnist,-0.4215,-0.2998142857142857,-0.14447142857142858,-0.28859523809523807,0.1388546276472182,-0.288595 ± 0.138855
C4,sgd,adam,optimizer_a_minus_optimizer_b_seed_matched,7aa36ee28bf5fa9c0b29152bb63c02833c5c6d02ae2c4908d0256a35582c9d9c,3e2bac6d488d016b4c0a216c6e210e16bcc4ca139bf6356687dc98bc7c39ec78,0.3,0.0,0.0003,0.0001,last,metric_contract_v1.2,c38b09694be88aa74de0741b39e9d3ba0d6ff61a,35a1a66f78dfd6255c4d804586ee6863969be78d21acec5cd0ccf00476ddaa5c,f80984d28ef9a7550633fb3aea514f783f3db1fa655a6d3f49850b10857e6afc,float64,aupr_in,ood_metric/aupr_in_openood_auc,OOD-2,primary,up,id_train,id_test_vs_mnist,detector_declared,detector/knn_l2_k50,mnist,0.16851663246599513,0.1476013917529604,0.11035528463930011,0.14215776961941853,0.029460318425027932,0.142158 ± 0.029460
C4,sgd,adam,optimizer_a_minus_optimizer_b_seed_matched,7aa36ee28bf5fa9c0b29152bb63c02833c5c6d02ae2c4908d0256a35582c9d9c,3e2bac6d488d016b4c0a216c6e210e16bcc4ca139bf6356687dc98bc7c39ec78,0.3,0.0,0.0003,0.0001,last,metric_contract_v1.2,c38b09694be88aa74de0741b39e9d3ba0d6ff61a,35a1a66f78dfd6255c4d804586ee6863969be78d21acec5cd0ccf00476ddaa5c,f80984d28ef9a7550633fb3aea514f783f3db1fa655a6d3f49850b10857e6afc,float64,aupr_out,ood_metric/aupr_out_openood_auc,OOD-3,primary,up,id_train,id_test_vs_mnist,detector_declared,detector/knn_l2_k50,mnist,0.016183621928815617,0.010714625783023068,0.005128942015293347,0.01067572990904401,0.005527442597111944,0.010676 ± 0.005527
C4,sgd,adam,optimizer_a_minus_optimizer_b_seed_matched,7aa36ee28bf5fa9c0b29152bb63c02833c5c6d02ae2c4908d0256a35582c9d9c,3e2bac6d488d016b4c0a216c6e210e16bcc4ca139bf6356687dc98bc7c39ec78,0.3,0.0,0.0003,0.0001,last,metric_contract_v1.2,c38b09694be88aa74de0741b39e9d3ba0d6ff61a,35a1a66f78dfd6255c4d804586ee6863969be78d21acec5cd0ccf00476ddaa5c,f80984d28ef9a7550633fb3aea514f783f3db1fa655a6d3f49850b10857e6afc,float64,auroc,ood_metric/auroc_id_positive,OOD-1,primary,up,id_train,id_test_vs_mnist,detector_declared,detector/mahalanobis_pp,mnist,0.06908384857142846,0.06802346857142849,0.002385059999999939,0.04649745904761896,0.03820613712138909,0.046497 ± 0.038206
C4,sgd,adam,optimizer_a_minus_optimizer_b_seed_matched,7aa36ee28bf5fa9c0b29152bb63c02833c5c6d02ae2c4908d0256a35582c9d9c,3e2bac6d488d016b4c0a216c6e210e16bcc4ca139bf6356687dc98bc7c39ec78,0.3,0.0,0.0003,0.0001,last,metric_contract_v1.2,c38b09694be88aa74de0741b39e9d3ba0d6ff61a,35a1a66f78dfd6255c4d804586ee6863969be78d21acec5cd0ccf00476ddaa5c,f80984d28ef9a7550633fb3aea514f783f3db1fa655a6d3f49850b10857e6afc,float64,fpr95,ood_metric/fpr95_id_tpr,OOD-4,primary,down,id_train,id_test_vs_mnist,detector_declared,detector/mahalanobis_pp,mnist,-0.2926857142857142,-0.23685714285714288,0.08022857142857148,-0.14977142857142853,0.20113231303532203,-0.149771 ± 0.201132
C4,sgd,adam,optimizer_a_minus_optimizer_b_seed_matched,7aa36ee28bf5fa9c0b29152bb63c02833c5c6d02ae2c4908d0256a35582c9d9c,3e2bac6d488d016b4c0a216c6e210e16bcc4ca139bf6356687dc98bc7c39ec78,0.3,0.0,0.0003,0.0001,last,metric_contract_v1.2,c38b09694be88aa74de0741b39e9d3ba0d6ff61a,35a1a66f78dfd6255c4d804586ee6863969be78d21acec5cd0ccf00476ddaa5c,f80984d28ef9a7550633fb3aea514f783f3db1fa655a6d3f49850b10857e6afc,float64,aupr_in,ood_metric/aupr_in_openood_auc,OOD-2,primary,up,id_train,id_test_vs_mnist,detector_declared,detector/mahalanobis_pp,mnist,0.1456085865706156,0.18798885010157473,0.05119624723712335,0.12826456130310457,0.07002617695524956,0.128265 ± 0.070026
C4,sgd,adam,optimizer_a_minus_optimizer_b_seed_matched,7aa36ee28bf5fa9c0b29152bb63c02833c5c6d02ae2c4908d0256a35582c9d9c,3e2bac6d488d016b4c0a216c6e210e16bcc4ca139bf6356687dc98bc7c39ec78,0.3,0.0,0.0003,0.0001,last,metric_contract_v1.2,c38b09694be88aa74de0741b39e9d3ba0d6ff61a,35a1a66f78dfd6255c4d804586ee6863969be78d21acec5cd0ccf00476ddaa5c,f80984d28ef9a7550633fb3aea514f783f3db1fa655a6d3f49850b10857e6afc,float64,aupr_out,ood_metric/aupr_out_openood_auc,OOD-3,primary,up,id_train,id_test_vs_mnist,detector_declared,detector/mahalanobis_pp,mnist,0.016276641982535978,0.014587120123948583,-0.0011578159468460525,0.009901982053212835,0.00961524674042435,0.009902 ± 0.009615
C4,sgd,adam,optimizer_a_minus_optimizer_b_seed_matched,7aa36ee28bf5fa9c0b29152bb63c02833c5c6d02ae2c4908d0256a35582c9d9c,3e2bac6d488d016b4c0a216c6e210e16bcc4ca139bf6356687dc98bc7c39ec78,0.3,0.0,0.0003,0.0001,last,metric_contract_v1.2,c38b09694be88aa74de0741b39e9d3ba0d6ff61a,35a1a66f78dfd6255c4d804586ee6863969be78d21acec5cd0ccf00476ddaa5c,f80984d28ef9a7550633fb3aea514f783f3db1fa655a6d3f49850b10857e6afc,float64,auroc,ood_metric/auroc_id_positive,OOD-1,primary,up,id_train,id_test_vs_mnist,detector_declared,detector/mahalanobis_raw,mnist,0.022631129999999944,-0.015735858571428563,0.01825052142857142,0.008381930952380934,0.021001149051899506,0.008382 ± 0.021001
C4,sgd,adam,optimizer_a_minus_optimizer_b_seed_matched,7aa36ee28bf5fa9c0b29152bb63c02833c5c6d02ae2c4908d0256a35582c9d9c,3e2bac6d488d016b4c0a216c6e210e16bcc4ca139bf6356687dc98bc7c39ec78,0.3,0.0,0.0003,0.0001,last,metric_contract_v1.2,c38b09694be88aa74de0741b39e9d3ba0d6ff61a,35a1a66f78dfd6255c4d804586ee6863969be78d21acec5cd0ccf00476ddaa5c,f80984d28ef9a7550633fb3aea514f783f3db1fa655a6d3f49850b10857e6afc,float64,fpr95,ood_metric/fpr95_id_tpr,OOD-4,primary,down,id_train,id_test_vs_mnist,detector_declared,detector/mahalanobis_raw,mnist,-0.06794285714285708,-0.07937142857142854,-0.0017999999999999128,-0.04970476190476184,0.041878427872694045,-0.049705 ± 0.041878
C4,sgd,adam,optimizer_a_minus_optimizer_b_seed_matched,7aa36ee28bf5fa9c0b29152bb63c02833c5c6d02ae2c4908d0256a35582c9d9c,3e2bac6d488d016b4c0a216c6e210e16bcc4ca139bf6356687dc98bc7c39ec78,0.3,0.0,0.0003,0.0001,last,metric_contract_v1.2,c38b09694be88aa74de0741b39e9d3ba0d6ff61a,35a1a66f78dfd6255c4d804586ee6863969be78d21acec5cd0ccf00476ddaa5c,f80984d28ef9a7550633fb3aea514f783f3db1fa655a6d3f49850b10857e6afc,float64,aupr_in,ood_metric/aupr_in_openood_auc,OOD-2,primary,up,id_train,id_test_vs_mnist,detector_declared,detector/mahalanobis_raw,mnist,0.00504598585796151,-0.01988530855003512,0.02724820575453768,0.00413629435415469,0.023579921472492563,0.004136 ± 0.023580
C4,sgd,adam,optimizer_a_minus_optimizer_b_seed_matched,7aa36ee28bf5fa9c0b29152bb63c02833c5c6d02ae2c4908d0256a35582c9d9c,3e2bac6d488d016b4c0a216c6e210e16bcc4ca139bf6356687dc98bc7c39ec78,0.3,0.0,0.0003,0.0001,last,metric_contract_v1.2,c38b09694be88aa74de0741b39e9d3ba0d6ff61a,35a1a66f78dfd6255c4d804586ee6863969be78d21acec5cd0ccf00476ddaa5c,f80984d28ef9a7550633fb3aea514f783f3db1fa655a6d3f49850b10857e6afc,float64,aupr_out,ood_metric/aupr_out_openood_auc,OOD-3,primary,up,id_train,id_test_vs_mnist,detector_declared,detector/mahalanobis_raw,mnist,0.022143416005133032,0.010749538987657736,0.003946075047805864,0.012279676680198878,0.009194661249763666,0.012280 ± 0.009195
C4,sgd,adam,optimizer_a_minus_optimizer_b_seed_matched,7aa36ee28bf5fa9c0b29152bb63c02833c5c6d02ae2c4908d0256a35582c9d9c,3e2bac6d488d016b4c0a216c6e210e16bcc4ca139bf6356687dc98bc7c39ec78,0.3,0.0,0.0003,0.0001,last,metric_contract_v1.2,c38b09694be88aa74de0741b39e9d3ba0d6ff61a,35a1a66f78dfd6255c4d804586ee6863969be78d21acec5cd0ccf00476ddaa5c,f80984d28ef9a7550633fb3aea514f783f3db1fa655a6d3f49850b10857e6afc,float64,auroc,ood_metric/auroc_id_positive,OOD-1,primary,up,id_train,id_test_vs_mnist,detector_declared,detector/neco_author_std_dim100,mnist,-0.08169046000000013,-0.09522773571428567,-0.0942219628571428,-0.09038005285714286,0.007542192173182863,-0.090380 ± 0.007542
C4,sgd,adam,optimizer_a_minus_optimizer_b_seed_matched,7aa36ee28bf5fa9c0b29152bb63c02833c5c6d02ae2c4908d0256a35582c9d9c,3e2bac6d488d016b4c0a216c6e210e16bcc4ca139bf6356687dc98bc7c39ec78,0.3,0.0,0.0003,0.0001,last,metric_contract_v1.2,c38b09694be88aa74de0741b39e9d3ba0d6ff61a,35a1a66f78dfd6255c4d804586ee6863969be78d21acec5cd0ccf00476ddaa5c,f80984d28ef9a7550633fb3aea514f783f3db1fa655a6d3f49850b10857e6afc,float64,fpr95,ood_metric/fpr95_id_tpr,OOD-4,primary,down,id_train,id_test_vs_mnist,detector_declared,detector/neco_author_std_dim100,mnist,0.3162571428571429,0.37257142857142855,0.3728571428571429,0.3538952380952381,0.0325958596761492,0.353895 ± 0.032596
C4,sgd,adam,optimizer_a_minus_optimizer_b_seed_matched,7aa36ee28bf5fa9c0b29152bb63c02833c5c6d02ae2c4908d0256a35582c9d9c,3e2bac6d488d016b4c0a216c6e210e16bcc4ca139bf6356687dc98bc7c39ec78,0.3,0.0,0.0003,0.0001,last,metric_contract_v1.2,c38b09694be88aa74de0741b39e9d3ba0d6ff61a,35a1a66f78dfd6255c4d804586ee6863969be78d21acec5cd0ccf00476ddaa5c,f80984d28ef9a7550633fb3aea514f783f3db1fa655a6d3f49850b10857e6afc,float64,aupr_in,ood_metric/aupr_in_openood_auc,OOD-2,primary,up,id_train,id_test_vs_mnist,detector_declared,detector/neco_author_std_dim100,mnist,-0.07619986676389323,-0.07751067545445178,-0.10623878279276355,-0.08664977500370286,0.016977234005447456,-0.086650 ± 0.016977
C4,sgd,adam,optimizer_a_minus_optimizer_b_seed_matched,7aa36ee28bf5fa9c0b29152bb63c02833c5c6d02ae2c4908d0256a35582c9d9c,3e2bac6d488d016b4c0a216c6e210e16bcc4ca139bf6356687dc98bc7c39ec78,0.3,0.0,0.0003,0.0001,last,metric_contract_v1.2,c38b09694be88aa74de0741b39e9d3ba0d6ff61a,35a1a66f78dfd6255c4d804586ee6863969be78d21acec5cd0ccf00476ddaa5c,f80984d28ef9a7550633fb3aea514f783f3db1fa655a6d3f49850b10857e6afc,float64,aupr_out,ood_metric/aupr_out_openood_auc,OOD-3,primary,up,id_train,id_test_vs_mnist,detector_declared,detector/neco_author_std_dim100,mnist,-0.031837275264576914,-0.03619209236409349,-0.03232968406310366,-0.03345301723059135,0.0023848513677887633,-0.033453 ± 0.002385
C4,sgd,adam,optimizer_a_minus_optimizer_b_seed_matched,7aa36ee28bf5fa9c0b29152bb63c02833c5c6d02ae2c4908d0256a35582c9d9c,3e2bac6d488d016b4c0a216c6e210e16bcc4ca139bf6356687dc98bc7c39ec78,0.3,0.0,0.0003,0.0001,last,metric_contract_v1.2,c38b09694be88aa74de0741b39e9d3ba0d6ff61a,35a1a66f78dfd6255c4d804586ee6863969be78d21acec5cd0ccf00476ddaa5c,f80984d28ef9a7550633fb3aea514f783f3db1fa655a6d3f49850b10857e6afc,float64,auroc,ood_metric/auroc_id_positive,OOD-1,primary,up,id_train,id_test_vs_mnist,detector_declared,detector/relative_mahalanobis_pp,mnist,-0.015973530000000014,-0.03219631142857149,-0.009038392857142807,-0.019069411428571437,0.01188531276429276,-0.019069 ± 0.011885
C4,sgd,adam,optimizer_a_minus_optimizer_b_seed_matched,7aa36ee28bf5fa9c0b29152bb63c02833c5c6d02ae2c4908d0256a35582c9d9c,3e2bac6d488d016b4c0a216c6e210e16bcc4ca139bf6356687dc98bc7c39ec78,0.3,0.0,0.0003,0.0001,last,metric_contract_v1.2,c38b09694be88aa74de0741b39e9d3ba0d6ff61a,35a1a66f78dfd6255c4d804586ee6863969be78d21acec5cd0ccf00476ddaa5c,f80984d28ef9a7550633fb3aea514f783f3db1fa655a6d3f49850b10857e6afc,float64,fpr95,ood_metric/fpr95_id_tpr,OOD-4,primary,down,id_train,id_test_vs_mnist,detector_declared,detector/relative_mahalanobis_pp,mnist,0.06682857142857146,0.21400000000000008,0.08462857142857139,0.12181904761904765,0.0803256247183585,0.121819 ± 0.080326
C4,sgd,adam,optimizer_a_minus_optimizer_b_seed_matched,7aa36ee28bf5fa9c0b29152bb63c02833c5c6d02ae2c4908d0256a35582c9d9c,3e2bac6d488d016b4c0a216c6e210e16bcc4ca139bf6356687dc98bc7c39ec78,0.3,0.0,0.0003,0.0001,last,metric_contract_v1.2,c38b09694be88aa74de0741b39e9d3ba0d6ff61a,35a1a66f78dfd6255c4d804586ee6863969be78d21acec5cd0ccf00476ddaa5c,f80984d28ef9a7550633fb3aea514f783f3db1fa655a6d3f49850b10857e6afc,float64,aupr_in,ood_metric/aupr_in_openood_auc,OOD-2,primary,up,id_train,id_test_vs_mnist,detector_declared,detector/relative_mahalanobis_pp,mnist,0.008380150329111657,-0.0034527438117482045,0.022433271791161946,0.0091202261028418,0.012958867043907567,0.009120 ± 0.012959
C4,sgd,adam,optimizer_a_minus_optimizer_b_seed_matched,7aa36ee28bf5fa9c0b29152bb63c02833c5c6d02ae2c4908d0256a35582c9d9c,3e2bac6d488d016b4c0a216c6e210e16bcc4ca139bf6356687dc98bc7c39ec78,0.3,0.0,0.0003,0.0001,last,metric_contract_v1.2,c38b09694be88aa74de0741b39e9d3ba0d6ff61a,35a1a66f78dfd6255c4d804586ee6863969be78d21acec5cd0ccf00476ddaa5c,f80984d28ef9a7550633fb3aea514f783f3db1fa655a6d3f49850b10857e6afc,float64,aupr_out,ood_metric/aupr_out_openood_auc,OOD-3,primary,up,id_train,id_test_vs_mnist,detector_declared,detector/relative_mahalanobis_pp,mnist,-0.005314811842720535,-0.013023112016347205,-0.004269444379174314,-0.007535789412747351,0.004780818998920967,-0.007536 ± 0.004781
C4,sgd,adam,optimizer_a_minus_optimizer_b_seed_matched,7aa36ee28bf5fa9c0b29152bb63c02833c5c6d02ae2c4908d0256a35582c9d9c,3e2bac6d488d016b4c0a216c6e210e16bcc4ca139bf6356687dc98bc7c39ec78,0.3,0.0,0.0003,0.0001,last,metric_contract_v1.2,c38b09694be88aa74de0741b39e9d3ba0d6ff61a,35a1a66f78dfd6255c4d804586ee6863969be78d21acec5cd0ccf00476ddaa5c,f80984d28ef9a7550633fb3aea514f783f3db1fa655a6d3f49850b10857e6afc,float64,auroc,ood_metric/auroc_id_positive,OOD-1,primary,up,id_train,id_test_vs_mnist,detector_declared,detector/relative_mahalanobis_raw,mnist,-0.03711570857142854,-0.04907191428571411,-0.04011109571428573,-0.042099572857142796,0.006221193195949431,-0.042100 ± 0.006221
C4,sgd,adam,optimizer_a_minus_optimizer_b_seed_matched,7aa36ee28bf5fa9c0b29152bb63c02833c5c6d02ae2c4908d0256a35582c9d9c,3e2bac6d488d016b4c0a216c6e210e16bcc4ca139bf6356687dc98bc7c39ec78,0.3,0.0,0.0003,0.0001,last,metric_contract_v1.2,c38b09694be88aa74de0741b39e9d3ba0d6ff61a,35a1a66f78dfd6255c4d804586ee6863969be78d21acec5cd0ccf00476ddaa5c,f80984d28ef9a7550633fb3aea514f783f3db1fa655a6d3f49850b10857e6afc,float64,fpr95,ood_metric/fpr95_id_tpr,OOD-4,primary,down,id_train,id_test_vs_mnist,detector_declared,detector/relative_mahalanobis_raw,mnist,0.15485714285714292,0.3156142857142857,0.20514285714285713,0.2252047619047619,0.08223487558149982,0.225205 ± 0.082235
C4,sgd,adam,optimizer_a_minus_optimizer_b_seed_matched,7aa36ee28bf5fa9c0b29152bb63c02833c5c6d02ae2c4908d0256a35582c9d9c,3e2bac6d488d016b4c0a216c6e210e16bcc4ca139bf6356687dc98bc7c39ec78,0.3,0.0,0.0003,0.0001,last,metric_contract_v1.2,c38b09694be88aa74de0741b39e9d3ba0d6ff61a,35a1a66f78dfd6255c4d804586ee6863969be78d21acec5cd0ccf00476ddaa5c,f80984d28ef9a7550633fb3aea514f783f3db1fa655a6d3f49850b10857e6afc,float64,aupr_in,ood_metric/aupr_in_openood_auc,OOD-2,primary,up,id_train,id_test_vs_mnist,detector_declared,detector/relative_mahalanobis_raw,mnist,-0.011666558325991394,-0.01631649011023628,-0.0375204073014167,-0.021834485245881458,0.013781929453047494,-0.021834 ± 0.013782
C4,sgd,adam,optimizer_a_minus_optimizer_b_seed_matched,7aa36ee28bf5fa9c0b29152bb63c02833c5c6d02ae2c4908d0256a35582c9d9c,3e2bac6d488d016b4c0a216c6e210e16bcc4ca139bf6356687dc98bc7c39ec78,0.3,0.0,0.0003,0.0001,last,metric_contract_v1.2,c38b09694be88aa74de0741b39e9d3ba0d6ff61a,35a1a66f78dfd6255c4d804586ee6863969be78d21acec5cd0ccf00476ddaa5c,f80984d28ef9a7550633fb3aea514f783f3db1fa655a6d3f49850b10857e6afc,float64,aupr_out,ood_metric/aupr_out_openood_auc,OOD-3,primary,up,id_train,id_test_vs_mnist,detector_declared,detector/relative_mahalanobis_raw,mnist,-0.012481530319448764,-0.01991865086814082,-0.013105435314639369,-0.015168538834076317,0.004125528767670788,-0.015169 ± 0.004126
C4,sgd,adam,optimizer_a_minus_optimizer_b_seed_matched,7aa36ee28bf5fa9c0b29152bb63c02833c5c6d02ae2c4908d0256a35582c9d9c,3e2bac6d488d016b4c0a216c6e210e16bcc4ca139bf6356687dc98bc7c39ec78,0.3,0.0,0.0003,0.0001,last,metric_contract_v1.2,c38b09694be88aa74de0741b39e9d3ba0d6ff61a,35a1a66f78dfd6255c4d804586ee6863969be78d21acec5cd0ccf00476ddaa5c,f80984d28ef9a7550633fb3aea514f783f3db1fa655a6d3f49850b10857e6afc,float64,auroc,ood_metric/auroc_id_positive,OOD-1,primary,up,id_train,id_test_vs_mnist,detector_declared,detector/vim_author_dim,mnist,0.045092381428571415,0.042666739999999925,0.0355383842857141,0.04109916857142848,0.004966152986889006,0.041099 ± 0.004966
C4,sgd,adam,optimizer_a_minus_optimizer_b_seed_matched,7aa36ee28bf5fa9c0b29152bb63c02833c5c6d02ae2c4908d0256a35582c9d9c,3e2bac6d488d016b4c0a216c6e210e16bcc4ca139bf6356687dc98bc7c39ec78,0.3,0.0,0.0003,0.0001,last,metric_contract_v1.2,c38b09694be88aa74de0741b39e9d3ba0d6ff61a,35a1a66f78dfd6255c4d804586ee6863969be78d21acec5cd0ccf00476ddaa5c,f80984d28ef9a7550633fb3aea514f783f3db1fa655a6d3f49850b10857e6afc,float64,fpr95,ood_metric/fpr95_id_tpr,OOD-4,primary,down,id_train,id_test_vs_mnist,detector_declared,detector/vim_author_dim,mnist,-0.2596714285714285,-0.2838857142857143,-0.22227142857142856,-0.2552761904761905,0.031041402021425878,-0.255276 ± 0.031041
C4,sgd,adam,optimizer_a_minus_optimizer_b_seed_matched,7aa36ee28bf5fa9c0b29152bb63c02833c5c6d02ae2c4908d0256a35582c9d9c,3e2bac6d488d016b4c0a216c6e210e16bcc4ca139bf6356687dc98bc7c39ec78,0.3,0.0,0.0003,0.0001,last,metric_contract_v1.2,c38b09694be88aa74de0741b39e9d3ba0d6ff61a,35a1a66f78dfd6255c4d804586ee6863969be78d21acec5cd0ccf00476ddaa5c,f80984d28ef9a7550633fb3aea514f783f3db1fa655a6d3f49850b10857e6afc,float64,aupr_in,ood_metric/aupr_in_openood_auc,OOD-2,primary,up,id_train,id_test_vs_mnist,detector_declared,detector/vim_author_dim,mnist,0.08052858556272902,0.09047596704463978,0.07121830319393552,0.08074095193376811,0.009630588188337287,0.080741 ± 0.009631
C4,sgd,adam,optimizer_a_minus_optimizer_b_seed_matched,7aa36ee28bf5fa9c0b29152bb63c02833c5c6d02ae2c4908d0256a35582c9d9c,3e2bac6d488d016b4c0a216c6e210e16bcc4ca139bf6356687dc98bc7c39ec78,0.3,0.0,0.0003,0.0001,last,metric_contract_v1.2,c38b09694be88aa74de0741b39e9d3ba0d6ff61a,35a1a66f78dfd6255c4d804586ee6863969be78d21acec5cd0ccf00476ddaa5c,f80984d28ef9a7550633fb3aea514f783f3db1fa655a6d3f49850b10857e6afc,float64,aupr_out,ood_metric/aupr_out_openood_auc,OOD-3,primary,up,id_train,id_test_vs_mnist,detector_declared,detector/vim_author_dim,mnist,0.014609791631797653,0.011966301119187617,0.009415876586678529,0.0119973231125546,0.0025970964839668632,0.011997 ± 0.002597
C4,sgd,adam,optimizer_a_minus_optimizer_b_seed_matched,7aa36ee28bf5fa9c0b29152bb63c02833c5c6d02ae2c4908d0256a35582c9d9c,3e2bac6d488d016b4c0a216c6e210e16bcc4ca139bf6356687dc98bc7c39ec78,0.3,0.0,0.0003,0.0001,last,metric_contract_v1.2,c38b09694be88aa74de0741b39e9d3ba0d6ff61a,35a1a66f78dfd6255c4d804586ee6863969be78d21acec5cd0ccf00476ddaa5c,f80984d28ef9a7550633fb3aea514f783f3db1fa655a6d3f49850b10857e6afc,float64,auroc,ood_metric/auroc_id_positive,OOD-1,primary,up,,id_test_vs_mnist,detector_declared,ood_score/energy_t1,mnist,-0.00438742428571437,-0.015692027142857223,-0.01981420285714297,-0.013297884761904855,0.007987196791000982,-0.013298 ± 0.007987
C4,sgd,adam,optimizer_a_minus_optimizer_b_seed_matched,7aa36ee28bf5fa9c0b29152bb63c02833c5c6d02ae2c4908d0256a35582c9d9c,3e2bac6d488d016b4c0a216c6e210e16bcc4ca139bf6356687dc98bc7c39ec78,0.3,0.0,0.0003,0.0001,last,metric_contract_v1.2,c38b09694be88aa74de0741b39e9d3ba0d6ff61a,35a1a66f78dfd6255c4d804586ee6863969be78d21acec5cd0ccf00476ddaa5c,f80984d28ef9a7550633fb3aea514f783f3db1fa655a6d3f49850b10857e6afc,float64,fpr95,ood_metric/fpr95_id_tpr,OOD-4,primary,down,,id_test_vs_mnist,detector_declared,ood_score/energy_t1,mnist,0.045185714285714274,0.15068571428571426,0.1825,0.1261238095238095,0.0718767600790115,0.126124 ± 0.071877
C4,sgd,adam,optimizer_a_minus_optimizer_b_seed_matched,7aa36ee28bf5fa9c0b29152bb63c02833c5c6d02ae2c4908d0256a35582c9d9c,3e2bac6d488d016b4c0a216c6e210e16bcc4ca139bf6356687dc98bc7c39ec78,0.3,0.0,0.0003,0.0001,last,metric_contract_v1.2,c38b09694be88aa74de0741b39e9d3ba0d6ff61a,35a1a66f78dfd6255c4d804586ee6863969be78d21acec5cd0ccf00476ddaa5c,f80984d28ef9a7550633fb3aea514f783f3db1fa655a6d3f49850b10857e6afc,float64,aupr_in,ood_metric/aupr_in_openood_auc,OOD-2,primary,up,,id_test_vs_mnist,detector_declared,ood_score/energy_t1,mnist,-0.0012105299558067273,-0.013219005530413774,-0.026763666554991072,-0.013731067347070525,0.012784261925985481,-0.013731 ± 0.012784
C4,sgd,adam,optimizer_a_minus_optimizer_b_seed_matched,7aa36ee28bf5fa9c0b29152bb63c02833c5c6d02ae2c4908d0256a35582c9d9c,3e2bac6d488d016b4c0a216c6e210e16bcc4ca139bf6356687dc98bc7c39ec78,0.3,0.0,0.0003,0.0001,last,metric_contract_v1.2,c38b09694be88aa74de0741b39e9d3ba0d6ff61a,35a1a66f78dfd6255c4d804586ee6863969be78d21acec5cd0ccf00476ddaa5c,f80984d28ef9a7550633fb3aea514f783f3db1fa655a6d3f49850b10857e6afc,float64,aupr_out,ood_metric/aupr_out_openood_auc,OOD-3,primary,up,,id_test_vs_mnist,detector_declared,ood_score/energy_t1,mnist,-0.0014861154259832032,-0.005283004805814451,-0.005365356886540162,-0.004044825706112605,0.002216290637423232,-0.004045 ± 0.002216
C4,sgd,adam,optimizer_a_minus_optimizer_b_seed_matched,7aa36ee28bf5fa9c0b29152bb63c02833c5c6d02ae2c4908d0256a35582c9d9c,3e2bac6d488d016b4c0a216c6e210e16bcc4ca139bf6356687dc98bc7c39ec78,0.3,0.0,0.0003,0.0001,last,metric_contract_v1.2,c38b09694be88aa74de0741b39e9d3ba0d6ff61a,35a1a66f78dfd6255c4d804586ee6863969be78d21acec5cd0ccf00476ddaa5c,f80984d28ef9a7550633fb3aea514f783f3db1fa655a6d3f49850b10857e6afc,float64,auroc,ood_metric/auroc_id_positive,OOD-1,primary,up,,id_test_vs_mnist,detector_declared,ood_score/max_logit,mnist,-0.0037422264285714713,-0.015274549999999998,-0.019330457142857083,-0.012782411190476184,0.008087416218107017,-0.012782 ± 0.008087
C4,sgd,adam,optimizer_a_minus_optimizer_b_seed_matched,7aa36ee28bf5fa9c0b29152bb63c02833c5c6d02ae2c4908d0256a35582c9d9c,3e2bac6d488d016b4c0a216c6e210e16bcc4ca139bf6356687dc98bc7c39ec78,0.3,0.0,0.0003,0.0001,last,metric_contract_v1.2,c38b09694be88aa74de0741b39e9d3ba0d6ff61a,35a1a66f78dfd6255c4d804586ee6863969be78d21acec5cd0ccf00476ddaa5c,f80984d28ef9a7550633fb3aea514f783f3db1fa655a6d3f49850b10857e6afc,float64,fpr95,ood_metric/fpr95_id_tpr,OOD-4,primary,down,,id_test_vs_mnist,detector_declared,ood_score/max_logit,mnist,0.03480000000000005,0.14894285714285715,0.17274285714285714,0.11882857142857145,0.07373744375990324,0.118829 ± 0.073737
C4,sgd,adam,optimizer_a_minus_optimizer_b_seed_matched,7aa36ee28bf5fa9c0b29152bb63c02833c5c6d02ae2c4908d0256a35582c9d9c,3e2bac6d488d016b4c0a216c6e210e16bcc4ca139bf6356687dc98bc7c39ec78,0.3,0.0,0.0003,0.0001,last,metric_contract_v1.2,c38b09694be88aa74de0741b39e9d3ba0d6ff61a,35a1a66f78dfd6255c4d804586ee6863969be78d21acec5cd0ccf00476ddaa5c,f80984d28ef9a7550633fb3aea514f783f3db1fa655a6d3f49850b10857e6afc,float64,aupr_in,ood_metric/aupr_in_openood_auc,OOD-2,primary,up,,id_test_vs_mnist,detector_declared,ood_score/max_logit,mnist,-0.0007679737002272979,-0.012875220057260828,-0.026329924902763535,-0.013324372886750554,0.012786893329436588,-0.013324 ± 0.012787
C4,sgd,adam,optimizer_a_minus_optimizer_b_seed_matched,7aa36ee28bf5fa9c0b29152bb63c02833c5c6d02ae2c4908d0256a35582c9d9c,3e2bac6d488d016b4c0a216c6e210e16bcc4ca139bf6356687dc98bc7c39ec78,0.3,0.0,0.0003,0.0001,last,metric_contract_v1.2,c38b09694be88aa74de0741b39e9d3ba0d6ff61a,35a1a66f78dfd6255c4d804586ee6863969be78d21acec5cd0ccf00476ddaa5c,f80984d28ef9a7550633fb3aea514f783f3db1fa655a6d3f49850b10857e6afc,float64,aupr_out,ood_metric/aupr_out_openood_auc,OOD-3,primary,up,,id_test_vs_mnist,detector_declared,ood_score/max_logit,mnist,-0.0013603871786829203,-0.005238677135112169,-0.00533990593800826,-0.003979656750601117,0.002268918604846005,-0.003980 ± 0.002269
C4,sgd,adam,optimizer_a_minus_optimizer_b_seed_matched,7aa36ee28bf5fa9c0b29152bb63c02833c5c6d02ae2c4908d0256a35582c9d9c,3e2bac6d488d016b4c0a216c6e210e16bcc4ca139bf6356687dc98bc7c39ec78,0.3,0.0,0.0003,0.0001,last,metric_contract_v1.2,c38b09694be88aa74de0741b39e9d3ba0d6ff61a,35a1a66f78dfd6255c4d804586ee6863969be78d21acec5cd0ccf00476ddaa5c,f80984d28ef9a7550633fb3aea514f783f3db1fa655a6d3f49850b10857e6afc,float64,auroc,ood_metric/auroc_id_positive,OOD-1,primary,up,,id_test_vs_mnist,detector_declared,ood_score/msp,mnist,-0.010745293571428505,-0.024336714999999898,-0.02914554714285711,-0.02140918523809517,0.009543068466344892,-0.021409 ± 0.009543
C4,sgd,adam,optimizer_a_minus_optimizer_b_seed_matched,7aa36ee28bf5fa9c0b29152bb63c02833c5c6d02ae2c4908d0256a35582c9d9c,3e2bac6d488d016b4c0a216c6e210e16bcc4ca139bf6356687dc98bc7c39ec78,0.3,0.0,0.0003,0.0001,last,metric_contract_v1.2,c38b09694be88aa74de0741b39e9d3ba0d6ff61a,35a1a66f78dfd6255c4d804586ee6863969be78d21acec5cd0ccf00476ddaa5c,f80984d28ef9a7550633fb3aea514f783f3db1fa655a6d3f49850b10857e6afc,float64,fpr95,ood_metric/fpr95_id_tpr,OOD-4,primary,down,,id_test_vs_mnist,detector_declared,ood_score/msp,mnist,0.05262857142857136,0.13797142857142852,0.15641428571428573,0.11567142857142854,0.0553699929785889,0.115671 ± 0.055370
C4,sgd,adam,optimizer_a_minus_optimizer_b_seed_matched,7aa36ee28bf5fa9c0b29152bb63c02833c5c6d02ae2c4908d0256a35582c9d9c,3e2bac6d488d016b4c0a216c6e210e16bcc4ca139bf6356687dc98bc7c39ec78,0.3,0.0,0.0003,0.0001,last,metric_contract_v1.2,c38b09694be88aa74de0741b39e9d3ba0d6ff61a,35a1a66f78dfd6255c4d804586ee6863969be78d21acec5cd0ccf00476ddaa5c,f80984d28ef9a7550633fb3aea514f783f3db1fa655a6d3f49850b10857e6afc,float64,aupr_in,ood_metric/aupr_in_openood_auc,OOD-2,primary,up,,id_test_vs_mnist,detector_declared,ood_score/msp,mnist,-0.014605287224781383,-0.03144651600762549,-0.049561039200952006,-0.03187094747778629,0.01748174063443158,-0.031871 ± 0.017482
C4,sgd,adam,optimizer_a_minus_optimizer_b_seed_matched,7aa36ee28bf5fa9c0b29152bb63c02833c5c6d02ae2c4908d0256a35582c9d9c,3e2bac6d488d016b4c0a216c6e210e16bcc4ca139bf6356687dc98bc7c39ec78,0.3,0.0,0.0003,0.0001,last,metric_contract_v1.2,c38b09694be88aa74de0741b39e9d3ba0d6ff61a,35a1a66f78dfd6255c4d804586ee6863969be78d21acec5cd0ccf00476ddaa5c,f80984d28ef9a7550633fb3aea514f783f3db1fa655a6d3f49850b10857e6afc,float64,aupr_out,ood_metric/aupr_out_openood_auc,OOD-3,primary,up,,id_test_vs_mnist,detector_declared,ood_score/msp,mnist,-0.00254762969010236,-0.007611676963830916,-0.007689247385098907,-0.005949518013010728,0.0029463769978940496,-0.005950 ± 0.002946
C4,sgd,adamw,optimizer_a_minus_optimizer_b_seed_matched,7aa36ee28bf5fa9c0b29152bb63c02833c5c6d02ae2c4908d0256a35582c9d9c,4039a31891b5637f4198ad78f79d97e89aa97f4ccd6efa5779b14c5b4203059e,0.3,0.0,0.003,0.001,last,metric_contract_v1.2,c38b09694be88aa74de0741b39e9d3ba0d6ff61a,35a1a66f78dfd6255c4d804586ee6863969be78d21acec5cd0ccf00476ddaa5c,f80984d28ef9a7550633fb3aea514f783f3db1fa655a6d3f49850b10857e6afc,float64,auroc,ood_metric/auroc_id_positive,OOD-1,primary,up,id_train,id_test_vs_mnist,detector_declared,detector/ctm_prototype_cosine,mnist,-0.006605664285714297,0.0030912085714283055,0.00638660428571447,0.0009573828571428263,0.006753863323479634,0.000957 ± 0.006754
C4,sgd,adamw,optimizer_a_minus_optimizer_b_seed_matched,7aa36ee28bf5fa9c0b29152bb63c02833c5c6d02ae2c4908d0256a35582c9d9c,4039a31891b5637f4198ad78f79d97e89aa97f4ccd6efa5779b14c5b4203059e,0.3,0.0,0.003,0.001,last,metric_contract_v1.2,c38b09694be88aa74de0741b39e9d3ba0d6ff61a,35a1a66f78dfd6255c4d804586ee6863969be78d21acec5cd0ccf00476ddaa5c,f80984d28ef9a7550633fb3aea514f783f3db1fa655a6d3f49850b10857e6afc,float64,fpr95,ood_metric/fpr95_id_tpr,OOD-4,primary,down,id_train,id_test_vs_mnist,detector_declared,detector/ctm_prototype_cosine,mnist,0.08622857142857146,0.020999999999999963,0.01664285714285718,0.041290476190476204,0.03897846169605052,0.041290 ± 0.038978
C4,sgd,adamw,optimizer_a_minus_optimizer_b_seed_matched,7aa36ee28bf5fa9c0b29152bb63c02833c5c6d02ae2c4908d0256a35582c9d9c,4039a31891b5637f4198ad78f79d97e89aa97f4ccd6efa5779b14c5b4203059e,0.3,0.0,0.003,0.001,last,metric_contract_v1.2,c38b09694be88aa74de0741b39e9d3ba0d6ff61a,35a1a66f78dfd6255c4d804586ee6863969be78d21acec5cd0ccf00476ddaa5c,f80984d28ef9a7550633fb3aea514f783f3db1fa655a6d3f49850b10857e6afc,float64,aupr_in,ood_metric/aupr_in_openood_auc,OOD-2,primary,up,id_train,id_test_vs_mnist,detector_declared,detector/ctm_prototype_cosine,mnist,0.009754564484961037,0.01679794577067195,0.03409465745039497,0.020215722568675987,0.012524812576331139,0.020216 ± 0.012525
C4,sgd,adamw,optimizer_a_minus_optimizer_b_seed_matched,7aa36ee28bf5fa9c0b29152bb63c02833c5c6d02ae2c4908d0256a35582c9d9c,4039a31891b5637f4198ad78f79d97e89aa97f4ccd6efa5779b14c5b4203059e,0.3,0.0,0.003,0.001,last,metric_contract_v1.2,c38b09694be88aa74de0741b39e9d3ba0d6ff61a,35a1a66f78dfd6255c4d804586ee6863969be78d21acec5cd0ccf00476ddaa5c,f80984d28ef9a7550633fb3aea514f783f3db1fa655a6d3f49850b10857e6afc,float64,aupr_out,ood_metric/aupr_out_openood_auc,OOD-3,primary,up,id_train,id_test_vs_mnist,detector_declared,detector/ctm_prototype_cosine,mnist,-0.002336192811987714,0.0003989723469475237,0.0008270065696815987,-0.00037007129845286385,0.001716108585855312,-0.000370 ± 0.001716
C4,sgd,adamw,optimizer_a_minus_optimizer_b_seed_matched,7aa36ee28bf5fa9c0b29152bb63c02833c5c6d02ae2c4908d0256a35582c9d9c,4039a31891b5637f4198ad78f79d97e89aa97f4ccd6efa5779b14c5b4203059e,0.3,0.0,0.003,0.001,last,metric_contract_v1.2,c38b09694be88aa74de0741b39e9d3ba0d6ff61a,35a1a66f78dfd6255c4d804586ee6863969be78d21acec5cd0ccf00476ddaa5c,f80984d28ef9a7550633fb3aea514f783f3db1fa655a6d3f49850b10857e6afc,float64,auroc,ood_metric/auroc_id_positive,OOD-1,primary,up,id_train,id_test_vs_mnist,detector_declared,detector/knn_l2_k50,mnist,0.003114785714285695,0.009247238571428729,-0.0009869928571429876,0.003791677142857145,0.0051505834366551515,0.003792 ± 0.005151
C4,sgd,adamw,optimizer_a_minus_optimizer_b_seed_matched,7aa36ee28bf5fa9c0b29152bb63c02833c5c6d02ae2c4908d0256a35582c9d9c,4039a31891b5637f4198ad78f79d97e89aa97f4ccd6efa5779b14c5b4203059e,0.3,0.0,0.003,0.001,last,metric_contract_v1.2,c38b09694be88aa74de0741b39e9d3ba0d6ff61a,35a1a66f78dfd6255c4d804586ee6863969be78d21acec5cd0ccf00476ddaa5c,f80984d28ef9a7550633fb3aea514f783f3db1fa655a6d3f49850b10857e6afc,float64,fpr95,ood_metric/fpr95_id_tpr,OOD-4,primary,down,id_train,id_test_vs_mnist,detector_declared,detector/knn_l2_k50,mnist,-0.009385714285714275,-0.0820714285714286,0.030885714285714266,-0.020190476190476203,0.05724846015812295,-0.020190 ± 0.057248
C4,sgd,adamw,optimizer_a_minus_optimizer_b_seed_matched,7aa36ee28bf5fa9c0b29152bb63c02833c5c6d02ae2c4908d0256a35582c9d9c,4039a31891b5637f4198ad78f79d97e89aa97f4ccd6efa5779b14c5b4203059e,0.3,0.0,0.003,0.001,last,metric_contract_v1.2,c38b09694be88aa74de0741b39e9d3ba0d6ff61a,35a1a66f78dfd6255c4d804586ee6863969be78d21acec5cd0ccf00476ddaa5c,f80984d28ef9a7550633fb3aea514f783f3db1fa655a6d3f49850b10857e6afc,float64,aupr_in,ood_metric/aupr_in_openood_auc,OOD-2,primary,up,id_train,id_test_vs_mnist,detector_declared,detector/knn_l2_k50,mnist,0.030167262895463898,0.021694354873973642,0.01738407307089429,0.023081896946777276,0.0065035713477746325,0.023082 ± 0.006504
C4,sgd,adamw,optimizer_a_minus_optimizer_b_seed_matched,7aa36ee28bf5fa9c0b29152bb63c02833c5c6d02ae2c4908d0256a35582c9d9c,4039a31891b5637f4198ad78f79d97e89aa97f4ccd6efa5779b14c5b4203059e,0.3,0.0,0.003,0.001,last,metric_contract_v1.2,c38b09694be88aa74de0741b39e9d3ba0d6ff61a,35a1a66f78dfd6255c4d804586ee6863969be78d21acec5cd0ccf00476ddaa5c,f80984d28ef9a7550633fb3aea514f783f3db1fa655a6d3f49850b10857e6afc,float64,aupr_out,ood_metric/aupr_out_openood_auc,OOD-3,primary,up,id_train,id_test_vs_mnist,detector_declared,detector/knn_l2_k50,mnist,-0.0003743393656586713,0.0017309482847401858,-0.0010011432297294398,0.00011848856311735823,0.001431167543090426,0.000118 ± 0.001431
C4,sgd,adamw,optimizer_a_minus_optimizer_b_seed_matched,7aa36ee28bf5fa9c0b29152bb63c02833c5c6d02ae2c4908d0256a35582c9d9c,4039a31891b5637f4198ad78f79d97e89aa97f4ccd6efa5779b14c5b4203059e,0.3,0.0,0.003,0.001,last,metric_contract_v1.2,c38b09694be88aa74de0741b39e9d3ba0d6ff61a,35a1a66f78dfd6255c4d804586ee6863969be78d21acec5cd0ccf00476ddaa5c,f80984d28ef9a7550633fb3aea514f783f3db1fa655a6d3f49850b10857e6afc,float64,auroc,ood_metric/auroc_id_positive,OOD-1,primary,up,id_train,id_test_vs_mnist,detector_declared,detector/mahalanobis_pp,mnist,-0.03719416571428602,-0.031218942857142773,-0.04995642999999994,-0.03945651285714291,0.00957141666908713,-0.039457 ± 0.009571
C4,sgd,adamw,optimizer_a_minus_optimizer_b_seed_matched,7aa36ee28bf5fa9c0b29152bb63c02833c5c6d02ae2c4908d0256a35582c9d9c,4039a31891b5637f4198ad78f79d97e89aa97f4ccd6efa5779b14c5b4203059e,0.3,0.0,0.003,0.001,last,metric_contract_v1.2,c38b09694be88aa74de0741b39e9d3ba0d6ff61a,35a1a66f78dfd6255c4d804586ee6863969be78d21acec5cd0ccf00476ddaa5c,f80984d28ef9a7550633fb3aea514f783f3db1fa655a6d3f49850b10857e6afc,float64,fpr95,ood_metric/fpr95_id_tpr,OOD-4,primary,down,id_train,id_test_vs_mnist,detector_declared,detector/mahalanobis_pp,mnist,0.23495714285714286,0.22215714285714283,0.37672857142857147,0.27794761904761905,0.08578588120994032,0.277948 ± 0.085786
C4,sgd,adamw,optimizer_a_minus_optimizer_b_seed_matched,7aa36ee28bf5fa9c0b29152bb63c02833c5c6d02ae2c4908d0256a35582c9d9c,4039a31891b5637f4198ad78f79d97e89aa97f4ccd6efa5779b14c5b4203059e,0.3,0.0,0.003,0.001,last,metric_contract_v1.2,c38b09694be88aa74de0741b39e9d3ba0d6ff61a,35a1a66f78dfd6255c4d804586ee6863969be78d21acec5cd0ccf00476ddaa5c,f80984d28ef9a7550633fb3aea514f783f3db1fa655a6d3f49850b10857e6afc,float64,aupr_in,ood_metric/aupr_in_openood_auc,OOD-2,primary,up,id_train,id_test_vs_mnist,detector_declared,detector/mahalanobis_pp,mnist,-0.07431388302298036,-0.061454413075224146,-0.09411161290895098,-0.07662663633571849,0.01645098161688773,-0.076627 ± 0.016451
C4,sgd,adamw,optimizer_a_minus_optimizer_b_seed_matched,7aa36ee28bf5fa9c0b29152bb63c02833c5c6d02ae2c4908d0256a35582c9d9c,4039a31891b5637f4198ad78f79d97e89aa97f4ccd6efa5779b14c5b4203059e,0.3,0.0,0.003,0.001,last,metric_contract_v1.2,c38b09694be88aa74de0741b39e9d3ba0d6ff61a,35a1a66f78dfd6255c4d804586ee6863969be78d21acec5cd0ccf00476ddaa5c,f80984d28ef9a7550633fb3aea514f783f3db1fa655a6d3f49850b10857e6afc,float64,aupr_out,ood_metric/aupr_out_openood_auc,OOD-3,primary,up,id_train,id_test_vs_mnist,detector_declared,detector/mahalanobis_pp,mnist,-0.009144199196047587,-0.0075303148008483145,-0.011554262773613821,-0.009409592256836574,0.0020250591175116637,-0.009410 ± 0.002025
C4,sgd,adamw,optimizer_a_minus_optimizer_b_seed_matched,7aa36ee28bf5fa9c0b29152bb63c02833c5c6d02ae2c4908d0256a35582c9d9c,4039a31891b5637f4198ad78f79d97e89aa97f4ccd6efa5779b14c5b4203059e,0.3,0.0,0.003,0.001,last,metric_contract_v1.2,c38b09694be88aa74de0741b39e9d3ba0d6ff61a,35a1a66f78dfd6255c4d804586ee6863969be78d21acec5cd0ccf00476ddaa5c,f80984d28ef9a7550633fb3aea514f783f3db1fa655a6d3f49850b10857e6afc,float64,auroc,ood_metric/auroc_id_positive,OOD-1,primary,up,id_train,id_test_vs_mnist,detector_declared,detector/mahalanobis_raw,mnist,0.1202005928571428,0.3659478542857143,0.24811087142857147,0.2447531061904762,0.12290803499143695,0.244753 ± 0.122908
C4,sgd,adamw,optimizer_a_minus_optimizer_b_seed_matched,7aa36ee28bf5fa9c0b29152bb63c02833c5c6d02ae2c4908d0256a35582c9d9c,4039a31891b5637f4198ad78f79d97e89aa97f4ccd6efa5779b14c5b4203059e,0.3,0.0,0.003,0.001,last,metric_contract_v1.2,c38b09694be88aa74de0741b39e9d3ba0d6ff61a,35a1a66f78dfd6255c4d804586ee6863969be78d21acec5cd0ccf00476ddaa5c,f80984d28ef9a7550633fb3aea514f783f3db1fa655a6d3f49850b10857e6afc,float64,fpr95,ood_metric/fpr95_id_tpr,OOD-4,primary,down,id_train,id_test_vs_mnist,detector_declared,detector/mahalanobis_raw,mnist,-0.07698571428571421,-0.10557142857142854,-0.0988,-0.09378571428571425,0.014937973799163347,-0.093786 ± 0.014938
C4,sgd,adamw,optimizer_a_minus_optimizer_b_seed_matched,7aa36ee28bf5fa9c0b29152bb63c02833c5c6d02ae2c4908d0256a35582c9d9c,4039a31891b5637f4198ad78f79d97e89aa97f4ccd6efa5779b14c5b4203059e,0.3,0.0,0.003,0.001,last,metric_contract_v1.2,c38b09694be88aa74de0741b39e9d3ba0d6ff61a,35a1a66f78dfd6255c4d804586ee6863969be78d21acec5cd0ccf00476ddaa5c,f80984d28ef9a7550633fb3aea514f783f3db1fa655a6d3f49850b10857e6afc,float64,aupr_in,ood_metric/aupr_in_openood_auc,OOD-2,primary,up,id_train,id_test_vs_mnist,detector_declared,detector/mahalanobis_raw,mnist,0.0875409425890743,0.1905395462766455,0.1501104774584311,0.14273032210805028,0.051894393821916386,0.142730 ± 0.051894
C4,sgd,adamw,optimizer_a_minus_optimizer_b_seed_matched,7aa36ee28bf5fa9c0b29152bb63c02833c5c6d02ae2c4908d0256a35582c9d9c,4039a31891b5637f4198ad78f79d97e89aa97f4ccd6efa5779b14c5b4203059e,0.3,0.0,0.003,0.001,last,metric_contract_v1.2,c38b09694be88aa74de0741b39e9d3ba0d6ff61a,35a1a66f78dfd6255c4d804586ee6863969be78d21acec5cd0ccf00476ddaa5c,f80984d28ef9a7550633fb3aea514f783f3db1fa655a6d3f49850b10857e6afc,float64,aupr_out,ood_metric/aupr_out_openood_auc,OOD-3,primary,up,id_train,id_test_vs_mnist,detector_declared,detector/mahalanobis_raw,mnist,0.049418011635192216,0.12406541718166941,0.09603579999991996,0.0898397429389272,0.03770745458171855,0.089840 ± 0.037707
C4,sgd,adamw,optimizer_a_minus_optimizer_b_seed_matched,7aa36ee28bf5fa9c0b29152bb63c02833c5c6d02ae2c4908d0256a35582c9d9c,4039a31891b5637f4198ad78f79d97e89aa97f4ccd6efa5779b14c5b4203059e,0.3,0.0,0.003,0.001,last,metric_contract_v1.2,c38b09694be88aa74de0741b39e9d3ba0d6ff61a,35a1a66f78dfd6255c4d804586ee6863969be78d21acec5cd0ccf00476ddaa5c,f80984d28ef9a7550633fb3aea514f783f3db1fa655a6d3f49850b10857e6afc,float64,auroc,ood_metric/auroc_id_positive,OOD-1,primary,up,id_train,id_test_vs_mnist,detector_declared,detector/neco_author_std_dim100,mnist,-0.046106355714285674,0.022387822857142803,-0.05750580999999999,-0.027074780952380955,0.04321340962266757,-0.027075 ± 0.043213
C4,sgd,adamw,optimizer_a_minus_optimizer_b_seed_matched,7aa36ee28bf5fa9c0b29152bb63c02833c5c6d02ae2c4908d0256a35582c9d9c,4039a31891b5637f4198ad78f79d97e89aa97f4ccd6efa5779b14c5b4203059e,0.3,0.0,0.003,0.001,last,metric_contract_v1.2,c38b09694be88aa74de0741b39e9d3ba0d6ff61a,35a1a66f78dfd6255c4d804586ee6863969be78d21acec5cd0ccf00476ddaa5c,f80984d28ef9a7550633fb3aea514f783f3db1fa655a6d3f49850b10857e6afc,float64,fpr95,ood_metric/fpr95_id_tpr,OOD-4,primary,down,id_train,id_test_vs_mnist,detector_declared,detector/neco_author_std_dim100,mnist,0.1716428571428571,0.03945714285714286,0.18252857142857148,0.1312095238095238,0.07964608748520345,0.131210 ± 0.079646
C4,sgd,adamw,optimizer_a_minus_optimizer_b_seed_matched,7aa36ee28bf5fa9c0b29152bb63c02833c5c6d02ae2c4908d0256a35582c9d9c,4039a31891b5637f4198ad78f79d97e89aa97f4ccd6efa5779b14c5b4203059e,0.3,0.0,0.003,0.001,last,metric_contract_v1.2,c38b09694be88aa74de0741b39e9d3ba0d6ff61a,35a1a66f78dfd6255c4d804586ee6863969be78d21acec5cd0ccf00476ddaa5c,f80984d28ef9a7550633fb3aea514f783f3db1fa655a6d3f49850b10857e6afc,float64,aupr_in,ood_metric/aupr_in_openood_auc,OOD-2,primary,up,id_train,id_test_vs_mnist,detector_declared,detector/neco_author_std_dim100,mnist,-0.004531272498118244,0.1891777176372309,-0.044593104777753245,0.046684446787119804,0.1250179458300797,0.046684 ± 0.125018
C4,sgd,adamw,optimizer_a_minus_optimizer_b_seed_matched,7aa36ee28bf5fa9c0b29152bb63c02833c5c6d02ae2c4908d0256a35582c9d9c,4039a31891b5637f4198ad78f79d97e89aa97f4ccd6efa5779b14c5b4203059e,0.3,0.0,0.003,0.001,last,metric_contract_v1.2,c38b09694be88aa74de0741b39e9d3ba0d6ff61a,35a1a66f78dfd6255c4d804586ee6863969be78d21acec5cd0ccf00476ddaa5c,f80984d28ef9a7550633fb3aea514f783f3db1fa655a6d3f49850b10857e6afc,float64,aupr_out,ood_metric/aupr_out_openood_auc,OOD-3,primary,up,id_train,id_test_vs_mnist,detector_declared,detector/neco_author_std_dim100,mnist,-0.021749837767512603,0.00045605501634937706,-0.02297293679002821,-0.014755573180397144,0.013187843534928675,-0.014756 ± 0.013188
C4,sgd,adamw,optimizer_a_minus_optimizer_b_seed_matched,7aa36ee28bf5fa9c0b29152bb63c02833c5c6d02ae2c4908d0256a35582c9d9c,4039a31891b5637f4198ad78f79d97e89aa97f4ccd6efa5779b14c5b4203059e,0.3,0.0,0.003,0.001,last,metric_contract_v1.2,c38b09694be88aa74de0741b39e9d3ba0d6ff61a,35a1a66f78dfd6255c4d804586ee6863969be78d21acec5cd0ccf00476ddaa5c,f80984d28ef9a7550633fb3aea514f783f3db1fa655a6d3f49850b10857e6afc,float64,auroc,ood_metric/auroc_id_positive,OOD-1,primary,up,id_train,id_test_vs_mnist,detector_declared,detector/relative_mahalanobis_pp,mnist,0.0042485671428572624,0.0031213442857143114,0.015672265714285705,0.007680725714285759,0.006943787980714542,0.007681 ± 0.006944
C4,sgd,adamw,optimizer_a_minus_optimizer_b_seed_matched,7aa36ee28bf5fa9c0b29152bb63c02833c5c6d02ae2c4908d0256a35582c9d9c,4039a31891b5637f4198ad78f79d97e89aa97f4ccd6efa5779b14c5b4203059e,0.3,0.0,0.003,0.001,last,metric_contract_v1.2,c38b09694be88aa74de0741b39e9d3ba0d6ff61a,35a1a66f78dfd6255c4d804586ee6863969be78d21acec5cd0ccf00476ddaa5c,f80984d28ef9a7550633fb3aea514f783f3db1fa655a6d3f49850b10857e6afc,float64,fpr95,ood_metric/fpr95_id_tpr,OOD-4,primary,down,id_train,id_test_vs_mnist,detector_declared,detector/relative_mahalanobis_pp,mnist,0.09040000000000004,0.08644285714285715,-0.019814285714285673,0.05234285714285717,0.06252123394397738,0.052343 ± 0.062521
C4,sgd,adamw,optimizer_a_minus_optimizer_b_seed_matched,7aa36ee28bf5fa9c0b29152bb63c02833c5c6d02ae2c4908d0256a35582c9d9c,4039a31891b5637f4198ad78f79d97e89aa97f4ccd6efa5779b14c5b4203059e,0.3,0.0,0.003,0.001,last,metric_contract_v1.2,c38b09694be88aa74de0741b39e9d3ba0d6ff61a,35a1a66f78dfd6255c4d804586ee6863969be78d21acec5cd0ccf00476ddaa5c,f80984d28ef9a7550633fb3aea514f783f3db1fa655a6d3f49850b10857e6afc,float64,aupr_in,ood_metric/aupr_in_openood_auc,OOD-2,primary,up,id_train,id_test_vs_mnist,detector_declared,detector/relative_mahalanobis_pp,mnist,0.12275718275086556,0.06738673760737257,0.06851213546335178,0.0862186852738633,0.031648269755094605,0.086219 ± 0.031648
C4,sgd,adamw,optimizer_a_minus_optimizer_b_seed_matched,7aa36ee28bf5fa9c0b29152bb63c02833c5c6d02ae2c4908d0256a35582c9d9c,4039a31891b5637f4198ad78f79d97e89aa97f4ccd6efa5779b14c5b4203059e,0.3,0.0,0.003,0.001,last,metric_contract_v1.2,c38b09694be88aa74de0741b39e9d3ba0d6ff61a,35a1a66f78dfd6255c4d804586ee6863969be78d21acec5cd0ccf00476ddaa5c,f80984d28ef9a7550633fb3aea514f783f3db1fa655a6d3f49850b10857e6afc,float64,aupr_out,ood_metric/aupr_out_openood_auc,OOD-3,primary,up,id_train,id_test_vs_mnist,detector_declared,detector/relative_mahalanobis_pp,mnist,-0.0035020102220766347,-0.0046027147554645875,0.00232702800529061,-0.001925898990750204,0.003724033920722897,-0.001926 ± 0.003724
C4,sgd,adamw,optimizer_a_minus_optimizer_b_seed_matched,7aa36ee28bf5fa9c0b29152bb63c02833c5c6d02ae2c4908d0256a35582c9d9c,4039a31891b5637f4198ad78f79d97e89aa97f4ccd6efa5779b14c5b4203059e,0.3,0.0,0.003,0.001,last,metric_contract_v1.2,c38b09694be88aa74de0741b39e9d3ba0d6ff61a,35a1a66f78dfd6255c4d804586ee6863969be78d21acec5cd0ccf00476ddaa5c,f80984d28ef9a7550633fb3aea514f783f3db1fa655a6d3f49850b10857e6afc,float64,auroc,ood_metric/auroc_id_positive,OOD-1,primary,up,id_train,id_test_vs_mnist,detector_declared,detector/relative_mahalanobis_raw,mnist,-0.025284632857142886,-0.022873094285714157,-0.01062808000000015,-0.019595269047619063,0.007858863730347701,-0.019595 ± 0.007859
C4,sgd,adamw,optimizer_a_minus_optimizer_b_seed_matched,7aa36ee28bf5fa9c0b29152bb63c02833c5c6d02ae2c4908d0256a35582c9d9c,4039a31891b5637f4198ad78f79d97e89aa97f4ccd6efa5779b14c5b4203059e,0.3,0.0,0.003,0.001,last,metric_contract_v1.2,c38b09694be88aa74de0741b39e9d3ba0d6ff61a,35a1a66f78dfd6255c4d804586ee6863969be78d21acec5cd0ccf00476ddaa5c,f80984d28ef9a7550633fb3aea514f783f3db1fa655a6d3f49850b10857e6afc,float64,fpr95,ood_metric/fpr95_id_tpr,OOD-4,primary,down,id_train,id_test_vs_mnist,detector_declared,detector/relative_mahalanobis_raw,mnist,0.1428571428571429,0.17018571428571427,0.0617428571428571,0.12492857142857143,0.05640069655091659,0.124929 ± 0.056401
C4,sgd,adamw,optimizer_a_minus_optimizer_b_seed_matched,7aa36ee28bf5fa9c0b29152bb63c02833c5c6d02ae2c4908d0256a35582c9d9c,4039a31891b5637f4198ad78f79d97e89aa97f4ccd6efa5779b14c5b4203059e,0.3,0.0,0.003,0.001,last,metric_contract_v1.2,c38b09694be88aa74de0741b39e9d3ba0d6ff61a,35a1a66f78dfd6255c4d804586ee6863969be78d21acec5cd0ccf00476ddaa5c,f80984d28ef9a7550633fb3aea514f783f3db1fa655a6d3f49850b10857e6afc,float64,aupr_in,ood_metric/aupr_in_openood_auc,OOD-2,primary,up,id_train,id_test_vs_mnist,detector_declared,detector/relative_mahalanobis_raw,mnist,0.014917592374102617,0.006687173176465611,0.003844087070023261,0.008482950873530496,0.005751021046981585,0.008483 ± 0.005751
C4,sgd,adamw,optimizer_a_minus_optimizer_b_seed_matched,7aa36ee28bf5fa9c0b29152bb63c02833c5c6d02ae2c4908d0256a35582c9d9c,4039a31891b5637f4198ad78f79d97e89aa97f4ccd6efa5779b14c5b4203059e,0.3,0.0,0.003,0.001,last,metric_contract_v1.2,c38b09694be88aa74de0741b39e9d3ba0d6ff61a,35a1a66f78dfd6255c4d804586ee6863969be78d21acec5cd0ccf00476ddaa5c,f80984d28ef9a7550633fb3aea514f783f3db1fa655a6d3f49850b10857e6afc,float64,aupr_out,ood_metric/aupr_out_openood_auc,OOD-3,primary,up,id_train,id_test_vs_mnist,detector_declared,detector/relative_mahalanobis_raw,mnist,-0.010659207194805065,-0.012795496189426103,-0.004526761471565055,-0.009327154951932074,0.004292291444193577,-0.009327 ± 0.004292
C4,sgd,adamw,optimizer_a_minus_optimizer_b_seed_matched,7aa36ee28bf5fa9c0b29152bb63c02833c5c6d02ae2c4908d0256a35582c9d9c,4039a31891b5637f4198ad78f79d97e89aa97f4ccd6efa5779b14c5b4203059e,0.3,0.0,0.003,0.001,last,metric_contract_v1.2,c38b09694be88aa74de0741b39e9d3ba0d6ff61a,35a1a66f78dfd6255c4d804586ee6863969be78d21acec5cd0ccf00476ddaa5c,f80984d28ef9a7550633fb3aea514f783f3db1fa655a6d3f49850b10857e6afc,float64,auroc,ood_metric/auroc_id_positive,OOD-1,primary,up,id_train,id_test_vs_mnist,detector_declared,detector/vim_author_dim,mnist,0.004167497142857024,0.03791017857142864,0.028978572857142892,0.023685416190476188,0.017482999402874972,0.023685 ± 0.017483
C4,sgd,adamw,optimizer_a_minus_optimizer_b_seed_matched,7aa36ee28bf5fa9c0b29152bb63c02833c5c6d02ae2c4908d0256a35582c9d9c,4039a31891b5637f4198ad78f79d97e89aa97f4ccd6efa5779b14c5b4203059e,0.3,0.0,0.003,0.001,last,metric_contract_v1.2,c38b09694be88aa74de0741b39e9d3ba0d6ff61a,35a1a66f78dfd6255c4d804586ee6863969be78d21acec5cd0ccf00476ddaa5c,f80984d28ef9a7550633fb3aea514f783f3db1fa655a6d3f49850b10857e6afc,float64,fpr95,ood_metric/fpr95_id_tpr,OOD-4,primary,down,id_train,id_test_vs_mnist,detector_declared,detector/vim_author_dim,mnist,-0.020414285714285663,-0.3131999999999999,-0.2039428571428571,-0.1791857142857142,0.1479545731442111,-0.179186 ± 0.147955
C4,sgd,adamw,optimizer_a_minus_optimizer_b_seed_matched,7aa36ee28bf5fa9c0b29152bb63c02833c5c6d02ae2c4908d0256a35582c9d9c,4039a31891b5637f4198ad78f79d97e89aa97f4ccd6efa5779b14c5b4203059e,0.3,0.0,0.003,0.001,last,metric_contract_v1.2,c38b09694be88aa74de0741b39e9d3ba0d6ff61a,35a1a66f78dfd6255c4d804586ee6863969be78d21acec5cd0ccf00476ddaa5c,f80984d28ef9a7550633fb3aea514f783f3db1fa655a6d3f49850b10857e6afc,float64,aupr_in,ood_metric/aupr_in_openood_auc,OOD-2,primary,up,id_train,id_test_vs_mnist,detector_declared,detector/vim_author_dim,mnist,0.009647076248149977,0.04874315987353561,0.054064368239107874,0.03748486812026449,0.024254603828012377,0.037485 ± 0.024255
C4,sgd,adamw,optimizer_a_minus_optimizer_b_seed_matched,7aa36ee28bf5fa9c0b29152bb63c02833c5c6d02ae2c4908d0256a35582c9d9c,4039a31891b5637f4198ad78f79d97e89aa97f4ccd6efa5779b14c5b4203059e,0.3,0.0,0.003,0.001,last,metric_contract_v1.2,c38b09694be88aa74de0741b39e9d3ba0d6ff61a,35a1a66f78dfd6255c4d804586ee6863969be78d21acec5cd0ccf00476ddaa5c,f80984d28ef9a7550633fb3aea514f783f3db1fa655a6d3f49850b10857e6afc,float64,aupr_out,ood_metric/aupr_out_openood_auc,OOD-3,primary,up,id_train,id_test_vs_mnist,detector_declared,detector/vim_author_dim,mnist,0.0020095391645720273,0.016457089183565143,0.00933876682792767,0.00926846505868828,0.007224031571213933,0.009268 ± 0.007224
C4,sgd,adamw,optimizer_a_minus_optimizer_b_seed_matched,7aa36ee28bf5fa9c0b29152bb63c02833c5c6d02ae2c4908d0256a35582c9d9c,4039a31891b5637f4198ad78f79d97e89aa97f4ccd6efa5779b14c5b4203059e,0.3,0.0,0.003,0.001,last,metric_contract_v1.2,c38b09694be88aa74de0741b39e9d3ba0d6ff61a,35a1a66f78dfd6255c4d804586ee6863969be78d21acec5cd0ccf00476ddaa5c,f80984d28ef9a7550633fb3aea514f783f3db1fa655a6d3f49850b10857e6afc,float64,auroc,ood_metric/auroc_id_positive,OOD-1,primary,up,,id_test_vs_mnist,detector_declared,ood_score/energy_t1,mnist,0.008767805714285704,-0.005096632857142902,0.007160334285714276,0.0036105023809523593,0.007583313532966874,0.003611 ± 0.007583
C4,sgd,adamw,optimizer_a_minus_optimizer_b_seed_matched,7aa36ee28bf5fa9c0b29152bb63c02833c5c6d02ae2c4908d0256a35582c9d9c,4039a31891b5637f4198ad78f79d97e89aa97f4ccd6efa5779b14c5b4203059e,0.3,0.0,0.003,0.001,last,metric_contract_v1.2,c38b09694be88aa74de0741b39e9d3ba0d6ff61a,35a1a66f78dfd6255c4d804586ee6863969be78d21acec5cd0ccf00476ddaa5c,f80984d28ef9a7550633fb3aea514f783f3db1fa655a6d3f49850b10857e6afc,float64,fpr95,ood_metric/fpr95_id_tpr,OOD-4,primary,down,,id_test_vs_mnist,detector_declared,ood_score/energy_t1,mnist,-0.06454285714285712,0.033814285714285686,-0.031071428571428583,-0.020600000000000007,0.05000769940719126,-0.020600 ± 0.050008
C4,sgd,adamw,optimizer_a_minus_optimizer_b_seed_matched,7aa36ee28bf5fa9c0b29152bb63c02833c5c6d02ae2c4908d0256a35582c9d9c,4039a31891b5637f4198ad78f79d97e89aa97f4ccd6efa5779b14c5b4203059e,0.3,0.0,0.003,0.001,last,metric_contract_v1.2,c38b09694be88aa74de0741b39e9d3ba0d6ff61a,35a1a66f78dfd6255c4d804586ee6863969be78d21acec5cd0ccf00476ddaa5c,f80984d28ef9a7550633fb3aea514f783f3db1fa655a6d3f49850b10857e6afc,float64,aupr_in,ood_metric/aupr_in_openood_auc,OOD-2,primary,up,,id_test_vs_mnist,detector_declared,ood_score/energy_t1,mnist,0.017102863737723517,-0.02031618480721009,0.020146496891906618,0.005644391940806681,0.02253396513069909,0.005644 ± 0.022534
C4,sgd,adamw,optimizer_a_minus_optimizer_b_seed_matched,7aa36ee28bf5fa9c0b29152bb63c02833c5c6d02ae2c4908d0256a35582c9d9c,4039a31891b5637f4198ad78f79d97e89aa97f4ccd6efa5779b14c5b4203059e,0.3,0.0,0.003,0.001,last,metric_contract_v1.2,c38b09694be88aa74de0741b39e9d3ba0d6ff61a,35a1a66f78dfd6255c4d804586ee6863969be78d21acec5cd0ccf00476ddaa5c,f80984d28ef9a7550633fb3aea514f783f3db1fa655a6d3f49850b10857e6afc,float64,aupr_out,ood_metric/aupr_out_openood_auc,OOD-3,primary,up,,id_test_vs_mnist,detector_declared,ood_score/energy_t1,mnist,0.004281656636675013,0.0008067922661268989,0.002370608327820767,0.0024863524102075596,0.0017403212685828601,0.002486 ± 0.001740
C4,sgd,adamw,optimizer_a_minus_optimizer_b_seed_matched,7aa36ee28bf5fa9c0b29152bb63c02833c5c6d02ae2c4908d0256a35582c9d9c,4039a31891b5637f4198ad78f79d97e89aa97f4ccd6efa5779b14c5b4203059e,0.3,0.0,0.003,0.001,last,metric_contract_v1.2,c38b09694be88aa74de0741b39e9d3ba0d6ff61a,35a1a66f78dfd6255c4d804586ee6863969be78d21acec5cd0ccf00476ddaa5c,f80984d28ef9a7550633fb3aea514f783f3db1fa655a6d3f49850b10857e6afc,float64,auroc,ood_metric/auroc_id_positive,OOD-1,primary,up,,id_test_vs_mnist,detector_declared,ood_score/max_logit,mnist,0.008626825000000005,-0.0053524471428570974,0.007210652857143063,0.003495010238095323,0.00769477176174694,0.003495 ± 0.007695
C4,sgd,adamw,optimizer_a_minus_optimizer_b_seed_matched,7aa36ee28bf5fa9c0b29152bb63c02833c5c6d02ae2c4908d0256a35582c9d9c,4039a31891b5637f4198ad78f79d97e89aa97f4ccd6efa5779b14c5b4203059e,0.3,0.0,0.003,0.001,last,metric_contract_v1.2,c38b09694be88aa74de0741b39e9d3ba0d6ff61a,35a1a66f78dfd6255c4d804586ee6863969be78d21acec5cd0ccf00476ddaa5c,f80984d28ef9a7550633fb3aea514f783f3db1fa655a6d3f49850b10857e6afc,float64,fpr95,ood_metric/fpr95_id_tpr,OOD-4,primary,down,,id_test_vs_mnist,detector_declared,ood_score/max_logit,mnist,-0.06722857142857142,0.03542857142857142,-0.038657142857142834,-0.023485714285714276,0.05298350147518968,-0.023486 ± 0.052984
C4,sgd,adamw,optimizer_a_minus_optimizer_b_seed_matched,7aa36ee28bf5fa9c0b29152bb63c02833c5c6d02ae2c4908d0256a35582c9d9c,4039a31891b5637f4198ad78f79d97e89aa97f4ccd6efa5779b14c5b4203059e,0.3,0.0,0.003,0.001,last,metric_contract_v1.2,c38b09694be88aa74de0741b39e9d3ba0d6ff61a,35a1a66f78dfd6255c4d804586ee6863969be78d21acec5cd0ccf00476ddaa5c,f80984d28ef9a7550633fb3aea514f783f3db1fa655a6d3f49850b10857e6afc,float64,aupr_in,ood_metric/aupr_in_openood_auc,OOD-2,primary,up,,id_test_vs_mnist,detector_declared,ood_score/max_logit,mnist,0.016946850692240334,-0.020470725406221524,0.02007315924549835,0.005516428177172387,0.02255975542459893,0.005516 ± 0.022560
C4,sgd,adamw,optimizer_a_minus_optimizer_b_seed_matched,7aa36ee28bf5fa9c0b29152bb63c02833c5c6d02ae2c4908d0256a35582c9d9c,4039a31891b5637f4198ad78f79d97e89aa97f4ccd6efa5779b14c5b4203059e,0.3,0.0,0.003,0.001,last,metric_contract_v1.2,c38b09694be88aa74de0741b39e9d3ba0d6ff61a,35a1a66f78dfd6255c4d804586ee6863969be78d21acec5cd0ccf00476ddaa5c,f80984d28ef9a7550633fb3aea514f783f3db1fa655a6d3f49850b10857e6afc,float64,aupr_out,ood_metric/aupr_out_openood_auc,OOD-3,primary,up,,id_test_vs_mnist,detector_declared,ood_score/max_logit,mnist,0.003981563468976157,0.0005057878459162612,0.0022557790324341243,0.002247710115775514,0.0017379018602977513,0.002248 ± 0.001738
C4,sgd,adamw,optimizer_a_minus_optimizer_b_seed_matched,7aa36ee28bf5fa9c0b29152bb63c02833c5c6d02ae2c4908d0256a35582c9d9c,4039a31891b5637f4198ad78f79d97e89aa97f4ccd6efa5779b14c5b4203059e,0.3,0.0,0.003,0.001,last,metric_contract_v1.2,c38b09694be88aa74de0741b39e9d3ba0d6ff61a,35a1a66f78dfd6255c4d804586ee6863969be78d21acec5cd0ccf00476ddaa5c,f80984d28ef9a7550633fb3aea514f783f3db1fa655a6d3f49850b10857e6afc,float64,auroc,ood_metric/auroc_id_positive,OOD-1,primary,up,,id_test_vs_mnist,detector_declared,ood_score/msp,mnist,-0.012399074999999926,-0.02708251000000006,-0.006454771428571426,-0.015312118809523803,0.010617922010447957,-0.015312 ± 0.010618
C4,sgd,adamw,optimizer_a_minus_optimizer_b_seed_matched,7aa36ee28bf5fa9c0b29152bb63c02833c5c6d02ae2c4908d0256a35582c9d9c,4039a31891b5637f4198ad78f79d97e89aa97f4ccd6efa5779b14c5b4203059e,0.3,0.0,0.003,0.001,last,metric_contract_v1.2,c38b09694be88aa74de0741b39e9d3ba0d6ff61a,35a1a66f78dfd6255c4d804586ee6863969be78d21acec5cd0ccf00476ddaa5c,f80984d28ef9a7550633fb3aea514f783f3db1fa655a6d3f49850b10857e6afc,float64,fpr95,ood_metric/fpr95_id_tpr,OOD-4,primary,down,,id_test_vs_mnist,detector_declared,ood_score/msp,mnist,0.04731428571428564,0.12594285714285713,0.0040000000000000036,0.05908571428571426,0.061817796790244794,0.059086 ± 0.061818
C4,sgd,adamw,optimizer_a_minus_optimizer_b_seed_matched,7aa36ee28bf5fa9c0b29152bb63c02833c5c6d02ae2c4908d0256a35582c9d9c,4039a31891b5637f4198ad78f79d97e89aa97f4ccd6efa5779b14c5b4203059e,0.3,0.0,0.003,0.001,last,metric_contract_v1.2,c38b09694be88aa74de0741b39e9d3ba0d6ff61a,35a1a66f78dfd6255c4d804586ee6863969be78d21acec5cd0ccf00476ddaa5c,f80984d28ef9a7550633fb3aea514f783f3db1fa655a6d3f49850b10857e6afc,float64,aupr_in,ood_metric/aupr_in_openood_auc,OOD-2,primary,up,,id_test_vs_mnist,detector_declared,ood_score/msp,mnist,-0.01864550221094463,-0.056684797933529096,-0.011358148873286233,-0.028896149672586652,0.024339948824817912,-0.028896 ± 0.024340
C4,sgd,adamw,optimizer_a_minus_optimizer_b_seed_matched,7aa36ee28bf5fa9c0b29152bb63c02833c5c6d02ae2c4908d0256a35582c9d9c,4039a31891b5637f4198ad78f79d97e89aa97f4ccd6efa5779b14c5b4203059e,0.3,0.0,0.003,0.001,last,metric_contract_v1.2,c38b09694be88aa74de0741b39e9d3ba0d6ff61a,35a1a66f78dfd6255c4d804586ee6863969be78d21acec5cd0ccf00476ddaa5c,f80984d28ef9a7550633fb3aea514f783f3db1fa655a6d3f49850b10857e6afc,float64,aupr_out,ood_metric/aupr_out_openood_auc,OOD-3,primary,up,,id_test_vs_mnist,detector_declared,ood_score/msp,mnist,-0.0033418941459705254,-0.007285014282141233,-0.0011587478099079895,-0.003928552079339916,0.0031049816215706046,-0.003929 ± 0.003105
C4,adam,adamw,optimizer_a_minus_optimizer_b_seed_matched,3e2bac6d488d016b4c0a216c6e210e16bcc4ca139bf6356687dc98bc7c39ec78,4039a31891b5637f4198ad78f79d97e89aa97f4ccd6efa5779b14c5b4203059e,0.0003,0.0001,0.003,0.001,last,metric_contract_v1.2,c38b09694be88aa74de0741b39e9d3ba0d6ff61a,35a1a66f78dfd6255c4d804586ee6863969be78d21acec5cd0ccf00476ddaa5c,f80984d28ef9a7550633fb3aea514f783f3db1fa655a6d3f49850b10857e6afc,float64,auroc,ood_metric/auroc_id_positive,OOD-1,primary,up,id_train,id_test_vs_mnist,detector_declared,detector/ctm_prototype_cosine,mnist,-0.06774642428571442,-0.030959608571428654,-0.018508069999999988,-0.03907136761904769,0.025601842889260047,-0.039071 ± 0.025602
C4,adam,adamw,optimizer_a_minus_optimizer_b_seed_matched,3e2bac6d488d016b4c0a216c6e210e16bcc4ca139bf6356687dc98bc7c39ec78,4039a31891b5637f4198ad78f79d97e89aa97f4ccd6efa5779b14c5b4203059e,0.0003,0.0001,0.003,0.001,last,metric_contract_v1.2,c38b09694be88aa74de0741b39e9d3ba0d6ff61a,35a1a66f78dfd6255c4d804586ee6863969be78d21acec5cd0ccf00476ddaa5c,f80984d28ef9a7550633fb3aea514f783f3db1fa655a6d3f49850b10857e6afc,float64,fpr95,ood_metric/fpr95_id_tpr,OOD-4,primary,down,id_train,id_test_vs_mnist,detector_declared,detector/ctm_prototype_cosine,mnist,0.3896857142857143,0.15635714285714286,0.09227142857142862,0.2127714285714286,0.15652713202900156,0.212771 ± 0.156527
C4,adam,adamw,optimizer_a_minus_optimizer_b_seed_matched,3e2bac6d488d016b4c0a216c6e210e16bcc4ca139bf6356687dc98bc7c39ec78,4039a31891b5637f4198ad78f79d97e89aa97f4ccd6efa5779b14c5b4203059e,0.0003,0.0001,0.003,0.001,last,metric_contract_v1.2,c38b09694be88aa74de0741b39e9d3ba0d6ff61a,35a1a66f78dfd6255c4d804586ee6863969be78d21acec5cd0ccf00476ddaa5c,f80984d28ef9a7550633fb3aea514f783f3db1fa655a6d3f49850b10857e6afc,float64,aupr_in,ood_metric/aupr_in_openood_auc,OOD-2,primary,up,id_train,id_test_vs_mnist,detector_declared,detector/ctm_prototype_cosine,mnist,-0.155493223156572,-0.09900272695193924,-0.0669569023086155,-0.10715095080570891,0.04482705869562969,-0.107151 ± 0.044827
C4,adam,adamw,optimizer_a_minus_optimizer_b_seed_matched,3e2bac6d488d016b4c0a216c6e210e16bcc4ca139bf6356687dc98bc7c39ec78,4039a31891b5637f4198ad78f79d97e89aa97f4ccd6efa5779b14c5b4203059e,0.0003,0.0001,0.003,0.001,last,metric_contract_v1.2,c38b09694be88aa74de0741b39e9d3ba0d6ff61a,35a1a66f78dfd6255c4d804586ee6863969be78d21acec5cd0ccf00476ddaa5c,f80984d28ef9a7550633fb3aea514f783f3db1fa655a6d3f49850b10857e6afc,float64,aupr_out,ood_metric/aupr_out_openood_auc,OOD-3,primary,up,id_train,id_test_vs_mnist,detector_declared,detector/ctm_prototype_cosine,mnist,-0.016950607720717437,-0.006437840311325327,-0.003250515722308389,-0.008879654584783717,0.007169028727851964,-0.008880 ± 0.007169
C4,adam,adamw,optimizer_a_minus_optimizer_b_seed_matched,3e2bac6d488d016b4c0a216c6e210e16bcc4ca139bf6356687dc98bc7c39ec78,4039a31891b5637f4198ad78f79d97e89aa97f4ccd6efa5779b14c5b4203059e,0.0003,0.0001,0.003,0.001,last,metric_contract_v1.2,c38b09694be88aa74de0741b39e9d3ba0d6ff61a,35a1a66f78dfd6255c4d804586ee6863969be78d21acec5cd0ccf00476ddaa5c,f80984d28ef9a7550633fb3aea514f783f3db1fa655a6d3f49850b10857e6afc,float64,auroc,ood_metric/auroc_id_positive,OOD-1,primary,up,id_train,id_test_vs_mnist,detector_declared,detector/knn_l2_k50,mnist,-0.06765458571428562,-0.043191615714285425,-0.03229077999999996,-0.047712327142857,0.018110143912038607,-0.047712 ± 0.018110
C4,adam,adamw,optimizer_a_minus_optimizer_b_seed_matched,3e2bac6d488d016b4c0a216c6e210e16bcc4ca139bf6356687dc98bc7c39ec78,4039a31891b5637f4198ad78f79d97e89aa97f4ccd6efa5779b14c5b4203059e,0.0003,0.0001,0.003,0.001,last,metric_contract_v1.2,c38b09694be88aa74de0741b39e9d3ba0d6ff61a,35a1a66f78dfd6255c4d804586ee6863969be78d21acec5cd0ccf00476ddaa5c,f80984d28ef9a7550633fb3aea514f783f3db1fa655a6d3f49850b10857e6afc,float64,fpr95,ood_metric/fpr95_id_tpr,OOD-4,primary,down,id_train,id_test_vs_mnist,detector_declared,detector/knn_l2_k50,mnist,0.41211428571428566,0.21774285714285713,0.17535714285714285,0.26840476190476187,0.1262476044091436,0.268405 ± 0.126248
C4,adam,adamw,optimizer_a_minus_optimizer_b_seed_matched,3e2bac6d488d016b4c0a216c6e210e16bcc4ca139bf6356687dc98bc7c39ec78,4039a31891b5637f4198ad78f79d97e89aa97f4ccd6efa5779b14c5b4203059e,0.0003,0.0001,0.003,0.001,last,metric_contract_v1.2,c38b09694be88aa74de0741b39e9d3ba0d6ff61a,35a1a66f78dfd6255c4d804586ee6863969be78d21acec5cd0ccf00476ddaa5c,f80984d28ef9a7550633fb3aea514f783f3db1fa655a6d3f49850b10857e6afc,float64,aupr_in,ood_metric/aupr_in_openood_auc,OOD-2,primary,up,id_train,id_test_vs_mnist,detector_declared,detector/knn_l2_k50,mnist,-0.13834936957053123,-0.12590703687898674,-0.09297121156840582,-0.11907587267264126,0.023447663193312172,-0.119076 ± 0.023448
C4,adam,adamw,optimizer_a_minus_optimizer_b_seed_matched,3e2bac6d488d016b4c0a216c6e210e16bcc4ca139bf6356687dc98bc7c39ec78,4039a31891b5637f4198ad78f79d97e89aa97f4ccd6efa5779b14c5b4203059e,0.0003,0.0001,0.003,0.001,last,metric_contract_v1.2,c38b09694be88aa74de0741b39e9d3ba0d6ff61a,35a1a66f78dfd6255c4d804586ee6863969be78d21acec5cd0ccf00476ddaa5c,f80984d28ef9a7550633fb3aea514f783f3db1fa655a6d3f49850b10857e6afc,float64,aupr_out,ood_metric/aupr_out_openood_auc,OOD-3,primary,up,id_train,id_test_vs_mnist,detector_declared,detector/knn_l2_k50,mnist,-0.016557961294474288,-0.008983677498282883,-0.006130085245022787,-0.010557241345926652,0.005389084069917602,-0.010557 ± 0.005389
C4,adam,adamw,optimizer_a_minus_optimizer_b_seed_matched,3e2bac6d488d016b4c0a216c6e210e16bcc4ca139bf6356687dc98bc7c39ec78,4039a31891b5637f4198ad78f79d97e89aa97f4ccd6efa5779b14c5b4203059e,0.0003,0.0001,0.003,0.001,last,metric_contract_v1.2,c38b09694be88aa74de0741b39e9d3ba0d6ff61a,35a1a66f78dfd6255c4d804586ee6863969be78d21acec5cd0ccf00476ddaa5c,f80984d28ef9a7550633fb3aea514f783f3db1fa655a6d3f49850b10857e6afc,float64,auroc,ood_metric/auroc_id_positive,OOD-1,primary,up,id_train,id_test_vs_mnist,detector_declared,detector/mahalanobis_pp,mnist,-0.10627801428571448,-0.09924241142857126,-0.05234148999999988,-0.08595397190476188,0.029321052705169454,-0.085954 ± 0.029321
C4,adam,adamw,optimizer_a_minus_optimizer_b_seed_matched,3e2bac6d488d016b4c0a216c6e210e16bcc4ca139bf6356687dc98bc7c39ec78,4039a31891b5637f4198ad78f79d97e89aa97f4ccd6efa5779b14c5b4203059e,0.0003,0.0001,0.003,0.001,last,metric_contract_v1.2,c38b09694be88aa74de0741b39e9d3ba0d6ff61a,35a1a66f78dfd6255c4d804586ee6863969be78d21acec5cd0ccf00476ddaa5c,f80984d28ef9a7550633fb3aea514f783f3db1fa655a6d3f49850b10857e6afc,float64,fpr95,ood_metric/fpr95_id_tpr,OOD-4,primary,down,id_train,id_test_vs_mnist,detector_declared,detector/mahalanobis_pp,mnist,0.5276428571428571,0.4590142857142857,0.2965,0.42771904761904755,0.11870677759765465,0.427719 ± 0.118707
C4,adam,adamw,optimizer_a_minus_optimizer_b_seed_matched,3e2bac6d488d016b4c0a216c6e210e16bcc4ca139bf6356687dc98bc7c39ec78,4039a31891b5637f4198ad78f79d97e89aa97f4ccd6efa5779b14c5b4203059e,0.0003,0.0001,0.003,0.001,last,metric_contract_v1.2,c38b09694be88aa74de0741b39e9d3ba0d6ff61a,35a1a66f78dfd6255c4d804586ee6863969be78d21acec5cd0ccf00476ddaa5c,f80984d28ef9a7550633fb3aea514f783f3db1fa655a6d3f49850b10857e6afc,float64,aupr_in,ood_metric/aupr_in_openood_auc,OOD-2,primary,up,id_train,id_test_vs_mnist,detector_declared,detector/mahalanobis_pp,mnist,-0.21992246959359596,-0.24944326317679888,-0.14530786014607433,-0.20489119763882305,0.05367028874085378,-0.204891 ± 0.053670
C4,adam,adamw,optimizer_a_minus_optimizer_b_seed_matched,3e2bac6d488d016b4c0a216c6e210e16bcc4ca139bf6356687dc98bc7c39ec78,4039a31891b5637f4198ad78f79d97e89aa97f4ccd6efa5779b14c5b4203059e,0.0003,0.0001,0.003,0.001,last,metric_contract_v1.2,c38b09694be88aa74de0741b39e9d3ba0d6ff61a,35a1a66f78dfd6255c4d804586ee6863969be78d21acec5cd0ccf00476ddaa5c,f80984d28ef9a7550633fb3aea514f783f3db1fa655a6d3f49850b10857e6afc,float64,aupr_out,ood_metric/aupr_out_openood_auc,OOD-3,primary,up,id_train,id_test_vs_mnist,detector_declared,detector/mahalanobis_pp,mnist,-0.025420841178583564,-0.022117434924796897,-0.010396446826767769,-0.01931157431004941,0.00789542568527891,-0.019312 ± 0.007895
C4,adam,adamw,optimizer_a_minus_optimizer_b_seed_matched,3e2bac6d488d016b4c0a216c6e210e16bcc4ca139bf6356687dc98bc7c39ec78,4039a31891b5637f4198ad78f79d97e89aa97f4ccd6efa5779b14c5b4203059e,0.0003,0.0001,0.003,0.001,last,metric_contract_v1.2,c38b09694be88aa74de0741b39e9d3ba0d6ff61a,35a1a66f78dfd6255c4d804586ee6863969be78d21acec5cd0ccf00476ddaa5c,f80984d28ef9a7550633fb3aea514f783f3db1fa655a6d3f49850b10857e6afc,float64,auroc,ood_metric/auroc_id_positive,OOD-1,primary,up,id_train,id_test_vs_mnist,detector_declared,detector/mahalanobis_raw,mnist,0.09756946285714285,0.38168371285714287,0.22986035000000005,0.23637117523809525,0.14216898359778193,0.236371 ± 0.142169
C4,adam,adamw,optimizer_a_minus_optimizer_b_seed_matched,3e2bac6d488d016b4c0a216c6e210e16bcc4ca139bf6356687dc98bc7c39ec78,4039a31891b5637f4198ad78f79d97e89aa97f4ccd6efa5779b14c5b4203059e,0.0003,0.0001,0.003,0.001,last,metric_contract_v1.2,c38b09694be88aa74de0741b39e9d3ba0d6ff61a,35a1a66f78dfd6255c4d804586ee6863969be78d21acec5cd0ccf00476ddaa5c,f80984d28ef9a7550633fb3aea514f783f3db1fa655a6d3f49850b10857e6afc,float64,fpr95,ood_metric/fpr95_id_tpr,OOD-4,primary,down,id_train,id_test_vs_mnist,detector_declared,detector/mahalanobis_raw,mnist,-0.00904285714285713,-0.0262,-0.09700000000000009,-0.04408095238095241,0.04662521944651177,-0.044081 ± 0.046625
C4,adam,adamw,optimizer_a_minus_optimizer_b_seed_matched,3e2bac6d488d016b4c0a216c6e210e16bcc4ca139bf6356687dc98bc7c39ec78,4039a31891b5637f4198ad78f79d97e89aa97f4ccd6efa5779b14c5b4203059e,0.0003,0.0001,0.003,0.001,last,metric_contract_v1.2,c38b09694be88aa74de0741b39e9d3ba0d6ff61a,35a1a66f78dfd6255c4d804586ee6863969be78d21acec5cd0ccf00476ddaa5c,f80984d28ef9a7550633fb3aea514f783f3db1fa655a6d3f49850b10857e6afc,float64,aupr_in,ood_metric/aupr_in_openood_auc,OOD-2,primary,up,id_train,id_test_vs_mnist,detector_declared,detector/mahalanobis_raw,mnist,0.08249495673111279,0.2104248548266806,0.12286227170389341,0.1385940277538956,0.06539977689562998,0.138594 ± 0.065400
C4,adam,adamw,optimizer_a_minus_optimizer_b_seed_matched,3e2bac6d488d016b4c0a216c6e210e16bcc4ca139bf6356687dc98bc7c39ec78,4039a31891b5637f4198ad78f79d97e89aa97f4ccd6efa5779b14c5b4203059e,0.0003,0.0001,0.003,0.001,last,metric_contract_v1.2,c38b09694be88aa74de0741b39e9d3ba0d6ff61a,35a1a66f78dfd6255c4d804586ee6863969be78d21acec5cd0ccf00476ddaa5c,f80984d28ef9a7550633fb3aea514f783f3db1fa655a6d3f49850b10857e6afc,float64,aupr_out,ood_metric/aupr_out_openood_auc,OOD-3,primary,up,id_train,id_test_vs_mnist,detector_declared,detector/mahalanobis_raw,mnist,0.027274595630059184,0.11331587819401168,0.0920897249521141,0.07756006625872831,0.04482308347963346,0.077560 ± 0.044823
C4,adam,adamw,optimizer_a_minus_optimizer_b_seed_matched,3e2bac6d488d016b4c0a216c6e210e16bcc4ca139bf6356687dc98bc7c39ec78,4039a31891b5637f4198ad78f79d97e89aa97f4ccd6efa5779b14c5b4203059e,0.0003,0.0001,0.003,0.001,last,metric_contract_v1.2,c38b09694be88aa74de0741b39e9d3ba0d6ff61a,35a1a66f78dfd6255c4d804586ee6863969be78d21acec5cd0ccf00476ddaa5c,f80984d28ef9a7550633fb3aea514f783f3db1fa655a6d3f49850b10857e6afc,float64,auroc,ood_metric/auroc_id_positive,OOD-1,primary,up,id_train,id_test_vs_mnist,detector_declared,detector/neco_author_std_dim100,mnist,0.03558410428571446,0.11761555857142847,0.0367161528571428,0.06330527190476191,0.04703749368167529,0.063305 ± 0.047037
C4,adam,adamw,optimizer_a_minus_optimizer_b_seed_matched,3e2bac6d488d016b4c0a216c6e210e16bcc4ca139bf6356687dc98bc7c39ec78,4039a31891b5637f4198ad78f79d97e89aa97f4ccd6efa5779b14c5b4203059e,0.0003,0.0001,0.003,0.001,last,metric_contract_v1.2,c38b09694be88aa74de0741b39e9d3ba0d6ff61a,35a1a66f78dfd6255c4d804586ee6863969be78d21acec5cd0ccf00476ddaa5c,f80984d28ef9a7550633fb3aea514f783f3db1fa655a6d3f49850b10857e6afc,float64,fpr95,ood_metric/fpr95_id_tpr,OOD-4,primary,down,id_train,id_test_vs_mnist,detector_declared,detector/neco_author_std_dim100,mnist,-0.1446142857142858,-0.3331142857142857,-0.1903285714285714,-0.2226857142857143,0.09832751914092085,-0.222686 ± 0.098328
C4,adam,adamw,optimizer_a_minus_optimizer_b_seed_matched,3e2bac6d488d016b4c0a216c6e210e16bcc4ca139bf6356687dc98bc7c39ec78,4039a31891b5637f4198ad78f79d97e89aa97f4ccd6efa5779b14c5b4203059e,0.0003,0.0001,0.003,0.001,last,metric_contract_v1.2,c38b09694be88aa74de0741b39e9d3ba0d6ff61a,35a1a66f78dfd6255c4d804586ee6863969be78d21acec5cd0ccf00476ddaa5c,f80984d28ef9a7550633fb3aea514f783f3db1fa655a6d3f49850b10857e6afc,float64,aupr_in,ood_metric/aupr_in_openood_auc,OOD-2,primary,up,id_train,id_test_vs_mnist,detector_declared,detector/neco_author_std_dim100,mnist,0.07166859426577499,0.2666883930916827,0.06164567801501031,0.13333422179082266,0.11559678181094316,0.133334 ± 0.115597
C4,adam,adamw,optimizer_a_minus_optimizer_b_seed_matched,3e2bac6d488d016b4c0a216c6e210e16bcc4ca139bf6356687dc98bc7c39ec78,4039a31891b5637f4198ad78f79d97e89aa97f4ccd6efa5779b14c5b4203059e,0.0003,0.0001,0.003,0.001,last,metric_contract_v1.2,c38b09694be88aa74de0741b39e9d3ba0d6ff61a,35a1a66f78dfd6255c4d804586ee6863969be78d21acec5cd0ccf00476ddaa5c,f80984d28ef9a7550633fb3aea514f783f3db1fa655a6d3f49850b10857e6afc,float64,aupr_out,ood_metric/aupr_out_openood_auc,OOD-3,primary,up,id_train,id_test_vs_mnist,detector_declared,detector/neco_author_std_dim100,mnist,0.010087437497064311,0.036648147380442864,0.00935674727307545,0.018697444050194207,0.01555005754294203,0.018697 ± 0.015550
C4,adam,adamw,optimizer_a_minus_optimizer_b_seed_matched,3e2bac6d488d016b4c0a216c6e210e16bcc4ca139bf6356687dc98bc7c39ec78,4039a31891b5637f4198ad78f79d97e89aa97f4ccd6efa5779b14c5b4203059e,0.0003,0.0001,0.003,0.001,last,metric_contract_v1.2,c38b09694be88aa74de0741b39e9d3ba0d6ff61a,35a1a66f78dfd6255c4d804586ee6863969be78d21acec5cd0ccf00476ddaa5c,f80984d28ef9a7550633fb3aea514f783f3db1fa655a6d3f49850b10857e6afc,float64,auroc,ood_metric/auroc_id_positive,OOD-1,primary,up,id_train,id_test_vs_mnist,detector_declared,detector/relative_mahalanobis_pp,mnist,0.020222097142857276,0.0353176557142858,0.024710658571428512,0.026750137142857195,0.007751682190231027,0.026750 ± 0.007752
C4,adam,adamw,optimizer_a_minus_optimizer_b_seed_matched,3e2bac6d488d016b4c0a216c6e210e16bcc4ca139bf6356687dc98bc7c39ec78,4039a31891b5637f4198ad78f79d97e89aa97f4ccd6efa5779b14c5b4203059e,0.0003,0.0001,0.003,0.001,last,metric_contract_v1.2,c38b09694be88aa74de0741b39e9d3ba0d6ff61a,35a1a66f78dfd6255c4d804586ee6863969be78d21acec5cd0ccf00476ddaa5c,f80984d28ef9a7550633fb3aea514f783f3db1fa655a6d3f49850b10857e6afc,float64,fpr95,ood_metric/fpr95_id_tpr,OOD-4,primary,down,id_train,id_test_vs_mnist,detector_declared,detector/relative_mahalanobis_pp,mnist,0.023571428571428577,-0.12755714285714292,-0.10444285714285706,-0.06947619047619047,0.08140615522700688,-0.069476 ± 0.081406
C4,adam,adamw,optimizer_a_minus_optimizer_b_seed_matched,3e2bac6d488d016b4c0a216c6e210e16bcc4ca139bf6356687dc98bc7c39ec78,4039a31891b5637f4198ad78f79d97e89aa97f4ccd6efa5779b14c5b4203059e,0.0003,0.0001,0.003,0.001,last,metric_contract_v1.2,c38b09694be88aa74de0741b39e9d3ba0d6ff61a,35a1a66f78dfd6255c4d804586ee6863969be78d21acec5cd0ccf00476ddaa5c,f80984d28ef9a7550633fb3aea514f783f3db1fa655a6d3f49850b10857e6afc,float64,aupr_in,ood_metric/aupr_in_openood_auc,OOD-2,primary,up,id_train,id_test_vs_mnist,detector_declared,detector/relative_mahalanobis_pp,mnist,0.1143770324217539,0.07083948141912078,0.04607886367218983,0.0770984591710215,0.03457659707822726,0.077098 ± 0.034577
C4,adam,adamw,optimizer_a_minus_optimizer_b_seed_matched,3e2bac6d488d016b4c0a216c6e210e16bcc4ca139bf6356687dc98bc7c39ec78,4039a31891b5637f4198ad78f79d97e89aa97f4ccd6efa5779b14c5b4203059e,0.0003,0.0001,0.003,0.001,last,metric_contract_v1.2,c38b09694be88aa74de0741b39e9d3ba0d6ff61a,35a1a66f78dfd6255c4d804586ee6863969be78d21acec5cd0ccf00476ddaa5c,f80984d28ef9a7550633fb3aea514f783f3db1fa655a6d3f49850b10857e6afc,float64,aupr_out,ood_metric/aupr_out_openood_auc,OOD-3,primary,up,id_train,id_test_vs_mnist,detector_declared,detector/relative_mahalanobis_pp,mnist,0.0018128016206439002,0.008420397260882617,0.006596472384464924,0.0056098904219971475,0.003412490001849896,0.005610 ± 0.003412
C4,adam,adamw,optimizer_a_minus_optimizer_b_seed_matched,3e2bac6d488d016b4c0a216c6e210e16bcc4ca139bf6356687dc98bc7c39ec78,4039a31891b5637f4198ad78f79d97e89aa97f4ccd6efa5779b14c5b4203059e,0.0003,0.0001,0.003,0.001,last,metric_contract_v1.2,c38b09694be88aa74de0741b39e9d3ba0d6ff61a,35a1a66f78dfd6255c4d804586ee6863969be78d21acec5cd0ccf00476ddaa5c,f80984d28ef9a7550633fb3aea514f783f3db1fa655a6d3f49850b10857e6afc,float64,auroc,ood_metric/auroc_id_positive,OOD-1,primary,up,id_train,id_test_vs_mnist,detector_declared,detector/relative_mahalanobis_raw,mnist,0.011831075714285655,0.026198819999999956,0.029483015714285576,0.02250430380952373,0.009388015437363081,0.022504 ± 0.009388
C4,adam,adamw,optimizer_a_minus_optimizer_b_seed_matched,3e2bac6d488d016b4c0a216c6e210e16bcc4ca139bf6356687dc98bc7c39ec78,4039a31891b5637f4198ad78f79d97e89aa97f4ccd6efa5779b14c5b4203059e,0.0003,0.0001,0.003,0.001,last,metric_contract_v1.2,c38b09694be88aa74de0741b39e9d3ba0d6ff61a,35a1a66f78dfd6255c4d804586ee6863969be78d21acec5cd0ccf00476ddaa5c,f80984d28ef9a7550633fb3aea514f783f3db1fa655a6d3f49850b10857e6afc,float64,fpr95,ood_metric/fpr95_id_tpr,OOD-4,primary,down,id_train,id_test_vs_mnist,detector_declared,detector/relative_mahalanobis_raw,mnist,-0.01200000000000001,-0.1454285714285714,-0.14340000000000003,-0.10027619047619048,0.07645615167696906,-0.100276 ± 0.076456
C4,adam,adamw,optimizer_a_minus_optimizer_b_seed_matched,3e2bac6d488d016b4c0a216c6e210e16bcc4ca139bf6356687dc98bc7c39ec78,4039a31891b5637f4198ad78f79d97e89aa97f4ccd6efa5779b14c5b4203059e,0.0003,0.0001,0.003,0.001,last,metric_contract_v1.2,c38b09694be88aa74de0741b39e9d3ba0d6ff61a,35a1a66f78dfd6255c4d804586ee6863969be78d21acec5cd0ccf00476ddaa5c,f80984d28ef9a7550633fb3aea514f783f3db1fa655a6d3f49850b10857e6afc,float64,aupr_in,ood_metric/aupr_in_openood_auc,OOD-2,primary,up,id_train,id_test_vs_mnist,detector_declared,detector/relative_mahalanobis_raw,mnist,0.02658415070009401,0.023003663286701892,0.041364494371439964,0.030317436119411956,0.009733092753443785,0.030317 ± 0.009733
C4,adam,adamw,optimizer_a_minus_optimizer_b_seed_matched,3e2bac6d488d016b4c0a216c6e210e16bcc4ca139bf6356687dc98bc7c39ec78,4039a31891b5637f4198ad78f79d97e89aa97f4ccd6efa5779b14c5b4203059e,0.0003,0.0001,0.003,0.001,last,metric_contract_v1.2,c38b09694be88aa74de0741b39e9d3ba0d6ff61a,35a1a66f78dfd6255c4d804586ee6863969be78d21acec5cd0ccf00476ddaa5c,f80984d28ef9a7550633fb3aea514f783f3db1fa655a6d3f49850b10857e6afc,float64,aupr_out,ood_metric/aupr_out_openood_auc,OOD-3,primary,up,id_train,id_test_vs_mnist,detector_declared,detector/relative_mahalanobis_raw,mnist,0.0018223231246436988,0.007123154678714716,0.008578673843074314,0.0058413838821442425,0.003555878377956022,0.005841 ± 0.003556
C4,adam,adamw,optimizer_a_minus_optimizer_b_seed_matched,3e2bac6d488d016b4c0a216c6e210e16bcc4ca139bf6356687dc98bc7c39ec78,4039a31891b5637f4198ad78f79d97e89aa97f4ccd6efa5779b14c5b4203059e,0.0003,0.0001,0.003,0.001,last,metric_contract_v1.2,c38b09694be88aa74de0741b39e9d3ba0d6ff61a,35a1a66f78dfd6255c4d804586ee6863969be78d21acec5cd0ccf00476ddaa5c,f80984d28ef9a7550633fb3aea514f783f3db1fa655a6d3f49850b10857e6afc,float64,auroc,ood_metric/auroc_id_positive,OOD-1,primary,up,id_train,id_test_vs_mnist,detector_declared,detector/vim_author_dim,mnist,-0.04092488428571439,-0.004756561428571282,-0.006559811428571205,-0.01741375238095229,0.02038119035343536,-0.017414 ± 0.020381
C4,adam,adamw,optimizer_a_minus_optimizer_b_seed_matched,3e2bac6d488d016b4c0a216c6e210e16bcc4ca139bf6356687dc98bc7c39ec78,4039a31891b5637f4198ad78f79d97e89aa97f4ccd6efa5779b14c5b4203059e,0.0003,0.0001,0.003,0.001,last,metric_contract_v1.2,c38b09694be88aa74de0741b39e9d3ba0d6ff61a,35a1a66f78dfd6255c4d804586ee6863969be78d21acec5cd0ccf00476ddaa5c,f80984d28ef9a7550633fb3aea514f783f3db1fa655a6d3f49850b10857e6afc,float64,fpr95,ood_metric/fpr95_id_tpr,OOD-4,primary,down,id_train,id_test_vs_mnist,detector_declared,detector/vim_author_dim,mnist,0.23925714285714283,-0.029314285714285626,0.018328571428571472,0.07609047619047622,0.14330031853599276,0.076090 ± 0.143300
C4,adam,adamw,optimizer_a_minus_optimizer_b_seed_matched,3e2bac6d488d016b4c0a216c6e210e16bcc4ca139bf6356687dc98bc7c39ec78,4039a31891b5637f4198ad78f79d97e89aa97f4ccd6efa5779b14c5b4203059e,0.0003,0.0001,0.003,0.001,last,metric_contract_v1.2,c38b09694be88aa74de0741b39e9d3ba0d6ff61a,35a1a66f78dfd6255c4d804586ee6863969be78d21acec5cd0ccf00476ddaa5c,f80984d28ef9a7550633fb3aea514f783f3db1fa655a6d3f49850b10857e6afc,float64,aupr_in,ood_metric/aupr_in_openood_auc,OOD-2,primary,up,id_train,id_test_vs_mnist,detector_declared,detector/vim_author_dim,mnist,-0.07088150931457904,-0.04173280717110417,-0.017153934954827643,-0.04325608381350362,0.026896158469986258,-0.043256 ± 0.026896
C4,adam,adamw,optimizer_a_minus_optimizer_b_seed_matched,3e2bac6d488d016b4c0a216c6e210e16bcc4ca139bf6356687dc98bc7c39ec78,4039a31891b5637f4198ad78f79d97e89aa97f4ccd6efa5779b14c5b4203059e,0.0003,0.0001,0.003,0.001,last,metric_contract_v1.2,c38b09694be88aa74de0741b39e9d3ba0d6ff61a,35a1a66f78dfd6255c4d804586ee6863969be78d21acec5cd0ccf00476ddaa5c,f80984d28ef9a7550633fb3aea514f783f3db1fa655a6d3f49850b10857e6afc,float64,aupr_out,ood_metric/aupr_out_openood_auc,OOD-3,primary,up,id_train,id_test_vs_mnist,detector_declared,detector/vim_author_dim,mnist,-0.012600252467225626,0.004490788064377527,-7.710975875085957e-05,-0.0027288580538663196,0.00884871422177885,-0.002729 ± 0.008849
C4,adam,adamw,optimizer_a_minus_optimizer_b_seed_matched,3e2bac6d488d016b4c0a216c6e210e16bcc4ca139bf6356687dc98bc7c39ec78,4039a31891b5637f4198ad78f79d97e89aa97f4ccd6efa5779b14c5b4203059e,0.0003,0.0001,0.003,0.001,last,metric_contract_v1.2,c38b09694be88aa74de0741b39e9d3ba0d6ff61a,35a1a66f78dfd6255c4d804586ee6863969be78d21acec5cd0ccf00476ddaa5c,f80984d28ef9a7550633fb3aea514f783f3db1fa655a6d3f49850b10857e6afc,float64,auroc,ood_metric/auroc_id_positive,OOD-1,primary,up,,id_test_vs_mnist,detector_declared,ood_score/energy_t1,mnist,0.013155230000000073,0.010595394285714321,0.026974537142857247,0.016908387142857213,0.008811000033362201,0.016908 ± 0.008811
C4,adam,adamw,optimizer_a_minus_optimizer_b_seed_matched,3e2bac6d488d016b4c0a216c6e210e16bcc4ca139bf6356687dc98bc7c39ec78,4039a31891b5637f4198ad78f79d97e89aa97f4ccd6efa5779b14c5b4203059e,0.0003,0.0001,0.003,0.001,last,metric_contract_v1.2,c38b09694be88aa74de0741b39e9d3ba0d6ff61a,35a1a66f78dfd6255c4d804586ee6863969be78d21acec5cd0ccf00476ddaa5c,f80984d28ef9a7550633fb3aea514f783f3db1fa655a6d3f49850b10857e6afc,float64,fpr95,ood_metric/fpr95_id_tpr,OOD-4,primary,down,,id_test_vs_mnist,detector_declared,ood_score/energy_t1,mnist,-0.1097285714285714,-0.11687142857142857,-0.21357142857142858,-0.1467238095238095,0.058001795069571066,-0.146724 ± 0.058002
C4,adam,adamw,optimizer_a_minus_optimizer_b_seed_matched,3e2bac6d488d016b4c0a216c6e210e16bcc4ca139bf6356687dc98bc7c39ec78,4039a31891b5637f4198ad78f79d97e89aa97f4ccd6efa5779b14c5b4203059e,0.0003,0.0001,0.003,0.001,last,metric_contract_v1.2,c38b09694be88aa74de0741b39e9d3ba0d6ff61a,35a1a66f78dfd6255c4d804586ee6863969be78d21acec5cd0ccf00476ddaa5c,f80984d28ef9a7550633fb3aea514f783f3db1fa655a6d3f49850b10857e6afc,float64,aupr_in,ood_metric/aupr_in_openood_auc,OOD-2,primary,up,,id_test_vs_mnist,detector_declared,ood_score/energy_t1,mnist,0.018313393693530244,-0.007097179276796317,0.04691016344689769,0.019375459287877206,0.027019331126318758,0.019375 ± 0.027019
C4,adam,adamw,optimizer_a_minus_optimizer_b_seed_matched,3e2bac6d488d016b4c0a216c6e210e16bcc4ca139bf6356687dc98bc7c39ec78,4039a31891b5637f4198ad78f79d97e89aa97f4ccd6efa5779b14c5b4203059e,0.0003,0.0001,0.003,0.001,last,metric_contract_v1.2,c38b09694be88aa74de0741b39e9d3ba0d6ff61a,35a1a66f78dfd6255c4d804586ee6863969be78d21acec5cd0ccf00476ddaa5c,f80984d28ef9a7550633fb3aea514f783f3db1fa655a6d3f49850b10857e6afc,float64,aupr_out,ood_metric/aupr_out_openood_auc,OOD-3,primary,up,,id_test_vs_mnist,detector_declared,ood_score/energy_t1,mnist,0.005767772062658216,0.00608979707194135,0.007735965214360929,0.006531178116320165,0.001055726759325094,0.006531 ± 0.001056
C4,adam,adamw,optimizer_a_minus_optimizer_b_seed_matched,3e2bac6d488d016b4c0a216c6e210e16bcc4ca139bf6356687dc98bc7c39ec78,4039a31891b5637f4198ad78f79d97e89aa97f4ccd6efa5779b14c5b4203059e,0.0003,0.0001,0.003,0.001,last,metric_contract_v1.2,c38b09694be88aa74de0741b39e9d3ba0d6ff61a,35a1a66f78dfd6255c4d804586ee6863969be78d21acec5cd0ccf00476ddaa5c,f80984d28ef9a7550633fb3aea514f783f3db1fa655a6d3f49850b10857e6afc,float64,auroc,ood_metric/auroc_id_positive,OOD-1,primary,up,,id_test_vs_mnist,detector_declared,ood_score/max_logit,mnist,0.012369051428571476,0.0099221028571429,0.026541110000000145,0.01627742142857151,0.008972422562845568,0.016277 ± 0.008972
C4,adam,adamw,optimizer_a_minus_optimizer_b_seed_matched,3e2bac6d488d016b4c0a216c6e210e16bcc4ca139bf6356687dc98bc7c39ec78,4039a31891b5637f4198ad78f79d97e89aa97f4ccd6efa5779b14c5b4203059e,0.0003,0.0001,0.003,0.001,last,metric_contract_v1.2,c38b09694be88aa74de0741b39e9d3ba0d6ff61a,35a1a66f78dfd6255c4d804586ee6863969be78d21acec5cd0ccf00476ddaa5c,f80984d28ef9a7550633fb3aea514f783f3db1fa655a6d3f49850b10857e6afc,float64,fpr95,ood_metric/fpr95_id_tpr,OOD-4,primary,down,,id_test_vs_mnist,detector_declared,ood_score/max_logit,mnist,-0.10202857142857147,-0.11351428571428573,-0.21139999999999998,-0.14231428571428573,0.06010496940302666,-0.142314 ± 0.060105
C4,adam,adamw,optimizer_a_minus_optimizer_b_seed_matched,3e2bac6d488d016b4c0a216c6e210e16bcc4ca139bf6356687dc98bc7c39ec78,4039a31891b5637f4198ad78f79d97e89aa97f4ccd6efa5779b14c5b4203059e,0.0003,0.0001,0.003,0.001,last,metric_contract_v1.2,c38b09694be88aa74de0741b39e9d3ba0d6ff61a,35a1a66f78dfd6255c4d804586ee6863969be78d21acec5cd0ccf00476ddaa5c,f80984d28ef9a7550633fb3aea514f783f3db1fa655a6d3f49850b10857e6afc,float64,aupr_in,ood_metric/aupr_in_openood_auc,OOD-2,primary,up,,id_test_vs_mnist,detector_declared,ood_score/max_logit,mnist,0.017714824392467632,-0.007595505348960696,0.046403084148261886,0.01884080106392294,0.02701689812915031,0.018841 ± 0.027017
C4,adam,adamw,optimizer_a_minus_optimizer_b_seed_matched,3e2bac6d488d016b4c0a216c6e210e16bcc4ca139bf6356687dc98bc7c39ec78,4039a31891b5637f4198ad78f79d97e89aa97f4ccd6efa5779b14c5b4203059e,0.0003,0.0001,0.003,0.001,last,metric_contract_v1.2,c38b09694be88aa74de0741b39e9d3ba0d6ff61a,35a1a66f78dfd6255c4d804586ee6863969be78d21acec5cd0ccf00476ddaa5c,f80984d28ef9a7550633fb3aea514f783f3db1fa655a6d3f49850b10857e6afc,float64,aupr_out,ood_metric/aupr_out_openood_auc,OOD-3,primary,up,,id_test_vs_mnist,detector_declared,ood_score/max_logit,mnist,0.005341950647659077,0.00574446498102843,0.0075956849704423846,0.006227366866376631,0.0012019672510420233,0.006227 ± 0.001202
C4,adam,adamw,optimizer_a_minus_optimizer_b_seed_matched,3e2bac6d488d016b4c0a216c6e210e16bcc4ca139bf6356687dc98bc7c39ec78,4039a31891b5637f4198ad78f79d97e89aa97f4ccd6efa5779b14c5b4203059e,0.0003,0.0001,0.003,0.001,last,metric_contract_v1.2,c38b09694be88aa74de0741b39e9d3ba0d6ff61a,35a1a66f78dfd6255c4d804586ee6863969be78d21acec5cd0ccf00476ddaa5c,f80984d28ef9a7550633fb3aea514f783f3db1fa655a6d3f49850b10857e6afc,float64,auroc,ood_metric/auroc_id_positive,OOD-1,primary,up,,id_test_vs_mnist,detector_declared,ood_score/msp,mnist,-0.0016537814285714214,-0.002745795000000162,0.022690775714285683,0.006097066428571367,0.014380942747405237,0.006097 ± 0.014381
C4,adam,adamw,optimizer_a_minus_optimizer_b_seed_matched,3e2bac6d488d016b4c0a216c6e210e16bcc4ca139bf6356687dc98bc7c39ec78,4039a31891b5637f4198ad78f79d97e89aa97f4ccd6efa5779b14c5b4203059e,0.0003,0.0001,0.003,0.001,last,metric_contract_v1.2,c38b09694be88aa74de0741b39e9d3ba0d6ff61a,35a1a66f78dfd6255c4d804586ee6863969be78d21acec5cd0ccf00476ddaa5c,f80984d28ef9a7550633fb3aea514f783f3db1fa655a6d3f49850b10857e6afc,float64,fpr95,ood_metric/fpr95_id_tpr,OOD-4,primary,down,,id_test_vs_mnist,detector_declared,ood_score/msp,mnist,-0.005314285714285716,-0.012028571428571389,-0.15241428571428572,-0.056585714285714274,0.08305785173416105,-0.056586 ± 0.083058
C4,adam,adamw,optimizer_a_minus_optimizer_b_seed_matched,3e2bac6d488d016b4c0a216c6e210e16bcc4ca139bf6356687dc98bc7c39ec78,4039a31891b5637f4198ad78f79d97e89aa97f4ccd6efa5779b14c5b4203059e,0.0003,0.0001,0.003,0.001,last,metric_contract_v1.2,c38b09694be88aa74de0741b39e9d3ba0d6ff61a,35a1a66f78dfd6255c4d804586ee6863969be78d21acec5cd0ccf00476ddaa5c,f80984d28ef9a7550633fb3aea514f783f3db1fa655a6d3f49850b10857e6afc,float64,aupr_in,ood_metric/aupr_in_openood_auc,OOD-2,primary,up,,id_test_vs_mnist,detector_declared,ood_score/msp,mnist,-0.004040214986163249,-0.025238281925903605,0.03820289032766577,0.0029747978051996395,0.03229711113356742,0.002975 ± 0.032297
C4,adam,adamw,optimizer_a_minus_optimizer_b_seed_matched,3e2bac6d488d016b4c0a216c6e210e16bcc4ca139bf6356687dc98bc7c39ec78,4039a31891b5637f4198ad78f79d97e89aa97f4ccd6efa5779b14c5b4203059e,0.0003,0.0001,0.003,0.001,last,metric_contract_v1.2,c38b09694be88aa74de0741b39e9d3ba0d6ff61a,35a1a66f78dfd6255c4d804586ee6863969be78d21acec5cd0ccf00476ddaa5c,f80984d28ef9a7550633fb3aea514f783f3db1fa655a6d3f49850b10857e6afc,float64,aupr_out,ood_metric/aupr_out_openood_auc,OOD-3,primary,up,,id_test_vs_mnist,detector_declared,ood_score/msp,mnist,-0.0007942644558681655,0.00032666268168968227,0.006530499575190918,0.0020209659336708117,0.003945382067674764,0.002021 ± 0.003945
