definition_version,evaluation_git_sha,inventory_hash,dataset_policy_hash,config_hash,checkpoint_role,artifact_key,formula_id,reporting_tier,direction,fit_split,query_split,transform,detector,ood_dataset,ood_group,class_index,statistic,quantile_probability,sample_count,role,optimizer,lr,weight_decay,value,training_seed,checkpoint_sha256,completed_epoch
metric_contract_v1.2,c38b09694be88aa74de0741b39e9d3ba0d6ff61a,,,188f2e248d512bb338cd5c33c140337ac59206948aa209631ca797a09d4b9eb2,last,analysis/angular_control_gap_ctm_ncp,OOD-7,exploratory,descriptive,id_train,id_test_vs_tin,paired_auroc_difference,,tin,,,,,17793,C1,sgd,0.1,0.0005,0.005205184139612462,0,e8e42ed60d71a3d0f0a1486171bf165e80d43f9c2ccc63afff94b6738f6a3347,200
metric_contract_v1.2,c38b09694be88aa74de0741b39e9d3ba0d6ff61a,,,188f2e248d512bb338cd5c33c140337ac59206948aa209631ca797a09d4b9eb2,last,analysis/restoration_gap_mahalanobis,OOD-7,exploratory,descriptive,id_train,id_test_vs_tin,paired_auroc_difference,,tin,,,,,17793,C1,sgd,0.1,0.0005,0.014445104581034207,0,e8e42ed60d71a3d0f0a1486171bf165e80d43f9c2ccc63afff94b6738f6a3347,200
metric_contract_v1.2,c38b09694be88aa74de0741b39e9d3ba0d6ff61a,,,188f2e248d512bb338cd5c33c140337ac59206948aa209631ca797a09d4b9eb2,last,analysis/restoration_gap_relative_mahalanobis,OOD-7,exploratory,descriptive,id_train,id_test_vs_tin,paired_auroc_difference,,tin,,,,,17793,C1,sgd,0.1,0.0005,0.0027613114333375766,0,e8e42ed60d71a3d0f0a1486171bf165e80d43f9c2ccc63afff94b6738f6a3347,200
metric_contract_v1.2,c38b09694be88aa74de0741b39e9d3ba0d6ff61a,,,188f2e248d512bb338cd5c33c140337ac59206948aa209631ca797a09d4b9eb2,last,ood_metric/ap_in,OOD-2,appendix,up,id_train,id_test_vs_tin,detector_declared,detector/ctm_prototype_cosine,tin,near,,,,17793,C1,sgd,0.1,0.0005,0.9338298911096062,0,e8e42ed60d71a3d0f0a1486171bf165e80d43f9c2ccc63afff94b6738f6a3347,200
metric_contract_v1.2,c38b09694be88aa74de0741b39e9d3ba0d6ff61a,,,188f2e248d512bb338cd5c33c140337ac59206948aa209631ca797a09d4b9eb2,last,ood_metric/ap_in,OOD-2,appendix,up,id_train,id_test_vs_tin,detector_declared,detector/gda_class_density,tin,near,,,,17793,C1,sgd,0.1,0.0005,0.9467589424654766,0,e8e42ed60d71a3d0f0a1486171bf165e80d43f9c2ccc63afff94b6738f6a3347,200
metric_contract_v1.2,c38b09694be88aa74de0741b39e9d3ba0d6ff61a,,,188f2e248d512bb338cd5c33c140337ac59206948aa209631ca797a09d4b9eb2,last,ood_metric/ap_in,OOD-2,appendix,up,id_train,id_test_vs_tin,detector_declared,detector/knn_l2_k50,tin,near,,,,17793,C1,sgd,0.1,0.0005,0.9442405955656307,0,e8e42ed60d71a3d0f0a1486171bf165e80d43f9c2ccc63afff94b6738f6a3347,200
metric_contract_v1.2,c38b09694be88aa74de0741b39e9d3ba0d6ff61a,,,188f2e248d512bb338cd5c33c140337ac59206948aa209631ca797a09d4b9eb2,last,ood_metric/ap_in,OOD-2,appendix,up,id_train,id_test_vs_tin,detector_declared,detector/mahalanobis_pp,tin,near,,,,17793,C1,sgd,0.1,0.0005,0.9234898682985943,0,e8e42ed60d71a3d0f0a1486171bf165e80d43f9c2ccc63afff94b6738f6a3347,200
metric_contract_v1.2,c38b09694be88aa74de0741b39e9d3ba0d6ff61a,,,188f2e248d512bb338cd5c33c140337ac59206948aa209631ca797a09d4b9eb2,last,ood_metric/ap_in,OOD-2,appendix,up,id_train,id_test_vs_tin,detector_declared,detector/mahalanobis_raw,tin,near,,,,17793,C1,sgd,0.1,0.0005,0.9147283395337983,0,e8e42ed60d71a3d0f0a1486171bf165e80d43f9c2ccc63afff94b6738f6a3347,200
metric_contract_v1.2,c38b09694be88aa74de0741b39e9d3ba0d6ff61a,,,188f2e248d512bb338cd5c33c140337ac59206948aa209631ca797a09d4b9eb2,last,ood_metric/ap_in,OOD-2,appendix,up,id_train,id_test_vs_tin,detector_declared,detector/marginal_mahalanobis_raw,tin,near,,,,17793,C1,sgd,0.1,0.0005,0.8760449915408761,0,e8e42ed60d71a3d0f0a1486171bf165e80d43f9c2ccc63afff94b6738f6a3347,200
metric_contract_v1.2,c38b09694be88aa74de0741b39e9d3ba0d6ff61a,,,188f2e248d512bb338cd5c33c140337ac59206948aa209631ca797a09d4b9eb2,last,ood_metric/ap_in,OOD-2,appendix,up,id_train,id_test_vs_tin,detector_declared,detector/ncp_euclidean_raw,tin,near,,,,17793,C1,sgd,0.1,0.0005,0.9294181636642266,0,e8e42ed60d71a3d0f0a1486171bf165e80d43f9c2ccc63afff94b6738f6a3347,200
metric_contract_v1.2,c38b09694be88aa74de0741b39e9d3ba0d6ff61a,,,188f2e248d512bb338cd5c33c140337ac59206948aa209631ca797a09d4b9eb2,last,ood_metric/ap_in,OOD-2,appendix,up,id_train,id_test_vs_tin,detector_declared,detector/neco_author_std_dim100,tin,near,,,,17793,C1,sgd,0.1,0.0005,0.9159392362687031,0,e8e42ed60d71a3d0f0a1486171bf165e80d43f9c2ccc63afff94b6738f6a3347,200
metric_contract_v1.2,c38b09694be88aa74de0741b39e9d3ba0d6ff61a,,,188f2e248d512bb338cd5c33c140337ac59206948aa209631ca797a09d4b9eb2,last,ood_metric/ap_in,OOD-2,appendix,up,id_train,id_test_vs_tin,detector_declared,detector/relative_mahalanobis_pp,tin,near,,,,17793,C1,sgd,0.1,0.0005,0.9384922364711513,0,e8e42ed60d71a3d0f0a1486171bf165e80d43f9c2ccc63afff94b6738f6a3347,200
metric_contract_v1.2,c38b09694be88aa74de0741b39e9d3ba0d6ff61a,,,188f2e248d512bb338cd5c33c140337ac59206948aa209631ca797a09d4b9eb2,last,ood_metric/ap_in,OOD-2,appendix,up,id_train,id_test_vs_tin,detector_declared,detector/relative_mahalanobis_raw,tin,near,,,,17793,C1,sgd,0.1,0.0005,0.9334925841307997,0,e8e42ed60d71a3d0f0a1486171bf165e80d43f9c2ccc63afff94b6738f6a3347,200
metric_contract_v1.2,c38b09694be88aa74de0741b39e9d3ba0d6ff61a,,,188f2e248d512bb338cd5c33c140337ac59206948aa209631ca797a09d4b9eb2,last,ood_metric/ap_in,OOD-2,appendix,up,id_train,id_test_vs_tin,detector_declared,detector/vim_author_dim,tin,near,,,,17793,C1,sgd,0.1,0.0005,0.9341245370908878,0,e8e42ed60d71a3d0f0a1486171bf165e80d43f9c2ccc63afff94b6738f6a3347,200
metric_contract_v1.2,c38b09694be88aa74de0741b39e9d3ba0d6ff61a,,,188f2e248d512bb338cd5c33c140337ac59206948aa209631ca797a09d4b9eb2,last,ood_metric/ap_in,OOD-2,appendix,up,id_train,id_test_vs_tin,detector_declared,detector/vim_dim128,tin,near,,,,17793,C1,sgd,0.1,0.0005,0.9299347226272239,0,e8e42ed60d71a3d0f0a1486171bf165e80d43f9c2ccc63afff94b6738f6a3347,200
metric_contract_v1.2,c38b09694be88aa74de0741b39e9d3ba0d6ff61a,,,188f2e248d512bb338cd5c33c140337ac59206948aa209631ca797a09d4b9eb2,last,ood_metric/ap_in,OOD-2,appendix,up,id_train,id_test_vs_tin,detector_declared,detector/vim_dim256,tin,near,,,,17793,C1,sgd,0.1,0.0005,0.9339479564927617,0,e8e42ed60d71a3d0f0a1486171bf165e80d43f9c2ccc63afff94b6738f6a3347,200
metric_contract_v1.2,c38b09694be88aa74de0741b39e9d3ba0d6ff61a,,,188f2e248d512bb338cd5c33c140337ac59206948aa209631ca797a09d4b9eb2,last,ood_metric/ap_in,OOD-2,appendix,up,id_train,id_test_vs_tin,detector_declared,detector/vim_dim320,tin,near,,,,17793,C1,sgd,0.1,0.0005,0.9341245370908878,0,e8e42ed60d71a3d0f0a1486171bf165e80d43f9c2ccc63afff94b6738f6a3347,200
metric_contract_v1.2,c38b09694be88aa74de0741b39e9d3ba0d6ff61a,,,188f2e248d512bb338cd5c33c140337ac59206948aa209631ca797a09d4b9eb2,last,ood_metric/ap_in,OOD-2,appendix,up,id_train,id_test_vs_tin,detector_declared,detector/vim_dim64,tin,near,,,,17793,C1,sgd,0.1,0.0005,0.9298504974242646,0,e8e42ed60d71a3d0f0a1486171bf165e80d43f9c2ccc63afff94b6738f6a3347,200
metric_contract_v1.2,c38b09694be88aa74de0741b39e9d3ba0d6ff61a,,,188f2e248d512bb338cd5c33c140337ac59206948aa209631ca797a09d4b9eb2,last,ood_metric/ap_in,OOD-2,appendix,up,id_train,id_test_vs_tin,detector_declared,detector/weight_cosine_appendix,tin,near,,,,17793,C1,sgd,0.1,0.0005,0.9385257170378833,0,e8e42ed60d71a3d0f0a1486171bf165e80d43f9c2ccc63afff94b6738f6a3347,200
metric_contract_v1.2,c38b09694be88aa74de0741b39e9d3ba0d6ff61a,,,188f2e248d512bb338cd5c33c140337ac59206948aa209631ca797a09d4b9eb2,last,ood_metric/ap_in,OOD-2,appendix,up,,id_test_vs_tin,detector_declared,ood_score/energy_t1,tin,near,,,,17793,C1,sgd,0.1,0.0005,0.9014623407664056,0,e8e42ed60d71a3d0f0a1486171bf165e80d43f9c2ccc63afff94b6738f6a3347,200
metric_contract_v1.2,c38b09694be88aa74de0741b39e9d3ba0d6ff61a,,,188f2e248d512bb338cd5c33c140337ac59206948aa209631ca797a09d4b9eb2,last,ood_metric/ap_in,OOD-2,appendix,up,,id_test_vs_tin,detector_declared,ood_score/max_logit,tin,near,,,,17793,C1,sgd,0.1,0.0005,0.9011777948875852,0,e8e42ed60d71a3d0f0a1486171bf165e80d43f9c2ccc63afff94b6738f6a3347,200
metric_contract_v1.2,c38b09694be88aa74de0741b39e9d3ba0d6ff61a,,,188f2e248d512bb338cd5c33c140337ac59206948aa209631ca797a09d4b9eb2,last,ood_metric/ap_in,OOD-2,appendix,up,,id_test_vs_tin,detector_declared,ood_score/msp,tin,near,,,,17793,C1,sgd,0.1,0.0005,0.9140767040937319,0,e8e42ed60d71a3d0f0a1486171bf165e80d43f9c2ccc63afff94b6738f6a3347,200
metric_contract_v1.2,c38b09694be88aa74de0741b39e9d3ba0d6ff61a,,,188f2e248d512bb338cd5c33c140337ac59206948aa209631ca797a09d4b9eb2,last,ood_metric/ap_out,OOD-3,appendix,up,id_train,id_test_vs_tin,detector_declared,detector/ctm_prototype_cosine,tin,near,,,,17793,C1,sgd,0.1,0.0005,0.8791550820073422,0,e8e42ed60d71a3d0f0a1486171bf165e80d43f9c2ccc63afff94b6738f6a3347,200
metric_contract_v1.2,c38b09694be88aa74de0741b39e9d3ba0d6ff61a,,,188f2e248d512bb338cd5c33c140337ac59206948aa209631ca797a09d4b9eb2,last,ood_metric/ap_out,OOD-3,appendix,up,id_train,id_test_vs_tin,detector_declared,detector/gda_class_density,tin,near,,,,17793,C1,sgd,0.1,0.0005,0.891196852002044,0,e8e42ed60d71a3d0f0a1486171bf165e80d43f9c2ccc63afff94b6738f6a3347,200
metric_contract_v1.2,c38b09694be88aa74de0741b39e9d3ba0d6ff61a,,,188f2e248d512bb338cd5c33c140337ac59206948aa209631ca797a09d4b9eb2,last,ood_metric/ap_out,OOD-3,appendix,up,id_train,id_test_vs_tin,detector_declared,detector/knn_l2_k50,tin,near,,,,17793,C1,sgd,0.1,0.0005,0.8936883368360911,0,e8e42ed60d71a3d0f0a1486171bf165e80d43f9c2ccc63afff94b6738f6a3347,200
metric_contract_v1.2,c38b09694be88aa74de0741b39e9d3ba0d6ff61a,,,188f2e248d512bb338cd5c33c140337ac59206948aa209631ca797a09d4b9eb2,last,ood_metric/ap_out,OOD-3,appendix,up,id_train,id_test_vs_tin,detector_declared,detector/mahalanobis_pp,tin,near,,,,17793,C1,sgd,0.1,0.0005,0.8679150157673199,0,e8e42ed60d71a3d0f0a1486171bf165e80d43f9c2ccc63afff94b6738f6a3347,200
metric_contract_v1.2,c38b09694be88aa74de0741b39e9d3ba0d6ff61a,,,188f2e248d512bb338cd5c33c140337ac59206948aa209631ca797a09d4b9eb2,last,ood_metric/ap_out,OOD-3,appendix,up,id_train,id_test_vs_tin,detector_declared,detector/mahalanobis_raw,tin,near,,,,17793,C1,sgd,0.1,0.0005,0.8423961599069434,0,e8e42ed60d71a3d0f0a1486171bf165e80d43f9c2ccc63afff94b6738f6a3347,200
metric_contract_v1.2,c38b09694be88aa74de0741b39e9d3ba0d6ff61a,,,188f2e248d512bb338cd5c33c140337ac59206948aa209631ca797a09d4b9eb2,last,ood_metric/ap_out,OOD-3,appendix,up,id_train,id_test_vs_tin,detector_declared,detector/marginal_mahalanobis_raw,tin,near,,,,17793,C1,sgd,0.1,0.0005,0.7633586167553199,0,e8e42ed60d71a3d0f0a1486171bf165e80d43f9c2ccc63afff94b6738f6a3347,200
metric_contract_v1.2,c38b09694be88aa74de0741b39e9d3ba0d6ff61a,,,188f2e248d512bb338cd5c33c140337ac59206948aa209631ca797a09d4b9eb2,last,ood_metric/ap_out,OOD-3,appendix,up,id_train,id_test_vs_tin,detector_declared,detector/ncp_euclidean_raw,tin,near,,,,17793,C1,sgd,0.1,0.0005,0.8680194363110602,0,e8e42ed60d71a3d0f0a1486171bf165e80d43f9c2ccc63afff94b6738f6a3347,200
metric_contract_v1.2,c38b09694be88aa74de0741b39e9d3ba0d6ff61a,,,188f2e248d512bb338cd5c33c140337ac59206948aa209631ca797a09d4b9eb2,last,ood_metric/ap_out,OOD-3,appendix,up,id_train,id_test_vs_tin,detector_declared,detector/neco_author_std_dim100,tin,near,,,,17793,C1,sgd,0.1,0.0005,0.8635953214880372,0,e8e42ed60d71a3d0f0a1486171bf165e80d43f9c2ccc63afff94b6738f6a3347,200
metric_contract_v1.2,c38b09694be88aa74de0741b39e9d3ba0d6ff61a,,,188f2e248d512bb338cd5c33c140337ac59206948aa209631ca797a09d4b9eb2,last,ood_metric/ap_out,OOD-3,appendix,up,id_train,id_test_vs_tin,detector_declared,detector/relative_mahalanobis_pp,tin,near,,,,17793,C1,sgd,0.1,0.0005,0.88170423892349,0,e8e42ed60d71a3d0f0a1486171bf165e80d43f9c2ccc63afff94b6738f6a3347,200
metric_contract_v1.2,c38b09694be88aa74de0741b39e9d3ba0d6ff61a,,,188f2e248d512bb338cd5c33c140337ac59206948aa209631ca797a09d4b9eb2,last,ood_metric/ap_out,OOD-3,appendix,up,id_train,id_test_vs_tin,detector_declared,detector/relative_mahalanobis_raw,tin,near,,,,17793,C1,sgd,0.1,0.0005,0.8822078712371002,0,e8e42ed60d71a3d0f0a1486171bf165e80d43f9c2ccc63afff94b6738f6a3347,200
metric_contract_v1.2,c38b09694be88aa74de0741b39e9d3ba0d6ff61a,,,188f2e248d512bb338cd5c33c140337ac59206948aa209631ca797a09d4b9eb2,last,ood_metric/ap_out,OOD-3,appendix,up,id_train,id_test_vs_tin,detector_declared,detector/vim_author_dim,tin,near,,,,17793,C1,sgd,0.1,0.0005,0.8879582482822062,0,e8e42ed60d71a3d0f0a1486171bf165e80d43f9c2ccc63afff94b6738f6a3347,200
metric_contract_v1.2,c38b09694be88aa74de0741b39e9d3ba0d6ff61a,,,188f2e248d512bb338cd5c33c140337ac59206948aa209631ca797a09d4b9eb2,last,ood_metric/ap_out,OOD-3,appendix,up,id_train,id_test_vs_tin,detector_declared,detector/vim_dim128,tin,near,,,,17793,C1,sgd,0.1,0.0005,0.889314156565775,0,e8e42ed60d71a3d0f0a1486171bf165e80d43f9c2ccc63afff94b6738f6a3347,200
metric_contract_v1.2,c38b09694be88aa74de0741b39e9d3ba0d6ff61a,,,188f2e248d512bb338cd5c33c140337ac59206948aa209631ca797a09d4b9eb2,last,ood_metric/ap_out,OOD-3,appendix,up,id_train,id_test_vs_tin,detector_declared,detector/vim_dim256,tin,near,,,,17793,C1,sgd,0.1,0.0005,0.8880403167245222,0,e8e42ed60d71a3d0f0a1486171bf165e80d43f9c2ccc63afff94b6738f6a3347,200
metric_contract_v1.2,c38b09694be88aa74de0741b39e9d3ba0d6ff61a,,,188f2e248d512bb338cd5c33c140337ac59206948aa209631ca797a09d4b9eb2,last,ood_metric/ap_out,OOD-3,appendix,up,id_train,id_test_vs_tin,detector_declared,detector/vim_dim320,tin,near,,,,17793,C1,sgd,0.1,0.0005,0.8879582482822062,0,e8e42ed60d71a3d0f0a1486171bf165e80d43f9c2ccc63afff94b6738f6a3347,200
metric_contract_v1.2,c38b09694be88aa74de0741b39e9d3ba0d6ff61a,,,188f2e248d512bb338cd5c33c140337ac59206948aa209631ca797a09d4b9eb2,last,ood_metric/ap_out,OOD-3,appendix,up,id_train,id_test_vs_tin,detector_declared,detector/vim_dim64,tin,near,,,,17793,C1,sgd,0.1,0.0005,0.8952751127663635,0,e8e42ed60d71a3d0f0a1486171bf165e80d43f9c2ccc63afff94b6738f6a3347,200
metric_contract_v1.2,c38b09694be88aa74de0741b39e9d3ba0d6ff61a,,,188f2e248d512bb338cd5c33c140337ac59206948aa209631ca797a09d4b9eb2,last,ood_metric/ap_out,OOD-3,appendix,up,id_train,id_test_vs_tin,detector_declared,detector/weight_cosine_appendix,tin,near,,,,17793,C1,sgd,0.1,0.0005,0.8927452602767083,0,e8e42ed60d71a3d0f0a1486171bf165e80d43f9c2ccc63afff94b6738f6a3347,200
metric_contract_v1.2,c38b09694be88aa74de0741b39e9d3ba0d6ff61a,,,188f2e248d512bb338cd5c33c140337ac59206948aa209631ca797a09d4b9eb2,last,ood_metric/ap_out,OOD-3,appendix,up,,id_test_vs_tin,detector_declared,ood_score/energy_t1,tin,near,,,,17793,C1,sgd,0.1,0.0005,0.8807745721147661,0,e8e42ed60d71a3d0f0a1486171bf165e80d43f9c2ccc63afff94b6738f6a3347,200
metric_contract_v1.2,c38b09694be88aa74de0741b39e9d3ba0d6ff61a,,,188f2e248d512bb338cd5c33c140337ac59206948aa209631ca797a09d4b9eb2,last,ood_metric/ap_out,OOD-3,appendix,up,,id_test_vs_tin,detector_declared,ood_score/max_logit,tin,near,,,,17793,C1,sgd,0.1,0.0005,0.878720025762338,0,e8e42ed60d71a3d0f0a1486171bf165e80d43f9c2ccc63afff94b6738f6a3347,200
metric_contract_v1.2,c38b09694be88aa74de0741b39e9d3ba0d6ff61a,,,188f2e248d512bb338cd5c33c140337ac59206948aa209631ca797a09d4b9eb2,last,ood_metric/ap_out,OOD-3,appendix,up,,id_test_vs_tin,detector_declared,ood_score/msp,tin,near,,,,17793,C1,sgd,0.1,0.0005,0.8503100578774325,0,e8e42ed60d71a3d0f0a1486171bf165e80d43f9c2ccc63afff94b6738f6a3347,200
metric_contract_v1.2,c38b09694be88aa74de0741b39e9d3ba0d6ff61a,,,188f2e248d512bb338cd5c33c140337ac59206948aa209631ca797a09d4b9eb2,last,ood_metric/aupr_in_openood_auc,OOD-2,primary,up,id_train,id_test_vs_tin,detector_declared,detector/ctm_prototype_cosine,tin,near,,,,17793,C1,sgd,0.1,0.0005,0.9338246397183487,0,e8e42ed60d71a3d0f0a1486171bf165e80d43f9c2ccc63afff94b6738f6a3347,200
metric_contract_v1.2,c38b09694be88aa74de0741b39e9d3ba0d6ff61a,,,188f2e248d512bb338cd5c33c140337ac59206948aa209631ca797a09d4b9eb2,last,ood_metric/aupr_in_openood_auc,OOD-2,primary,up,id_train,id_test_vs_tin,detector_declared,detector/gda_class_density,tin,near,,,,17793,C1,sgd,0.1,0.0005,0.946755671690336,0,e8e42ed60d71a3d0f0a1486171bf165e80d43f9c2ccc63afff94b6738f6a3347,200
metric_contract_v1.2,c38b09694be88aa74de0741b39e9d3ba0d6ff61a,,,188f2e248d512bb338cd5c33c140337ac59206948aa209631ca797a09d4b9eb2,last,ood_metric/aupr_in_openood_auc,OOD-2,primary,up,id_train,id_test_vs_tin,detector_declared,detector/knn_l2_k50,tin,near,,,,17793,C1,sgd,0.1,0.0005,0.9442373736774075,0,e8e42ed60d71a3d0f0a1486171bf165e80d43f9c2ccc63afff94b6738f6a3347,200
metric_contract_v1.2,c38b09694be88aa74de0741b39e9d3ba0d6ff61a,,,188f2e248d512bb338cd5c33c140337ac59206948aa209631ca797a09d4b9eb2,last,ood_metric/aupr_in_openood_auc,OOD-2,primary,up,id_train,id_test_vs_tin,detector_declared,detector/mahalanobis_pp,tin,near,,,,17793,C1,sgd,0.1,0.0005,0.9234840919215824,0,e8e42ed60d71a3d0f0a1486171bf165e80d43f9c2ccc63afff94b6738f6a3347,200
metric_contract_v1.2,c38b09694be88aa74de0741b39e9d3ba0d6ff61a,,,188f2e248d512bb338cd5c33c140337ac59206948aa209631ca797a09d4b9eb2,last,ood_metric/aupr_in_openood_auc,OOD-2,primary,up,id_train,id_test_vs_tin,detector_declared,detector/mahalanobis_raw,tin,near,,,,17793,C1,sgd,0.1,0.0005,0.9147221409997255,0,e8e42ed60d71a3d0f0a1486171bf165e80d43f9c2ccc63afff94b6738f6a3347,200
metric_contract_v1.2,c38b09694be88aa74de0741b39e9d3ba0d6ff61a,,,188f2e248d512bb338cd5c33c140337ac59206948aa209631ca797a09d4b9eb2,last,ood_metric/aupr_in_openood_auc,OOD-2,primary,up,id_train,id_test_vs_tin,detector_declared,detector/marginal_mahalanobis_raw,tin,near,,,,17793,C1,sgd,0.1,0.0005,0.8760366268186345,0,e8e42ed60d71a3d0f0a1486171bf165e80d43f9c2ccc63afff94b6738f6a3347,200
metric_contract_v1.2,c38b09694be88aa74de0741b39e9d3ba0d6ff61a,,,188f2e248d512bb338cd5c33c140337ac59206948aa209631ca797a09d4b9eb2,last,ood_metric/aupr_in_openood_auc,OOD-2,primary,up,id_train,id_test_vs_tin,detector_declared,detector/ncp_euclidean_raw,tin,near,,,,17793,C1,sgd,0.1,0.0005,0.9294129594836973,0,e8e42ed60d71a3d0f0a1486171bf165e80d43f9c2ccc63afff94b6738f6a3347,200
metric_contract_v1.2,c38b09694be88aa74de0741b39e9d3ba0d6ff61a,,,188f2e248d512bb338cd5c33c140337ac59206948aa209631ca797a09d4b9eb2,last,ood_metric/aupr_in_openood_auc,OOD-2,primary,up,id_train,id_test_vs_tin,detector_declared,detector/neco_author_std_dim100,tin,near,,,,17793,C1,sgd,0.1,0.0005,0.9159323670903324,0,e8e42ed60d71a3d0f0a1486171bf165e80d43f9c2ccc63afff94b6738f6a3347,200
metric_contract_v1.2,c38b09694be88aa74de0741b39e9d3ba0d6ff61a,,,188f2e248d512bb338cd5c33c140337ac59206948aa209631ca797a09d4b9eb2,last,ood_metric/aupr_in_openood_auc,OOD-2,primary,up,id_train,id_test_vs_tin,detector_declared,detector/relative_mahalanobis_pp,tin,near,,,,17793,C1,sgd,0.1,0.0005,0.9384807678882741,0,e8e42ed60d71a3d0f0a1486171bf165e80d43f9c2ccc63afff94b6738f6a3347,200
metric_contract_v1.2,c38b09694be88aa74de0741b39e9d3ba0d6ff61a,,,188f2e248d512bb338cd5c33c140337ac59206948aa209631ca797a09d4b9eb2,last,ood_metric/aupr_in_openood_auc,OOD-2,primary,up,id_train,id_test_vs_tin,detector_declared,detector/relative_mahalanobis_raw,tin,near,,,,17793,C1,sgd,0.1,0.0005,0.9334874479463634,0,e8e42ed60d71a3d0f0a1486171bf165e80d43f9c2ccc63afff94b6738f6a3347,200
metric_contract_v1.2,c38b09694be88aa74de0741b39e9d3ba0d6ff61a,,,188f2e248d512bb338cd5c33c140337ac59206948aa209631ca797a09d4b9eb2,last,ood_metric/aupr_in_openood_auc,OOD-2,primary,up,id_train,id_test_vs_tin,detector_declared,detector/vim_author_dim,tin,near,,,,17793,C1,sgd,0.1,0.0005,0.9341185404239266,0,e8e42ed60d71a3d0f0a1486171bf165e80d43f9c2ccc63afff94b6738f6a3347,200
metric_contract_v1.2,c38b09694be88aa74de0741b39e9d3ba0d6ff61a,,,188f2e248d512bb338cd5c33c140337ac59206948aa209631ca797a09d4b9eb2,last,ood_metric/aupr_in_openood_auc,OOD-2,primary,up,id_train,id_test_vs_tin,detector_declared,detector/vim_dim128,tin,near,,,,17793,C1,sgd,0.1,0.0005,0.9299286689636174,0,e8e42ed60d71a3d0f0a1486171bf165e80d43f9c2ccc63afff94b6738f6a3347,200
metric_contract_v1.2,c38b09694be88aa74de0741b39e9d3ba0d6ff61a,,,188f2e248d512bb338cd5c33c140337ac59206948aa209631ca797a09d4b9eb2,last,ood_metric/aupr_in_openood_auc,OOD-2,primary,up,id_train,id_test_vs_tin,detector_declared,detector/vim_dim256,tin,near,,,,17793,C1,sgd,0.1,0.0005,0.9339421215453487,0,e8e42ed60d71a3d0f0a1486171bf165e80d43f9c2ccc63afff94b6738f6a3347,200
metric_contract_v1.2,c38b09694be88aa74de0741b39e9d3ba0d6ff61a,,,188f2e248d512bb338cd5c33c140337ac59206948aa209631ca797a09d4b9eb2,last,ood_metric/aupr_in_openood_auc,OOD-2,primary,up,id_train,id_test_vs_tin,detector_declared,detector/vim_dim320,tin,near,,,,17793,C1,sgd,0.1,0.0005,0.9341185404239266,0,e8e42ed60d71a3d0f0a1486171bf165e80d43f9c2ccc63afff94b6738f6a3347,200
metric_contract_v1.2,c38b09694be88aa74de0741b39e9d3ba0d6ff61a,,,188f2e248d512bb338cd5c33c140337ac59206948aa209631ca797a09d4b9eb2,last,ood_metric/aupr_in_openood_auc,OOD-2,primary,up,id_train,id_test_vs_tin,detector_declared,detector/vim_dim64,tin,near,,,,17793,C1,sgd,0.1,0.0005,0.929841448402927,0,e8e42ed60d71a3d0f0a1486171bf165e80d43f9c2ccc63afff94b6738f6a3347,200
metric_contract_v1.2,c38b09694be88aa74de0741b39e9d3ba0d6ff61a,,,188f2e248d512bb338cd5c33c140337ac59206948aa209631ca797a09d4b9eb2,last,ood_metric/aupr_in_openood_auc,OOD-2,primary,up,id_train,id_test_vs_tin,detector_declared,detector/weight_cosine_appendix,tin,near,,,,17793,C1,sgd,0.1,0.0005,0.9385217402548385,0,e8e42ed60d71a3d0f0a1486171bf165e80d43f9c2ccc63afff94b6738f6a3347,200
metric_contract_v1.2,c38b09694be88aa74de0741b39e9d3ba0d6ff61a,,,188f2e248d512bb338cd5c33c140337ac59206948aa209631ca797a09d4b9eb2,last,ood_metric/aupr_in_openood_auc,OOD-2,primary,up,,id_test_vs_tin,detector_declared,ood_score/energy_t1,tin,near,,,,17793,C1,sgd,0.1,0.0005,0.9014477733825589,0,e8e42ed60d71a3d0f0a1486171bf165e80d43f9c2ccc63afff94b6738f6a3347,200
metric_contract_v1.2,c38b09694be88aa74de0741b39e9d3ba0d6ff61a,,,188f2e248d512bb338cd5c33c140337ac59206948aa209631ca797a09d4b9eb2,last,ood_metric/aupr_in_openood_auc,OOD-2,primary,up,,id_test_vs_tin,detector_declared,ood_score/max_logit,tin,near,,,,17793,C1,sgd,0.1,0.0005,0.901163290777033,0,e8e42ed60d71a3d0f0a1486171bf165e80d43f9c2ccc63afff94b6738f6a3347,200
metric_contract_v1.2,c38b09694be88aa74de0741b39e9d3ba0d6ff61a,,,188f2e248d512bb338cd5c33c140337ac59206948aa209631ca797a09d4b9eb2,last,ood_metric/aupr_in_openood_auc,OOD-2,primary,up,,id_test_vs_tin,detector_declared,ood_score/msp,tin,near,,,,17793,C1,sgd,0.1,0.0005,0.9140673486124276,0,e8e42ed60d71a3d0f0a1486171bf165e80d43f9c2ccc63afff94b6738f6a3347,200
metric_contract_v1.2,c38b09694be88aa74de0741b39e9d3ba0d6ff61a,,,188f2e248d512bb338cd5c33c140337ac59206948aa209631ca797a09d4b9eb2,last,ood_metric/aupr_out_openood_auc,OOD-3,primary,up,id_train,id_test_vs_tin,detector_declared,detector/ctm_prototype_cosine,tin,near,,,,17793,C1,sgd,0.1,0.0005,0.8791399634951055,0,e8e42ed60d71a3d0f0a1486171bf165e80d43f9c2ccc63afff94b6738f6a3347,200
metric_contract_v1.2,c38b09694be88aa74de0741b39e9d3ba0d6ff61a,,,188f2e248d512bb338cd5c33c140337ac59206948aa209631ca797a09d4b9eb2,last,ood_metric/aupr_out_openood_auc,OOD-3,primary,up,id_train,id_test_vs_tin,detector_declared,detector/gda_class_density,tin,near,,,,17793,C1,sgd,0.1,0.0005,0.8911770695317938,0,e8e42ed60d71a3d0f0a1486171bf165e80d43f9c2ccc63afff94b6738f6a3347,200
metric_contract_v1.2,c38b09694be88aa74de0741b39e9d3ba0d6ff61a,,,188f2e248d512bb338cd5c33c140337ac59206948aa209631ca797a09d4b9eb2,last,ood_metric/aupr_out_openood_auc,OOD-3,primary,up,id_train,id_test_vs_tin,detector_declared,detector/knn_l2_k50,tin,near,,,,17793,C1,sgd,0.1,0.0005,0.893675525447117,0,e8e42ed60d71a3d0f0a1486171bf165e80d43f9c2ccc63afff94b6738f6a3347,200
metric_contract_v1.2,c38b09694be88aa74de0741b39e9d3ba0d6ff61a,,,188f2e248d512bb338cd5c33c140337ac59206948aa209631ca797a09d4b9eb2,last,ood_metric/aupr_out_openood_auc,OOD-3,primary,up,id_train,id_test_vs_tin,detector_declared,detector/mahalanobis_pp,tin,near,,,,17793,C1,sgd,0.1,0.0005,0.8678981297796751,0,e8e42ed60d71a3d0f0a1486171bf165e80d43f9c2ccc63afff94b6738f6a3347,200
metric_contract_v1.2,c38b09694be88aa74de0741b39e9d3ba0d6ff61a,,,188f2e248d512bb338cd5c33c140337ac59206948aa209631ca797a09d4b9eb2,last,ood_metric/aupr_out_openood_auc,OOD-3,primary,up,id_train,id_test_vs_tin,detector_declared,detector/mahalanobis_raw,tin,near,,,,17793,C1,sgd,0.1,0.0005,0.8423722125110948,0,e8e42ed60d71a3d0f0a1486171bf165e80d43f9c2ccc63afff94b6738f6a3347,200
metric_contract_v1.2,c38b09694be88aa74de0741b39e9d3ba0d6ff61a,,,188f2e248d512bb338cd5c33c140337ac59206948aa209631ca797a09d4b9eb2,last,ood_metric/aupr_out_openood_auc,OOD-3,primary,up,id_train,id_test_vs_tin,detector_declared,detector/marginal_mahalanobis_raw,tin,near,,,,17793,C1,sgd,0.1,0.0005,0.7633219914300344,0,e8e42ed60d71a3d0f0a1486171bf165e80d43f9c2ccc63afff94b6738f6a3347,200
metric_contract_v1.2,c38b09694be88aa74de0741b39e9d3ba0d6ff61a,,,188f2e248d512bb338cd5c33c140337ac59206948aa209631ca797a09d4b9eb2,last,ood_metric/aupr_out_openood_auc,OOD-3,primary,up,id_train,id_test_vs_tin,detector_declared,detector/ncp_euclidean_raw,tin,near,,,,17793,C1,sgd,0.1,0.0005,0.8679342418060126,0,e8e42ed60d71a3d0f0a1486171bf165e80d43f9c2ccc63afff94b6738f6a3347,200
metric_contract_v1.2,c38b09694be88aa74de0741b39e9d3ba0d6ff61a,,,188f2e248d512bb338cd5c33c140337ac59206948aa209631ca797a09d4b9eb2,last,ood_metric/aupr_out_openood_auc,OOD-3,primary,up,id_train,id_test_vs_tin,detector_declared,detector/neco_author_std_dim100,tin,near,,,,17793,C1,sgd,0.1,0.0005,0.8635779165773859,0,e8e42ed60d71a3d0f0a1486171bf165e80d43f9c2ccc63afff94b6738f6a3347,200
metric_contract_v1.2,c38b09694be88aa74de0741b39e9d3ba0d6ff61a,,,188f2e248d512bb338cd5c33c140337ac59206948aa209631ca797a09d4b9eb2,last,ood_metric/aupr_out_openood_auc,OOD-3,primary,up,id_train,id_test_vs_tin,detector_declared,detector/relative_mahalanobis_pp,tin,near,,,,17793,C1,sgd,0.1,0.0005,0.881672391701659,0,e8e42ed60d71a3d0f0a1486171bf165e80d43f9c2ccc63afff94b6738f6a3347,200
metric_contract_v1.2,c38b09694be88aa74de0741b39e9d3ba0d6ff61a,,,188f2e248d512bb338cd5c33c140337ac59206948aa209631ca797a09d4b9eb2,last,ood_metric/aupr_out_openood_auc,OOD-3,primary,up,id_train,id_test_vs_tin,detector_declared,detector/relative_mahalanobis_raw,tin,near,,,,17793,C1,sgd,0.1,0.0005,0.8821920374387843,0,e8e42ed60d71a3d0f0a1486171bf165e80d43f9c2ccc63afff94b6738f6a3347,200
metric_contract_v1.2,c38b09694be88aa74de0741b39e9d3ba0d6ff61a,,,188f2e248d512bb338cd5c33c140337ac59206948aa209631ca797a09d4b9eb2,last,ood_metric/aupr_out_openood_auc,OOD-3,primary,up,id_train,id_test_vs_tin,detector_declared,detector/vim_author_dim,tin,near,,,,17793,C1,sgd,0.1,0.0005,0.8879452959305981,0,e8e42ed60d71a3d0f0a1486171bf165e80d43f9c2ccc63afff94b6738f6a3347,200
metric_contract_v1.2,c38b09694be88aa74de0741b39e9d3ba0d6ff61a,,,188f2e248d512bb338cd5c33c140337ac59206948aa209631ca797a09d4b9eb2,last,ood_metric/aupr_out_openood_auc,OOD-3,primary,up,id_train,id_test_vs_tin,detector_declared,detector/vim_dim128,tin,near,,,,17793,C1,sgd,0.1,0.0005,0.8893013934502543,0,e8e42ed60d71a3d0f0a1486171bf165e80d43f9c2ccc63afff94b6738f6a3347,200
metric_contract_v1.2,c38b09694be88aa74de0741b39e9d3ba0d6ff61a,,,188f2e248d512bb338cd5c33c140337ac59206948aa209631ca797a09d4b9eb2,last,ood_metric/aupr_out_openood_auc,OOD-3,primary,up,id_train,id_test_vs_tin,detector_declared,detector/vim_dim256,tin,near,,,,17793,C1,sgd,0.1,0.0005,0.8880271433155553,0,e8e42ed60d71a3d0f0a1486171bf165e80d43f9c2ccc63afff94b6738f6a3347,200
metric_contract_v1.2,c38b09694be88aa74de0741b39e9d3ba0d6ff61a,,,188f2e248d512bb338cd5c33c140337ac59206948aa209631ca797a09d4b9eb2,last,ood_metric/aupr_out_openood_auc,OOD-3,primary,up,id_train,id_test_vs_tin,detector_declared,detector/vim_dim320,tin,near,,,,17793,C1,sgd,0.1,0.0005,0.8879452959305981,0,e8e42ed60d71a3d0f0a1486171bf165e80d43f9c2ccc63afff94b6738f6a3347,200
metric_contract_v1.2,c38b09694be88aa74de0741b39e9d3ba0d6ff61a,,,188f2e248d512bb338cd5c33c140337ac59206948aa209631ca797a09d4b9eb2,last,ood_metric/aupr_out_openood_auc,OOD-3,primary,up,id_train,id_test_vs_tin,detector_declared,detector/vim_dim64,tin,near,,,,17793,C1,sgd,0.1,0.0005,0.8952618167450561,0,e8e42ed60d71a3d0f0a1486171bf165e80d43f9c2ccc63afff94b6738f6a3347,200
metric_contract_v1.2,c38b09694be88aa74de0741b39e9d3ba0d6ff61a,,,188f2e248d512bb338cd5c33c140337ac59206948aa209631ca797a09d4b9eb2,last,ood_metric/aupr_out_openood_auc,OOD-3,primary,up,id_train,id_test_vs_tin,detector_declared,detector/weight_cosine_appendix,tin,near,,,,17793,C1,sgd,0.1,0.0005,0.8927321319955142,0,e8e42ed60d71a3d0f0a1486171bf165e80d43f9c2ccc63afff94b6738f6a3347,200
metric_contract_v1.2,c38b09694be88aa74de0741b39e9d3ba0d6ff61a,,,188f2e248d512bb338cd5c33c140337ac59206948aa209631ca797a09d4b9eb2,last,ood_metric/aupr_out_openood_auc,OOD-3,primary,up,,id_test_vs_tin,detector_declared,ood_score/energy_t1,tin,near,,,,17793,C1,sgd,0.1,0.0005,0.8807613610076478,0,e8e42ed60d71a3d0f0a1486171bf165e80d43f9c2ccc63afff94b6738f6a3347,200
metric_contract_v1.2,c38b09694be88aa74de0741b39e9d3ba0d6ff61a,,,188f2e248d512bb338cd5c33c140337ac59206948aa209631ca797a09d4b9eb2,last,ood_metric/aupr_out_openood_auc,OOD-3,primary,up,,id_test_vs_tin,detector_declared,ood_score/max_logit,tin,near,,,,17793,C1,sgd,0.1,0.0005,0.8787054897137512,0,e8e42ed60d71a3d0f0a1486171bf165e80d43f9c2ccc63afff94b6738f6a3347,200
metric_contract_v1.2,c38b09694be88aa74de0741b39e9d3ba0d6ff61a,,,188f2e248d512bb338cd5c33c140337ac59206948aa209631ca797a09d4b9eb2,last,ood_metric/aupr_out_openood_auc,OOD-3,primary,up,,id_test_vs_tin,detector_declared,ood_score/msp,tin,near,,,,17793,C1,sgd,0.1,0.0005,0.8502760227643719,0,e8e42ed60d71a3d0f0a1486171bf165e80d43f9c2ccc63afff94b6738f6a3347,200
metric_contract_v1.2,c38b09694be88aa74de0741b39e9d3ba0d6ff61a,,,188f2e248d512bb338cd5c33c140337ac59206948aa209631ca797a09d4b9eb2,last,ood_metric/auroc_id_positive,OOD-1,primary,up,id_train,id_test_vs_tin,detector_declared,detector/ctm_prototype_cosine,tin,near,,,,17793,C1,sgd,0.1,0.0005,0.91407681252406,0,e8e42ed60d71a3d0f0a1486171bf165e80d43f9c2ccc63afff94b6738f6a3347,200
metric_contract_v1.2,c38b09694be88aa74de0741b39e9d3ba0d6ff61a,,,188f2e248d512bb338cd5c33c140337ac59206948aa209631ca797a09d4b9eb2,last,ood_metric/auroc_id_positive,OOD-1,primary,up,id_train,id_test_vs_tin,detector_declared,detector/gda_class_density,tin,near,,,,17793,C1,sgd,0.1,0.0005,0.9277301039394328,0,e8e42ed60d71a3d0f0a1486171bf165e80d43f9c2ccc63afff94b6738f6a3347,200
metric_contract_v1.2,c38b09694be88aa74de0741b39e9d3ba0d6ff61a,,,188f2e248d512bb338cd5c33c140337ac59206948aa209631ca797a09d4b9eb2,last,ood_metric/auroc_id_positive,OOD-1,primary,up,id_train,id_test_vs_tin,detector_declared,detector/knn_l2_k50,tin,near,,,,17793,C1,sgd,0.1,0.0005,0.9249600795585782,0,e8e42ed60d71a3d0f0a1486171bf165e80d43f9c2ccc63afff94b6738f6a3347,200
metric_contract_v1.2,c38b09694be88aa74de0741b39e9d3ba0d6ff61a,,,188f2e248d512bb338cd5c33c140337ac59206948aa209631ca797a09d4b9eb2,last,ood_metric/auroc_id_positive,OOD-1,primary,up,id_train,id_test_vs_tin,detector_declared,detector/mahalanobis_pp,tin,near,,,,17793,C1,sgd,0.1,0.0005,0.9041278711664315,0,e8e42ed60d71a3d0f0a1486171bf165e80d43f9c2ccc63afff94b6738f6a3347,200
metric_contract_v1.2,c38b09694be88aa74de0741b39e9d3ba0d6ff61a,,,188f2e248d512bb338cd5c33c140337ac59206948aa209631ca797a09d4b9eb2,last,ood_metric/auroc_id_positive,OOD-1,primary,up,id_train,id_test_vs_tin,detector_declared,detector/mahalanobis_raw,tin,near,,,,17793,C1,sgd,0.1,0.0005,0.8896827665853972,0,e8e42ed60d71a3d0f0a1486171bf165e80d43f9c2ccc63afff94b6738f6a3347,200
metric_contract_v1.2,c38b09694be88aa74de0741b39e9d3ba0d6ff61a,,,188f2e248d512bb338cd5c33c140337ac59206948aa209631ca797a09d4b9eb2,last,ood_metric/auroc_id_positive,OOD-1,primary,up,id_train,id_test_vs_tin,detector_declared,detector/marginal_mahalanobis_raw,tin,near,,,,17793,C1,sgd,0.1,0.0005,0.8334914282047992,0,e8e42ed60d71a3d0f0a1486171bf165e80d43f9c2ccc63afff94b6738f6a3347,200
metric_contract_v1.2,c38b09694be88aa74de0741b39e9d3ba0d6ff61a,,,188f2e248d512bb338cd5c33c140337ac59206948aa209631ca797a09d4b9eb2,last,ood_metric/auroc_id_positive,OOD-1,primary,up,id_train,id_test_vs_tin,detector_declared,detector/ncp_euclidean_raw,tin,near,,,,17793,C1,sgd,0.1,0.0005,0.9088716283844476,0,e8e42ed60d71a3d0f0a1486171bf165e80d43f9c2ccc63afff94b6738f6a3347,200
metric_contract_v1.2,c38b09694be88aa74de0741b39e9d3ba0d6ff61a,,,188f2e248d512bb338cd5c33c140337ac59206948aa209631ca797a09d4b9eb2,last,ood_metric/auroc_id_positive,OOD-1,primary,up,id_train,id_test_vs_tin,detector_declared,detector/neco_author_std_dim100,tin,near,,,,17793,C1,sgd,0.1,0.0005,0.8972264468112409,0,e8e42ed60d71a3d0f0a1486171bf165e80d43f9c2ccc63afff94b6738f6a3347,200
metric_contract_v1.2,c38b09694be88aa74de0741b39e9d3ba0d6ff61a,,,188f2e248d512bb338cd5c33c140337ac59206948aa209631ca797a09d4b9eb2,last,ood_metric/auroc_id_positive,OOD-1,primary,up,id_train,id_test_vs_tin,detector_declared,detector/relative_mahalanobis_pp,tin,near,,,,17793,C1,sgd,0.1,0.0005,0.9195184781213911,0,e8e42ed60d71a3d0f0a1486171bf165e80d43f9c2ccc63afff94b6738f6a3347,200
metric_contract_v1.2,c38b09694be88aa74de0741b39e9d3ba0d6ff61a,,,188f2e248d512bb338cd5c33c140337ac59206948aa209631ca797a09d4b9eb2,last,ood_metric/auroc_id_positive,OOD-1,primary,up,id_train,id_test_vs_tin,detector_declared,detector/relative_mahalanobis_raw,tin,near,,,,17793,C1,sgd,0.1,0.0005,0.9167571666880535,0,e8e42ed60d71a3d0f0a1486171bf165e80d43f9c2ccc63afff94b6738f6a3347,200
metric_contract_v1.2,c38b09694be88aa74de0741b39e9d3ba0d6ff61a,,,188f2e248d512bb338cd5c33c140337ac59206948aa209631ca797a09d4b9eb2,last,ood_metric/auroc_id_positive,OOD-1,primary,up,id_train,id_test_vs_tin,detector_declared,detector/vim_author_dim,tin,near,,,,17793,C1,sgd,0.1,0.0005,0.9182268959322468,0,e8e42ed60d71a3d0f0a1486171bf165e80d43f9c2ccc63afff94b6738f6a3347,200
metric_contract_v1.2,c38b09694be88aa74de0741b39e9d3ba0d6ff61a,,,188f2e248d512bb338cd5c33c140337ac59206948aa209631ca797a09d4b9eb2,last,ood_metric/auroc_id_positive,OOD-1,primary,up,id_train,id_test_vs_tin,detector_declared,detector/vim_dim128,tin,near,,,,17793,C1,sgd,0.1,0.0005,0.9159405235467727,0,e8e42ed60d71a3d0f0a1486171bf165e80d43f9c2ccc63afff94b6738f6a3347,200
metric_contract_v1.2,c38b09694be88aa74de0741b39e9d3ba0d6ff61a,,,188f2e248d512bb338cd5c33c140337ac59206948aa209631ca797a09d4b9eb2,last,ood_metric/auroc_id_positive,OOD-1,primary,up,id_train,id_test_vs_tin,detector_declared,detector/vim_dim256,tin,near,,,,17793,C1,sgd,0.1,0.0005,0.9182598742461183,0,e8e42ed60d71a3d0f0a1486171bf165e80d43f9c2ccc63afff94b6738f6a3347,200
metric_contract_v1.2,c38b09694be88aa74de0741b39e9d3ba0d6ff61a,,,188f2e248d512bb338cd5c33c140337ac59206948aa209631ca797a09d4b9eb2,last,ood_metric/auroc_id_positive,OOD-1,primary,up,id_train,id_test_vs_tin,detector_declared,detector/vim_dim320,tin,near,,,,17793,C1,sgd,0.1,0.0005,0.9182268959322468,0,e8e42ed60d71a3d0f0a1486171bf165e80d43f9c2ccc63afff94b6738f6a3347,200
metric_contract_v1.2,c38b09694be88aa74de0741b39e9d3ba0d6ff61a,,,188f2e248d512bb338cd5c33c140337ac59206948aa209631ca797a09d4b9eb2,last,ood_metric/auroc_id_positive,OOD-1,primary,up,id_train,id_test_vs_tin,detector_declared,detector/vim_dim64,tin,near,,,,17793,C1,sgd,0.1,0.0005,0.9182024124214038,0,e8e42ed60d71a3d0f0a1486171bf165e80d43f9c2ccc63afff94b6738f6a3347,200
metric_contract_v1.2,c38b09694be88aa74de0741b39e9d3ba0d6ff61a,,,188f2e248d512bb338cd5c33c140337ac59206948aa209631ca797a09d4b9eb2,last,ood_metric/auroc_id_positive,OOD-1,primary,up,id_train,id_test_vs_tin,detector_declared,detector/weight_cosine_appendix,tin,near,,,,17793,C1,sgd,0.1,0.0005,0.921931092005646,0,e8e42ed60d71a3d0f0a1486171bf165e80d43f9c2ccc63afff94b6738f6a3347,200
metric_contract_v1.2,c38b09694be88aa74de0741b39e9d3ba0d6ff61a,,,188f2e248d512bb338cd5c33c140337ac59206948aa209631ca797a09d4b9eb2,last,ood_metric/auroc_id_positive,OOD-1,primary,up,,id_test_vs_tin,detector_declared,ood_score/energy_t1,tin,near,,,,17793,C1,sgd,0.1,0.0005,0.9000054921083024,0,e8e42ed60d71a3d0f0a1486171bf165e80d43f9c2ccc63afff94b6738f6a3347,200
metric_contract_v1.2,c38b09694be88aa74de0741b39e9d3ba0d6ff61a,,,188f2e248d512bb338cd5c33c140337ac59206948aa209631ca797a09d4b9eb2,last,ood_metric/auroc_id_positive,OOD-1,primary,up,,id_test_vs_tin,detector_declared,ood_score/max_logit,tin,near,,,,17793,C1,sgd,0.1,0.0005,0.8993397087129475,0,e8e42ed60d71a3d0f0a1486171bf165e80d43f9c2ccc63afff94b6738f6a3347,200
metric_contract_v1.2,c38b09694be88aa74de0741b39e9d3ba0d6ff61a,,,188f2e248d512bb338cd5c33c140337ac59206948aa209631ca797a09d4b9eb2,last,ood_metric/auroc_id_positive,OOD-1,primary,up,,id_test_vs_tin,detector_declared,ood_score/msp,tin,near,,,,17793,C1,sgd,0.1,0.0005,0.8979394584883871,0,e8e42ed60d71a3d0f0a1486171bf165e80d43f9c2ccc63afff94b6738f6a3347,200
metric_contract_v1.2,c38b09694be88aa74de0741b39e9d3ba0d6ff61a,,,188f2e248d512bb338cd5c33c140337ac59206948aa209631ca797a09d4b9eb2,last,ood_metric/fpr95_achieved_id_tpr,OOD-4,appendix,descriptive,id_train,id_test_vs_tin,detector_declared,detector/ctm_prototype_cosine,tin,near,,,,17793,C1,sgd,0.1,0.0005,0.95,0,e8e42ed60d71a3d0f0a1486171bf165e80d43f9c2ccc63afff94b6738f6a3347,200
metric_contract_v1.2,c38b09694be88aa74de0741b39e9d3ba0d6ff61a,,,188f2e248d512bb338cd5c33c140337ac59206948aa209631ca797a09d4b9eb2,last,ood_metric/fpr95_achieved_id_tpr,OOD-4,appendix,descriptive,id_train,id_test_vs_tin,detector_declared,detector/gda_class_density,tin,near,,,,17793,C1,sgd,0.1,0.0005,0.95,0,e8e42ed60d71a3d0f0a1486171bf165e80d43f9c2ccc63afff94b6738f6a3347,200
metric_contract_v1.2,c38b09694be88aa74de0741b39e9d3ba0d6ff61a,,,188f2e248d512bb338cd5c33c140337ac59206948aa209631ca797a09d4b9eb2,last,ood_metric/fpr95_achieved_id_tpr,OOD-4,appendix,descriptive,id_train,id_test_vs_tin,detector_declared,detector/knn_l2_k50,tin,near,,,,17793,C1,sgd,0.1,0.0005,0.95,0,e8e42ed60d71a3d0f0a1486171bf165e80d43f9c2ccc63afff94b6738f6a3347,200
metric_contract_v1.2,c38b09694be88aa74de0741b39e9d3ba0d6ff61a,,,188f2e248d512bb338cd5c33c140337ac59206948aa209631ca797a09d4b9eb2,last,ood_metric/fpr95_achieved_id_tpr,OOD-4,appendix,descriptive,id_train,id_test_vs_tin,detector_declared,detector/mahalanobis_pp,tin,near,,,,17793,C1,sgd,0.1,0.0005,0.95,0,e8e42ed60d71a3d0f0a1486171bf165e80d43f9c2ccc63afff94b6738f6a3347,200
metric_contract_v1.2,c38b09694be88aa74de0741b39e9d3ba0d6ff61a,,,188f2e248d512bb338cd5c33c140337ac59206948aa209631ca797a09d4b9eb2,last,ood_metric/fpr95_achieved_id_tpr,OOD-4,appendix,descriptive,id_train,id_test_vs_tin,detector_declared,detector/mahalanobis_raw,tin,near,,,,17793,C1,sgd,0.1,0.0005,0.95,0,e8e42ed60d71a3d0f0a1486171bf165e80d43f9c2ccc63afff94b6738f6a3347,200
metric_contract_v1.2,c38b09694be88aa74de0741b39e9d3ba0d6ff61a,,,188f2e248d512bb338cd5c33c140337ac59206948aa209631ca797a09d4b9eb2,last,ood_metric/fpr95_achieved_id_tpr,OOD-4,appendix,descriptive,id_train,id_test_vs_tin,detector_declared,detector/marginal_mahalanobis_raw,tin,near,,,,17793,C1,sgd,0.1,0.0005,0.95,0,e8e42ed60d71a3d0f0a1486171bf165e80d43f9c2ccc63afff94b6738f6a3347,200
metric_contract_v1.2,c38b09694be88aa74de0741b39e9d3ba0d6ff61a,,,188f2e248d512bb338cd5c33c140337ac59206948aa209631ca797a09d4b9eb2,last,ood_metric/fpr95_achieved_id_tpr,OOD-4,appendix,descriptive,id_train,id_test_vs_tin,detector_declared,detector/ncp_euclidean_raw,tin,near,,,,17793,C1,sgd,0.1,0.0005,0.95,0,e8e42ed60d71a3d0f0a1486171bf165e80d43f9c2ccc63afff94b6738f6a3347,200
metric_contract_v1.2,c38b09694be88aa74de0741b39e9d3ba0d6ff61a,,,188f2e248d512bb338cd5c33c140337ac59206948aa209631ca797a09d4b9eb2,last,ood_metric/fpr95_achieved_id_tpr,OOD-4,appendix,descriptive,id_train,id_test_vs_tin,detector_declared,detector/neco_author_std_dim100,tin,near,,,,17793,C1,sgd,0.1,0.0005,0.95,0,e8e42ed60d71a3d0f0a1486171bf165e80d43f9c2ccc63afff94b6738f6a3347,200
metric_contract_v1.2,c38b09694be88aa74de0741b39e9d3ba0d6ff61a,,,188f2e248d512bb338cd5c33c140337ac59206948aa209631ca797a09d4b9eb2,last,ood_metric/fpr95_achieved_id_tpr,OOD-4,appendix,descriptive,id_train,id_test_vs_tin,detector_declared,detector/relative_mahalanobis_pp,tin,near,,,,17793,C1,sgd,0.1,0.0005,0.95,0,e8e42ed60d71a3d0f0a1486171bf165e80d43f9c2ccc63afff94b6738f6a3347,200
metric_contract_v1.2,c38b09694be88aa74de0741b39e9d3ba0d6ff61a,,,188f2e248d512bb338cd5c33c140337ac59206948aa209631ca797a09d4b9eb2,last,ood_metric/fpr95_achieved_id_tpr,OOD-4,appendix,descriptive,id_train,id_test_vs_tin,detector_declared,detector/relative_mahalanobis_raw,tin,near,,,,17793,C1,sgd,0.1,0.0005,0.95,0,e8e42ed60d71a3d0f0a1486171bf165e80d43f9c2ccc63afff94b6738f6a3347,200
metric_contract_v1.2,c38b09694be88aa74de0741b39e9d3ba0d6ff61a,,,188f2e248d512bb338cd5c33c140337ac59206948aa209631ca797a09d4b9eb2,last,ood_metric/fpr95_achieved_id_tpr,OOD-4,appendix,descriptive,id_train,id_test_vs_tin,detector_declared,detector/vim_author_dim,tin,near,,,,17793,C1,sgd,0.1,0.0005,0.95,0,e8e42ed60d71a3d0f0a1486171bf165e80d43f9c2ccc63afff94b6738f6a3347,200
metric_contract_v1.2,c38b09694be88aa74de0741b39e9d3ba0d6ff61a,,,188f2e248d512bb338cd5c33c140337ac59206948aa209631ca797a09d4b9eb2,last,ood_metric/fpr95_achieved_id_tpr,OOD-4,appendix,descriptive,id_train,id_test_vs_tin,detector_declared,detector/vim_dim128,tin,near,,,,17793,C1,sgd,0.1,0.0005,0.95,0,e8e42ed60d71a3d0f0a1486171bf165e80d43f9c2ccc63afff94b6738f6a3347,200
metric_contract_v1.2,c38b09694be88aa74de0741b39e9d3ba0d6ff61a,,,188f2e248d512bb338cd5c33c140337ac59206948aa209631ca797a09d4b9eb2,last,ood_metric/fpr95_achieved_id_tpr,OOD-4,appendix,descriptive,id_train,id_test_vs_tin,detector_declared,detector/vim_dim256,tin,near,,,,17793,C1,sgd,0.1,0.0005,0.95,0,e8e42ed60d71a3d0f0a1486171bf165e80d43f9c2ccc63afff94b6738f6a3347,200
metric_contract_v1.2,c38b09694be88aa74de0741b39e9d3ba0d6ff61a,,,188f2e248d512bb338cd5c33c140337ac59206948aa209631ca797a09d4b9eb2,last,ood_metric/fpr95_achieved_id_tpr,OOD-4,appendix,descriptive,id_train,id_test_vs_tin,detector_declared,detector/vim_dim320,tin,near,,,,17793,C1,sgd,0.1,0.0005,0.95,0,e8e42ed60d71a3d0f0a1486171bf165e80d43f9c2ccc63afff94b6738f6a3347,200
metric_contract_v1.2,c38b09694be88aa74de0741b39e9d3ba0d6ff61a,,,188f2e248d512bb338cd5c33c140337ac59206948aa209631ca797a09d4b9eb2,last,ood_metric/fpr95_achieved_id_tpr,OOD-4,appendix,descriptive,id_train,id_test_vs_tin,detector_declared,detector/vim_dim64,tin,near,,,,17793,C1,sgd,0.1,0.0005,0.95,0,e8e42ed60d71a3d0f0a1486171bf165e80d43f9c2ccc63afff94b6738f6a3347,200
metric_contract_v1.2,c38b09694be88aa74de0741b39e9d3ba0d6ff61a,,,188f2e248d512bb338cd5c33c140337ac59206948aa209631ca797a09d4b9eb2,last,ood_metric/fpr95_achieved_id_tpr,OOD-4,appendix,descriptive,id_train,id_test_vs_tin,detector_declared,detector/weight_cosine_appendix,tin,near,,,,17793,C1,sgd,0.1,0.0005,0.95,0,e8e42ed60d71a3d0f0a1486171bf165e80d43f9c2ccc63afff94b6738f6a3347,200
metric_contract_v1.2,c38b09694be88aa74de0741b39e9d3ba0d6ff61a,,,188f2e248d512bb338cd5c33c140337ac59206948aa209631ca797a09d4b9eb2,last,ood_metric/fpr95_achieved_id_tpr,OOD-4,appendix,descriptive,,id_test_vs_tin,detector_declared,ood_score/energy_t1,tin,near,,,,17793,C1,sgd,0.1,0.0005,0.95,0,e8e42ed60d71a3d0f0a1486171bf165e80d43f9c2ccc63afff94b6738f6a3347,200
metric_contract_v1.2,c38b09694be88aa74de0741b39e9d3ba0d6ff61a,,,188f2e248d512bb338cd5c33c140337ac59206948aa209631ca797a09d4b9eb2,last,ood_metric/fpr95_achieved_id_tpr,OOD-4,appendix,descriptive,,id_test_vs_tin,detector_declared,ood_score/max_logit,tin,near,,,,17793,C1,sgd,0.1,0.0005,0.95,0,e8e42ed60d71a3d0f0a1486171bf165e80d43f9c2ccc63afff94b6738f6a3347,200
metric_contract_v1.2,c38b09694be88aa74de0741b39e9d3ba0d6ff61a,,,188f2e248d512bb338cd5c33c140337ac59206948aa209631ca797a09d4b9eb2,last,ood_metric/fpr95_achieved_id_tpr,OOD-4,appendix,descriptive,,id_test_vs_tin,detector_declared,ood_score/msp,tin,near,,,,17793,C1,sgd,0.1,0.0005,0.95,0,e8e42ed60d71a3d0f0a1486171bf165e80d43f9c2ccc63afff94b6738f6a3347,200
metric_contract_v1.2,c38b09694be88aa74de0741b39e9d3ba0d6ff61a,,,188f2e248d512bb338cd5c33c140337ac59206948aa209631ca797a09d4b9eb2,last,ood_metric/fpr95_id_tpr,OOD-4,primary,down,id_train,id_test_vs_tin,detector_declared,detector/ctm_prototype_cosine,tin,near,,,,17793,C1,sgd,0.1,0.0005,0.4713204157577313,0,e8e42ed60d71a3d0f0a1486171bf165e80d43f9c2ccc63afff94b6738f6a3347,200
metric_contract_v1.2,c38b09694be88aa74de0741b39e9d3ba0d6ff61a,,,188f2e248d512bb338cd5c33c140337ac59206948aa209631ca797a09d4b9eb2,last,ood_metric/fpr95_id_tpr,OOD-4,primary,down,id_train,id_test_vs_tin,detector_declared,detector/gda_class_density,tin,near,,,,17793,C1,sgd,0.1,0.0005,0.4031823431284486,0,e8e42ed60d71a3d0f0a1486171bf165e80d43f9c2ccc63afff94b6738f6a3347,200
metric_contract_v1.2,c38b09694be88aa74de0741b39e9d3ba0d6ff61a,,,188f2e248d512bb338cd5c33c140337ac59206948aa209631ca797a09d4b9eb2,last,ood_metric/fpr95_id_tpr,OOD-4,primary,down,id_train,id_test_vs_tin,detector_declared,detector/knn_l2_k50,tin,near,,,,17793,C1,sgd,0.1,0.0005,0.42294366739381495,0,e8e42ed60d71a3d0f0a1486171bf165e80d43f9c2ccc63afff94b6738f6a3347,200
metric_contract_v1.2,c38b09694be88aa74de0741b39e9d3ba0d6ff61a,,,188f2e248d512bb338cd5c33c140337ac59206948aa209631ca797a09d4b9eb2,last,ood_metric/fpr95_id_tpr,OOD-4,primary,down,id_train,id_test_vs_tin,detector_declared,detector/mahalanobis_pp,tin,near,,,,17793,C1,sgd,0.1,0.0005,0.4652893622481714,0,e8e42ed60d71a3d0f0a1486171bf165e80d43f9c2ccc63afff94b6738f6a3347,200
metric_contract_v1.2,c38b09694be88aa74de0741b39e9d3ba0d6ff61a,,,188f2e248d512bb338cd5c33c140337ac59206948aa209631ca797a09d4b9eb2,last,ood_metric/fpr95_id_tpr,OOD-4,primary,down,id_train,id_test_vs_tin,detector_declared,detector/mahalanobis_raw,tin,near,,,,17793,C1,sgd,0.1,0.0005,0.5426664955729501,0,e8e42ed60d71a3d0f0a1486171bf165e80d43f9c2ccc63afff94b6738f6a3347,200
metric_contract_v1.2,c38b09694be88aa74de0741b39e9d3ba0d6ff61a,,,188f2e248d512bb338cd5c33c140337ac59206948aa209631ca797a09d4b9eb2,last,ood_metric/fpr95_id_tpr,OOD-4,primary,down,id_train,id_test_vs_tin,detector_declared,detector/marginal_mahalanobis_raw,tin,near,,,,17793,C1,sgd,0.1,0.0005,0.7137174387270627,0,e8e42ed60d71a3d0f0a1486171bf165e80d43f9c2ccc63afff94b6738f6a3347,200
metric_contract_v1.2,c38b09694be88aa74de0741b39e9d3ba0d6ff61a,,,188f2e248d512bb338cd5c33c140337ac59206948aa209631ca797a09d4b9eb2,last,ood_metric/fpr95_id_tpr,OOD-4,primary,down,id_train,id_test_vs_tin,detector_declared,detector/ncp_euclidean_raw,tin,near,,,,17793,C1,sgd,0.1,0.0005,0.4824842807647889,0,e8e42ed60d71a3d0f0a1486171bf165e80d43f9c2ccc63afff94b6738f6a3347,200
metric_contract_v1.2,c38b09694be88aa74de0741b39e9d3ba0d6ff61a,,,188f2e248d512bb338cd5c33c140337ac59206948aa209631ca797a09d4b9eb2,last,ood_metric/fpr95_id_tpr,OOD-4,primary,down,id_train,id_test_vs_tin,detector_declared,detector/neco_author_std_dim100,tin,near,,,,17793,C1,sgd,0.1,0.0005,0.4809444373155396,0,e8e42ed60d71a3d0f0a1486171bf165e80d43f9c2ccc63afff94b6738f6a3347,200
metric_contract_v1.2,c38b09694be88aa74de0741b39e9d3ba0d6ff61a,,,188f2e248d512bb338cd5c33c140337ac59206948aa209631ca797a09d4b9eb2,last,ood_metric/fpr95_id_tpr,OOD-4,primary,down,id_train,id_test_vs_tin,detector_declared,detector/relative_mahalanobis_pp,tin,near,,,,17793,C1,sgd,0.1,0.0005,0.4678557679969203,0,e8e42ed60d71a3d0f0a1486171bf165e80d43f9c2ccc63afff94b6738f6a3347,200
metric_contract_v1.2,c38b09694be88aa74de0741b39e9d3ba0d6ff61a,,,188f2e248d512bb338cd5c33c140337ac59206948aa209631ca797a09d4b9eb2,last,ood_metric/fpr95_id_tpr,OOD-4,primary,down,id_train,id_test_vs_tin,detector_declared,detector/relative_mahalanobis_raw,tin,near,,,,17793,C1,sgd,0.1,0.0005,0.45977158988836136,0,e8e42ed60d71a3d0f0a1486171bf165e80d43f9c2ccc63afff94b6738f6a3347,200
metric_contract_v1.2,c38b09694be88aa74de0741b39e9d3ba0d6ff61a,,,188f2e248d512bb338cd5c33c140337ac59206948aa209631ca797a09d4b9eb2,last,ood_metric/fpr95_id_tpr,OOD-4,primary,down,id_train,id_test_vs_tin,detector_declared,detector/vim_author_dim,tin,near,,,,17793,C1,sgd,0.1,0.0005,0.4187090979083793,0,e8e42ed60d71a3d0f0a1486171bf165e80d43f9c2ccc63afff94b6738f6a3347,200
metric_contract_v1.2,c38b09694be88aa74de0741b39e9d3ba0d6ff61a,,,188f2e248d512bb338cd5c33c140337ac59206948aa209631ca797a09d4b9eb2,last,ood_metric/fpr95_id_tpr,OOD-4,primary,down,id_train,id_test_vs_tin,detector_declared,detector/vim_dim128,tin,near,,,,17793,C1,sgd,0.1,0.0005,0.413704606698319,0,e8e42ed60d71a3d0f0a1486171bf165e80d43f9c2ccc63afff94b6738f6a3347,200
metric_contract_v1.2,c38b09694be88aa74de0741b39e9d3ba0d6ff61a,,,188f2e248d512bb338cd5c33c140337ac59206948aa209631ca797a09d4b9eb2,last,ood_metric/fpr95_id_tpr,OOD-4,primary,down,id_train,id_test_vs_tin,detector_declared,detector/vim_dim256,tin,near,,,,17793,C1,sgd,0.1,0.0005,0.4187090979083793,0,e8e42ed60d71a3d0f0a1486171bf165e80d43f9c2ccc63afff94b6738f6a3347,200
metric_contract_v1.2,c38b09694be88aa74de0741b39e9d3ba0d6ff61a,,,188f2e248d512bb338cd5c33c140337ac59206948aa209631ca797a09d4b9eb2,last,ood_metric/fpr95_id_tpr,OOD-4,primary,down,id_train,id_test_vs_tin,detector_declared,detector/vim_dim320,tin,near,,,,17793,C1,sgd,0.1,0.0005,0.4187090979083793,0,e8e42ed60d71a3d0f0a1486171bf165e80d43f9c2ccc63afff94b6738f6a3347,200
metric_contract_v1.2,c38b09694be88aa74de0741b39e9d3ba0d6ff61a,,,188f2e248d512bb338cd5c33c140337ac59206948aa209631ca797a09d4b9eb2,last,ood_metric/fpr95_id_tpr,OOD-4,primary,down,id_train,id_test_vs_tin,detector_declared,detector/vim_dim64,tin,near,,,,17793,C1,sgd,0.1,0.0005,0.37790324650327217,0,e8e42ed60d71a3d0f0a1486171bf165e80d43f9c2ccc63afff94b6738f6a3347,200
metric_contract_v1.2,c38b09694be88aa74de0741b39e9d3ba0d6ff61a,,,188f2e248d512bb338cd5c33c140337ac59206948aa209631ca797a09d4b9eb2,last,ood_metric/fpr95_id_tpr,OOD-4,primary,down,id_train,id_test_vs_tin,detector_declared,detector/weight_cosine_appendix,tin,near,,,,17793,C1,sgd,0.1,0.0005,0.40356730399076096,0,e8e42ed60d71a3d0f0a1486171bf165e80d43f9c2ccc63afff94b6738f6a3347,200
metric_contract_v1.2,c38b09694be88aa74de0741b39e9d3ba0d6ff61a,,,188f2e248d512bb338cd5c33c140337ac59206948aa209631ca797a09d4b9eb2,last,ood_metric/fpr95_id_tpr,OOD-4,primary,down,,id_test_vs_tin,detector_declared,ood_score/energy_t1,tin,near,,,,17793,C1,sgd,0.1,0.0005,0.3934300012832029,0,e8e42ed60d71a3d0f0a1486171bf165e80d43f9c2ccc63afff94b6738f6a3347,200
metric_contract_v1.2,c38b09694be88aa74de0741b39e9d3ba0d6ff61a,,,188f2e248d512bb338cd5c33c140337ac59206948aa209631ca797a09d4b9eb2,last,ood_metric/fpr95_id_tpr,OOD-4,primary,down,,id_test_vs_tin,detector_declared,ood_score/max_logit,tin,near,,,,17793,C1,sgd,0.1,0.0005,0.40716027203900934,0,e8e42ed60d71a3d0f0a1486171bf165e80d43f9c2ccc63afff94b6738f6a3347,200
metric_contract_v1.2,c38b09694be88aa74de0741b39e9d3ba0d6ff61a,,,188f2e248d512bb338cd5c33c140337ac59206948aa209631ca797a09d4b9eb2,last,ood_metric/fpr95_id_tpr,OOD-4,primary,down,,id_test_vs_tin,detector_declared,ood_score/msp,tin,near,,,,17793,C1,sgd,0.1,0.0005,0.5434364172975747,0,e8e42ed60d71a3d0f0a1486171bf165e80d43f9c2ccc63afff94b6738f6a3347,200
metric_contract_v1.2,c38b09694be88aa74de0741b39e9d3ba0d6ff61a,,,188f2e248d512bb338cd5c33c140337ac59206948aa209631ca797a09d4b9eb2,last,ood_metric/fpr95_threshold,OOD-4,appendix,descriptive,id_train,id_test_vs_tin,detector_declared,detector/ctm_prototype_cosine,tin,near,,,,17793,C1,sgd,0.1,0.0005,0.8040611363967487,0,e8e42ed60d71a3d0f0a1486171bf165e80d43f9c2ccc63afff94b6738f6a3347,200
metric_contract_v1.2,c38b09694be88aa74de0741b39e9d3ba0d6ff61a,,,188f2e248d512bb338cd5c33c140337ac59206948aa209631ca797a09d4b9eb2,last,ood_metric/fpr95_threshold,OOD-4,appendix,descriptive,id_train,id_test_vs_tin,detector_declared,detector/gda_class_density,tin,near,,,,17793,C1,sgd,0.1,0.0005,248.34807079198745,0,e8e42ed60d71a3d0f0a1486171bf165e80d43f9c2ccc63afff94b6738f6a3347,200
metric_contract_v1.2,c38b09694be88aa74de0741b39e9d3ba0d6ff61a,,,188f2e248d512bb338cd5c33c140337ac59206948aa209631ca797a09d4b9eb2,last,ood_metric/fpr95_threshold,OOD-4,appendix,descriptive,id_train,id_test_vs_tin,detector_declared,detector/knn_l2_k50,tin,near,,,,17793,C1,sgd,0.1,0.0005,-0.23435149100815075,0,e8e42ed60d71a3d0f0a1486171bf165e80d43f9c2ccc63afff94b6738f6a3347,200
metric_contract_v1.2,c38b09694be88aa74de0741b39e9d3ba0d6ff61a,,,188f2e248d512bb338cd5c33c140337ac59206948aa209631ca797a09d4b9eb2,last,ood_metric/fpr95_threshold,OOD-4,appendix,descriptive,id_train,id_test_vs_tin,detector_declared,detector/mahalanobis_pp,tin,near,,,,17793,C1,sgd,0.1,0.0005,-1380.0283931734998,0,e8e42ed60d71a3d0f0a1486171bf165e80d43f9c2ccc63afff94b6738f6a3347,200
metric_contract_v1.2,c38b09694be88aa74de0741b39e9d3ba0d6ff61a,,,188f2e248d512bb338cd5c33c140337ac59206948aa209631ca797a09d4b9eb2,last,ood_metric/fpr95_threshold,OOD-4,appendix,descriptive,id_train,id_test_vs_tin,detector_declared,detector/mahalanobis_raw,tin,near,,,,17793,C1,sgd,0.1,0.0005,-1187.6543965285982,0,e8e42ed60d71a3d0f0a1486171bf165e80d43f9c2ccc63afff94b6738f6a3347,200
metric_contract_v1.2,c38b09694be88aa74de0741b39e9d3ba0d6ff61a,,,188f2e248d512bb338cd5c33c140337ac59206948aa209631ca797a09d4b9eb2,last,ood_metric/fpr95_threshold,OOD-4,appendix,descriptive,id_train,id_test_vs_tin,detector_declared,detector/marginal_mahalanobis_raw,tin,near,,,,17793,C1,sgd,0.1,0.0005,-1068.27323834412,0,e8e42ed60d71a3d0f0a1486171bf165e80d43f9c2ccc63afff94b6738f6a3347,200
metric_contract_v1.2,c38b09694be88aa74de0741b39e9d3ba0d6ff61a,,,188f2e248d512bb338cd5c33c140337ac59206948aa209631ca797a09d4b9eb2,last,ood_metric/fpr95_threshold,OOD-4,appendix,descriptive,id_train,id_test_vs_tin,detector_declared,detector/ncp_euclidean_raw,tin,near,,,,17793,C1,sgd,0.1,0.0005,-8.207926574833445,0,e8e42ed60d71a3d0f0a1486171bf165e80d43f9c2ccc63afff94b6738f6a3347,200
metric_contract_v1.2,c38b09694be88aa74de0741b39e9d3ba0d6ff61a,,,188f2e248d512bb338cd5c33c140337ac59206948aa209631ca797a09d4b9eb2,last,ood_metric/fpr95_threshold,OOD-4,appendix,descriptive,id_train,id_test_vs_tin,detector_declared,detector/neco_author_std_dim100,tin,near,,,,17793,C1,sgd,0.1,0.0005,0.9920766448105605,0,e8e42ed60d71a3d0f0a1486171bf165e80d43f9c2ccc63afff94b6738f6a3347,200
metric_contract_v1.2,c38b09694be88aa74de0741b39e9d3ba0d6ff61a,,,188f2e248d512bb338cd5c33c140337ac59206948aa209631ca797a09d4b9eb2,last,ood_metric/fpr95_threshold,OOD-4,appendix,descriptive,id_train,id_test_vs_tin,detector_declared,detector/relative_mahalanobis_pp,tin,near,,,,17793,C1,sgd,0.1,0.0005,-279.01525685446666,0,e8e42ed60d71a3d0f0a1486171bf165e80d43f9c2ccc63afff94b6738f6a3347,200
metric_contract_v1.2,c38b09694be88aa74de0741b39e9d3ba0d6ff61a,,,188f2e248d512bb338cd5c33c140337ac59206948aa209631ca797a09d4b9eb2,last,ood_metric/fpr95_threshold,OOD-4,appendix,descriptive,id_train,id_test_vs_tin,detector_declared,detector/relative_mahalanobis_raw,tin,near,,,,17793,C1,sgd,0.1,0.0005,-187.0853340424266,0,e8e42ed60d71a3d0f0a1486171bf165e80d43f9c2ccc63afff94b6738f6a3347,200
metric_contract_v1.2,c38b09694be88aa74de0741b39e9d3ba0d6ff61a,,,188f2e248d512bb338cd5c33c140337ac59206948aa209631ca797a09d4b9eb2,last,ood_metric/fpr95_threshold,OOD-4,appendix,descriptive,id_train,id_test_vs_tin,detector_declared,detector/vim_author_dim,tin,near,,,,17793,C1,sgd,0.1,0.0005,-7.91058235536202,0,e8e42ed60d71a3d0f0a1486171bf165e80d43f9c2ccc63afff94b6738f6a3347,200
metric_contract_v1.2,c38b09694be88aa74de0741b39e9d3ba0d6ff61a,,,188f2e248d512bb338cd5c33c140337ac59206948aa209631ca797a09d4b9eb2,last,ood_metric/fpr95_threshold,OOD-4,appendix,descriptive,id_train,id_test_vs_tin,detector_declared,detector/vim_dim128,tin,near,,,,17793,C1,sgd,0.1,0.0005,-7.172688096727023,0,e8e42ed60d71a3d0f0a1486171bf165e80d43f9c2ccc63afff94b6738f6a3347,200
metric_contract_v1.2,c38b09694be88aa74de0741b39e9d3ba0d6ff61a,,,188f2e248d512bb338cd5c33c140337ac59206948aa209631ca797a09d4b9eb2,last,ood_metric/fpr95_threshold,OOD-4,appendix,descriptive,id_train,id_test_vs_tin,detector_declared,detector/vim_dim256,tin,near,,,,17793,C1,sgd,0.1,0.0005,-7.758499304385565,0,e8e42ed60d71a3d0f0a1486171bf165e80d43f9c2ccc63afff94b6738f6a3347,200
metric_contract_v1.2,c38b09694be88aa74de0741b39e9d3ba0d6ff61a,,,188f2e248d512bb338cd5c33c140337ac59206948aa209631ca797a09d4b9eb2,last,ood_metric/fpr95_threshold,OOD-4,appendix,descriptive,id_train,id_test_vs_tin,detector_declared,detector/vim_dim320,tin,near,,,,17793,C1,sgd,0.1,0.0005,-7.91058235536202,0,e8e42ed60d71a3d0f0a1486171bf165e80d43f9c2ccc63afff94b6738f6a3347,200
metric_contract_v1.2,c38b09694be88aa74de0741b39e9d3ba0d6ff61a,,,188f2e248d512bb338cd5c33c140337ac59206948aa209631ca797a09d4b9eb2,last,ood_metric/fpr95_threshold,OOD-4,appendix,descriptive,id_train,id_test_vs_tin,detector_declared,detector/vim_dim64,tin,near,,,,17793,C1,sgd,0.1,0.0005,-7.2312576416149295,0,e8e42ed60d71a3d0f0a1486171bf165e80d43f9c2ccc63afff94b6738f6a3347,200
metric_contract_v1.2,c38b09694be88aa74de0741b39e9d3ba0d6ff61a,,,188f2e248d512bb338cd5c33c140337ac59206948aa209631ca797a09d4b9eb2,last,ood_metric/fpr95_threshold,OOD-4,appendix,descriptive,id_train,id_test_vs_tin,detector_declared,detector/weight_cosine_appendix,tin,near,,,,17793,C1,sgd,0.1,0.0005,0.4908999165310632,0,e8e42ed60d71a3d0f0a1486171bf165e80d43f9c2ccc63afff94b6738f6a3347,200
metric_contract_v1.2,c38b09694be88aa74de0741b39e9d3ba0d6ff61a,,,188f2e248d512bb338cd5c33c140337ac59206948aa209631ca797a09d4b9eb2,last,ood_metric/fpr95_threshold,OOD-4,appendix,descriptive,,id_test_vs_tin,detector_declared,ood_score/energy_t1,tin,near,,,,17793,C1,sgd,0.1,0.0005,8.094580139260186,0,e8e42ed60d71a3d0f0a1486171bf165e80d43f9c2ccc63afff94b6738f6a3347,200
metric_contract_v1.2,c38b09694be88aa74de0741b39e9d3ba0d6ff61a,,,188f2e248d512bb338cd5c33c140337ac59206948aa209631ca797a09d4b9eb2,last,ood_metric/fpr95_threshold,OOD-4,appendix,descriptive,,id_test_vs_tin,detector_declared,ood_score/max_logit,tin,near,,,,17793,C1,sgd,0.1,0.0005,7.931537294387818,0,e8e42ed60d71a3d0f0a1486171bf165e80d43f9c2ccc63afff94b6738f6a3347,200
metric_contract_v1.2,c38b09694be88aa74de0741b39e9d3ba0d6ff61a,,,188f2e248d512bb338cd5c33c140337ac59206948aa209631ca797a09d4b9eb2,last,ood_metric/fpr95_threshold,OOD-4,appendix,descriptive,,id_test_vs_tin,detector_declared,ood_score/msp,tin,near,,,,17793,C1,sgd,0.1,0.0005,0.9226853552968527,0,e8e42ed60d71a3d0f0a1486171bf165e80d43f9c2ccc63afff94b6738f6a3347,200
metric_contract_v1.2,c38b09694be88aa74de0741b39e9d3ba0d6ff61a,,,b701f780ad99d469949a985b0472b8d1f26be0545e531d92895b7559ca142328,last,analysis/angular_control_gap_ctm_ncp,OOD-7,exploratory,descriptive,id_train,id_test_vs_tin,paired_auroc_difference,,tin,,,,,17793,C1,adam,0.0003,0.0,0.018146836904914587,0,09442d81872d37e49f213f59d4687b6e86e375282e92a87346ad77f88c731cf0,200
metric_contract_v1.2,c38b09694be88aa74de0741b39e9d3ba0d6ff61a,,,b701f780ad99d469949a985b0472b8d1f26be0545e531d92895b7559ca142328,last,analysis/restoration_gap_mahalanobis,OOD-7,exploratory,descriptive,id_train,id_test_vs_tin,paired_auroc_difference,,tin,,,,,17793,C1,adam,0.0003,0.0,0.17102133966380084,0,09442d81872d37e49f213f59d4687b6e86e375282e92a87346ad77f88c731cf0,200
metric_contract_v1.2,c38b09694be88aa74de0741b39e9d3ba0d6ff61a,,,b701f780ad99d469949a985b0472b8d1f26be0545e531d92895b7559ca142328,last,analysis/restoration_gap_relative_mahalanobis,OOD-7,exploratory,descriptive,id_train,id_test_vs_tin,paired_auroc_difference,,tin,,,,,17793,C1,adam,0.0003,0.0,-0.004968831002181262,0,09442d81872d37e49f213f59d4687b6e86e375282e92a87346ad77f88c731cf0,200
metric_contract_v1.2,c38b09694be88aa74de0741b39e9d3ba0d6ff61a,,,b701f780ad99d469949a985b0472b8d1f26be0545e531d92895b7559ca142328,last,ood_metric/ap_in,OOD-2,appendix,up,id_train,id_test_vs_tin,detector_declared,detector/ctm_prototype_cosine,tin,near,,,,17793,C1,adam,0.0003,0.0,0.9176688910976057,0,09442d81872d37e49f213f59d4687b6e86e375282e92a87346ad77f88c731cf0,200
metric_contract_v1.2,c38b09694be88aa74de0741b39e9d3ba0d6ff61a,,,b701f780ad99d469949a985b0472b8d1f26be0545e531d92895b7559ca142328,last,ood_metric/ap_in,OOD-2,appendix,up,id_train,id_test_vs_tin,detector_declared,detector/gda_class_density,tin,near,,,,17793,C1,adam,0.0003,0.0,0.910834587222481,0,09442d81872d37e49f213f59d4687b6e86e375282e92a87346ad77f88c731cf0,200
metric_contract_v1.2,c38b09694be88aa74de0741b39e9d3ba0d6ff61a,,,b701f780ad99d469949a985b0472b8d1f26be0545e531d92895b7559ca142328,last,ood_metric/ap_in,OOD-2,appendix,up,id_train,id_test_vs_tin,detector_declared,detector/knn_l2_k50,tin,near,,,,17793,C1,adam,0.0003,0.0,0.9304453589821009,0,09442d81872d37e49f213f59d4687b6e86e375282e92a87346ad77f88c731cf0,200
metric_contract_v1.2,c38b09694be88aa74de0741b39e9d3ba0d6ff61a,,,b701f780ad99d469949a985b0472b8d1f26be0545e531d92895b7559ca142328,last,ood_metric/ap_in,OOD-2,appendix,up,id_train,id_test_vs_tin,detector_declared,detector/mahalanobis_pp,tin,near,,,,17793,C1,adam,0.0003,0.0,0.9234865944352415,0,09442d81872d37e49f213f59d4687b6e86e375282e92a87346ad77f88c731cf0,200
metric_contract_v1.2,c38b09694be88aa74de0741b39e9d3ba0d6ff61a,,,b701f780ad99d469949a985b0472b8d1f26be0545e531d92895b7559ca142328,last,ood_metric/ap_in,OOD-2,appendix,up,id_train,id_test_vs_tin,detector_declared,detector/mahalanobis_raw,tin,near,,,,17793,C1,adam,0.0003,0.0,0.7861753907625365,0,09442d81872d37e49f213f59d4687b6e86e375282e92a87346ad77f88c731cf0,200
metric_contract_v1.2,c38b09694be88aa74de0741b39e9d3ba0d6ff61a,,,b701f780ad99d469949a985b0472b8d1f26be0545e531d92895b7559ca142328,last,ood_metric/ap_in,OOD-2,appendix,up,id_train,id_test_vs_tin,detector_declared,detector/marginal_mahalanobis_raw,tin,near,,,,17793,C1,adam,0.0003,0.0,0.689994448862113,0,09442d81872d37e49f213f59d4687b6e86e375282e92a87346ad77f88c731cf0,200
metric_contract_v1.2,c38b09694be88aa74de0741b39e9d3ba0d6ff61a,,,b701f780ad99d469949a985b0472b8d1f26be0545e531d92895b7559ca142328,last,ood_metric/ap_in,OOD-2,appendix,up,id_train,id_test_vs_tin,detector_declared,detector/ncp_euclidean_raw,tin,near,,,,17793,C1,adam,0.0003,0.0,0.9005871654687171,0,09442d81872d37e49f213f59d4687b6e86e375282e92a87346ad77f88c731cf0,200
metric_contract_v1.2,c38b09694be88aa74de0741b39e9d3ba0d6ff61a,,,b701f780ad99d469949a985b0472b8d1f26be0545e531d92895b7559ca142328,last,ood_metric/ap_in,OOD-2,appendix,up,id_train,id_test_vs_tin,detector_declared,detector/neco_author_std_dim100,tin,near,,,,17793,C1,adam,0.0003,0.0,0.9244031747877772,0,09442d81872d37e49f213f59d4687b6e86e375282e92a87346ad77f88c731cf0,200
metric_contract_v1.2,c38b09694be88aa74de0741b39e9d3ba0d6ff61a,,,b701f780ad99d469949a985b0472b8d1f26be0545e531d92895b7559ca142328,last,ood_metric/ap_in,OOD-2,appendix,up,id_train,id_test_vs_tin,detector_declared,detector/relative_mahalanobis_pp,tin,near,,,,17793,C1,adam,0.0003,0.0,0.9205081213861164,0,09442d81872d37e49f213f59d4687b6e86e375282e92a87346ad77f88c731cf0,200
metric_contract_v1.2,c38b09694be88aa74de0741b39e9d3ba0d6ff61a,,,b701f780ad99d469949a985b0472b8d1f26be0545e531d92895b7559ca142328,last,ood_metric/ap_in,OOD-2,appendix,up,id_train,id_test_vs_tin,detector_declared,detector/relative_mahalanobis_raw,tin,near,,,,17793,C1,adam,0.0003,0.0,0.9218853922215159,0,09442d81872d37e49f213f59d4687b6e86e375282e92a87346ad77f88c731cf0,200
metric_contract_v1.2,c38b09694be88aa74de0741b39e9d3ba0d6ff61a,,,b701f780ad99d469949a985b0472b8d1f26be0545e531d92895b7559ca142328,last,ood_metric/ap_in,OOD-2,appendix,up,id_train,id_test_vs_tin,detector_declared,detector/vim_author_dim,tin,near,,,,17793,C1,adam,0.0003,0.0,0.9355634064956281,0,09442d81872d37e49f213f59d4687b6e86e375282e92a87346ad77f88c731cf0,200
metric_contract_v1.2,c38b09694be88aa74de0741b39e9d3ba0d6ff61a,,,b701f780ad99d469949a985b0472b8d1f26be0545e531d92895b7559ca142328,last,ood_metric/ap_in,OOD-2,appendix,up,id_train,id_test_vs_tin,detector_declared,detector/vim_dim128,tin,near,,,,17793,C1,adam,0.0003,0.0,0.9362323408386608,0,09442d81872d37e49f213f59d4687b6e86e375282e92a87346ad77f88c731cf0,200
metric_contract_v1.2,c38b09694be88aa74de0741b39e9d3ba0d6ff61a,,,b701f780ad99d469949a985b0472b8d1f26be0545e531d92895b7559ca142328,last,ood_metric/ap_in,OOD-2,appendix,up,id_train,id_test_vs_tin,detector_declared,detector/vim_dim256,tin,near,,,,17793,C1,adam,0.0003,0.0,0.9356150873741901,0,09442d81872d37e49f213f59d4687b6e86e375282e92a87346ad77f88c731cf0,200
metric_contract_v1.2,c38b09694be88aa74de0741b39e9d3ba0d6ff61a,,,b701f780ad99d469949a985b0472b8d1f26be0545e531d92895b7559ca142328,last,ood_metric/ap_in,OOD-2,appendix,up,id_train,id_test_vs_tin,detector_declared,detector/vim_dim320,tin,near,,,,17793,C1,adam,0.0003,0.0,0.9355634064956281,0,09442d81872d37e49f213f59d4687b6e86e375282e92a87346ad77f88c731cf0,200
metric_contract_v1.2,c38b09694be88aa74de0741b39e9d3ba0d6ff61a,,,b701f780ad99d469949a985b0472b8d1f26be0545e531d92895b7559ca142328,last,ood_metric/ap_in,OOD-2,appendix,up,id_train,id_test_vs_tin,detector_declared,detector/vim_dim64,tin,near,,,,17793,C1,adam,0.0003,0.0,0.9369071411405581,0,09442d81872d37e49f213f59d4687b6e86e375282e92a87346ad77f88c731cf0,200
metric_contract_v1.2,c38b09694be88aa74de0741b39e9d3ba0d6ff61a,,,b701f780ad99d469949a985b0472b8d1f26be0545e531d92895b7559ca142328,last,ood_metric/ap_in,OOD-2,appendix,up,id_train,id_test_vs_tin,detector_declared,detector/weight_cosine_appendix,tin,near,,,,17793,C1,adam,0.0003,0.0,0.9322936838932394,0,09442d81872d37e49f213f59d4687b6e86e375282e92a87346ad77f88c731cf0,200
metric_contract_v1.2,c38b09694be88aa74de0741b39e9d3ba0d6ff61a,,,b701f780ad99d469949a985b0472b8d1f26be0545e531d92895b7559ca142328,last,ood_metric/ap_in,OOD-2,appendix,up,,id_test_vs_tin,detector_declared,ood_score/energy_t1,tin,near,,,,17793,C1,adam,0.0003,0.0,0.9412461631419011,0,09442d81872d37e49f213f59d4687b6e86e375282e92a87346ad77f88c731cf0,200
metric_contract_v1.2,c38b09694be88aa74de0741b39e9d3ba0d6ff61a,,,b701f780ad99d469949a985b0472b8d1f26be0545e531d92895b7559ca142328,last,ood_metric/ap_in,OOD-2,appendix,up,,id_test_vs_tin,detector_declared,ood_score/max_logit,tin,near,,,,17793,C1,adam,0.0003,0.0,0.9411316638057254,0,09442d81872d37e49f213f59d4687b6e86e375282e92a87346ad77f88c731cf0,200
metric_contract_v1.2,c38b09694be88aa74de0741b39e9d3ba0d6ff61a,,,b701f780ad99d469949a985b0472b8d1f26be0545e531d92895b7559ca142328,last,ood_metric/ap_in,OOD-2,appendix,up,,id_test_vs_tin,detector_declared,ood_score/msp,tin,near,,,,17793,C1,adam,0.0003,0.0,0.9276078282583843,0,09442d81872d37e49f213f59d4687b6e86e375282e92a87346ad77f88c731cf0,200
metric_contract_v1.2,c38b09694be88aa74de0741b39e9d3ba0d6ff61a,,,b701f780ad99d469949a985b0472b8d1f26be0545e531d92895b7559ca142328,last,ood_metric/ap_out,OOD-3,appendix,up,id_train,id_test_vs_tin,detector_declared,detector/ctm_prototype_cosine,tin,near,,,,17793,C1,adam,0.0003,0.0,0.8466381387142932,0,09442d81872d37e49f213f59d4687b6e86e375282e92a87346ad77f88c731cf0,200
metric_contract_v1.2,c38b09694be88aa74de0741b39e9d3ba0d6ff61a,,,b701f780ad99d469949a985b0472b8d1f26be0545e531d92895b7559ca142328,last,ood_metric/ap_out,OOD-3,appendix,up,id_train,id_test_vs_tin,detector_declared,detector/gda_class_density,tin,near,,,,17793,C1,adam,0.0003,0.0,0.8152449237311978,0,09442d81872d37e49f213f59d4687b6e86e375282e92a87346ad77f88c731cf0,200
metric_contract_v1.2,c38b09694be88aa74de0741b39e9d3ba0d6ff61a,,,b701f780ad99d469949a985b0472b8d1f26be0545e531d92895b7559ca142328,last,ood_metric/ap_out,OOD-3,appendix,up,id_train,id_test_vs_tin,detector_declared,detector/knn_l2_k50,tin,near,,,,17793,C1,adam,0.0003,0.0,0.8625529522541211,0,09442d81872d37e49f213f59d4687b6e86e375282e92a87346ad77f88c731cf0,200
metric_contract_v1.2,c38b09694be88aa74de0741b39e9d3ba0d6ff61a,,,b701f780ad99d469949a985b0472b8d1f26be0545e531d92895b7559ca142328,last,ood_metric/ap_out,OOD-3,appendix,up,id_train,id_test_vs_tin,detector_declared,detector/mahalanobis_pp,tin,near,,,,17793,C1,adam,0.0003,0.0,0.8590077209459639,0,09442d81872d37e49f213f59d4687b6e86e375282e92a87346ad77f88c731cf0,200
metric_contract_v1.2,c38b09694be88aa74de0741b39e9d3ba0d6ff61a,,,b701f780ad99d469949a985b0472b8d1f26be0545e531d92895b7559ca142328,last,ood_metric/ap_out,OOD-3,appendix,up,id_train,id_test_vs_tin,detector_declared,detector/mahalanobis_raw,tin,near,,,,17793,C1,adam,0.0003,0.0,0.6350390926613219,0,09442d81872d37e49f213f59d4687b6e86e375282e92a87346ad77f88c731cf0,200
metric_contract_v1.2,c38b09694be88aa74de0741b39e9d3ba0d6ff61a,,,b701f780ad99d469949a985b0472b8d1f26be0545e531d92895b7559ca142328,last,ood_metric/ap_out,OOD-3,appendix,up,id_train,id_test_vs_tin,detector_declared,detector/marginal_mahalanobis_raw,tin,near,,,,17793,C1,adam,0.0003,0.0,0.5508062875878404,0,09442d81872d37e49f213f59d4687b6e86e375282e92a87346ad77f88c731cf0,200
metric_contract_v1.2,c38b09694be88aa74de0741b39e9d3ba0d6ff61a,,,b701f780ad99d469949a985b0472b8d1f26be0545e531d92895b7559ca142328,last,ood_metric/ap_out,OOD-3,appendix,up,id_train,id_test_vs_tin,detector_declared,detector/ncp_euclidean_raw,tin,near,,,,17793,C1,adam,0.0003,0.0,0.8133707387370347,0,09442d81872d37e49f213f59d4687b6e86e375282e92a87346ad77f88c731cf0,200
metric_contract_v1.2,c38b09694be88aa74de0741b39e9d3ba0d6ff61a,,,b701f780ad99d469949a985b0472b8d1f26be0545e531d92895b7559ca142328,last,ood_metric/ap_out,OOD-3,appendix,up,id_train,id_test_vs_tin,detector_declared,detector/neco_author_std_dim100,tin,near,,,,17793,C1,adam,0.0003,0.0,0.8392499387596762,0,09442d81872d37e49f213f59d4687b6e86e375282e92a87346ad77f88c731cf0,200
metric_contract_v1.2,c38b09694be88aa74de0741b39e9d3ba0d6ff61a,,,b701f780ad99d469949a985b0472b8d1f26be0545e531d92895b7559ca142328,last,ood_metric/ap_out,OOD-3,appendix,up,id_train,id_test_vs_tin,detector_declared,detector/relative_mahalanobis_pp,tin,near,,,,17793,C1,adam,0.0003,0.0,0.8449997233472126,0,09442d81872d37e49f213f59d4687b6e86e375282e92a87346ad77f88c731cf0,200
metric_contract_v1.2,c38b09694be88aa74de0741b39e9d3ba0d6ff61a,,,b701f780ad99d469949a985b0472b8d1f26be0545e531d92895b7559ca142328,last,ood_metric/ap_out,OOD-3,appendix,up,id_train,id_test_vs_tin,detector_declared,detector/relative_mahalanobis_raw,tin,near,,,,17793,C1,adam,0.0003,0.0,0.8554502688783696,0,09442d81872d37e49f213f59d4687b6e86e375282e92a87346ad77f88c731cf0,200
metric_contract_v1.2,c38b09694be88aa74de0741b39e9d3ba0d6ff61a,,,b701f780ad99d469949a985b0472b8d1f26be0545e531d92895b7559ca142328,last,ood_metric/ap_out,OOD-3,appendix,up,id_train,id_test_vs_tin,detector_declared,detector/vim_author_dim,tin,near,,,,17793,C1,adam,0.0003,0.0,0.8577524838910007,0,09442d81872d37e49f213f59d4687b6e86e375282e92a87346ad77f88c731cf0,200
metric_contract_v1.2,c38b09694be88aa74de0741b39e9d3ba0d6ff61a,,,b701f780ad99d469949a985b0472b8d1f26be0545e531d92895b7559ca142328,last,ood_metric/ap_out,OOD-3,appendix,up,id_train,id_test_vs_tin,detector_declared,detector/vim_dim128,tin,near,,,,17793,C1,adam,0.0003,0.0,0.8574946203355882,0,09442d81872d37e49f213f59d4687b6e86e375282e92a87346ad77f88c731cf0,200
metric_contract_v1.2,c38b09694be88aa74de0741b39e9d3ba0d6ff61a,,,b701f780ad99d469949a985b0472b8d1f26be0545e531d92895b7559ca142328,last,ood_metric/ap_out,OOD-3,appendix,up,id_train,id_test_vs_tin,detector_declared,detector/vim_dim256,tin,near,,,,17793,C1,adam,0.0003,0.0,0.8564464374478264,0,09442d81872d37e49f213f59d4687b6e86e375282e92a87346ad77f88c731cf0,200
metric_contract_v1.2,c38b09694be88aa74de0741b39e9d3ba0d6ff61a,,,b701f780ad99d469949a985b0472b8d1f26be0545e531d92895b7559ca142328,last,ood_metric/ap_out,OOD-3,appendix,up,id_train,id_test_vs_tin,detector_declared,detector/vim_dim320,tin,near,,,,17793,C1,adam,0.0003,0.0,0.8577524838910007,0,09442d81872d37e49f213f59d4687b6e86e375282e92a87346ad77f88c731cf0,200
metric_contract_v1.2,c38b09694be88aa74de0741b39e9d3ba0d6ff61a,,,b701f780ad99d469949a985b0472b8d1f26be0545e531d92895b7559ca142328,last,ood_metric/ap_out,OOD-3,appendix,up,id_train,id_test_vs_tin,detector_declared,detector/vim_dim64,tin,near,,,,17793,C1,adam,0.0003,0.0,0.8639729642792813,0,09442d81872d37e49f213f59d4687b6e86e375282e92a87346ad77f88c731cf0,200
metric_contract_v1.2,c38b09694be88aa74de0741b39e9d3ba0d6ff61a,,,b701f780ad99d469949a985b0472b8d1f26be0545e531d92895b7559ca142328,last,ood_metric/ap_out,OOD-3,appendix,up,id_train,id_test_vs_tin,detector_declared,detector/weight_cosine_appendix,tin,near,,,,17793,C1,adam,0.0003,0.0,0.8587594305480222,0,09442d81872d37e49f213f59d4687b6e86e375282e92a87346ad77f88c731cf0,200
metric_contract_v1.2,c38b09694be88aa74de0741b39e9d3ba0d6ff61a,,,b701f780ad99d469949a985b0472b8d1f26be0545e531d92895b7559ca142328,last,ood_metric/ap_out,OOD-3,appendix,up,,id_test_vs_tin,detector_declared,ood_score/energy_t1,tin,near,,,,17793,C1,adam,0.0003,0.0,0.8700391476289417,0,09442d81872d37e49f213f59d4687b6e86e375282e92a87346ad77f88c731cf0,200
metric_contract_v1.2,c38b09694be88aa74de0741b39e9d3ba0d6ff61a,,,b701f780ad99d469949a985b0472b8d1f26be0545e531d92895b7559ca142328,last,ood_metric/ap_out,OOD-3,appendix,up,,id_test_vs_tin,detector_declared,ood_score/max_logit,tin,near,,,,17793,C1,adam,0.0003,0.0,0.8700160439067595,0,09442d81872d37e49f213f59d4687b6e86e375282e92a87346ad77f88c731cf0,200
metric_contract_v1.2,c38b09694be88aa74de0741b39e9d3ba0d6ff61a,,,b701f780ad99d469949a985b0472b8d1f26be0545e531d92895b7559ca142328,last,ood_metric/ap_out,OOD-3,appendix,up,,id_test_vs_tin,detector_declared,ood_score/msp,tin,near,,,,17793,C1,adam,0.0003,0.0,0.8247531775431468,0,09442d81872d37e49f213f59d4687b6e86e375282e92a87346ad77f88c731cf0,200
metric_contract_v1.2,c38b09694be88aa74de0741b39e9d3ba0d6ff61a,,,b701f780ad99d469949a985b0472b8d1f26be0545e531d92895b7559ca142328,last,ood_metric/aupr_in_openood_auc,OOD-2,primary,up,id_train,id_test_vs_tin,detector_declared,detector/ctm_prototype_cosine,tin,near,,,,17793,C1,adam,0.0003,0.0,0.917660338887067,0,09442d81872d37e49f213f59d4687b6e86e375282e92a87346ad77f88c731cf0,200
metric_contract_v1.2,c38b09694be88aa74de0741b39e9d3ba0d6ff61a,,,b701f780ad99d469949a985b0472b8d1f26be0545e531d92895b7559ca142328,last,ood_metric/aupr_in_openood_auc,OOD-2,primary,up,id_train,id_test_vs_tin,detector_declared,detector/gda_class_density,tin,near,,,,17793,C1,adam,0.0003,0.0,0.910828798417751,0,09442d81872d37e49f213f59d4687b6e86e375282e92a87346ad77f88c731cf0,200
metric_contract_v1.2,c38b09694be88aa74de0741b39e9d3ba0d6ff61a,,,b701f780ad99d469949a985b0472b8d1f26be0545e531d92895b7559ca142328,last,ood_metric/aupr_in_openood_auc,OOD-2,primary,up,id_train,id_test_vs_tin,detector_declared,detector/knn_l2_k50,tin,near,,,,17793,C1,adam,0.0003,0.0,0.9304409848965578,0,09442d81872d37e49f213f59d4687b6e86e375282e92a87346ad77f88c731cf0,200
metric_contract_v1.2,c38b09694be88aa74de0741b39e9d3ba0d6ff61a,,,b701f780ad99d469949a985b0472b8d1f26be0545e531d92895b7559ca142328,last,ood_metric/aupr_in_openood_auc,OOD-2,primary,up,id_train,id_test_vs_tin,detector_declared,detector/mahalanobis_pp,tin,near,,,,17793,C1,adam,0.0003,0.0,0.9234819290326719,0,09442d81872d37e49f213f59d4687b6e86e375282e92a87346ad77f88c731cf0,200
metric_contract_v1.2,c38b09694be88aa74de0741b39e9d3ba0d6ff61a,,,b701f780ad99d469949a985b0472b8d1f26be0545e531d92895b7559ca142328,last,ood_metric/aupr_in_openood_auc,OOD-2,primary,up,id_train,id_test_vs_tin,detector_declared,detector/mahalanobis_raw,tin,near,,,,17793,C1,adam,0.0003,0.0,0.7861583005156421,0,09442d81872d37e49f213f59d4687b6e86e375282e92a87346ad77f88c731cf0,200
metric_contract_v1.2,c38b09694be88aa74de0741b39e9d3ba0d6ff61a,,,b701f780ad99d469949a985b0472b8d1f26be0545e531d92895b7559ca142328,last,ood_metric/aupr_in_openood_auc,OOD-2,primary,up,id_train,id_test_vs_tin,detector_declared,detector/marginal_mahalanobis_raw,tin,near,,,,17793,C1,adam,0.0003,0.0,0.6899564975254755,0,09442d81872d37e49f213f59d4687b6e86e375282e92a87346ad77f88c731cf0,200
metric_contract_v1.2,c38b09694be88aa74de0741b39e9d3ba0d6ff61a,,,b701f780ad99d469949a985b0472b8d1f26be0545e531d92895b7559ca142328,last,ood_metric/aupr_in_openood_auc,OOD-2,primary,up,id_train,id_test_vs_tin,detector_declared,detector/ncp_euclidean_raw,tin,near,,,,17793,C1,adam,0.0003,0.0,0.9005781458534139,0,09442d81872d37e49f213f59d4687b6e86e375282e92a87346ad77f88c731cf0,200
metric_contract_v1.2,c38b09694be88aa74de0741b39e9d3ba0d6ff61a,,,b701f780ad99d469949a985b0472b8d1f26be0545e531d92895b7559ca142328,last,ood_metric/aupr_in_openood_auc,OOD-2,primary,up,id_train,id_test_vs_tin,detector_declared,detector/neco_author_std_dim100,tin,near,,,,17793,C1,adam,0.0003,0.0,0.9243989214342156,0,09442d81872d37e49f213f59d4687b6e86e375282e92a87346ad77f88c731cf0,200
metric_contract_v1.2,c38b09694be88aa74de0741b39e9d3ba0d6ff61a,,,b701f780ad99d469949a985b0472b8d1f26be0545e531d92895b7559ca142328,last,ood_metric/aupr_in_openood_auc,OOD-2,primary,up,id_train,id_test_vs_tin,detector_declared,detector/relative_mahalanobis_pp,tin,near,,,,17793,C1,adam,0.0003,0.0,0.9205016973014797,0,09442d81872d37e49f213f59d4687b6e86e375282e92a87346ad77f88c731cf0,200
metric_contract_v1.2,c38b09694be88aa74de0741b39e9d3ba0d6ff61a,,,b701f780ad99d469949a985b0472b8d1f26be0545e531d92895b7559ca142328,last,ood_metric/aupr_in_openood_auc,OOD-2,primary,up,id_train,id_test_vs_tin,detector_declared,detector/relative_mahalanobis_raw,tin,near,,,,17793,C1,adam,0.0003,0.0,0.9218783726479003,0,09442d81872d37e49f213f59d4687b6e86e375282e92a87346ad77f88c731cf0,200
metric_contract_v1.2,c38b09694be88aa74de0741b39e9d3ba0d6ff61a,,,b701f780ad99d469949a985b0472b8d1f26be0545e531d92895b7559ca142328,last,ood_metric/aupr_in_openood_auc,OOD-2,primary,up,id_train,id_test_vs_tin,detector_declared,detector/vim_author_dim,tin,near,,,,17793,C1,adam,0.0003,0.0,0.9355598289430158,0,09442d81872d37e49f213f59d4687b6e86e375282e92a87346ad77f88c731cf0,200
metric_contract_v1.2,c38b09694be88aa74de0741b39e9d3ba0d6ff61a,,,b701f780ad99d469949a985b0472b8d1f26be0545e531d92895b7559ca142328,last,ood_metric/aupr_in_openood_auc,OOD-2,primary,up,id_train,id_test_vs_tin,detector_declared,detector/vim_dim128,tin,near,,,,17793,C1,adam,0.0003,0.0,0.9362289463104858,0,09442d81872d37e49f213f59d4687b6e86e375282e92a87346ad77f88c731cf0,200
metric_contract_v1.2,c38b09694be88aa74de0741b39e9d3ba0d6ff61a,,,b701f780ad99d469949a985b0472b8d1f26be0545e531d92895b7559ca142328,last,ood_metric/aupr_in_openood_auc,OOD-2,primary,up,id_train,id_test_vs_tin,detector_declared,detector/vim_dim256,tin,near,,,,17793,C1,adam,0.0003,0.0,0.9356115671599065,0,09442d81872d37e49f213f59d4687b6e86e375282e92a87346ad77f88c731cf0,200
metric_contract_v1.2,c38b09694be88aa74de0741b39e9d3ba0d6ff61a,,,b701f780ad99d469949a985b0472b8d1f26be0545e531d92895b7559ca142328,last,ood_metric/aupr_in_openood_auc,OOD-2,primary,up,id_train,id_test_vs_tin,detector_declared,detector/vim_dim320,tin,near,,,,17793,C1,adam,0.0003,0.0,0.9355598289430158,0,09442d81872d37e49f213f59d4687b6e86e375282e92a87346ad77f88c731cf0,200
metric_contract_v1.2,c38b09694be88aa74de0741b39e9d3ba0d6ff61a,,,b701f780ad99d469949a985b0472b8d1f26be0545e531d92895b7559ca142328,last,ood_metric/aupr_in_openood_auc,OOD-2,primary,up,id_train,id_test_vs_tin,detector_declared,detector/vim_dim64,tin,near,,,,17793,C1,adam,0.0003,0.0,0.936903835299735,0,09442d81872d37e49f213f59d4687b6e86e375282e92a87346ad77f88c731cf0,200
metric_contract_v1.2,c38b09694be88aa74de0741b39e9d3ba0d6ff61a,,,b701f780ad99d469949a985b0472b8d1f26be0545e531d92895b7559ca142328,last,ood_metric/aupr_in_openood_auc,OOD-2,primary,up,id_train,id_test_vs_tin,detector_declared,detector/weight_cosine_appendix,tin,near,,,,17793,C1,adam,0.0003,0.0,0.9322899287057183,0,09442d81872d37e49f213f59d4687b6e86e375282e92a87346ad77f88c731cf0,200
metric_contract_v1.2,c38b09694be88aa74de0741b39e9d3ba0d6ff61a,,,b701f780ad99d469949a985b0472b8d1f26be0545e531d92895b7559ca142328,last,ood_metric/aupr_in_openood_auc,OOD-2,primary,up,,id_test_vs_tin,detector_declared,ood_score/energy_t1,tin,near,,,,17793,C1,adam,0.0003,0.0,0.9412430398109141,0,09442d81872d37e49f213f59d4687b6e86e375282e92a87346ad77f88c731cf0,200
metric_contract_v1.2,c38b09694be88aa74de0741b39e9d3ba0d6ff61a,,,b701f780ad99d469949a985b0472b8d1f26be0545e531d92895b7559ca142328,last,ood_metric/aupr_in_openood_auc,OOD-2,primary,up,,id_test_vs_tin,detector_declared,ood_score/max_logit,tin,near,,,,17793,C1,adam,0.0003,0.0,0.9411285356307917,0,09442d81872d37e49f213f59d4687b6e86e375282e92a87346ad77f88c731cf0,200
metric_contract_v1.2,c38b09694be88aa74de0741b39e9d3ba0d6ff61a,,,b701f780ad99d469949a985b0472b8d1f26be0545e531d92895b7559ca142328,last,ood_metric/aupr_in_openood_auc,OOD-2,primary,up,,id_test_vs_tin,detector_declared,ood_score/msp,tin,near,,,,17793,C1,adam,0.0003,0.0,0.9276503896458457,0,09442d81872d37e49f213f59d4687b6e86e375282e92a87346ad77f88c731cf0,200
metric_contract_v1.2,c38b09694be88aa74de0741b39e9d3ba0d6ff61a,,,b701f780ad99d469949a985b0472b8d1f26be0545e531d92895b7559ca142328,last,ood_metric/aupr_out_openood_auc,OOD-3,primary,up,id_train,id_test_vs_tin,detector_declared,detector/ctm_prototype_cosine,tin,near,,,,17793,C1,adam,0.0003,0.0,0.8466210282153084,0,09442d81872d37e49f213f59d4687b6e86e375282e92a87346ad77f88c731cf0,200
metric_contract_v1.2,c38b09694be88aa74de0741b39e9d3ba0d6ff61a,,,b701f780ad99d469949a985b0472b8d1f26be0545e531d92895b7559ca142328,last,ood_metric/aupr_out_openood_auc,OOD-3,primary,up,id_train,id_test_vs_tin,detector_declared,detector/gda_class_density,tin,near,,,,17793,C1,adam,0.0003,0.0,0.8152074280596104,0,09442d81872d37e49f213f59d4687b6e86e375282e92a87346ad77f88c731cf0,200
metric_contract_v1.2,c38b09694be88aa74de0741b39e9d3ba0d6ff61a,,,b701f780ad99d469949a985b0472b8d1f26be0545e531d92895b7559ca142328,last,ood_metric/aupr_out_openood_auc,OOD-3,primary,up,id_train,id_test_vs_tin,detector_declared,detector/knn_l2_k50,tin,near,,,,17793,C1,adam,0.0003,0.0,0.8625359020952141,0,09442d81872d37e49f213f59d4687b6e86e375282e92a87346ad77f88c731cf0,200
metric_contract_v1.2,c38b09694be88aa74de0741b39e9d3ba0d6ff61a,,,b701f780ad99d469949a985b0472b8d1f26be0545e531d92895b7559ca142328,last,ood_metric/aupr_out_openood_auc,OOD-3,primary,up,id_train,id_test_vs_tin,detector_declared,detector/mahalanobis_pp,tin,near,,,,17793,C1,adam,0.0003,0.0,0.858993284391173,0,09442d81872d37e49f213f59d4687b6e86e375282e92a87346ad77f88c731cf0,200
metric_contract_v1.2,c38b09694be88aa74de0741b39e9d3ba0d6ff61a,,,b701f780ad99d469949a985b0472b8d1f26be0545e531d92895b7559ca142328,last,ood_metric/aupr_out_openood_auc,OOD-3,primary,up,id_train,id_test_vs_tin,detector_declared,detector/mahalanobis_raw,tin,near,,,,17793,C1,adam,0.0003,0.0,0.6349712235661511,0,09442d81872d37e49f213f59d4687b6e86e375282e92a87346ad77f88c731cf0,200
metric_contract_v1.2,c38b09694be88aa74de0741b39e9d3ba0d6ff61a,,,b701f780ad99d469949a985b0472b8d1f26be0545e531d92895b7559ca142328,last,ood_metric/aupr_out_openood_auc,OOD-3,primary,up,id_train,id_test_vs_tin,detector_declared,detector/marginal_mahalanobis_raw,tin,near,,,,17793,C1,adam,0.0003,0.0,0.5507273682958258,0,09442d81872d37e49f213f59d4687b6e86e375282e92a87346ad77f88c731cf0,200
metric_contract_v1.2,c38b09694be88aa74de0741b39e9d3ba0d6ff61a,,,b701f780ad99d469949a985b0472b8d1f26be0545e531d92895b7559ca142328,last,ood_metric/aupr_out_openood_auc,OOD-3,primary,up,id_train,id_test_vs_tin,detector_declared,detector/ncp_euclidean_raw,tin,near,,,,17793,C1,adam,0.0003,0.0,0.8133210865928849,0,09442d81872d37e49f213f59d4687b6e86e375282e92a87346ad77f88c731cf0,200
metric_contract_v1.2,c38b09694be88aa74de0741b39e9d3ba0d6ff61a,,,b701f780ad99d469949a985b0472b8d1f26be0545e531d92895b7559ca142328,last,ood_metric/aupr_out_openood_auc,OOD-3,primary,up,id_train,id_test_vs_tin,detector_declared,detector/neco_author_std_dim100,tin,near,,,,17793,C1,adam,0.0003,0.0,0.8392128396412748,0,09442d81872d37e49f213f59d4687b6e86e375282e92a87346ad77f88c731cf0,200
metric_contract_v1.2,c38b09694be88aa74de0741b39e9d3ba0d6ff61a,,,b701f780ad99d469949a985b0472b8d1f26be0545e531d92895b7559ca142328,last,ood_metric/aupr_out_openood_auc,OOD-3,primary,up,id_train,id_test_vs_tin,detector_declared,detector/relative_mahalanobis_pp,tin,near,,,,17793,C1,adam,0.0003,0.0,0.8449766157469688,0,09442d81872d37e49f213f59d4687b6e86e375282e92a87346ad77f88c731cf0,200
metric_contract_v1.2,c38b09694be88aa74de0741b39e9d3ba0d6ff61a,,,b701f780ad99d469949a985b0472b8d1f26be0545e531d92895b7559ca142328,last,ood_metric/aupr_out_openood_auc,OOD-3,primary,up,id_train,id_test_vs_tin,detector_declared,detector/relative_mahalanobis_raw,tin,near,,,,17793,C1,adam,0.0003,0.0,0.8554312063866014,0,09442d81872d37e49f213f59d4687b6e86e375282e92a87346ad77f88c731cf0,200
metric_contract_v1.2,c38b09694be88aa74de0741b39e9d3ba0d6ff61a,,,b701f780ad99d469949a985b0472b8d1f26be0545e531d92895b7559ca142328,last,ood_metric/aupr_out_openood_auc,OOD-3,primary,up,id_train,id_test_vs_tin,detector_declared,detector/vim_author_dim,tin,near,,,,17793,C1,adam,0.0003,0.0,0.8577295440397619,0,09442d81872d37e49f213f59d4687b6e86e375282e92a87346ad77f88c731cf0,200
metric_contract_v1.2,c38b09694be88aa74de0741b39e9d3ba0d6ff61a,,,b701f780ad99d469949a985b0472b8d1f26be0545e531d92895b7559ca142328,last,ood_metric/aupr_out_openood_auc,OOD-3,primary,up,id_train,id_test_vs_tin,detector_declared,detector/vim_dim128,tin,near,,,,17793,C1,adam,0.0003,0.0,0.8574714873015544,0,09442d81872d37e49f213f59d4687b6e86e375282e92a87346ad77f88c731cf0,200
metric_contract_v1.2,c38b09694be88aa74de0741b39e9d3ba0d6ff61a,,,b701f780ad99d469949a985b0472b8d1f26be0545e531d92895b7559ca142328,last,ood_metric/aupr_out_openood_auc,OOD-3,primary,up,id_train,id_test_vs_tin,detector_declared,detector/vim_dim256,tin,near,,,,17793,C1,adam,0.0003,0.0,0.8564207404328873,0,09442d81872d37e49f213f59d4687b6e86e375282e92a87346ad77f88c731cf0,200
metric_contract_v1.2,c38b09694be88aa74de0741b39e9d3ba0d6ff61a,,,b701f780ad99d469949a985b0472b8d1f26be0545e531d92895b7559ca142328,last,ood_metric/aupr_out_openood_auc,OOD-3,primary,up,id_train,id_test_vs_tin,detector_declared,detector/vim_dim320,tin,near,,,,17793,C1,adam,0.0003,0.0,0.8577295440397619,0,09442d81872d37e49f213f59d4687b6e86e375282e92a87346ad77f88c731cf0,200
metric_contract_v1.2,c38b09694be88aa74de0741b39e9d3ba0d6ff61a,,,b701f780ad99d469949a985b0472b8d1f26be0545e531d92895b7559ca142328,last,ood_metric/aupr_out_openood_auc,OOD-3,primary,up,id_train,id_test_vs_tin,detector_declared,detector/vim_dim64,tin,near,,,,17793,C1,adam,0.0003,0.0,0.8639548675047763,0,09442d81872d37e49f213f59d4687b6e86e375282e92a87346ad77f88c731cf0,200
metric_contract_v1.2,c38b09694be88aa74de0741b39e9d3ba0d6ff61a,,,b701f780ad99d469949a985b0472b8d1f26be0545e531d92895b7559ca142328,last,ood_metric/aupr_out_openood_auc,OOD-3,primary,up,id_train,id_test_vs_tin,detector_declared,detector/weight_cosine_appendix,tin,near,,,,17793,C1,adam,0.0003,0.0,0.8587248388687094,0,09442d81872d37e49f213f59d4687b6e86e375282e92a87346ad77f88c731cf0,200
metric_contract_v1.2,c38b09694be88aa74de0741b39e9d3ba0d6ff61a,,,b701f780ad99d469949a985b0472b8d1f26be0545e531d92895b7559ca142328,last,ood_metric/aupr_out_openood_auc,OOD-3,primary,up,,id_test_vs_tin,detector_declared,ood_score/energy_t1,tin,near,,,,17793,C1,adam,0.0003,0.0,0.8700081829478559,0,09442d81872d37e49f213f59d4687b6e86e375282e92a87346ad77f88c731cf0,200
metric_contract_v1.2,c38b09694be88aa74de0741b39e9d3ba0d6ff61a,,,b701f780ad99d469949a985b0472b8d1f26be0545e531d92895b7559ca142328,last,ood_metric/aupr_out_openood_auc,OOD-3,primary,up,,id_test_vs_tin,detector_declared,ood_score/max_logit,tin,near,,,,17793,C1,adam,0.0003,0.0,0.8699842138442756,0,09442d81872d37e49f213f59d4687b6e86e375282e92a87346ad77f88c731cf0,200
metric_contract_v1.2,c38b09694be88aa74de0741b39e9d3ba0d6ff61a,,,b701f780ad99d469949a985b0472b8d1f26be0545e531d92895b7559ca142328,last,ood_metric/aupr_out_openood_auc,OOD-3,primary,up,,id_test_vs_tin,detector_declared,ood_score/msp,tin,near,,,,17793,C1,adam,0.0003,0.0,0.8247010738861248,0,09442d81872d37e49f213f59d4687b6e86e375282e92a87346ad77f88c731cf0,200
metric_contract_v1.2,c38b09694be88aa74de0741b39e9d3ba0d6ff61a,,,b701f780ad99d469949a985b0472b8d1f26be0545e531d92895b7559ca142328,last,ood_metric/auroc_id_positive,OOD-1,primary,up,id_train,id_test_vs_tin,detector_declared,detector/ctm_prototype_cosine,tin,near,,,,17793,C1,adam,0.0003,0.0,0.891319222379058,0,09442d81872d37e49f213f59d4687b6e86e375282e92a87346ad77f88c731cf0,200
metric_contract_v1.2,c38b09694be88aa74de0741b39e9d3ba0d6ff61a,,,b701f780ad99d469949a985b0472b8d1f26be0545e531d92895b7559ca142328,last,ood_metric/auroc_id_positive,OOD-1,primary,up,id_train,id_test_vs_tin,detector_declared,detector/gda_class_density,tin,near,,,,17793,C1,adam,0.0003,0.0,0.8790188630822533,0,09442d81872d37e49f213f59d4687b6e86e375282e92a87346ad77f88c731cf0,200
metric_contract_v1.2,c38b09694be88aa74de0741b39e9d3ba0d6ff61a,,,b701f780ad99d469949a985b0472b8d1f26be0545e531d92895b7559ca142328,last,ood_metric/auroc_id_positive,OOD-1,primary,up,id_train,id_test_vs_tin,detector_declared,detector/knn_l2_k50,tin,near,,,,17793,C1,adam,0.0003,0.0,0.9043567688951624,0,09442d81872d37e49f213f59d4687b6e86e375282e92a87346ad77f88c731cf0,200
metric_contract_v1.2,c38b09694be88aa74de0741b39e9d3ba0d6ff61a,,,b701f780ad99d469949a985b0472b8d1f26be0545e531d92895b7559ca142328,last,ood_metric/auroc_id_positive,OOD-1,primary,up,id_train,id_test_vs_tin,detector_declared,detector/mahalanobis_pp,tin,near,,,,17793,C1,adam,0.0003,0.0,0.8969183241370461,0,09442d81872d37e49f213f59d4687b6e86e375282e92a87346ad77f88c731cf0,200
metric_contract_v1.2,c38b09694be88aa74de0741b39e9d3ba0d6ff61a,,,b701f780ad99d469949a985b0472b8d1f26be0545e531d92895b7559ca142328,last,ood_metric/auroc_id_positive,OOD-1,primary,up,id_train,id_test_vs_tin,detector_declared,detector/mahalanobis_raw,tin,near,,,,17793,C1,adam,0.0003,0.0,0.7258969844732452,0,09442d81872d37e49f213f59d4687b6e86e375282e92a87346ad77f88c731cf0,200
metric_contract_v1.2,c38b09694be88aa74de0741b39e9d3ba0d6ff61a,,,b701f780ad99d469949a985b0472b8d1f26be0545e531d92895b7559ca142328,last,ood_metric/auroc_id_positive,OOD-1,primary,up,id_train,id_test_vs_tin,detector_declared,detector/marginal_mahalanobis_raw,tin,near,,,,17793,C1,adam,0.0003,0.0,0.6264611574489927,0,09442d81872d37e49f213f59d4687b6e86e375282e92a87346ad77f88c731cf0,200
metric_contract_v1.2,c38b09694be88aa74de0741b39e9d3ba0d6ff61a,,,b701f780ad99d469949a985b0472b8d1f26be0545e531d92895b7559ca142328,last,ood_metric/auroc_id_positive,OOD-1,primary,up,id_train,id_test_vs_tin,detector_declared,detector/ncp_euclidean_raw,tin,near,,,,17793,C1,adam,0.0003,0.0,0.8731723854741434,0,09442d81872d37e49f213f59d4687b6e86e375282e92a87346ad77f88c731cf0,200
metric_contract_v1.2,c38b09694be88aa74de0741b39e9d3ba0d6ff61a,,,b701f780ad99d469949a985b0472b8d1f26be0545e531d92895b7559ca142328,last,ood_metric/auroc_id_positive,OOD-1,primary,up,id_train,id_test_vs_tin,detector_declared,detector/neco_author_std_dim100,tin,near,,,,17793,C1,adam,0.0003,0.0,0.8935996150391377,0,09442d81872d37e49f213f59d4687b6e86e375282e92a87346ad77f88c731cf0,200
metric_contract_v1.2,c38b09694be88aa74de0741b39e9d3ba0d6ff61a,,,b701f780ad99d469949a985b0472b8d1f26be0545e531d92895b7559ca142328,last,ood_metric/auroc_id_positive,OOD-1,primary,up,id_train,id_test_vs_tin,detector_declared,detector/relative_mahalanobis_pp,tin,near,,,,17793,C1,adam,0.0003,0.0,0.8946982420120622,0,09442d81872d37e49f213f59d4687b6e86e375282e92a87346ad77f88c731cf0,200
metric_contract_v1.2,c38b09694be88aa74de0741b39e9d3ba0d6ff61a,,,b701f780ad99d469949a985b0472b8d1f26be0545e531d92895b7559ca142328,last,ood_metric/auroc_id_positive,OOD-1,primary,up,id_train,id_test_vs_tin,detector_declared,detector/relative_mahalanobis_raw,tin,near,,,,17793,C1,adam,0.0003,0.0,0.8996670730142434,0,09442d81872d37e49f213f59d4687b6e86e375282e92a87346ad77f88c731cf0,200
metric_contract_v1.2,c38b09694be88aa74de0741b39e9d3ba0d6ff61a,,,b701f780ad99d469949a985b0472b8d1f26be0545e531d92895b7559ca142328,last,ood_metric/auroc_id_positive,OOD-1,primary,up,id_train,id_test_vs_tin,detector_declared,detector/vim_author_dim,tin,near,,,,17793,C1,adam,0.0003,0.0,0.9079228025150776,0,09442d81872d37e49f213f59d4687b6e86e375282e92a87346ad77f88c731cf0,200
metric_contract_v1.2,c38b09694be88aa74de0741b39e9d3ba0d6ff61a,,,b701f780ad99d469949a985b0472b8d1f26be0545e531d92895b7559ca142328,last,ood_metric/auroc_id_positive,OOD-1,primary,up,id_train,id_test_vs_tin,detector_declared,detector/vim_dim128,tin,near,,,,17793,C1,adam,0.0003,0.0,0.908293648145772,0,09442d81872d37e49f213f59d4687b6e86e375282e92a87346ad77f88c731cf0,200
metric_contract_v1.2,c38b09694be88aa74de0741b39e9d3ba0d6ff61a,,,b701f780ad99d469949a985b0472b8d1f26be0545e531d92895b7559ca142328,last,ood_metric/auroc_id_positive,OOD-1,primary,up,id_train,id_test_vs_tin,detector_declared,detector/vim_dim256,tin,near,,,,17793,C1,adam,0.0003,0.0,0.9077126523803414,0,09442d81872d37e49f213f59d4687b6e86e375282e92a87346ad77f88c731cf0,200
metric_contract_v1.2,c38b09694be88aa74de0741b39e9d3ba0d6ff61a,,,b701f780ad99d469949a985b0472b8d1f26be0545e531d92895b7559ca142328,last,ood_metric/auroc_id_positive,OOD-1,primary,up,id_train,id_test_vs_tin,detector_declared,detector/vim_dim320,tin,near,,,,17793,C1,adam,0.0003,0.0,0.9079228025150776,0,09442d81872d37e49f213f59d4687b6e86e375282e92a87346ad77f88c731cf0,200
metric_contract_v1.2,c38b09694be88aa74de0741b39e9d3ba0d6ff61a,,,b701f780ad99d469949a985b0472b8d1f26be0545e531d92895b7559ca142328,last,ood_metric/auroc_id_positive,OOD-1,primary,up,id_train,id_test_vs_tin,detector_declared,detector/vim_dim64,tin,near,,,,17793,C1,adam,0.0003,0.0,0.9099466315924548,0,09442d81872d37e49f213f59d4687b6e86e375282e92a87346ad77f88c731cf0,200
metric_contract_v1.2,c38b09694be88aa74de0741b39e9d3ba0d6ff61a,,,b701f780ad99d469949a985b0472b8d1f26be0545e531d92895b7559ca142328,last,ood_metric/auroc_id_positive,OOD-1,primary,up,id_train,id_test_vs_tin,detector_declared,detector/weight_cosine_appendix,tin,near,,,,17793,C1,adam,0.0003,0.0,0.905703695624278,0,09442d81872d37e49f213f59d4687b6e86e375282e92a87346ad77f88c731cf0,200
metric_contract_v1.2,c38b09694be88aa74de0741b39e9d3ba0d6ff61a,,,b701f780ad99d469949a985b0472b8d1f26be0545e531d92895b7559ca142328,last,ood_metric/auroc_id_positive,OOD-1,primary,up,,id_test_vs_tin,detector_declared,ood_score/energy_t1,tin,near,,,,17793,C1,adam,0.0003,0.0,0.9160812524060054,0,09442d81872d37e49f213f59d4687b6e86e375282e92a87346ad77f88c731cf0,200
metric_contract_v1.2,c38b09694be88aa74de0741b39e9d3ba0d6ff61a,,,b701f780ad99d469949a985b0472b8d1f26be0545e531d92895b7559ca142328,last,ood_metric/auroc_id_positive,OOD-1,primary,up,,id_test_vs_tin,detector_declared,ood_score/max_logit,tin,near,,,,17793,C1,adam,0.0003,0.0,0.9158767226998589,0,09442d81872d37e49f213f59d4687b6e86e375282e92a87346ad77f88c731cf0,200
metric_contract_v1.2,c38b09694be88aa74de0741b39e9d3ba0d6ff61a,,,b701f780ad99d469949a985b0472b8d1f26be0545e531d92895b7559ca142328,last,ood_metric/auroc_id_positive,OOD-1,primary,up,,id_test_vs_tin,detector_declared,ood_score/msp,tin,near,,,,17793,C1,adam,0.0003,0.0,0.8931278262543307,0,09442d81872d37e49f213f59d4687b6e86e375282e92a87346ad77f88c731cf0,200
metric_contract_v1.2,c38b09694be88aa74de0741b39e9d3ba0d6ff61a,,,b701f780ad99d469949a985b0472b8d1f26be0545e531d92895b7559ca142328,last,ood_metric/fpr95_achieved_id_tpr,OOD-4,appendix,descriptive,id_train,id_test_vs_tin,detector_declared,detector/ctm_prototype_cosine,tin,near,,,,17793,C1,adam,0.0003,0.0,0.95,0,09442d81872d37e49f213f59d4687b6e86e375282e92a87346ad77f88c731cf0,200
metric_contract_v1.2,c38b09694be88aa74de0741b39e9d3ba0d6ff61a,,,b701f780ad99d469949a985b0472b8d1f26be0545e531d92895b7559ca142328,last,ood_metric/fpr95_achieved_id_tpr,OOD-4,appendix,descriptive,id_train,id_test_vs_tin,detector_declared,detector/gda_class_density,tin,near,,,,17793,C1,adam,0.0003,0.0,0.95,0,09442d81872d37e49f213f59d4687b6e86e375282e92a87346ad77f88c731cf0,200
metric_contract_v1.2,c38b09694be88aa74de0741b39e9d3ba0d6ff61a,,,b701f780ad99d469949a985b0472b8d1f26be0545e531d92895b7559ca142328,last,ood_metric/fpr95_achieved_id_tpr,OOD-4,appendix,descriptive,id_train,id_test_vs_tin,detector_declared,detector/knn_l2_k50,tin,near,,,,17793,C1,adam,0.0003,0.0,0.95,0,09442d81872d37e49f213f59d4687b6e86e375282e92a87346ad77f88c731cf0,200
metric_contract_v1.2,c38b09694be88aa74de0741b39e9d3ba0d6ff61a,,,b701f780ad99d469949a985b0472b8d1f26be0545e531d92895b7559ca142328,last,ood_metric/fpr95_achieved_id_tpr,OOD-4,appendix,descriptive,id_train,id_test_vs_tin,detector_declared,detector/mahalanobis_pp,tin,near,,,,17793,C1,adam,0.0003,0.0,0.95,0,09442d81872d37e49f213f59d4687b6e86e375282e92a87346ad77f88c731cf0,200
metric_contract_v1.2,c38b09694be88aa74de0741b39e9d3ba0d6ff61a,,,b701f780ad99d469949a985b0472b8d1f26be0545e531d92895b7559ca142328,last,ood_metric/fpr95_achieved_id_tpr,OOD-4,appendix,descriptive,id_train,id_test_vs_tin,detector_declared,detector/mahalanobis_raw,tin,near,,,,17793,C1,adam,0.0003,0.0,0.95,0,09442d81872d37e49f213f59d4687b6e86e375282e92a87346ad77f88c731cf0,200
metric_contract_v1.2,c38b09694be88aa74de0741b39e9d3ba0d6ff61a,,,b701f780ad99d469949a985b0472b8d1f26be0545e531d92895b7559ca142328,last,ood_metric/fpr95_achieved_id_tpr,OOD-4,appendix,descriptive,id_train,id_test_vs_tin,detector_declared,detector/marginal_mahalanobis_raw,tin,near,,,,17793,C1,adam,0.0003,0.0,0.95,0,09442d81872d37e49f213f59d4687b6e86e375282e92a87346ad77f88c731cf0,200
metric_contract_v1.2,c38b09694be88aa74de0741b39e9d3ba0d6ff61a,,,b701f780ad99d469949a985b0472b8d1f26be0545e531d92895b7559ca142328,last,ood_metric/fpr95_achieved_id_tpr,OOD-4,appendix,descriptive,id_train,id_test_vs_tin,detector_declared,detector/ncp_euclidean_raw,tin,near,,,,17793,C1,adam,0.0003,0.0,0.95,0,09442d81872d37e49f213f59d4687b6e86e375282e92a87346ad77f88c731cf0,200
metric_contract_v1.2,c38b09694be88aa74de0741b39e9d3ba0d6ff61a,,,b701f780ad99d469949a985b0472b8d1f26be0545e531d92895b7559ca142328,last,ood_metric/fpr95_achieved_id_tpr,OOD-4,appendix,descriptive,id_train,id_test_vs_tin,detector_declared,detector/neco_author_std_dim100,tin,near,,,,17793,C1,adam,0.0003,0.0,0.95,0,09442d81872d37e49f213f59d4687b6e86e375282e92a87346ad77f88c731cf0,200
metric_contract_v1.2,c38b09694be88aa74de0741b39e9d3ba0d6ff61a,,,b701f780ad99d469949a985b0472b8d1f26be0545e531d92895b7559ca142328,last,ood_metric/fpr95_achieved_id_tpr,OOD-4,appendix,descriptive,id_train,id_test_vs_tin,detector_declared,detector/relative_mahalanobis_pp,tin,near,,,,17793,C1,adam,0.0003,0.0,0.95,0,09442d81872d37e49f213f59d4687b6e86e375282e92a87346ad77f88c731cf0,200
metric_contract_v1.2,c38b09694be88aa74de0741b39e9d3ba0d6ff61a,,,b701f780ad99d469949a985b0472b8d1f26be0545e531d92895b7559ca142328,last,ood_metric/fpr95_achieved_id_tpr,OOD-4,appendix,descriptive,id_train,id_test_vs_tin,detector_declared,detector/relative_mahalanobis_raw,tin,near,,,,17793,C1,adam,0.0003,0.0,0.95,0,09442d81872d37e49f213f59d4687b6e86e375282e92a87346ad77f88c731cf0,200
metric_contract_v1.2,c38b09694be88aa74de0741b39e9d3ba0d6ff61a,,,b701f780ad99d469949a985b0472b8d1f26be0545e531d92895b7559ca142328,last,ood_metric/fpr95_achieved_id_tpr,OOD-4,appendix,descriptive,id_train,id_test_vs_tin,detector_declared,detector/vim_author_dim,tin,near,,,,17793,C1,adam,0.0003,0.0,0.95,0,09442d81872d37e49f213f59d4687b6e86e375282e92a87346ad77f88c731cf0,200
metric_contract_v1.2,c38b09694be88aa74de0741b39e9d3ba0d6ff61a,,,b701f780ad99d469949a985b0472b8d1f26be0545e531d92895b7559ca142328,last,ood_metric/fpr95_achieved_id_tpr,OOD-4,appendix,descriptive,id_train,id_test_vs_tin,detector_declared,detector/vim_dim128,tin,near,,,,17793,C1,adam,0.0003,0.0,0.95,0,09442d81872d37e49f213f59d4687b6e86e375282e92a87346ad77f88c731cf0,200
metric_contract_v1.2,c38b09694be88aa74de0741b39e9d3ba0d6ff61a,,,b701f780ad99d469949a985b0472b8d1f26be0545e531d92895b7559ca142328,last,ood_metric/fpr95_achieved_id_tpr,OOD-4,appendix,descriptive,id_train,id_test_vs_tin,detector_declared,detector/vim_dim256,tin,near,,,,17793,C1,adam,0.0003,0.0,0.95,0,09442d81872d37e49f213f59d4687b6e86e375282e92a87346ad77f88c731cf0,200
metric_contract_v1.2,c38b09694be88aa74de0741b39e9d3ba0d6ff61a,,,b701f780ad99d469949a985b0472b8d1f26be0545e531d92895b7559ca142328,last,ood_metric/fpr95_achieved_id_tpr,OOD-4,appendix,descriptive,id_train,id_test_vs_tin,detector_declared,detector/vim_dim320,tin,near,,,,17793,C1,adam,0.0003,0.0,0.95,0,09442d81872d37e49f213f59d4687b6e86e375282e92a87346ad77f88c731cf0,200
metric_contract_v1.2,c38b09694be88aa74de0741b39e9d3ba0d6ff61a,,,b701f780ad99d469949a985b0472b8d1f26be0545e531d92895b7559ca142328,last,ood_metric/fpr95_achieved_id_tpr,OOD-4,appendix,descriptive,id_train,id_test_vs_tin,detector_declared,detector/vim_dim64,tin,near,,,,17793,C1,adam,0.0003,0.0,0.95,0,09442d81872d37e49f213f59d4687b6e86e375282e92a87346ad77f88c731cf0,200
metric_contract_v1.2,c38b09694be88aa74de0741b39e9d3ba0d6ff61a,,,b701f780ad99d469949a985b0472b8d1f26be0545e531d92895b7559ca142328,last,ood_metric/fpr95_achieved_id_tpr,OOD-4,appendix,descriptive,id_train,id_test_vs_tin,detector_declared,detector/weight_cosine_appendix,tin,near,,,,17793,C1,adam,0.0003,0.0,0.95,0,09442d81872d37e49f213f59d4687b6e86e375282e92a87346ad77f88c731cf0,200
metric_contract_v1.2,c38b09694be88aa74de0741b39e9d3ba0d6ff61a,,,b701f780ad99d469949a985b0472b8d1f26be0545e531d92895b7559ca142328,last,ood_metric/fpr95_achieved_id_tpr,OOD-4,appendix,descriptive,,id_test_vs_tin,detector_declared,ood_score/energy_t1,tin,near,,,,17793,C1,adam,0.0003,0.0,0.95,0,09442d81872d37e49f213f59d4687b6e86e375282e92a87346ad77f88c731cf0,200
metric_contract_v1.2,c38b09694be88aa74de0741b39e9d3ba0d6ff61a,,,b701f780ad99d469949a985b0472b8d1f26be0545e531d92895b7559ca142328,last,ood_metric/fpr95_achieved_id_tpr,OOD-4,appendix,descriptive,,id_test_vs_tin,detector_declared,ood_score/max_logit,tin,near,,,,17793,C1,adam,0.0003,0.0,0.95,0,09442d81872d37e49f213f59d4687b6e86e375282e92a87346ad77f88c731cf0,200
metric_contract_v1.2,c38b09694be88aa74de0741b39e9d3ba0d6ff61a,,,b701f780ad99d469949a985b0472b8d1f26be0545e531d92895b7559ca142328,last,ood_metric/fpr95_achieved_id_tpr,OOD-4,appendix,descriptive,,id_test_vs_tin,detector_declared,ood_score/msp,tin,near,,,,17793,C1,adam,0.0003,0.0,0.95,0,09442d81872d37e49f213f59d4687b6e86e375282e92a87346ad77f88c731cf0,200
metric_contract_v1.2,c38b09694be88aa74de0741b39e9d3ba0d6ff61a,,,b701f780ad99d469949a985b0472b8d1f26be0545e531d92895b7559ca142328,last,ood_metric/fpr95_id_tpr,OOD-4,primary,down,id_train,id_test_vs_tin,detector_declared,detector/ctm_prototype_cosine,tin,near,,,,17793,C1,adam,0.0003,0.0,0.5581932503528808,0,09442d81872d37e49f213f59d4687b6e86e375282e92a87346ad77f88c731cf0,200
metric_contract_v1.2,c38b09694be88aa74de0741b39e9d3ba0d6ff61a,,,b701f780ad99d469949a985b0472b8d1f26be0545e531d92895b7559ca142328,last,ood_metric/fpr95_id_tpr,OOD-4,primary,down,id_train,id_test_vs_tin,detector_declared,detector/gda_class_density,tin,near,,,,17793,C1,adam,0.0003,0.0,0.6140125753881689,0,09442d81872d37e49f213f59d4687b6e86e375282e92a87346ad77f88c731cf0,200
metric_contract_v1.2,c38b09694be88aa74de0741b39e9d3ba0d6ff61a,,,b701f780ad99d469949a985b0472b8d1f26be0545e531d92895b7559ca142328,last,ood_metric/fpr95_id_tpr,OOD-4,primary,down,id_train,id_test_vs_tin,detector_declared,detector/knn_l2_k50,tin,near,,,,17793,C1,adam,0.0003,0.0,0.5014756833055306,0,09442d81872d37e49f213f59d4687b6e86e375282e92a87346ad77f88c731cf0,200
metric_contract_v1.2,c38b09694be88aa74de0741b39e9d3ba0d6ff61a,,,b701f780ad99d469949a985b0472b8d1f26be0545e531d92895b7559ca142328,last,ood_metric/fpr95_id_tpr,OOD-4,primary,down,id_train,id_test_vs_tin,detector_declared,detector/mahalanobis_pp,tin,near,,,,17793,C1,adam,0.0003,0.0,0.5267547799307071,0,09442d81872d37e49f213f59d4687b6e86e375282e92a87346ad77f88c731cf0,200
metric_contract_v1.2,c38b09694be88aa74de0741b39e9d3ba0d6ff61a,,,b701f780ad99d469949a985b0472b8d1f26be0545e531d92895b7559ca142328,last,ood_metric/fpr95_id_tpr,OOD-4,primary,down,id_train,id_test_vs_tin,detector_declared,detector/mahalanobis_raw,tin,near,,,,17793,C1,adam,0.0003,0.0,0.8520467085846273,0,09442d81872d37e49f213f59d4687b6e86e375282e92a87346ad77f88c731cf0,200
metric_contract_v1.2,c38b09694be88aa74de0741b39e9d3ba0d6ff61a,,,b701f780ad99d469949a985b0472b8d1f26be0545e531d92895b7559ca142328,last,ood_metric/fpr95_id_tpr,OOD-4,primary,down,id_train,id_test_vs_tin,detector_declared,detector/marginal_mahalanobis_raw,tin,near,,,,17793,C1,adam,0.0003,0.0,0.8905427948158604,0,09442d81872d37e49f213f59d4687b6e86e375282e92a87346ad77f88c731cf0,200
metric_contract_v1.2,c38b09694be88aa74de0741b39e9d3ba0d6ff61a,,,b701f780ad99d469949a985b0472b8d1f26be0545e531d92895b7559ca142328,last,ood_metric/fpr95_id_tpr,OOD-4,primary,down,id_train,id_test_vs_tin,detector_declared,detector/ncp_euclidean_raw,tin,near,,,,17793,C1,adam,0.0003,0.0,0.6018221480816117,0,09442d81872d37e49f213f59d4687b6e86e375282e92a87346ad77f88c731cf0,200
metric_contract_v1.2,c38b09694be88aa74de0741b39e9d3ba0d6ff61a,,,b701f780ad99d469949a985b0472b8d1f26be0545e531d92895b7559ca142328,last,ood_metric/fpr95_id_tpr,OOD-4,primary,down,id_train,id_test_vs_tin,detector_declared,detector/neco_author_std_dim100,tin,near,,,,17793,C1,adam,0.0003,0.0,0.5605030155267547,0,09442d81872d37e49f213f59d4687b6e86e375282e92a87346ad77f88c731cf0,200
metric_contract_v1.2,c38b09694be88aa74de0741b39e9d3ba0d6ff61a,,,b701f780ad99d469949a985b0472b8d1f26be0545e531d92895b7559ca142328,last,ood_metric/fpr95_id_tpr,OOD-4,primary,down,id_train,id_test_vs_tin,detector_declared,detector/relative_mahalanobis_pp,tin,near,,,,17793,C1,adam,0.0003,0.0,0.5596047735146926,0,09442d81872d37e49f213f59d4687b6e86e375282e92a87346ad77f88c731cf0,200
metric_contract_v1.2,c38b09694be88aa74de0741b39e9d3ba0d6ff61a,,,b701f780ad99d469949a985b0472b8d1f26be0545e531d92895b7559ca142328,last,ood_metric/fpr95_id_tpr,OOD-4,primary,down,id_train,id_test_vs_tin,detector_declared,detector/relative_mahalanobis_raw,tin,near,,,,17793,C1,adam,0.0003,0.0,0.5221352495829591,0,09442d81872d37e49f213f59d4687b6e86e375282e92a87346ad77f88c731cf0,200
metric_contract_v1.2,c38b09694be88aa74de0741b39e9d3ba0d6ff61a,,,b701f780ad99d469949a985b0472b8d1f26be0545e531d92895b7559ca142328,last,ood_metric/fpr95_id_tpr,OOD-4,primary,down,id_train,id_test_vs_tin,detector_declared,detector/vim_author_dim,tin,near,,,,17793,C1,adam,0.0003,0.0,0.5176440395226485,0,09442d81872d37e49f213f59d4687b6e86e375282e92a87346ad77f88c731cf0,200
metric_contract_v1.2,c38b09694be88aa74de0741b39e9d3ba0d6ff61a,,,b701f780ad99d469949a985b0472b8d1f26be0545e531d92895b7559ca142328,last,ood_metric/fpr95_id_tpr,OOD-4,primary,down,id_train,id_test_vs_tin,detector_declared,detector/vim_dim128,tin,near,,,,17793,C1,adam,0.0003,0.0,0.5182856409598358,0,09442d81872d37e49f213f59d4687b6e86e375282e92a87346ad77f88c731cf0,200
metric_contract_v1.2,c38b09694be88aa74de0741b39e9d3ba0d6ff61a,,,b701f780ad99d469949a985b0472b8d1f26be0545e531d92895b7559ca142328,last,ood_metric/fpr95_id_tpr,OOD-4,primary,down,id_train,id_test_vs_tin,detector_declared,detector/vim_dim256,tin,near,,,,17793,C1,adam,0.0003,0.0,0.5252149364814577,0,09442d81872d37e49f213f59d4687b6e86e375282e92a87346ad77f88c731cf0,200
metric_contract_v1.2,c38b09694be88aa74de0741b39e9d3ba0d6ff61a,,,b701f780ad99d469949a985b0472b8d1f26be0545e531d92895b7559ca142328,last,ood_metric/fpr95_id_tpr,OOD-4,primary,down,id_train,id_test_vs_tin,detector_declared,detector/vim_dim320,tin,near,,,,17793,C1,adam,0.0003,0.0,0.5176440395226485,0,09442d81872d37e49f213f59d4687b6e86e375282e92a87346ad77f88c731cf0,200
metric_contract_v1.2,c38b09694be88aa74de0741b39e9d3ba0d6ff61a,,,b701f780ad99d469949a985b0472b8d1f26be0545e531d92895b7559ca142328,last,ood_metric/fpr95_id_tpr,OOD-4,primary,down,id_train,id_test_vs_tin,detector_declared,detector/vim_dim64,tin,near,,,,17793,C1,adam,0.0003,0.0,0.5134094700372129,0,09442d81872d37e49f213f59d4687b6e86e375282e92a87346ad77f88c731cf0,200
metric_contract_v1.2,c38b09694be88aa74de0741b39e9d3ba0d6ff61a,,,b701f780ad99d469949a985b0472b8d1f26be0545e531d92895b7559ca142328,last,ood_metric/fpr95_id_tpr,OOD-4,primary,down,id_train,id_test_vs_tin,detector_declared,detector/weight_cosine_appendix,tin,near,,,,17793,C1,adam,0.0003,0.0,0.5107147440010266,0,09442d81872d37e49f213f59d4687b6e86e375282e92a87346ad77f88c731cf0,200
metric_contract_v1.2,c38b09694be88aa74de0741b39e9d3ba0d6ff61a,,,b701f780ad99d469949a985b0472b8d1f26be0545e531d92895b7559ca142328,last,ood_metric/fpr95_id_tpr,OOD-4,primary,down,,id_test_vs_tin,detector_declared,ood_score/energy_t1,tin,near,,,,17793,C1,adam,0.0003,0.0,0.47683818811754136,0,09442d81872d37e49f213f59d4687b6e86e375282e92a87346ad77f88c731cf0,200
metric_contract_v1.2,c38b09694be88aa74de0741b39e9d3ba0d6ff61a,,,b701f780ad99d469949a985b0472b8d1f26be0545e531d92895b7559ca142328,last,ood_metric/fpr95_id_tpr,OOD-4,primary,down,,id_test_vs_tin,detector_declared,ood_score/max_logit,tin,near,,,,17793,C1,adam,0.0003,0.0,0.4786346721416656,0,09442d81872d37e49f213f59d4687b6e86e375282e92a87346ad77f88c731cf0,200
metric_contract_v1.2,c38b09694be88aa74de0741b39e9d3ba0d6ff61a,,,b701f780ad99d469949a985b0472b8d1f26be0545e531d92895b7559ca142328,last,ood_metric/fpr95_id_tpr,OOD-4,primary,down,,id_test_vs_tin,detector_declared,ood_score/msp,tin,near,,,,17793,C1,adam,0.0003,0.0,0.6301809316052868,0,09442d81872d37e49f213f59d4687b6e86e375282e92a87346ad77f88c731cf0,200
metric_contract_v1.2,c38b09694be88aa74de0741b39e9d3ba0d6ff61a,,,b701f780ad99d469949a985b0472b8d1f26be0545e531d92895b7559ca142328,last,ood_metric/fpr95_threshold,OOD-4,appendix,descriptive,id_train,id_test_vs_tin,detector_declared,detector/ctm_prototype_cosine,tin,near,,,,17793,C1,adam,0.0003,0.0,0.8213143006876535,0,09442d81872d37e49f213f59d4687b6e86e375282e92a87346ad77f88c731cf0,200
metric_contract_v1.2,c38b09694be88aa74de0741b39e9d3ba0d6ff61a,,,b701f780ad99d469949a985b0472b8d1f26be0545e531d92895b7559ca142328,last,ood_metric/fpr95_threshold,OOD-4,appendix,descriptive,id_train,id_test_vs_tin,detector_declared,detector/gda_class_density,tin,near,,,,17793,C1,adam,0.0003,0.0,632.9878550281851,0,09442d81872d37e49f213f59d4687b6e86e375282e92a87346ad77f88c731cf0,200
metric_contract_v1.2,c38b09694be88aa74de0741b39e9d3ba0d6ff61a,,,b701f780ad99d469949a985b0472b8d1f26be0545e531d92895b7559ca142328,last,ood_metric/fpr95_threshold,OOD-4,appendix,descriptive,id_train,id_test_vs_tin,detector_declared,detector/knn_l2_k50,tin,near,,,,17793,C1,adam,0.0003,0.0,-0.19731319555345503,0,09442d81872d37e49f213f59d4687b6e86e375282e92a87346ad77f88c731cf0,200
metric_contract_v1.2,c38b09694be88aa74de0741b39e9d3ba0d6ff61a,,,b701f780ad99d469949a985b0472b8d1f26be0545e531d92895b7559ca142328,last,ood_metric/fpr95_threshold,OOD-4,appendix,descriptive,id_train,id_test_vs_tin,detector_declared,detector/mahalanobis_pp,tin,near,,,,17793,C1,adam,0.0003,0.0,-1386.8267767834884,0,09442d81872d37e49f213f59d4687b6e86e375282e92a87346ad77f88c731cf0,200
metric_contract_v1.2,c38b09694be88aa74de0741b39e9d3ba0d6ff61a,,,b701f780ad99d469949a985b0472b8d1f26be0545e531d92895b7559ca142328,last,ood_metric/fpr95_threshold,OOD-4,appendix,descriptive,id_train,id_test_vs_tin,detector_declared,detector/mahalanobis_raw,tin,near,,,,17793,C1,adam,0.0003,0.0,-1051.331732427213,0,09442d81872d37e49f213f59d4687b6e86e375282e92a87346ad77f88c731cf0,200
metric_contract_v1.2,c38b09694be88aa74de0741b39e9d3ba0d6ff61a,,,b701f780ad99d469949a985b0472b8d1f26be0545e531d92895b7559ca142328,last,ood_metric/fpr95_threshold,OOD-4,appendix,descriptive,id_train,id_test_vs_tin,detector_declared,detector/marginal_mahalanobis_raw,tin,near,,,,17793,C1,adam,0.0003,0.0,-1007.8438608620588,0,09442d81872d37e49f213f59d4687b6e86e375282e92a87346ad77f88c731cf0,200
metric_contract_v1.2,c38b09694be88aa74de0741b39e9d3ba0d6ff61a,,,b701f780ad99d469949a985b0472b8d1f26be0545e531d92895b7559ca142328,last,ood_metric/fpr95_threshold,OOD-4,appendix,descriptive,id_train,id_test_vs_tin,detector_declared,detector/ncp_euclidean_raw,tin,near,,,,17793,C1,adam,0.0003,0.0,-11.04424786056878,0,09442d81872d37e49f213f59d4687b6e86e375282e92a87346ad77f88c731cf0,200
metric_contract_v1.2,c38b09694be88aa74de0741b39e9d3ba0d6ff61a,,,b701f780ad99d469949a985b0472b8d1f26be0545e531d92895b7559ca142328,last,ood_metric/fpr95_threshold,OOD-4,appendix,descriptive,id_train,id_test_vs_tin,detector_declared,detector/neco_author_std_dim100,tin,near,,,,17793,C1,adam,0.0003,0.0,0.9952930389739647,0,09442d81872d37e49f213f59d4687b6e86e375282e92a87346ad77f88c731cf0,200
metric_contract_v1.2,c38b09694be88aa74de0741b39e9d3ba0d6ff61a,,,b701f780ad99d469949a985b0472b8d1f26be0545e531d92895b7559ca142328,last,ood_metric/fpr95_threshold,OOD-4,appendix,descriptive,id_train,id_test_vs_tin,detector_declared,detector/relative_mahalanobis_pp,tin,near,,,,17793,C1,adam,0.0003,0.0,-161.42159879338993,0,09442d81872d37e49f213f59d4687b6e86e375282e92a87346ad77f88c731cf0,200
metric_contract_v1.2,c38b09694be88aa74de0741b39e9d3ba0d6ff61a,,,b701f780ad99d469949a985b0472b8d1f26be0545e531d92895b7559ca142328,last,ood_metric/fpr95_threshold,OOD-4,appendix,descriptive,id_train,id_test_vs_tin,detector_declared,detector/relative_mahalanobis_raw,tin,near,,,,17793,C1,adam,0.0003,0.0,-99.05977069169414,0,09442d81872d37e49f213f59d4687b6e86e375282e92a87346ad77f88c731cf0,200
metric_contract_v1.2,c38b09694be88aa74de0741b39e9d3ba0d6ff61a,,,b701f780ad99d469949a985b0472b8d1f26be0545e531d92895b7559ca142328,last,ood_metric/fpr95_threshold,OOD-4,appendix,descriptive,id_train,id_test_vs_tin,detector_declared,detector/vim_author_dim,tin,near,,,,17793,C1,adam,0.0003,0.0,-15.239336072352446,0,09442d81872d37e49f213f59d4687b6e86e375282e92a87346ad77f88c731cf0,200
metric_contract_v1.2,c38b09694be88aa74de0741b39e9d3ba0d6ff61a,,,b701f780ad99d469949a985b0472b8d1f26be0545e531d92895b7559ca142328,last,ood_metric/fpr95_threshold,OOD-4,appendix,descriptive,id_train,id_test_vs_tin,detector_declared,detector/vim_dim128,tin,near,,,,17793,C1,adam,0.0003,0.0,-14.479344822126363,0,09442d81872d37e49f213f59d4687b6e86e375282e92a87346ad77f88c731cf0,200
metric_contract_v1.2,c38b09694be88aa74de0741b39e9d3ba0d6ff61a,,,b701f780ad99d469949a985b0472b8d1f26be0545e531d92895b7559ca142328,last,ood_metric/fpr95_threshold,OOD-4,appendix,descriptive,id_train,id_test_vs_tin,detector_declared,detector/vim_dim256,tin,near,,,,17793,C1,adam,0.0003,0.0,-15.229261150468668,0,09442d81872d37e49f213f59d4687b6e86e375282e92a87346ad77f88c731cf0,200
metric_contract_v1.2,c38b09694be88aa74de0741b39e9d3ba0d6ff61a,,,b701f780ad99d469949a985b0472b8d1f26be0545e531d92895b7559ca142328,last,ood_metric/fpr95_threshold,OOD-4,appendix,descriptive,id_train,id_test_vs_tin,detector_declared,detector/vim_dim320,tin,near,,,,17793,C1,adam,0.0003,0.0,-15.239336072352446,0,09442d81872d37e49f213f59d4687b6e86e375282e92a87346ad77f88c731cf0,200
metric_contract_v1.2,c38b09694be88aa74de0741b39e9d3ba0d6ff61a,,,b701f780ad99d469949a985b0472b8d1f26be0545e531d92895b7559ca142328,last,ood_metric/fpr95_threshold,OOD-4,appendix,descriptive,id_train,id_test_vs_tin,detector_declared,detector/vim_dim64,tin,near,,,,17793,C1,adam,0.0003,0.0,-13.863011678323772,0,09442d81872d37e49f213f59d4687b6e86e375282e92a87346ad77f88c731cf0,200
metric_contract_v1.2,c38b09694be88aa74de0741b39e9d3ba0d6ff61a,,,b701f780ad99d469949a985b0472b8d1f26be0545e531d92895b7559ca142328,last,ood_metric/fpr95_threshold,OOD-4,appendix,descriptive,id_train,id_test_vs_tin,detector_declared,detector/weight_cosine_appendix,tin,near,,,,17793,C1,adam,0.0003,0.0,0.11670964342989137,0,09442d81872d37e49f213f59d4687b6e86e375282e92a87346ad77f88c731cf0,200
metric_contract_v1.2,c38b09694be88aa74de0741b39e9d3ba0d6ff61a,,,b701f780ad99d469949a985b0472b8d1f26be0545e531d92895b7559ca142328,last,ood_metric/fpr95_threshold,OOD-4,appendix,descriptive,,id_test_vs_tin,detector_declared,ood_score/energy_t1,tin,near,,,,17793,C1,adam,0.0003,0.0,4.586182751295584,0,09442d81872d37e49f213f59d4687b6e86e375282e92a87346ad77f88c731cf0,200
metric_contract_v1.2,c38b09694be88aa74de0741b39e9d3ba0d6ff61a,,,b701f780ad99d469949a985b0472b8d1f26be0545e531d92895b7559ca142328,last,ood_metric/fpr95_threshold,OOD-4,appendix,descriptive,,id_test_vs_tin,detector_declared,ood_score/max_logit,tin,near,,,,17793,C1,adam,0.0003,0.0,4.493599224090576,0,09442d81872d37e49f213f59d4687b6e86e375282e92a87346ad77f88c731cf0,200
metric_contract_v1.2,c38b09694be88aa74de0741b39e9d3ba0d6ff61a,,,b701f780ad99d469949a985b0472b8d1f26be0545e531d92895b7559ca142328,last,ood_metric/fpr95_threshold,OOD-4,appendix,descriptive,,id_test_vs_tin,detector_declared,ood_score/msp,tin,near,,,,17793,C1,adam,0.0003,0.0,0.9463391490062487,0,09442d81872d37e49f213f59d4687b6e86e375282e92a87346ad77f88c731cf0,200
metric_contract_v1.2,c38b09694be88aa74de0741b39e9d3ba0d6ff61a,,,61d7d1f20bc593cc2d106f24f0343084f56f811c8ebc63c856eaced34c50b65f,last,analysis/angular_control_gap_ctm_ncp,OOD-7,exploratory,descriptive,id_train,id_test_vs_tin,paired_auroc_difference,,tin,,,,,17793,C1,adamw,0.003,0.1,0.03888872064673421,0,f62a0ee09e8152772e8865ca59253f9a77e4f29e886d29f9b6538f3ceae182e6,200
metric_contract_v1.2,c38b09694be88aa74de0741b39e9d3ba0d6ff61a,,,61d7d1f20bc593cc2d106f24f0343084f56f811c8ebc63c856eaced34c50b65f,last,analysis/restoration_gap_mahalanobis,OOD-7,exploratory,descriptive,id_train,id_test_vs_tin,paired_auroc_difference,,tin,,,,,17793,C1,adamw,0.003,0.1,0.1042220967534967,0,f62a0ee09e8152772e8865ca59253f9a77e4f29e886d29f9b6538f3ceae182e6,200
metric_contract_v1.2,c38b09694be88aa74de0741b39e9d3ba0d6ff61a,,,61d7d1f20bc593cc2d106f24f0343084f56f811c8ebc63c856eaced34c50b65f,last,analysis/restoration_gap_relative_mahalanobis,OOD-7,exploratory,descriptive,id_train,id_test_vs_tin,paired_auroc_difference,,tin,,,,,17793,C1,adamw,0.003,0.1,-0.007003041190812187,0,f62a0ee09e8152772e8865ca59253f9a77e4f29e886d29f9b6538f3ceae182e6,200
metric_contract_v1.2,c38b09694be88aa74de0741b39e9d3ba0d6ff61a,,,61d7d1f20bc593cc2d106f24f0343084f56f811c8ebc63c856eaced34c50b65f,last,ood_metric/ap_in,OOD-2,appendix,up,id_train,id_test_vs_tin,detector_declared,detector/ctm_prototype_cosine,tin,near,,,,17793,C1,adamw,0.003,0.1,0.9164665416547243,0,f62a0ee09e8152772e8865ca59253f9a77e4f29e886d29f9b6538f3ceae182e6,200
metric_contract_v1.2,c38b09694be88aa74de0741b39e9d3ba0d6ff61a,,,61d7d1f20bc593cc2d106f24f0343084f56f811c8ebc63c856eaced34c50b65f,last,ood_metric/ap_in,OOD-2,appendix,up,id_train,id_test_vs_tin,detector_declared,detector/gda_class_density,tin,near,,,,17793,C1,adamw,0.003,0.1,0.7765769925184571,0,f62a0ee09e8152772e8865ca59253f9a77e4f29e886d29f9b6538f3ceae182e6,200
metric_contract_v1.2,c38b09694be88aa74de0741b39e9d3ba0d6ff61a,,,61d7d1f20bc593cc2d106f24f0343084f56f811c8ebc63c856eaced34c50b65f,last,ood_metric/ap_in,OOD-2,appendix,up,id_train,id_test_vs_tin,detector_declared,detector/knn_l2_k50,tin,near,,,,17793,C1,adamw,0.003,0.1,0.9339647177765302,0,f62a0ee09e8152772e8865ca59253f9a77e4f29e886d29f9b6538f3ceae182e6,200
metric_contract_v1.2,c38b09694be88aa74de0741b39e9d3ba0d6ff61a,,,61d7d1f20bc593cc2d106f24f0343084f56f811c8ebc63c856eaced34c50b65f,last,ood_metric/ap_in,OOD-2,appendix,up,id_train,id_test_vs_tin,detector_declared,detector/mahalanobis_pp,tin,near,,,,17793,C1,adamw,0.003,0.1,0.851409839011904,0,f62a0ee09e8152772e8865ca59253f9a77e4f29e886d29f9b6538f3ceae182e6,200
metric_contract_v1.2,c38b09694be88aa74de0741b39e9d3ba0d6ff61a,,,61d7d1f20bc593cc2d106f24f0343084f56f811c8ebc63c856eaced34c50b65f,last,ood_metric/ap_in,OOD-2,appendix,up,id_train,id_test_vs_tin,detector_declared,detector/mahalanobis_raw,tin,near,,,,17793,C1,adamw,0.003,0.1,0.7831490798643344,0,f62a0ee09e8152772e8865ca59253f9a77e4f29e886d29f9b6538f3ceae182e6,200
metric_contract_v1.2,c38b09694be88aa74de0741b39e9d3ba0d6ff61a,,,61d7d1f20bc593cc2d106f24f0343084f56f811c8ebc63c856eaced34c50b65f,last,ood_metric/ap_in,OOD-2,appendix,up,id_train,id_test_vs_tin,detector_declared,detector/marginal_mahalanobis_raw,tin,near,,,,17793,C1,adamw,0.003,0.1,0.668492656603398,0,f62a0ee09e8152772e8865ca59253f9a77e4f29e886d29f9b6538f3ceae182e6,200
metric_contract_v1.2,c38b09694be88aa74de0741b39e9d3ba0d6ff61a,,,61d7d1f20bc593cc2d106f24f0343084f56f811c8ebc63c856eaced34c50b65f,last,ood_metric/ap_in,OOD-2,appendix,up,id_train,id_test_vs_tin,detector_declared,detector/ncp_euclidean_raw,tin,near,,,,17793,C1,adamw,0.003,0.1,0.8951726389172256,0,f62a0ee09e8152772e8865ca59253f9a77e4f29e886d29f9b6538f3ceae182e6,200
metric_contract_v1.2,c38b09694be88aa74de0741b39e9d3ba0d6ff61a,,,61d7d1f20bc593cc2d106f24f0343084f56f811c8ebc63c856eaced34c50b65f,last,ood_metric/ap_in,OOD-2,appendix,up,id_train,id_test_vs_tin,detector_declared,detector/neco_author_std_dim100,tin,near,,,,17793,C1,adamw,0.003,0.1,0.8436388346724456,0,f62a0ee09e8152772e8865ca59253f9a77e4f29e886d29f9b6538f3ceae182e6,200
metric_contract_v1.2,c38b09694be88aa74de0741b39e9d3ba0d6ff61a,,,61d7d1f20bc593cc2d106f24f0343084f56f811c8ebc63c856eaced34c50b65f,last,ood_metric/ap_in,OOD-2,appendix,up,id_train,id_test_vs_tin,detector_declared,detector/relative_mahalanobis_pp,tin,near,,,,17793,C1,adamw,0.003,0.1,0.9341811088088874,0,f62a0ee09e8152772e8865ca59253f9a77e4f29e886d29f9b6538f3ceae182e6,200
metric_contract_v1.2,c38b09694be88aa74de0741b39e9d3ba0d6ff61a,,,61d7d1f20bc593cc2d106f24f0343084f56f811c8ebc63c856eaced34c50b65f,last,ood_metric/ap_in,OOD-2,appendix,up,id_train,id_test_vs_tin,detector_declared,detector/relative_mahalanobis_raw,tin,near,,,,17793,C1,adamw,0.003,0.1,0.9406902919599791,0,f62a0ee09e8152772e8865ca59253f9a77e4f29e886d29f9b6538f3ceae182e6,200
metric_contract_v1.2,c38b09694be88aa74de0741b39e9d3ba0d6ff61a,,,61d7d1f20bc593cc2d106f24f0343084f56f811c8ebc63c856eaced34c50b65f,last,ood_metric/ap_in,OOD-2,appendix,up,id_train,id_test_vs_tin,detector_declared,detector/vim_author_dim,tin,near,,,,17793,C1,adamw,0.003,0.1,0.9358151040295654,0,f62a0ee09e8152772e8865ca59253f9a77e4f29e886d29f9b6538f3ceae182e6,200
metric_contract_v1.2,c38b09694be88aa74de0741b39e9d3ba0d6ff61a,,,61d7d1f20bc593cc2d106f24f0343084f56f811c8ebc63c856eaced34c50b65f,last,ood_metric/ap_in,OOD-2,appendix,up,id_train,id_test_vs_tin,detector_declared,detector/vim_dim128,tin,near,,,,17793,C1,adamw,0.003,0.1,0.9333061998105121,0,f62a0ee09e8152772e8865ca59253f9a77e4f29e886d29f9b6538f3ceae182e6,200
metric_contract_v1.2,c38b09694be88aa74de0741b39e9d3ba0d6ff61a,,,61d7d1f20bc593cc2d106f24f0343084f56f811c8ebc63c856eaced34c50b65f,last,ood_metric/ap_in,OOD-2,appendix,up,id_train,id_test_vs_tin,detector_declared,detector/vim_dim256,tin,near,,,,17793,C1,adamw,0.003,0.1,0.9349510032716942,0,f62a0ee09e8152772e8865ca59253f9a77e4f29e886d29f9b6538f3ceae182e6,200
metric_contract_v1.2,c38b09694be88aa74de0741b39e9d3ba0d6ff61a,,,61d7d1f20bc593cc2d106f24f0343084f56f811c8ebc63c856eaced34c50b65f,last,ood_metric/ap_in,OOD-2,appendix,up,id_train,id_test_vs_tin,detector_declared,detector/vim_dim320,tin,near,,,,17793,C1,adamw,0.003,0.1,0.9358151040295654,0,f62a0ee09e8152772e8865ca59253f9a77e4f29e886d29f9b6538f3ceae182e6,200
metric_contract_v1.2,c38b09694be88aa74de0741b39e9d3ba0d6ff61a,,,61d7d1f20bc593cc2d106f24f0343084f56f811c8ebc63c856eaced34c50b65f,last,ood_metric/ap_in,OOD-2,appendix,up,id_train,id_test_vs_tin,detector_declared,detector/vim_dim64,tin,near,,,,17793,C1,adamw,0.003,0.1,0.9324479570529755,0,f62a0ee09e8152772e8865ca59253f9a77e4f29e886d29f9b6538f3ceae182e6,200
metric_contract_v1.2,c38b09694be88aa74de0741b39e9d3ba0d6ff61a,,,61d7d1f20bc593cc2d106f24f0343084f56f811c8ebc63c856eaced34c50b65f,last,ood_metric/ap_in,OOD-2,appendix,up,id_train,id_test_vs_tin,detector_declared,detector/weight_cosine_appendix,tin,near,,,,17793,C1,adamw,0.003,0.1,0.9362685358400282,0,f62a0ee09e8152772e8865ca59253f9a77e4f29e886d29f9b6538f3ceae182e6,200
metric_contract_v1.2,c38b09694be88aa74de0741b39e9d3ba0d6ff61a,,,61d7d1f20bc593cc2d106f24f0343084f56f811c8ebc63c856eaced34c50b65f,last,ood_metric/ap_in,OOD-2,appendix,up,,id_test_vs_tin,detector_declared,ood_score/energy_t1,tin,near,,,,17793,C1,adamw,0.003,0.1,0.9322405929457374,0,f62a0ee09e8152772e8865ca59253f9a77e4f29e886d29f9b6538f3ceae182e6,200
metric_contract_v1.2,c38b09694be88aa74de0741b39e9d3ba0d6ff61a,,,61d7d1f20bc593cc2d106f24f0343084f56f811c8ebc63c856eaced34c50b65f,last,ood_metric/ap_in,OOD-2,appendix,up,,id_test_vs_tin,detector_declared,ood_score/max_logit,tin,near,,,,17793,C1,adamw,0.003,0.1,0.9321918074288276,0,f62a0ee09e8152772e8865ca59253f9a77e4f29e886d29f9b6538f3ceae182e6,200
metric_contract_v1.2,c38b09694be88aa74de0741b39e9d3ba0d6ff61a,,,61d7d1f20bc593cc2d106f24f0343084f56f811c8ebc63c856eaced34c50b65f,last,ood_metric/ap_in,OOD-2,appendix,up,,id_test_vs_tin,detector_declared,ood_score/msp,tin,near,,,,17793,C1,adamw,0.003,0.1,0.9173905209140046,0,f62a0ee09e8152772e8865ca59253f9a77e4f29e886d29f9b6538f3ceae182e6,200
metric_contract_v1.2,c38b09694be88aa74de0741b39e9d3ba0d6ff61a,,,61d7d1f20bc593cc2d106f24f0343084f56f811c8ebc63c856eaced34c50b65f,last,ood_metric/ap_out,OOD-3,appendix,up,id_train,id_test_vs_tin,detector_declared,detector/ctm_prototype_cosine,tin,near,,,,17793,C1,adamw,0.003,0.1,0.8711408015012121,0,f62a0ee09e8152772e8865ca59253f9a77e4f29e886d29f9b6538f3ceae182e6,200
metric_contract_v1.2,c38b09694be88aa74de0741b39e9d3ba0d6ff61a,,,61d7d1f20bc593cc2d106f24f0343084f56f811c8ebc63c856eaced34c50b65f,last,ood_metric/ap_out,OOD-3,appendix,up,id_train,id_test_vs_tin,detector_declared,detector/gda_class_density,tin,near,,,,17793,C1,adamw,0.003,0.1,0.6043801085502041,0,f62a0ee09e8152772e8865ca59253f9a77e4f29e886d29f9b6538f3ceae182e6,200
metric_contract_v1.2,c38b09694be88aa74de0741b39e9d3ba0d6ff61a,,,61d7d1f20bc593cc2d106f24f0343084f56f811c8ebc63c856eaced34c50b65f,last,ood_metric/ap_out,OOD-3,appendix,up,id_train,id_test_vs_tin,detector_declared,detector/knn_l2_k50,tin,near,,,,17793,C1,adamw,0.003,0.1,0.8910170393162874,0,f62a0ee09e8152772e8865ca59253f9a77e4f29e886d29f9b6538f3ceae182e6,200
metric_contract_v1.2,c38b09694be88aa74de0741b39e9d3ba0d6ff61a,,,61d7d1f20bc593cc2d106f24f0343084f56f811c8ebc63c856eaced34c50b65f,last,ood_metric/ap_out,OOD-3,appendix,up,id_train,id_test_vs_tin,detector_declared,detector/mahalanobis_pp,tin,near,,,,17793,C1,adamw,0.003,0.1,0.7712428635472994,0,f62a0ee09e8152772e8865ca59253f9a77e4f29e886d29f9b6538f3ceae182e6,200
metric_contract_v1.2,c38b09694be88aa74de0741b39e9d3ba0d6ff61a,,,61d7d1f20bc593cc2d106f24f0343084f56f811c8ebc63c856eaced34c50b65f,last,ood_metric/ap_out,OOD-3,appendix,up,id_train,id_test_vs_tin,detector_declared,detector/mahalanobis_raw,tin,near,,,,17793,C1,adamw,0.003,0.1,0.6132913930769168,0,f62a0ee09e8152772e8865ca59253f9a77e4f29e886d29f9b6538f3ceae182e6,200
metric_contract_v1.2,c38b09694be88aa74de0741b39e9d3ba0d6ff61a,,,61d7d1f20bc593cc2d106f24f0343084f56f811c8ebc63c856eaced34c50b65f,last,ood_metric/ap_out,OOD-3,appendix,up,id_train,id_test_vs_tin,detector_declared,detector/marginal_mahalanobis_raw,tin,near,,,,17793,C1,adamw,0.003,0.1,0.5203484023944462,0,f62a0ee09e8152772e8865ca59253f9a77e4f29e886d29f9b6538f3ceae182e6,200
metric_contract_v1.2,c38b09694be88aa74de0741b39e9d3ba0d6ff61a,,,61d7d1f20bc593cc2d106f24f0343084f56f811c8ebc63c856eaced34c50b65f,last,ood_metric/ap_out,OOD-3,appendix,up,id_train,id_test_vs_tin,detector_declared,detector/ncp_euclidean_raw,tin,near,,,,17793,C1,adamw,0.003,0.1,0.7806610493345099,0,f62a0ee09e8152772e8865ca59253f9a77e4f29e886d29f9b6538f3ceae182e6,200
metric_contract_v1.2,c38b09694be88aa74de0741b39e9d3ba0d6ff61a,,,61d7d1f20bc593cc2d106f24f0343084f56f811c8ebc63c856eaced34c50b65f,last,ood_metric/ap_out,OOD-3,appendix,up,id_train,id_test_vs_tin,detector_declared,detector/neco_author_std_dim100,tin,near,,,,17793,C1,adamw,0.003,0.1,0.7739169505867196,0,f62a0ee09e8152772e8865ca59253f9a77e4f29e886d29f9b6538f3ceae182e6,200
metric_contract_v1.2,c38b09694be88aa74de0741b39e9d3ba0d6ff61a,,,61d7d1f20bc593cc2d106f24f0343084f56f811c8ebc63c856eaced34c50b65f,last,ood_metric/ap_out,OOD-3,appendix,up,id_train,id_test_vs_tin,detector_declared,detector/relative_mahalanobis_pp,tin,near,,,,17793,C1,adamw,0.003,0.1,0.8728743942296193,0,f62a0ee09e8152772e8865ca59253f9a77e4f29e886d29f9b6538f3ceae182e6,200
metric_contract_v1.2,c38b09694be88aa74de0741b39e9d3ba0d6ff61a,,,61d7d1f20bc593cc2d106f24f0343084f56f811c8ebc63c856eaced34c50b65f,last,ood_metric/ap_out,OOD-3,appendix,up,id_train,id_test_vs_tin,detector_declared,detector/relative_mahalanobis_raw,tin,near,,,,17793,C1,adamw,0.003,0.1,0.8822567104912529,0,f62a0ee09e8152772e8865ca59253f9a77e4f29e886d29f9b6538f3ceae182e6,200
metric_contract_v1.2,c38b09694be88aa74de0741b39e9d3ba0d6ff61a,,,61d7d1f20bc593cc2d106f24f0343084f56f811c8ebc63c856eaced34c50b65f,last,ood_metric/ap_out,OOD-3,appendix,up,id_train,id_test_vs_tin,detector_declared,detector/vim_author_dim,tin,near,,,,17793,C1,adamw,0.003,0.1,0.874865740330575,0,f62a0ee09e8152772e8865ca59253f9a77e4f29e886d29f9b6538f3ceae182e6,200
metric_contract_v1.2,c38b09694be88aa74de0741b39e9d3ba0d6ff61a,,,61d7d1f20bc593cc2d106f24f0343084f56f811c8ebc63c856eaced34c50b65f,last,ood_metric/ap_out,OOD-3,appendix,up,id_train,id_test_vs_tin,detector_declared,detector/vim_dim128,tin,near,,,,17793,C1,adamw,0.003,0.1,0.8764488417853353,0,f62a0ee09e8152772e8865ca59253f9a77e4f29e886d29f9b6538f3ceae182e6,200
metric_contract_v1.2,c38b09694be88aa74de0741b39e9d3ba0d6ff61a,,,61d7d1f20bc593cc2d106f24f0343084f56f811c8ebc63c856eaced34c50b65f,last,ood_metric/ap_out,OOD-3,appendix,up,id_train,id_test_vs_tin,detector_declared,detector/vim_dim256,tin,near,,,,17793,C1,adamw,0.003,0.1,0.8758013381531554,0,f62a0ee09e8152772e8865ca59253f9a77e4f29e886d29f9b6538f3ceae182e6,200
metric_contract_v1.2,c38b09694be88aa74de0741b39e9d3ba0d6ff61a,,,61d7d1f20bc593cc2d106f24f0343084f56f811c8ebc63c856eaced34c50b65f,last,ood_metric/ap_out,OOD-3,appendix,up,id_train,id_test_vs_tin,detector_declared,detector/vim_dim320,tin,near,,,,17793,C1,adamw,0.003,0.1,0.874865740330575,0,f62a0ee09e8152772e8865ca59253f9a77e4f29e886d29f9b6538f3ceae182e6,200
metric_contract_v1.2,c38b09694be88aa74de0741b39e9d3ba0d6ff61a,,,61d7d1f20bc593cc2d106f24f0343084f56f811c8ebc63c856eaced34c50b65f,last,ood_metric/ap_out,OOD-3,appendix,up,id_train,id_test_vs_tin,detector_declared,detector/vim_dim64,tin,near,,,,17793,C1,adamw,0.003,0.1,0.8743637601870364,0,f62a0ee09e8152772e8865ca59253f9a77e4f29e886d29f9b6538f3ceae182e6,200
metric_contract_v1.2,c38b09694be88aa74de0741b39e9d3ba0d6ff61a,,,61d7d1f20bc593cc2d106f24f0343084f56f811c8ebc63c856eaced34c50b65f,last,ood_metric/ap_out,OOD-3,appendix,up,id_train,id_test_vs_tin,detector_declared,detector/weight_cosine_appendix,tin,near,,,,17793,C1,adamw,0.003,0.1,0.8778365541141933,0,f62a0ee09e8152772e8865ca59253f9a77e4f29e886d29f9b6538f3ceae182e6,200
metric_contract_v1.2,c38b09694be88aa74de0741b39e9d3ba0d6ff61a,,,61d7d1f20bc593cc2d106f24f0343084f56f811c8ebc63c856eaced34c50b65f,last,ood_metric/ap_out,OOD-3,appendix,up,,id_test_vs_tin,detector_declared,ood_score/energy_t1,tin,near,,,,17793,C1,adamw,0.003,0.1,0.8782680799273187,0,f62a0ee09e8152772e8865ca59253f9a77e4f29e886d29f9b6538f3ceae182e6,200
metric_contract_v1.2,c38b09694be88aa74de0741b39e9d3ba0d6ff61a,,,61d7d1f20bc593cc2d106f24f0343084f56f811c8ebc63c856eaced34c50b65f,last,ood_metric/ap_out,OOD-3,appendix,up,,id_test_vs_tin,detector_declared,ood_score/max_logit,tin,near,,,,17793,C1,adamw,0.003,0.1,0.8783440546143553,0,f62a0ee09e8152772e8865ca59253f9a77e4f29e886d29f9b6538f3ceae182e6,200
metric_contract_v1.2,c38b09694be88aa74de0741b39e9d3ba0d6ff61a,,,61d7d1f20bc593cc2d106f24f0343084f56f811c8ebc63c856eaced34c50b65f,last,ood_metric/ap_out,OOD-3,appendix,up,,id_test_vs_tin,detector_declared,ood_score/msp,tin,near,,,,17793,C1,adamw,0.003,0.1,0.8446651175945392,0,f62a0ee09e8152772e8865ca59253f9a77e4f29e886d29f9b6538f3ceae182e6,200
metric_contract_v1.2,c38b09694be88aa74de0741b39e9d3ba0d6ff61a,,,61d7d1f20bc593cc2d106f24f0343084f56f811c8ebc63c856eaced34c50b65f,last,ood_metric/aupr_in_openood_auc,OOD-2,primary,up,id_train,id_test_vs_tin,detector_declared,detector/ctm_prototype_cosine,tin,near,,,,17793,C1,adamw,0.003,0.1,0.9164581867343952,0,f62a0ee09e8152772e8865ca59253f9a77e4f29e886d29f9b6538f3ceae182e6,200
metric_contract_v1.2,c38b09694be88aa74de0741b39e9d3ba0d6ff61a,,,61d7d1f20bc593cc2d106f24f0343084f56f811c8ebc63c856eaced34c50b65f,last,ood_metric/aupr_in_openood_auc,OOD-2,primary,up,id_train,id_test_vs_tin,detector_declared,detector/gda_class_density,tin,near,,,,17793,C1,adamw,0.003,0.1,0.7765599812948725,0,f62a0ee09e8152772e8865ca59253f9a77e4f29e886d29f9b6538f3ceae182e6,200
metric_contract_v1.2,c38b09694be88aa74de0741b39e9d3ba0d6ff61a,,,61d7d1f20bc593cc2d106f24f0343084f56f811c8ebc63c856eaced34c50b65f,last,ood_metric/aupr_in_openood_auc,OOD-2,primary,up,id_train,id_test_vs_tin,detector_declared,detector/knn_l2_k50,tin,near,,,,17793,C1,adamw,0.003,0.1,0.9339603297204486,0,f62a0ee09e8152772e8865ca59253f9a77e4f29e886d29f9b6538f3ceae182e6,200
metric_contract_v1.2,c38b09694be88aa74de0741b39e9d3ba0d6ff61a,,,61d7d1f20bc593cc2d106f24f0343084f56f811c8ebc63c856eaced34c50b65f,last,ood_metric/aupr_in_openood_auc,OOD-2,primary,up,id_train,id_test_vs_tin,detector_declared,detector/mahalanobis_pp,tin,near,,,,17793,C1,adamw,0.003,0.1,0.8513946190911551,0,f62a0ee09e8152772e8865ca59253f9a77e4f29e886d29f9b6538f3ceae182e6,200
metric_contract_v1.2,c38b09694be88aa74de0741b39e9d3ba0d6ff61a,,,61d7d1f20bc593cc2d106f24f0343084f56f811c8ebc63c856eaced34c50b65f,last,ood_metric/aupr_in_openood_auc,OOD-2,primary,up,id_train,id_test_vs_tin,detector_declared,detector/mahalanobis_raw,tin,near,,,,17793,C1,adamw,0.003,0.1,0.7831312233923047,0,f62a0ee09e8152772e8865ca59253f9a77e4f29e886d29f9b6538f3ceae182e6,200
metric_contract_v1.2,c38b09694be88aa74de0741b39e9d3ba0d6ff61a,,,61d7d1f20bc593cc2d106f24f0343084f56f811c8ebc63c856eaced34c50b65f,last,ood_metric/aupr_in_openood_auc,OOD-2,primary,up,id_train,id_test_vs_tin,detector_declared,detector/marginal_mahalanobis_raw,tin,near,,,,17793,C1,adamw,0.003,0.1,0.6684446007285623,0,f62a0ee09e8152772e8865ca59253f9a77e4f29e886d29f9b6538f3ceae182e6,200
metric_contract_v1.2,c38b09694be88aa74de0741b39e9d3ba0d6ff61a,,,61d7d1f20bc593cc2d106f24f0343084f56f811c8ebc63c856eaced34c50b65f,last,ood_metric/aupr_in_openood_auc,OOD-2,primary,up,id_train,id_test_vs_tin,detector_declared,detector/ncp_euclidean_raw,tin,near,,,,17793,C1,adamw,0.003,0.1,0.8951631570915597,0,f62a0ee09e8152772e8865ca59253f9a77e4f29e886d29f9b6538f3ceae182e6,200
metric_contract_v1.2,c38b09694be88aa74de0741b39e9d3ba0d6ff61a,,,61d7d1f20bc593cc2d106f24f0343084f56f811c8ebc63c856eaced34c50b65f,last,ood_metric/aupr_in_openood_auc,OOD-2,primary,up,id_train,id_test_vs_tin,detector_declared,detector/neco_author_std_dim100,tin,near,,,,17793,C1,adamw,0.003,0.1,0.8436099910995993,0,f62a0ee09e8152772e8865ca59253f9a77e4f29e886d29f9b6538f3ceae182e6,200
metric_contract_v1.2,c38b09694be88aa74de0741b39e9d3ba0d6ff61a,,,61d7d1f20bc593cc2d106f24f0343084f56f811c8ebc63c856eaced34c50b65f,last,ood_metric/aupr_in_openood_auc,OOD-2,primary,up,id_train,id_test_vs_tin,detector_declared,detector/relative_mahalanobis_pp,tin,near,,,,17793,C1,adamw,0.003,0.1,0.9341736350805578,0,f62a0ee09e8152772e8865ca59253f9a77e4f29e886d29f9b6538f3ceae182e6,200
metric_contract_v1.2,c38b09694be88aa74de0741b39e9d3ba0d6ff61a,,,61d7d1f20bc593cc2d106f24f0343084f56f811c8ebc63c856eaced34c50b65f,last,ood_metric/aupr_in_openood_auc,OOD-2,primary,up,id_train,id_test_vs_tin,detector_declared,detector/relative_mahalanobis_raw,tin,near,,,,17793,C1,adamw,0.003,0.1,0.9406860797758392,0,f62a0ee09e8152772e8865ca59253f9a77e4f29e886d29f9b6538f3ceae182e6,200
metric_contract_v1.2,c38b09694be88aa74de0741b39e9d3ba0d6ff61a,,,61d7d1f20bc593cc2d106f24f0343084f56f811c8ebc63c856eaced34c50b65f,last,ood_metric/aupr_in_openood_auc,OOD-2,primary,up,id_train,id_test_vs_tin,detector_declared,detector/vim_author_dim,tin,near,,,,17793,C1,adamw,0.003,0.1,0.9358108772777747,0,f62a0ee09e8152772e8865ca59253f9a77e4f29e886d29f9b6538f3ceae182e6,200
metric_contract_v1.2,c38b09694be88aa74de0741b39e9d3ba0d6ff61a,,,61d7d1f20bc593cc2d106f24f0343084f56f811c8ebc63c856eaced34c50b65f,last,ood_metric/aupr_in_openood_auc,OOD-2,primary,up,id_train,id_test_vs_tin,detector_declared,detector/vim_dim128,tin,near,,,,17793,C1,adamw,0.003,0.1,0.9333015637021398,0,f62a0ee09e8152772e8865ca59253f9a77e4f29e886d29f9b6538f3ceae182e6,200
metric_contract_v1.2,c38b09694be88aa74de0741b39e9d3ba0d6ff61a,,,61d7d1f20bc593cc2d106f24f0343084f56f811c8ebc63c856eaced34c50b65f,last,ood_metric/aupr_in_openood_auc,OOD-2,primary,up,id_train,id_test_vs_tin,detector_declared,detector/vim_dim256,tin,near,,,,17793,C1,adamw,0.003,0.1,0.9349465689572486,0,f62a0ee09e8152772e8865ca59253f9a77e4f29e886d29f9b6538f3ceae182e6,200
metric_contract_v1.2,c38b09694be88aa74de0741b39e9d3ba0d6ff61a,,,61d7d1f20bc593cc2d106f24f0343084f56f811c8ebc63c856eaced34c50b65f,last,ood_metric/aupr_in_openood_auc,OOD-2,primary,up,id_train,id_test_vs_tin,detector_declared,detector/vim_dim320,tin,near,,,,17793,C1,adamw,0.003,0.1,0.9358108772777747,0,f62a0ee09e8152772e8865ca59253f9a77e4f29e886d29f9b6538f3ceae182e6,200
metric_contract_v1.2,c38b09694be88aa74de0741b39e9d3ba0d6ff61a,,,61d7d1f20bc593cc2d106f24f0343084f56f811c8ebc63c856eaced34c50b65f,last,ood_metric/aupr_in_openood_auc,OOD-2,primary,up,id_train,id_test_vs_tin,detector_declared,detector/vim_dim64,tin,near,,,,17793,C1,adamw,0.003,0.1,0.9324431422269083,0,f62a0ee09e8152772e8865ca59253f9a77e4f29e886d29f9b6538f3ceae182e6,200
metric_contract_v1.2,c38b09694be88aa74de0741b39e9d3ba0d6ff61a,,,61d7d1f20bc593cc2d106f24f0343084f56f811c8ebc63c856eaced34c50b65f,last,ood_metric/aupr_in_openood_auc,OOD-2,primary,up,id_train,id_test_vs_tin,detector_declared,detector/weight_cosine_appendix,tin,near,,,,17793,C1,adamw,0.003,0.1,0.9362645100144557,0,f62a0ee09e8152772e8865ca59253f9a77e4f29e886d29f9b6538f3ceae182e6,200
metric_contract_v1.2,c38b09694be88aa74de0741b39e9d3ba0d6ff61a,,,61d7d1f20bc593cc2d106f24f0343084f56f811c8ebc63c856eaced34c50b65f,last,ood_metric/aupr_in_openood_auc,OOD-2,primary,up,,id_test_vs_tin,detector_declared,ood_score/energy_t1,tin,near,,,,17793,C1,adamw,0.003,0.1,0.9322349809190766,0,f62a0ee09e8152772e8865ca59253f9a77e4f29e886d29f9b6538f3ceae182e6,200
metric_contract_v1.2,c38b09694be88aa74de0741b39e9d3ba0d6ff61a,,,61d7d1f20bc593cc2d106f24f0343084f56f811c8ebc63c856eaced34c50b65f,last,ood_metric/aupr_in_openood_auc,OOD-2,primary,up,,id_test_vs_tin,detector_declared,ood_score/max_logit,tin,near,,,,17793,C1,adamw,0.003,0.1,0.9321861900937749,0,f62a0ee09e8152772e8865ca59253f9a77e4f29e886d29f9b6538f3ceae182e6,200
metric_contract_v1.2,c38b09694be88aa74de0741b39e9d3ba0d6ff61a,,,61d7d1f20bc593cc2d106f24f0343084f56f811c8ebc63c856eaced34c50b65f,last,ood_metric/aupr_in_openood_auc,OOD-2,primary,up,,id_test_vs_tin,detector_declared,ood_score/msp,tin,near,,,,17793,C1,adamw,0.003,0.1,0.9173821488616205,0,f62a0ee09e8152772e8865ca59253f9a77e4f29e886d29f9b6538f3ceae182e6,200
metric_contract_v1.2,c38b09694be88aa74de0741b39e9d3ba0d6ff61a,,,61d7d1f20bc593cc2d106f24f0343084f56f811c8ebc63c856eaced34c50b65f,last,ood_metric/aupr_out_openood_auc,OOD-3,primary,up,id_train,id_test_vs_tin,detector_declared,detector/ctm_prototype_cosine,tin,near,,,,17793,C1,adamw,0.003,0.1,0.8711279242289529,0,f62a0ee09e8152772e8865ca59253f9a77e4f29e886d29f9b6538f3ceae182e6,200
metric_contract_v1.2,c38b09694be88aa74de0741b39e9d3ba0d6ff61a,,,61d7d1f20bc593cc2d106f24f0343084f56f811c8ebc63c856eaced34c50b65f,last,ood_metric/aupr_out_openood_auc,OOD-3,primary,up,id_train,id_test_vs_tin,detector_declared,detector/gda_class_density,tin,near,,,,17793,C1,adamw,0.003,0.1,0.6042763564899769,0,f62a0ee09e8152772e8865ca59253f9a77e4f29e886d29f9b6538f3ceae182e6,200
metric_contract_v1.2,c38b09694be88aa74de0741b39e9d3ba0d6ff61a,,,61d7d1f20bc593cc2d106f24f0343084f56f811c8ebc63c856eaced34c50b65f,last,ood_metric/aupr_out_openood_auc,OOD-3,primary,up,id_train,id_test_vs_tin,detector_declared,detector/knn_l2_k50,tin,near,,,,17793,C1,adamw,0.003,0.1,0.8910054317904244,0,f62a0ee09e8152772e8865ca59253f9a77e4f29e886d29f9b6538f3ceae182e6,200
metric_contract_v1.2,c38b09694be88aa74de0741b39e9d3ba0d6ff61a,,,61d7d1f20bc593cc2d106f24f0343084f56f811c8ebc63c856eaced34c50b65f,last,ood_metric/aupr_out_openood_auc,OOD-3,primary,up,id_train,id_test_vs_tin,detector_declared,detector/mahalanobis_pp,tin,near,,,,17793,C1,adamw,0.003,0.1,0.7711893076068701,0,f62a0ee09e8152772e8865ca59253f9a77e4f29e886d29f9b6538f3ceae182e6,200
metric_contract_v1.2,c38b09694be88aa74de0741b39e9d3ba0d6ff61a,,,61d7d1f20bc593cc2d106f24f0343084f56f811c8ebc63c856eaced34c50b65f,last,ood_metric/aupr_out_openood_auc,OOD-3,primary,up,id_train,id_test_vs_tin,detector_declared,detector/mahalanobis_raw,tin,near,,,,17793,C1,adamw,0.003,0.1,0.6131724518869421,0,f62a0ee09e8152772e8865ca59253f9a77e4f29e886d29f9b6538f3ceae182e6,200
metric_contract_v1.2,c38b09694be88aa74de0741b39e9d3ba0d6ff61a,,,61d7d1f20bc593cc2d106f24f0343084f56f811c8ebc63c856eaced34c50b65f,last,ood_metric/aupr_out_openood_auc,OOD-3,primary,up,id_train,id_test_vs_tin,detector_declared,detector/marginal_mahalanobis_raw,tin,near,,,,17793,C1,adamw,0.003,0.1,0.520221596479114,0,f62a0ee09e8152772e8865ca59253f9a77e4f29e886d29f9b6538f3ceae182e6,200
metric_contract_v1.2,c38b09694be88aa74de0741b39e9d3ba0d6ff61a,,,61d7d1f20bc593cc2d106f24f0343084f56f811c8ebc63c856eaced34c50b65f,last,ood_metric/aupr_out_openood_auc,OOD-3,primary,up,id_train,id_test_vs_tin,detector_declared,detector/ncp_euclidean_raw,tin,near,,,,17793,C1,adamw,0.003,0.1,0.7805391759480224,0,f62a0ee09e8152772e8865ca59253f9a77e4f29e886d29f9b6538f3ceae182e6,200
metric_contract_v1.2,c38b09694be88aa74de0741b39e9d3ba0d6ff61a,,,61d7d1f20bc593cc2d106f24f0343084f56f811c8ebc63c856eaced34c50b65f,last,ood_metric/aupr_out_openood_auc,OOD-3,primary,up,id_train,id_test_vs_tin,detector_declared,detector/neco_author_std_dim100,tin,near,,,,17793,C1,adamw,0.003,0.1,0.7738795610555611,0,f62a0ee09e8152772e8865ca59253f9a77e4f29e886d29f9b6538f3ceae182e6,200
metric_contract_v1.2,c38b09694be88aa74de0741b39e9d3ba0d6ff61a,,,61d7d1f20bc593cc2d106f24f0343084f56f811c8ebc63c856eaced34c50b65f,last,ood_metric/aupr_out_openood_auc,OOD-3,primary,up,id_train,id_test_vs_tin,detector_declared,detector/relative_mahalanobis_pp,tin,near,,,,17793,C1,adamw,0.003,0.1,0.8727840993936833,0,f62a0ee09e8152772e8865ca59253f9a77e4f29e886d29f9b6538f3ceae182e6,200
metric_contract_v1.2,c38b09694be88aa74de0741b39e9d3ba0d6ff61a,,,61d7d1f20bc593cc2d106f24f0343084f56f811c8ebc63c856eaced34c50b65f,last,ood_metric/aupr_out_openood_auc,OOD-3,primary,up,id_train,id_test_vs_tin,detector_declared,detector/relative_mahalanobis_raw,tin,near,,,,17793,C1,adamw,0.003,0.1,0.8822059985395319,0,f62a0ee09e8152772e8865ca59253f9a77e4f29e886d29f9b6538f3ceae182e6,200
metric_contract_v1.2,c38b09694be88aa74de0741b39e9d3ba0d6ff61a,,,61d7d1f20bc593cc2d106f24f0343084f56f811c8ebc63c856eaced34c50b65f,last,ood_metric/aupr_out_openood_auc,OOD-3,primary,up,id_train,id_test_vs_tin,detector_declared,detector/vim_author_dim,tin,near,,,,17793,C1,adamw,0.003,0.1,0.8748471408275351,0,f62a0ee09e8152772e8865ca59253f9a77e4f29e886d29f9b6538f3ceae182e6,200
metric_contract_v1.2,c38b09694be88aa74de0741b39e9d3ba0d6ff61a,,,61d7d1f20bc593cc2d106f24f0343084f56f811c8ebc63c856eaced34c50b65f,last,ood_metric/aupr_out_openood_auc,OOD-3,primary,up,id_train,id_test_vs_tin,detector_declared,detector/vim_dim128,tin,near,,,,17793,C1,adamw,0.003,0.1,0.8764320103484977,0,f62a0ee09e8152772e8865ca59253f9a77e4f29e886d29f9b6538f3ceae182e6,200
metric_contract_v1.2,c38b09694be88aa74de0741b39e9d3ba0d6ff61a,,,61d7d1f20bc593cc2d106f24f0343084f56f811c8ebc63c856eaced34c50b65f,last,ood_metric/aupr_out_openood_auc,OOD-3,primary,up,id_train,id_test_vs_tin,detector_declared,detector/vim_dim256,tin,near,,,,17793,C1,adamw,0.003,0.1,0.8757837519590506,0,f62a0ee09e8152772e8865ca59253f9a77e4f29e886d29f9b6538f3ceae182e6,200
metric_contract_v1.2,c38b09694be88aa74de0741b39e9d3ba0d6ff61a,,,61d7d1f20bc593cc2d106f24f0343084f56f811c8ebc63c856eaced34c50b65f,last,ood_metric/aupr_out_openood_auc,OOD-3,primary,up,id_train,id_test_vs_tin,detector_declared,detector/vim_dim320,tin,near,,,,17793,C1,adamw,0.003,0.1,0.8748471408275351,0,f62a0ee09e8152772e8865ca59253f9a77e4f29e886d29f9b6538f3ceae182e6,200
metric_contract_v1.2,c38b09694be88aa74de0741b39e9d3ba0d6ff61a,,,61d7d1f20bc593cc2d106f24f0343084f56f811c8ebc63c856eaced34c50b65f,last,ood_metric/aupr_out_openood_auc,OOD-3,primary,up,id_train,id_test_vs_tin,detector_declared,detector/vim_dim64,tin,near,,,,17793,C1,adamw,0.003,0.1,0.8743397366646922,0,f62a0ee09e8152772e8865ca59253f9a77e4f29e886d29f9b6538f3ceae182e6,200
metric_contract_v1.2,c38b09694be88aa74de0741b39e9d3ba0d6ff61a,,,61d7d1f20bc593cc2d106f24f0343084f56f811c8ebc63c856eaced34c50b65f,last,ood_metric/aupr_out_openood_auc,OOD-3,primary,up,id_train,id_test_vs_tin,detector_declared,detector/weight_cosine_appendix,tin,near,,,,17793,C1,adamw,0.003,0.1,0.8778146508335039,0,f62a0ee09e8152772e8865ca59253f9a77e4f29e886d29f9b6538f3ceae182e6,200
metric_contract_v1.2,c38b09694be88aa74de0741b39e9d3ba0d6ff61a,,,61d7d1f20bc593cc2d106f24f0343084f56f811c8ebc63c856eaced34c50b65f,last,ood_metric/aupr_out_openood_auc,OOD-3,primary,up,,id_test_vs_tin,detector_declared,ood_score/energy_t1,tin,near,,,,17793,C1,adamw,0.003,0.1,0.8782420273864917,0,f62a0ee09e8152772e8865ca59253f9a77e4f29e886d29f9b6538f3ceae182e6,200
metric_contract_v1.2,c38b09694be88aa74de0741b39e9d3ba0d6ff61a,,,61d7d1f20bc593cc2d106f24f0343084f56f811c8ebc63c856eaced34c50b65f,last,ood_metric/aupr_out_openood_auc,OOD-3,primary,up,,id_test_vs_tin,detector_declared,ood_score/max_logit,tin,near,,,,17793,C1,adamw,0.003,0.1,0.8783177373053976,0,f62a0ee09e8152772e8865ca59253f9a77e4f29e886d29f9b6538f3ceae182e6,200
metric_contract_v1.2,c38b09694be88aa74de0741b39e9d3ba0d6ff61a,,,61d7d1f20bc593cc2d106f24f0343084f56f811c8ebc63c856eaced34c50b65f,last,ood_metric/aupr_out_openood_auc,OOD-3,primary,up,,id_test_vs_tin,detector_declared,ood_score/msp,tin,near,,,,17793,C1,adamw,0.003,0.1,0.8446378430226611,0,f62a0ee09e8152772e8865ca59253f9a77e4f29e886d29f9b6538f3ceae182e6,200
metric_contract_v1.2,c38b09694be88aa74de0741b39e9d3ba0d6ff61a,,,61d7d1f20bc593cc2d106f24f0343084f56f811c8ebc63c856eaced34c50b65f,last,ood_metric/auroc_id_positive,OOD-1,primary,up,id_train,id_test_vs_tin,detector_declared,detector/ctm_prototype_cosine,tin,near,,,,17793,C1,adamw,0.003,0.1,0.8998322340562042,0,f62a0ee09e8152772e8865ca59253f9a77e4f29e886d29f9b6538f3ceae182e6,200
metric_contract_v1.2,c38b09694be88aa74de0741b39e9d3ba0d6ff61a,,,61d7d1f20bc593cc2d106f24f0343084f56f811c8ebc63c856eaced34c50b65f,last,ood_metric/auroc_id_positive,OOD-1,primary,up,id_train,id_test_vs_tin,detector_declared,detector/gda_class_density,tin,near,,,,17793,C1,adamw,0.003,0.1,0.7020959707429744,0,f62a0ee09e8152772e8865ca59253f9a77e4f29e886d29f9b6538f3ceae182e6,200
metric_contract_v1.2,c38b09694be88aa74de0741b39e9d3ba0d6ff61a,,,61d7d1f20bc593cc2d106f24f0343084f56f811c8ebc63c856eaced34c50b65f,last,ood_metric/auroc_id_positive,OOD-1,primary,up,id_train,id_test_vs_tin,detector_declared,detector/knn_l2_k50,tin,near,,,,17793,C1,adamw,0.003,0.1,0.9167407288592326,0,f62a0ee09e8152772e8865ca59253f9a77e4f29e886d29f9b6538f3ceae182e6,200
metric_contract_v1.2,c38b09694be88aa74de0741b39e9d3ba0d6ff61a,,,61d7d1f20bc593cc2d106f24f0343084f56f811c8ebc63c856eaced34c50b65f,last,ood_metric/auroc_id_positive,OOD-1,primary,up,id_train,id_test_vs_tin,detector_declared,detector/mahalanobis_pp,tin,near,,,,17793,C1,adamw,0.003,0.1,0.8215042217374567,0,f62a0ee09e8152772e8865ca59253f9a77e4f29e886d29f9b6538f3ceae182e6,200
metric_contract_v1.2,c38b09694be88aa74de0741b39e9d3ba0d6ff61a,,,61d7d1f20bc593cc2d106f24f0343084f56f811c8ebc63c856eaced34c50b65f,last,ood_metric/auroc_id_positive,OOD-1,primary,up,id_train,id_test_vs_tin,detector_declared,detector/mahalanobis_raw,tin,near,,,,17793,C1,adamw,0.003,0.1,0.71728212498396,0,f62a0ee09e8152772e8865ca59253f9a77e4f29e886d29f9b6538f3ceae182e6,200
metric_contract_v1.2,c38b09694be88aa74de0741b39e9d3ba0d6ff61a,,,61d7d1f20bc593cc2d106f24f0343084f56f811c8ebc63c856eaced34c50b65f,last,ood_metric/auroc_id_positive,OOD-1,primary,up,id_train,id_test_vs_tin,detector_declared,detector/marginal_mahalanobis_raw,tin,near,,,,17793,C1,adamw,0.003,0.1,0.6038145771846529,0,f62a0ee09e8152772e8865ca59253f9a77e4f29e886d29f9b6538f3ceae182e6,200
metric_contract_v1.2,c38b09694be88aa74de0741b39e9d3ba0d6ff61a,,,61d7d1f20bc593cc2d106f24f0343084f56f811c8ebc63c856eaced34c50b65f,last,ood_metric/auroc_id_positive,OOD-1,primary,up,id_train,id_test_vs_tin,detector_declared,detector/ncp_euclidean_raw,tin,near,,,,17793,C1,adamw,0.003,0.1,0.86094351340947,0,f62a0ee09e8152772e8865ca59253f9a77e4f29e886d29f9b6538f3ceae182e6,200
metric_contract_v1.2,c38b09694be88aa74de0741b39e9d3ba0d6ff61a,,,61d7d1f20bc593cc2d106f24f0343084f56f811c8ebc63c856eaced34c50b65f,last,ood_metric/auroc_id_positive,OOD-1,primary,up,id_train,id_test_vs_tin,detector_declared,detector/neco_author_std_dim100,tin,near,,,,17793,C1,adamw,0.003,0.1,0.8191298857949443,0,f62a0ee09e8152772e8865ca59253f9a77e4f29e886d29f9b6538f3ceae182e6,200
metric_contract_v1.2,c38b09694be88aa74de0741b39e9d3ba0d6ff61a,,,61d7d1f20bc593cc2d106f24f0343084f56f811c8ebc63c856eaced34c50b65f,last,ood_metric/auroc_id_positive,OOD-1,primary,up,id_train,id_test_vs_tin,detector_declared,detector/relative_mahalanobis_pp,tin,near,,,,17793,C1,adamw,0.003,0.1,0.9146861157448993,0,f62a0ee09e8152772e8865ca59253f9a77e4f29e886d29f9b6538f3ceae182e6,200
metric_contract_v1.2,c38b09694be88aa74de0741b39e9d3ba0d6ff61a,,,61d7d1f20bc593cc2d106f24f0343084f56f811c8ebc63c856eaced34c50b65f,last,ood_metric/auroc_id_positive,OOD-1,primary,up,id_train,id_test_vs_tin,detector_declared,detector/relative_mahalanobis_raw,tin,near,,,,17793,C1,adamw,0.003,0.1,0.9216891569357115,0,f62a0ee09e8152772e8865ca59253f9a77e4f29e886d29f9b6538f3ceae182e6,200
metric_contract_v1.2,c38b09694be88aa74de0741b39e9d3ba0d6ff61a,,,61d7d1f20bc593cc2d106f24f0343084f56f811c8ebc63c856eaced34c50b65f,last,ood_metric/auroc_id_positive,OOD-1,primary,up,id_train,id_test_vs_tin,detector_declared,detector/vim_author_dim,tin,near,,,,17793,C1,adamw,0.003,0.1,0.9153366739381497,0,f62a0ee09e8152772e8865ca59253f9a77e4f29e886d29f9b6538f3ceae182e6,200
metric_contract_v1.2,c38b09694be88aa74de0741b39e9d3ba0d6ff61a,,,61d7d1f20bc593cc2d106f24f0343084f56f811c8ebc63c856eaced34c50b65f,last,ood_metric/auroc_id_positive,OOD-1,primary,up,id_train,id_test_vs_tin,detector_declared,detector/vim_dim128,tin,near,,,,17793,C1,adamw,0.003,0.1,0.9141686128576928,0,f62a0ee09e8152772e8865ca59253f9a77e4f29e886d29f9b6538f3ceae182e6,200
metric_contract_v1.2,c38b09694be88aa74de0741b39e9d3ba0d6ff61a,,,61d7d1f20bc593cc2d106f24f0343084f56f811c8ebc63c856eaced34c50b65f,last,ood_metric/auroc_id_positive,OOD-1,primary,up,id_train,id_test_vs_tin,detector_declared,detector/vim_dim256,tin,near,,,,17793,C1,adamw,0.003,0.1,0.9151257538816887,0,f62a0ee09e8152772e8865ca59253f9a77e4f29e886d29f9b6538f3ceae182e6,200
metric_contract_v1.2,c38b09694be88aa74de0741b39e9d3ba0d6ff61a,,,61d7d1f20bc593cc2d106f24f0343084f56f811c8ebc63c856eaced34c50b65f,last,ood_metric/auroc_id_positive,OOD-1,primary,up,id_train,id_test_vs_tin,detector_declared,detector/vim_dim320,tin,near,,,,17793,C1,adamw,0.003,0.1,0.9153366739381497,0,f62a0ee09e8152772e8865ca59253f9a77e4f29e886d29f9b6538f3ceae182e6,200
metric_contract_v1.2,c38b09694be88aa74de0741b39e9d3ba0d6ff61a,,,61d7d1f20bc593cc2d106f24f0343084f56f811c8ebc63c856eaced34c50b65f,last,ood_metric/auroc_id_positive,OOD-1,primary,up,id_train,id_test_vs_tin,detector_declared,detector/vim_dim64,tin,near,,,,17793,C1,adamw,0.003,0.1,0.9130850378544848,0,f62a0ee09e8152772e8865ca59253f9a77e4f29e886d29f9b6538f3ceae182e6,200
metric_contract_v1.2,c38b09694be88aa74de0741b39e9d3ba0d6ff61a,,,61d7d1f20bc593cc2d106f24f0343084f56f811c8ebc63c856eaced34c50b65f,last,ood_metric/auroc_id_positive,OOD-1,primary,up,id_train,id_test_vs_tin,detector_declared,detector/weight_cosine_appendix,tin,near,,,,17793,C1,adamw,0.003,0.1,0.9162689849865264,0,f62a0ee09e8152772e8865ca59253f9a77e4f29e886d29f9b6538f3ceae182e6,200
metric_contract_v1.2,c38b09694be88aa74de0741b39e9d3ba0d6ff61a,,,61d7d1f20bc593cc2d106f24f0343084f56f811c8ebc63c856eaced34c50b65f,last,ood_metric/auroc_id_positive,OOD-1,primary,up,,id_test_vs_tin,detector_declared,ood_score/energy_t1,tin,near,,,,17793,C1,adamw,0.003,0.1,0.9163118182984731,0,f62a0ee09e8152772e8865ca59253f9a77e4f29e886d29f9b6538f3ceae182e6,200
metric_contract_v1.2,c38b09694be88aa74de0741b39e9d3ba0d6ff61a,,,61d7d1f20bc593cc2d106f24f0343084f56f811c8ebc63c856eaced34c50b65f,last,ood_metric/auroc_id_positive,OOD-1,primary,up,,id_test_vs_tin,detector_declared,ood_score/max_logit,tin,near,,,,17793,C1,adamw,0.003,0.1,0.9162395354805594,0,f62a0ee09e8152772e8865ca59253f9a77e4f29e886d29f9b6538f3ceae182e6,200
metric_contract_v1.2,c38b09694be88aa74de0741b39e9d3ba0d6ff61a,,,61d7d1f20bc593cc2d106f24f0343084f56f811c8ebc63c856eaced34c50b65f,last,ood_metric/auroc_id_positive,OOD-1,primary,up,,id_test_vs_tin,detector_declared,ood_score/msp,tin,near,,,,17793,C1,adamw,0.003,0.1,0.896966251764404,0,f62a0ee09e8152772e8865ca59253f9a77e4f29e886d29f9b6538f3ceae182e6,200
metric_contract_v1.2,c38b09694be88aa74de0741b39e9d3ba0d6ff61a,,,61d7d1f20bc593cc2d106f24f0343084f56f811c8ebc63c856eaced34c50b65f,last,ood_metric/fpr95_achieved_id_tpr,OOD-4,appendix,descriptive,id_train,id_test_vs_tin,detector_declared,detector/ctm_prototype_cosine,tin,near,,,,17793,C1,adamw,0.003,0.1,0.95,0,f62a0ee09e8152772e8865ca59253f9a77e4f29e886d29f9b6538f3ceae182e6,200
metric_contract_v1.2,c38b09694be88aa74de0741b39e9d3ba0d6ff61a,,,61d7d1f20bc593cc2d106f24f0343084f56f811c8ebc63c856eaced34c50b65f,last,ood_metric/fpr95_achieved_id_tpr,OOD-4,appendix,descriptive,id_train,id_test_vs_tin,detector_declared,detector/gda_class_density,tin,near,,,,17793,C1,adamw,0.003,0.1,0.95,0,f62a0ee09e8152772e8865ca59253f9a77e4f29e886d29f9b6538f3ceae182e6,200
metric_contract_v1.2,c38b09694be88aa74de0741b39e9d3ba0d6ff61a,,,61d7d1f20bc593cc2d106f24f0343084f56f811c8ebc63c856eaced34c50b65f,last,ood_metric/fpr95_achieved_id_tpr,OOD-4,appendix,descriptive,id_train,id_test_vs_tin,detector_declared,detector/knn_l2_k50,tin,near,,,,17793,C1,adamw,0.003,0.1,0.95,0,f62a0ee09e8152772e8865ca59253f9a77e4f29e886d29f9b6538f3ceae182e6,200
metric_contract_v1.2,c38b09694be88aa74de0741b39e9d3ba0d6ff61a,,,61d7d1f20bc593cc2d106f24f0343084f56f811c8ebc63c856eaced34c50b65f,last,ood_metric/fpr95_achieved_id_tpr,OOD-4,appendix,descriptive,id_train,id_test_vs_tin,detector_declared,detector/mahalanobis_pp,tin,near,,,,17793,C1,adamw,0.003,0.1,0.95,0,f62a0ee09e8152772e8865ca59253f9a77e4f29e886d29f9b6538f3ceae182e6,200
metric_contract_v1.2,c38b09694be88aa74de0741b39e9d3ba0d6ff61a,,,61d7d1f20bc593cc2d106f24f0343084f56f811c8ebc63c856eaced34c50b65f,last,ood_metric/fpr95_achieved_id_tpr,OOD-4,appendix,descriptive,id_train,id_test_vs_tin,detector_declared,detector/mahalanobis_raw,tin,near,,,,17793,C1,adamw,0.003,0.1,0.95,0,f62a0ee09e8152772e8865ca59253f9a77e4f29e886d29f9b6538f3ceae182e6,200
metric_contract_v1.2,c38b09694be88aa74de0741b39e9d3ba0d6ff61a,,,61d7d1f20bc593cc2d106f24f0343084f56f811c8ebc63c856eaced34c50b65f,last,ood_metric/fpr95_achieved_id_tpr,OOD-4,appendix,descriptive,id_train,id_test_vs_tin,detector_declared,detector/marginal_mahalanobis_raw,tin,near,,,,17793,C1,adamw,0.003,0.1,0.95,0,f62a0ee09e8152772e8865ca59253f9a77e4f29e886d29f9b6538f3ceae182e6,200
metric_contract_v1.2,c38b09694be88aa74de0741b39e9d3ba0d6ff61a,,,61d7d1f20bc593cc2d106f24f0343084f56f811c8ebc63c856eaced34c50b65f,last,ood_metric/fpr95_achieved_id_tpr,OOD-4,appendix,descriptive,id_train,id_test_vs_tin,detector_declared,detector/ncp_euclidean_raw,tin,near,,,,17793,C1,adamw,0.003,0.1,0.95,0,f62a0ee09e8152772e8865ca59253f9a77e4f29e886d29f9b6538f3ceae182e6,200
metric_contract_v1.2,c38b09694be88aa74de0741b39e9d3ba0d6ff61a,,,61d7d1f20bc593cc2d106f24f0343084f56f811c8ebc63c856eaced34c50b65f,last,ood_metric/fpr95_achieved_id_tpr,OOD-4,appendix,descriptive,id_train,id_test_vs_tin,detector_declared,detector/neco_author_std_dim100,tin,near,,,,17793,C1,adamw,0.003,0.1,0.95,0,f62a0ee09e8152772e8865ca59253f9a77e4f29e886d29f9b6538f3ceae182e6,200
metric_contract_v1.2,c38b09694be88aa74de0741b39e9d3ba0d6ff61a,,,61d7d1f20bc593cc2d106f24f0343084f56f811c8ebc63c856eaced34c50b65f,last,ood_metric/fpr95_achieved_id_tpr,OOD-4,appendix,descriptive,id_train,id_test_vs_tin,detector_declared,detector/relative_mahalanobis_pp,tin,near,,,,17793,C1,adamw,0.003,0.1,0.95,0,f62a0ee09e8152772e8865ca59253f9a77e4f29e886d29f9b6538f3ceae182e6,200
metric_contract_v1.2,c38b09694be88aa74de0741b39e9d3ba0d6ff61a,,,61d7d1f20bc593cc2d106f24f0343084f56f811c8ebc63c856eaced34c50b65f,last,ood_metric/fpr95_achieved_id_tpr,OOD-4,appendix,descriptive,id_train,id_test_vs_tin,detector_declared,detector/relative_mahalanobis_raw,tin,near,,,,17793,C1,adamw,0.003,0.1,0.95,0,f62a0ee09e8152772e8865ca59253f9a77e4f29e886d29f9b6538f3ceae182e6,200
metric_contract_v1.2,c38b09694be88aa74de0741b39e9d3ba0d6ff61a,,,61d7d1f20bc593cc2d106f24f0343084f56f811c8ebc63c856eaced34c50b65f,last,ood_metric/fpr95_achieved_id_tpr,OOD-4,appendix,descriptive,id_train,id_test_vs_tin,detector_declared,detector/vim_author_dim,tin,near,,,,17793,C1,adamw,0.003,0.1,0.95,0,f62a0ee09e8152772e8865ca59253f9a77e4f29e886d29f9b6538f3ceae182e6,200
metric_contract_v1.2,c38b09694be88aa74de0741b39e9d3ba0d6ff61a,,,61d7d1f20bc593cc2d106f24f0343084f56f811c8ebc63c856eaced34c50b65f,last,ood_metric/fpr95_achieved_id_tpr,OOD-4,appendix,descriptive,id_train,id_test_vs_tin,detector_declared,detector/vim_dim128,tin,near,,,,17793,C1,adamw,0.003,0.1,0.95,0,f62a0ee09e8152772e8865ca59253f9a77e4f29e886d29f9b6538f3ceae182e6,200
metric_contract_v1.2,c38b09694be88aa74de0741b39e9d3ba0d6ff61a,,,61d7d1f20bc593cc2d106f24f0343084f56f811c8ebc63c856eaced34c50b65f,last,ood_metric/fpr95_achieved_id_tpr,OOD-4,appendix,descriptive,id_train,id_test_vs_tin,detector_declared,detector/vim_dim256,tin,near,,,,17793,C1,adamw,0.003,0.1,0.95,0,f62a0ee09e8152772e8865ca59253f9a77e4f29e886d29f9b6538f3ceae182e6,200
metric_contract_v1.2,c38b09694be88aa74de0741b39e9d3ba0d6ff61a,,,61d7d1f20bc593cc2d106f24f0343084f56f811c8ebc63c856eaced34c50b65f,last,ood_metric/fpr95_achieved_id_tpr,OOD-4,appendix,descriptive,id_train,id_test_vs_tin,detector_declared,detector/vim_dim320,tin,near,,,,17793,C1,adamw,0.003,0.1,0.95,0,f62a0ee09e8152772e8865ca59253f9a77e4f29e886d29f9b6538f3ceae182e6,200
metric_contract_v1.2,c38b09694be88aa74de0741b39e9d3ba0d6ff61a,,,61d7d1f20bc593cc2d106f24f0343084f56f811c8ebc63c856eaced34c50b65f,last,ood_metric/fpr95_achieved_id_tpr,OOD-4,appendix,descriptive,id_train,id_test_vs_tin,detector_declared,detector/vim_dim64,tin,near,,,,17793,C1,adamw,0.003,0.1,0.95,0,f62a0ee09e8152772e8865ca59253f9a77e4f29e886d29f9b6538f3ceae182e6,200
metric_contract_v1.2,c38b09694be88aa74de0741b39e9d3ba0d6ff61a,,,61d7d1f20bc593cc2d106f24f0343084f56f811c8ebc63c856eaced34c50b65f,last,ood_metric/fpr95_achieved_id_tpr,OOD-4,appendix,descriptive,id_train,id_test_vs_tin,detector_declared,detector/weight_cosine_appendix,tin,near,,,,17793,C1,adamw,0.003,0.1,0.95,0,f62a0ee09e8152772e8865ca59253f9a77e4f29e886d29f9b6538f3ceae182e6,200
metric_contract_v1.2,c38b09694be88aa74de0741b39e9d3ba0d6ff61a,,,61d7d1f20bc593cc2d106f24f0343084f56f811c8ebc63c856eaced34c50b65f,last,ood_metric/fpr95_achieved_id_tpr,OOD-4,appendix,descriptive,,id_test_vs_tin,detector_declared,ood_score/energy_t1,tin,near,,,,17793,C1,adamw,0.003,0.1,0.95,0,f62a0ee09e8152772e8865ca59253f9a77e4f29e886d29f9b6538f3ceae182e6,200
metric_contract_v1.2,c38b09694be88aa74de0741b39e9d3ba0d6ff61a,,,61d7d1f20bc593cc2d106f24f0343084f56f811c8ebc63c856eaced34c50b65f,last,ood_metric/fpr95_achieved_id_tpr,OOD-4,appendix,descriptive,,id_test_vs_tin,detector_declared,ood_score/max_logit,tin,near,,,,17793,C1,adamw,0.003,0.1,0.95,0,f62a0ee09e8152772e8865ca59253f9a77e4f29e886d29f9b6538f3ceae182e6,200
metric_contract_v1.2,c38b09694be88aa74de0741b39e9d3ba0d6ff61a,,,61d7d1f20bc593cc2d106f24f0343084f56f811c8ebc63c856eaced34c50b65f,last,ood_metric/fpr95_achieved_id_tpr,OOD-4,appendix,descriptive,,id_test_vs_tin,detector_declared,ood_score/msp,tin,near,,,,17793,C1,adamw,0.003,0.1,0.95,0,f62a0ee09e8152772e8865ca59253f9a77e4f29e886d29f9b6538f3ceae182e6,200
metric_contract_v1.2,c38b09694be88aa74de0741b39e9d3ba0d6ff61a,,,61d7d1f20bc593cc2d106f24f0343084f56f811c8ebc63c856eaced34c50b65f,last,ood_metric/fpr95_id_tpr,OOD-4,primary,down,id_train,id_test_vs_tin,detector_declared,detector/ctm_prototype_cosine,tin,near,,,,17793,C1,adamw,0.003,0.1,0.4727319389195432,0,f62a0ee09e8152772e8865ca59253f9a77e4f29e886d29f9b6538f3ceae182e6,200
metric_contract_v1.2,c38b09694be88aa74de0741b39e9d3ba0d6ff61a,,,61d7d1f20bc593cc2d106f24f0343084f56f811c8ebc63c856eaced34c50b65f,last,ood_metric/fpr95_id_tpr,OOD-4,primary,down,id_train,id_test_vs_tin,detector_declared,detector/gda_class_density,tin,near,,,,17793,C1,adamw,0.003,0.1,0.8616707301424356,0,f62a0ee09e8152772e8865ca59253f9a77e4f29e886d29f9b6538f3ceae182e6,200
metric_contract_v1.2,c38b09694be88aa74de0741b39e9d3ba0d6ff61a,,,61d7d1f20bc593cc2d106f24f0343084f56f811c8ebc63c856eaced34c50b65f,last,ood_metric/fpr95_id_tpr,OOD-4,primary,down,id_train,id_test_vs_tin,detector_declared,detector/knn_l2_k50,tin,near,,,,17793,C1,adamw,0.003,0.1,0.4057487488771975,0,f62a0ee09e8152772e8865ca59253f9a77e4f29e886d29f9b6538f3ceae182e6,200
metric_contract_v1.2,c38b09694be88aa74de0741b39e9d3ba0d6ff61a,,,61d7d1f20bc593cc2d106f24f0343084f56f811c8ebc63c856eaced34c50b65f,last,ood_metric/fpr95_id_tpr,OOD-4,primary,down,id_train,id_test_vs_tin,detector_declared,detector/mahalanobis_pp,tin,near,,,,17793,C1,adamw,0.003,0.1,0.6618760426023355,0,f62a0ee09e8152772e8865ca59253f9a77e4f29e886d29f9b6538f3ceae182e6,200
metric_contract_v1.2,c38b09694be88aa74de0741b39e9d3ba0d6ff61a,,,61d7d1f20bc593cc2d106f24f0343084f56f811c8ebc63c856eaced34c50b65f,last,ood_metric/fpr95_id_tpr,OOD-4,primary,down,id_train,id_test_vs_tin,detector_declared,detector/mahalanobis_raw,tin,near,,,,17793,C1,adamw,0.003,0.1,0.8669318619273707,0,f62a0ee09e8152772e8865ca59253f9a77e4f29e886d29f9b6538f3ceae182e6,200
metric_contract_v1.2,c38b09694be88aa74de0741b39e9d3ba0d6ff61a,,,61d7d1f20bc593cc2d106f24f0343084f56f811c8ebc63c856eaced34c50b65f,last,ood_metric/fpr95_id_tpr,OOD-4,primary,down,id_train,id_test_vs_tin,detector_declared,detector/marginal_mahalanobis_raw,tin,near,,,,17793,C1,adamw,0.003,0.1,0.9121006031053509,0,f62a0ee09e8152772e8865ca59253f9a77e4f29e886d29f9b6538f3ceae182e6,200
metric_contract_v1.2,c38b09694be88aa74de0741b39e9d3ba0d6ff61a,,,61d7d1f20bc593cc2d106f24f0343084f56f811c8ebc63c856eaced34c50b65f,last,ood_metric/fpr95_id_tpr,OOD-4,primary,down,id_train,id_test_vs_tin,detector_declared,detector/ncp_euclidean_raw,tin,near,,,,17793,C1,adamw,0.003,0.1,0.6781727191068908,0,f62a0ee09e8152772e8865ca59253f9a77e4f29e886d29f9b6538f3ceae182e6,200
metric_contract_v1.2,c38b09694be88aa74de0741b39e9d3ba0d6ff61a,,,61d7d1f20bc593cc2d106f24f0343084f56f811c8ebc63c856eaced34c50b65f,last,ood_metric/fpr95_id_tpr,OOD-4,primary,down,id_train,id_test_vs_tin,detector_declared,detector/neco_author_std_dim100,tin,near,,,,17793,C1,adamw,0.003,0.1,0.6484024124214038,0,f62a0ee09e8152772e8865ca59253f9a77e4f29e886d29f9b6538f3ceae182e6,200
metric_contract_v1.2,c38b09694be88aa74de0741b39e9d3ba0d6ff61a,,,61d7d1f20bc593cc2d106f24f0343084f56f811c8ebc63c856eaced34c50b65f,last,ood_metric/fpr95_id_tpr,OOD-4,primary,down,id_train,id_test_vs_tin,detector_declared,detector/relative_mahalanobis_pp,tin,near,,,,17793,C1,adamw,0.003,0.1,0.47966123444116515,0,f62a0ee09e8152772e8865ca59253f9a77e4f29e886d29f9b6538f3ceae182e6,200
metric_contract_v1.2,c38b09694be88aa74de0741b39e9d3ba0d6ff61a,,,61d7d1f20bc593cc2d106f24f0343084f56f811c8ebc63c856eaced34c50b65f,last,ood_metric/fpr95_id_tpr,OOD-4,primary,down,id_train,id_test_vs_tin,detector_declared,detector/relative_mahalanobis_raw,tin,near,,,,17793,C1,adamw,0.003,0.1,0.44142178878480687,0,f62a0ee09e8152772e8865ca59253f9a77e4f29e886d29f9b6538f3ceae182e6,200
metric_contract_v1.2,c38b09694be88aa74de0741b39e9d3ba0d6ff61a,,,61d7d1f20bc593cc2d106f24f0343084f56f811c8ebc63c856eaced34c50b65f,last,ood_metric/fpr95_id_tpr,OOD-4,primary,down,id_train,id_test_vs_tin,detector_declared,detector/vim_author_dim,tin,near,,,,17793,C1,adamw,0.003,0.1,0.4506608494803028,0,f62a0ee09e8152772e8865ca59253f9a77e4f29e886d29f9b6538f3ceae182e6,200
metric_contract_v1.2,c38b09694be88aa74de0741b39e9d3ba0d6ff61a,,,61d7d1f20bc593cc2d106f24f0343084f56f811c8ebc63c856eaced34c50b65f,last,ood_metric/fpr95_id_tpr,OOD-4,primary,down,id_train,id_test_vs_tin,detector_declared,detector/vim_dim128,tin,near,,,,17793,C1,adamw,0.003,0.1,0.4352624149878096,0,f62a0ee09e8152772e8865ca59253f9a77e4f29e886d29f9b6538f3ceae182e6,200
metric_contract_v1.2,c38b09694be88aa74de0741b39e9d3ba0d6ff61a,,,61d7d1f20bc593cc2d106f24f0343084f56f811c8ebc63c856eaced34c50b65f,last,ood_metric/fpr95_id_tpr,OOD-4,primary,down,id_train,id_test_vs_tin,detector_declared,detector/vim_dim256,tin,near,,,,17793,C1,adamw,0.003,0.1,0.44385987424611834,0,f62a0ee09e8152772e8865ca59253f9a77e4f29e886d29f9b6538f3ceae182e6,200
metric_contract_v1.2,c38b09694be88aa74de0741b39e9d3ba0d6ff61a,,,61d7d1f20bc593cc2d106f24f0343084f56f811c8ebc63c856eaced34c50b65f,last,ood_metric/fpr95_id_tpr,OOD-4,primary,down,id_train,id_test_vs_tin,detector_declared,detector/vim_dim320,tin,near,,,,17793,C1,adamw,0.003,0.1,0.4506608494803028,0,f62a0ee09e8152772e8865ca59253f9a77e4f29e886d29f9b6538f3ceae182e6,200
metric_contract_v1.2,c38b09694be88aa74de0741b39e9d3ba0d6ff61a,,,61d7d1f20bc593cc2d106f24f0343084f56f811c8ebc63c856eaced34c50b65f,last,ood_metric/fpr95_id_tpr,OOD-4,primary,down,id_train,id_test_vs_tin,detector_declared,detector/vim_dim64,tin,near,,,,17793,C1,adamw,0.003,0.1,0.4375721801616836,0,f62a0ee09e8152772e8865ca59253f9a77e4f29e886d29f9b6538f3ceae182e6,200
metric_contract_v1.2,c38b09694be88aa74de0741b39e9d3ba0d6ff61a,,,61d7d1f20bc593cc2d106f24f0343084f56f811c8ebc63c856eaced34c50b65f,last,ood_metric/fpr95_id_tpr,OOD-4,primary,down,id_train,id_test_vs_tin,detector_declared,detector/weight_cosine_appendix,tin,near,,,,17793,C1,adamw,0.003,0.1,0.4470678814320544,0,f62a0ee09e8152772e8865ca59253f9a77e4f29e886d29f9b6538f3ceae182e6,200
metric_contract_v1.2,c38b09694be88aa74de0741b39e9d3ba0d6ff61a,,,61d7d1f20bc593cc2d106f24f0343084f56f811c8ebc63c856eaced34c50b65f,last,ood_metric/fpr95_id_tpr,OOD-4,primary,down,,id_test_vs_tin,detector_declared,ood_score/energy_t1,tin,near,,,,17793,C1,adamw,0.003,0.1,0.4347491338380598,0,f62a0ee09e8152772e8865ca59253f9a77e4f29e886d29f9b6538f3ceae182e6,200
metric_contract_v1.2,c38b09694be88aa74de0741b39e9d3ba0d6ff61a,,,61d7d1f20bc593cc2d106f24f0343084f56f811c8ebc63c856eaced34c50b65f,last,ood_metric/fpr95_id_tpr,OOD-4,primary,down,,id_test_vs_tin,detector_declared,ood_score/max_logit,tin,near,,,,17793,C1,adamw,0.003,0.1,0.4402669061978699,0,f62a0ee09e8152772e8865ca59253f9a77e4f29e886d29f9b6538f3ceae182e6,200
metric_contract_v1.2,c38b09694be88aa74de0741b39e9d3ba0d6ff61a,,,61d7d1f20bc593cc2d106f24f0343084f56f811c8ebc63c856eaced34c50b65f,last,ood_metric/fpr95_id_tpr,OOD-4,primary,down,,id_test_vs_tin,detector_declared,ood_score/msp,tin,near,,,,17793,C1,adamw,0.003,0.1,0.5485692287950725,0,f62a0ee09e8152772e8865ca59253f9a77e4f29e886d29f9b6538f3ceae182e6,200
metric_contract_v1.2,c38b09694be88aa74de0741b39e9d3ba0d6ff61a,,,61d7d1f20bc593cc2d106f24f0343084f56f811c8ebc63c856eaced34c50b65f,last,ood_metric/fpr95_threshold,OOD-4,appendix,descriptive,id_train,id_test_vs_tin,detector_declared,detector/ctm_prototype_cosine,tin,near,,,,17793,C1,adamw,0.003,0.1,0.838054880768987,0,f62a0ee09e8152772e8865ca59253f9a77e4f29e886d29f9b6538f3ceae182e6,200
metric_contract_v1.2,c38b09694be88aa74de0741b39e9d3ba0d6ff61a,,,61d7d1f20bc593cc2d106f24f0343084f56f811c8ebc63c856eaced34c50b65f,last,ood_metric/fpr95_threshold,OOD-4,appendix,descriptive,id_train,id_test_vs_tin,detector_declared,detector/gda_class_density,tin,near,,,,17793,C1,adamw,0.003,0.1,2453.4595914681067,0,f62a0ee09e8152772e8865ca59253f9a77e4f29e886d29f9b6538f3ceae182e6,200
metric_contract_v1.2,c38b09694be88aa74de0741b39e9d3ba0d6ff61a,,,61d7d1f20bc593cc2d106f24f0343084f56f811c8ebc63c856eaced34c50b65f,last,ood_metric/fpr95_threshold,OOD-4,appendix,descriptive,id_train,id_test_vs_tin,detector_declared,detector/knn_l2_k50,tin,near,,,,17793,C1,adamw,0.003,0.1,-0.21180300156847578,0,f62a0ee09e8152772e8865ca59253f9a77e4f29e886d29f9b6538f3ceae182e6,200
metric_contract_v1.2,c38b09694be88aa74de0741b39e9d3ba0d6ff61a,,,61d7d1f20bc593cc2d106f24f0343084f56f811c8ebc63c856eaced34c50b65f,last,ood_metric/fpr95_threshold,OOD-4,appendix,descriptive,id_train,id_test_vs_tin,detector_declared,detector/mahalanobis_pp,tin,near,,,,17793,C1,adamw,0.003,0.1,-998.3698687020873,0,f62a0ee09e8152772e8865ca59253f9a77e4f29e886d29f9b6538f3ceae182e6,200
metric_contract_v1.2,c38b09694be88aa74de0741b39e9d3ba0d6ff61a,,,61d7d1f20bc593cc2d106f24f0343084f56f811c8ebc63c856eaced34c50b65f,last,ood_metric/fpr95_threshold,OOD-4,appendix,descriptive,id_train,id_test_vs_tin,detector_declared,detector/mahalanobis_raw,tin,near,,,,17793,C1,adamw,0.003,0.1,-984.7068908700503,0,f62a0ee09e8152772e8865ca59253f9a77e4f29e886d29f9b6538f3ceae182e6,200
metric_contract_v1.2,c38b09694be88aa74de0741b39e9d3ba0d6ff61a,,,61d7d1f20bc593cc2d106f24f0343084f56f811c8ebc63c856eaced34c50b65f,last,ood_metric/fpr95_threshold,OOD-4,appendix,descriptive,id_train,id_test_vs_tin,detector_declared,detector/marginal_mahalanobis_raw,tin,near,,,,17793,C1,adamw,0.003,0.1,-957.980289767358,0,f62a0ee09e8152772e8865ca59253f9a77e4f29e886d29f9b6538f3ceae182e6,200
metric_contract_v1.2,c38b09694be88aa74de0741b39e9d3ba0d6ff61a,,,61d7d1f20bc593cc2d106f24f0343084f56f811c8ebc63c856eaced34c50b65f,last,ood_metric/fpr95_threshold,OOD-4,appendix,descriptive,id_train,id_test_vs_tin,detector_declared,detector/ncp_euclidean_raw,tin,near,,,,17793,C1,adamw,0.003,0.1,-9.567774813288427,0,f62a0ee09e8152772e8865ca59253f9a77e4f29e886d29f9b6538f3ceae182e6,200
metric_contract_v1.2,c38b09694be88aa74de0741b39e9d3ba0d6ff61a,,,61d7d1f20bc593cc2d106f24f0343084f56f811c8ebc63c856eaced34c50b65f,last,ood_metric/fpr95_threshold,OOD-4,appendix,descriptive,id_train,id_test_vs_tin,detector_declared,detector/neco_author_std_dim100,tin,near,,,,17793,C1,adamw,0.003,0.1,0.9578636300882339,0,f62a0ee09e8152772e8865ca59253f9a77e4f29e886d29f9b6538f3ceae182e6,200
metric_contract_v1.2,c38b09694be88aa74de0741b39e9d3ba0d6ff61a,,,61d7d1f20bc593cc2d106f24f0343084f56f811c8ebc63c856eaced34c50b65f,last,ood_metric/fpr95_threshold,OOD-4,appendix,descriptive,id_train,id_test_vs_tin,detector_declared,detector/relative_mahalanobis_pp,tin,near,,,,17793,C1,adamw,0.003,0.1,-107.52706213693345,0,f62a0ee09e8152772e8865ca59253f9a77e4f29e886d29f9b6538f3ceae182e6,200
metric_contract_v1.2,c38b09694be88aa74de0741b39e9d3ba0d6ff61a,,,61d7d1f20bc593cc2d106f24f0343084f56f811c8ebc63c856eaced34c50b65f,last,ood_metric/fpr95_threshold,OOD-4,appendix,descriptive,id_train,id_test_vs_tin,detector_declared,detector/relative_mahalanobis_raw,tin,near,,,,17793,C1,adamw,0.003,0.1,-89.10075432606722,0,f62a0ee09e8152772e8865ca59253f9a77e4f29e886d29f9b6538f3ceae182e6,200
metric_contract_v1.2,c38b09694be88aa74de0741b39e9d3ba0d6ff61a,,,61d7d1f20bc593cc2d106f24f0343084f56f811c8ebc63c856eaced34c50b65f,last,ood_metric/fpr95_threshold,OOD-4,appendix,descriptive,id_train,id_test_vs_tin,detector_declared,detector/vim_author_dim,tin,near,,,,17793,C1,adamw,0.003,0.1,-10.466300228927754,0,f62a0ee09e8152772e8865ca59253f9a77e4f29e886d29f9b6538f3ceae182e6,200
metric_contract_v1.2,c38b09694be88aa74de0741b39e9d3ba0d6ff61a,,,61d7d1f20bc593cc2d106f24f0343084f56f811c8ebc63c856eaced34c50b65f,last,ood_metric/fpr95_threshold,OOD-4,appendix,descriptive,id_train,id_test_vs_tin,detector_declared,detector/vim_dim128,tin,near,,,,17793,C1,adamw,0.003,0.1,-9.811509040749916,0,f62a0ee09e8152772e8865ca59253f9a77e4f29e886d29f9b6538f3ceae182e6,200
metric_contract_v1.2,c38b09694be88aa74de0741b39e9d3ba0d6ff61a,,,61d7d1f20bc593cc2d106f24f0343084f56f811c8ebc63c856eaced34c50b65f,last,ood_metric/fpr95_threshold,OOD-4,appendix,descriptive,id_train,id_test_vs_tin,detector_declared,detector/vim_dim256,tin,near,,,,17793,C1,adamw,0.003,0.1,-10.279978919678012,0,f62a0ee09e8152772e8865ca59253f9a77e4f29e886d29f9b6538f3ceae182e6,200
metric_contract_v1.2,c38b09694be88aa74de0741b39e9d3ba0d6ff61a,,,61d7d1f20bc593cc2d106f24f0343084f56f811c8ebc63c856eaced34c50b65f,last,ood_metric/fpr95_threshold,OOD-4,appendix,descriptive,id_train,id_test_vs_tin,detector_declared,detector/vim_dim320,tin,near,,,,17793,C1,adamw,0.003,0.1,-10.466300228927754,0,f62a0ee09e8152772e8865ca59253f9a77e4f29e886d29f9b6538f3ceae182e6,200
metric_contract_v1.2,c38b09694be88aa74de0741b39e9d3ba0d6ff61a,,,61d7d1f20bc593cc2d106f24f0343084f56f811c8ebc63c856eaced34c50b65f,last,ood_metric/fpr95_threshold,OOD-4,appendix,descriptive,id_train,id_test_vs_tin,detector_declared,detector/vim_dim64,tin,near,,,,17793,C1,adamw,0.003,0.1,-9.649056701327261,0,f62a0ee09e8152772e8865ca59253f9a77e4f29e886d29f9b6538f3ceae182e6,200
metric_contract_v1.2,c38b09694be88aa74de0741b39e9d3ba0d6ff61a,,,61d7d1f20bc593cc2d106f24f0343084f56f811c8ebc63c856eaced34c50b65f,last,ood_metric/fpr95_threshold,OOD-4,appendix,descriptive,id_train,id_test_vs_tin,detector_declared,detector/weight_cosine_appendix,tin,near,,,,17793,C1,adamw,0.003,0.1,0.04280536991526642,0,f62a0ee09e8152772e8865ca59253f9a77e4f29e886d29f9b6538f3ceae182e6,200
metric_contract_v1.2,c38b09694be88aa74de0741b39e9d3ba0d6ff61a,,,61d7d1f20bc593cc2d106f24f0343084f56f811c8ebc63c856eaced34c50b65f,last,ood_metric/fpr95_threshold,OOD-4,appendix,descriptive,,id_test_vs_tin,detector_declared,ood_score/energy_t1,tin,near,,,,17793,C1,adamw,0.003,0.1,1.9291417369309687,0,f62a0ee09e8152772e8865ca59253f9a77e4f29e886d29f9b6538f3ceae182e6,200
metric_contract_v1.2,c38b09694be88aa74de0741b39e9d3ba0d6ff61a,,,61d7d1f20bc593cc2d106f24f0343084f56f811c8ebc63c856eaced34c50b65f,last,ood_metric/fpr95_threshold,OOD-4,appendix,descriptive,,id_test_vs_tin,detector_declared,ood_score/max_logit,tin,near,,,,17793,C1,adamw,0.003,0.1,1.8261765718460088,0,f62a0ee09e8152772e8865ca59253f9a77e4f29e886d29f9b6538f3ceae182e6,200
metric_contract_v1.2,c38b09694be88aa74de0741b39e9d3ba0d6ff61a,,,61d7d1f20bc593cc2d106f24f0343084f56f811c8ebc63c856eaced34c50b65f,last,ood_metric/fpr95_threshold,OOD-4,appendix,descriptive,,id_test_vs_tin,detector_declared,ood_score/msp,tin,near,,,,17793,C1,adamw,0.003,0.1,0.9724084924421506,0,f62a0ee09e8152772e8865ca59253f9a77e4f29e886d29f9b6538f3ceae182e6,200
metric_contract_v1.2,c38b09694be88aa74de0741b39e9d3ba0d6ff61a,,,86af0abedd46c2a0c8eddb4fea4739037bd2bfd7259cc44a9b8303088bfee3b9,last,analysis/angular_control_gap_ctm_ncp,OOD-7,exploratory,descriptive,id_train,id_test_vs_tin,paired_auroc_difference,,tin,,,,,17793,C2,sgd,0.3,0.0001,0.051283087386115755,0,4467aff88cddbb8d3553a4c3d6cc2a8f34d7df8215d3f22ebda84a81c670b36c,200
metric_contract_v1.2,c38b09694be88aa74de0741b39e9d3ba0d6ff61a,,,86af0abedd46c2a0c8eddb4fea4739037bd2bfd7259cc44a9b8303088bfee3b9,last,analysis/restoration_gap_mahalanobis,OOD-7,exploratory,descriptive,id_train,id_test_vs_tin,paired_auroc_difference,,tin,,,,,17793,C2,sgd,0.3,0.0001,0.11012977030668569,0,4467aff88cddbb8d3553a4c3d6cc2a8f34d7df8215d3f22ebda84a81c670b36c,200
metric_contract_v1.2,c38b09694be88aa74de0741b39e9d3ba0d6ff61a,,,86af0abedd46c2a0c8eddb4fea4739037bd2bfd7259cc44a9b8303088bfee3b9,last,analysis/restoration_gap_relative_mahalanobis,OOD-7,exploratory,descriptive,id_train,id_test_vs_tin,paired_auroc_difference,,tin,,,,,17793,C2,sgd,0.3,0.0001,-0.006436199153086131,0,4467aff88cddbb8d3553a4c3d6cc2a8f34d7df8215d3f22ebda84a81c670b36c,200
metric_contract_v1.2,c38b09694be88aa74de0741b39e9d3ba0d6ff61a,,,86af0abedd46c2a0c8eddb4fea4739037bd2bfd7259cc44a9b8303088bfee3b9,last,ood_metric/ap_in,OOD-2,appendix,up,id_train,id_test_vs_tin,detector_declared,detector/ctm_prototype_cosine,tin,near,,,,17793,C2,sgd,0.3,0.0001,0.924250121150017,0,4467aff88cddbb8d3553a4c3d6cc2a8f34d7df8215d3f22ebda84a81c670b36c,200
metric_contract_v1.2,c38b09694be88aa74de0741b39e9d3ba0d6ff61a,,,86af0abedd46c2a0c8eddb4fea4739037bd2bfd7259cc44a9b8303088bfee3b9,last,ood_metric/ap_in,OOD-2,appendix,up,id_train,id_test_vs_tin,detector_declared,detector/gda_class_density,tin,near,,,,17793,C2,sgd,0.3,0.0001,0.81678302984292,0,4467aff88cddbb8d3553a4c3d6cc2a8f34d7df8215d3f22ebda84a81c670b36c,200
metric_contract_v1.2,c38b09694be88aa74de0741b39e9d3ba0d6ff61a,,,86af0abedd46c2a0c8eddb4fea4739037bd2bfd7259cc44a9b8303088bfee3b9,last,ood_metric/ap_in,OOD-2,appendix,up,id_train,id_test_vs_tin,detector_declared,detector/knn_l2_k50,tin,near,,,,17793,C2,sgd,0.3,0.0001,0.9437941682546831,0,4467aff88cddbb8d3553a4c3d6cc2a8f34d7df8215d3f22ebda84a81c670b36c,200
metric_contract_v1.2,c38b09694be88aa74de0741b39e9d3ba0d6ff61a,,,86af0abedd46c2a0c8eddb4fea4739037bd2bfd7259cc44a9b8303088bfee3b9,last,ood_metric/ap_in,OOD-2,appendix,up,id_train,id_test_vs_tin,detector_declared,detector/mahalanobis_pp,tin,near,,,,17793,C2,sgd,0.3,0.0001,0.9136853315821872,0,4467aff88cddbb8d3553a4c3d6cc2a8f34d7df8215d3f22ebda84a81c670b36c,200
metric_contract_v1.2,c38b09694be88aa74de0741b39e9d3ba0d6ff61a,,,86af0abedd46c2a0c8eddb4fea4739037bd2bfd7259cc44a9b8303088bfee3b9,last,ood_metric/ap_in,OOD-2,appendix,up,id_train,id_test_vs_tin,detector_declared,detector/mahalanobis_raw,tin,near,,,,17793,C2,sgd,0.3,0.0001,0.8287736108331654,0,4467aff88cddbb8d3553a4c3d6cc2a8f34d7df8215d3f22ebda84a81c670b36c,200
metric_contract_v1.2,c38b09694be88aa74de0741b39e9d3ba0d6ff61a,,,86af0abedd46c2a0c8eddb4fea4739037bd2bfd7259cc44a9b8303088bfee3b9,last,ood_metric/ap_in,OOD-2,appendix,up,id_train,id_test_vs_tin,detector_declared,detector/marginal_mahalanobis_raw,tin,near,,,,17793,C2,sgd,0.3,0.0001,0.7449753545609651,0,4467aff88cddbb8d3553a4c3d6cc2a8f34d7df8215d3f22ebda84a81c670b36c,200
metric_contract_v1.2,c38b09694be88aa74de0741b39e9d3ba0d6ff61a,,,86af0abedd46c2a0c8eddb4fea4739037bd2bfd7259cc44a9b8303088bfee3b9,last,ood_metric/ap_in,OOD-2,appendix,up,id_train,id_test_vs_tin,detector_declared,detector/ncp_euclidean_raw,tin,near,,,,17793,C2,sgd,0.3,0.0001,0.8876354203720789,0,4467aff88cddbb8d3553a4c3d6cc2a8f34d7df8215d3f22ebda84a81c670b36c,200
metric_contract_v1.2,c38b09694be88aa74de0741b39e9d3ba0d6ff61a,,,86af0abedd46c2a0c8eddb4fea4739037bd2bfd7259cc44a9b8303088bfee3b9,last,ood_metric/ap_in,OOD-2,appendix,up,id_train,id_test_vs_tin,detector_declared,detector/neco_author_std_dim100,tin,near,,,,17793,C2,sgd,0.3,0.0001,0.8944715983991665,0,4467aff88cddbb8d3553a4c3d6cc2a8f34d7df8215d3f22ebda84a81c670b36c,200
metric_contract_v1.2,c38b09694be88aa74de0741b39e9d3ba0d6ff61a,,,86af0abedd46c2a0c8eddb4fea4739037bd2bfd7259cc44a9b8303088bfee3b9,last,ood_metric/ap_in,OOD-2,appendix,up,id_train,id_test_vs_tin,detector_declared,detector/relative_mahalanobis_pp,tin,near,,,,17793,C2,sgd,0.3,0.0001,0.9368008995023864,0,4467aff88cddbb8d3553a4c3d6cc2a8f34d7df8215d3f22ebda84a81c670b36c,200
metric_contract_v1.2,c38b09694be88aa74de0741b39e9d3ba0d6ff61a,,,86af0abedd46c2a0c8eddb4fea4739037bd2bfd7259cc44a9b8303088bfee3b9,last,ood_metric/ap_in,OOD-2,appendix,up,id_train,id_test_vs_tin,detector_declared,detector/relative_mahalanobis_raw,tin,near,,,,17793,C2,sgd,0.3,0.0001,0.939285989708316,0,4467aff88cddbb8d3553a4c3d6cc2a8f34d7df8215d3f22ebda84a81c670b36c,200
metric_contract_v1.2,c38b09694be88aa74de0741b39e9d3ba0d6ff61a,,,86af0abedd46c2a0c8eddb4fea4739037bd2bfd7259cc44a9b8303088bfee3b9,last,ood_metric/ap_in,OOD-2,appendix,up,id_train,id_test_vs_tin,detector_declared,detector/vim_author_dim,tin,near,,,,17793,C2,sgd,0.3,0.0001,0.9449803760321025,0,4467aff88cddbb8d3553a4c3d6cc2a8f34d7df8215d3f22ebda84a81c670b36c,200
metric_contract_v1.2,c38b09694be88aa74de0741b39e9d3ba0d6ff61a,,,86af0abedd46c2a0c8eddb4fea4739037bd2bfd7259cc44a9b8303088bfee3b9,last,ood_metric/ap_in,OOD-2,appendix,up,id_train,id_test_vs_tin,detector_declared,detector/vim_dim128,tin,near,,,,17793,C2,sgd,0.3,0.0001,0.9437904246024376,0,4467aff88cddbb8d3553a4c3d6cc2a8f34d7df8215d3f22ebda84a81c670b36c,200
metric_contract_v1.2,c38b09694be88aa74de0741b39e9d3ba0d6ff61a,,,86af0abedd46c2a0c8eddb4fea4739037bd2bfd7259cc44a9b8303088bfee3b9,last,ood_metric/ap_in,OOD-2,appendix,up,id_train,id_test_vs_tin,detector_declared,detector/vim_dim256,tin,near,,,,17793,C2,sgd,0.3,0.0001,0.9459222452762381,0,4467aff88cddbb8d3553a4c3d6cc2a8f34d7df8215d3f22ebda84a81c670b36c,200
metric_contract_v1.2,c38b09694be88aa74de0741b39e9d3ba0d6ff61a,,,86af0abedd46c2a0c8eddb4fea4739037bd2bfd7259cc44a9b8303088bfee3b9,last,ood_metric/ap_in,OOD-2,appendix,up,id_train,id_test_vs_tin,detector_declared,detector/vim_dim320,tin,near,,,,17793,C2,sgd,0.3,0.0001,0.9449803760321025,0,4467aff88cddbb8d3553a4c3d6cc2a8f34d7df8215d3f22ebda84a81c670b36c,200
metric_contract_v1.2,c38b09694be88aa74de0741b39e9d3ba0d6ff61a,,,86af0abedd46c2a0c8eddb4fea4739037bd2bfd7259cc44a9b8303088bfee3b9,last,ood_metric/ap_in,OOD-2,appendix,up,id_train,id_test_vs_tin,detector_declared,detector/vim_dim64,tin,near,,,,17793,C2,sgd,0.3,0.0001,0.9389805147005139,0,4467aff88cddbb8d3553a4c3d6cc2a8f34d7df8215d3f22ebda84a81c670b36c,200
metric_contract_v1.2,c38b09694be88aa74de0741b39e9d3ba0d6ff61a,,,86af0abedd46c2a0c8eddb4fea4739037bd2bfd7259cc44a9b8303088bfee3b9,last,ood_metric/ap_in,OOD-2,appendix,up,id_train,id_test_vs_tin,detector_declared,detector/weight_cosine_appendix,tin,near,,,,17793,C2,sgd,0.3,0.0001,0.9407804590022809,0,4467aff88cddbb8d3553a4c3d6cc2a8f34d7df8215d3f22ebda84a81c670b36c,200
metric_contract_v1.2,c38b09694be88aa74de0741b39e9d3ba0d6ff61a,,,86af0abedd46c2a0c8eddb4fea4739037bd2bfd7259cc44a9b8303088bfee3b9,last,ood_metric/ap_in,OOD-2,appendix,up,,id_test_vs_tin,detector_declared,ood_score/energy_t1,tin,near,,,,17793,C2,sgd,0.3,0.0001,0.9301627520316929,0,4467aff88cddbb8d3553a4c3d6cc2a8f34d7df8215d3f22ebda84a81c670b36c,200
metric_contract_v1.2,c38b09694be88aa74de0741b39e9d3ba0d6ff61a,,,86af0abedd46c2a0c8eddb4fea4739037bd2bfd7259cc44a9b8303088bfee3b9,last,ood_metric/ap_in,OOD-2,appendix,up,,id_test_vs_tin,detector_declared,ood_score/max_logit,tin,near,,,,17793,C2,sgd,0.3,0.0001,0.9300218477035778,0,4467aff88cddbb8d3553a4c3d6cc2a8f34d7df8215d3f22ebda84a81c670b36c,200
metric_contract_v1.2,c38b09694be88aa74de0741b39e9d3ba0d6ff61a,,,86af0abedd46c2a0c8eddb4fea4739037bd2bfd7259cc44a9b8303088bfee3b9,last,ood_metric/ap_in,OOD-2,appendix,up,,id_test_vs_tin,detector_declared,ood_score/msp,tin,near,,,,17793,C2,sgd,0.3,0.0001,0.9318782074451768,0,4467aff88cddbb8d3553a4c3d6cc2a8f34d7df8215d3f22ebda84a81c670b36c,200
metric_contract_v1.2,c38b09694be88aa74de0741b39e9d3ba0d6ff61a,,,86af0abedd46c2a0c8eddb4fea4739037bd2bfd7259cc44a9b8303088bfee3b9,last,ood_metric/ap_out,OOD-3,appendix,up,id_train,id_test_vs_tin,detector_declared,detector/ctm_prototype_cosine,tin,near,,,,17793,C2,sgd,0.3,0.0001,0.8628691376623463,0,4467aff88cddbb8d3553a4c3d6cc2a8f34d7df8215d3f22ebda84a81c670b36c,200
metric_contract_v1.2,c38b09694be88aa74de0741b39e9d3ba0d6ff61a,,,86af0abedd46c2a0c8eddb4fea4739037bd2bfd7259cc44a9b8303088bfee3b9,last,ood_metric/ap_out,OOD-3,appendix,up,id_train,id_test_vs_tin,detector_declared,detector/gda_class_density,tin,near,,,,17793,C2,sgd,0.3,0.0001,0.7156358463245288,0,4467aff88cddbb8d3553a4c3d6cc2a8f34d7df8215d3f22ebda84a81c670b36c,200
metric_contract_v1.2,c38b09694be88aa74de0741b39e9d3ba0d6ff61a,,,86af0abedd46c2a0c8eddb4fea4739037bd2bfd7259cc44a9b8303088bfee3b9,last,ood_metric/ap_out,OOD-3,appendix,up,id_train,id_test_vs_tin,detector_declared,detector/knn_l2_k50,tin,near,,,,17793,C2,sgd,0.3,0.0001,0.8891992246912505,0,4467aff88cddbb8d3553a4c3d6cc2a8f34d7df8215d3f22ebda84a81c670b36c,200
metric_contract_v1.2,c38b09694be88aa74de0741b39e9d3ba0d6ff61a,,,86af0abedd46c2a0c8eddb4fea4739037bd2bfd7259cc44a9b8303088bfee3b9,last,ood_metric/ap_out,OOD-3,appendix,up,id_train,id_test_vs_tin,detector_declared,detector/mahalanobis_pp,tin,near,,,,17793,C2,sgd,0.3,0.0001,0.8351997449014963,0,4467aff88cddbb8d3553a4c3d6cc2a8f34d7df8215d3f22ebda84a81c670b36c,200
metric_contract_v1.2,c38b09694be88aa74de0741b39e9d3ba0d6ff61a,,,86af0abedd46c2a0c8eddb4fea4739037bd2bfd7259cc44a9b8303088bfee3b9,last,ood_metric/ap_out,OOD-3,appendix,up,id_train,id_test_vs_tin,detector_declared,detector/mahalanobis_raw,tin,near,,,,17793,C2,sgd,0.3,0.0001,0.6886758306227688,0,4467aff88cddbb8d3553a4c3d6cc2a8f34d7df8215d3f22ebda84a81c670b36c,200
metric_contract_v1.2,c38b09694be88aa74de0741b39e9d3ba0d6ff61a,,,86af0abedd46c2a0c8eddb4fea4739037bd2bfd7259cc44a9b8303088bfee3b9,last,ood_metric/ap_out,OOD-3,appendix,up,id_train,id_test_vs_tin,detector_declared,detector/marginal_mahalanobis_raw,tin,near,,,,17793,C2,sgd,0.3,0.0001,0.5989473973056278,0,4467aff88cddbb8d3553a4c3d6cc2a8f34d7df8215d3f22ebda84a81c670b36c,200
metric_contract_v1.2,c38b09694be88aa74de0741b39e9d3ba0d6ff61a,,,86af0abedd46c2a0c8eddb4fea4739037bd2bfd7259cc44a9b8303088bfee3b9,last,ood_metric/ap_out,OOD-3,appendix,up,id_train,id_test_vs_tin,detector_declared,detector/ncp_euclidean_raw,tin,near,,,,17793,C2,sgd,0.3,0.0001,0.7565317281554731,0,4467aff88cddbb8d3553a4c3d6cc2a8f34d7df8215d3f22ebda84a81c670b36c,200
metric_contract_v1.2,c38b09694be88aa74de0741b39e9d3ba0d6ff61a,,,86af0abedd46c2a0c8eddb4fea4739037bd2bfd7259cc44a9b8303088bfee3b9,last,ood_metric/ap_out,OOD-3,appendix,up,id_train,id_test_vs_tin,detector_declared,detector/neco_author_std_dim100,tin,near,,,,17793,C2,sgd,0.3,0.0001,0.8141872886474087,0,4467aff88cddbb8d3553a4c3d6cc2a8f34d7df8215d3f22ebda84a81c670b36c,200
metric_contract_v1.2,c38b09694be88aa74de0741b39e9d3ba0d6ff61a,,,86af0abedd46c2a0c8eddb4fea4739037bd2bfd7259cc44a9b8303088bfee3b9,last,ood_metric/ap_out,OOD-3,appendix,up,id_train,id_test_vs_tin,detector_declared,detector/relative_mahalanobis_pp,tin,near,,,,17793,C2,sgd,0.3,0.0001,0.8757747021303813,0,4467aff88cddbb8d3553a4c3d6cc2a8f34d7df8215d3f22ebda84a81c670b36c,200
metric_contract_v1.2,c38b09694be88aa74de0741b39e9d3ba0d6ff61a,,,86af0abedd46c2a0c8eddb4fea4739037bd2bfd7259cc44a9b8303088bfee3b9,last,ood_metric/ap_out,OOD-3,appendix,up,id_train,id_test_vs_tin,detector_declared,detector/relative_mahalanobis_raw,tin,near,,,,17793,C2,sgd,0.3,0.0001,0.8873349188538051,0,4467aff88cddbb8d3553a4c3d6cc2a8f34d7df8215d3f22ebda84a81c670b36c,200
metric_contract_v1.2,c38b09694be88aa74de0741b39e9d3ba0d6ff61a,,,86af0abedd46c2a0c8eddb4fea4739037bd2bfd7259cc44a9b8303088bfee3b9,last,ood_metric/ap_out,OOD-3,appendix,up,id_train,id_test_vs_tin,detector_declared,detector/vim_author_dim,tin,near,,,,17793,C2,sgd,0.3,0.0001,0.8966874709927126,0,4467aff88cddbb8d3553a4c3d6cc2a8f34d7df8215d3f22ebda84a81c670b36c,200
metric_contract_v1.2,c38b09694be88aa74de0741b39e9d3ba0d6ff61a,,,86af0abedd46c2a0c8eddb4fea4739037bd2bfd7259cc44a9b8303088bfee3b9,last,ood_metric/ap_out,OOD-3,appendix,up,id_train,id_test_vs_tin,detector_declared,detector/vim_dim128,tin,near,,,,17793,C2,sgd,0.3,0.0001,0.8984602619177033,0,4467aff88cddbb8d3553a4c3d6cc2a8f34d7df8215d3f22ebda84a81c670b36c,200
metric_contract_v1.2,c38b09694be88aa74de0741b39e9d3ba0d6ff61a,,,86af0abedd46c2a0c8eddb4fea4739037bd2bfd7259cc44a9b8303088bfee3b9,last,ood_metric/ap_out,OOD-3,appendix,up,id_train,id_test_vs_tin,detector_declared,detector/vim_dim256,tin,near,,,,17793,C2,sgd,0.3,0.0001,0.8999762125693485,0,4467aff88cddbb8d3553a4c3d6cc2a8f34d7df8215d3f22ebda84a81c670b36c,200
metric_contract_v1.2,c38b09694be88aa74de0741b39e9d3ba0d6ff61a,,,86af0abedd46c2a0c8eddb4fea4739037bd2bfd7259cc44a9b8303088bfee3b9,last,ood_metric/ap_out,OOD-3,appendix,up,id_train,id_test_vs_tin,detector_declared,detector/vim_dim320,tin,near,,,,17793,C2,sgd,0.3,0.0001,0.8966874709927126,0,4467aff88cddbb8d3553a4c3d6cc2a8f34d7df8215d3f22ebda84a81c670b36c,200
metric_contract_v1.2,c38b09694be88aa74de0741b39e9d3ba0d6ff61a,,,86af0abedd46c2a0c8eddb4fea4739037bd2bfd7259cc44a9b8303088bfee3b9,last,ood_metric/ap_out,OOD-3,appendix,up,id_train,id_test_vs_tin,detector_declared,detector/vim_dim64,tin,near,,,,17793,C2,sgd,0.3,0.0001,0.8875924934917397,0,4467aff88cddbb8d3553a4c3d6cc2a8f34d7df8215d3f22ebda84a81c670b36c,200
metric_contract_v1.2,c38b09694be88aa74de0741b39e9d3ba0d6ff61a,,,86af0abedd46c2a0c8eddb4fea4739037bd2bfd7259cc44a9b8303088bfee3b9,last,ood_metric/ap_out,OOD-3,appendix,up,id_train,id_test_vs_tin,detector_declared,detector/weight_cosine_appendix,tin,near,,,,17793,C2,sgd,0.3,0.0001,0.8803172136366437,0,4467aff88cddbb8d3553a4c3d6cc2a8f34d7df8215d3f22ebda84a81c670b36c,200
metric_contract_v1.2,c38b09694be88aa74de0741b39e9d3ba0d6ff61a,,,86af0abedd46c2a0c8eddb4fea4739037bd2bfd7259cc44a9b8303088bfee3b9,last,ood_metric/ap_out,OOD-3,appendix,up,,id_test_vs_tin,detector_declared,ood_score/energy_t1,tin,near,,,,17793,C2,sgd,0.3,0.0001,0.8908510427892493,0,4467aff88cddbb8d3553a4c3d6cc2a8f34d7df8215d3f22ebda84a81c670b36c,200
metric_contract_v1.2,c38b09694be88aa74de0741b39e9d3ba0d6ff61a,,,86af0abedd46c2a0c8eddb4fea4739037bd2bfd7259cc44a9b8303088bfee3b9,last,ood_metric/ap_out,OOD-3,appendix,up,,id_test_vs_tin,detector_declared,ood_score/max_logit,tin,near,,,,17793,C2,sgd,0.3,0.0001,0.8894874861681084,0,4467aff88cddbb8d3553a4c3d6cc2a8f34d7df8215d3f22ebda84a81c670b36c,200
metric_contract_v1.2,c38b09694be88aa74de0741b39e9d3ba0d6ff61a,,,86af0abedd46c2a0c8eddb4fea4739037bd2bfd7259cc44a9b8303088bfee3b9,last,ood_metric/ap_out,OOD-3,appendix,up,,id_test_vs_tin,detector_declared,ood_score/msp,tin,near,,,,17793,C2,sgd,0.3,0.0001,0.8537652304248118,0,4467aff88cddbb8d3553a4c3d6cc2a8f34d7df8215d3f22ebda84a81c670b36c,200
metric_contract_v1.2,c38b09694be88aa74de0741b39e9d3ba0d6ff61a,,,86af0abedd46c2a0c8eddb4fea4739037bd2bfd7259cc44a9b8303088bfee3b9,last,ood_metric/aupr_in_openood_auc,OOD-2,primary,up,id_train,id_test_vs_tin,detector_declared,detector/ctm_prototype_cosine,tin,near,,,,17793,C2,sgd,0.3,0.0001,0.9242452553890663,0,4467aff88cddbb8d3553a4c3d6cc2a8f34d7df8215d3f22ebda84a81c670b36c,200
metric_contract_v1.2,c38b09694be88aa74de0741b39e9d3ba0d6ff61a,,,86af0abedd46c2a0c8eddb4fea4739037bd2bfd7259cc44a9b8303088bfee3b9,last,ood_metric/aupr_in_openood_auc,OOD-2,primary,up,id_train,id_test_vs_tin,detector_declared,detector/gda_class_density,tin,near,,,,17793,C2,sgd,0.3,0.0001,0.816770239030673,0,4467aff88cddbb8d3553a4c3d6cc2a8f34d7df8215d3f22ebda84a81c670b36c,200
metric_contract_v1.2,c38b09694be88aa74de0741b39e9d3ba0d6ff61a,,,86af0abedd46c2a0c8eddb4fea4739037bd2bfd7259cc44a9b8303088bfee3b9,last,ood_metric/aupr_in_openood_auc,OOD-2,primary,up,id_train,id_test_vs_tin,detector_declared,detector/knn_l2_k50,tin,near,,,,17793,C2,sgd,0.3,0.0001,0.9437911095127818,0,4467aff88cddbb8d3553a4c3d6cc2a8f34d7df8215d3f22ebda84a81c670b36c,200
metric_contract_v1.2,c38b09694be88aa74de0741b39e9d3ba0d6ff61a,,,86af0abedd46c2a0c8eddb4fea4739037bd2bfd7259cc44a9b8303088bfee3b9,last,ood_metric/aupr_in_openood_auc,OOD-2,primary,up,id_train,id_test_vs_tin,detector_declared,detector/mahalanobis_pp,tin,near,,,,17793,C2,sgd,0.3,0.0001,0.9136798945613156,0,4467aff88cddbb8d3553a4c3d6cc2a8f34d7df8215d3f22ebda84a81c670b36c,200
metric_contract_v1.2,c38b09694be88aa74de0741b39e9d3ba0d6ff61a,,,86af0abedd46c2a0c8eddb4fea4739037bd2bfd7259cc44a9b8303088bfee3b9,last,ood_metric/aupr_in_openood_auc,OOD-2,primary,up,id_train,id_test_vs_tin,detector_declared,detector/mahalanobis_raw,tin,near,,,,17793,C2,sgd,0.3,0.0001,0.8287617878326969,0,4467aff88cddbb8d3553a4c3d6cc2a8f34d7df8215d3f22ebda84a81c670b36c,200
metric_contract_v1.2,c38b09694be88aa74de0741b39e9d3ba0d6ff61a,,,86af0abedd46c2a0c8eddb4fea4739037bd2bfd7259cc44a9b8303088bfee3b9,last,ood_metric/aupr_in_openood_auc,OOD-2,primary,up,id_train,id_test_vs_tin,detector_declared,detector/marginal_mahalanobis_raw,tin,near,,,,17793,C2,sgd,0.3,0.0001,0.74495222373905,0,4467aff88cddbb8d3553a4c3d6cc2a8f34d7df8215d3f22ebda84a81c670b36c,200
metric_contract_v1.2,c38b09694be88aa74de0741b39e9d3ba0d6ff61a,,,86af0abedd46c2a0c8eddb4fea4739037bd2bfd7259cc44a9b8303088bfee3b9,last,ood_metric/aupr_in_openood_auc,OOD-2,primary,up,id_train,id_test_vs_tin,detector_declared,detector/ncp_euclidean_raw,tin,near,,,,17793,C2,sgd,0.3,0.0001,0.8876265368970081,0,4467aff88cddbb8d3553a4c3d6cc2a8f34d7df8215d3f22ebda84a81c670b36c,200
metric_contract_v1.2,c38b09694be88aa74de0741b39e9d3ba0d6ff61a,,,86af0abedd46c2a0c8eddb4fea4739037bd2bfd7259cc44a9b8303088bfee3b9,last,ood_metric/aupr_in_openood_auc,OOD-2,primary,up,id_train,id_test_vs_tin,detector_declared,detector/neco_author_std_dim100,tin,near,,,,17793,C2,sgd,0.3,0.0001,0.8944628335729116,0,4467aff88cddbb8d3553a4c3d6cc2a8f34d7df8215d3f22ebda84a81c670b36c,200
metric_contract_v1.2,c38b09694be88aa74de0741b39e9d3ba0d6ff61a,,,86af0abedd46c2a0c8eddb4fea4739037bd2bfd7259cc44a9b8303088bfee3b9,last,ood_metric/aupr_in_openood_auc,OOD-2,primary,up,id_train,id_test_vs_tin,detector_declared,detector/relative_mahalanobis_pp,tin,near,,,,17793,C2,sgd,0.3,0.0001,0.936795581706672,0,4467aff88cddbb8d3553a4c3d6cc2a8f34d7df8215d3f22ebda84a81c670b36c,200
metric_contract_v1.2,c38b09694be88aa74de0741b39e9d3ba0d6ff61a,,,86af0abedd46c2a0c8eddb4fea4739037bd2bfd7259cc44a9b8303088bfee3b9,last,ood_metric/aupr_in_openood_auc,OOD-2,primary,up,id_train,id_test_vs_tin,detector_declared,detector/relative_mahalanobis_raw,tin,near,,,,17793,C2,sgd,0.3,0.0001,0.939279713070925,0,4467aff88cddbb8d3553a4c3d6cc2a8f34d7df8215d3f22ebda84a81c670b36c,200
metric_contract_v1.2,c38b09694be88aa74de0741b39e9d3ba0d6ff61a,,,86af0abedd46c2a0c8eddb4fea4739037bd2bfd7259cc44a9b8303088bfee3b9,last,ood_metric/aupr_in_openood_auc,OOD-2,primary,up,id_train,id_test_vs_tin,detector_declared,detector/vim_author_dim,tin,near,,,,17793,C2,sgd,0.3,0.0001,0.944976919812953,0,4467aff88cddbb8d3553a4c3d6cc2a8f34d7df8215d3f22ebda84a81c670b36c,200
metric_contract_v1.2,c38b09694be88aa74de0741b39e9d3ba0d6ff61a,,,86af0abedd46c2a0c8eddb4fea4739037bd2bfd7259cc44a9b8303088bfee3b9,last,ood_metric/aupr_in_openood_auc,OOD-2,primary,up,id_train,id_test_vs_tin,detector_declared,detector/vim_dim128,tin,near,,,,17793,C2,sgd,0.3,0.0001,0.9437867058028312,0,4467aff88cddbb8d3553a4c3d6cc2a8f34d7df8215d3f22ebda84a81c670b36c,200
metric_contract_v1.2,c38b09694be88aa74de0741b39e9d3ba0d6ff61a,,,86af0abedd46c2a0c8eddb4fea4739037bd2bfd7259cc44a9b8303088bfee3b9,last,ood_metric/aupr_in_openood_auc,OOD-2,primary,up,id_train,id_test_vs_tin,detector_declared,detector/vim_dim256,tin,near,,,,17793,C2,sgd,0.3,0.0001,0.9459188485734136,0,4467aff88cddbb8d3553a4c3d6cc2a8f34d7df8215d3f22ebda84a81c670b36c,200
metric_contract_v1.2,c38b09694be88aa74de0741b39e9d3ba0d6ff61a,,,86af0abedd46c2a0c8eddb4fea4739037bd2bfd7259cc44a9b8303088bfee3b9,last,ood_metric/aupr_in_openood_auc,OOD-2,primary,up,id_train,id_test_vs_tin,detector_declared,detector/vim_dim320,tin,near,,,,17793,C2,sgd,0.3,0.0001,0.944976919812953,0,4467aff88cddbb8d3553a4c3d6cc2a8f34d7df8215d3f22ebda84a81c670b36c,200
metric_contract_v1.2,c38b09694be88aa74de0741b39e9d3ba0d6ff61a,,,86af0abedd46c2a0c8eddb4fea4739037bd2bfd7259cc44a9b8303088bfee3b9,last,ood_metric/aupr_in_openood_auc,OOD-2,primary,up,id_train,id_test_vs_tin,detector_declared,detector/vim_dim64,tin,near,,,,17793,C2,sgd,0.3,0.0001,0.9389755117732669,0,4467aff88cddbb8d3553a4c3d6cc2a8f34d7df8215d3f22ebda84a81c670b36c,200
metric_contract_v1.2,c38b09694be88aa74de0741b39e9d3ba0d6ff61a,,,86af0abedd46c2a0c8eddb4fea4739037bd2bfd7259cc44a9b8303088bfee3b9,last,ood_metric/aupr_in_openood_auc,OOD-2,primary,up,id_train,id_test_vs_tin,detector_declared,detector/weight_cosine_appendix,tin,near,,,,17793,C2,sgd,0.3,0.0001,0.9407771543201835,0,4467aff88cddbb8d3553a4c3d6cc2a8f34d7df8215d3f22ebda84a81c670b36c,200
metric_contract_v1.2,c38b09694be88aa74de0741b39e9d3ba0d6ff61a,,,86af0abedd46c2a0c8eddb4fea4739037bd2bfd7259cc44a9b8303088bfee3b9,last,ood_metric/aupr_in_openood_auc,OOD-2,primary,up,,id_test_vs_tin,detector_declared,ood_score/energy_t1,tin,near,,,,17793,C2,sgd,0.3,0.0001,0.9301571358067822,0,4467aff88cddbb8d3553a4c3d6cc2a8f34d7df8215d3f22ebda84a81c670b36c,200
metric_contract_v1.2,c38b09694be88aa74de0741b39e9d3ba0d6ff61a,,,86af0abedd46c2a0c8eddb4fea4739037bd2bfd7259cc44a9b8303088bfee3b9,last,ood_metric/aupr_in_openood_auc,OOD-2,primary,up,,id_test_vs_tin,detector_declared,ood_score/max_logit,tin,near,,,,17793,C2,sgd,0.3,0.0001,0.9300162382475377,0,4467aff88cddbb8d3553a4c3d6cc2a8f34d7df8215d3f22ebda84a81c670b36c,200
metric_contract_v1.2,c38b09694be88aa74de0741b39e9d3ba0d6ff61a,,,86af0abedd46c2a0c8eddb4fea4739037bd2bfd7259cc44a9b8303088bfee3b9,last,ood_metric/aupr_in_openood_auc,OOD-2,primary,up,,id_test_vs_tin,detector_declared,ood_score/msp,tin,near,,,,17793,C2,sgd,0.3,0.0001,0.9318735393355466,0,4467aff88cddbb8d3553a4c3d6cc2a8f34d7df8215d3f22ebda84a81c670b36c,200
metric_contract_v1.2,c38b09694be88aa74de0741b39e9d3ba0d6ff61a,,,86af0abedd46c2a0c8eddb4fea4739037bd2bfd7259cc44a9b8303088bfee3b9,last,ood_metric/aupr_out_openood_auc,OOD-3,primary,up,id_train,id_test_vs_tin,detector_declared,detector/ctm_prototype_cosine,tin,near,,,,17793,C2,sgd,0.3,0.0001,0.8628512125193961,0,4467aff88cddbb8d3553a4c3d6cc2a8f34d7df8215d3f22ebda84a81c670b36c,200
metric_contract_v1.2,c38b09694be88aa74de0741b39e9d3ba0d6ff61a,,,86af0abedd46c2a0c8eddb4fea4739037bd2bfd7259cc44a9b8303088bfee3b9,last,ood_metric/aupr_out_openood_auc,OOD-3,primary,up,id_train,id_test_vs_tin,detector_declared,detector/gda_class_density,tin,near,,,,17793,C2,sgd,0.3,0.0001,0.7155224758199337,0,4467aff88cddbb8d3553a4c3d6cc2a8f34d7df8215d3f22ebda84a81c670b36c,200
metric_contract_v1.2,c38b09694be88aa74de0741b39e9d3ba0d6ff61a,,,86af0abedd46c2a0c8eddb4fea4739037bd2bfd7259cc44a9b8303088bfee3b9,last,ood_metric/aupr_out_openood_auc,OOD-3,primary,up,id_train,id_test_vs_tin,detector_declared,detector/knn_l2_k50,tin,near,,,,17793,C2,sgd,0.3,0.0001,0.8891849785317041,0,4467aff88cddbb8d3553a4c3d6cc2a8f34d7df8215d3f22ebda84a81c670b36c,200
metric_contract_v1.2,c38b09694be88aa74de0741b39e9d3ba0d6ff61a,,,86af0abedd46c2a0c8eddb4fea4739037bd2bfd7259cc44a9b8303088bfee3b9,last,ood_metric/aupr_out_openood_auc,OOD-3,primary,up,id_train,id_test_vs_tin,detector_declared,detector/mahalanobis_pp,tin,near,,,,17793,C2,sgd,0.3,0.0001,0.8351091971212418,0,4467aff88cddbb8d3553a4c3d6cc2a8f34d7df8215d3f22ebda84a81c670b36c,200
metric_contract_v1.2,c38b09694be88aa74de0741b39e9d3ba0d6ff61a,,,86af0abedd46c2a0c8eddb4fea4739037bd2bfd7259cc44a9b8303088bfee3b9,last,ood_metric/aupr_out_openood_auc,OOD-3,primary,up,id_train,id_test_vs_tin,detector_declared,detector/mahalanobis_raw,tin,near,,,,17793,C2,sgd,0.3,0.0001,0.6885480716924306,0,4467aff88cddbb8d3553a4c3d6cc2a8f34d7df8215d3f22ebda84a81c670b36c,200
metric_contract_v1.2,c38b09694be88aa74de0741b39e9d3ba0d6ff61a,,,86af0abedd46c2a0c8eddb4fea4739037bd2bfd7259cc44a9b8303088bfee3b9,last,ood_metric/aupr_out_openood_auc,OOD-3,primary,up,id_train,id_test_vs_tin,detector_declared,detector/marginal_mahalanobis_raw,tin,near,,,,17793,C2,sgd,0.3,0.0001,0.5988088612767732,0,4467aff88cddbb8d3553a4c3d6cc2a8f34d7df8215d3f22ebda84a81c670b36c,200
metric_contract_v1.2,c38b09694be88aa74de0741b39e9d3ba0d6ff61a,,,86af0abedd46c2a0c8eddb4fea4739037bd2bfd7259cc44a9b8303088bfee3b9,last,ood_metric/aupr_out_openood_auc,OOD-3,primary,up,id_train,id_test_vs_tin,detector_declared,detector/ncp_euclidean_raw,tin,near,,,,17793,C2,sgd,0.3,0.0001,0.7563851308025986,0,4467aff88cddbb8d3553a4c3d6cc2a8f34d7df8215d3f22ebda84a81c670b36c,200
metric_contract_v1.2,c38b09694be88aa74de0741b39e9d3ba0d6ff61a,,,86af0abedd46c2a0c8eddb4fea4739037bd2bfd7259cc44a9b8303088bfee3b9,last,ood_metric/aupr_out_openood_auc,OOD-3,primary,up,id_train,id_test_vs_tin,detector_declared,detector/neco_author_std_dim100,tin,near,,,,17793,C2,sgd,0.3,0.0001,0.8141570649487546,0,4467aff88cddbb8d3553a4c3d6cc2a8f34d7df8215d3f22ebda84a81c670b36c,200
metric_contract_v1.2,c38b09694be88aa74de0741b39e9d3ba0d6ff61a,,,86af0abedd46c2a0c8eddb4fea4739037bd2bfd7259cc44a9b8303088bfee3b9,last,ood_metric/aupr_out_openood_auc,OOD-3,primary,up,id_train,id_test_vs_tin,detector_declared,detector/relative_mahalanobis_pp,tin,near,,,,17793,C2,sgd,0.3,0.0001,0.8757579514825838,0,4467aff88cddbb8d3553a4c3d6cc2a8f34d7df8215d3f22ebda84a81c670b36c,200
metric_contract_v1.2,c38b09694be88aa74de0741b39e9d3ba0d6ff61a,,,86af0abedd46c2a0c8eddb4fea4739037bd2bfd7259cc44a9b8303088bfee3b9,last,ood_metric/aupr_out_openood_auc,OOD-3,primary,up,id_train,id_test_vs_tin,detector_declared,detector/relative_mahalanobis_raw,tin,near,,,,17793,C2,sgd,0.3,0.0001,0.8873207535508745,0,4467aff88cddbb8d3553a4c3d6cc2a8f34d7df8215d3f22ebda84a81c670b36c,200
metric_contract_v1.2,c38b09694be88aa74de0741b39e9d3ba0d6ff61a,,,86af0abedd46c2a0c8eddb4fea4739037bd2bfd7259cc44a9b8303088bfee3b9,last,ood_metric/aupr_out_openood_auc,OOD-3,primary,up,id_train,id_test_vs_tin,detector_declared,detector/vim_author_dim,tin,near,,,,17793,C2,sgd,0.3,0.0001,0.8966733701709463,0,4467aff88cddbb8d3553a4c3d6cc2a8f34d7df8215d3f22ebda84a81c670b36c,200
metric_contract_v1.2,c38b09694be88aa74de0741b39e9d3ba0d6ff61a,,,86af0abedd46c2a0c8eddb4fea4739037bd2bfd7259cc44a9b8303088bfee3b9,last,ood_metric/aupr_out_openood_auc,OOD-3,primary,up,id_train,id_test_vs_tin,detector_declared,detector/vim_dim128,tin,near,,,,17793,C2,sgd,0.3,0.0001,0.8984446324909264,0,4467aff88cddbb8d3553a4c3d6cc2a8f34d7df8215d3f22ebda84a81c670b36c,200
metric_contract_v1.2,c38b09694be88aa74de0741b39e9d3ba0d6ff61a,,,86af0abedd46c2a0c8eddb4fea4739037bd2bfd7259cc44a9b8303088bfee3b9,last,ood_metric/aupr_out_openood_auc,OOD-3,primary,up,id_train,id_test_vs_tin,detector_declared,detector/vim_dim256,tin,near,,,,17793,C2,sgd,0.3,0.0001,0.8999587299532119,0,4467aff88cddbb8d3553a4c3d6cc2a8f34d7df8215d3f22ebda84a81c670b36c,200
metric_contract_v1.2,c38b09694be88aa74de0741b39e9d3ba0d6ff61a,,,86af0abedd46c2a0c8eddb4fea4739037bd2bfd7259cc44a9b8303088bfee3b9,last,ood_metric/aupr_out_openood_auc,OOD-3,primary,up,id_train,id_test_vs_tin,detector_declared,detector/vim_dim320,tin,near,,,,17793,C2,sgd,0.3,0.0001,0.8966733701709463,0,4467aff88cddbb8d3553a4c3d6cc2a8f34d7df8215d3f22ebda84a81c670b36c,200
metric_contract_v1.2,c38b09694be88aa74de0741b39e9d3ba0d6ff61a,,,86af0abedd46c2a0c8eddb4fea4739037bd2bfd7259cc44a9b8303088bfee3b9,last,ood_metric/aupr_out_openood_auc,OOD-3,primary,up,id_train,id_test_vs_tin,detector_declared,detector/vim_dim64,tin,near,,,,17793,C2,sgd,0.3,0.0001,0.8875704267928233,0,4467aff88cddbb8d3553a4c3d6cc2a8f34d7df8215d3f22ebda84a81c670b36c,200
metric_contract_v1.2,c38b09694be88aa74de0741b39e9d3ba0d6ff61a,,,86af0abedd46c2a0c8eddb4fea4739037bd2bfd7259cc44a9b8303088bfee3b9,last,ood_metric/aupr_out_openood_auc,OOD-3,primary,up,id_train,id_test_vs_tin,detector_declared,detector/weight_cosine_appendix,tin,near,,,,17793,C2,sgd,0.3,0.0001,0.8802571264694159,0,4467aff88cddbb8d3553a4c3d6cc2a8f34d7df8215d3f22ebda84a81c670b36c,200
metric_contract_v1.2,c38b09694be88aa74de0741b39e9d3ba0d6ff61a,,,86af0abedd46c2a0c8eddb4fea4739037bd2bfd7259cc44a9b8303088bfee3b9,last,ood_metric/aupr_out_openood_auc,OOD-3,primary,up,,id_test_vs_tin,detector_declared,ood_score/energy_t1,tin,near,,,,17793,C2,sgd,0.3,0.0001,0.8908284837802025,0,4467aff88cddbb8d3553a4c3d6cc2a8f34d7df8215d3f22ebda84a81c670b36c,200
metric_contract_v1.2,c38b09694be88aa74de0741b39e9d3ba0d6ff61a,,,86af0abedd46c2a0c8eddb4fea4739037bd2bfd7259cc44a9b8303088bfee3b9,last,ood_metric/aupr_out_openood_auc,OOD-3,primary,up,,id_test_vs_tin,detector_declared,ood_score/max_logit,tin,near,,,,17793,C2,sgd,0.3,0.0001,0.8894687640888725,0,4467aff88cddbb8d3553a4c3d6cc2a8f34d7df8215d3f22ebda84a81c670b36c,200
metric_contract_v1.2,c38b09694be88aa74de0741b39e9d3ba0d6ff61a,,,86af0abedd46c2a0c8eddb4fea4739037bd2bfd7259cc44a9b8303088bfee3b9,last,ood_metric/aupr_out_openood_auc,OOD-3,primary,up,,id_test_vs_tin,detector_declared,ood_score/msp,tin,near,,,,17793,C2,sgd,0.3,0.0001,0.8537377692531329,0,4467aff88cddbb8d3553a4c3d6cc2a8f34d7df8215d3f22ebda84a81c670b36c,200
metric_contract_v1.2,c38b09694be88aa74de0741b39e9d3ba0d6ff61a,,,86af0abedd46c2a0c8eddb4fea4739037bd2bfd7259cc44a9b8303088bfee3b9,last,ood_metric/auroc_id_positive,OOD-1,primary,up,id_train,id_test_vs_tin,detector_declared,detector/ctm_prototype_cosine,tin,near,,,,17793,C2,sgd,0.3,0.0001,0.9004665597330938,0,4467aff88cddbb8d3553a4c3d6cc2a8f34d7df8215d3f22ebda84a81c670b36c,200
metric_contract_v1.2,c38b09694be88aa74de0741b39e9d3ba0d6ff61a,,,86af0abedd46c2a0c8eddb4fea4739037bd2bfd7259cc44a9b8303088bfee3b9,last,ood_metric/auroc_id_positive,OOD-1,primary,up,id_train,id_test_vs_tin,detector_declared,detector/gda_class_density,tin,near,,,,17793,C2,sgd,0.3,0.0001,0.7736834980110356,0,4467aff88cddbb8d3553a4c3d6cc2a8f34d7df8215d3f22ebda84a81c670b36c,200
metric_contract_v1.2,c38b09694be88aa74de0741b39e9d3ba0d6ff61a,,,86af0abedd46c2a0c8eddb4fea4739037bd2bfd7259cc44a9b8303088bfee3b9,last,ood_metric/auroc_id_positive,OOD-1,primary,up,id_train,id_test_vs_tin,detector_declared,detector/knn_l2_k50,tin,near,,,,17793,C2,sgd,0.3,0.0001,0.9227349929423841,0,4467aff88cddbb8d3553a4c3d6cc2a8f34d7df8215d3f22ebda84a81c670b36c,200
metric_contract_v1.2,c38b09694be88aa74de0741b39e9d3ba0d6ff61a,,,86af0abedd46c2a0c8eddb4fea4739037bd2bfd7259cc44a9b8303088bfee3b9,last,ood_metric/auroc_id_positive,OOD-1,primary,up,id_train,id_test_vs_tin,detector_declared,detector/mahalanobis_pp,tin,near,,,,17793,C2,sgd,0.3,0.0001,0.8842742846143976,0,4467aff88cddbb8d3553a4c3d6cc2a8f34d7df8215d3f22ebda84a81c670b36c,200
metric_contract_v1.2,c38b09694be88aa74de0741b39e9d3ba0d6ff61a,,,86af0abedd46c2a0c8eddb4fea4739037bd2bfd7259cc44a9b8303088bfee3b9,last,ood_metric/auroc_id_positive,OOD-1,primary,up,id_train,id_test_vs_tin,detector_declared,detector/mahalanobis_raw,tin,near,,,,17793,C2,sgd,0.3,0.0001,0.7741445143077119,0,4467aff88cddbb8d3553a4c3d6cc2a8f34d7df8215d3f22ebda84a81c670b36c,200
metric_contract_v1.2,c38b09694be88aa74de0741b39e9d3ba0d6ff61a,,,86af0abedd46c2a0c8eddb4fea4739037bd2bfd7259cc44a9b8303088bfee3b9,last,ood_metric/auroc_id_positive,OOD-1,primary,up,id_train,id_test_vs_tin,detector_declared,detector/marginal_mahalanobis_raw,tin,near,,,,17793,C2,sgd,0.3,0.0001,0.6821935839856281,0,4467aff88cddbb8d3553a4c3d6cc2a8f34d7df8215d3f22ebda84a81c670b36c,200
metric_contract_v1.2,c38b09694be88aa74de0741b39e9d3ba0d6ff61a,,,86af0abedd46c2a0c8eddb4fea4739037bd2bfd7259cc44a9b8303088bfee3b9,last,ood_metric/auroc_id_positive,OOD-1,primary,up,id_train,id_test_vs_tin,detector_declared,detector/ncp_euclidean_raw,tin,near,,,,17793,C2,sgd,0.3,0.0001,0.849183472346978,0,4467aff88cddbb8d3553a4c3d6cc2a8f34d7df8215d3f22ebda84a81c670b36c,200
metric_contract_v1.2,c38b09694be88aa74de0741b39e9d3ba0d6ff61a,,,86af0abedd46c2a0c8eddb4fea4739037bd2bfd7259cc44a9b8303088bfee3b9,last,ood_metric/auroc_id_positive,OOD-1,primary,up,id_train,id_test_vs_tin,detector_declared,detector/neco_author_std_dim100,tin,near,,,,17793,C2,sgd,0.3,0.0001,0.864211664314128,0,4467aff88cddbb8d3553a4c3d6cc2a8f34d7df8215d3f22ebda84a81c670b36c,200
metric_contract_v1.2,c38b09694be88aa74de0741b39e9d3ba0d6ff61a,,,86af0abedd46c2a0c8eddb4fea4739037bd2bfd7259cc44a9b8303088bfee3b9,last,ood_metric/auroc_id_positive,OOD-1,primary,up,id_train,id_test_vs_tin,detector_declared,detector/relative_mahalanobis_pp,tin,near,,,,17793,C2,sgd,0.3,0.0001,0.915453779032465,0,4467aff88cddbb8d3553a4c3d6cc2a8f34d7df8215d3f22ebda84a81c670b36c,200
metric_contract_v1.2,c38b09694be88aa74de0741b39e9d3ba0d6ff61a,,,86af0abedd46c2a0c8eddb4fea4739037bd2bfd7259cc44a9b8303088bfee3b9,last,ood_metric/auroc_id_positive,OOD-1,primary,up,id_train,id_test_vs_tin,detector_declared,detector/relative_mahalanobis_raw,tin,near,,,,17793,C2,sgd,0.3,0.0001,0.9218899781855512,0,4467aff88cddbb8d3553a4c3d6cc2a8f34d7df8215d3f22ebda84a81c670b36c,200
metric_contract_v1.2,c38b09694be88aa74de0741b39e9d3ba0d6ff61a,,,86af0abedd46c2a0c8eddb4fea4739037bd2bfd7259cc44a9b8303088bfee3b9,last,ood_metric/auroc_id_positive,OOD-1,primary,up,id_train,id_test_vs_tin,detector_declared,detector/vim_author_dim,tin,near,,,,17793,C2,sgd,0.3,0.0001,0.9270337610676248,0,4467aff88cddbb8d3553a4c3d6cc2a8f34d7df8215d3f22ebda84a81c670b36c,200
metric_contract_v1.2,c38b09694be88aa74de0741b39e9d3ba0d6ff61a,,,86af0abedd46c2a0c8eddb4fea4739037bd2bfd7259cc44a9b8303088bfee3b9,last,ood_metric/auroc_id_positive,OOD-1,primary,up,id_train,id_test_vs_tin,detector_declared,detector/vim_dim128,tin,near,,,,17793,C2,sgd,0.3,0.0001,0.9267351854228153,0,4467aff88cddbb8d3553a4c3d6cc2a8f34d7df8215d3f22ebda84a81c670b36c,200
metric_contract_v1.2,c38b09694be88aa74de0741b39e9d3ba0d6ff61a,,,86af0abedd46c2a0c8eddb4fea4739037bd2bfd7259cc44a9b8303088bfee3b9,last,ood_metric/auroc_id_positive,OOD-1,primary,up,id_train,id_test_vs_tin,detector_declared,detector/vim_dim256,tin,near,,,,17793,C2,sgd,0.3,0.0001,0.9287710766072117,0,4467aff88cddbb8d3553a4c3d6cc2a8f34d7df8215d3f22ebda84a81c670b36c,200
metric_contract_v1.2,c38b09694be88aa74de0741b39e9d3ba0d6ff61a,,,86af0abedd46c2a0c8eddb4fea4739037bd2bfd7259cc44a9b8303088bfee3b9,last,ood_metric/auroc_id_positive,OOD-1,primary,up,id_train,id_test_vs_tin,detector_declared,detector/vim_dim320,tin,near,,,,17793,C2,sgd,0.3,0.0001,0.9270337610676248,0,4467aff88cddbb8d3553a4c3d6cc2a8f34d7df8215d3f22ebda84a81c670b36c,200
metric_contract_v1.2,c38b09694be88aa74de0741b39e9d3ba0d6ff61a,,,86af0abedd46c2a0c8eddb4fea4739037bd2bfd7259cc44a9b8303088bfee3b9,last,ood_metric/auroc_id_positive,OOD-1,primary,up,id_train,id_test_vs_tin,detector_declared,detector/vim_dim64,tin,near,,,,17793,C2,sgd,0.3,0.0001,0.920321929937123,0,4467aff88cddbb8d3553a4c3d6cc2a8f34d7df8215d3f22ebda84a81c670b36c,200
metric_contract_v1.2,c38b09694be88aa74de0741b39e9d3ba0d6ff61a,,,86af0abedd46c2a0c8eddb4fea4739037bd2bfd7259cc44a9b8303088bfee3b9,last,ood_metric/auroc_id_positive,OOD-1,primary,up,id_train,id_test_vs_tin,detector_declared,detector/weight_cosine_appendix,tin,near,,,,17793,C2,sgd,0.3,0.0001,0.9192536635442061,0,4467aff88cddbb8d3553a4c3d6cc2a8f34d7df8215d3f22ebda84a81c670b36c,200
metric_contract_v1.2,c38b09694be88aa74de0741b39e9d3ba0d6ff61a,,,86af0abedd46c2a0c8eddb4fea4739037bd2bfd7259cc44a9b8303088bfee3b9,last,ood_metric/auroc_id_positive,OOD-1,primary,up,,id_test_vs_tin,detector_declared,ood_score/energy_t1,tin,near,,,,17793,C2,sgd,0.3,0.0001,0.9168567175670475,0,4467aff88cddbb8d3553a4c3d6cc2a8f34d7df8215d3f22ebda84a81c670b36c,200
metric_contract_v1.2,c38b09694be88aa74de0741b39e9d3ba0d6ff61a,,,86af0abedd46c2a0c8eddb4fea4739037bd2bfd7259cc44a9b8303088bfee3b9,last,ood_metric/auroc_id_positive,OOD-1,primary,up,,id_test_vs_tin,detector_declared,ood_score/max_logit,tin,near,,,,17793,C2,sgd,0.3,0.0001,0.9165021429488002,0,4467aff88cddbb8d3553a4c3d6cc2a8f34d7df8215d3f22ebda84a81c670b36c,200
metric_contract_v1.2,c38b09694be88aa74de0741b39e9d3ba0d6ff61a,,,86af0abedd46c2a0c8eddb4fea4739037bd2bfd7259cc44a9b8303088bfee3b9,last,ood_metric/auroc_id_positive,OOD-1,primary,up,,id_test_vs_tin,detector_declared,ood_score/msp,tin,near,,,,17793,C2,sgd,0.3,0.0001,0.9071304504042089,0,4467aff88cddbb8d3553a4c3d6cc2a8f34d7df8215d3f22ebda84a81c670b36c,200
metric_contract_v1.2,c38b09694be88aa74de0741b39e9d3ba0d6ff61a,,,86af0abedd46c2a0c8eddb4fea4739037bd2bfd7259cc44a9b8303088bfee3b9,last,ood_metric/fpr95_achieved_id_tpr,OOD-4,appendix,descriptive,id_train,id_test_vs_tin,detector_declared,detector/ctm_prototype_cosine,tin,near,,,,17793,C2,sgd,0.3,0.0001,0.95,0,4467aff88cddbb8d3553a4c3d6cc2a8f34d7df8215d3f22ebda84a81c670b36c,200
metric_contract_v1.2,c38b09694be88aa74de0741b39e9d3ba0d6ff61a,,,86af0abedd46c2a0c8eddb4fea4739037bd2bfd7259cc44a9b8303088bfee3b9,last,ood_metric/fpr95_achieved_id_tpr,OOD-4,appendix,descriptive,id_train,id_test_vs_tin,detector_declared,detector/gda_class_density,tin,near,,,,17793,C2,sgd,0.3,0.0001,0.95,0,4467aff88cddbb8d3553a4c3d6cc2a8f34d7df8215d3f22ebda84a81c670b36c,200
metric_contract_v1.2,c38b09694be88aa74de0741b39e9d3ba0d6ff61a,,,86af0abedd46c2a0c8eddb4fea4739037bd2bfd7259cc44a9b8303088bfee3b9,last,ood_metric/fpr95_achieved_id_tpr,OOD-4,appendix,descriptive,id_train,id_test_vs_tin,detector_declared,detector/knn_l2_k50,tin,near,,,,17793,C2,sgd,0.3,0.0001,0.95,0,4467aff88cddbb8d3553a4c3d6cc2a8f34d7df8215d3f22ebda84a81c670b36c,200
metric_contract_v1.2,c38b09694be88aa74de0741b39e9d3ba0d6ff61a,,,86af0abedd46c2a0c8eddb4fea4739037bd2bfd7259cc44a9b8303088bfee3b9,last,ood_metric/fpr95_achieved_id_tpr,OOD-4,appendix,descriptive,id_train,id_test_vs_tin,detector_declared,detector/mahalanobis_pp,tin,near,,,,17793,C2,sgd,0.3,0.0001,0.95,0,4467aff88cddbb8d3553a4c3d6cc2a8f34d7df8215d3f22ebda84a81c670b36c,200
metric_contract_v1.2,c38b09694be88aa74de0741b39e9d3ba0d6ff61a,,,86af0abedd46c2a0c8eddb4fea4739037bd2bfd7259cc44a9b8303088bfee3b9,last,ood_metric/fpr95_achieved_id_tpr,OOD-4,appendix,descriptive,id_train,id_test_vs_tin,detector_declared,detector/mahalanobis_raw,tin,near,,,,17793,C2,sgd,0.3,0.0001,0.95,0,4467aff88cddbb8d3553a4c3d6cc2a8f34d7df8215d3f22ebda84a81c670b36c,200
metric_contract_v1.2,c38b09694be88aa74de0741b39e9d3ba0d6ff61a,,,86af0abedd46c2a0c8eddb4fea4739037bd2bfd7259cc44a9b8303088bfee3b9,last,ood_metric/fpr95_achieved_id_tpr,OOD-4,appendix,descriptive,id_train,id_test_vs_tin,detector_declared,detector/marginal_mahalanobis_raw,tin,near,,,,17793,C2,sgd,0.3,0.0001,0.95,0,4467aff88cddbb8d3553a4c3d6cc2a8f34d7df8215d3f22ebda84a81c670b36c,200
metric_contract_v1.2,c38b09694be88aa74de0741b39e9d3ba0d6ff61a,,,86af0abedd46c2a0c8eddb4fea4739037bd2bfd7259cc44a9b8303088bfee3b9,last,ood_metric/fpr95_achieved_id_tpr,OOD-4,appendix,descriptive,id_train,id_test_vs_tin,detector_declared,detector/ncp_euclidean_raw,tin,near,,,,17793,C2,sgd,0.3,0.0001,0.95,0,4467aff88cddbb8d3553a4c3d6cc2a8f34d7df8215d3f22ebda84a81c670b36c,200
metric_contract_v1.2,c38b09694be88aa74de0741b39e9d3ba0d6ff61a,,,86af0abedd46c2a0c8eddb4fea4739037bd2bfd7259cc44a9b8303088bfee3b9,last,ood_metric/fpr95_achieved_id_tpr,OOD-4,appendix,descriptive,id_train,id_test_vs_tin,detector_declared,detector/neco_author_std_dim100,tin,near,,,,17793,C2,sgd,0.3,0.0001,0.95,0,4467aff88cddbb8d3553a4c3d6cc2a8f34d7df8215d3f22ebda84a81c670b36c,200
metric_contract_v1.2,c38b09694be88aa74de0741b39e9d3ba0d6ff61a,,,86af0abedd46c2a0c8eddb4fea4739037bd2bfd7259cc44a9b8303088bfee3b9,last,ood_metric/fpr95_achieved_id_tpr,OOD-4,appendix,descriptive,id_train,id_test_vs_tin,detector_declared,detector/relative_mahalanobis_pp,tin,near,,,,17793,C2,sgd,0.3,0.0001,0.95,0,4467aff88cddbb8d3553a4c3d6cc2a8f34d7df8215d3f22ebda84a81c670b36c,200
metric_contract_v1.2,c38b09694be88aa74de0741b39e9d3ba0d6ff61a,,,86af0abedd46c2a0c8eddb4fea4739037bd2bfd7259cc44a9b8303088bfee3b9,last,ood_metric/fpr95_achieved_id_tpr,OOD-4,appendix,descriptive,id_train,id_test_vs_tin,detector_declared,detector/relative_mahalanobis_raw,tin,near,,,,17793,C2,sgd,0.3,0.0001,0.95,0,4467aff88cddbb8d3553a4c3d6cc2a8f34d7df8215d3f22ebda84a81c670b36c,200
metric_contract_v1.2,c38b09694be88aa74de0741b39e9d3ba0d6ff61a,,,86af0abedd46c2a0c8eddb4fea4739037bd2bfd7259cc44a9b8303088bfee3b9,last,ood_metric/fpr95_achieved_id_tpr,OOD-4,appendix,descriptive,id_train,id_test_vs_tin,detector_declared,detector/vim_author_dim,tin,near,,,,17793,C2,sgd,0.3,0.0001,0.95,0,4467aff88cddbb8d3553a4c3d6cc2a8f34d7df8215d3f22ebda84a81c670b36c,200
metric_contract_v1.2,c38b09694be88aa74de0741b39e9d3ba0d6ff61a,,,86af0abedd46c2a0c8eddb4fea4739037bd2bfd7259cc44a9b8303088bfee3b9,last,ood_metric/fpr95_achieved_id_tpr,OOD-4,appendix,descriptive,id_train,id_test_vs_tin,detector_declared,detector/vim_dim128,tin,near,,,,17793,C2,sgd,0.3,0.0001,0.95,0,4467aff88cddbb8d3553a4c3d6cc2a8f34d7df8215d3f22ebda84a81c670b36c,200
metric_contract_v1.2,c38b09694be88aa74de0741b39e9d3ba0d6ff61a,,,86af0abedd46c2a0c8eddb4fea4739037bd2bfd7259cc44a9b8303088bfee3b9,last,ood_metric/fpr95_achieved_id_tpr,OOD-4,appendix,descriptive,id_train,id_test_vs_tin,detector_declared,detector/vim_dim256,tin,near,,,,17793,C2,sgd,0.3,0.0001,0.95,0,4467aff88cddbb8d3553a4c3d6cc2a8f34d7df8215d3f22ebda84a81c670b36c,200
metric_contract_v1.2,c38b09694be88aa74de0741b39e9d3ba0d6ff61a,,,86af0abedd46c2a0c8eddb4fea4739037bd2bfd7259cc44a9b8303088bfee3b9,last,ood_metric/fpr95_achieved_id_tpr,OOD-4,appendix,descriptive,id_train,id_test_vs_tin,detector_declared,detector/vim_dim320,tin,near,,,,17793,C2,sgd,0.3,0.0001,0.95,0,4467aff88cddbb8d3553a4c3d6cc2a8f34d7df8215d3f22ebda84a81c670b36c,200
metric_contract_v1.2,c38b09694be88aa74de0741b39e9d3ba0d6ff61a,,,86af0abedd46c2a0c8eddb4fea4739037bd2bfd7259cc44a9b8303088bfee3b9,last,ood_metric/fpr95_achieved_id_tpr,OOD-4,appendix,descriptive,id_train,id_test_vs_tin,detector_declared,detector/vim_dim64,tin,near,,,,17793,C2,sgd,0.3,0.0001,0.95,0,4467aff88cddbb8d3553a4c3d6cc2a8f34d7df8215d3f22ebda84a81c670b36c,200
metric_contract_v1.2,c38b09694be88aa74de0741b39e9d3ba0d6ff61a,,,86af0abedd46c2a0c8eddb4fea4739037bd2bfd7259cc44a9b8303088bfee3b9,last,ood_metric/fpr95_achieved_id_tpr,OOD-4,appendix,descriptive,id_train,id_test_vs_tin,detector_declared,detector/weight_cosine_appendix,tin,near,,,,17793,C2,sgd,0.3,0.0001,0.95,0,4467aff88cddbb8d3553a4c3d6cc2a8f34d7df8215d3f22ebda84a81c670b36c,200
metric_contract_v1.2,c38b09694be88aa74de0741b39e9d3ba0d6ff61a,,,86af0abedd46c2a0c8eddb4fea4739037bd2bfd7259cc44a9b8303088bfee3b9,last,ood_metric/fpr95_achieved_id_tpr,OOD-4,appendix,descriptive,,id_test_vs_tin,detector_declared,ood_score/energy_t1,tin,near,,,,17793,C2,sgd,0.3,0.0001,0.95,0,4467aff88cddbb8d3553a4c3d6cc2a8f34d7df8215d3f22ebda84a81c670b36c,200
metric_contract_v1.2,c38b09694be88aa74de0741b39e9d3ba0d6ff61a,,,86af0abedd46c2a0c8eddb4fea4739037bd2bfd7259cc44a9b8303088bfee3b9,last,ood_metric/fpr95_achieved_id_tpr,OOD-4,appendix,descriptive,,id_test_vs_tin,detector_declared,ood_score/max_logit,tin,near,,,,17793,C2,sgd,0.3,0.0001,0.95,0,4467aff88cddbb8d3553a4c3d6cc2a8f34d7df8215d3f22ebda84a81c670b36c,200
metric_contract_v1.2,c38b09694be88aa74de0741b39e9d3ba0d6ff61a,,,86af0abedd46c2a0c8eddb4fea4739037bd2bfd7259cc44a9b8303088bfee3b9,last,ood_metric/fpr95_achieved_id_tpr,OOD-4,appendix,descriptive,,id_test_vs_tin,detector_declared,ood_score/msp,tin,near,,,,17793,C2,sgd,0.3,0.0001,0.95,0,4467aff88cddbb8d3553a4c3d6cc2a8f34d7df8215d3f22ebda84a81c670b36c,200
metric_contract_v1.2,c38b09694be88aa74de0741b39e9d3ba0d6ff61a,,,86af0abedd46c2a0c8eddb4fea4739037bd2bfd7259cc44a9b8303088bfee3b9,last,ood_metric/fpr95_id_tpr,OOD-4,primary,down,id_train,id_test_vs_tin,detector_declared,detector/ctm_prototype_cosine,tin,near,,,,17793,C2,sgd,0.3,0.0001,0.4765815475426665,0,4467aff88cddbb8d3553a4c3d6cc2a8f34d7df8215d3f22ebda84a81c670b36c,200
metric_contract_v1.2,c38b09694be88aa74de0741b39e9d3ba0d6ff61a,,,86af0abedd46c2a0c8eddb4fea4739037bd2bfd7259cc44a9b8303088bfee3b9,last,ood_metric/fpr95_id_tpr,OOD-4,primary,down,id_train,id_test_vs_tin,detector_declared,detector/gda_class_density,tin,near,,,,17793,C2,sgd,0.3,0.0001,0.7271910689079943,0,4467aff88cddbb8d3553a4c3d6cc2a8f34d7df8215d3f22ebda84a81c670b36c,200
metric_contract_v1.2,c38b09694be88aa74de0741b39e9d3ba0d6ff61a,,,86af0abedd46c2a0c8eddb4fea4739037bd2bfd7259cc44a9b8303088bfee3b9,last,ood_metric/fpr95_id_tpr,OOD-4,primary,down,id_train,id_test_vs_tin,detector_declared,detector/knn_l2_k50,tin,near,,,,17793,C2,sgd,0.3,0.0001,0.4216604645194405,0,4467aff88cddbb8d3553a4c3d6cc2a8f34d7df8215d3f22ebda84a81c670b36c,200
metric_contract_v1.2,c38b09694be88aa74de0741b39e9d3ba0d6ff61a,,,86af0abedd46c2a0c8eddb4fea4739037bd2bfd7259cc44a9b8303088bfee3b9,last,ood_metric/fpr95_id_tpr,OOD-4,primary,down,id_train,id_test_vs_tin,detector_declared,detector/mahalanobis_pp,tin,near,,,,17793,C2,sgd,0.3,0.0001,0.575003208007186,0,4467aff88cddbb8d3553a4c3d6cc2a8f34d7df8215d3f22ebda84a81c670b36c,200
metric_contract_v1.2,c38b09694be88aa74de0741b39e9d3ba0d6ff61a,,,86af0abedd46c2a0c8eddb4fea4739037bd2bfd7259cc44a9b8303088bfee3b9,last,ood_metric/fpr95_id_tpr,OOD-4,primary,down,id_train,id_test_vs_tin,detector_declared,detector/mahalanobis_raw,tin,near,,,,17793,C2,sgd,0.3,0.0001,0.7868600025664058,0,4467aff88cddbb8d3553a4c3d6cc2a8f34d7df8215d3f22ebda84a81c670b36c,200
metric_contract_v1.2,c38b09694be88aa74de0741b39e9d3ba0d6ff61a,,,86af0abedd46c2a0c8eddb4fea4739037bd2bfd7259cc44a9b8303088bfee3b9,last,ood_metric/fpr95_id_tpr,OOD-4,primary,down,id_train,id_test_vs_tin,detector_declared,detector/marginal_mahalanobis_raw,tin,near,,,,17793,C2,sgd,0.3,0.0001,0.8565379186449378,0,4467aff88cddbb8d3553a4c3d6cc2a8f34d7df8215d3f22ebda84a81c670b36c,200
metric_contract_v1.2,c38b09694be88aa74de0741b39e9d3ba0d6ff61a,,,86af0abedd46c2a0c8eddb4fea4739037bd2bfd7259cc44a9b8303088bfee3b9,last,ood_metric/fpr95_id_tpr,OOD-4,primary,down,id_train,id_test_vs_tin,detector_declared,detector/ncp_euclidean_raw,tin,near,,,,17793,C2,sgd,0.3,0.0001,0.7169254459129989,0,4467aff88cddbb8d3553a4c3d6cc2a8f34d7df8215d3f22ebda84a81c670b36c,200
metric_contract_v1.2,c38b09694be88aa74de0741b39e9d3ba0d6ff61a,,,86af0abedd46c2a0c8eddb4fea4739037bd2bfd7259cc44a9b8303088bfee3b9,last,ood_metric/fpr95_id_tpr,OOD-4,primary,down,id_train,id_test_vs_tin,detector_declared,detector/neco_author_std_dim100,tin,near,,,,17793,C2,sgd,0.3,0.0001,0.5936096496856152,0,4467aff88cddbb8d3553a4c3d6cc2a8f34d7df8215d3f22ebda84a81c670b36c,200
metric_contract_v1.2,c38b09694be88aa74de0741b39e9d3ba0d6ff61a,,,86af0abedd46c2a0c8eddb4fea4739037bd2bfd7259cc44a9b8303088bfee3b9,last,ood_metric/fpr95_id_tpr,OOD-4,primary,down,id_train,id_test_vs_tin,detector_declared,detector/relative_mahalanobis_pp,tin,near,,,,17793,C2,sgd,0.3,0.0001,0.4877454125497241,0,4467aff88cddbb8d3553a4c3d6cc2a8f34d7df8215d3f22ebda84a81c670b36c,200
metric_contract_v1.2,c38b09694be88aa74de0741b39e9d3ba0d6ff61a,,,86af0abedd46c2a0c8eddb4fea4739037bd2bfd7259cc44a9b8303088bfee3b9,last,ood_metric/fpr95_id_tpr,OOD-4,primary,down,id_train,id_test_vs_tin,detector_declared,detector/relative_mahalanobis_raw,tin,near,,,,17793,C2,sgd,0.3,0.0001,0.44385987424611834,0,4467aff88cddbb8d3553a4c3d6cc2a8f34d7df8215d3f22ebda84a81c670b36c,200
metric_contract_v1.2,c38b09694be88aa74de0741b39e9d3ba0d6ff61a,,,86af0abedd46c2a0c8eddb4fea4739037bd2bfd7259cc44a9b8303088bfee3b9,last,ood_metric/fpr95_id_tpr,OOD-4,primary,down,id_train,id_test_vs_tin,detector_declared,detector/vim_author_dim,tin,near,,,,17793,C2,sgd,0.3,0.0001,0.38752726806108045,0,4467aff88cddbb8d3553a4c3d6cc2a8f34d7df8215d3f22ebda84a81c670b36c,200
metric_contract_v1.2,c38b09694be88aa74de0741b39e9d3ba0d6ff61a,,,86af0abedd46c2a0c8eddb4fea4739037bd2bfd7259cc44a9b8303088bfee3b9,last,ood_metric/fpr95_id_tpr,OOD-4,primary,down,id_train,id_test_vs_tin,detector_declared,detector/vim_dim128,tin,near,,,,17793,C2,sgd,0.3,0.0001,0.3781598870781471,0,4467aff88cddbb8d3553a4c3d6cc2a8f34d7df8215d3f22ebda84a81c670b36c,200
metric_contract_v1.2,c38b09694be88aa74de0741b39e9d3ba0d6ff61a,,,86af0abedd46c2a0c8eddb4fea4739037bd2bfd7259cc44a9b8303088bfee3b9,last,ood_metric/fpr95_id_tpr,OOD-4,primary,down,id_train,id_test_vs_tin,detector_declared,detector/vim_dim256,tin,near,,,,17793,C2,sgd,0.3,0.0001,0.3766200436288977,0,4467aff88cddbb8d3553a4c3d6cc2a8f34d7df8215d3f22ebda84a81c670b36c,200
metric_contract_v1.2,c38b09694be88aa74de0741b39e9d3ba0d6ff61a,,,86af0abedd46c2a0c8eddb4fea4739037bd2bfd7259cc44a9b8303088bfee3b9,last,ood_metric/fpr95_id_tpr,OOD-4,primary,down,id_train,id_test_vs_tin,detector_declared,detector/vim_dim320,tin,near,,,,17793,C2,sgd,0.3,0.0001,0.38752726806108045,0,4467aff88cddbb8d3553a4c3d6cc2a8f34d7df8215d3f22ebda84a81c670b36c,200
metric_contract_v1.2,c38b09694be88aa74de0741b39e9d3ba0d6ff61a,,,86af0abedd46c2a0c8eddb4fea4739037bd2bfd7259cc44a9b8303088bfee3b9,last,ood_metric/fpr95_id_tpr,OOD-4,primary,down,id_train,id_test_vs_tin,detector_declared,detector/vim_dim64,tin,near,,,,17793,C2,sgd,0.3,0.0001,0.42140382394456566,0,4467aff88cddbb8d3553a4c3d6cc2a8f34d7df8215d3f22ebda84a81c670b36c,200
metric_contract_v1.2,c38b09694be88aa74de0741b39e9d3ba0d6ff61a,,,86af0abedd46c2a0c8eddb4fea4739037bd2bfd7259cc44a9b8303088bfee3b9,last,ood_metric/fpr95_id_tpr,OOD-4,primary,down,id_train,id_test_vs_tin,detector_declared,detector/weight_cosine_appendix,tin,near,,,,17793,C2,sgd,0.3,0.0001,0.4391120236109329,0,4467aff88cddbb8d3553a4c3d6cc2a8f34d7df8215d3f22ebda84a81c670b36c,200
metric_contract_v1.2,c38b09694be88aa74de0741b39e9d3ba0d6ff61a,,,86af0abedd46c2a0c8eddb4fea4739037bd2bfd7259cc44a9b8303088bfee3b9,last,ood_metric/fpr95_id_tpr,OOD-4,primary,down,,id_test_vs_tin,detector_declared,ood_score/energy_t1,tin,near,,,,17793,C2,sgd,0.3,0.0001,0.3844475811625818,0,4467aff88cddbb8d3553a4c3d6cc2a8f34d7df8215d3f22ebda84a81c670b36c,200
metric_contract_v1.2,c38b09694be88aa74de0741b39e9d3ba0d6ff61a,,,86af0abedd46c2a0c8eddb4fea4739037bd2bfd7259cc44a9b8303088bfee3b9,last,ood_metric/fpr95_id_tpr,OOD-4,primary,down,,id_test_vs_tin,detector_declared,ood_score/max_logit,tin,near,,,,17793,C2,sgd,0.3,0.0001,0.389708712947517,0,4467aff88cddbb8d3553a4c3d6cc2a8f34d7df8215d3f22ebda84a81c670b36c,200
metric_contract_v1.2,c38b09694be88aa74de0741b39e9d3ba0d6ff61a,,,86af0abedd46c2a0c8eddb4fea4739037bd2bfd7259cc44a9b8303088bfee3b9,last,ood_metric/fpr95_id_tpr,OOD-4,primary,down,,id_test_vs_tin,detector_declared,ood_score/msp,tin,near,,,,17793,C2,sgd,0.3,0.0001,0.5384319260875144,0,4467aff88cddbb8d3553a4c3d6cc2a8f34d7df8215d3f22ebda84a81c670b36c,200
metric_contract_v1.2,c38b09694be88aa74de0741b39e9d3ba0d6ff61a,,,86af0abedd46c2a0c8eddb4fea4739037bd2bfd7259cc44a9b8303088bfee3b9,last,ood_metric/fpr95_threshold,OOD-4,appendix,descriptive,id_train,id_test_vs_tin,detector_declared,detector/ctm_prototype_cosine,tin,near,,,,17793,C2,sgd,0.3,0.0001,0.7600922816623883,0,4467aff88cddbb8d3553a4c3d6cc2a8f34d7df8215d3f22ebda84a81c670b36c,200
metric_contract_v1.2,c38b09694be88aa74de0741b39e9d3ba0d6ff61a,,,86af0abedd46c2a0c8eddb4fea4739037bd2bfd7259cc44a9b8303088bfee3b9,last,ood_metric/fpr95_threshold,OOD-4,appendix,descriptive,id_train,id_test_vs_tin,detector_declared,detector/gda_class_density,tin,near,,,,17793,C2,sgd,0.3,0.0001,4916.972693815074,0,4467aff88cddbb8d3553a4c3d6cc2a8f34d7df8215d3f22ebda84a81c670b36c,200
metric_contract_v1.2,c38b09694be88aa74de0741b39e9d3ba0d6ff61a,,,86af0abedd46c2a0c8eddb4fea4739037bd2bfd7259cc44a9b8303088bfee3b9,last,ood_metric/fpr95_threshold,OOD-4,appendix,descriptive,id_train,id_test_vs_tin,detector_declared,detector/knn_l2_k50,tin,near,,,,17793,C2,sgd,0.3,0.0001,-0.33008945495388087,0,4467aff88cddbb8d3553a4c3d6cc2a8f34d7df8215d3f22ebda84a81c670b36c,200
metric_contract_v1.2,c38b09694be88aa74de0741b39e9d3ba0d6ff61a,,,86af0abedd46c2a0c8eddb4fea4739037bd2bfd7259cc44a9b8303088bfee3b9,last,ood_metric/fpr95_threshold,OOD-4,appendix,descriptive,id_train,id_test_vs_tin,detector_declared,detector/mahalanobis_pp,tin,near,,,,17793,C2,sgd,0.3,0.0001,-1169.9284608516768,0,4467aff88cddbb8d3553a4c3d6cc2a8f34d7df8215d3f22ebda84a81c670b36c,200
metric_contract_v1.2,c38b09694be88aa74de0741b39e9d3ba0d6ff61a,,,86af0abedd46c2a0c8eddb4fea4739037bd2bfd7259cc44a9b8303088bfee3b9,last,ood_metric/fpr95_threshold,OOD-4,appendix,descriptive,id_train,id_test_vs_tin,detector_declared,detector/mahalanobis_raw,tin,near,,,,17793,C2,sgd,0.3,0.0001,-938.4595710378089,0,4467aff88cddbb8d3553a4c3d6cc2a8f34d7df8215d3f22ebda84a81c670b36c,200
metric_contract_v1.2,c38b09694be88aa74de0741b39e9d3ba0d6ff61a,,,86af0abedd46c2a0c8eddb4fea4739037bd2bfd7259cc44a9b8303088bfee3b9,last,ood_metric/fpr95_threshold,OOD-4,appendix,descriptive,id_train,id_test_vs_tin,detector_declared,detector/marginal_mahalanobis_raw,tin,near,,,,17793,C2,sgd,0.3,0.0001,-913.8036376967019,0,4467aff88cddbb8d3553a4c3d6cc2a8f34d7df8215d3f22ebda84a81c670b36c,200
metric_contract_v1.2,c38b09694be88aa74de0741b39e9d3ba0d6ff61a,,,86af0abedd46c2a0c8eddb4fea4739037bd2bfd7259cc44a9b8303088bfee3b9,last,ood_metric/fpr95_threshold,OOD-4,appendix,descriptive,id_train,id_test_vs_tin,detector_declared,detector/ncp_euclidean_raw,tin,near,,,,17793,C2,sgd,0.3,0.0001,-6.702996122017748,0,4467aff88cddbb8d3553a4c3d6cc2a8f34d7df8215d3f22ebda84a81c670b36c,200
metric_contract_v1.2,c38b09694be88aa74de0741b39e9d3ba0d6ff61a,,,86af0abedd46c2a0c8eddb4fea4739037bd2bfd7259cc44a9b8303088bfee3b9,last,ood_metric/fpr95_threshold,OOD-4,appendix,descriptive,id_train,id_test_vs_tin,detector_declared,detector/neco_author_std_dim100,tin,near,,,,17793,C2,sgd,0.3,0.0001,0.9049706969611848,0,4467aff88cddbb8d3553a4c3d6cc2a8f34d7df8215d3f22ebda84a81c670b36c,200
metric_contract_v1.2,c38b09694be88aa74de0741b39e9d3ba0d6ff61a,,,86af0abedd46c2a0c8eddb4fea4739037bd2bfd7259cc44a9b8303088bfee3b9,last,ood_metric/fpr95_threshold,OOD-4,appendix,descriptive,id_train,id_test_vs_tin,detector_declared,detector/relative_mahalanobis_pp,tin,near,,,,17793,C2,sgd,0.3,0.0001,-109.84828341017783,0,4467aff88cddbb8d3553a4c3d6cc2a8f34d7df8215d3f22ebda84a81c670b36c,200
metric_contract_v1.2,c38b09694be88aa74de0741b39e9d3ba0d6ff61a,,,86af0abedd46c2a0c8eddb4fea4739037bd2bfd7259cc44a9b8303088bfee3b9,last,ood_metric/fpr95_threshold,OOD-4,appendix,descriptive,id_train,id_test_vs_tin,detector_declared,detector/relative_mahalanobis_raw,tin,near,,,,17793,C2,sgd,0.3,0.0001,-78.15562797799954,0,4467aff88cddbb8d3553a4c3d6cc2a8f34d7df8215d3f22ebda84a81c670b36c,200
metric_contract_v1.2,c38b09694be88aa74de0741b39e9d3ba0d6ff61a,,,86af0abedd46c2a0c8eddb4fea4739037bd2bfd7259cc44a9b8303088bfee3b9,last,ood_metric/fpr95_threshold,OOD-4,appendix,descriptive,id_train,id_test_vs_tin,detector_declared,detector/vim_author_dim,tin,near,,,,17793,C2,sgd,0.3,0.0001,-9.541356368279546,0,4467aff88cddbb8d3553a4c3d6cc2a8f34d7df8215d3f22ebda84a81c670b36c,200
metric_contract_v1.2,c38b09694be88aa74de0741b39e9d3ba0d6ff61a,,,86af0abedd46c2a0c8eddb4fea4739037bd2bfd7259cc44a9b8303088bfee3b9,last,ood_metric/fpr95_threshold,OOD-4,appendix,descriptive,id_train,id_test_vs_tin,detector_declared,detector/vim_dim128,tin,near,,,,17793,C2,sgd,0.3,0.0001,-9.151555728632411,0,4467aff88cddbb8d3553a4c3d6cc2a8f34d7df8215d3f22ebda84a81c670b36c,200
metric_contract_v1.2,c38b09694be88aa74de0741b39e9d3ba0d6ff61a,,,86af0abedd46c2a0c8eddb4fea4739037bd2bfd7259cc44a9b8303088bfee3b9,last,ood_metric/fpr95_threshold,OOD-4,appendix,descriptive,id_train,id_test_vs_tin,detector_declared,detector/vim_dim256,tin,near,,,,17793,C2,sgd,0.3,0.0001,-9.46014753395169,0,4467aff88cddbb8d3553a4c3d6cc2a8f34d7df8215d3f22ebda84a81c670b36c,200
metric_contract_v1.2,c38b09694be88aa74de0741b39e9d3ba0d6ff61a,,,86af0abedd46c2a0c8eddb4fea4739037bd2bfd7259cc44a9b8303088bfee3b9,last,ood_metric/fpr95_threshold,OOD-4,appendix,descriptive,id_train,id_test_vs_tin,detector_declared,detector/vim_dim320,tin,near,,,,17793,C2,sgd,0.3,0.0001,-9.541356368279546,0,4467aff88cddbb8d3553a4c3d6cc2a8f34d7df8215d3f22ebda84a81c670b36c,200
metric_contract_v1.2,c38b09694be88aa74de0741b39e9d3ba0d6ff61a,,,86af0abedd46c2a0c8eddb4fea4739037bd2bfd7259cc44a9b8303088bfee3b9,last,ood_metric/fpr95_threshold,OOD-4,appendix,descriptive,id_train,id_test_vs_tin,detector_declared,detector/vim_dim64,tin,near,,,,17793,C2,sgd,0.3,0.0001,-9.19654676728868,0,4467aff88cddbb8d3553a4c3d6cc2a8f34d7df8215d3f22ebda84a81c670b36c,200
metric_contract_v1.2,c38b09694be88aa74de0741b39e9d3ba0d6ff61a,,,86af0abedd46c2a0c8eddb4fea4739037bd2bfd7259cc44a9b8303088bfee3b9,last,ood_metric/fpr95_threshold,OOD-4,appendix,descriptive,id_train,id_test_vs_tin,detector_declared,detector/weight_cosine_appendix,tin,near,,,,17793,C2,sgd,0.3,0.0001,0.38570996917440703,0,4467aff88cddbb8d3553a4c3d6cc2a8f34d7df8215d3f22ebda84a81c670b36c,200
metric_contract_v1.2,c38b09694be88aa74de0741b39e9d3ba0d6ff61a,,,86af0abedd46c2a0c8eddb4fea4739037bd2bfd7259cc44a9b8303088bfee3b9,last,ood_metric/fpr95_threshold,OOD-4,appendix,descriptive,,id_test_vs_tin,detector_declared,ood_score/energy_t1,tin,near,,,,17793,C2,sgd,0.3,0.0001,8.98048947479067,0,4467aff88cddbb8d3553a4c3d6cc2a8f34d7df8215d3f22ebda84a81c670b36c,200
metric_contract_v1.2,c38b09694be88aa74de0741b39e9d3ba0d6ff61a,,,86af0abedd46c2a0c8eddb4fea4739037bd2bfd7259cc44a9b8303088bfee3b9,last,ood_metric/fpr95_threshold,OOD-4,appendix,descriptive,,id_test_vs_tin,detector_declared,ood_score/max_logit,tin,near,,,,17793,C2,sgd,0.3,0.0001,8.846097850799561,0,4467aff88cddbb8d3553a4c3d6cc2a8f34d7df8215d3f22ebda84a81c670b36c,200
metric_contract_v1.2,c38b09694be88aa74de0741b39e9d3ba0d6ff61a,,,86af0abedd46c2a0c8eddb4fea4739037bd2bfd7259cc44a9b8303088bfee3b9,last,ood_metric/fpr95_threshold,OOD-4,appendix,descriptive,,id_test_vs_tin,detector_declared,ood_score/msp,tin,near,,,,17793,C2,sgd,0.3,0.0001,0.9147065110760535,0,4467aff88cddbb8d3553a4c3d6cc2a8f34d7df8215d3f22ebda84a81c670b36c,200
metric_contract_v1.2,c38b09694be88aa74de0741b39e9d3ba0d6ff61a,,,db137e7d3c712f7a4752a4ecaee827c58ae25bc907f916dbab0de88a87e33211,last,analysis/angular_control_gap_ctm_ncp,OOD-7,exploratory,descriptive,id_train,id_test_vs_tin,paired_auroc_difference,,tin,,,,,17793,C2,adam,0.0003,0.001,0.012099448222763876,0,7dc37a66c5ed5355eeecea2a598494069d9950a03609075950720715f0520bd9,200
metric_contract_v1.2,c38b09694be88aa74de0741b39e9d3ba0d6ff61a,,,db137e7d3c712f7a4752a4ecaee827c58ae25bc907f916dbab0de88a87e33211,last,analysis/restoration_gap_mahalanobis,OOD-7,exploratory,descriptive,id_train,id_test_vs_tin,paired_auroc_difference,,tin,,,,,17793,C2,adam,0.0003,0.001,0.317377107660721,0,7dc37a66c5ed5355eeecea2a598494069d9950a03609075950720715f0520bd9,200
metric_contract_v1.2,c38b09694be88aa74de0741b39e9d3ba0d6ff61a,,,db137e7d3c712f7a4752a4ecaee827c58ae25bc907f916dbab0de88a87e33211,last,analysis/restoration_gap_relative_mahalanobis,OOD-7,exploratory,descriptive,id_train,id_test_vs_tin,paired_auroc_difference,,tin,,,,,17793,C2,adam,0.0003,0.001,-0.011025060952136512,0,7dc37a66c5ed5355eeecea2a598494069d9950a03609075950720715f0520bd9,200
metric_contract_v1.2,c38b09694be88aa74de0741b39e9d3ba0d6ff61a,,,db137e7d3c712f7a4752a4ecaee827c58ae25bc907f916dbab0de88a87e33211,last,ood_metric/ap_in,OOD-2,appendix,up,id_train,id_test_vs_tin,detector_declared,detector/ctm_prototype_cosine,tin,near,,,,17793,C2,adam,0.0003,0.001,0.9164763165057807,0,7dc37a66c5ed5355eeecea2a598494069d9950a03609075950720715f0520bd9,200
metric_contract_v1.2,c38b09694be88aa74de0741b39e9d3ba0d6ff61a,,,db137e7d3c712f7a4752a4ecaee827c58ae25bc907f916dbab0de88a87e33211,last,ood_metric/ap_in,OOD-2,appendix,up,id_train,id_test_vs_tin,detector_declared,detector/gda_class_density,tin,near,,,,17793,C2,adam,0.0003,0.001,0.8331175548211545,0,7dc37a66c5ed5355eeecea2a598494069d9950a03609075950720715f0520bd9,200
metric_contract_v1.2,c38b09694be88aa74de0741b39e9d3ba0d6ff61a,,,db137e7d3c712f7a4752a4ecaee827c58ae25bc907f916dbab0de88a87e33211,last,ood_metric/ap_in,OOD-2,appendix,up,id_train,id_test_vs_tin,detector_declared,detector/knn_l2_k50,tin,near,,,,17793,C2,adam,0.0003,0.001,0.9263271745213875,0,7dc37a66c5ed5355eeecea2a598494069d9950a03609075950720715f0520bd9,200
metric_contract_v1.2,c38b09694be88aa74de0741b39e9d3ba0d6ff61a,,,db137e7d3c712f7a4752a4ecaee827c58ae25bc907f916dbab0de88a87e33211,last,ood_metric/ap_in,OOD-2,appendix,up,id_train,id_test_vs_tin,detector_declared,detector/mahalanobis_pp,tin,near,,,,17793,C2,adam,0.0003,0.001,0.9193656353585427,0,7dc37a66c5ed5355eeecea2a598494069d9950a03609075950720715f0520bd9,200
metric_contract_v1.2,c38b09694be88aa74de0741b39e9d3ba0d6ff61a,,,db137e7d3c712f7a4752a4ecaee827c58ae25bc907f916dbab0de88a87e33211,last,ood_metric/ap_in,OOD-2,appendix,up,id_train,id_test_vs_tin,detector_declared,detector/mahalanobis_raw,tin,near,,,,17793,C2,adam,0.0003,0.001,0.6490942488717557,0,7dc37a66c5ed5355eeecea2a598494069d9950a03609075950720715f0520bd9,200
metric_contract_v1.2,c38b09694be88aa74de0741b39e9d3ba0d6ff61a,,,db137e7d3c712f7a4752a4ecaee827c58ae25bc907f916dbab0de88a87e33211,last,ood_metric/ap_in,OOD-2,appendix,up,id_train,id_test_vs_tin,detector_declared,detector/marginal_mahalanobis_raw,tin,near,,,,17793,C2,adam,0.0003,0.001,0.5639518712749603,0,7dc37a66c5ed5355eeecea2a598494069d9950a03609075950720715f0520bd9,200
metric_contract_v1.2,c38b09694be88aa74de0741b39e9d3ba0d6ff61a,,,db137e7d3c712f7a4752a4ecaee827c58ae25bc907f916dbab0de88a87e33211,last,ood_metric/ap_in,OOD-2,appendix,up,id_train,id_test_vs_tin,detector_declared,detector/ncp_euclidean_raw,tin,near,,,,17793,C2,adam,0.0003,0.001,0.9021185396686804,0,7dc37a66c5ed5355eeecea2a598494069d9950a03609075950720715f0520bd9,200
metric_contract_v1.2,c38b09694be88aa74de0741b39e9d3ba0d6ff61a,,,db137e7d3c712f7a4752a4ecaee827c58ae25bc907f916dbab0de88a87e33211,last,ood_metric/ap_in,OOD-2,appendix,up,id_train,id_test_vs_tin,detector_declared,detector/neco_author_std_dim100,tin,near,,,,17793,C2,adam,0.0003,0.001,0.9181789414057359,0,7dc37a66c5ed5355eeecea2a598494069d9950a03609075950720715f0520bd9,200
metric_contract_v1.2,c38b09694be88aa74de0741b39e9d3ba0d6ff61a,,,db137e7d3c712f7a4752a4ecaee827c58ae25bc907f916dbab0de88a87e33211,last,ood_metric/ap_in,OOD-2,appendix,up,id_train,id_test_vs_tin,detector_declared,detector/relative_mahalanobis_pp,tin,near,,,,17793,C2,adam,0.0003,0.001,0.9081573506444652,0,7dc37a66c5ed5355eeecea2a598494069d9950a03609075950720715f0520bd9,200
metric_contract_v1.2,c38b09694be88aa74de0741b39e9d3ba0d6ff61a,,,db137e7d3c712f7a4752a4ecaee827c58ae25bc907f916dbab0de88a87e33211,last,ood_metric/ap_in,OOD-2,appendix,up,id_train,id_test_vs_tin,detector_declared,detector/relative_mahalanobis_raw,tin,near,,,,17793,C2,adam,0.0003,0.001,0.9176161481745511,0,7dc37a66c5ed5355eeecea2a598494069d9950a03609075950720715f0520bd9,200
metric_contract_v1.2,c38b09694be88aa74de0741b39e9d3ba0d6ff61a,,,db137e7d3c712f7a4752a4ecaee827c58ae25bc907f916dbab0de88a87e33211,last,ood_metric/ap_in,OOD-2,appendix,up,id_train,id_test_vs_tin,detector_declared,detector/vim_author_dim,tin,near,,,,17793,C2,adam,0.0003,0.001,0.9128022353336269,0,7dc37a66c5ed5355eeecea2a598494069d9950a03609075950720715f0520bd9,200
metric_contract_v1.2,c38b09694be88aa74de0741b39e9d3ba0d6ff61a,,,db137e7d3c712f7a4752a4ecaee827c58ae25bc907f916dbab0de88a87e33211,last,ood_metric/ap_in,OOD-2,appendix,up,id_train,id_test_vs_tin,detector_declared,detector/vim_dim128,tin,near,,,,17793,C2,adam,0.0003,0.001,0.9126125249578807,0,7dc37a66c5ed5355eeecea2a598494069d9950a03609075950720715f0520bd9,200
metric_contract_v1.2,c38b09694be88aa74de0741b39e9d3ba0d6ff61a,,,db137e7d3c712f7a4752a4ecaee827c58ae25bc907f916dbab0de88a87e33211,last,ood_metric/ap_in,OOD-2,appendix,up,id_train,id_test_vs_tin,detector_declared,detector/vim_dim256,tin,near,,,,17793,C2,adam,0.0003,0.001,0.9121995323773658,0,7dc37a66c5ed5355eeecea2a598494069d9950a03609075950720715f0520bd9,200
metric_contract_v1.2,c38b09694be88aa74de0741b39e9d3ba0d6ff61a,,,db137e7d3c712f7a4752a4ecaee827c58ae25bc907f916dbab0de88a87e33211,last,ood_metric/ap_in,OOD-2,appendix,up,id_train,id_test_vs_tin,detector_declared,detector/vim_dim320,tin,near,,,,17793,C2,adam,0.0003,0.001,0.9128022353336269,0,7dc37a66c5ed5355eeecea2a598494069d9950a03609075950720715f0520bd9,200
metric_contract_v1.2,c38b09694be88aa74de0741b39e9d3ba0d6ff61a,,,db137e7d3c712f7a4752a4ecaee827c58ae25bc907f916dbab0de88a87e33211,last,ood_metric/ap_in,OOD-2,appendix,up,id_train,id_test_vs_tin,detector_declared,detector/vim_dim64,tin,near,,,,17793,C2,adam,0.0003,0.001,0.9053810813444033,0,7dc37a66c5ed5355eeecea2a598494069d9950a03609075950720715f0520bd9,200
metric_contract_v1.2,c38b09694be88aa74de0741b39e9d3ba0d6ff61a,,,db137e7d3c712f7a4752a4ecaee827c58ae25bc907f916dbab0de88a87e33211,last,ood_metric/ap_in,OOD-2,appendix,up,id_train,id_test_vs_tin,detector_declared,detector/weight_cosine_appendix,tin,near,,,,17793,C2,adam,0.0003,0.001,0.9217275322594864,0,7dc37a66c5ed5355eeecea2a598494069d9950a03609075950720715f0520bd9,200
metric_contract_v1.2,c38b09694be88aa74de0741b39e9d3ba0d6ff61a,,,db137e7d3c712f7a4752a4ecaee827c58ae25bc907f916dbab0de88a87e33211,last,ood_metric/ap_in,OOD-2,appendix,up,,id_test_vs_tin,detector_declared,ood_score/energy_t1,tin,near,,,,17793,C2,adam,0.0003,0.001,0.9370408042340019,0,7dc37a66c5ed5355eeecea2a598494069d9950a03609075950720715f0520bd9,200
metric_contract_v1.2,c38b09694be88aa74de0741b39e9d3ba0d6ff61a,,,db137e7d3c712f7a4752a4ecaee827c58ae25bc907f916dbab0de88a87e33211,last,ood_metric/ap_in,OOD-2,appendix,up,,id_test_vs_tin,detector_declared,ood_score/max_logit,tin,near,,,,17793,C2,adam,0.0003,0.001,0.9367718337143347,0,7dc37a66c5ed5355eeecea2a598494069d9950a03609075950720715f0520bd9,200
metric_contract_v1.2,c38b09694be88aa74de0741b39e9d3ba0d6ff61a,,,db137e7d3c712f7a4752a4ecaee827c58ae25bc907f916dbab0de88a87e33211,last,ood_metric/ap_in,OOD-2,appendix,up,,id_test_vs_tin,detector_declared,ood_score/msp,tin,near,,,,17793,C2,adam,0.0003,0.001,0.9267840279260344,0,7dc37a66c5ed5355eeecea2a598494069d9950a03609075950720715f0520bd9,200
metric_contract_v1.2,c38b09694be88aa74de0741b39e9d3ba0d6ff61a,,,db137e7d3c712f7a4752a4ecaee827c58ae25bc907f916dbab0de88a87e33211,last,ood_metric/ap_out,OOD-3,appendix,up,id_train,id_test_vs_tin,detector_declared,detector/ctm_prototype_cosine,tin,near,,,,17793,C2,adam,0.0003,0.001,0.8512263653026704,0,7dc37a66c5ed5355eeecea2a598494069d9950a03609075950720715f0520bd9,200
metric_contract_v1.2,c38b09694be88aa74de0741b39e9d3ba0d6ff61a,,,db137e7d3c712f7a4752a4ecaee827c58ae25bc907f916dbab0de88a87e33211,last,ood_metric/ap_out,OOD-3,appendix,up,id_train,id_test_vs_tin,detector_declared,detector/gda_class_density,tin,near,,,,17793,C2,adam,0.0003,0.001,0.6926892832680204,0,7dc37a66c5ed5355eeecea2a598494069d9950a03609075950720715f0520bd9,200
metric_contract_v1.2,c38b09694be88aa74de0741b39e9d3ba0d6ff61a,,,db137e7d3c712f7a4752a4ecaee827c58ae25bc907f916dbab0de88a87e33211,last,ood_metric/ap_out,OOD-3,appendix,up,id_train,id_test_vs_tin,detector_declared,detector/knn_l2_k50,tin,near,,,,17793,C2,adam,0.0003,0.001,0.8617800934833346,0,7dc37a66c5ed5355eeecea2a598494069d9950a03609075950720715f0520bd9,200
metric_contract_v1.2,c38b09694be88aa74de0741b39e9d3ba0d6ff61a,,,db137e7d3c712f7a4752a4ecaee827c58ae25bc907f916dbab0de88a87e33211,last,ood_metric/ap_out,OOD-3,appendix,up,id_train,id_test_vs_tin,detector_declared,detector/mahalanobis_pp,tin,near,,,,17793,C2,adam,0.0003,0.001,0.8468711160582831,0,7dc37a66c5ed5355eeecea2a598494069d9950a03609075950720715f0520bd9,200
metric_contract_v1.2,c38b09694be88aa74de0741b39e9d3ba0d6ff61a,,,db137e7d3c712f7a4752a4ecaee827c58ae25bc907f916dbab0de88a87e33211,last,ood_metric/ap_out,OOD-3,appendix,up,id_train,id_test_vs_tin,detector_declared,detector/mahalanobis_raw,tin,near,,,,17793,C2,adam,0.0003,0.001,0.4892392300534885,0,7dc37a66c5ed5355eeecea2a598494069d9950a03609075950720715f0520bd9,200
metric_contract_v1.2,c38b09694be88aa74de0741b39e9d3ba0d6ff61a,,,db137e7d3c712f7a4752a4ecaee827c58ae25bc907f916dbab0de88a87e33211,last,ood_metric/ap_out,OOD-3,appendix,up,id_train,id_test_vs_tin,detector_declared,detector/marginal_mahalanobis_raw,tin,near,,,,17793,C2,adam,0.0003,0.001,0.4482740817954737,0,7dc37a66c5ed5355eeecea2a598494069d9950a03609075950720715f0520bd9,200
metric_contract_v1.2,c38b09694be88aa74de0741b39e9d3ba0d6ff61a,,,db137e7d3c712f7a4752a4ecaee827c58ae25bc907f916dbab0de88a87e33211,last,ood_metric/ap_out,OOD-3,appendix,up,id_train,id_test_vs_tin,detector_declared,detector/ncp_euclidean_raw,tin,near,,,,17793,C2,adam,0.0003,0.001,0.8359017236183884,0,7dc37a66c5ed5355eeecea2a598494069d9950a03609075950720715f0520bd9,200
metric_contract_v1.2,c38b09694be88aa74de0741b39e9d3ba0d6ff61a,,,db137e7d3c712f7a4752a4ecaee827c58ae25bc907f916dbab0de88a87e33211,last,ood_metric/ap_out,OOD-3,appendix,up,id_train,id_test_vs_tin,detector_declared,detector/neco_author_std_dim100,tin,near,,,,17793,C2,adam,0.0003,0.001,0.8337883811805529,0,7dc37a66c5ed5355eeecea2a598494069d9950a03609075950720715f0520bd9,200
metric_contract_v1.2,c38b09694be88aa74de0741b39e9d3ba0d6ff61a,,,db137e7d3c712f7a4752a4ecaee827c58ae25bc907f916dbab0de88a87e33211,last,ood_metric/ap_out,OOD-3,appendix,up,id_train,id_test_vs_tin,detector_declared,detector/relative_mahalanobis_pp,tin,near,,,,17793,C2,adam,0.0003,0.001,0.8372186349453721,0,7dc37a66c5ed5355eeecea2a598494069d9950a03609075950720715f0520bd9,200
metric_contract_v1.2,c38b09694be88aa74de0741b39e9d3ba0d6ff61a,,,db137e7d3c712f7a4752a4ecaee827c58ae25bc907f916dbab0de88a87e33211,last,ood_metric/ap_out,OOD-3,appendix,up,id_train,id_test_vs_tin,detector_declared,detector/relative_mahalanobis_raw,tin,near,,,,17793,C2,adam,0.0003,0.001,0.8539389017601446,0,7dc37a66c5ed5355eeecea2a598494069d9950a03609075950720715f0520bd9,200
metric_contract_v1.2,c38b09694be88aa74de0741b39e9d3ba0d6ff61a,,,db137e7d3c712f7a4752a4ecaee827c58ae25bc907f916dbab0de88a87e33211,last,ood_metric/ap_out,OOD-3,appendix,up,id_train,id_test_vs_tin,detector_declared,detector/vim_author_dim,tin,near,,,,17793,C2,adam,0.0003,0.001,0.7873674984530559,0,7dc37a66c5ed5355eeecea2a598494069d9950a03609075950720715f0520bd9,200
metric_contract_v1.2,c38b09694be88aa74de0741b39e9d3ba0d6ff61a,,,db137e7d3c712f7a4752a4ecaee827c58ae25bc907f916dbab0de88a87e33211,last,ood_metric/ap_out,OOD-3,appendix,up,id_train,id_test_vs_tin,detector_declared,detector/vim_dim128,tin,near,,,,17793,C2,adam,0.0003,0.001,0.7880054047392088,0,7dc37a66c5ed5355eeecea2a598494069d9950a03609075950720715f0520bd9,200
metric_contract_v1.2,c38b09694be88aa74de0741b39e9d3ba0d6ff61a,,,db137e7d3c712f7a4752a4ecaee827c58ae25bc907f916dbab0de88a87e33211,last,ood_metric/ap_out,OOD-3,appendix,up,id_train,id_test_vs_tin,detector_declared,detector/vim_dim256,tin,near,,,,17793,C2,adam,0.0003,0.001,0.7889911476909932,0,7dc37a66c5ed5355eeecea2a598494069d9950a03609075950720715f0520bd9,200
metric_contract_v1.2,c38b09694be88aa74de0741b39e9d3ba0d6ff61a,,,db137e7d3c712f7a4752a4ecaee827c58ae25bc907f916dbab0de88a87e33211,last,ood_metric/ap_out,OOD-3,appendix,up,id_train,id_test_vs_tin,detector_declared,detector/vim_dim320,tin,near,,,,17793,C2,adam,0.0003,0.001,0.7873674984530559,0,7dc37a66c5ed5355eeecea2a598494069d9950a03609075950720715f0520bd9,200
metric_contract_v1.2,c38b09694be88aa74de0741b39e9d3ba0d6ff61a,,,db137e7d3c712f7a4752a4ecaee827c58ae25bc907f916dbab0de88a87e33211,last,ood_metric/ap_out,OOD-3,appendix,up,id_train,id_test_vs_tin,detector_declared,detector/vim_dim64,tin,near,,,,17793,C2,adam,0.0003,0.001,0.7578644198319787,0,7dc37a66c5ed5355eeecea2a598494069d9950a03609075950720715f0520bd9,200
metric_contract_v1.2,c38b09694be88aa74de0741b39e9d3ba0d6ff61a,,,db137e7d3c712f7a4752a4ecaee827c58ae25bc907f916dbab0de88a87e33211,last,ood_metric/ap_out,OOD-3,appendix,up,id_train,id_test_vs_tin,detector_declared,detector/weight_cosine_appendix,tin,near,,,,17793,C2,adam,0.0003,0.001,0.8460551713543918,0,7dc37a66c5ed5355eeecea2a598494069d9950a03609075950720715f0520bd9,200
metric_contract_v1.2,c38b09694be88aa74de0741b39e9d3ba0d6ff61a,,,db137e7d3c712f7a4752a4ecaee827c58ae25bc907f916dbab0de88a87e33211,last,ood_metric/ap_out,OOD-3,appendix,up,,id_test_vs_tin,detector_declared,ood_score/energy_t1,tin,near,,,,17793,C2,adam,0.0003,0.001,0.8903958199296671,0,7dc37a66c5ed5355eeecea2a598494069d9950a03609075950720715f0520bd9,200
metric_contract_v1.2,c38b09694be88aa74de0741b39e9d3ba0d6ff61a,,,db137e7d3c712f7a4752a4ecaee827c58ae25bc907f916dbab0de88a87e33211,last,ood_metric/ap_out,OOD-3,appendix,up,,id_test_vs_tin,detector_declared,ood_score/max_logit,tin,near,,,,17793,C2,adam,0.0003,0.001,0.8881934128602509,0,7dc37a66c5ed5355eeecea2a598494069d9950a03609075950720715f0520bd9,200
metric_contract_v1.2,c38b09694be88aa74de0741b39e9d3ba0d6ff61a,,,db137e7d3c712f7a4752a4ecaee827c58ae25bc907f916dbab0de88a87e33211,last,ood_metric/ap_out,OOD-3,appendix,up,,id_test_vs_tin,detector_declared,ood_score/msp,tin,near,,,,17793,C2,adam,0.0003,0.001,0.8410430729619687,0,7dc37a66c5ed5355eeecea2a598494069d9950a03609075950720715f0520bd9,200
metric_contract_v1.2,c38b09694be88aa74de0741b39e9d3ba0d6ff61a,,,db137e7d3c712f7a4752a4ecaee827c58ae25bc907f916dbab0de88a87e33211,last,ood_metric/aupr_in_openood_auc,OOD-2,primary,up,id_train,id_test_vs_tin,detector_declared,detector/ctm_prototype_cosine,tin,near,,,,17793,C2,adam,0.0003,0.001,0.9164694857627529,0,7dc37a66c5ed5355eeecea2a598494069d9950a03609075950720715f0520bd9,200
metric_contract_v1.2,c38b09694be88aa74de0741b39e9d3ba0d6ff61a,,,db137e7d3c712f7a4752a4ecaee827c58ae25bc907f916dbab0de88a87e33211,last,ood_metric/aupr_in_openood_auc,OOD-2,primary,up,id_train,id_test_vs_tin,detector_declared,detector/gda_class_density,tin,near,,,,17793,C2,adam,0.0003,0.001,0.833103958711846,0,7dc37a66c5ed5355eeecea2a598494069d9950a03609075950720715f0520bd9,200
metric_contract_v1.2,c38b09694be88aa74de0741b39e9d3ba0d6ff61a,,,db137e7d3c712f7a4752a4ecaee827c58ae25bc907f916dbab0de88a87e33211,last,ood_metric/aupr_in_openood_auc,OOD-2,primary,up,id_train,id_test_vs_tin,detector_declared,detector/knn_l2_k50,tin,near,,,,17793,C2,adam,0.0003,0.001,0.9263228259291989,0,7dc37a66c5ed5355eeecea2a598494069d9950a03609075950720715f0520bd9,200
metric_contract_v1.2,c38b09694be88aa74de0741b39e9d3ba0d6ff61a,,,db137e7d3c712f7a4752a4ecaee827c58ae25bc907f916dbab0de88a87e33211,last,ood_metric/aupr_in_openood_auc,OOD-2,primary,up,id_train,id_test_vs_tin,detector_declared,detector/mahalanobis_pp,tin,near,,,,17793,C2,adam,0.0003,0.001,0.9193605890649951,0,7dc37a66c5ed5355eeecea2a598494069d9950a03609075950720715f0520bd9,200
metric_contract_v1.2,c38b09694be88aa74de0741b39e9d3ba0d6ff61a,,,db137e7d3c712f7a4752a4ecaee827c58ae25bc907f916dbab0de88a87e33211,last,ood_metric/aupr_in_openood_auc,OOD-2,primary,up,id_train,id_test_vs_tin,detector_declared,detector/mahalanobis_raw,tin,near,,,,17793,C2,adam,0.0003,0.001,0.6490518824426501,0,7dc37a66c5ed5355eeecea2a598494069d9950a03609075950720715f0520bd9,200
metric_contract_v1.2,c38b09694be88aa74de0741b39e9d3ba0d6ff61a,,,db137e7d3c712f7a4752a4ecaee827c58ae25bc907f916dbab0de88a87e33211,last,ood_metric/aupr_in_openood_auc,OOD-2,primary,up,id_train,id_test_vs_tin,detector_declared,detector/marginal_mahalanobis_raw,tin,near,,,,17793,C2,adam,0.0003,0.001,0.5638230051860367,0,7dc37a66c5ed5355eeecea2a598494069d9950a03609075950720715f0520bd9,200
metric_contract_v1.2,c38b09694be88aa74de0741b39e9d3ba0d6ff61a,,,db137e7d3c712f7a4752a4ecaee827c58ae25bc907f916dbab0de88a87e33211,last,ood_metric/aupr_in_openood_auc,OOD-2,primary,up,id_train,id_test_vs_tin,detector_declared,detector/ncp_euclidean_raw,tin,near,,,,17793,C2,adam,0.0003,0.001,0.9021066752184701,0,7dc37a66c5ed5355eeecea2a598494069d9950a03609075950720715f0520bd9,200
metric_contract_v1.2,c38b09694be88aa74de0741b39e9d3ba0d6ff61a,,,db137e7d3c712f7a4752a4ecaee827c58ae25bc907f916dbab0de88a87e33211,last,ood_metric/aupr_in_openood_auc,OOD-2,primary,up,id_train,id_test_vs_tin,detector_declared,detector/neco_author_std_dim100,tin,near,,,,17793,C2,adam,0.0003,0.001,0.9181741967953051,0,7dc37a66c5ed5355eeecea2a598494069d9950a03609075950720715f0520bd9,200
metric_contract_v1.2,c38b09694be88aa74de0741b39e9d3ba0d6ff61a,,,db137e7d3c712f7a4752a4ecaee827c58ae25bc907f916dbab0de88a87e33211,last,ood_metric/aupr_in_openood_auc,OOD-2,primary,up,id_train,id_test_vs_tin,detector_declared,detector/relative_mahalanobis_pp,tin,near,,,,17793,C2,adam,0.0003,0.001,0.9081423039779695,0,7dc37a66c5ed5355eeecea2a598494069d9950a03609075950720715f0520bd9,200
metric_contract_v1.2,c38b09694be88aa74de0741b39e9d3ba0d6ff61a,,,db137e7d3c712f7a4752a4ecaee827c58ae25bc907f916dbab0de88a87e33211,last,ood_metric/aupr_in_openood_auc,OOD-2,primary,up,id_train,id_test_vs_tin,detector_declared,detector/relative_mahalanobis_raw,tin,near,,,,17793,C2,adam,0.0003,0.001,0.9176077721622846,0,7dc37a66c5ed5355eeecea2a598494069d9950a03609075950720715f0520bd9,200
metric_contract_v1.2,c38b09694be88aa74de0741b39e9d3ba0d6ff61a,,,db137e7d3c712f7a4752a4ecaee827c58ae25bc907f916dbab0de88a87e33211,last,ood_metric/aupr_in_openood_auc,OOD-2,primary,up,id_train,id_test_vs_tin,detector_declared,detector/vim_author_dim,tin,near,,,,17793,C2,adam,0.0003,0.001,0.9127969454613287,0,7dc37a66c5ed5355eeecea2a598494069d9950a03609075950720715f0520bd9,200
metric_contract_v1.2,c38b09694be88aa74de0741b39e9d3ba0d6ff61a,,,db137e7d3c712f7a4752a4ecaee827c58ae25bc907f916dbab0de88a87e33211,last,ood_metric/aupr_in_openood_auc,OOD-2,primary,up,id_train,id_test_vs_tin,detector_declared,detector/vim_dim128,tin,near,,,,17793,C2,adam,0.0003,0.001,0.9126075109953515,0,7dc37a66c5ed5355eeecea2a598494069d9950a03609075950720715f0520bd9,200
metric_contract_v1.2,c38b09694be88aa74de0741b39e9d3ba0d6ff61a,,,db137e7d3c712f7a4752a4ecaee827c58ae25bc907f916dbab0de88a87e33211,last,ood_metric/aupr_in_openood_auc,OOD-2,primary,up,id_train,id_test_vs_tin,detector_declared,detector/vim_dim256,tin,near,,,,17793,C2,adam,0.0003,0.001,0.9121941712564057,0,7dc37a66c5ed5355eeecea2a598494069d9950a03609075950720715f0520bd9,200
metric_contract_v1.2,c38b09694be88aa74de0741b39e9d3ba0d6ff61a,,,db137e7d3c712f7a4752a4ecaee827c58ae25bc907f916dbab0de88a87e33211,last,ood_metric/aupr_in_openood_auc,OOD-2,primary,up,id_train,id_test_vs_tin,detector_declared,detector/vim_dim320,tin,near,,,,17793,C2,adam,0.0003,0.001,0.9127969454613287,0,7dc37a66c5ed5355eeecea2a598494069d9950a03609075950720715f0520bd9,200
metric_contract_v1.2,c38b09694be88aa74de0741b39e9d3ba0d6ff61a,,,db137e7d3c712f7a4752a4ecaee827c58ae25bc907f916dbab0de88a87e33211,last,ood_metric/aupr_in_openood_auc,OOD-2,primary,up,id_train,id_test_vs_tin,detector_declared,detector/vim_dim64,tin,near,,,,17793,C2,adam,0.0003,0.001,0.9053756776228117,0,7dc37a66c5ed5355eeecea2a598494069d9950a03609075950720715f0520bd9,200
metric_contract_v1.2,c38b09694be88aa74de0741b39e9d3ba0d6ff61a,,,db137e7d3c712f7a4752a4ecaee827c58ae25bc907f916dbab0de88a87e33211,last,ood_metric/aupr_in_openood_auc,OOD-2,primary,up,id_train,id_test_vs_tin,detector_declared,detector/weight_cosine_appendix,tin,near,,,,17793,C2,adam,0.0003,0.001,0.921722838664306,0,7dc37a66c5ed5355eeecea2a598494069d9950a03609075950720715f0520bd9,200
metric_contract_v1.2,c38b09694be88aa74de0741b39e9d3ba0d6ff61a,,,db137e7d3c712f7a4752a4ecaee827c58ae25bc907f916dbab0de88a87e33211,last,ood_metric/aupr_in_openood_auc,OOD-2,primary,up,,id_test_vs_tin,detector_declared,ood_score/energy_t1,tin,near,,,,17793,C2,adam,0.0003,0.001,0.9370367352140208,0,7dc37a66c5ed5355eeecea2a598494069d9950a03609075950720715f0520bd9,200
metric_contract_v1.2,c38b09694be88aa74de0741b39e9d3ba0d6ff61a,,,db137e7d3c712f7a4752a4ecaee827c58ae25bc907f916dbab0de88a87e33211,last,ood_metric/aupr_in_openood_auc,OOD-2,primary,up,,id_test_vs_tin,detector_declared,ood_score/max_logit,tin,near,,,,17793,C2,adam,0.0003,0.001,0.9367677667209371,0,7dc37a66c5ed5355eeecea2a598494069d9950a03609075950720715f0520bd9,200
metric_contract_v1.2,c38b09694be88aa74de0741b39e9d3ba0d6ff61a,,,db137e7d3c712f7a4752a4ecaee827c58ae25bc907f916dbab0de88a87e33211,last,ood_metric/aupr_in_openood_auc,OOD-2,primary,up,,id_test_vs_tin,detector_declared,ood_score/msp,tin,near,,,,17793,C2,adam,0.0003,0.001,0.9267796493918904,0,7dc37a66c5ed5355eeecea2a598494069d9950a03609075950720715f0520bd9,200
metric_contract_v1.2,c38b09694be88aa74de0741b39e9d3ba0d6ff61a,,,db137e7d3c712f7a4752a4ecaee827c58ae25bc907f916dbab0de88a87e33211,last,ood_metric/aupr_out_openood_auc,OOD-3,primary,up,id_train,id_test_vs_tin,detector_declared,detector/ctm_prototype_cosine,tin,near,,,,17793,C2,adam,0.0003,0.001,0.8512072411960727,0,7dc37a66c5ed5355eeecea2a598494069d9950a03609075950720715f0520bd9,200
metric_contract_v1.2,c38b09694be88aa74de0741b39e9d3ba0d6ff61a,,,db137e7d3c712f7a4752a4ecaee827c58ae25bc907f916dbab0de88a87e33211,last,ood_metric/aupr_out_openood_auc,OOD-3,primary,up,id_train,id_test_vs_tin,detector_declared,detector/gda_class_density,tin,near,,,,17793,C2,adam,0.0003,0.001,0.6925951704580903,0,7dc37a66c5ed5355eeecea2a598494069d9950a03609075950720715f0520bd9,200
metric_contract_v1.2,c38b09694be88aa74de0741b39e9d3ba0d6ff61a,,,db137e7d3c712f7a4752a4ecaee827c58ae25bc907f916dbab0de88a87e33211,last,ood_metric/aupr_out_openood_auc,OOD-3,primary,up,id_train,id_test_vs_tin,detector_declared,detector/knn_l2_k50,tin,near,,,,17793,C2,adam,0.0003,0.001,0.8617615134822433,0,7dc37a66c5ed5355eeecea2a598494069d9950a03609075950720715f0520bd9,200
metric_contract_v1.2,c38b09694be88aa74de0741b39e9d3ba0d6ff61a,,,db137e7d3c712f7a4752a4ecaee827c58ae25bc907f916dbab0de88a87e33211,last,ood_metric/aupr_out_openood_auc,OOD-3,primary,up,id_train,id_test_vs_tin,detector_declared,detector/mahalanobis_pp,tin,near,,,,17793,C2,adam,0.0003,0.001,0.8468539004911733,0,7dc37a66c5ed5355eeecea2a598494069d9950a03609075950720715f0520bd9,200
metric_contract_v1.2,c38b09694be88aa74de0741b39e9d3ba0d6ff61a,,,db137e7d3c712f7a4752a4ecaee827c58ae25bc907f916dbab0de88a87e33211,last,ood_metric/aupr_out_openood_auc,OOD-3,primary,up,id_train,id_test_vs_tin,detector_declared,detector/mahalanobis_raw,tin,near,,,,17793,C2,adam,0.0003,0.001,0.489103775013796,0,7dc37a66c5ed5355eeecea2a598494069d9950a03609075950720715f0520bd9,200
metric_contract_v1.2,c38b09694be88aa74de0741b39e9d3ba0d6ff61a,,,db137e7d3c712f7a4752a4ecaee827c58ae25bc907f916dbab0de88a87e33211,last,ood_metric/aupr_out_openood_auc,OOD-3,primary,up,id_train,id_test_vs_tin,detector_declared,detector/marginal_mahalanobis_raw,tin,near,,,,17793,C2,adam,0.0003,0.001,0.4481381915584873,0,7dc37a66c5ed5355eeecea2a598494069d9950a03609075950720715f0520bd9,200
metric_contract_v1.2,c38b09694be88aa74de0741b39e9d3ba0d6ff61a,,,db137e7d3c712f7a4752a4ecaee827c58ae25bc907f916dbab0de88a87e33211,last,ood_metric/aupr_out_openood_auc,OOD-3,primary,up,id_train,id_test_vs_tin,detector_declared,detector/ncp_euclidean_raw,tin,near,,,,17793,C2,adam,0.0003,0.001,0.8358120233912483,0,7dc37a66c5ed5355eeecea2a598494069d9950a03609075950720715f0520bd9,200
metric_contract_v1.2,c38b09694be88aa74de0741b39e9d3ba0d6ff61a,,,db137e7d3c712f7a4752a4ecaee827c58ae25bc907f916dbab0de88a87e33211,last,ood_metric/aupr_out_openood_auc,OOD-3,primary,up,id_train,id_test_vs_tin,detector_declared,detector/neco_author_std_dim100,tin,near,,,,17793,C2,adam,0.0003,0.001,0.8337581761846153,0,7dc37a66c5ed5355eeecea2a598494069d9950a03609075950720715f0520bd9,200
metric_contract_v1.2,c38b09694be88aa74de0741b39e9d3ba0d6ff61a,,,db137e7d3c712f7a4752a4ecaee827c58ae25bc907f916dbab0de88a87e33211,last,ood_metric/aupr_out_openood_auc,OOD-3,primary,up,id_train,id_test_vs_tin,detector_declared,detector/relative_mahalanobis_pp,tin,near,,,,17793,C2,adam,0.0003,0.001,0.837163458383208,0,7dc37a66c5ed5355eeecea2a598494069d9950a03609075950720715f0520bd9,200
metric_contract_v1.2,c38b09694be88aa74de0741b39e9d3ba0d6ff61a,,,db137e7d3c712f7a4752a4ecaee827c58ae25bc907f916dbab0de88a87e33211,last,ood_metric/aupr_out_openood_auc,OOD-3,primary,up,id_train,id_test_vs_tin,detector_declared,detector/relative_mahalanobis_raw,tin,near,,,,17793,C2,adam,0.0003,0.001,0.8539133035814056,0,7dc37a66c5ed5355eeecea2a598494069d9950a03609075950720715f0520bd9,200
metric_contract_v1.2,c38b09694be88aa74de0741b39e9d3ba0d6ff61a,,,db137e7d3c712f7a4752a4ecaee827c58ae25bc907f916dbab0de88a87e33211,last,ood_metric/aupr_out_openood_auc,OOD-3,primary,up,id_train,id_test_vs_tin,detector_declared,detector/vim_author_dim,tin,near,,,,17793,C2,adam,0.0003,0.001,0.7873016795989807,0,7dc37a66c5ed5355eeecea2a598494069d9950a03609075950720715f0520bd9,200
metric_contract_v1.2,c38b09694be88aa74de0741b39e9d3ba0d6ff61a,,,db137e7d3c712f7a4752a4ecaee827c58ae25bc907f916dbab0de88a87e33211,last,ood_metric/aupr_out_openood_auc,OOD-3,primary,up,id_train,id_test_vs_tin,detector_declared,detector/vim_dim128,tin,near,,,,17793,C2,adam,0.0003,0.001,0.7879548194683239,0,7dc37a66c5ed5355eeecea2a598494069d9950a03609075950720715f0520bd9,200
metric_contract_v1.2,c38b09694be88aa74de0741b39e9d3ba0d6ff61a,,,db137e7d3c712f7a4752a4ecaee827c58ae25bc907f916dbab0de88a87e33211,last,ood_metric/aupr_out_openood_auc,OOD-3,primary,up,id_train,id_test_vs_tin,detector_declared,detector/vim_dim256,tin,near,,,,17793,C2,adam,0.0003,0.001,0.7889403370257231,0,7dc37a66c5ed5355eeecea2a598494069d9950a03609075950720715f0520bd9,200
metric_contract_v1.2,c38b09694be88aa74de0741b39e9d3ba0d6ff61a,,,db137e7d3c712f7a4752a4ecaee827c58ae25bc907f916dbab0de88a87e33211,last,ood_metric/aupr_out_openood_auc,OOD-3,primary,up,id_train,id_test_vs_tin,detector_declared,detector/vim_dim320,tin,near,,,,17793,C2,adam,0.0003,0.001,0.7873016795989807,0,7dc37a66c5ed5355eeecea2a598494069d9950a03609075950720715f0520bd9,200
metric_contract_v1.2,c38b09694be88aa74de0741b39e9d3ba0d6ff61a,,,db137e7d3c712f7a4752a4ecaee827c58ae25bc907f916dbab0de88a87e33211,last,ood_metric/aupr_out_openood_auc,OOD-3,primary,up,id_train,id_test_vs_tin,detector_declared,detector/vim_dim64,tin,near,,,,17793,C2,adam,0.0003,0.001,0.7577878408373623,0,7dc37a66c5ed5355eeecea2a598494069d9950a03609075950720715f0520bd9,200
metric_contract_v1.2,c38b09694be88aa74de0741b39e9d3ba0d6ff61a,,,db137e7d3c712f7a4752a4ecaee827c58ae25bc907f916dbab0de88a87e33211,last,ood_metric/aupr_out_openood_auc,OOD-3,primary,up,id_train,id_test_vs_tin,detector_declared,detector/weight_cosine_appendix,tin,near,,,,17793,C2,adam,0.0003,0.001,0.8460210701509951,0,7dc37a66c5ed5355eeecea2a598494069d9950a03609075950720715f0520bd9,200
metric_contract_v1.2,c38b09694be88aa74de0741b39e9d3ba0d6ff61a,,,db137e7d3c712f7a4752a4ecaee827c58ae25bc907f916dbab0de88a87e33211,last,ood_metric/aupr_out_openood_auc,OOD-3,primary,up,,id_test_vs_tin,detector_declared,ood_score/energy_t1,tin,near,,,,17793,C2,adam,0.0003,0.001,0.890384371459379,0,7dc37a66c5ed5355eeecea2a598494069d9950a03609075950720715f0520bd9,200
metric_contract_v1.2,c38b09694be88aa74de0741b39e9d3ba0d6ff61a,,,db137e7d3c712f7a4752a4ecaee827c58ae25bc907f916dbab0de88a87e33211,last,ood_metric/aupr_out_openood_auc,OOD-3,primary,up,,id_test_vs_tin,detector_declared,ood_score/max_logit,tin,near,,,,17793,C2,adam,0.0003,0.001,0.8881809346947773,0,7dc37a66c5ed5355eeecea2a598494069d9950a03609075950720715f0520bd9,200
metric_contract_v1.2,c38b09694be88aa74de0741b39e9d3ba0d6ff61a,,,db137e7d3c712f7a4752a4ecaee827c58ae25bc907f916dbab0de88a87e33211,last,ood_metric/aupr_out_openood_auc,OOD-3,primary,up,,id_test_vs_tin,detector_declared,ood_score/msp,tin,near,,,,17793,C2,adam,0.0003,0.001,0.8410171093571366,0,7dc37a66c5ed5355eeecea2a598494069d9950a03609075950720715f0520bd9,200
metric_contract_v1.2,c38b09694be88aa74de0741b39e9d3ba0d6ff61a,,,db137e7d3c712f7a4752a4ecaee827c58ae25bc907f916dbab0de88a87e33211,last,ood_metric/auroc_id_positive,OOD-1,primary,up,id_train,id_test_vs_tin,detector_declared,detector/ctm_prototype_cosine,tin,near,,,,17793,C2,adam,0.0003,0.001,0.892898293340177,0,7dc37a66c5ed5355eeecea2a598494069d9950a03609075950720715f0520bd9,200
metric_contract_v1.2,c38b09694be88aa74de0741b39e9d3ba0d6ff61a,,,db137e7d3c712f7a4752a4ecaee827c58ae25bc907f916dbab0de88a87e33211,last,ood_metric/auroc_id_positive,OOD-1,primary,up,id_train,id_test_vs_tin,detector_declared,detector/gda_class_density,tin,near,,,,17793,C2,adam,0.0003,0.001,0.784620082124984,0,7dc37a66c5ed5355eeecea2a598494069d9950a03609075950720715f0520bd9,200
metric_contract_v1.2,c38b09694be88aa74de0741b39e9d3ba0d6ff61a,,,db137e7d3c712f7a4752a4ecaee827c58ae25bc907f916dbab0de88a87e33211,last,ood_metric/auroc_id_positive,OOD-1,primary,up,id_train,id_test_vs_tin,detector_declared,detector/knn_l2_k50,tin,near,,,,17793,C2,adam,0.0003,0.001,0.9015997946875401,0,7dc37a66c5ed5355eeecea2a598494069d9950a03609075950720715f0520bd9,200
metric_contract_v1.2,c38b09694be88aa74de0741b39e9d3ba0d6ff61a,,,db137e7d3c712f7a4752a4ecaee827c58ae25bc907f916dbab0de88a87e33211,last,ood_metric/auroc_id_positive,OOD-1,primary,up,id_train,id_test_vs_tin,detector_declared,detector/mahalanobis_pp,tin,near,,,,17793,C2,adam,0.0003,0.001,0.8905919286539201,0,7dc37a66c5ed5355eeecea2a598494069d9950a03609075950720715f0520bd9,200
metric_contract_v1.2,c38b09694be88aa74de0741b39e9d3ba0d6ff61a,,,db137e7d3c712f7a4752a4ecaee827c58ae25bc907f916dbab0de88a87e33211,last,ood_metric/auroc_id_positive,OOD-1,primary,up,id_train,id_test_vs_tin,detector_declared,detector/mahalanobis_raw,tin,near,,,,17793,C2,adam,0.0003,0.001,0.5732148209931991,0,7dc37a66c5ed5355eeecea2a598494069d9950a03609075950720715f0520bd9,200
metric_contract_v1.2,c38b09694be88aa74de0741b39e9d3ba0d6ff61a,,,db137e7d3c712f7a4752a4ecaee827c58ae25bc907f916dbab0de88a87e33211,last,ood_metric/auroc_id_positive,OOD-1,primary,up,id_train,id_test_vs_tin,detector_declared,detector/marginal_mahalanobis_raw,tin,near,,,,17793,C2,adam,0.0003,0.001,0.5037309380213012,0,7dc37a66c5ed5355eeecea2a598494069d9950a03609075950720715f0520bd9,200
metric_contract_v1.2,c38b09694be88aa74de0741b39e9d3ba0d6ff61a,,,db137e7d3c712f7a4752a4ecaee827c58ae25bc907f916dbab0de88a87e33211,last,ood_metric/auroc_id_positive,OOD-1,primary,up,id_train,id_test_vs_tin,detector_declared,detector/ncp_euclidean_raw,tin,near,,,,17793,C2,adam,0.0003,0.001,0.8807988451174131,0,7dc37a66c5ed5355eeecea2a598494069d9950a03609075950720715f0520bd9,200
metric_contract_v1.2,c38b09694be88aa74de0741b39e9d3ba0d6ff61a,,,db137e7d3c712f7a4752a4ecaee827c58ae25bc907f916dbab0de88a87e33211,last,ood_metric/auroc_id_positive,OOD-1,primary,up,id_train,id_test_vs_tin,detector_declared,detector/neco_author_std_dim100,tin,near,,,,17793,C2,adam,0.0003,0.001,0.887124881303734,0,7dc37a66c5ed5355eeecea2a598494069d9950a03609075950720715f0520bd9,200
metric_contract_v1.2,c38b09694be88aa74de0741b39e9d3ba0d6ff61a,,,db137e7d3c712f7a4752a4ecaee827c58ae25bc907f916dbab0de88a87e33211,last,ood_metric/auroc_id_positive,OOD-1,primary,up,id_train,id_test_vs_tin,detector_declared,detector/relative_mahalanobis_pp,tin,near,,,,17793,C2,adam,0.0003,0.001,0.8868210958552547,0,7dc37a66c5ed5355eeecea2a598494069d9950a03609075950720715f0520bd9,200
metric_contract_v1.2,c38b09694be88aa74de0741b39e9d3ba0d6ff61a,,,db137e7d3c712f7a4752a4ecaee827c58ae25bc907f916dbab0de88a87e33211,last,ood_metric/auroc_id_positive,OOD-1,primary,up,id_train,id_test_vs_tin,detector_declared,detector/relative_mahalanobis_raw,tin,near,,,,17793,C2,adam,0.0003,0.001,0.8978461568073912,0,7dc37a66c5ed5355eeecea2a598494069d9950a03609075950720715f0520bd9,200
metric_contract_v1.2,c38b09694be88aa74de0741b39e9d3ba0d6ff61a,,,db137e7d3c712f7a4752a4ecaee827c58ae25bc907f916dbab0de88a87e33211,last,ood_metric/auroc_id_positive,OOD-1,primary,up,id_train,id_test_vs_tin,detector_declared,detector/vim_author_dim,tin,near,,,,17793,C2,adam,0.0003,0.001,0.8719445014756833,0,7dc37a66c5ed5355eeecea2a598494069d9950a03609075950720715f0520bd9,200
metric_contract_v1.2,c38b09694be88aa74de0741b39e9d3ba0d6ff61a,,,db137e7d3c712f7a4752a4ecaee827c58ae25bc907f916dbab0de88a87e33211,last,ood_metric/auroc_id_positive,OOD-1,primary,up,id_train,id_test_vs_tin,detector_declared,detector/vim_dim128,tin,near,,,,17793,C2,adam,0.0003,0.001,0.8723022456050301,0,7dc37a66c5ed5355eeecea2a598494069d9950a03609075950720715f0520bd9,200
metric_contract_v1.2,c38b09694be88aa74de0741b39e9d3ba0d6ff61a,,,db137e7d3c712f7a4752a4ecaee827c58ae25bc907f916dbab0de88a87e33211,last,ood_metric/auroc_id_positive,OOD-1,primary,up,id_train,id_test_vs_tin,detector_declared,detector/vim_dim256,tin,near,,,,17793,C2,adam,0.0003,0.001,0.871428641088156,0,7dc37a66c5ed5355eeecea2a598494069d9950a03609075950720715f0520bd9,200
metric_contract_v1.2,c38b09694be88aa74de0741b39e9d3ba0d6ff61a,,,db137e7d3c712f7a4752a4ecaee827c58ae25bc907f916dbab0de88a87e33211,last,ood_metric/auroc_id_positive,OOD-1,primary,up,id_train,id_test_vs_tin,detector_declared,detector/vim_dim320,tin,near,,,,17793,C2,adam,0.0003,0.001,0.8719445014756833,0,7dc37a66c5ed5355eeecea2a598494069d9950a03609075950720715f0520bd9,200
metric_contract_v1.2,c38b09694be88aa74de0741b39e9d3ba0d6ff61a,,,db137e7d3c712f7a4752a4ecaee827c58ae25bc907f916dbab0de88a87e33211,last,ood_metric/auroc_id_positive,OOD-1,primary,up,id_train,id_test_vs_tin,detector_declared,detector/vim_dim64,tin,near,,,,17793,C2,adam,0.0003,0.001,0.8585218016168357,0,7dc37a66c5ed5355eeecea2a598494069d9950a03609075950720715f0520bd9,200
metric_contract_v1.2,c38b09694be88aa74de0741b39e9d3ba0d6ff61a,,,db137e7d3c712f7a4752a4ecaee827c58ae25bc907f916dbab0de88a87e33211,last,ood_metric/auroc_id_positive,OOD-1,primary,up,id_train,id_test_vs_tin,detector_declared,detector/weight_cosine_appendix,tin,near,,,,17793,C2,adam,0.0003,0.001,0.8945571281919671,0,7dc37a66c5ed5355eeecea2a598494069d9950a03609075950720715f0520bd9,200
metric_contract_v1.2,c38b09694be88aa74de0741b39e9d3ba0d6ff61a,,,db137e7d3c712f7a4752a4ecaee827c58ae25bc907f916dbab0de88a87e33211,last,ood_metric/auroc_id_positive,OOD-1,primary,up,,id_test_vs_tin,detector_declared,ood_score/energy_t1,tin,near,,,,17793,C2,adam,0.0003,0.001,0.9187854228153471,0,7dc37a66c5ed5355eeecea2a598494069d9950a03609075950720715f0520bd9,200
metric_contract_v1.2,c38b09694be88aa74de0741b39e9d3ba0d6ff61a,,,db137e7d3c712f7a4752a4ecaee827c58ae25bc907f916dbab0de88a87e33211,last,ood_metric/auroc_id_positive,OOD-1,primary,up,,id_test_vs_tin,detector_declared,ood_score/max_logit,tin,near,,,,17793,C2,adam,0.0003,0.001,0.9181522584370589,0,7dc37a66c5ed5355eeecea2a598494069d9950a03609075950720715f0520bd9,200
metric_contract_v1.2,c38b09694be88aa74de0741b39e9d3ba0d6ff61a,,,db137e7d3c712f7a4752a4ecaee827c58ae25bc907f916dbab0de88a87e33211,last,ood_metric/auroc_id_positive,OOD-1,primary,up,,id_test_vs_tin,detector_declared,ood_score/msp,tin,near,,,,17793,C2,adam,0.0003,0.001,0.8969212883356859,0,7dc37a66c5ed5355eeecea2a598494069d9950a03609075950720715f0520bd9,200
metric_contract_v1.2,c38b09694be88aa74de0741b39e9d3ba0d6ff61a,,,db137e7d3c712f7a4752a4ecaee827c58ae25bc907f916dbab0de88a87e33211,last,ood_metric/fpr95_achieved_id_tpr,OOD-4,appendix,descriptive,id_train,id_test_vs_tin,detector_declared,detector/ctm_prototype_cosine,tin,near,,,,17793,C2,adam,0.0003,0.001,0.95,0,7dc37a66c5ed5355eeecea2a598494069d9950a03609075950720715f0520bd9,200
metric_contract_v1.2,c38b09694be88aa74de0741b39e9d3ba0d6ff61a,,,db137e7d3c712f7a4752a4ecaee827c58ae25bc907f916dbab0de88a87e33211,last,ood_metric/fpr95_achieved_id_tpr,OOD-4,appendix,descriptive,id_train,id_test_vs_tin,detector_declared,detector/gda_class_density,tin,near,,,,17793,C2,adam,0.0003,0.001,0.95,0,7dc37a66c5ed5355eeecea2a598494069d9950a03609075950720715f0520bd9,200
metric_contract_v1.2,c38b09694be88aa74de0741b39e9d3ba0d6ff61a,,,db137e7d3c712f7a4752a4ecaee827c58ae25bc907f916dbab0de88a87e33211,last,ood_metric/fpr95_achieved_id_tpr,OOD-4,appendix,descriptive,id_train,id_test_vs_tin,detector_declared,detector/knn_l2_k50,tin,near,,,,17793,C2,adam,0.0003,0.001,0.95,0,7dc37a66c5ed5355eeecea2a598494069d9950a03609075950720715f0520bd9,200
metric_contract_v1.2,c38b09694be88aa74de0741b39e9d3ba0d6ff61a,,,db137e7d3c712f7a4752a4ecaee827c58ae25bc907f916dbab0de88a87e33211,last,ood_metric/fpr95_achieved_id_tpr,OOD-4,appendix,descriptive,id_train,id_test_vs_tin,detector_declared,detector/mahalanobis_pp,tin,near,,,,17793,C2,adam,0.0003,0.001,0.95,0,7dc37a66c5ed5355eeecea2a598494069d9950a03609075950720715f0520bd9,200
metric_contract_v1.2,c38b09694be88aa74de0741b39e9d3ba0d6ff61a,,,db137e7d3c712f7a4752a4ecaee827c58ae25bc907f916dbab0de88a87e33211,last,ood_metric/fpr95_achieved_id_tpr,OOD-4,appendix,descriptive,id_train,id_test_vs_tin,detector_declared,detector/mahalanobis_raw,tin,near,,,,17793,C2,adam,0.0003,0.001,0.95,0,7dc37a66c5ed5355eeecea2a598494069d9950a03609075950720715f0520bd9,200
metric_contract_v1.2,c38b09694be88aa74de0741b39e9d3ba0d6ff61a,,,db137e7d3c712f7a4752a4ecaee827c58ae25bc907f916dbab0de88a87e33211,last,ood_metric/fpr95_achieved_id_tpr,OOD-4,appendix,descriptive,id_train,id_test_vs_tin,detector_declared,detector/marginal_mahalanobis_raw,tin,near,,,,17793,C2,adam,0.0003,0.001,0.95,0,7dc37a66c5ed5355eeecea2a598494069d9950a03609075950720715f0520bd9,200
metric_contract_v1.2,c38b09694be88aa74de0741b39e9d3ba0d6ff61a,,,db137e7d3c712f7a4752a4ecaee827c58ae25bc907f916dbab0de88a87e33211,last,ood_metric/fpr95_achieved_id_tpr,OOD-4,appendix,descriptive,id_train,id_test_vs_tin,detector_declared,detector/ncp_euclidean_raw,tin,near,,,,17793,C2,adam,0.0003,0.001,0.95,0,7dc37a66c5ed5355eeecea2a598494069d9950a03609075950720715f0520bd9,200
metric_contract_v1.2,c38b09694be88aa74de0741b39e9d3ba0d6ff61a,,,db137e7d3c712f7a4752a4ecaee827c58ae25bc907f916dbab0de88a87e33211,last,ood_metric/fpr95_achieved_id_tpr,OOD-4,appendix,descriptive,id_train,id_test_vs_tin,detector_declared,detector/neco_author_std_dim100,tin,near,,,,17793,C2,adam,0.0003,0.001,0.95,0,7dc37a66c5ed5355eeecea2a598494069d9950a03609075950720715f0520bd9,200
metric_contract_v1.2,c38b09694be88aa74de0741b39e9d3ba0d6ff61a,,,db137e7d3c712f7a4752a4ecaee827c58ae25bc907f916dbab0de88a87e33211,last,ood_metric/fpr95_achieved_id_tpr,OOD-4,appendix,descriptive,id_train,id_test_vs_tin,detector_declared,detector/relative_mahalanobis_pp,tin,near,,,,17793,C2,adam,0.0003,0.001,0.95,0,7dc37a66c5ed5355eeecea2a598494069d9950a03609075950720715f0520bd9,200
metric_contract_v1.2,c38b09694be88aa74de0741b39e9d3ba0d6ff61a,,,db137e7d3c712f7a4752a4ecaee827c58ae25bc907f916dbab0de88a87e33211,last,ood_metric/fpr95_achieved_id_tpr,OOD-4,appendix,descriptive,id_train,id_test_vs_tin,detector_declared,detector/relative_mahalanobis_raw,tin,near,,,,17793,C2,adam,0.0003,0.001,0.95,0,7dc37a66c5ed5355eeecea2a598494069d9950a03609075950720715f0520bd9,200
metric_contract_v1.2,c38b09694be88aa74de0741b39e9d3ba0d6ff61a,,,db137e7d3c712f7a4752a4ecaee827c58ae25bc907f916dbab0de88a87e33211,last,ood_metric/fpr95_achieved_id_tpr,OOD-4,appendix,descriptive,id_train,id_test_vs_tin,detector_declared,detector/vim_author_dim,tin,near,,,,17793,C2,adam,0.0003,0.001,0.95,0,7dc37a66c5ed5355eeecea2a598494069d9950a03609075950720715f0520bd9,200
metric_contract_v1.2,c38b09694be88aa74de0741b39e9d3ba0d6ff61a,,,db137e7d3c712f7a4752a4ecaee827c58ae25bc907f916dbab0de88a87e33211,last,ood_metric/fpr95_achieved_id_tpr,OOD-4,appendix,descriptive,id_train,id_test_vs_tin,detector_declared,detector/vim_dim128,tin,near,,,,17793,C2,adam,0.0003,0.001,0.95,0,7dc37a66c5ed5355eeecea2a598494069d9950a03609075950720715f0520bd9,200
metric_contract_v1.2,c38b09694be88aa74de0741b39e9d3ba0d6ff61a,,,db137e7d3c712f7a4752a4ecaee827c58ae25bc907f916dbab0de88a87e33211,last,ood_metric/fpr95_achieved_id_tpr,OOD-4,appendix,descriptive,id_train,id_test_vs_tin,detector_declared,detector/vim_dim256,tin,near,,,,17793,C2,adam,0.0003,0.001,0.95,0,7dc37a66c5ed5355eeecea2a598494069d9950a03609075950720715f0520bd9,200
metric_contract_v1.2,c38b09694be88aa74de0741b39e9d3ba0d6ff61a,,,db137e7d3c712f7a4752a4ecaee827c58ae25bc907f916dbab0de88a87e33211,last,ood_metric/fpr95_achieved_id_tpr,OOD-4,appendix,descriptive,id_train,id_test_vs_tin,detector_declared,detector/vim_dim320,tin,near,,,,17793,C2,adam,0.0003,0.001,0.95,0,7dc37a66c5ed5355eeecea2a598494069d9950a03609075950720715f0520bd9,200
metric_contract_v1.2,c38b09694be88aa74de0741b39e9d3ba0d6ff61a,,,db137e7d3c712f7a4752a4ecaee827c58ae25bc907f916dbab0de88a87e33211,last,ood_metric/fpr95_achieved_id_tpr,OOD-4,appendix,descriptive,id_train,id_test_vs_tin,detector_declared,detector/vim_dim64,tin,near,,,,17793,C2,adam,0.0003,0.001,0.95,0,7dc37a66c5ed5355eeecea2a598494069d9950a03609075950720715f0520bd9,200
metric_contract_v1.2,c38b09694be88aa74de0741b39e9d3ba0d6ff61a,,,db137e7d3c712f7a4752a4ecaee827c58ae25bc907f916dbab0de88a87e33211,last,ood_metric/fpr95_achieved_id_tpr,OOD-4,appendix,descriptive,id_train,id_test_vs_tin,detector_declared,detector/weight_cosine_appendix,tin,near,,,,17793,C2,adam,0.0003,0.001,0.95,0,7dc37a66c5ed5355eeecea2a598494069d9950a03609075950720715f0520bd9,200
metric_contract_v1.2,c38b09694be88aa74de0741b39e9d3ba0d6ff61a,,,db137e7d3c712f7a4752a4ecaee827c58ae25bc907f916dbab0de88a87e33211,last,ood_metric/fpr95_achieved_id_tpr,OOD-4,appendix,descriptive,,id_test_vs_tin,detector_declared,ood_score/energy_t1,tin,near,,,,17793,C2,adam,0.0003,0.001,0.95,0,7dc37a66c5ed5355eeecea2a598494069d9950a03609075950720715f0520bd9,200
metric_contract_v1.2,c38b09694be88aa74de0741b39e9d3ba0d6ff61a,,,db137e7d3c712f7a4752a4ecaee827c58ae25bc907f916dbab0de88a87e33211,last,ood_metric/fpr95_achieved_id_tpr,OOD-4,appendix,descriptive,,id_test_vs_tin,detector_declared,ood_score/max_logit,tin,near,,,,17793,C2,adam,0.0003,0.001,0.95,0,7dc37a66c5ed5355eeecea2a598494069d9950a03609075950720715f0520bd9,200
metric_contract_v1.2,c38b09694be88aa74de0741b39e9d3ba0d6ff61a,,,db137e7d3c712f7a4752a4ecaee827c58ae25bc907f916dbab0de88a87e33211,last,ood_metric/fpr95_achieved_id_tpr,OOD-4,appendix,descriptive,,id_test_vs_tin,detector_declared,ood_score/msp,tin,near,,,,17793,C2,adam,0.0003,0.001,0.95,0,7dc37a66c5ed5355eeecea2a598494069d9950a03609075950720715f0520bd9,200
metric_contract_v1.2,c38b09694be88aa74de0741b39e9d3ba0d6ff61a,,,db137e7d3c712f7a4752a4ecaee827c58ae25bc907f916dbab0de88a87e33211,last,ood_metric/fpr95_id_tpr,OOD-4,primary,down,id_train,id_test_vs_tin,detector_declared,detector/ctm_prototype_cosine,tin,near,,,,17793,C2,adam,0.0003,0.001,0.5194405235467727,0,7dc37a66c5ed5355eeecea2a598494069d9950a03609075950720715f0520bd9,200
metric_contract_v1.2,c38b09694be88aa74de0741b39e9d3ba0d6ff61a,,,db137e7d3c712f7a4752a4ecaee827c58ae25bc907f916dbab0de88a87e33211,last,ood_metric/fpr95_id_tpr,OOD-4,primary,down,id_train,id_test_vs_tin,detector_declared,detector/gda_class_density,tin,near,,,,17793,C2,adam,0.0003,0.001,0.8021301167714616,0,7dc37a66c5ed5355eeecea2a598494069d9950a03609075950720715f0520bd9,200
metric_contract_v1.2,c38b09694be88aa74de0741b39e9d3ba0d6ff61a,,,db137e7d3c712f7a4752a4ecaee827c58ae25bc907f916dbab0de88a87e33211,last,ood_metric/fpr95_id_tpr,OOD-4,primary,down,id_train,id_test_vs_tin,detector_declared,detector/knn_l2_k50,tin,near,,,,17793,C2,adam,0.0003,0.001,0.49262158347234697,0,7dc37a66c5ed5355eeecea2a598494069d9950a03609075950720715f0520bd9,200
metric_contract_v1.2,c38b09694be88aa74de0741b39e9d3ba0d6ff61a,,,db137e7d3c712f7a4752a4ecaee827c58ae25bc907f916dbab0de88a87e33211,last,ood_metric/fpr95_id_tpr,OOD-4,primary,down,id_train,id_test_vs_tin,detector_declared,detector/mahalanobis_pp,tin,near,,,,17793,C2,adam,0.0003,0.001,0.5515205954061337,0,7dc37a66c5ed5355eeecea2a598494069d9950a03609075950720715f0520bd9,200
metric_contract_v1.2,c38b09694be88aa74de0741b39e9d3ba0d6ff61a,,,db137e7d3c712f7a4752a4ecaee827c58ae25bc907f916dbab0de88a87e33211,last,ood_metric/fpr95_id_tpr,OOD-4,primary,down,id_train,id_test_vs_tin,detector_declared,detector/mahalanobis_raw,tin,near,,,,17793,C2,adam,0.0003,0.001,0.928012318747594,0,7dc37a66c5ed5355eeecea2a598494069d9950a03609075950720715f0520bd9,200
metric_contract_v1.2,c38b09694be88aa74de0741b39e9d3ba0d6ff61a,,,db137e7d3c712f7a4752a4ecaee827c58ae25bc907f916dbab0de88a87e33211,last,ood_metric/fpr95_id_tpr,OOD-4,primary,down,id_train,id_test_vs_tin,detector_declared,detector/marginal_mahalanobis_raw,tin,near,,,,17793,C2,adam,0.0003,0.001,0.9393045040420891,0,7dc37a66c5ed5355eeecea2a598494069d9950a03609075950720715f0520bd9,200
metric_contract_v1.2,c38b09694be88aa74de0741b39e9d3ba0d6ff61a,,,db137e7d3c712f7a4752a4ecaee827c58ae25bc907f916dbab0de88a87e33211,last,ood_metric/fpr95_id_tpr,OOD-4,primary,down,id_train,id_test_vs_tin,detector_declared,detector/ncp_euclidean_raw,tin,near,,,,17793,C2,adam,0.0003,0.001,0.5460028230463236,0,7dc37a66c5ed5355eeecea2a598494069d9950a03609075950720715f0520bd9,200
metric_contract_v1.2,c38b09694be88aa74de0741b39e9d3ba0d6ff61a,,,db137e7d3c712f7a4752a4ecaee827c58ae25bc907f916dbab0de88a87e33211,last,ood_metric/fpr95_id_tpr,OOD-4,primary,down,id_train,id_test_vs_tin,detector_declared,detector/neco_author_std_dim100,tin,near,,,,17793,C2,adam,0.0003,0.001,0.5898883613499294,0,7dc37a66c5ed5355eeecea2a598494069d9950a03609075950720715f0520bd9,200
metric_contract_v1.2,c38b09694be88aa74de0741b39e9d3ba0d6ff61a,,,db137e7d3c712f7a4752a4ecaee827c58ae25bc907f916dbab0de88a87e33211,last,ood_metric/fpr95_id_tpr,OOD-4,primary,down,id_train,id_test_vs_tin,detector_declared,detector/relative_mahalanobis_pp,tin,near,,,,17793,C2,adam,0.0003,0.001,0.5788528166303093,0,7dc37a66c5ed5355eeecea2a598494069d9950a03609075950720715f0520bd9,200
metric_contract_v1.2,c38b09694be88aa74de0741b39e9d3ba0d6ff61a,,,db137e7d3c712f7a4752a4ecaee827c58ae25bc907f916dbab0de88a87e33211,last,ood_metric/fpr95_id_tpr,OOD-4,primary,down,id_train,id_test_vs_tin,detector_declared,detector/relative_mahalanobis_raw,tin,near,,,,17793,C2,adam,0.0003,0.001,0.5107147440010266,0,7dc37a66c5ed5355eeecea2a598494069d9950a03609075950720715f0520bd9,200
metric_contract_v1.2,c38b09694be88aa74de0741b39e9d3ba0d6ff61a,,,db137e7d3c712f7a4752a4ecaee827c58ae25bc907f916dbab0de88a87e33211,last,ood_metric/fpr95_id_tpr,OOD-4,primary,down,id_train,id_test_vs_tin,detector_declared,detector/vim_author_dim,tin,near,,,,17793,C2,adam,0.0003,0.001,0.7088412678044399,0,7dc37a66c5ed5355eeecea2a598494069d9950a03609075950720715f0520bd9,200
metric_contract_v1.2,c38b09694be88aa74de0741b39e9d3ba0d6ff61a,,,db137e7d3c712f7a4752a4ecaee827c58ae25bc907f916dbab0de88a87e33211,last,ood_metric/fpr95_id_tpr,OOD-4,primary,down,id_train,id_test_vs_tin,detector_declared,detector/vim_dim128,tin,near,,,,17793,C2,adam,0.0003,0.001,0.7025535737200052,0,7dc37a66c5ed5355eeecea2a598494069d9950a03609075950720715f0520bd9,200
metric_contract_v1.2,c38b09694be88aa74de0741b39e9d3ba0d6ff61a,,,db137e7d3c712f7a4752a4ecaee827c58ae25bc907f916dbab0de88a87e33211,last,ood_metric/fpr95_id_tpr,OOD-4,primary,down,id_train,id_test_vs_tin,detector_declared,detector/vim_dim256,tin,near,,,,17793,C2,adam,0.0003,0.001,0.7112793532657513,0,7dc37a66c5ed5355eeecea2a598494069d9950a03609075950720715f0520bd9,200
metric_contract_v1.2,c38b09694be88aa74de0741b39e9d3ba0d6ff61a,,,db137e7d3c712f7a4752a4ecaee827c58ae25bc907f916dbab0de88a87e33211,last,ood_metric/fpr95_id_tpr,OOD-4,primary,down,id_train,id_test_vs_tin,detector_declared,detector/vim_dim320,tin,near,,,,17793,C2,adam,0.0003,0.001,0.7088412678044399,0,7dc37a66c5ed5355eeecea2a598494069d9950a03609075950720715f0520bd9,200
metric_contract_v1.2,c38b09694be88aa74de0741b39e9d3ba0d6ff61a,,,db137e7d3c712f7a4752a4ecaee827c58ae25bc907f916dbab0de88a87e33211,last,ood_metric/fpr95_id_tpr,OOD-4,primary,down,id_train,id_test_vs_tin,detector_declared,detector/vim_dim64,tin,near,,,,17793,C2,adam,0.0003,0.001,0.7628641088156037,0,7dc37a66c5ed5355eeecea2a598494069d9950a03609075950720715f0520bd9,200
metric_contract_v1.2,c38b09694be88aa74de0741b39e9d3ba0d6ff61a,,,db137e7d3c712f7a4752a4ecaee827c58ae25bc907f916dbab0de88a87e33211,last,ood_metric/fpr95_id_tpr,OOD-4,primary,down,id_train,id_test_vs_tin,detector_declared,detector/weight_cosine_appendix,tin,near,,,,17793,C2,adam,0.0003,0.001,0.5448479404593867,0,7dc37a66c5ed5355eeecea2a598494069d9950a03609075950720715f0520bd9,200
metric_contract_v1.2,c38b09694be88aa74de0741b39e9d3ba0d6ff61a,,,db137e7d3c712f7a4752a4ecaee827c58ae25bc907f916dbab0de88a87e33211,last,ood_metric/fpr95_id_tpr,OOD-4,primary,down,,id_test_vs_tin,detector_declared,ood_score/energy_t1,tin,near,,,,17793,C2,adam,0.0003,0.001,0.4043372257153856,0,7dc37a66c5ed5355eeecea2a598494069d9950a03609075950720715f0520bd9,200
metric_contract_v1.2,c38b09694be88aa74de0741b39e9d3ba0d6ff61a,,,db137e7d3c712f7a4752a4ecaee827c58ae25bc907f916dbab0de88a87e33211,last,ood_metric/fpr95_id_tpr,OOD-4,primary,down,,id_test_vs_tin,detector_declared,ood_score/max_logit,tin,near,,,,17793,C2,adam,0.0003,0.001,0.4089567560631336,0,7dc37a66c5ed5355eeecea2a598494069d9950a03609075950720715f0520bd9,200
metric_contract_v1.2,c38b09694be88aa74de0741b39e9d3ba0d6ff61a,,,db137e7d3c712f7a4752a4ecaee827c58ae25bc907f916dbab0de88a87e33211,last,ood_metric/fpr95_id_tpr,OOD-4,primary,down,,id_test_vs_tin,detector_declared,ood_score/msp,tin,near,,,,17793,C2,adam,0.0003,0.001,0.5893750802001797,0,7dc37a66c5ed5355eeecea2a598494069d9950a03609075950720715f0520bd9,200
metric_contract_v1.2,c38b09694be88aa74de0741b39e9d3ba0d6ff61a,,,db137e7d3c712f7a4752a4ecaee827c58ae25bc907f916dbab0de88a87e33211,last,ood_metric/fpr95_threshold,OOD-4,appendix,descriptive,id_train,id_test_vs_tin,detector_declared,detector/ctm_prototype_cosine,tin,near,,,,17793,C2,adam,0.0003,0.001,0.8254770636417516,0,7dc37a66c5ed5355eeecea2a598494069d9950a03609075950720715f0520bd9,200
metric_contract_v1.2,c38b09694be88aa74de0741b39e9d3ba0d6ff61a,,,db137e7d3c712f7a4752a4ecaee827c58ae25bc907f916dbab0de88a87e33211,last,ood_metric/fpr95_threshold,OOD-4,appendix,descriptive,id_train,id_test_vs_tin,detector_declared,detector/gda_class_density,tin,near,,,,17793,C2,adam,0.0003,0.001,1501.1763662193557,0,7dc37a66c5ed5355eeecea2a598494069d9950a03609075950720715f0520bd9,200
metric_contract_v1.2,c38b09694be88aa74de0741b39e9d3ba0d6ff61a,,,db137e7d3c712f7a4752a4ecaee827c58ae25bc907f916dbab0de88a87e33211,last,ood_metric/fpr95_threshold,OOD-4,appendix,descriptive,id_train,id_test_vs_tin,detector_declared,detector/knn_l2_k50,tin,near,,,,17793,C2,adam,0.0003,0.001,-0.18455238256178821,0,7dc37a66c5ed5355eeecea2a598494069d9950a03609075950720715f0520bd9,200
metric_contract_v1.2,c38b09694be88aa74de0741b39e9d3ba0d6ff61a,,,db137e7d3c712f7a4752a4ecaee827c58ae25bc907f916dbab0de88a87e33211,last,ood_metric/fpr95_threshold,OOD-4,appendix,descriptive,id_train,id_test_vs_tin,detector_declared,detector/mahalanobis_pp,tin,near,,,,17793,C2,adam,0.0003,0.001,-1536.1392825839919,0,7dc37a66c5ed5355eeecea2a598494069d9950a03609075950720715f0520bd9,200
metric_contract_v1.2,c38b09694be88aa74de0741b39e9d3ba0d6ff61a,,,db137e7d3c712f7a4752a4ecaee827c58ae25bc907f916dbab0de88a87e33211,last,ood_metric/fpr95_threshold,OOD-4,appendix,descriptive,id_train,id_test_vs_tin,detector_declared,detector/mahalanobis_raw,tin,near,,,,17793,C2,adam,0.0003,0.001,-1164.0616732230949,0,7dc37a66c5ed5355eeecea2a598494069d9950a03609075950720715f0520bd9,200
metric_contract_v1.2,c38b09694be88aa74de0741b39e9d3ba0d6ff61a,,,db137e7d3c712f7a4752a4ecaee827c58ae25bc907f916dbab0de88a87e33211,last,ood_metric/fpr95_threshold,OOD-4,appendix,descriptive,id_train,id_test_vs_tin,detector_declared,detector/marginal_mahalanobis_raw,tin,near,,,,17793,C2,adam,0.0003,0.001,-1148.1603328957706,0,7dc37a66c5ed5355eeecea2a598494069d9950a03609075950720715f0520bd9,200
metric_contract_v1.2,c38b09694be88aa74de0741b39e9d3ba0d6ff61a,,,db137e7d3c712f7a4752a4ecaee827c58ae25bc907f916dbab0de88a87e33211,last,ood_metric/fpr95_threshold,OOD-4,appendix,descriptive,id_train,id_test_vs_tin,detector_declared,detector/ncp_euclidean_raw,tin,near,,,,17793,C2,adam,0.0003,0.001,-14.21848462446196,0,7dc37a66c5ed5355eeecea2a598494069d9950a03609075950720715f0520bd9,200
metric_contract_v1.2,c38b09694be88aa74de0741b39e9d3ba0d6ff61a,,,db137e7d3c712f7a4752a4ecaee827c58ae25bc907f916dbab0de88a87e33211,last,ood_metric/fpr95_threshold,OOD-4,appendix,descriptive,id_train,id_test_vs_tin,detector_declared,detector/neco_author_std_dim100,tin,near,,,,17793,C2,adam,0.0003,0.001,0.999205254993946,0,7dc37a66c5ed5355eeecea2a598494069d9950a03609075950720715f0520bd9,200
metric_contract_v1.2,c38b09694be88aa74de0741b39e9d3ba0d6ff61a,,,db137e7d3c712f7a4752a4ecaee827c58ae25bc907f916dbab0de88a87e33211,last,ood_metric/fpr95_threshold,OOD-4,appendix,descriptive,id_train,id_test_vs_tin,detector_declared,detector/relative_mahalanobis_pp,tin,near,,,,17793,C2,adam,0.0003,0.001,-143.12328080295404,0,7dc37a66c5ed5355eeecea2a598494069d9950a03609075950720715f0520bd9,200
metric_contract_v1.2,c38b09694be88aa74de0741b39e9d3ba0d6ff61a,,,db137e7d3c712f7a4752a4ecaee827c58ae25bc907f916dbab0de88a87e33211,last,ood_metric/fpr95_threshold,OOD-4,appendix,descriptive,id_train,id_test_vs_tin,detector_declared,detector/relative_mahalanobis_raw,tin,near,,,,17793,C2,adam,0.0003,0.001,-65.22168198871694,0,7dc37a66c5ed5355eeecea2a598494069d9950a03609075950720715f0520bd9,200
metric_contract_v1.2,c38b09694be88aa74de0741b39e9d3ba0d6ff61a,,,db137e7d3c712f7a4752a4ecaee827c58ae25bc907f916dbab0de88a87e33211,last,ood_metric/fpr95_threshold,OOD-4,appendix,descriptive,id_train,id_test_vs_tin,detector_declared,detector/vim_author_dim,tin,near,,,,17793,C2,adam,0.0003,0.001,-11.60870299597028,0,7dc37a66c5ed5355eeecea2a598494069d9950a03609075950720715f0520bd9,200
metric_contract_v1.2,c38b09694be88aa74de0741b39e9d3ba0d6ff61a,,,db137e7d3c712f7a4752a4ecaee827c58ae25bc907f916dbab0de88a87e33211,last,ood_metric/fpr95_threshold,OOD-4,appendix,descriptive,id_train,id_test_vs_tin,detector_declared,detector/vim_dim128,tin,near,,,,17793,C2,adam,0.0003,0.001,-11.708767399732372,0,7dc37a66c5ed5355eeecea2a598494069d9950a03609075950720715f0520bd9,200
metric_contract_v1.2,c38b09694be88aa74de0741b39e9d3ba0d6ff61a,,,db137e7d3c712f7a4752a4ecaee827c58ae25bc907f916dbab0de88a87e33211,last,ood_metric/fpr95_threshold,OOD-4,appendix,descriptive,id_train,id_test_vs_tin,detector_declared,detector/vim_dim256,tin,near,,,,17793,C2,adam,0.0003,0.001,-11.631369343650746,0,7dc37a66c5ed5355eeecea2a598494069d9950a03609075950720715f0520bd9,200
metric_contract_v1.2,c38b09694be88aa74de0741b39e9d3ba0d6ff61a,,,db137e7d3c712f7a4752a4ecaee827c58ae25bc907f916dbab0de88a87e33211,last,ood_metric/fpr95_threshold,OOD-4,appendix,descriptive,id_train,id_test_vs_tin,detector_declared,detector/vim_dim320,tin,near,,,,17793,C2,adam,0.0003,0.001,-11.60870299597028,0,7dc37a66c5ed5355eeecea2a598494069d9950a03609075950720715f0520bd9,200
metric_contract_v1.2,c38b09694be88aa74de0741b39e9d3ba0d6ff61a,,,db137e7d3c712f7a4752a4ecaee827c58ae25bc907f916dbab0de88a87e33211,last,ood_metric/fpr95_threshold,OOD-4,appendix,descriptive,id_train,id_test_vs_tin,detector_declared,detector/vim_dim64,tin,near,,,,17793,C2,adam,0.0003,0.001,-11.884116960351156,0,7dc37a66c5ed5355eeecea2a598494069d9950a03609075950720715f0520bd9,200
metric_contract_v1.2,c38b09694be88aa74de0741b39e9d3ba0d6ff61a,,,db137e7d3c712f7a4752a4ecaee827c58ae25bc907f916dbab0de88a87e33211,last,ood_metric/fpr95_threshold,OOD-4,appendix,descriptive,id_train,id_test_vs_tin,detector_declared,detector/weight_cosine_appendix,tin,near,,,,17793,C2,adam,0.0003,0.001,0.4662254813434323,0,7dc37a66c5ed5355eeecea2a598494069d9950a03609075950720715f0520bd9,200
metric_contract_v1.2,c38b09694be88aa74de0741b39e9d3ba0d6ff61a,,,db137e7d3c712f7a4752a4ecaee827c58ae25bc907f916dbab0de88a87e33211,last,ood_metric/fpr95_threshold,OOD-4,appendix,descriptive,,id_test_vs_tin,detector_declared,ood_score/energy_t1,tin,near,,,,17793,C2,adam,0.0003,0.001,8.111378704940842,0,7dc37a66c5ed5355eeecea2a598494069d9950a03609075950720715f0520bd9,200
metric_contract_v1.2,c38b09694be88aa74de0741b39e9d3ba0d6ff61a,,,db137e7d3c712f7a4752a4ecaee827c58ae25bc907f916dbab0de88a87e33211,last,ood_metric/fpr95_threshold,OOD-4,appendix,descriptive,,id_test_vs_tin,detector_declared,ood_score/max_logit,tin,near,,,,17793,C2,adam,0.0003,0.001,7.95751953125,0,7dc37a66c5ed5355eeecea2a598494069d9950a03609075950720715f0520bd9,200
metric_contract_v1.2,c38b09694be88aa74de0741b39e9d3ba0d6ff61a,,,db137e7d3c712f7a4752a4ecaee827c58ae25bc907f916dbab0de88a87e33211,last,ood_metric/fpr95_threshold,OOD-4,appendix,descriptive,,id_test_vs_tin,detector_declared,ood_score/msp,tin,near,,,,17793,C2,adam,0.0003,0.001,0.8335658170896494,0,7dc37a66c5ed5355eeecea2a598494069d9950a03609075950720715f0520bd9,200
metric_contract_v1.2,c38b09694be88aa74de0741b39e9d3ba0d6ff61a,,,f315d560c588b29298c6e3749f644634c09a1f3187eeea25d98e941c498f6242,last,analysis/angular_control_gap_ctm_ncp,OOD-7,exploratory,descriptive,id_train,id_test_vs_tin,paired_auroc_difference,,tin,,,,,17793,C3,sgd,0.1,0.0,0.08862536892082651,0,da7cd6870e394035903bb506e00afdb6427eb414b4b6a0eaf52be250918dc7fb,200
metric_contract_v1.2,c38b09694be88aa74de0741b39e9d3ba0d6ff61a,,,f315d560c588b29298c6e3749f644634c09a1f3187eeea25d98e941c498f6242,last,analysis/restoration_gap_mahalanobis,OOD-7,exploratory,descriptive,id_train,id_test_vs_tin,paired_auroc_difference,,tin,,,,,17793,C3,sgd,0.1,0.0,0.325197253945849,0,da7cd6870e394035903bb506e00afdb6427eb414b4b6a0eaf52be250918dc7fb,200
metric_contract_v1.2,c38b09694be88aa74de0741b39e9d3ba0d6ff61a,,,f315d560c588b29298c6e3749f644634c09a1f3187eeea25d98e941c498f6242,last,analysis/restoration_gap_relative_mahalanobis,OOD-7,exploratory,descriptive,id_train,id_test_vs_tin,paired_auroc_difference,,tin,,,,,17793,C3,sgd,0.1,0.0,-0.005457551648915704,0,da7cd6870e394035903bb506e00afdb6427eb414b4b6a0eaf52be250918dc7fb,200
metric_contract_v1.2,c38b09694be88aa74de0741b39e9d3ba0d6ff61a,,,f315d560c588b29298c6e3749f644634c09a1f3187eeea25d98e941c498f6242,last,ood_metric/ap_in,OOD-2,appendix,up,id_train,id_test_vs_tin,detector_declared,detector/ctm_prototype_cosine,tin,near,,,,17793,C3,sgd,0.1,0.0,0.9334950347838298,0,da7cd6870e394035903bb506e00afdb6427eb414b4b6a0eaf52be250918dc7fb,200
metric_contract_v1.2,c38b09694be88aa74de0741b39e9d3ba0d6ff61a,,,f315d560c588b29298c6e3749f644634c09a1f3187eeea25d98e941c498f6242,last,ood_metric/ap_in,OOD-2,appendix,up,id_train,id_test_vs_tin,detector_declared,detector/gda_class_density,tin,near,,,,17793,C3,sgd,0.1,0.0,0.8866852267154217,0,da7cd6870e394035903bb506e00afdb6427eb414b4b6a0eaf52be250918dc7fb,200
metric_contract_v1.2,c38b09694be88aa74de0741b39e9d3ba0d6ff61a,,,f315d560c588b29298c6e3749f644634c09a1f3187eeea25d98e941c498f6242,last,ood_metric/ap_in,OOD-2,appendix,up,id_train,id_test_vs_tin,detector_declared,detector/knn_l2_k50,tin,near,,,,17793,C3,sgd,0.1,0.0,0.9444583260154891,0,da7cd6870e394035903bb506e00afdb6427eb414b4b6a0eaf52be250918dc7fb,200
metric_contract_v1.2,c38b09694be88aa74de0741b39e9d3ba0d6ff61a,,,f315d560c588b29298c6e3749f644634c09a1f3187eeea25d98e941c498f6242,last,ood_metric/ap_in,OOD-2,appendix,up,id_train,id_test_vs_tin,detector_declared,detector/mahalanobis_pp,tin,near,,,,17793,C3,sgd,0.1,0.0,0.9362745462864391,0,da7cd6870e394035903bb506e00afdb6427eb414b4b6a0eaf52be250918dc7fb,200
metric_contract_v1.2,c38b09694be88aa74de0741b39e9d3ba0d6ff61a,,,f315d560c588b29298c6e3749f644634c09a1f3187eeea25d98e941c498f6242,last,ood_metric/ap_in,OOD-2,appendix,up,id_train,id_test_vs_tin,detector_declared,detector/mahalanobis_raw,tin,near,,,,17793,C3,sgd,0.1,0.0,0.6433407077244775,0,da7cd6870e394035903bb506e00afdb6427eb414b4b6a0eaf52be250918dc7fb,200
metric_contract_v1.2,c38b09694be88aa74de0741b39e9d3ba0d6ff61a,,,f315d560c588b29298c6e3749f644634c09a1f3187eeea25d98e941c498f6242,last,ood_metric/ap_in,OOD-2,appendix,up,id_train,id_test_vs_tin,detector_declared,detector/marginal_mahalanobis_raw,tin,near,,,,17793,C3,sgd,0.1,0.0,0.5695537989754724,0,da7cd6870e394035903bb506e00afdb6427eb414b4b6a0eaf52be250918dc7fb,200
metric_contract_v1.2,c38b09694be88aa74de0741b39e9d3ba0d6ff61a,,,f315d560c588b29298c6e3749f644634c09a1f3187eeea25d98e941c498f6242,last,ood_metric/ap_in,OOD-2,appendix,up,id_train,id_test_vs_tin,detector_declared,detector/ncp_euclidean_raw,tin,near,,,,17793,C3,sgd,0.1,0.0,0.8614717473840037,0,da7cd6870e394035903bb506e00afdb6427eb414b4b6a0eaf52be250918dc7fb,200
metric_contract_v1.2,c38b09694be88aa74de0741b39e9d3ba0d6ff61a,,,f315d560c588b29298c6e3749f644634c09a1f3187eeea25d98e941c498f6242,last,ood_metric/ap_in,OOD-2,appendix,up,id_train,id_test_vs_tin,detector_declared,detector/neco_author_std_dim100,tin,near,,,,17793,C3,sgd,0.1,0.0,0.896755269281053,0,da7cd6870e394035903bb506e00afdb6427eb414b4b6a0eaf52be250918dc7fb,200
metric_contract_v1.2,c38b09694be88aa74de0741b39e9d3ba0d6ff61a,,,f315d560c588b29298c6e3749f644634c09a1f3187eeea25d98e941c498f6242,last,ood_metric/ap_in,OOD-2,appendix,up,id_train,id_test_vs_tin,detector_declared,detector/relative_mahalanobis_pp,tin,near,,,,17793,C3,sgd,0.1,0.0,0.9269147570059131,0,da7cd6870e394035903bb506e00afdb6427eb414b4b6a0eaf52be250918dc7fb,200
metric_contract_v1.2,c38b09694be88aa74de0741b39e9d3ba0d6ff61a,,,f315d560c588b29298c6e3749f644634c09a1f3187eeea25d98e941c498f6242,last,ood_metric/ap_in,OOD-2,appendix,up,id_train,id_test_vs_tin,detector_declared,detector/relative_mahalanobis_raw,tin,near,,,,17793,C3,sgd,0.1,0.0,0.9292643743970148,0,da7cd6870e394035903bb506e00afdb6427eb414b4b6a0eaf52be250918dc7fb,200
metric_contract_v1.2,c38b09694be88aa74de0741b39e9d3ba0d6ff61a,,,f315d560c588b29298c6e3749f644634c09a1f3187eeea25d98e941c498f6242,last,ood_metric/ap_in,OOD-2,appendix,up,id_train,id_test_vs_tin,detector_declared,detector/vim_author_dim,tin,near,,,,17793,C3,sgd,0.1,0.0,0.9482357025003008,0,da7cd6870e394035903bb506e00afdb6427eb414b4b6a0eaf52be250918dc7fb,200
metric_contract_v1.2,c38b09694be88aa74de0741b39e9d3ba0d6ff61a,,,f315d560c588b29298c6e3749f644634c09a1f3187eeea25d98e941c498f6242,last,ood_metric/ap_in,OOD-2,appendix,up,id_train,id_test_vs_tin,detector_declared,detector/vim_dim128,tin,near,,,,17793,C3,sgd,0.1,0.0,0.9482003179819256,0,da7cd6870e394035903bb506e00afdb6427eb414b4b6a0eaf52be250918dc7fb,200
metric_contract_v1.2,c38b09694be88aa74de0741b39e9d3ba0d6ff61a,,,f315d560c588b29298c6e3749f644634c09a1f3187eeea25d98e941c498f6242,last,ood_metric/ap_in,OOD-2,appendix,up,id_train,id_test_vs_tin,detector_declared,detector/vim_dim256,tin,near,,,,17793,C3,sgd,0.1,0.0,0.9484801687394111,0,da7cd6870e394035903bb506e00afdb6427eb414b4b6a0eaf52be250918dc7fb,200
metric_contract_v1.2,c38b09694be88aa74de0741b39e9d3ba0d6ff61a,,,f315d560c588b29298c6e3749f644634c09a1f3187eeea25d98e941c498f6242,last,ood_metric/ap_in,OOD-2,appendix,up,id_train,id_test_vs_tin,detector_declared,detector/vim_dim320,tin,near,,,,17793,C3,sgd,0.1,0.0,0.9482357025003008,0,da7cd6870e394035903bb506e00afdb6427eb414b4b6a0eaf52be250918dc7fb,200
metric_contract_v1.2,c38b09694be88aa74de0741b39e9d3ba0d6ff61a,,,f315d560c588b29298c6e3749f644634c09a1f3187eeea25d98e941c498f6242,last,ood_metric/ap_in,OOD-2,appendix,up,id_train,id_test_vs_tin,detector_declared,detector/vim_dim64,tin,near,,,,17793,C3,sgd,0.1,0.0,0.9471164449150491,0,da7cd6870e394035903bb506e00afdb6427eb414b4b6a0eaf52be250918dc7fb,200
metric_contract_v1.2,c38b09694be88aa74de0741b39e9d3ba0d6ff61a,,,f315d560c588b29298c6e3749f644634c09a1f3187eeea25d98e941c498f6242,last,ood_metric/ap_in,OOD-2,appendix,up,id_train,id_test_vs_tin,detector_declared,detector/weight_cosine_appendix,tin,near,,,,17793,C3,sgd,0.1,0.0,0.9424154624399874,0,da7cd6870e394035903bb506e00afdb6427eb414b4b6a0eaf52be250918dc7fb,200
metric_contract_v1.2,c38b09694be88aa74de0741b39e9d3ba0d6ff61a,,,f315d560c588b29298c6e3749f644634c09a1f3187eeea25d98e941c498f6242,last,ood_metric/ap_in,OOD-2,appendix,up,,id_test_vs_tin,detector_declared,ood_score/energy_t1,tin,near,,,,17793,C3,sgd,0.1,0.0,0.9480002056060903,0,da7cd6870e394035903bb506e00afdb6427eb414b4b6a0eaf52be250918dc7fb,200
metric_contract_v1.2,c38b09694be88aa74de0741b39e9d3ba0d6ff61a,,,f315d560c588b29298c6e3749f644634c09a1f3187eeea25d98e941c498f6242,last,ood_metric/ap_in,OOD-2,appendix,up,,id_test_vs_tin,detector_declared,ood_score/max_logit,tin,near,,,,17793,C3,sgd,0.1,0.0,0.9479290164733796,0,da7cd6870e394035903bb506e00afdb6427eb414b4b6a0eaf52be250918dc7fb,200
metric_contract_v1.2,c38b09694be88aa74de0741b39e9d3ba0d6ff61a,,,f315d560c588b29298c6e3749f644634c09a1f3187eeea25d98e941c498f6242,last,ood_metric/ap_in,OOD-2,appendix,up,,id_test_vs_tin,detector_declared,ood_score/msp,tin,near,,,,17793,C3,sgd,0.1,0.0,0.9322764171489278,0,da7cd6870e394035903bb506e00afdb6427eb414b4b6a0eaf52be250918dc7fb,200
metric_contract_v1.2,c38b09694be88aa74de0741b39e9d3ba0d6ff61a,,,f315d560c588b29298c6e3749f644634c09a1f3187eeea25d98e941c498f6242,last,ood_metric/ap_out,OOD-3,appendix,up,id_train,id_test_vs_tin,detector_declared,detector/ctm_prototype_cosine,tin,near,,,,17793,C3,sgd,0.1,0.0,0.8733846075482872,0,da7cd6870e394035903bb506e00afdb6427eb414b4b6a0eaf52be250918dc7fb,200
metric_contract_v1.2,c38b09694be88aa74de0741b39e9d3ba0d6ff61a,,,f315d560c588b29298c6e3749f644634c09a1f3187eeea25d98e941c498f6242,last,ood_metric/ap_out,OOD-3,appendix,up,id_train,id_test_vs_tin,detector_declared,detector/gda_class_density,tin,near,,,,17793,C3,sgd,0.1,0.0,0.7913296921971649,0,da7cd6870e394035903bb506e00afdb6427eb414b4b6a0eaf52be250918dc7fb,200
metric_contract_v1.2,c38b09694be88aa74de0741b39e9d3ba0d6ff61a,,,f315d560c588b29298c6e3749f644634c09a1f3187eeea25d98e941c498f6242,last,ood_metric/ap_out,OOD-3,appendix,up,id_train,id_test_vs_tin,detector_declared,detector/knn_l2_k50,tin,near,,,,17793,C3,sgd,0.1,0.0,0.8912598543708304,0,da7cd6870e394035903bb506e00afdb6427eb414b4b6a0eaf52be250918dc7fb,200
metric_contract_v1.2,c38b09694be88aa74de0741b39e9d3ba0d6ff61a,,,f315d560c588b29298c6e3749f644634c09a1f3187eeea25d98e941c498f6242,last,ood_metric/ap_out,OOD-3,appendix,up,id_train,id_test_vs_tin,detector_declared,detector/mahalanobis_pp,tin,near,,,,17793,C3,sgd,0.1,0.0,0.8729604378832762,0,da7cd6870e394035903bb506e00afdb6427eb414b4b6a0eaf52be250918dc7fb,200
metric_contract_v1.2,c38b09694be88aa74de0741b39e9d3ba0d6ff61a,,,f315d560c588b29298c6e3749f644634c09a1f3187eeea25d98e941c498f6242,last,ood_metric/ap_out,OOD-3,appendix,up,id_train,id_test_vs_tin,detector_declared,detector/mahalanobis_raw,tin,near,,,,17793,C3,sgd,0.1,0.0,0.5273707417901435,0,da7cd6870e394035903bb506e00afdb6427eb414b4b6a0eaf52be250918dc7fb,200
metric_contract_v1.2,c38b09694be88aa74de0741b39e9d3ba0d6ff61a,,,f315d560c588b29298c6e3749f644634c09a1f3187eeea25d98e941c498f6242,last,ood_metric/ap_out,OOD-3,appendix,up,id_train,id_test_vs_tin,detector_declared,detector/marginal_mahalanobis_raw,tin,near,,,,17793,C3,sgd,0.1,0.0,0.4709505702625125,0,da7cd6870e394035903bb506e00afdb6427eb414b4b6a0eaf52be250918dc7fb,200
metric_contract_v1.2,c38b09694be88aa74de0741b39e9d3ba0d6ff61a,,,f315d560c588b29298c6e3749f644634c09a1f3187eeea25d98e941c498f6242,last,ood_metric/ap_out,OOD-3,appendix,up,id_train,id_test_vs_tin,detector_declared,detector/ncp_euclidean_raw,tin,near,,,,17793,C3,sgd,0.1,0.0,0.7233886772440952,0,da7cd6870e394035903bb506e00afdb6427eb414b4b6a0eaf52be250918dc7fb,200
metric_contract_v1.2,c38b09694be88aa74de0741b39e9d3ba0d6ff61a,,,f315d560c588b29298c6e3749f644634c09a1f3187eeea25d98e941c498f6242,last,ood_metric/ap_out,OOD-3,appendix,up,id_train,id_test_vs_tin,detector_declared,detector/neco_author_std_dim100,tin,near,,,,17793,C3,sgd,0.1,0.0,0.7869009968463757,0,da7cd6870e394035903bb506e00afdb6427eb414b4b6a0eaf52be250918dc7fb,200
metric_contract_v1.2,c38b09694be88aa74de0741b39e9d3ba0d6ff61a,,,f315d560c588b29298c6e3749f644634c09a1f3187eeea25d98e941c498f6242,last,ood_metric/ap_out,OOD-3,appendix,up,id_train,id_test_vs_tin,detector_declared,detector/relative_mahalanobis_pp,tin,near,,,,17793,C3,sgd,0.1,0.0,0.8537814706081222,0,da7cd6870e394035903bb506e00afdb6427eb414b4b6a0eaf52be250918dc7fb,200
metric_contract_v1.2,c38b09694be88aa74de0741b39e9d3ba0d6ff61a,,,f315d560c588b29298c6e3749f644634c09a1f3187eeea25d98e941c498f6242,last,ood_metric/ap_out,OOD-3,appendix,up,id_train,id_test_vs_tin,detector_declared,detector/relative_mahalanobis_raw,tin,near,,,,17793,C3,sgd,0.1,0.0,0.8615957558095901,0,da7cd6870e394035903bb506e00afdb6427eb414b4b6a0eaf52be250918dc7fb,200
metric_contract_v1.2,c38b09694be88aa74de0741b39e9d3ba0d6ff61a,,,f315d560c588b29298c6e3749f644634c09a1f3187eeea25d98e941c498f6242,last,ood_metric/ap_out,OOD-3,appendix,up,id_train,id_test_vs_tin,detector_declared,detector/vim_author_dim,tin,near,,,,17793,C3,sgd,0.1,0.0,0.8935260055890526,0,da7cd6870e394035903bb506e00afdb6427eb414b4b6a0eaf52be250918dc7fb,200
metric_contract_v1.2,c38b09694be88aa74de0741b39e9d3ba0d6ff61a,,,f315d560c588b29298c6e3749f644634c09a1f3187eeea25d98e941c498f6242,last,ood_metric/ap_out,OOD-3,appendix,up,id_train,id_test_vs_tin,detector_declared,detector/vim_dim128,tin,near,,,,17793,C3,sgd,0.1,0.0,0.8941817503429432,0,da7cd6870e394035903bb506e00afdb6427eb414b4b6a0eaf52be250918dc7fb,200
metric_contract_v1.2,c38b09694be88aa74de0741b39e9d3ba0d6ff61a,,,f315d560c588b29298c6e3749f644634c09a1f3187eeea25d98e941c498f6242,last,ood_metric/ap_out,OOD-3,appendix,up,id_train,id_test_vs_tin,detector_declared,detector/vim_dim256,tin,near,,,,17793,C3,sgd,0.1,0.0,0.8936101253788999,0,da7cd6870e394035903bb506e00afdb6427eb414b4b6a0eaf52be250918dc7fb,200
metric_contract_v1.2,c38b09694be88aa74de0741b39e9d3ba0d6ff61a,,,f315d560c588b29298c6e3749f644634c09a1f3187eeea25d98e941c498f6242,last,ood_metric/ap_out,OOD-3,appendix,up,id_train,id_test_vs_tin,detector_declared,detector/vim_dim320,tin,near,,,,17793,C3,sgd,0.1,0.0,0.8935260055890526,0,da7cd6870e394035903bb506e00afdb6427eb414b4b6a0eaf52be250918dc7fb,200
metric_contract_v1.2,c38b09694be88aa74de0741b39e9d3ba0d6ff61a,,,f315d560c588b29298c6e3749f644634c09a1f3187eeea25d98e941c498f6242,last,ood_metric/ap_out,OOD-3,appendix,up,id_train,id_test_vs_tin,detector_declared,detector/vim_dim64,tin,near,,,,17793,C3,sgd,0.1,0.0,0.8922950975483961,0,da7cd6870e394035903bb506e00afdb6427eb414b4b6a0eaf52be250918dc7fb,200
metric_contract_v1.2,c38b09694be88aa74de0741b39e9d3ba0d6ff61a,,,f315d560c588b29298c6e3749f644634c09a1f3187eeea25d98e941c498f6242,last,ood_metric/ap_out,OOD-3,appendix,up,id_train,id_test_vs_tin,detector_declared,detector/weight_cosine_appendix,tin,near,,,,17793,C3,sgd,0.1,0.0,0.8843361446628301,0,da7cd6870e394035903bb506e00afdb6427eb414b4b6a0eaf52be250918dc7fb,200
metric_contract_v1.2,c38b09694be88aa74de0741b39e9d3ba0d6ff61a,,,f315d560c588b29298c6e3749f644634c09a1f3187eeea25d98e941c498f6242,last,ood_metric/ap_out,OOD-3,appendix,up,,id_test_vs_tin,detector_declared,ood_score/energy_t1,tin,near,,,,17793,C3,sgd,0.1,0.0,0.8948840889413525,0,da7cd6870e394035903bb506e00afdb6427eb414b4b6a0eaf52be250918dc7fb,200
metric_contract_v1.2,c38b09694be88aa74de0741b39e9d3ba0d6ff61a,,,f315d560c588b29298c6e3749f644634c09a1f3187eeea25d98e941c498f6242,last,ood_metric/ap_out,OOD-3,appendix,up,,id_test_vs_tin,detector_declared,ood_score/max_logit,tin,near,,,,17793,C3,sgd,0.1,0.0,0.8943562511834449,0,da7cd6870e394035903bb506e00afdb6427eb414b4b6a0eaf52be250918dc7fb,200
metric_contract_v1.2,c38b09694be88aa74de0741b39e9d3ba0d6ff61a,,,f315d560c588b29298c6e3749f644634c09a1f3187eeea25d98e941c498f6242,last,ood_metric/ap_out,OOD-3,appendix,up,,id_test_vs_tin,detector_declared,ood_score/msp,tin,near,,,,17793,C3,sgd,0.1,0.0,0.8335075095882056,0,da7cd6870e394035903bb506e00afdb6427eb414b4b6a0eaf52be250918dc7fb,200
metric_contract_v1.2,c38b09694be88aa74de0741b39e9d3ba0d6ff61a,,,f315d560c588b29298c6e3749f644634c09a1f3187eeea25d98e941c498f6242,last,ood_metric/aupr_in_openood_auc,OOD-2,primary,up,id_train,id_test_vs_tin,detector_declared,detector/ctm_prototype_cosine,tin,near,,,,17793,C3,sgd,0.1,0.0,0.9334912772783739,0,da7cd6870e394035903bb506e00afdb6427eb414b4b6a0eaf52be250918dc7fb,200
metric_contract_v1.2,c38b09694be88aa74de0741b39e9d3ba0d6ff61a,,,f315d560c588b29298c6e3749f644634c09a1f3187eeea25d98e941c498f6242,last,ood_metric/aupr_in_openood_auc,OOD-2,primary,up,id_train,id_test_vs_tin,detector_declared,detector/gda_class_density,tin,near,,,,17793,C3,sgd,0.1,0.0,0.8866775522949759,0,da7cd6870e394035903bb506e00afdb6427eb414b4b6a0eaf52be250918dc7fb,200
metric_contract_v1.2,c38b09694be88aa74de0741b39e9d3ba0d6ff61a,,,f315d560c588b29298c6e3749f644634c09a1f3187eeea25d98e941c498f6242,last,ood_metric/aupr_in_openood_auc,OOD-2,primary,up,id_train,id_test_vs_tin,detector_declared,detector/knn_l2_k50,tin,near,,,,17793,C3,sgd,0.1,0.0,0.9444553517813816,0,da7cd6870e394035903bb506e00afdb6427eb414b4b6a0eaf52be250918dc7fb,200
metric_contract_v1.2,c38b09694be88aa74de0741b39e9d3ba0d6ff61a,,,f315d560c588b29298c6e3749f644634c09a1f3187eeea25d98e941c498f6242,last,ood_metric/aupr_in_openood_auc,OOD-2,primary,up,id_train,id_test_vs_tin,detector_declared,detector/mahalanobis_pp,tin,near,,,,17793,C3,sgd,0.1,0.0,0.9362712542514213,0,da7cd6870e394035903bb506e00afdb6427eb414b4b6a0eaf52be250918dc7fb,200
metric_contract_v1.2,c38b09694be88aa74de0741b39e9d3ba0d6ff61a,,,f315d560c588b29298c6e3749f644634c09a1f3187eeea25d98e941c498f6242,last,ood_metric/aupr_in_openood_auc,OOD-2,primary,up,id_train,id_test_vs_tin,detector_declared,detector/mahalanobis_raw,tin,near,,,,17793,C3,sgd,0.1,0.0,0.6432912024465267,0,da7cd6870e394035903bb506e00afdb6427eb414b4b6a0eaf52be250918dc7fb,200
metric_contract_v1.2,c38b09694be88aa74de0741b39e9d3ba0d6ff61a,,,f315d560c588b29298c6e3749f644634c09a1f3187eeea25d98e941c498f6242,last,ood_metric/aupr_in_openood_auc,OOD-2,primary,up,id_train,id_test_vs_tin,detector_declared,detector/marginal_mahalanobis_raw,tin,near,,,,17793,C3,sgd,0.1,0.0,0.5694463331904905,0,da7cd6870e394035903bb506e00afdb6427eb414b4b6a0eaf52be250918dc7fb,200
metric_contract_v1.2,c38b09694be88aa74de0741b39e9d3ba0d6ff61a,,,f315d560c588b29298c6e3749f644634c09a1f3187eeea25d98e941c498f6242,last,ood_metric/aupr_in_openood_auc,OOD-2,primary,up,id_train,id_test_vs_tin,detector_declared,detector/ncp_euclidean_raw,tin,near,,,,17793,C3,sgd,0.1,0.0,0.861459220673339,0,da7cd6870e394035903bb506e00afdb6427eb414b4b6a0eaf52be250918dc7fb,200
metric_contract_v1.2,c38b09694be88aa74de0741b39e9d3ba0d6ff61a,,,f315d560c588b29298c6e3749f644634c09a1f3187eeea25d98e941c498f6242,last,ood_metric/aupr_in_openood_auc,OOD-2,primary,up,id_train,id_test_vs_tin,detector_declared,detector/neco_author_std_dim100,tin,near,,,,17793,C3,sgd,0.1,0.0,0.8967496737779399,0,da7cd6870e394035903bb506e00afdb6427eb414b4b6a0eaf52be250918dc7fb,200
metric_contract_v1.2,c38b09694be88aa74de0741b39e9d3ba0d6ff61a,,,f315d560c588b29298c6e3749f644634c09a1f3187eeea25d98e941c498f6242,last,ood_metric/aupr_in_openood_auc,OOD-2,primary,up,id_train,id_test_vs_tin,detector_declared,detector/relative_mahalanobis_pp,tin,near,,,,17793,C3,sgd,0.1,0.0,0.9269098489011737,0,da7cd6870e394035903bb506e00afdb6427eb414b4b6a0eaf52be250918dc7fb,200
metric_contract_v1.2,c38b09694be88aa74de0741b39e9d3ba0d6ff61a,,,f315d560c588b29298c6e3749f644634c09a1f3187eeea25d98e941c498f6242,last,ood_metric/aupr_in_openood_auc,OOD-2,primary,up,id_train,id_test_vs_tin,detector_declared,detector/relative_mahalanobis_raw,tin,near,,,,17793,C3,sgd,0.1,0.0,0.9292575440755284,0,da7cd6870e394035903bb506e00afdb6427eb414b4b6a0eaf52be250918dc7fb,200
metric_contract_v1.2,c38b09694be88aa74de0741b39e9d3ba0d6ff61a,,,f315d560c588b29298c6e3749f644634c09a1f3187eeea25d98e941c498f6242,last,ood_metric/aupr_in_openood_auc,OOD-2,primary,up,id_train,id_test_vs_tin,detector_declared,detector/vim_author_dim,tin,near,,,,17793,C3,sgd,0.1,0.0,0.948232970929825,0,da7cd6870e394035903bb506e00afdb6427eb414b4b6a0eaf52be250918dc7fb,200
metric_contract_v1.2,c38b09694be88aa74de0741b39e9d3ba0d6ff61a,,,f315d560c588b29298c6e3749f644634c09a1f3187eeea25d98e941c498f6242,last,ood_metric/aupr_in_openood_auc,OOD-2,primary,up,id_train,id_test_vs_tin,detector_declared,detector/vim_dim128,tin,near,,,,17793,C3,sgd,0.1,0.0,0.9481975838662038,0,da7cd6870e394035903bb506e00afdb6427eb414b4b6a0eaf52be250918dc7fb,200
metric_contract_v1.2,c38b09694be88aa74de0741b39e9d3ba0d6ff61a,,,f315d560c588b29298c6e3749f644634c09a1f3187eeea25d98e941c498f6242,last,ood_metric/aupr_in_openood_auc,OOD-2,primary,up,id_train,id_test_vs_tin,detector_declared,detector/vim_dim256,tin,near,,,,17793,C3,sgd,0.1,0.0,0.9484774612149093,0,da7cd6870e394035903bb506e00afdb6427eb414b4b6a0eaf52be250918dc7fb,200
metric_contract_v1.2,c38b09694be88aa74de0741b39e9d3ba0d6ff61a,,,f315d560c588b29298c6e3749f644634c09a1f3187eeea25d98e941c498f6242,last,ood_metric/aupr_in_openood_auc,OOD-2,primary,up,id_train,id_test_vs_tin,detector_declared,detector/vim_dim320,tin,near,,,,17793,C3,sgd,0.1,0.0,0.948232970929825,0,da7cd6870e394035903bb506e00afdb6427eb414b4b6a0eaf52be250918dc7fb,200
metric_contract_v1.2,c38b09694be88aa74de0741b39e9d3ba0d6ff61a,,,f315d560c588b29298c6e3749f644634c09a1f3187eeea25d98e941c498f6242,last,ood_metric/aupr_in_openood_auc,OOD-2,primary,up,id_train,id_test_vs_tin,detector_declared,detector/vim_dim64,tin,near,,,,17793,C3,sgd,0.1,0.0,0.9471136266918028,0,da7cd6870e394035903bb506e00afdb6427eb414b4b6a0eaf52be250918dc7fb,200
metric_contract_v1.2,c38b09694be88aa74de0741b39e9d3ba0d6ff61a,,,f315d560c588b29298c6e3749f644634c09a1f3187eeea25d98e941c498f6242,last,ood_metric/aupr_in_openood_auc,OOD-2,primary,up,id_train,id_test_vs_tin,detector_declared,detector/weight_cosine_appendix,tin,near,,,,17793,C3,sgd,0.1,0.0,0.9424121280532094,0,da7cd6870e394035903bb506e00afdb6427eb414b4b6a0eaf52be250918dc7fb,200
metric_contract_v1.2,c38b09694be88aa74de0741b39e9d3ba0d6ff61a,,,f315d560c588b29298c6e3749f644634c09a1f3187eeea25d98e941c498f6242,last,ood_metric/aupr_in_openood_auc,OOD-2,primary,up,,id_test_vs_tin,detector_declared,ood_score/energy_t1,tin,near,,,,17793,C3,sgd,0.1,0.0,0.9479971420419728,0,da7cd6870e394035903bb506e00afdb6427eb414b4b6a0eaf52be250918dc7fb,200
metric_contract_v1.2,c38b09694be88aa74de0741b39e9d3ba0d6ff61a,,,f315d560c588b29298c6e3749f644634c09a1f3187eeea25d98e941c498f6242,last,ood_metric/aupr_in_openood_auc,OOD-2,primary,up,,id_test_vs_tin,detector_declared,ood_score/max_logit,tin,near,,,,17793,C3,sgd,0.1,0.0,0.9479259547998449,0,da7cd6870e394035903bb506e00afdb6427eb414b4b6a0eaf52be250918dc7fb,200
metric_contract_v1.2,c38b09694be88aa74de0741b39e9d3ba0d6ff61a,,,f315d560c588b29298c6e3749f644634c09a1f3187eeea25d98e941c498f6242,last,ood_metric/aupr_in_openood_auc,OOD-2,primary,up,,id_test_vs_tin,detector_declared,ood_score/msp,tin,near,,,,17793,C3,sgd,0.1,0.0,0.9323780659657075,0,da7cd6870e394035903bb506e00afdb6427eb414b4b6a0eaf52be250918dc7fb,200
metric_contract_v1.2,c38b09694be88aa74de0741b39e9d3ba0d6ff61a,,,f315d560c588b29298c6e3749f644634c09a1f3187eeea25d98e941c498f6242,last,ood_metric/aupr_out_openood_auc,OOD-3,primary,up,id_train,id_test_vs_tin,detector_declared,detector/ctm_prototype_cosine,tin,near,,,,17793,C3,sgd,0.1,0.0,0.8733711464787051,0,da7cd6870e394035903bb506e00afdb6427eb414b4b6a0eaf52be250918dc7fb,200
metric_contract_v1.2,c38b09694be88aa74de0741b39e9d3ba0d6ff61a,,,f315d560c588b29298c6e3749f644634c09a1f3187eeea25d98e941c498f6242,last,ood_metric/aupr_out_openood_auc,OOD-3,primary,up,id_train,id_test_vs_tin,detector_declared,detector/gda_class_density,tin,near,,,,17793,C3,sgd,0.1,0.0,0.79129770116597,0,da7cd6870e394035903bb506e00afdb6427eb414b4b6a0eaf52be250918dc7fb,200
metric_contract_v1.2,c38b09694be88aa74de0741b39e9d3ba0d6ff61a,,,f315d560c588b29298c6e3749f644634c09a1f3187eeea25d98e941c498f6242,last,ood_metric/aupr_out_openood_auc,OOD-3,primary,up,id_train,id_test_vs_tin,detector_declared,detector/knn_l2_k50,tin,near,,,,17793,C3,sgd,0.1,0.0,0.8912488419515019,0,da7cd6870e394035903bb506e00afdb6427eb414b4b6a0eaf52be250918dc7fb,200
metric_contract_v1.2,c38b09694be88aa74de0741b39e9d3ba0d6ff61a,,,f315d560c588b29298c6e3749f644634c09a1f3187eeea25d98e941c498f6242,last,ood_metric/aupr_out_openood_auc,OOD-3,primary,up,id_train,id_test_vs_tin,detector_declared,detector/mahalanobis_pp,tin,near,,,,17793,C3,sgd,0.1,0.0,0.8729478338874701,0,da7cd6870e394035903bb506e00afdb6427eb414b4b6a0eaf52be250918dc7fb,200
metric_contract_v1.2,c38b09694be88aa74de0741b39e9d3ba0d6ff61a,,,f315d560c588b29298c6e3749f644634c09a1f3187eeea25d98e941c498f6242,last,ood_metric/aupr_out_openood_auc,OOD-3,primary,up,id_train,id_test_vs_tin,detector_declared,detector/mahalanobis_raw,tin,near,,,,17793,C3,sgd,0.1,0.0,0.5273029065211334,0,da7cd6870e394035903bb506e00afdb6427eb414b4b6a0eaf52be250918dc7fb,200
metric_contract_v1.2,c38b09694be88aa74de0741b39e9d3ba0d6ff61a,,,f315d560c588b29298c6e3749f644634c09a1f3187eeea25d98e941c498f6242,last,ood_metric/aupr_out_openood_auc,OOD-3,primary,up,id_train,id_test_vs_tin,detector_declared,detector/marginal_mahalanobis_raw,tin,near,,,,17793,C3,sgd,0.1,0.0,0.47087735037034284,0,da7cd6870e394035903bb506e00afdb6427eb414b4b6a0eaf52be250918dc7fb,200
metric_contract_v1.2,c38b09694be88aa74de0741b39e9d3ba0d6ff61a,,,f315d560c588b29298c6e3749f644634c09a1f3187eeea25d98e941c498f6242,last,ood_metric/aupr_out_openood_auc,OOD-3,primary,up,id_train,id_test_vs_tin,detector_declared,detector/ncp_euclidean_raw,tin,near,,,,17793,C3,sgd,0.1,0.0,0.7232597606736029,0,da7cd6870e394035903bb506e00afdb6427eb414b4b6a0eaf52be250918dc7fb,200
metric_contract_v1.2,c38b09694be88aa74de0741b39e9d3ba0d6ff61a,,,f315d560c588b29298c6e3749f644634c09a1f3187eeea25d98e941c498f6242,last,ood_metric/aupr_out_openood_auc,OOD-3,primary,up,id_train,id_test_vs_tin,detector_declared,detector/neco_author_std_dim100,tin,near,,,,17793,C3,sgd,0.1,0.0,0.7868646226796084,0,da7cd6870e394035903bb506e00afdb6427eb414b4b6a0eaf52be250918dc7fb,200
metric_contract_v1.2,c38b09694be88aa74de0741b39e9d3ba0d6ff61a,,,f315d560c588b29298c6e3749f644634c09a1f3187eeea25d98e941c498f6242,last,ood_metric/aupr_out_openood_auc,OOD-3,primary,up,id_train,id_test_vs_tin,detector_declared,detector/relative_mahalanobis_pp,tin,near,,,,17793,C3,sgd,0.1,0.0,0.8537618994448629,0,da7cd6870e394035903bb506e00afdb6427eb414b4b6a0eaf52be250918dc7fb,200
metric_contract_v1.2,c38b09694be88aa74de0741b39e9d3ba0d6ff61a,,,f315d560c588b29298c6e3749f644634c09a1f3187eeea25d98e941c498f6242,last,ood_metric/aupr_out_openood_auc,OOD-3,primary,up,id_train,id_test_vs_tin,detector_declared,detector/relative_mahalanobis_raw,tin,near,,,,17793,C3,sgd,0.1,0.0,0.8615715171015893,0,da7cd6870e394035903bb506e00afdb6427eb414b4b6a0eaf52be250918dc7fb,200
metric_contract_v1.2,c38b09694be88aa74de0741b39e9d3ba0d6ff61a,,,f315d560c588b29298c6e3749f644634c09a1f3187eeea25d98e941c498f6242,last,ood_metric/aupr_out_openood_auc,OOD-3,primary,up,id_train,id_test_vs_tin,detector_declared,detector/vim_author_dim,tin,near,,,,17793,C3,sgd,0.1,0.0,0.8935136776014554,0,da7cd6870e394035903bb506e00afdb6427eb414b4b6a0eaf52be250918dc7fb,200
metric_contract_v1.2,c38b09694be88aa74de0741b39e9d3ba0d6ff61a,,,f315d560c588b29298c6e3749f644634c09a1f3187eeea25d98e941c498f6242,last,ood_metric/aupr_out_openood_auc,OOD-3,primary,up,id_train,id_test_vs_tin,detector_declared,detector/vim_dim128,tin,near,,,,17793,C3,sgd,0.1,0.0,0.8941688807625434,0,da7cd6870e394035903bb506e00afdb6427eb414b4b6a0eaf52be250918dc7fb,200
metric_contract_v1.2,c38b09694be88aa74de0741b39e9d3ba0d6ff61a,,,f315d560c588b29298c6e3749f644634c09a1f3187eeea25d98e941c498f6242,last,ood_metric/aupr_out_openood_auc,OOD-3,primary,up,id_train,id_test_vs_tin,detector_declared,detector/vim_dim256,tin,near,,,,17793,C3,sgd,0.1,0.0,0.8935976360021144,0,da7cd6870e394035903bb506e00afdb6427eb414b4b6a0eaf52be250918dc7fb,200
metric_contract_v1.2,c38b09694be88aa74de0741b39e9d3ba0d6ff61a,,,f315d560c588b29298c6e3749f644634c09a1f3187eeea25d98e941c498f6242,last,ood_metric/aupr_out_openood_auc,OOD-3,primary,up,id_train,id_test_vs_tin,detector_declared,detector/vim_dim320,tin,near,,,,17793,C3,sgd,0.1,0.0,0.8935136776014554,0,da7cd6870e394035903bb506e00afdb6427eb414b4b6a0eaf52be250918dc7fb,200
metric_contract_v1.2,c38b09694be88aa74de0741b39e9d3ba0d6ff61a,,,f315d560c588b29298c6e3749f644634c09a1f3187eeea25d98e941c498f6242,last,ood_metric/aupr_out_openood_auc,OOD-3,primary,up,id_train,id_test_vs_tin,detector_declared,detector/vim_dim64,tin,near,,,,17793,C3,sgd,0.1,0.0,0.8922819923641574,0,da7cd6870e394035903bb506e00afdb6427eb414b4b6a0eaf52be250918dc7fb,200
metric_contract_v1.2,c38b09694be88aa74de0741b39e9d3ba0d6ff61a,,,f315d560c588b29298c6e3749f644634c09a1f3187eeea25d98e941c498f6242,last,ood_metric/aupr_out_openood_auc,OOD-3,primary,up,id_train,id_test_vs_tin,detector_declared,detector/weight_cosine_appendix,tin,near,,,,17793,C3,sgd,0.1,0.0,0.8843207657023754,0,da7cd6870e394035903bb506e00afdb6427eb414b4b6a0eaf52be250918dc7fb,200
metric_contract_v1.2,c38b09694be88aa74de0741b39e9d3ba0d6ff61a,,,f315d560c588b29298c6e3749f644634c09a1f3187eeea25d98e941c498f6242,last,ood_metric/aupr_out_openood_auc,OOD-3,primary,up,,id_test_vs_tin,detector_declared,ood_score/energy_t1,tin,near,,,,17793,C3,sgd,0.1,0.0,0.89487218459205,0,da7cd6870e394035903bb506e00afdb6427eb414b4b6a0eaf52be250918dc7fb,200
metric_contract_v1.2,c38b09694be88aa74de0741b39e9d3ba0d6ff61a,,,f315d560c588b29298c6e3749f644634c09a1f3187eeea25d98e941c498f6242,last,ood_metric/aupr_out_openood_auc,OOD-3,primary,up,,id_test_vs_tin,detector_declared,ood_score/max_logit,tin,near,,,,17793,C3,sgd,0.1,0.0,0.8943442355702015,0,da7cd6870e394035903bb506e00afdb6427eb414b4b6a0eaf52be250918dc7fb,200
metric_contract_v1.2,c38b09694be88aa74de0741b39e9d3ba0d6ff61a,,,f315d560c588b29298c6e3749f644634c09a1f3187eeea25d98e941c498f6242,last,ood_metric/aupr_out_openood_auc,OOD-3,primary,up,,id_test_vs_tin,detector_declared,ood_score/msp,tin,near,,,,17793,C3,sgd,0.1,0.0,0.8334837555246413,0,da7cd6870e394035903bb506e00afdb6427eb414b4b6a0eaf52be250918dc7fb,200
metric_contract_v1.2,c38b09694be88aa74de0741b39e9d3ba0d6ff61a,,,f315d560c588b29298c6e3749f644634c09a1f3187eeea25d98e941c498f6242,last,ood_metric/auroc_id_positive,OOD-1,primary,up,id_train,id_test_vs_tin,detector_declared,detector/ctm_prototype_cosine,tin,near,,,,17793,C3,sgd,0.1,0.0,0.9090353265751316,0,da7cd6870e394035903bb506e00afdb6427eb414b4b6a0eaf52be250918dc7fb,200
metric_contract_v1.2,c38b09694be88aa74de0741b39e9d3ba0d6ff61a,,,f315d560c588b29298c6e3749f644634c09a1f3187eeea25d98e941c498f6242,last,ood_metric/auroc_id_positive,OOD-1,primary,up,id_train,id_test_vs_tin,detector_declared,detector/gda_class_density,tin,near,,,,17793,C3,sgd,0.1,0.0,0.8522453868856666,0,da7cd6870e394035903bb506e00afdb6427eb414b4b6a0eaf52be250918dc7fb,200
metric_contract_v1.2,c38b09694be88aa74de0741b39e9d3ba0d6ff61a,,,f315d560c588b29298c6e3749f644634c09a1f3187eeea25d98e941c498f6242,last,ood_metric/auroc_id_positive,OOD-1,primary,up,id_train,id_test_vs_tin,detector_declared,detector/knn_l2_k50,tin,near,,,,17793,C3,sgd,0.1,0.0,0.9228225073784166,0,da7cd6870e394035903bb506e00afdb6427eb414b4b6a0eaf52be250918dc7fb,200
metric_contract_v1.2,c38b09694be88aa74de0741b39e9d3ba0d6ff61a,,,f315d560c588b29298c6e3749f644634c09a1f3187eeea25d98e941c498f6242,last,ood_metric/auroc_id_positive,OOD-1,primary,up,id_train,id_test_vs_tin,detector_declared,detector/mahalanobis_pp,tin,near,,,,17793,C3,sgd,0.1,0.0,0.9099853458231747,0,da7cd6870e394035903bb506e00afdb6427eb414b4b6a0eaf52be250918dc7fb,200
metric_contract_v1.2,c38b09694be88aa74de0741b39e9d3ba0d6ff61a,,,f315d560c588b29298c6e3749f644634c09a1f3187eeea25d98e941c498f6242,last,ood_metric/auroc_id_positive,OOD-1,primary,up,id_train,id_test_vs_tin,detector_declared,detector/mahalanobis_raw,tin,near,,,,17793,C3,sgd,0.1,0.0,0.5847880918773257,0,da7cd6870e394035903bb506e00afdb6427eb414b4b6a0eaf52be250918dc7fb,200
metric_contract_v1.2,c38b09694be88aa74de0741b39e9d3ba0d6ff61a,,,f315d560c588b29298c6e3749f644634c09a1f3187eeea25d98e941c498f6242,last,ood_metric/auroc_id_positive,OOD-1,primary,up,id_train,id_test_vs_tin,detector_declared,detector/marginal_mahalanobis_raw,tin,near,,,,17793,C3,sgd,0.1,0.0,0.5085633517259078,0,da7cd6870e394035903bb506e00afdb6427eb414b4b6a0eaf52be250918dc7fb,200
metric_contract_v1.2,c38b09694be88aa74de0741b39e9d3ba0d6ff61a,,,f315d560c588b29298c6e3749f644634c09a1f3187eeea25d98e941c498f6242,last,ood_metric/auroc_id_positive,OOD-1,primary,up,id_train,id_test_vs_tin,detector_declared,detector/ncp_euclidean_raw,tin,near,,,,17793,C3,sgd,0.1,0.0,0.8204099576543051,0,da7cd6870e394035903bb506e00afdb6427eb414b4b6a0eaf52be250918dc7fb,200
metric_contract_v1.2,c38b09694be88aa74de0741b39e9d3ba0d6ff61a,,,f315d560c588b29298c6e3749f644634c09a1f3187eeea25d98e941c498f6242,last,ood_metric/auroc_id_positive,OOD-1,primary,up,id_train,id_test_vs_tin,detector_declared,detector/neco_author_std_dim100,tin,near,,,,17793,C3,sgd,0.1,0.0,0.854191184396253,0,da7cd6870e394035903bb506e00afdb6427eb414b4b6a0eaf52be250918dc7fb,200
metric_contract_v1.2,c38b09694be88aa74de0741b39e9d3ba0d6ff61a,,,f315d560c588b29298c6e3749f644634c09a1f3187eeea25d98e941c498f6242,last,ood_metric/auroc_id_positive,OOD-1,primary,up,id_train,id_test_vs_tin,detector_declared,detector/relative_mahalanobis_pp,tin,near,,,,17793,C3,sgd,0.1,0.0,0.9012893109200565,0,da7cd6870e394035903bb506e00afdb6427eb414b4b6a0eaf52be250918dc7fb,200
metric_contract_v1.2,c38b09694be88aa74de0741b39e9d3ba0d6ff61a,,,f315d560c588b29298c6e3749f644634c09a1f3187eeea25d98e941c498f6242,last,ood_metric/auroc_id_positive,OOD-1,primary,up,id_train,id_test_vs_tin,detector_declared,detector/relative_mahalanobis_raw,tin,near,,,,17793,C3,sgd,0.1,0.0,0.9067468625689722,0,da7cd6870e394035903bb506e00afdb6427eb414b4b6a0eaf52be250918dc7fb,200
metric_contract_v1.2,c38b09694be88aa74de0741b39e9d3ba0d6ff61a,,,f315d560c588b29298c6e3749f644634c09a1f3187eeea25d98e941c498f6242,last,ood_metric/auroc_id_positive,OOD-1,primary,up,id_train,id_test_vs_tin,detector_declared,detector/vim_author_dim,tin,near,,,,17793,C3,sgd,0.1,0.0,0.9270375465161041,0,da7cd6870e394035903bb506e00afdb6427eb414b4b6a0eaf52be250918dc7fb,200
metric_contract_v1.2,c38b09694be88aa74de0741b39e9d3ba0d6ff61a,,,f315d560c588b29298c6e3749f644634c09a1f3187eeea25d98e941c498f6242,last,ood_metric/auroc_id_positive,OOD-1,primary,up,id_train,id_test_vs_tin,detector_declared,detector/vim_dim128,tin,near,,,,17793,C3,sgd,0.1,0.0,0.9272156037469524,0,da7cd6870e394035903bb506e00afdb6427eb414b4b6a0eaf52be250918dc7fb,200
metric_contract_v1.2,c38b09694be88aa74de0741b39e9d3ba0d6ff61a,,,f315d560c588b29298c6e3749f644634c09a1f3187eeea25d98e941c498f6242,last,ood_metric/auroc_id_positive,OOD-1,primary,up,id_train,id_test_vs_tin,detector_declared,detector/vim_dim256,tin,near,,,,17793,C3,sgd,0.1,0.0,0.9274599384062621,0,da7cd6870e394035903bb506e00afdb6427eb414b4b6a0eaf52be250918dc7fb,200
metric_contract_v1.2,c38b09694be88aa74de0741b39e9d3ba0d6ff61a,,,f315d560c588b29298c6e3749f644634c09a1f3187eeea25d98e941c498f6242,last,ood_metric/auroc_id_positive,OOD-1,primary,up,id_train,id_test_vs_tin,detector_declared,detector/vim_dim320,tin,near,,,,17793,C3,sgd,0.1,0.0,0.9270375465161041,0,da7cd6870e394035903bb506e00afdb6427eb414b4b6a0eaf52be250918dc7fb,200
metric_contract_v1.2,c38b09694be88aa74de0741b39e9d3ba0d6ff61a,,,f315d560c588b29298c6e3749f644634c09a1f3187eeea25d98e941c498f6242,last,ood_metric/auroc_id_positive,OOD-1,primary,up,id_train,id_test_vs_tin,detector_declared,detector/vim_dim64,tin,near,,,,17793,C3,sgd,0.1,0.0,0.9257650198896445,0,da7cd6870e394035903bb506e00afdb6427eb414b4b6a0eaf52be250918dc7fb,200
metric_contract_v1.2,c38b09694be88aa74de0741b39e9d3ba0d6ff61a,,,f315d560c588b29298c6e3749f644634c09a1f3187eeea25d98e941c498f6242,last,ood_metric/auroc_id_positive,OOD-1,primary,up,id_train,id_test_vs_tin,detector_declared,detector/weight_cosine_appendix,tin,near,,,,17793,C3,sgd,0.1,0.0,0.9208307840369563,0,da7cd6870e394035903bb506e00afdb6427eb414b4b6a0eaf52be250918dc7fb,200
metric_contract_v1.2,c38b09694be88aa74de0741b39e9d3ba0d6ff61a,,,f315d560c588b29298c6e3749f644634c09a1f3187eeea25d98e941c498f6242,last,ood_metric/auroc_id_positive,OOD-1,primary,up,,id_test_vs_tin,detector_declared,ood_score/energy_t1,tin,near,,,,17793,C3,sgd,0.1,0.0,0.9276064288464008,0,da7cd6870e394035903bb506e00afdb6427eb414b4b6a0eaf52be250918dc7fb,200
metric_contract_v1.2,c38b09694be88aa74de0741b39e9d3ba0d6ff61a,,,f315d560c588b29298c6e3749f644634c09a1f3187eeea25d98e941c498f6242,last,ood_metric/auroc_id_positive,OOD-1,primary,up,,id_test_vs_tin,detector_declared,ood_score/max_logit,tin,near,,,,17793,C3,sgd,0.1,0.0,0.9274375465161041,0,da7cd6870e394035903bb506e00afdb6427eb414b4b6a0eaf52be250918dc7fb,200
metric_contract_v1.2,c38b09694be88aa74de0741b39e9d3ba0d6ff61a,,,f315d560c588b29298c6e3749f644634c09a1f3187eeea25d98e941c498f6242,last,ood_metric/auroc_id_positive,OOD-1,primary,up,,id_test_vs_tin,detector_declared,ood_score/msp,tin,near,,,,17793,C3,sgd,0.1,0.0,0.899007179520082,0,da7cd6870e394035903bb506e00afdb6427eb414b4b6a0eaf52be250918dc7fb,200
metric_contract_v1.2,c38b09694be88aa74de0741b39e9d3ba0d6ff61a,,,f315d560c588b29298c6e3749f644634c09a1f3187eeea25d98e941c498f6242,last,ood_metric/fpr95_achieved_id_tpr,OOD-4,appendix,descriptive,id_train,id_test_vs_tin,detector_declared,detector/ctm_prototype_cosine,tin,near,,,,17793,C3,sgd,0.1,0.0,0.95,0,da7cd6870e394035903bb506e00afdb6427eb414b4b6a0eaf52be250918dc7fb,200
metric_contract_v1.2,c38b09694be88aa74de0741b39e9d3ba0d6ff61a,,,f315d560c588b29298c6e3749f644634c09a1f3187eeea25d98e941c498f6242,last,ood_metric/fpr95_achieved_id_tpr,OOD-4,appendix,descriptive,id_train,id_test_vs_tin,detector_declared,detector/gda_class_density,tin,near,,,,17793,C3,sgd,0.1,0.0,0.95,0,da7cd6870e394035903bb506e00afdb6427eb414b4b6a0eaf52be250918dc7fb,200
metric_contract_v1.2,c38b09694be88aa74de0741b39e9d3ba0d6ff61a,,,f315d560c588b29298c6e3749f644634c09a1f3187eeea25d98e941c498f6242,last,ood_metric/fpr95_achieved_id_tpr,OOD-4,appendix,descriptive,id_train,id_test_vs_tin,detector_declared,detector/knn_l2_k50,tin,near,,,,17793,C3,sgd,0.1,0.0,0.95,0,da7cd6870e394035903bb506e00afdb6427eb414b4b6a0eaf52be250918dc7fb,200
metric_contract_v1.2,c38b09694be88aa74de0741b39e9d3ba0d6ff61a,,,f315d560c588b29298c6e3749f644634c09a1f3187eeea25d98e941c498f6242,last,ood_metric/fpr95_achieved_id_tpr,OOD-4,appendix,descriptive,id_train,id_test_vs_tin,detector_declared,detector/mahalanobis_pp,tin,near,,,,17793,C3,sgd,0.1,0.0,0.95,0,da7cd6870e394035903bb506e00afdb6427eb414b4b6a0eaf52be250918dc7fb,200
metric_contract_v1.2,c38b09694be88aa74de0741b39e9d3ba0d6ff61a,,,f315d560c588b29298c6e3749f644634c09a1f3187eeea25d98e941c498f6242,last,ood_metric/fpr95_achieved_id_tpr,OOD-4,appendix,descriptive,id_train,id_test_vs_tin,detector_declared,detector/mahalanobis_raw,tin,near,,,,17793,C3,sgd,0.1,0.0,0.95,0,da7cd6870e394035903bb506e00afdb6427eb414b4b6a0eaf52be250918dc7fb,200
metric_contract_v1.2,c38b09694be88aa74de0741b39e9d3ba0d6ff61a,,,f315d560c588b29298c6e3749f644634c09a1f3187eeea25d98e941c498f6242,last,ood_metric/fpr95_achieved_id_tpr,OOD-4,appendix,descriptive,id_train,id_test_vs_tin,detector_declared,detector/marginal_mahalanobis_raw,tin,near,,,,17793,C3,sgd,0.1,0.0,0.95,0,da7cd6870e394035903bb506e00afdb6427eb414b4b6a0eaf52be250918dc7fb,200
metric_contract_v1.2,c38b09694be88aa74de0741b39e9d3ba0d6ff61a,,,f315d560c588b29298c6e3749f644634c09a1f3187eeea25d98e941c498f6242,last,ood_metric/fpr95_achieved_id_tpr,OOD-4,appendix,descriptive,id_train,id_test_vs_tin,detector_declared,detector/ncp_euclidean_raw,tin,near,,,,17793,C3,sgd,0.1,0.0,0.95,0,da7cd6870e394035903bb506e00afdb6427eb414b4b6a0eaf52be250918dc7fb,200
metric_contract_v1.2,c38b09694be88aa74de0741b39e9d3ba0d6ff61a,,,f315d560c588b29298c6e3749f644634c09a1f3187eeea25d98e941c498f6242,last,ood_metric/fpr95_achieved_id_tpr,OOD-4,appendix,descriptive,id_train,id_test_vs_tin,detector_declared,detector/neco_author_std_dim100,tin,near,,,,17793,C3,sgd,0.1,0.0,0.95,0,da7cd6870e394035903bb506e00afdb6427eb414b4b6a0eaf52be250918dc7fb,200
metric_contract_v1.2,c38b09694be88aa74de0741b39e9d3ba0d6ff61a,,,f315d560c588b29298c6e3749f644634c09a1f3187eeea25d98e941c498f6242,last,ood_metric/fpr95_achieved_id_tpr,OOD-4,appendix,descriptive,id_train,id_test_vs_tin,detector_declared,detector/relative_mahalanobis_pp,tin,near,,,,17793,C3,sgd,0.1,0.0,0.95,0,da7cd6870e394035903bb506e00afdb6427eb414b4b6a0eaf52be250918dc7fb,200
metric_contract_v1.2,c38b09694be88aa74de0741b39e9d3ba0d6ff61a,,,f315d560c588b29298c6e3749f644634c09a1f3187eeea25d98e941c498f6242,last,ood_metric/fpr95_achieved_id_tpr,OOD-4,appendix,descriptive,id_train,id_test_vs_tin,detector_declared,detector/relative_mahalanobis_raw,tin,near,,,,17793,C3,sgd,0.1,0.0,0.95,0,da7cd6870e394035903bb506e00afdb6427eb414b4b6a0eaf52be250918dc7fb,200
metric_contract_v1.2,c38b09694be88aa74de0741b39e9d3ba0d6ff61a,,,f315d560c588b29298c6e3749f644634c09a1f3187eeea25d98e941c498f6242,last,ood_metric/fpr95_achieved_id_tpr,OOD-4,appendix,descriptive,id_train,id_test_vs_tin,detector_declared,detector/vim_author_dim,tin,near,,,,17793,C3,sgd,0.1,0.0,0.95,0,da7cd6870e394035903bb506e00afdb6427eb414b4b6a0eaf52be250918dc7fb,200
metric_contract_v1.2,c38b09694be88aa74de0741b39e9d3ba0d6ff61a,,,f315d560c588b29298c6e3749f644634c09a1f3187eeea25d98e941c498f6242,last,ood_metric/fpr95_achieved_id_tpr,OOD-4,appendix,descriptive,id_train,id_test_vs_tin,detector_declared,detector/vim_dim128,tin,near,,,,17793,C3,sgd,0.1,0.0,0.95,0,da7cd6870e394035903bb506e00afdb6427eb414b4b6a0eaf52be250918dc7fb,200
metric_contract_v1.2,c38b09694be88aa74de0741b39e9d3ba0d6ff61a,,,f315d560c588b29298c6e3749f644634c09a1f3187eeea25d98e941c498f6242,last,ood_metric/fpr95_achieved_id_tpr,OOD-4,appendix,descriptive,id_train,id_test_vs_tin,detector_declared,detector/vim_dim256,tin,near,,,,17793,C3,sgd,0.1,0.0,0.95,0,da7cd6870e394035903bb506e00afdb6427eb414b4b6a0eaf52be250918dc7fb,200
metric_contract_v1.2,c38b09694be88aa74de0741b39e9d3ba0d6ff61a,,,f315d560c588b29298c6e3749f644634c09a1f3187eeea25d98e941c498f6242,last,ood_metric/fpr95_achieved_id_tpr,OOD-4,appendix,descriptive,id_train,id_test_vs_tin,detector_declared,detector/vim_dim320,tin,near,,,,17793,C3,sgd,0.1,0.0,0.95,0,da7cd6870e394035903bb506e00afdb6427eb414b4b6a0eaf52be250918dc7fb,200
metric_contract_v1.2,c38b09694be88aa74de0741b39e9d3ba0d6ff61a,,,f315d560c588b29298c6e3749f644634c09a1f3187eeea25d98e941c498f6242,last,ood_metric/fpr95_achieved_id_tpr,OOD-4,appendix,descriptive,id_train,id_test_vs_tin,detector_declared,detector/vim_dim64,tin,near,,,,17793,C3,sgd,0.1,0.0,0.95,0,da7cd6870e394035903bb506e00afdb6427eb414b4b6a0eaf52be250918dc7fb,200
metric_contract_v1.2,c38b09694be88aa74de0741b39e9d3ba0d6ff61a,,,f315d560c588b29298c6e3749f644634c09a1f3187eeea25d98e941c498f6242,last,ood_metric/fpr95_achieved_id_tpr,OOD-4,appendix,descriptive,id_train,id_test_vs_tin,detector_declared,detector/weight_cosine_appendix,tin,near,,,,17793,C3,sgd,0.1,0.0,0.95,0,da7cd6870e394035903bb506e00afdb6427eb414b4b6a0eaf52be250918dc7fb,200
metric_contract_v1.2,c38b09694be88aa74de0741b39e9d3ba0d6ff61a,,,f315d560c588b29298c6e3749f644634c09a1f3187eeea25d98e941c498f6242,last,ood_metric/fpr95_achieved_id_tpr,OOD-4,appendix,descriptive,,id_test_vs_tin,detector_declared,ood_score/energy_t1,tin,near,,,,17793,C3,sgd,0.1,0.0,0.95,0,da7cd6870e394035903bb506e00afdb6427eb414b4b6a0eaf52be250918dc7fb,200
metric_contract_v1.2,c38b09694be88aa74de0741b39e9d3ba0d6ff61a,,,f315d560c588b29298c6e3749f644634c09a1f3187eeea25d98e941c498f6242,last,ood_metric/fpr95_achieved_id_tpr,OOD-4,appendix,descriptive,,id_test_vs_tin,detector_declared,ood_score/max_logit,tin,near,,,,17793,C3,sgd,0.1,0.0,0.95,0,da7cd6870e394035903bb506e00afdb6427eb414b4b6a0eaf52be250918dc7fb,200
metric_contract_v1.2,c38b09694be88aa74de0741b39e9d3ba0d6ff61a,,,f315d560c588b29298c6e3749f644634c09a1f3187eeea25d98e941c498f6242,last,ood_metric/fpr95_achieved_id_tpr,OOD-4,appendix,descriptive,,id_test_vs_tin,detector_declared,ood_score/msp,tin,near,,,,17793,C3,sgd,0.1,0.0,0.95,0,da7cd6870e394035903bb506e00afdb6427eb414b4b6a0eaf52be250918dc7fb,200
metric_contract_v1.2,c38b09694be88aa74de0741b39e9d3ba0d6ff61a,,,f315d560c588b29298c6e3749f644634c09a1f3187eeea25d98e941c498f6242,last,ood_metric/fpr95_id_tpr,OOD-4,primary,down,id_train,id_test_vs_tin,detector_declared,detector/ctm_prototype_cosine,tin,near,,,,17793,C3,sgd,0.1,0.0,0.4882586936994739,0,da7cd6870e394035903bb506e00afdb6427eb414b4b6a0eaf52be250918dc7fb,200
metric_contract_v1.2,c38b09694be88aa74de0741b39e9d3ba0d6ff61a,,,f315d560c588b29298c6e3749f644634c09a1f3187eeea25d98e941c498f6242,last,ood_metric/fpr95_id_tpr,OOD-4,primary,down,id_train,id_test_vs_tin,detector_declared,detector/gda_class_density,tin,near,,,,17793,C3,sgd,0.1,0.0,0.6688053381239574,0,da7cd6870e394035903bb506e00afdb6427eb414b4b6a0eaf52be250918dc7fb,200
metric_contract_v1.2,c38b09694be88aa74de0741b39e9d3ba0d6ff61a,,,f315d560c588b29298c6e3749f644634c09a1f3187eeea25d98e941c498f6242,last,ood_metric/fpr95_id_tpr,OOD-4,primary,down,id_train,id_test_vs_tin,detector_declared,detector/knn_l2_k50,tin,near,,,,17793,C3,sgd,0.1,0.0,0.4271782368792506,0,da7cd6870e394035903bb506e00afdb6427eb414b4b6a0eaf52be250918dc7fb,200
metric_contract_v1.2,c38b09694be88aa74de0741b39e9d3ba0d6ff61a,,,f315d560c588b29298c6e3749f644634c09a1f3187eeea25d98e941c498f6242,last,ood_metric/fpr95_id_tpr,OOD-4,primary,down,id_train,id_test_vs_tin,detector_declared,detector/mahalanobis_pp,tin,near,,,,17793,C3,sgd,0.1,0.0,0.49493134864622096,0,da7cd6870e394035903bb506e00afdb6427eb414b4b6a0eaf52be250918dc7fb,200
metric_contract_v1.2,c38b09694be88aa74de0741b39e9d3ba0d6ff61a,,,f315d560c588b29298c6e3749f644634c09a1f3187eeea25d98e941c498f6242,last,ood_metric/fpr95_id_tpr,OOD-4,primary,down,id_train,id_test_vs_tin,detector_declared,detector/mahalanobis_raw,tin,near,,,,17793,C3,sgd,0.1,0.0,0.8920826382651097,0,da7cd6870e394035903bb506e00afdb6427eb414b4b6a0eaf52be250918dc7fb,200
metric_contract_v1.2,c38b09694be88aa74de0741b39e9d3ba0d6ff61a,,,f315d560c588b29298c6e3749f644634c09a1f3187eeea25d98e941c498f6242,last,ood_metric/fpr95_id_tpr,OOD-4,primary,down,id_train,id_test_vs_tin,detector_declared,detector/marginal_mahalanobis_raw,tin,near,,,,17793,C3,sgd,0.1,0.0,0.9151802900038496,0,da7cd6870e394035903bb506e00afdb6427eb414b4b6a0eaf52be250918dc7fb,200
metric_contract_v1.2,c38b09694be88aa74de0741b39e9d3ba0d6ff61a,,,f315d560c588b29298c6e3749f644634c09a1f3187eeea25d98e941c498f6242,last,ood_metric/fpr95_id_tpr,OOD-4,primary,down,id_train,id_test_vs_tin,detector_declared,detector/ncp_euclidean_raw,tin,near,,,,17793,C3,sgd,0.1,0.0,0.7558064930065443,0,da7cd6870e394035903bb506e00afdb6427eb414b4b6a0eaf52be250918dc7fb,200
metric_contract_v1.2,c38b09694be88aa74de0741b39e9d3ba0d6ff61a,,,f315d560c588b29298c6e3749f644634c09a1f3187eeea25d98e941c498f6242,last,ood_metric/fpr95_id_tpr,OOD-4,primary,down,id_train,id_test_vs_tin,detector_declared,detector/neco_author_std_dim100,tin,near,,,,17793,C3,sgd,0.1,0.0,0.6731682278968305,0,da7cd6870e394035903bb506e00afdb6427eb414b4b6a0eaf52be250918dc7fb,200
metric_contract_v1.2,c38b09694be88aa74de0741b39e9d3ba0d6ff61a,,,f315d560c588b29298c6e3749f644634c09a1f3187eeea25d98e941c498f6242,last,ood_metric/fpr95_id_tpr,OOD-4,primary,down,id_train,id_test_vs_tin,detector_declared,detector/relative_mahalanobis_pp,tin,near,,,,17793,C3,sgd,0.1,0.0,0.5408700115488259,0,da7cd6870e394035903bb506e00afdb6427eb414b4b6a0eaf52be250918dc7fb,200
metric_contract_v1.2,c38b09694be88aa74de0741b39e9d3ba0d6ff61a,,,f315d560c588b29298c6e3749f644634c09a1f3187eeea25d98e941c498f6242,last,ood_metric/fpr95_id_tpr,OOD-4,primary,down,id_train,id_test_vs_tin,detector_declared,detector/relative_mahalanobis_raw,tin,near,,,,17793,C3,sgd,0.1,0.0,0.5016040035929681,0,da7cd6870e394035903bb506e00afdb6427eb414b4b6a0eaf52be250918dc7fb,200
metric_contract_v1.2,c38b09694be88aa74de0741b39e9d3ba0d6ff61a,,,f315d560c588b29298c6e3749f644634c09a1f3187eeea25d98e941c498f6242,last,ood_metric/fpr95_id_tpr,OOD-4,primary,down,id_train,id_test_vs_tin,detector_declared,detector/vim_author_dim,tin,near,,,,17793,C3,sgd,0.1,0.0,0.4157577312973181,0,da7cd6870e394035903bb506e00afdb6427eb414b4b6a0eaf52be250918dc7fb,200
metric_contract_v1.2,c38b09694be88aa74de0741b39e9d3ba0d6ff61a,,,f315d560c588b29298c6e3749f644634c09a1f3187eeea25d98e941c498f6242,last,ood_metric/fpr95_id_tpr,OOD-4,primary,down,id_train,id_test_vs_tin,detector_declared,detector/vim_dim128,tin,near,,,,17793,C3,sgd,0.1,0.0,0.42563839343000126,0,da7cd6870e394035903bb506e00afdb6427eb414b4b6a0eaf52be250918dc7fb,200
metric_contract_v1.2,c38b09694be88aa74de0741b39e9d3ba0d6ff61a,,,f315d560c588b29298c6e3749f644634c09a1f3187eeea25d98e941c498f6242,last,ood_metric/fpr95_id_tpr,OOD-4,primary,down,id_train,id_test_vs_tin,detector_declared,detector/vim_dim256,tin,near,,,,17793,C3,sgd,0.1,0.0,0.4107532400872578,0,da7cd6870e394035903bb506e00afdb6427eb414b4b6a0eaf52be250918dc7fb,200
metric_contract_v1.2,c38b09694be88aa74de0741b39e9d3ba0d6ff61a,,,f315d560c588b29298c6e3749f644634c09a1f3187eeea25d98e941c498f6242,last,ood_metric/fpr95_id_tpr,OOD-4,primary,down,id_train,id_test_vs_tin,detector_declared,detector/vim_dim320,tin,near,,,,17793,C3,sgd,0.1,0.0,0.4157577312973181,0,da7cd6870e394035903bb506e00afdb6427eb414b4b6a0eaf52be250918dc7fb,200
metric_contract_v1.2,c38b09694be88aa74de0741b39e9d3ba0d6ff61a,,,f315d560c588b29298c6e3749f644634c09a1f3187eeea25d98e941c498f6242,last,ood_metric/fpr95_id_tpr,OOD-4,primary,down,id_train,id_test_vs_tin,detector_declared,detector/vim_dim64,tin,near,,,,17793,C3,sgd,0.1,0.0,0.42602335429231364,0,da7cd6870e394035903bb506e00afdb6427eb414b4b6a0eaf52be250918dc7fb,200
metric_contract_v1.2,c38b09694be88aa74de0741b39e9d3ba0d6ff61a,,,f315d560c588b29298c6e3749f644634c09a1f3187eeea25d98e941c498f6242,last,ood_metric/fpr95_id_tpr,OOD-4,primary,down,id_train,id_test_vs_tin,detector_declared,detector/weight_cosine_appendix,tin,near,,,,17793,C3,sgd,0.1,0.0,0.44347491338380596,0,da7cd6870e394035903bb506e00afdb6427eb414b4b6a0eaf52be250918dc7fb,200
metric_contract_v1.2,c38b09694be88aa74de0741b39e9d3ba0d6ff61a,,,f315d560c588b29298c6e3749f644634c09a1f3187eeea25d98e941c498f6242,last,ood_metric/fpr95_id_tpr,OOD-4,primary,down,,id_test_vs_tin,detector_declared,ood_score/energy_t1,tin,near,,,,17793,C3,sgd,0.1,0.0,0.4089567560631336,0,da7cd6870e394035903bb506e00afdb6427eb414b4b6a0eaf52be250918dc7fb,200
metric_contract_v1.2,c38b09694be88aa74de0741b39e9d3ba0d6ff61a,,,f315d560c588b29298c6e3749f644634c09a1f3187eeea25d98e941c498f6242,last,ood_metric/fpr95_id_tpr,OOD-4,primary,down,,id_test_vs_tin,detector_declared,ood_score/max_logit,tin,near,,,,17793,C3,sgd,0.1,0.0,0.40767355318875914,0,da7cd6870e394035903bb506e00afdb6427eb414b4b6a0eaf52be250918dc7fb,200
metric_contract_v1.2,c38b09694be88aa74de0741b39e9d3ba0d6ff61a,,,f315d560c588b29298c6e3749f644634c09a1f3187eeea25d98e941c498f6242,last,ood_metric/fpr95_id_tpr,OOD-4,primary,down,,id_test_vs_tin,detector_declared,ood_score/msp,tin,near,,,,17793,C3,sgd,0.1,0.0,0.622738354933915,0,da7cd6870e394035903bb506e00afdb6427eb414b4b6a0eaf52be250918dc7fb,200
metric_contract_v1.2,c38b09694be88aa74de0741b39e9d3ba0d6ff61a,,,f315d560c588b29298c6e3749f644634c09a1f3187eeea25d98e941c498f6242,last,ood_metric/fpr95_threshold,OOD-4,appendix,descriptive,id_train,id_test_vs_tin,detector_declared,detector/ctm_prototype_cosine,tin,near,,,,17793,C3,sgd,0.1,0.0,0.8064124138965977,0,da7cd6870e394035903bb506e00afdb6427eb414b4b6a0eaf52be250918dc7fb,200
metric_contract_v1.2,c38b09694be88aa74de0741b39e9d3ba0d6ff61a,,,f315d560c588b29298c6e3749f644634c09a1f3187eeea25d98e941c498f6242,last,ood_metric/fpr95_threshold,OOD-4,appendix,descriptive,id_train,id_test_vs_tin,detector_declared,detector/gda_class_density,tin,near,,,,17793,C3,sgd,0.1,0.0,875.2980879451612,0,da7cd6870e394035903bb506e00afdb6427eb414b4b6a0eaf52be250918dc7fb,200
metric_contract_v1.2,c38b09694be88aa74de0741b39e9d3ba0d6ff61a,,,f315d560c588b29298c6e3749f644634c09a1f3187eeea25d98e941c498f6242,last,ood_metric/fpr95_threshold,OOD-4,appendix,descriptive,id_train,id_test_vs_tin,detector_declared,detector/knn_l2_k50,tin,near,,,,17793,C3,sgd,0.1,0.0,-0.26839859423865475,0,da7cd6870e394035903bb506e00afdb6427eb414b4b6a0eaf52be250918dc7fb,200
metric_contract_v1.2,c38b09694be88aa74de0741b39e9d3ba0d6ff61a,,,f315d560c588b29298c6e3749f644634c09a1f3187eeea25d98e941c498f6242,last,ood_metric/fpr95_threshold,OOD-4,appendix,descriptive,id_train,id_test_vs_tin,detector_declared,detector/mahalanobis_pp,tin,near,,,,17793,C3,sgd,0.1,0.0,-1222.829637266297,0,da7cd6870e394035903bb506e00afdb6427eb414b4b6a0eaf52be250918dc7fb,200
metric_contract_v1.2,c38b09694be88aa74de0741b39e9d3ba0d6ff61a,,,f315d560c588b29298c6e3749f644634c09a1f3187eeea25d98e941c498f6242,last,ood_metric/fpr95_threshold,OOD-4,appendix,descriptive,id_train,id_test_vs_tin,detector_declared,detector/mahalanobis_raw,tin,near,,,,17793,C3,sgd,0.1,0.0,-886.4862456017055,0,da7cd6870e394035903bb506e00afdb6427eb414b4b6a0eaf52be250918dc7fb,200
metric_contract_v1.2,c38b09694be88aa74de0741b39e9d3ba0d6ff61a,,,f315d560c588b29298c6e3749f644634c09a1f3187eeea25d98e941c498f6242,last,ood_metric/fpr95_threshold,OOD-4,appendix,descriptive,id_train,id_test_vs_tin,detector_declared,detector/marginal_mahalanobis_raw,tin,near,,,,17793,C3,sgd,0.1,0.0,-876.4501466242298,0,da7cd6870e394035903bb506e00afdb6427eb414b4b6a0eaf52be250918dc7fb,200
metric_contract_v1.2,c38b09694be88aa74de0741b39e9d3ba0d6ff61a,,,f315d560c588b29298c6e3749f644634c09a1f3187eeea25d98e941c498f6242,last,ood_metric/fpr95_threshold,OOD-4,appendix,descriptive,id_train,id_test_vs_tin,detector_declared,detector/ncp_euclidean_raw,tin,near,,,,17793,C3,sgd,0.1,0.0,-5.5929652513609405,0,da7cd6870e394035903bb506e00afdb6427eb414b4b6a0eaf52be250918dc7fb,200
metric_contract_v1.2,c38b09694be88aa74de0741b39e9d3ba0d6ff61a,,,f315d560c588b29298c6e3749f644634c09a1f3187eeea25d98e941c498f6242,last,ood_metric/fpr95_threshold,OOD-4,appendix,descriptive,id_train,id_test_vs_tin,detector_declared,detector/neco_author_std_dim100,tin,near,,,,17793,C3,sgd,0.1,0.0,0.9701869468094865,0,da7cd6870e394035903bb506e00afdb6427eb414b4b6a0eaf52be250918dc7fb,200
metric_contract_v1.2,c38b09694be88aa74de0741b39e9d3ba0d6ff61a,,,f315d560c588b29298c6e3749f644634c09a1f3187eeea25d98e941c498f6242,last,ood_metric/fpr95_threshold,OOD-4,appendix,descriptive,id_train,id_test_vs_tin,detector_declared,detector/relative_mahalanobis_pp,tin,near,,,,17793,C3,sgd,0.1,0.0,-69.9262897087724,0,da7cd6870e394035903bb506e00afdb6427eb414b4b6a0eaf52be250918dc7fb,200
metric_contract_v1.2,c38b09694be88aa74de0741b39e9d3ba0d6ff61a,,,f315d560c588b29298c6e3749f644634c09a1f3187eeea25d98e941c498f6242,last,ood_metric/fpr95_threshold,OOD-4,appendix,descriptive,id_train,id_test_vs_tin,detector_declared,detector/relative_mahalanobis_raw,tin,near,,,,17793,C3,sgd,0.1,0.0,-43.89569626147703,0,da7cd6870e394035903bb506e00afdb6427eb414b4b6a0eaf52be250918dc7fb,200
metric_contract_v1.2,c38b09694be88aa74de0741b39e9d3ba0d6ff61a,,,f315d560c588b29298c6e3749f644634c09a1f3187eeea25d98e941c498f6242,last,ood_metric/fpr95_threshold,OOD-4,appendix,descriptive,id_train,id_test_vs_tin,detector_declared,detector/vim_author_dim,tin,near,,,,17793,C3,sgd,0.1,0.0,-18.19205132249695,0,da7cd6870e394035903bb506e00afdb6427eb414b4b6a0eaf52be250918dc7fb,200
metric_contract_v1.2,c38b09694be88aa74de0741b39e9d3ba0d6ff61a,,,f315d560c588b29298c6e3749f644634c09a1f3187eeea25d98e941c498f6242,last,ood_metric/fpr95_threshold,OOD-4,appendix,descriptive,id_train,id_test_vs_tin,detector_declared,detector/vim_dim128,tin,near,,,,17793,C3,sgd,0.1,0.0,-17.56505513756911,0,da7cd6870e394035903bb506e00afdb6427eb414b4b6a0eaf52be250918dc7fb,200
metric_contract_v1.2,c38b09694be88aa74de0741b39e9d3ba0d6ff61a,,,f315d560c588b29298c6e3749f644634c09a1f3187eeea25d98e941c498f6242,last,ood_metric/fpr95_threshold,OOD-4,appendix,descriptive,id_train,id_test_vs_tin,detector_declared,detector/vim_dim256,tin,near,,,,17793,C3,sgd,0.1,0.0,-17.949530807108186,0,da7cd6870e394035903bb506e00afdb6427eb414b4b6a0eaf52be250918dc7fb,200
metric_contract_v1.2,c38b09694be88aa74de0741b39e9d3ba0d6ff61a,,,f315d560c588b29298c6e3749f644634c09a1f3187eeea25d98e941c498f6242,last,ood_metric/fpr95_threshold,OOD-4,appendix,descriptive,id_train,id_test_vs_tin,detector_declared,detector/vim_dim320,tin,near,,,,17793,C3,sgd,0.1,0.0,-18.19205132249695,0,da7cd6870e394035903bb506e00afdb6427eb414b4b6a0eaf52be250918dc7fb,200
metric_contract_v1.2,c38b09694be88aa74de0741b39e9d3ba0d6ff61a,,,f315d560c588b29298c6e3749f644634c09a1f3187eeea25d98e941c498f6242,last,ood_metric/fpr95_threshold,OOD-4,appendix,descriptive,id_train,id_test_vs_tin,detector_declared,detector/vim_dim64,tin,near,,,,17793,C3,sgd,0.1,0.0,-16.805287390353804,0,da7cd6870e394035903bb506e00afdb6427eb414b4b6a0eaf52be250918dc7fb,200
metric_contract_v1.2,c38b09694be88aa74de0741b39e9d3ba0d6ff61a,,,f315d560c588b29298c6e3749f644634c09a1f3187eeea25d98e941c498f6242,last,ood_metric/fpr95_threshold,OOD-4,appendix,descriptive,id_train,id_test_vs_tin,detector_declared,detector/weight_cosine_appendix,tin,near,,,,17793,C3,sgd,0.1,0.0,0.31452644715500316,0,da7cd6870e394035903bb506e00afdb6427eb414b4b6a0eaf52be250918dc7fb,200
metric_contract_v1.2,c38b09694be88aa74de0741b39e9d3ba0d6ff61a,,,f315d560c588b29298c6e3749f644634c09a1f3187eeea25d98e941c498f6242,last,ood_metric/fpr95_threshold,OOD-4,appendix,descriptive,,id_test_vs_tin,detector_declared,ood_score/energy_t1,tin,near,,,,17793,C3,sgd,0.1,0.0,13.60143185465897,0,da7cd6870e394035903bb506e00afdb6427eb414b4b6a0eaf52be250918dc7fb,200
metric_contract_v1.2,c38b09694be88aa74de0741b39e9d3ba0d6ff61a,,,f315d560c588b29298c6e3749f644634c09a1f3187eeea25d98e941c498f6242,last,ood_metric/fpr95_threshold,OOD-4,appendix,descriptive,,id_test_vs_tin,detector_declared,ood_score/max_logit,tin,near,,,,17793,C3,sgd,0.1,0.0,13.49616165161133,0,da7cd6870e394035903bb506e00afdb6427eb414b4b6a0eaf52be250918dc7fb,200
metric_contract_v1.2,c38b09694be88aa74de0741b39e9d3ba0d6ff61a,,,f315d560c588b29298c6e3749f644634c09a1f3187eeea25d98e941c498f6242,last,ood_metric/fpr95_threshold,OOD-4,appendix,descriptive,,id_test_vs_tin,detector_declared,ood_score/msp,tin,near,,,,17793,C3,sgd,0.1,0.0,0.9222485675524279,0,da7cd6870e394035903bb506e00afdb6427eb414b4b6a0eaf52be250918dc7fb,200
metric_contract_v1.2,c38b09694be88aa74de0741b39e9d3ba0d6ff61a,,,b701f780ad99d469949a985b0472b8d1f26be0545e531d92895b7559ca142328,last,analysis/angular_control_gap_ctm_ncp,OOD-7,exploratory,descriptive,id_train,id_test_vs_tin,paired_auroc_difference,,tin,,,,,17793,C3,adam,0.0003,0.0,0.018146836904914587,0,09442d81872d37e49f213f59d4687b6e86e375282e92a87346ad77f88c731cf0,200
metric_contract_v1.2,c38b09694be88aa74de0741b39e9d3ba0d6ff61a,,,b701f780ad99d469949a985b0472b8d1f26be0545e531d92895b7559ca142328,last,analysis/restoration_gap_mahalanobis,OOD-7,exploratory,descriptive,id_train,id_test_vs_tin,paired_auroc_difference,,tin,,,,,17793,C3,adam,0.0003,0.0,0.17102133966380084,0,09442d81872d37e49f213f59d4687b6e86e375282e92a87346ad77f88c731cf0,200
metric_contract_v1.2,c38b09694be88aa74de0741b39e9d3ba0d6ff61a,,,b701f780ad99d469949a985b0472b8d1f26be0545e531d92895b7559ca142328,last,analysis/restoration_gap_relative_mahalanobis,OOD-7,exploratory,descriptive,id_train,id_test_vs_tin,paired_auroc_difference,,tin,,,,,17793,C3,adam,0.0003,0.0,-0.004968831002181262,0,09442d81872d37e49f213f59d4687b6e86e375282e92a87346ad77f88c731cf0,200
metric_contract_v1.2,c38b09694be88aa74de0741b39e9d3ba0d6ff61a,,,b701f780ad99d469949a985b0472b8d1f26be0545e531d92895b7559ca142328,last,ood_metric/ap_in,OOD-2,appendix,up,id_train,id_test_vs_tin,detector_declared,detector/ctm_prototype_cosine,tin,near,,,,17793,C3,adam,0.0003,0.0,0.9176688910976057,0,09442d81872d37e49f213f59d4687b6e86e375282e92a87346ad77f88c731cf0,200
metric_contract_v1.2,c38b09694be88aa74de0741b39e9d3ba0d6ff61a,,,b701f780ad99d469949a985b0472b8d1f26be0545e531d92895b7559ca142328,last,ood_metric/ap_in,OOD-2,appendix,up,id_train,id_test_vs_tin,detector_declared,detector/gda_class_density,tin,near,,,,17793,C3,adam,0.0003,0.0,0.910834587222481,0,09442d81872d37e49f213f59d4687b6e86e375282e92a87346ad77f88c731cf0,200
metric_contract_v1.2,c38b09694be88aa74de0741b39e9d3ba0d6ff61a,,,b701f780ad99d469949a985b0472b8d1f26be0545e531d92895b7559ca142328,last,ood_metric/ap_in,OOD-2,appendix,up,id_train,id_test_vs_tin,detector_declared,detector/knn_l2_k50,tin,near,,,,17793,C3,adam,0.0003,0.0,0.9304453589821009,0,09442d81872d37e49f213f59d4687b6e86e375282e92a87346ad77f88c731cf0,200
metric_contract_v1.2,c38b09694be88aa74de0741b39e9d3ba0d6ff61a,,,b701f780ad99d469949a985b0472b8d1f26be0545e531d92895b7559ca142328,last,ood_metric/ap_in,OOD-2,appendix,up,id_train,id_test_vs_tin,detector_declared,detector/mahalanobis_pp,tin,near,,,,17793,C3,adam,0.0003,0.0,0.9234865944352415,0,09442d81872d37e49f213f59d4687b6e86e375282e92a87346ad77f88c731cf0,200
metric_contract_v1.2,c38b09694be88aa74de0741b39e9d3ba0d6ff61a,,,b701f780ad99d469949a985b0472b8d1f26be0545e531d92895b7559ca142328,last,ood_metric/ap_in,OOD-2,appendix,up,id_train,id_test_vs_tin,detector_declared,detector/mahalanobis_raw,tin,near,,,,17793,C3,adam,0.0003,0.0,0.7861753907625365,0,09442d81872d37e49f213f59d4687b6e86e375282e92a87346ad77f88c731cf0,200
metric_contract_v1.2,c38b09694be88aa74de0741b39e9d3ba0d6ff61a,,,b701f780ad99d469949a985b0472b8d1f26be0545e531d92895b7559ca142328,last,ood_metric/ap_in,OOD-2,appendix,up,id_train,id_test_vs_tin,detector_declared,detector/marginal_mahalanobis_raw,tin,near,,,,17793,C3,adam,0.0003,0.0,0.689994448862113,0,09442d81872d37e49f213f59d4687b6e86e375282e92a87346ad77f88c731cf0,200
metric_contract_v1.2,c38b09694be88aa74de0741b39e9d3ba0d6ff61a,,,b701f780ad99d469949a985b0472b8d1f26be0545e531d92895b7559ca142328,last,ood_metric/ap_in,OOD-2,appendix,up,id_train,id_test_vs_tin,detector_declared,detector/ncp_euclidean_raw,tin,near,,,,17793,C3,adam,0.0003,0.0,0.9005871654687171,0,09442d81872d37e49f213f59d4687b6e86e375282e92a87346ad77f88c731cf0,200
metric_contract_v1.2,c38b09694be88aa74de0741b39e9d3ba0d6ff61a,,,b701f780ad99d469949a985b0472b8d1f26be0545e531d92895b7559ca142328,last,ood_metric/ap_in,OOD-2,appendix,up,id_train,id_test_vs_tin,detector_declared,detector/neco_author_std_dim100,tin,near,,,,17793,C3,adam,0.0003,0.0,0.9244031747877772,0,09442d81872d37e49f213f59d4687b6e86e375282e92a87346ad77f88c731cf0,200
metric_contract_v1.2,c38b09694be88aa74de0741b39e9d3ba0d6ff61a,,,b701f780ad99d469949a985b0472b8d1f26be0545e531d92895b7559ca142328,last,ood_metric/ap_in,OOD-2,appendix,up,id_train,id_test_vs_tin,detector_declared,detector/relative_mahalanobis_pp,tin,near,,,,17793,C3,adam,0.0003,0.0,0.9205081213861164,0,09442d81872d37e49f213f59d4687b6e86e375282e92a87346ad77f88c731cf0,200
metric_contract_v1.2,c38b09694be88aa74de0741b39e9d3ba0d6ff61a,,,b701f780ad99d469949a985b0472b8d1f26be0545e531d92895b7559ca142328,last,ood_metric/ap_in,OOD-2,appendix,up,id_train,id_test_vs_tin,detector_declared,detector/relative_mahalanobis_raw,tin,near,,,,17793,C3,adam,0.0003,0.0,0.9218853922215159,0,09442d81872d37e49f213f59d4687b6e86e375282e92a87346ad77f88c731cf0,200
metric_contract_v1.2,c38b09694be88aa74de0741b39e9d3ba0d6ff61a,,,b701f780ad99d469949a985b0472b8d1f26be0545e531d92895b7559ca142328,last,ood_metric/ap_in,OOD-2,appendix,up,id_train,id_test_vs_tin,detector_declared,detector/vim_author_dim,tin,near,,,,17793,C3,adam,0.0003,0.0,0.9355634064956281,0,09442d81872d37e49f213f59d4687b6e86e375282e92a87346ad77f88c731cf0,200
metric_contract_v1.2,c38b09694be88aa74de0741b39e9d3ba0d6ff61a,,,b701f780ad99d469949a985b0472b8d1f26be0545e531d92895b7559ca142328,last,ood_metric/ap_in,OOD-2,appendix,up,id_train,id_test_vs_tin,detector_declared,detector/vim_dim128,tin,near,,,,17793,C3,adam,0.0003,0.0,0.9362323408386608,0,09442d81872d37e49f213f59d4687b6e86e375282e92a87346ad77f88c731cf0,200
metric_contract_v1.2,c38b09694be88aa74de0741b39e9d3ba0d6ff61a,,,b701f780ad99d469949a985b0472b8d1f26be0545e531d92895b7559ca142328,last,ood_metric/ap_in,OOD-2,appendix,up,id_train,id_test_vs_tin,detector_declared,detector/vim_dim256,tin,near,,,,17793,C3,adam,0.0003,0.0,0.9356150873741901,0,09442d81872d37e49f213f59d4687b6e86e375282e92a87346ad77f88c731cf0,200
metric_contract_v1.2,c38b09694be88aa74de0741b39e9d3ba0d6ff61a,,,b701f780ad99d469949a985b0472b8d1f26be0545e531d92895b7559ca142328,last,ood_metric/ap_in,OOD-2,appendix,up,id_train,id_test_vs_tin,detector_declared,detector/vim_dim320,tin,near,,,,17793,C3,adam,0.0003,0.0,0.9355634064956281,0,09442d81872d37e49f213f59d4687b6e86e375282e92a87346ad77f88c731cf0,200
metric_contract_v1.2,c38b09694be88aa74de0741b39e9d3ba0d6ff61a,,,b701f780ad99d469949a985b0472b8d1f26be0545e531d92895b7559ca142328,last,ood_metric/ap_in,OOD-2,appendix,up,id_train,id_test_vs_tin,detector_declared,detector/vim_dim64,tin,near,,,,17793,C3,adam,0.0003,0.0,0.9369071411405581,0,09442d81872d37e49f213f59d4687b6e86e375282e92a87346ad77f88c731cf0,200
metric_contract_v1.2,c38b09694be88aa74de0741b39e9d3ba0d6ff61a,,,b701f780ad99d469949a985b0472b8d1f26be0545e531d92895b7559ca142328,last,ood_metric/ap_in,OOD-2,appendix,up,id_train,id_test_vs_tin,detector_declared,detector/weight_cosine_appendix,tin,near,,,,17793,C3,adam,0.0003,0.0,0.9322936838932394,0,09442d81872d37e49f213f59d4687b6e86e375282e92a87346ad77f88c731cf0,200
metric_contract_v1.2,c38b09694be88aa74de0741b39e9d3ba0d6ff61a,,,b701f780ad99d469949a985b0472b8d1f26be0545e531d92895b7559ca142328,last,ood_metric/ap_in,OOD-2,appendix,up,,id_test_vs_tin,detector_declared,ood_score/energy_t1,tin,near,,,,17793,C3,adam,0.0003,0.0,0.9412461631419011,0,09442d81872d37e49f213f59d4687b6e86e375282e92a87346ad77f88c731cf0,200
metric_contract_v1.2,c38b09694be88aa74de0741b39e9d3ba0d6ff61a,,,b701f780ad99d469949a985b0472b8d1f26be0545e531d92895b7559ca142328,last,ood_metric/ap_in,OOD-2,appendix,up,,id_test_vs_tin,detector_declared,ood_score/max_logit,tin,near,,,,17793,C3,adam,0.0003,0.0,0.9411316638057254,0,09442d81872d37e49f213f59d4687b6e86e375282e92a87346ad77f88c731cf0,200
metric_contract_v1.2,c38b09694be88aa74de0741b39e9d3ba0d6ff61a,,,b701f780ad99d469949a985b0472b8d1f26be0545e531d92895b7559ca142328,last,ood_metric/ap_in,OOD-2,appendix,up,,id_test_vs_tin,detector_declared,ood_score/msp,tin,near,,,,17793,C3,adam,0.0003,0.0,0.9276078282583843,0,09442d81872d37e49f213f59d4687b6e86e375282e92a87346ad77f88c731cf0,200
metric_contract_v1.2,c38b09694be88aa74de0741b39e9d3ba0d6ff61a,,,b701f780ad99d469949a985b0472b8d1f26be0545e531d92895b7559ca142328,last,ood_metric/ap_out,OOD-3,appendix,up,id_train,id_test_vs_tin,detector_declared,detector/ctm_prototype_cosine,tin,near,,,,17793,C3,adam,0.0003,0.0,0.8466381387142932,0,09442d81872d37e49f213f59d4687b6e86e375282e92a87346ad77f88c731cf0,200
metric_contract_v1.2,c38b09694be88aa74de0741b39e9d3ba0d6ff61a,,,b701f780ad99d469949a985b0472b8d1f26be0545e531d92895b7559ca142328,last,ood_metric/ap_out,OOD-3,appendix,up,id_train,id_test_vs_tin,detector_declared,detector/gda_class_density,tin,near,,,,17793,C3,adam,0.0003,0.0,0.8152449237311978,0,09442d81872d37e49f213f59d4687b6e86e375282e92a87346ad77f88c731cf0,200
metric_contract_v1.2,c38b09694be88aa74de0741b39e9d3ba0d6ff61a,,,b701f780ad99d469949a985b0472b8d1f26be0545e531d92895b7559ca142328,last,ood_metric/ap_out,OOD-3,appendix,up,id_train,id_test_vs_tin,detector_declared,detector/knn_l2_k50,tin,near,,,,17793,C3,adam,0.0003,0.0,0.8625529522541211,0,09442d81872d37e49f213f59d4687b6e86e375282e92a87346ad77f88c731cf0,200
metric_contract_v1.2,c38b09694be88aa74de0741b39e9d3ba0d6ff61a,,,b701f780ad99d469949a985b0472b8d1f26be0545e531d92895b7559ca142328,last,ood_metric/ap_out,OOD-3,appendix,up,id_train,id_test_vs_tin,detector_declared,detector/mahalanobis_pp,tin,near,,,,17793,C3,adam,0.0003,0.0,0.8590077209459639,0,09442d81872d37e49f213f59d4687b6e86e375282e92a87346ad77f88c731cf0,200
metric_contract_v1.2,c38b09694be88aa74de0741b39e9d3ba0d6ff61a,,,b701f780ad99d469949a985b0472b8d1f26be0545e531d92895b7559ca142328,last,ood_metric/ap_out,OOD-3,appendix,up,id_train,id_test_vs_tin,detector_declared,detector/mahalanobis_raw,tin,near,,,,17793,C3,adam,0.0003,0.0,0.6350390926613219,0,09442d81872d37e49f213f59d4687b6e86e375282e92a87346ad77f88c731cf0,200
metric_contract_v1.2,c38b09694be88aa74de0741b39e9d3ba0d6ff61a,,,b701f780ad99d469949a985b0472b8d1f26be0545e531d92895b7559ca142328,last,ood_metric/ap_out,OOD-3,appendix,up,id_train,id_test_vs_tin,detector_declared,detector/marginal_mahalanobis_raw,tin,near,,,,17793,C3,adam,0.0003,0.0,0.5508062875878404,0,09442d81872d37e49f213f59d4687b6e86e375282e92a87346ad77f88c731cf0,200
metric_contract_v1.2,c38b09694be88aa74de0741b39e9d3ba0d6ff61a,,,b701f780ad99d469949a985b0472b8d1f26be0545e531d92895b7559ca142328,last,ood_metric/ap_out,OOD-3,appendix,up,id_train,id_test_vs_tin,detector_declared,detector/ncp_euclidean_raw,tin,near,,,,17793,C3,adam,0.0003,0.0,0.8133707387370347,0,09442d81872d37e49f213f59d4687b6e86e375282e92a87346ad77f88c731cf0,200
metric_contract_v1.2,c38b09694be88aa74de0741b39e9d3ba0d6ff61a,,,b701f780ad99d469949a985b0472b8d1f26be0545e531d92895b7559ca142328,last,ood_metric/ap_out,OOD-3,appendix,up,id_train,id_test_vs_tin,detector_declared,detector/neco_author_std_dim100,tin,near,,,,17793,C3,adam,0.0003,0.0,0.8392499387596762,0,09442d81872d37e49f213f59d4687b6e86e375282e92a87346ad77f88c731cf0,200
metric_contract_v1.2,c38b09694be88aa74de0741b39e9d3ba0d6ff61a,,,b701f780ad99d469949a985b0472b8d1f26be0545e531d92895b7559ca142328,last,ood_metric/ap_out,OOD-3,appendix,up,id_train,id_test_vs_tin,detector_declared,detector/relative_mahalanobis_pp,tin,near,,,,17793,C3,adam,0.0003,0.0,0.8449997233472126,0,09442d81872d37e49f213f59d4687b6e86e375282e92a87346ad77f88c731cf0,200
metric_contract_v1.2,c38b09694be88aa74de0741b39e9d3ba0d6ff61a,,,b701f780ad99d469949a985b0472b8d1f26be0545e531d92895b7559ca142328,last,ood_metric/ap_out,OOD-3,appendix,up,id_train,id_test_vs_tin,detector_declared,detector/relative_mahalanobis_raw,tin,near,,,,17793,C3,adam,0.0003,0.0,0.8554502688783696,0,09442d81872d37e49f213f59d4687b6e86e375282e92a87346ad77f88c731cf0,200
metric_contract_v1.2,c38b09694be88aa74de0741b39e9d3ba0d6ff61a,,,b701f780ad99d469949a985b0472b8d1f26be0545e531d92895b7559ca142328,last,ood_metric/ap_out,OOD-3,appendix,up,id_train,id_test_vs_tin,detector_declared,detector/vim_author_dim,tin,near,,,,17793,C3,adam,0.0003,0.0,0.8577524838910007,0,09442d81872d37e49f213f59d4687b6e86e375282e92a87346ad77f88c731cf0,200
metric_contract_v1.2,c38b09694be88aa74de0741b39e9d3ba0d6ff61a,,,b701f780ad99d469949a985b0472b8d1f26be0545e531d92895b7559ca142328,last,ood_metric/ap_out,OOD-3,appendix,up,id_train,id_test_vs_tin,detector_declared,detector/vim_dim128,tin,near,,,,17793,C3,adam,0.0003,0.0,0.8574946203355882,0,09442d81872d37e49f213f59d4687b6e86e375282e92a87346ad77f88c731cf0,200
metric_contract_v1.2,c38b09694be88aa74de0741b39e9d3ba0d6ff61a,,,b701f780ad99d469949a985b0472b8d1f26be0545e531d92895b7559ca142328,last,ood_metric/ap_out,OOD-3,appendix,up,id_train,id_test_vs_tin,detector_declared,detector/vim_dim256,tin,near,,,,17793,C3,adam,0.0003,0.0,0.8564464374478264,0,09442d81872d37e49f213f59d4687b6e86e375282e92a87346ad77f88c731cf0,200
metric_contract_v1.2,c38b09694be88aa74de0741b39e9d3ba0d6ff61a,,,b701f780ad99d469949a985b0472b8d1f26be0545e531d92895b7559ca142328,last,ood_metric/ap_out,OOD-3,appendix,up,id_train,id_test_vs_tin,detector_declared,detector/vim_dim320,tin,near,,,,17793,C3,adam,0.0003,0.0,0.8577524838910007,0,09442d81872d37e49f213f59d4687b6e86e375282e92a87346ad77f88c731cf0,200
metric_contract_v1.2,c38b09694be88aa74de0741b39e9d3ba0d6ff61a,,,b701f780ad99d469949a985b0472b8d1f26be0545e531d92895b7559ca142328,last,ood_metric/ap_out,OOD-3,appendix,up,id_train,id_test_vs_tin,detector_declared,detector/vim_dim64,tin,near,,,,17793,C3,adam,0.0003,0.0,0.8639729642792813,0,09442d81872d37e49f213f59d4687b6e86e375282e92a87346ad77f88c731cf0,200
metric_contract_v1.2,c38b09694be88aa74de0741b39e9d3ba0d6ff61a,,,b701f780ad99d469949a985b0472b8d1f26be0545e531d92895b7559ca142328,last,ood_metric/ap_out,OOD-3,appendix,up,id_train,id_test_vs_tin,detector_declared,detector/weight_cosine_appendix,tin,near,,,,17793,C3,adam,0.0003,0.0,0.8587594305480222,0,09442d81872d37e49f213f59d4687b6e86e375282e92a87346ad77f88c731cf0,200
metric_contract_v1.2,c38b09694be88aa74de0741b39e9d3ba0d6ff61a,,,b701f780ad99d469949a985b0472b8d1f26be0545e531d92895b7559ca142328,last,ood_metric/ap_out,OOD-3,appendix,up,,id_test_vs_tin,detector_declared,ood_score/energy_t1,tin,near,,,,17793,C3,adam,0.0003,0.0,0.8700391476289417,0,09442d81872d37e49f213f59d4687b6e86e375282e92a87346ad77f88c731cf0,200
metric_contract_v1.2,c38b09694be88aa74de0741b39e9d3ba0d6ff61a,,,b701f780ad99d469949a985b0472b8d1f26be0545e531d92895b7559ca142328,last,ood_metric/ap_out,OOD-3,appendix,up,,id_test_vs_tin,detector_declared,ood_score/max_logit,tin,near,,,,17793,C3,adam,0.0003,0.0,0.8700160439067595,0,09442d81872d37e49f213f59d4687b6e86e375282e92a87346ad77f88c731cf0,200
metric_contract_v1.2,c38b09694be88aa74de0741b39e9d3ba0d6ff61a,,,b701f780ad99d469949a985b0472b8d1f26be0545e531d92895b7559ca142328,last,ood_metric/ap_out,OOD-3,appendix,up,,id_test_vs_tin,detector_declared,ood_score/msp,tin,near,,,,17793,C3,adam,0.0003,0.0,0.8247531775431468,0,09442d81872d37e49f213f59d4687b6e86e375282e92a87346ad77f88c731cf0,200
metric_contract_v1.2,c38b09694be88aa74de0741b39e9d3ba0d6ff61a,,,b701f780ad99d469949a985b0472b8d1f26be0545e531d92895b7559ca142328,last,ood_metric/aupr_in_openood_auc,OOD-2,primary,up,id_train,id_test_vs_tin,detector_declared,detector/ctm_prototype_cosine,tin,near,,,,17793,C3,adam,0.0003,0.0,0.917660338887067,0,09442d81872d37e49f213f59d4687b6e86e375282e92a87346ad77f88c731cf0,200
metric_contract_v1.2,c38b09694be88aa74de0741b39e9d3ba0d6ff61a,,,b701f780ad99d469949a985b0472b8d1f26be0545e531d92895b7559ca142328,last,ood_metric/aupr_in_openood_auc,OOD-2,primary,up,id_train,id_test_vs_tin,detector_declared,detector/gda_class_density,tin,near,,,,17793,C3,adam,0.0003,0.0,0.910828798417751,0,09442d81872d37e49f213f59d4687b6e86e375282e92a87346ad77f88c731cf0,200
metric_contract_v1.2,c38b09694be88aa74de0741b39e9d3ba0d6ff61a,,,b701f780ad99d469949a985b0472b8d1f26be0545e531d92895b7559ca142328,last,ood_metric/aupr_in_openood_auc,OOD-2,primary,up,id_train,id_test_vs_tin,detector_declared,detector/knn_l2_k50,tin,near,,,,17793,C3,adam,0.0003,0.0,0.9304409848965578,0,09442d81872d37e49f213f59d4687b6e86e375282e92a87346ad77f88c731cf0,200
metric_contract_v1.2,c38b09694be88aa74de0741b39e9d3ba0d6ff61a,,,b701f780ad99d469949a985b0472b8d1f26be0545e531d92895b7559ca142328,last,ood_metric/aupr_in_openood_auc,OOD-2,primary,up,id_train,id_test_vs_tin,detector_declared,detector/mahalanobis_pp,tin,near,,,,17793,C3,adam,0.0003,0.0,0.9234819290326719,0,09442d81872d37e49f213f59d4687b6e86e375282e92a87346ad77f88c731cf0,200
metric_contract_v1.2,c38b09694be88aa74de0741b39e9d3ba0d6ff61a,,,b701f780ad99d469949a985b0472b8d1f26be0545e531d92895b7559ca142328,last,ood_metric/aupr_in_openood_auc,OOD-2,primary,up,id_train,id_test_vs_tin,detector_declared,detector/mahalanobis_raw,tin,near,,,,17793,C3,adam,0.0003,0.0,0.7861583005156421,0,09442d81872d37e49f213f59d4687b6e86e375282e92a87346ad77f88c731cf0,200
metric_contract_v1.2,c38b09694be88aa74de0741b39e9d3ba0d6ff61a,,,b701f780ad99d469949a985b0472b8d1f26be0545e531d92895b7559ca142328,last,ood_metric/aupr_in_openood_auc,OOD-2,primary,up,id_train,id_test_vs_tin,detector_declared,detector/marginal_mahalanobis_raw,tin,near,,,,17793,C3,adam,0.0003,0.0,0.6899564975254755,0,09442d81872d37e49f213f59d4687b6e86e375282e92a87346ad77f88c731cf0,200
metric_contract_v1.2,c38b09694be88aa74de0741b39e9d3ba0d6ff61a,,,b701f780ad99d469949a985b0472b8d1f26be0545e531d92895b7559ca142328,last,ood_metric/aupr_in_openood_auc,OOD-2,primary,up,id_train,id_test_vs_tin,detector_declared,detector/ncp_euclidean_raw,tin,near,,,,17793,C3,adam,0.0003,0.0,0.9005781458534139,0,09442d81872d37e49f213f59d4687b6e86e375282e92a87346ad77f88c731cf0,200
metric_contract_v1.2,c38b09694be88aa74de0741b39e9d3ba0d6ff61a,,,b701f780ad99d469949a985b0472b8d1f26be0545e531d92895b7559ca142328,last,ood_metric/aupr_in_openood_auc,OOD-2,primary,up,id_train,id_test_vs_tin,detector_declared,detector/neco_author_std_dim100,tin,near,,,,17793,C3,adam,0.0003,0.0,0.9243989214342156,0,09442d81872d37e49f213f59d4687b6e86e375282e92a87346ad77f88c731cf0,200
metric_contract_v1.2,c38b09694be88aa74de0741b39e9d3ba0d6ff61a,,,b701f780ad99d469949a985b0472b8d1f26be0545e531d92895b7559ca142328,last,ood_metric/aupr_in_openood_auc,OOD-2,primary,up,id_train,id_test_vs_tin,detector_declared,detector/relative_mahalanobis_pp,tin,near,,,,17793,C3,adam,0.0003,0.0,0.9205016973014797,0,09442d81872d37e49f213f59d4687b6e86e375282e92a87346ad77f88c731cf0,200
metric_contract_v1.2,c38b09694be88aa74de0741b39e9d3ba0d6ff61a,,,b701f780ad99d469949a985b0472b8d1f26be0545e531d92895b7559ca142328,last,ood_metric/aupr_in_openood_auc,OOD-2,primary,up,id_train,id_test_vs_tin,detector_declared,detector/relative_mahalanobis_raw,tin,near,,,,17793,C3,adam,0.0003,0.0,0.9218783726479003,0,09442d81872d37e49f213f59d4687b6e86e375282e92a87346ad77f88c731cf0,200
metric_contract_v1.2,c38b09694be88aa74de0741b39e9d3ba0d6ff61a,,,b701f780ad99d469949a985b0472b8d1f26be0545e531d92895b7559ca142328,last,ood_metric/aupr_in_openood_auc,OOD-2,primary,up,id_train,id_test_vs_tin,detector_declared,detector/vim_author_dim,tin,near,,,,17793,C3,adam,0.0003,0.0,0.9355598289430158,0,09442d81872d37e49f213f59d4687b6e86e375282e92a87346ad77f88c731cf0,200
metric_contract_v1.2,c38b09694be88aa74de0741b39e9d3ba0d6ff61a,,,b701f780ad99d469949a985b0472b8d1f26be0545e531d92895b7559ca142328,last,ood_metric/aupr_in_openood_auc,OOD-2,primary,up,id_train,id_test_vs_tin,detector_declared,detector/vim_dim128,tin,near,,,,17793,C3,adam,0.0003,0.0,0.9362289463104858,0,09442d81872d37e49f213f59d4687b6e86e375282e92a87346ad77f88c731cf0,200
metric_contract_v1.2,c38b09694be88aa74de0741b39e9d3ba0d6ff61a,,,b701f780ad99d469949a985b0472b8d1f26be0545e531d92895b7559ca142328,last,ood_metric/aupr_in_openood_auc,OOD-2,primary,up,id_train,id_test_vs_tin,detector_declared,detector/vim_dim256,tin,near,,,,17793,C3,adam,0.0003,0.0,0.9356115671599065,0,09442d81872d37e49f213f59d4687b6e86e375282e92a87346ad77f88c731cf0,200
metric_contract_v1.2,c38b09694be88aa74de0741b39e9d3ba0d6ff61a,,,b701f780ad99d469949a985b0472b8d1f26be0545e531d92895b7559ca142328,last,ood_metric/aupr_in_openood_auc,OOD-2,primary,up,id_train,id_test_vs_tin,detector_declared,detector/vim_dim320,tin,near,,,,17793,C3,adam,0.0003,0.0,0.9355598289430158,0,09442d81872d37e49f213f59d4687b6e86e375282e92a87346ad77f88c731cf0,200
metric_contract_v1.2,c38b09694be88aa74de0741b39e9d3ba0d6ff61a,,,b701f780ad99d469949a985b0472b8d1f26be0545e531d92895b7559ca142328,last,ood_metric/aupr_in_openood_auc,OOD-2,primary,up,id_train,id_test_vs_tin,detector_declared,detector/vim_dim64,tin,near,,,,17793,C3,adam,0.0003,0.0,0.936903835299735,0,09442d81872d37e49f213f59d4687b6e86e375282e92a87346ad77f88c731cf0,200
metric_contract_v1.2,c38b09694be88aa74de0741b39e9d3ba0d6ff61a,,,b701f780ad99d469949a985b0472b8d1f26be0545e531d92895b7559ca142328,last,ood_metric/aupr_in_openood_auc,OOD-2,primary,up,id_train,id_test_vs_tin,detector_declared,detector/weight_cosine_appendix,tin,near,,,,17793,C3,adam,0.0003,0.0,0.9322899287057183,0,09442d81872d37e49f213f59d4687b6e86e375282e92a87346ad77f88c731cf0,200
metric_contract_v1.2,c38b09694be88aa74de0741b39e9d3ba0d6ff61a,,,b701f780ad99d469949a985b0472b8d1f26be0545e531d92895b7559ca142328,last,ood_metric/aupr_in_openood_auc,OOD-2,primary,up,,id_test_vs_tin,detector_declared,ood_score/energy_t1,tin,near,,,,17793,C3,adam,0.0003,0.0,0.9412430398109141,0,09442d81872d37e49f213f59d4687b6e86e375282e92a87346ad77f88c731cf0,200
metric_contract_v1.2,c38b09694be88aa74de0741b39e9d3ba0d6ff61a,,,b701f780ad99d469949a985b0472b8d1f26be0545e531d92895b7559ca142328,last,ood_metric/aupr_in_openood_auc,OOD-2,primary,up,,id_test_vs_tin,detector_declared,ood_score/max_logit,tin,near,,,,17793,C3,adam,0.0003,0.0,0.9411285356307917,0,09442d81872d37e49f213f59d4687b6e86e375282e92a87346ad77f88c731cf0,200
metric_contract_v1.2,c38b09694be88aa74de0741b39e9d3ba0d6ff61a,,,b701f780ad99d469949a985b0472b8d1f26be0545e531d92895b7559ca142328,last,ood_metric/aupr_in_openood_auc,OOD-2,primary,up,,id_test_vs_tin,detector_declared,ood_score/msp,tin,near,,,,17793,C3,adam,0.0003,0.0,0.9276503896458457,0,09442d81872d37e49f213f59d4687b6e86e375282e92a87346ad77f88c731cf0,200
metric_contract_v1.2,c38b09694be88aa74de0741b39e9d3ba0d6ff61a,,,b701f780ad99d469949a985b0472b8d1f26be0545e531d92895b7559ca142328,last,ood_metric/aupr_out_openood_auc,OOD-3,primary,up,id_train,id_test_vs_tin,detector_declared,detector/ctm_prototype_cosine,tin,near,,,,17793,C3,adam,0.0003,0.0,0.8466210282153084,0,09442d81872d37e49f213f59d4687b6e86e375282e92a87346ad77f88c731cf0,200
metric_contract_v1.2,c38b09694be88aa74de0741b39e9d3ba0d6ff61a,,,b701f780ad99d469949a985b0472b8d1f26be0545e531d92895b7559ca142328,last,ood_metric/aupr_out_openood_auc,OOD-3,primary,up,id_train,id_test_vs_tin,detector_declared,detector/gda_class_density,tin,near,,,,17793,C3,adam,0.0003,0.0,0.8152074280596104,0,09442d81872d37e49f213f59d4687b6e86e375282e92a87346ad77f88c731cf0,200
metric_contract_v1.2,c38b09694be88aa74de0741b39e9d3ba0d6ff61a,,,b701f780ad99d469949a985b0472b8d1f26be0545e531d92895b7559ca142328,last,ood_metric/aupr_out_openood_auc,OOD-3,primary,up,id_train,id_test_vs_tin,detector_declared,detector/knn_l2_k50,tin,near,,,,17793,C3,adam,0.0003,0.0,0.8625359020952141,0,09442d81872d37e49f213f59d4687b6e86e375282e92a87346ad77f88c731cf0,200
metric_contract_v1.2,c38b09694be88aa74de0741b39e9d3ba0d6ff61a,,,b701f780ad99d469949a985b0472b8d1f26be0545e531d92895b7559ca142328,last,ood_metric/aupr_out_openood_auc,OOD-3,primary,up,id_train,id_test_vs_tin,detector_declared,detector/mahalanobis_pp,tin,near,,,,17793,C3,adam,0.0003,0.0,0.858993284391173,0,09442d81872d37e49f213f59d4687b6e86e375282e92a87346ad77f88c731cf0,200
metric_contract_v1.2,c38b09694be88aa74de0741b39e9d3ba0d6ff61a,,,b701f780ad99d469949a985b0472b8d1f26be0545e531d92895b7559ca142328,last,ood_metric/aupr_out_openood_auc,OOD-3,primary,up,id_train,id_test_vs_tin,detector_declared,detector/mahalanobis_raw,tin,near,,,,17793,C3,adam,0.0003,0.0,0.6349712235661511,0,09442d81872d37e49f213f59d4687b6e86e375282e92a87346ad77f88c731cf0,200
metric_contract_v1.2,c38b09694be88aa74de0741b39e9d3ba0d6ff61a,,,b701f780ad99d469949a985b0472b8d1f26be0545e531d92895b7559ca142328,last,ood_metric/aupr_out_openood_auc,OOD-3,primary,up,id_train,id_test_vs_tin,detector_declared,detector/marginal_mahalanobis_raw,tin,near,,,,17793,C3,adam,0.0003,0.0,0.5507273682958258,0,09442d81872d37e49f213f59d4687b6e86e375282e92a87346ad77f88c731cf0,200
metric_contract_v1.2,c38b09694be88aa74de0741b39e9d3ba0d6ff61a,,,b701f780ad99d469949a985b0472b8d1f26be0545e531d92895b7559ca142328,last,ood_metric/aupr_out_openood_auc,OOD-3,primary,up,id_train,id_test_vs_tin,detector_declared,detector/ncp_euclidean_raw,tin,near,,,,17793,C3,adam,0.0003,0.0,0.8133210865928849,0,09442d81872d37e49f213f59d4687b6e86e375282e92a87346ad77f88c731cf0,200
metric_contract_v1.2,c38b09694be88aa74de0741b39e9d3ba0d6ff61a,,,b701f780ad99d469949a985b0472b8d1f26be0545e531d92895b7559ca142328,last,ood_metric/aupr_out_openood_auc,OOD-3,primary,up,id_train,id_test_vs_tin,detector_declared,detector/neco_author_std_dim100,tin,near,,,,17793,C3,adam,0.0003,0.0,0.8392128396412748,0,09442d81872d37e49f213f59d4687b6e86e375282e92a87346ad77f88c731cf0,200
metric_contract_v1.2,c38b09694be88aa74de0741b39e9d3ba0d6ff61a,,,b701f780ad99d469949a985b0472b8d1f26be0545e531d92895b7559ca142328,last,ood_metric/aupr_out_openood_auc,OOD-3,primary,up,id_train,id_test_vs_tin,detector_declared,detector/relative_mahalanobis_pp,tin,near,,,,17793,C3,adam,0.0003,0.0,0.8449766157469688,0,09442d81872d37e49f213f59d4687b6e86e375282e92a87346ad77f88c731cf0,200
metric_contract_v1.2,c38b09694be88aa74de0741b39e9d3ba0d6ff61a,,,b701f780ad99d469949a985b0472b8d1f26be0545e531d92895b7559ca142328,last,ood_metric/aupr_out_openood_auc,OOD-3,primary,up,id_train,id_test_vs_tin,detector_declared,detector/relative_mahalanobis_raw,tin,near,,,,17793,C3,adam,0.0003,0.0,0.8554312063866014,0,09442d81872d37e49f213f59d4687b6e86e375282e92a87346ad77f88c731cf0,200
metric_contract_v1.2,c38b09694be88aa74de0741b39e9d3ba0d6ff61a,,,b701f780ad99d469949a985b0472b8d1f26be0545e531d92895b7559ca142328,last,ood_metric/aupr_out_openood_auc,OOD-3,primary,up,id_train,id_test_vs_tin,detector_declared,detector/vim_author_dim,tin,near,,,,17793,C3,adam,0.0003,0.0,0.8577295440397619,0,09442d81872d37e49f213f59d4687b6e86e375282e92a87346ad77f88c731cf0,200
metric_contract_v1.2,c38b09694be88aa74de0741b39e9d3ba0d6ff61a,,,b701f780ad99d469949a985b0472b8d1f26be0545e531d92895b7559ca142328,last,ood_metric/aupr_out_openood_auc,OOD-3,primary,up,id_train,id_test_vs_tin,detector_declared,detector/vim_dim128,tin,near,,,,17793,C3,adam,0.0003,0.0,0.8574714873015544,0,09442d81872d37e49f213f59d4687b6e86e375282e92a87346ad77f88c731cf0,200
metric_contract_v1.2,c38b09694be88aa74de0741b39e9d3ba0d6ff61a,,,b701f780ad99d469949a985b0472b8d1f26be0545e531d92895b7559ca142328,last,ood_metric/aupr_out_openood_auc,OOD-3,primary,up,id_train,id_test_vs_tin,detector_declared,detector/vim_dim256,tin,near,,,,17793,C3,adam,0.0003,0.0,0.8564207404328873,0,09442d81872d37e49f213f59d4687b6e86e375282e92a87346ad77f88c731cf0,200
metric_contract_v1.2,c38b09694be88aa74de0741b39e9d3ba0d6ff61a,,,b701f780ad99d469949a985b0472b8d1f26be0545e531d92895b7559ca142328,last,ood_metric/aupr_out_openood_auc,OOD-3,primary,up,id_train,id_test_vs_tin,detector_declared,detector/vim_dim320,tin,near,,,,17793,C3,adam,0.0003,0.0,0.8577295440397619,0,09442d81872d37e49f213f59d4687b6e86e375282e92a87346ad77f88c731cf0,200
metric_contract_v1.2,c38b09694be88aa74de0741b39e9d3ba0d6ff61a,,,b701f780ad99d469949a985b0472b8d1f26be0545e531d92895b7559ca142328,last,ood_metric/aupr_out_openood_auc,OOD-3,primary,up,id_train,id_test_vs_tin,detector_declared,detector/vim_dim64,tin,near,,,,17793,C3,adam,0.0003,0.0,0.8639548675047763,0,09442d81872d37e49f213f59d4687b6e86e375282e92a87346ad77f88c731cf0,200
metric_contract_v1.2,c38b09694be88aa74de0741b39e9d3ba0d6ff61a,,,b701f780ad99d469949a985b0472b8d1f26be0545e531d92895b7559ca142328,last,ood_metric/aupr_out_openood_auc,OOD-3,primary,up,id_train,id_test_vs_tin,detector_declared,detector/weight_cosine_appendix,tin,near,,,,17793,C3,adam,0.0003,0.0,0.8587248388687094,0,09442d81872d37e49f213f59d4687b6e86e375282e92a87346ad77f88c731cf0,200
metric_contract_v1.2,c38b09694be88aa74de0741b39e9d3ba0d6ff61a,,,b701f780ad99d469949a985b0472b8d1f26be0545e531d92895b7559ca142328,last,ood_metric/aupr_out_openood_auc,OOD-3,primary,up,,id_test_vs_tin,detector_declared,ood_score/energy_t1,tin,near,,,,17793,C3,adam,0.0003,0.0,0.8700081829478559,0,09442d81872d37e49f213f59d4687b6e86e375282e92a87346ad77f88c731cf0,200
metric_contract_v1.2,c38b09694be88aa74de0741b39e9d3ba0d6ff61a,,,b701f780ad99d469949a985b0472b8d1f26be0545e531d92895b7559ca142328,last,ood_metric/aupr_out_openood_auc,OOD-3,primary,up,,id_test_vs_tin,detector_declared,ood_score/max_logit,tin,near,,,,17793,C3,adam,0.0003,0.0,0.8699842138442756,0,09442d81872d37e49f213f59d4687b6e86e375282e92a87346ad77f88c731cf0,200
metric_contract_v1.2,c38b09694be88aa74de0741b39e9d3ba0d6ff61a,,,b701f780ad99d469949a985b0472b8d1f26be0545e531d92895b7559ca142328,last,ood_metric/aupr_out_openood_auc,OOD-3,primary,up,,id_test_vs_tin,detector_declared,ood_score/msp,tin,near,,,,17793,C3,adam,0.0003,0.0,0.8247010738861248,0,09442d81872d37e49f213f59d4687b6e86e375282e92a87346ad77f88c731cf0,200
metric_contract_v1.2,c38b09694be88aa74de0741b39e9d3ba0d6ff61a,,,b701f780ad99d469949a985b0472b8d1f26be0545e531d92895b7559ca142328,last,ood_metric/auroc_id_positive,OOD-1,primary,up,id_train,id_test_vs_tin,detector_declared,detector/ctm_prototype_cosine,tin,near,,,,17793,C3,adam,0.0003,0.0,0.891319222379058,0,09442d81872d37e49f213f59d4687b6e86e375282e92a87346ad77f88c731cf0,200
metric_contract_v1.2,c38b09694be88aa74de0741b39e9d3ba0d6ff61a,,,b701f780ad99d469949a985b0472b8d1f26be0545e531d92895b7559ca142328,last,ood_metric/auroc_id_positive,OOD-1,primary,up,id_train,id_test_vs_tin,detector_declared,detector/gda_class_density,tin,near,,,,17793,C3,adam,0.0003,0.0,0.8790188630822533,0,09442d81872d37e49f213f59d4687b6e86e375282e92a87346ad77f88c731cf0,200
metric_contract_v1.2,c38b09694be88aa74de0741b39e9d3ba0d6ff61a,,,b701f780ad99d469949a985b0472b8d1f26be0545e531d92895b7559ca142328,last,ood_metric/auroc_id_positive,OOD-1,primary,up,id_train,id_test_vs_tin,detector_declared,detector/knn_l2_k50,tin,near,,,,17793,C3,adam,0.0003,0.0,0.9043567688951624,0,09442d81872d37e49f213f59d4687b6e86e375282e92a87346ad77f88c731cf0,200
metric_contract_v1.2,c38b09694be88aa74de0741b39e9d3ba0d6ff61a,,,b701f780ad99d469949a985b0472b8d1f26be0545e531d92895b7559ca142328,last,ood_metric/auroc_id_positive,OOD-1,primary,up,id_train,id_test_vs_tin,detector_declared,detector/mahalanobis_pp,tin,near,,,,17793,C3,adam,0.0003,0.0,0.8969183241370461,0,09442d81872d37e49f213f59d4687b6e86e375282e92a87346ad77f88c731cf0,200
metric_contract_v1.2,c38b09694be88aa74de0741b39e9d3ba0d6ff61a,,,b701f780ad99d469949a985b0472b8d1f26be0545e531d92895b7559ca142328,last,ood_metric/auroc_id_positive,OOD-1,primary,up,id_train,id_test_vs_tin,detector_declared,detector/mahalanobis_raw,tin,near,,,,17793,C3,adam,0.0003,0.0,0.7258969844732452,0,09442d81872d37e49f213f59d4687b6e86e375282e92a87346ad77f88c731cf0,200
metric_contract_v1.2,c38b09694be88aa74de0741b39e9d3ba0d6ff61a,,,b701f780ad99d469949a985b0472b8d1f26be0545e531d92895b7559ca142328,last,ood_metric/auroc_id_positive,OOD-1,primary,up,id_train,id_test_vs_tin,detector_declared,detector/marginal_mahalanobis_raw,tin,near,,,,17793,C3,adam,0.0003,0.0,0.6264611574489927,0,09442d81872d37e49f213f59d4687b6e86e375282e92a87346ad77f88c731cf0,200
metric_contract_v1.2,c38b09694be88aa74de0741b39e9d3ba0d6ff61a,,,b701f780ad99d469949a985b0472b8d1f26be0545e531d92895b7559ca142328,last,ood_metric/auroc_id_positive,OOD-1,primary,up,id_train,id_test_vs_tin,detector_declared,detector/ncp_euclidean_raw,tin,near,,,,17793,C3,adam,0.0003,0.0,0.8731723854741434,0,09442d81872d37e49f213f59d4687b6e86e375282e92a87346ad77f88c731cf0,200
metric_contract_v1.2,c38b09694be88aa74de0741b39e9d3ba0d6ff61a,,,b701f780ad99d469949a985b0472b8d1f26be0545e531d92895b7559ca142328,last,ood_metric/auroc_id_positive,OOD-1,primary,up,id_train,id_test_vs_tin,detector_declared,detector/neco_author_std_dim100,tin,near,,,,17793,C3,adam,0.0003,0.0,0.8935996150391377,0,09442d81872d37e49f213f59d4687b6e86e375282e92a87346ad77f88c731cf0,200
metric_contract_v1.2,c38b09694be88aa74de0741b39e9d3ba0d6ff61a,,,b701f780ad99d469949a985b0472b8d1f26be0545e531d92895b7559ca142328,last,ood_metric/auroc_id_positive,OOD-1,primary,up,id_train,id_test_vs_tin,detector_declared,detector/relative_mahalanobis_pp,tin,near,,,,17793,C3,adam,0.0003,0.0,0.8946982420120622,0,09442d81872d37e49f213f59d4687b6e86e375282e92a87346ad77f88c731cf0,200
metric_contract_v1.2,c38b09694be88aa74de0741b39e9d3ba0d6ff61a,,,b701f780ad99d469949a985b0472b8d1f26be0545e531d92895b7559ca142328,last,ood_metric/auroc_id_positive,OOD-1,primary,up,id_train,id_test_vs_tin,detector_declared,detector/relative_mahalanobis_raw,tin,near,,,,17793,C3,adam,0.0003,0.0,0.8996670730142434,0,09442d81872d37e49f213f59d4687b6e86e375282e92a87346ad77f88c731cf0,200
metric_contract_v1.2,c38b09694be88aa74de0741b39e9d3ba0d6ff61a,,,b701f780ad99d469949a985b0472b8d1f26be0545e531d92895b7559ca142328,last,ood_metric/auroc_id_positive,OOD-1,primary,up,id_train,id_test_vs_tin,detector_declared,detector/vim_author_dim,tin,near,,,,17793,C3,adam,0.0003,0.0,0.9079228025150776,0,09442d81872d37e49f213f59d4687b6e86e375282e92a87346ad77f88c731cf0,200
metric_contract_v1.2,c38b09694be88aa74de0741b39e9d3ba0d6ff61a,,,b701f780ad99d469949a985b0472b8d1f26be0545e531d92895b7559ca142328,last,ood_metric/auroc_id_positive,OOD-1,primary,up,id_train,id_test_vs_tin,detector_declared,detector/vim_dim128,tin,near,,,,17793,C3,adam,0.0003,0.0,0.908293648145772,0,09442d81872d37e49f213f59d4687b6e86e375282e92a87346ad77f88c731cf0,200
metric_contract_v1.2,c38b09694be88aa74de0741b39e9d3ba0d6ff61a,,,b701f780ad99d469949a985b0472b8d1f26be0545e531d92895b7559ca142328,last,ood_metric/auroc_id_positive,OOD-1,primary,up,id_train,id_test_vs_tin,detector_declared,detector/vim_dim256,tin,near,,,,17793,C3,adam,0.0003,0.0,0.9077126523803414,0,09442d81872d37e49f213f59d4687b6e86e375282e92a87346ad77f88c731cf0,200
metric_contract_v1.2,c38b09694be88aa74de0741b39e9d3ba0d6ff61a,,,b701f780ad99d469949a985b0472b8d1f26be0545e531d92895b7559ca142328,last,ood_metric/auroc_id_positive,OOD-1,primary,up,id_train,id_test_vs_tin,detector_declared,detector/vim_dim320,tin,near,,,,17793,C3,adam,0.0003,0.0,0.9079228025150776,0,09442d81872d37e49f213f59d4687b6e86e375282e92a87346ad77f88c731cf0,200
metric_contract_v1.2,c38b09694be88aa74de0741b39e9d3ba0d6ff61a,,,b701f780ad99d469949a985b0472b8d1f26be0545e531d92895b7559ca142328,last,ood_metric/auroc_id_positive,OOD-1,primary,up,id_train,id_test_vs_tin,detector_declared,detector/vim_dim64,tin,near,,,,17793,C3,adam,0.0003,0.0,0.9099466315924548,0,09442d81872d37e49f213f59d4687b6e86e375282e92a87346ad77f88c731cf0,200
metric_contract_v1.2,c38b09694be88aa74de0741b39e9d3ba0d6ff61a,,,b701f780ad99d469949a985b0472b8d1f26be0545e531d92895b7559ca142328,last,ood_metric/auroc_id_positive,OOD-1,primary,up,id_train,id_test_vs_tin,detector_declared,detector/weight_cosine_appendix,tin,near,,,,17793,C3,adam,0.0003,0.0,0.905703695624278,0,09442d81872d37e49f213f59d4687b6e86e375282e92a87346ad77f88c731cf0,200
metric_contract_v1.2,c38b09694be88aa74de0741b39e9d3ba0d6ff61a,,,b701f780ad99d469949a985b0472b8d1f26be0545e531d92895b7559ca142328,last,ood_metric/auroc_id_positive,OOD-1,primary,up,,id_test_vs_tin,detector_declared,ood_score/energy_t1,tin,near,,,,17793,C3,adam,0.0003,0.0,0.9160812524060054,0,09442d81872d37e49f213f59d4687b6e86e375282e92a87346ad77f88c731cf0,200
metric_contract_v1.2,c38b09694be88aa74de0741b39e9d3ba0d6ff61a,,,b701f780ad99d469949a985b0472b8d1f26be0545e531d92895b7559ca142328,last,ood_metric/auroc_id_positive,OOD-1,primary,up,,id_test_vs_tin,detector_declared,ood_score/max_logit,tin,near,,,,17793,C3,adam,0.0003,0.0,0.9158767226998589,0,09442d81872d37e49f213f59d4687b6e86e375282e92a87346ad77f88c731cf0,200
metric_contract_v1.2,c38b09694be88aa74de0741b39e9d3ba0d6ff61a,,,b701f780ad99d469949a985b0472b8d1f26be0545e531d92895b7559ca142328,last,ood_metric/auroc_id_positive,OOD-1,primary,up,,id_test_vs_tin,detector_declared,ood_score/msp,tin,near,,,,17793,C3,adam,0.0003,0.0,0.8931278262543307,0,09442d81872d37e49f213f59d4687b6e86e375282e92a87346ad77f88c731cf0,200
metric_contract_v1.2,c38b09694be88aa74de0741b39e9d3ba0d6ff61a,,,b701f780ad99d469949a985b0472b8d1f26be0545e531d92895b7559ca142328,last,ood_metric/fpr95_achieved_id_tpr,OOD-4,appendix,descriptive,id_train,id_test_vs_tin,detector_declared,detector/ctm_prototype_cosine,tin,near,,,,17793,C3,adam,0.0003,0.0,0.95,0,09442d81872d37e49f213f59d4687b6e86e375282e92a87346ad77f88c731cf0,200
metric_contract_v1.2,c38b09694be88aa74de0741b39e9d3ba0d6ff61a,,,b701f780ad99d469949a985b0472b8d1f26be0545e531d92895b7559ca142328,last,ood_metric/fpr95_achieved_id_tpr,OOD-4,appendix,descriptive,id_train,id_test_vs_tin,detector_declared,detector/gda_class_density,tin,near,,,,17793,C3,adam,0.0003,0.0,0.95,0,09442d81872d37e49f213f59d4687b6e86e375282e92a87346ad77f88c731cf0,200
metric_contract_v1.2,c38b09694be88aa74de0741b39e9d3ba0d6ff61a,,,b701f780ad99d469949a985b0472b8d1f26be0545e531d92895b7559ca142328,last,ood_metric/fpr95_achieved_id_tpr,OOD-4,appendix,descriptive,id_train,id_test_vs_tin,detector_declared,detector/knn_l2_k50,tin,near,,,,17793,C3,adam,0.0003,0.0,0.95,0,09442d81872d37e49f213f59d4687b6e86e375282e92a87346ad77f88c731cf0,200
metric_contract_v1.2,c38b09694be88aa74de0741b39e9d3ba0d6ff61a,,,b701f780ad99d469949a985b0472b8d1f26be0545e531d92895b7559ca142328,last,ood_metric/fpr95_achieved_id_tpr,OOD-4,appendix,descriptive,id_train,id_test_vs_tin,detector_declared,detector/mahalanobis_pp,tin,near,,,,17793,C3,adam,0.0003,0.0,0.95,0,09442d81872d37e49f213f59d4687b6e86e375282e92a87346ad77f88c731cf0,200
metric_contract_v1.2,c38b09694be88aa74de0741b39e9d3ba0d6ff61a,,,b701f780ad99d469949a985b0472b8d1f26be0545e531d92895b7559ca142328,last,ood_metric/fpr95_achieved_id_tpr,OOD-4,appendix,descriptive,id_train,id_test_vs_tin,detector_declared,detector/mahalanobis_raw,tin,near,,,,17793,C3,adam,0.0003,0.0,0.95,0,09442d81872d37e49f213f59d4687b6e86e375282e92a87346ad77f88c731cf0,200
metric_contract_v1.2,c38b09694be88aa74de0741b39e9d3ba0d6ff61a,,,b701f780ad99d469949a985b0472b8d1f26be0545e531d92895b7559ca142328,last,ood_metric/fpr95_achieved_id_tpr,OOD-4,appendix,descriptive,id_train,id_test_vs_tin,detector_declared,detector/marginal_mahalanobis_raw,tin,near,,,,17793,C3,adam,0.0003,0.0,0.95,0,09442d81872d37e49f213f59d4687b6e86e375282e92a87346ad77f88c731cf0,200
metric_contract_v1.2,c38b09694be88aa74de0741b39e9d3ba0d6ff61a,,,b701f780ad99d469949a985b0472b8d1f26be0545e531d92895b7559ca142328,last,ood_metric/fpr95_achieved_id_tpr,OOD-4,appendix,descriptive,id_train,id_test_vs_tin,detector_declared,detector/ncp_euclidean_raw,tin,near,,,,17793,C3,adam,0.0003,0.0,0.95,0,09442d81872d37e49f213f59d4687b6e86e375282e92a87346ad77f88c731cf0,200
metric_contract_v1.2,c38b09694be88aa74de0741b39e9d3ba0d6ff61a,,,b701f780ad99d469949a985b0472b8d1f26be0545e531d92895b7559ca142328,last,ood_metric/fpr95_achieved_id_tpr,OOD-4,appendix,descriptive,id_train,id_test_vs_tin,detector_declared,detector/neco_author_std_dim100,tin,near,,,,17793,C3,adam,0.0003,0.0,0.95,0,09442d81872d37e49f213f59d4687b6e86e375282e92a87346ad77f88c731cf0,200
metric_contract_v1.2,c38b09694be88aa74de0741b39e9d3ba0d6ff61a,,,b701f780ad99d469949a985b0472b8d1f26be0545e531d92895b7559ca142328,last,ood_metric/fpr95_achieved_id_tpr,OOD-4,appendix,descriptive,id_train,id_test_vs_tin,detector_declared,detector/relative_mahalanobis_pp,tin,near,,,,17793,C3,adam,0.0003,0.0,0.95,0,09442d81872d37e49f213f59d4687b6e86e375282e92a87346ad77f88c731cf0,200
metric_contract_v1.2,c38b09694be88aa74de0741b39e9d3ba0d6ff61a,,,b701f780ad99d469949a985b0472b8d1f26be0545e531d92895b7559ca142328,last,ood_metric/fpr95_achieved_id_tpr,OOD-4,appendix,descriptive,id_train,id_test_vs_tin,detector_declared,detector/relative_mahalanobis_raw,tin,near,,,,17793,C3,adam,0.0003,0.0,0.95,0,09442d81872d37e49f213f59d4687b6e86e375282e92a87346ad77f88c731cf0,200
metric_contract_v1.2,c38b09694be88aa74de0741b39e9d3ba0d6ff61a,,,b701f780ad99d469949a985b0472b8d1f26be0545e531d92895b7559ca142328,last,ood_metric/fpr95_achieved_id_tpr,OOD-4,appendix,descriptive,id_train,id_test_vs_tin,detector_declared,detector/vim_author_dim,tin,near,,,,17793,C3,adam,0.0003,0.0,0.95,0,09442d81872d37e49f213f59d4687b6e86e375282e92a87346ad77f88c731cf0,200
metric_contract_v1.2,c38b09694be88aa74de0741b39e9d3ba0d6ff61a,,,b701f780ad99d469949a985b0472b8d1f26be0545e531d92895b7559ca142328,last,ood_metric/fpr95_achieved_id_tpr,OOD-4,appendix,descriptive,id_train,id_test_vs_tin,detector_declared,detector/vim_dim128,tin,near,,,,17793,C3,adam,0.0003,0.0,0.95,0,09442d81872d37e49f213f59d4687b6e86e375282e92a87346ad77f88c731cf0,200
metric_contract_v1.2,c38b09694be88aa74de0741b39e9d3ba0d6ff61a,,,b701f780ad99d469949a985b0472b8d1f26be0545e531d92895b7559ca142328,last,ood_metric/fpr95_achieved_id_tpr,OOD-4,appendix,descriptive,id_train,id_test_vs_tin,detector_declared,detector/vim_dim256,tin,near,,,,17793,C3,adam,0.0003,0.0,0.95,0,09442d81872d37e49f213f59d4687b6e86e375282e92a87346ad77f88c731cf0,200
metric_contract_v1.2,c38b09694be88aa74de0741b39e9d3ba0d6ff61a,,,b701f780ad99d469949a985b0472b8d1f26be0545e531d92895b7559ca142328,last,ood_metric/fpr95_achieved_id_tpr,OOD-4,appendix,descriptive,id_train,id_test_vs_tin,detector_declared,detector/vim_dim320,tin,near,,,,17793,C3,adam,0.0003,0.0,0.95,0,09442d81872d37e49f213f59d4687b6e86e375282e92a87346ad77f88c731cf0,200
metric_contract_v1.2,c38b09694be88aa74de0741b39e9d3ba0d6ff61a,,,b701f780ad99d469949a985b0472b8d1f26be0545e531d92895b7559ca142328,last,ood_metric/fpr95_achieved_id_tpr,OOD-4,appendix,descriptive,id_train,id_test_vs_tin,detector_declared,detector/vim_dim64,tin,near,,,,17793,C3,adam,0.0003,0.0,0.95,0,09442d81872d37e49f213f59d4687b6e86e375282e92a87346ad77f88c731cf0,200
metric_contract_v1.2,c38b09694be88aa74de0741b39e9d3ba0d6ff61a,,,b701f780ad99d469949a985b0472b8d1f26be0545e531d92895b7559ca142328,last,ood_metric/fpr95_achieved_id_tpr,OOD-4,appendix,descriptive,id_train,id_test_vs_tin,detector_declared,detector/weight_cosine_appendix,tin,near,,,,17793,C3,adam,0.0003,0.0,0.95,0,09442d81872d37e49f213f59d4687b6e86e375282e92a87346ad77f88c731cf0,200
metric_contract_v1.2,c38b09694be88aa74de0741b39e9d3ba0d6ff61a,,,b701f780ad99d469949a985b0472b8d1f26be0545e531d92895b7559ca142328,last,ood_metric/fpr95_achieved_id_tpr,OOD-4,appendix,descriptive,,id_test_vs_tin,detector_declared,ood_score/energy_t1,tin,near,,,,17793,C3,adam,0.0003,0.0,0.95,0,09442d81872d37e49f213f59d4687b6e86e375282e92a87346ad77f88c731cf0,200
metric_contract_v1.2,c38b09694be88aa74de0741b39e9d3ba0d6ff61a,,,b701f780ad99d469949a985b0472b8d1f26be0545e531d92895b7559ca142328,last,ood_metric/fpr95_achieved_id_tpr,OOD-4,appendix,descriptive,,id_test_vs_tin,detector_declared,ood_score/max_logit,tin,near,,,,17793,C3,adam,0.0003,0.0,0.95,0,09442d81872d37e49f213f59d4687b6e86e375282e92a87346ad77f88c731cf0,200
metric_contract_v1.2,c38b09694be88aa74de0741b39e9d3ba0d6ff61a,,,b701f780ad99d469949a985b0472b8d1f26be0545e531d92895b7559ca142328,last,ood_metric/fpr95_achieved_id_tpr,OOD-4,appendix,descriptive,,id_test_vs_tin,detector_declared,ood_score/msp,tin,near,,,,17793,C3,adam,0.0003,0.0,0.95,0,09442d81872d37e49f213f59d4687b6e86e375282e92a87346ad77f88c731cf0,200
metric_contract_v1.2,c38b09694be88aa74de0741b39e9d3ba0d6ff61a,,,b701f780ad99d469949a985b0472b8d1f26be0545e531d92895b7559ca142328,last,ood_metric/fpr95_id_tpr,OOD-4,primary,down,id_train,id_test_vs_tin,detector_declared,detector/ctm_prototype_cosine,tin,near,,,,17793,C3,adam,0.0003,0.0,0.5581932503528808,0,09442d81872d37e49f213f59d4687b6e86e375282e92a87346ad77f88c731cf0,200
metric_contract_v1.2,c38b09694be88aa74de0741b39e9d3ba0d6ff61a,,,b701f780ad99d469949a985b0472b8d1f26be0545e531d92895b7559ca142328,last,ood_metric/fpr95_id_tpr,OOD-4,primary,down,id_train,id_test_vs_tin,detector_declared,detector/gda_class_density,tin,near,,,,17793,C3,adam,0.0003,0.0,0.6140125753881689,0,09442d81872d37e49f213f59d4687b6e86e375282e92a87346ad77f88c731cf0,200
metric_contract_v1.2,c38b09694be88aa74de0741b39e9d3ba0d6ff61a,,,b701f780ad99d469949a985b0472b8d1f26be0545e531d92895b7559ca142328,last,ood_metric/fpr95_id_tpr,OOD-4,primary,down,id_train,id_test_vs_tin,detector_declared,detector/knn_l2_k50,tin,near,,,,17793,C3,adam,0.0003,0.0,0.5014756833055306,0,09442d81872d37e49f213f59d4687b6e86e375282e92a87346ad77f88c731cf0,200
metric_contract_v1.2,c38b09694be88aa74de0741b39e9d3ba0d6ff61a,,,b701f780ad99d469949a985b0472b8d1f26be0545e531d92895b7559ca142328,last,ood_metric/fpr95_id_tpr,OOD-4,primary,down,id_train,id_test_vs_tin,detector_declared,detector/mahalanobis_pp,tin,near,,,,17793,C3,adam,0.0003,0.0,0.5267547799307071,0,09442d81872d37e49f213f59d4687b6e86e375282e92a87346ad77f88c731cf0,200
metric_contract_v1.2,c38b09694be88aa74de0741b39e9d3ba0d6ff61a,,,b701f780ad99d469949a985b0472b8d1f26be0545e531d92895b7559ca142328,last,ood_metric/fpr95_id_tpr,OOD-4,primary,down,id_train,id_test_vs_tin,detector_declared,detector/mahalanobis_raw,tin,near,,,,17793,C3,adam,0.0003,0.0,0.8520467085846273,0,09442d81872d37e49f213f59d4687b6e86e375282e92a87346ad77f88c731cf0,200
metric_contract_v1.2,c38b09694be88aa74de0741b39e9d3ba0d6ff61a,,,b701f780ad99d469949a985b0472b8d1f26be0545e531d92895b7559ca142328,last,ood_metric/fpr95_id_tpr,OOD-4,primary,down,id_train,id_test_vs_tin,detector_declared,detector/marginal_mahalanobis_raw,tin,near,,,,17793,C3,adam,0.0003,0.0,0.8905427948158604,0,09442d81872d37e49f213f59d4687b6e86e375282e92a87346ad77f88c731cf0,200
metric_contract_v1.2,c38b09694be88aa74de0741b39e9d3ba0d6ff61a,,,b701f780ad99d469949a985b0472b8d1f26be0545e531d92895b7559ca142328,last,ood_metric/fpr95_id_tpr,OOD-4,primary,down,id_train,id_test_vs_tin,detector_declared,detector/ncp_euclidean_raw,tin,near,,,,17793,C3,adam,0.0003,0.0,0.6018221480816117,0,09442d81872d37e49f213f59d4687b6e86e375282e92a87346ad77f88c731cf0,200
metric_contract_v1.2,c38b09694be88aa74de0741b39e9d3ba0d6ff61a,,,b701f780ad99d469949a985b0472b8d1f26be0545e531d92895b7559ca142328,last,ood_metric/fpr95_id_tpr,OOD-4,primary,down,id_train,id_test_vs_tin,detector_declared,detector/neco_author_std_dim100,tin,near,,,,17793,C3,adam,0.0003,0.0,0.5605030155267547,0,09442d81872d37e49f213f59d4687b6e86e375282e92a87346ad77f88c731cf0,200
metric_contract_v1.2,c38b09694be88aa74de0741b39e9d3ba0d6ff61a,,,b701f780ad99d469949a985b0472b8d1f26be0545e531d92895b7559ca142328,last,ood_metric/fpr95_id_tpr,OOD-4,primary,down,id_train,id_test_vs_tin,detector_declared,detector/relative_mahalanobis_pp,tin,near,,,,17793,C3,adam,0.0003,0.0,0.5596047735146926,0,09442d81872d37e49f213f59d4687b6e86e375282e92a87346ad77f88c731cf0,200
metric_contract_v1.2,c38b09694be88aa74de0741b39e9d3ba0d6ff61a,,,b701f780ad99d469949a985b0472b8d1f26be0545e531d92895b7559ca142328,last,ood_metric/fpr95_id_tpr,OOD-4,primary,down,id_train,id_test_vs_tin,detector_declared,detector/relative_mahalanobis_raw,tin,near,,,,17793,C3,adam,0.0003,0.0,0.5221352495829591,0,09442d81872d37e49f213f59d4687b6e86e375282e92a87346ad77f88c731cf0,200
metric_contract_v1.2,c38b09694be88aa74de0741b39e9d3ba0d6ff61a,,,b701f780ad99d469949a985b0472b8d1f26be0545e531d92895b7559ca142328,last,ood_metric/fpr95_id_tpr,OOD-4,primary,down,id_train,id_test_vs_tin,detector_declared,detector/vim_author_dim,tin,near,,,,17793,C3,adam,0.0003,0.0,0.5176440395226485,0,09442d81872d37e49f213f59d4687b6e86e375282e92a87346ad77f88c731cf0,200
metric_contract_v1.2,c38b09694be88aa74de0741b39e9d3ba0d6ff61a,,,b701f780ad99d469949a985b0472b8d1f26be0545e531d92895b7559ca142328,last,ood_metric/fpr95_id_tpr,OOD-4,primary,down,id_train,id_test_vs_tin,detector_declared,detector/vim_dim128,tin,near,,,,17793,C3,adam,0.0003,0.0,0.5182856409598358,0,09442d81872d37e49f213f59d4687b6e86e375282e92a87346ad77f88c731cf0,200
metric_contract_v1.2,c38b09694be88aa74de0741b39e9d3ba0d6ff61a,,,b701f780ad99d469949a985b0472b8d1f26be0545e531d92895b7559ca142328,last,ood_metric/fpr95_id_tpr,OOD-4,primary,down,id_train,id_test_vs_tin,detector_declared,detector/vim_dim256,tin,near,,,,17793,C3,adam,0.0003,0.0,0.5252149364814577,0,09442d81872d37e49f213f59d4687b6e86e375282e92a87346ad77f88c731cf0,200
metric_contract_v1.2,c38b09694be88aa74de0741b39e9d3ba0d6ff61a,,,b701f780ad99d469949a985b0472b8d1f26be0545e531d92895b7559ca142328,last,ood_metric/fpr95_id_tpr,OOD-4,primary,down,id_train,id_test_vs_tin,detector_declared,detector/vim_dim320,tin,near,,,,17793,C3,adam,0.0003,0.0,0.5176440395226485,0,09442d81872d37e49f213f59d4687b6e86e375282e92a87346ad77f88c731cf0,200
metric_contract_v1.2,c38b09694be88aa74de0741b39e9d3ba0d6ff61a,,,b701f780ad99d469949a985b0472b8d1f26be0545e531d92895b7559ca142328,last,ood_metric/fpr95_id_tpr,OOD-4,primary,down,id_train,id_test_vs_tin,detector_declared,detector/vim_dim64,tin,near,,,,17793,C3,adam,0.0003,0.0,0.5134094700372129,0,09442d81872d37e49f213f59d4687b6e86e375282e92a87346ad77f88c731cf0,200
metric_contract_v1.2,c38b09694be88aa74de0741b39e9d3ba0d6ff61a,,,b701f780ad99d469949a985b0472b8d1f26be0545e531d92895b7559ca142328,last,ood_metric/fpr95_id_tpr,OOD-4,primary,down,id_train,id_test_vs_tin,detector_declared,detector/weight_cosine_appendix,tin,near,,,,17793,C3,adam,0.0003,0.0,0.5107147440010266,0,09442d81872d37e49f213f59d4687b6e86e375282e92a87346ad77f88c731cf0,200
metric_contract_v1.2,c38b09694be88aa74de0741b39e9d3ba0d6ff61a,,,b701f780ad99d469949a985b0472b8d1f26be0545e531d92895b7559ca142328,last,ood_metric/fpr95_id_tpr,OOD-4,primary,down,,id_test_vs_tin,detector_declared,ood_score/energy_t1,tin,near,,,,17793,C3,adam,0.0003,0.0,0.47683818811754136,0,09442d81872d37e49f213f59d4687b6e86e375282e92a87346ad77f88c731cf0,200
metric_contract_v1.2,c38b09694be88aa74de0741b39e9d3ba0d6ff61a,,,b701f780ad99d469949a985b0472b8d1f26be0545e531d92895b7559ca142328,last,ood_metric/fpr95_id_tpr,OOD-4,primary,down,,id_test_vs_tin,detector_declared,ood_score/max_logit,tin,near,,,,17793,C3,adam,0.0003,0.0,0.4786346721416656,0,09442d81872d37e49f213f59d4687b6e86e375282e92a87346ad77f88c731cf0,200
metric_contract_v1.2,c38b09694be88aa74de0741b39e9d3ba0d6ff61a,,,b701f780ad99d469949a985b0472b8d1f26be0545e531d92895b7559ca142328,last,ood_metric/fpr95_id_tpr,OOD-4,primary,down,,id_test_vs_tin,detector_declared,ood_score/msp,tin,near,,,,17793,C3,adam,0.0003,0.0,0.6301809316052868,0,09442d81872d37e49f213f59d4687b6e86e375282e92a87346ad77f88c731cf0,200
metric_contract_v1.2,c38b09694be88aa74de0741b39e9d3ba0d6ff61a,,,b701f780ad99d469949a985b0472b8d1f26be0545e531d92895b7559ca142328,last,ood_metric/fpr95_threshold,OOD-4,appendix,descriptive,id_train,id_test_vs_tin,detector_declared,detector/ctm_prototype_cosine,tin,near,,,,17793,C3,adam,0.0003,0.0,0.8213143006876535,0,09442d81872d37e49f213f59d4687b6e86e375282e92a87346ad77f88c731cf0,200
metric_contract_v1.2,c38b09694be88aa74de0741b39e9d3ba0d6ff61a,,,b701f780ad99d469949a985b0472b8d1f26be0545e531d92895b7559ca142328,last,ood_metric/fpr95_threshold,OOD-4,appendix,descriptive,id_train,id_test_vs_tin,detector_declared,detector/gda_class_density,tin,near,,,,17793,C3,adam,0.0003,0.0,632.9878550281851,0,09442d81872d37e49f213f59d4687b6e86e375282e92a87346ad77f88c731cf0,200
metric_contract_v1.2,c38b09694be88aa74de0741b39e9d3ba0d6ff61a,,,b701f780ad99d469949a985b0472b8d1f26be0545e531d92895b7559ca142328,last,ood_metric/fpr95_threshold,OOD-4,appendix,descriptive,id_train,id_test_vs_tin,detector_declared,detector/knn_l2_k50,tin,near,,,,17793,C3,adam,0.0003,0.0,-0.19731319555345503,0,09442d81872d37e49f213f59d4687b6e86e375282e92a87346ad77f88c731cf0,200
metric_contract_v1.2,c38b09694be88aa74de0741b39e9d3ba0d6ff61a,,,b701f780ad99d469949a985b0472b8d1f26be0545e531d92895b7559ca142328,last,ood_metric/fpr95_threshold,OOD-4,appendix,descriptive,id_train,id_test_vs_tin,detector_declared,detector/mahalanobis_pp,tin,near,,,,17793,C3,adam,0.0003,0.0,-1386.8267767834884,0,09442d81872d37e49f213f59d4687b6e86e375282e92a87346ad77f88c731cf0,200
metric_contract_v1.2,c38b09694be88aa74de0741b39e9d3ba0d6ff61a,,,b701f780ad99d469949a985b0472b8d1f26be0545e531d92895b7559ca142328,last,ood_metric/fpr95_threshold,OOD-4,appendix,descriptive,id_train,id_test_vs_tin,detector_declared,detector/mahalanobis_raw,tin,near,,,,17793,C3,adam,0.0003,0.0,-1051.331732427213,0,09442d81872d37e49f213f59d4687b6e86e375282e92a87346ad77f88c731cf0,200
metric_contract_v1.2,c38b09694be88aa74de0741b39e9d3ba0d6ff61a,,,b701f780ad99d469949a985b0472b8d1f26be0545e531d92895b7559ca142328,last,ood_metric/fpr95_threshold,OOD-4,appendix,descriptive,id_train,id_test_vs_tin,detector_declared,detector/marginal_mahalanobis_raw,tin,near,,,,17793,C3,adam,0.0003,0.0,-1007.8438608620588,0,09442d81872d37e49f213f59d4687b6e86e375282e92a87346ad77f88c731cf0,200
metric_contract_v1.2,c38b09694be88aa74de0741b39e9d3ba0d6ff61a,,,b701f780ad99d469949a985b0472b8d1f26be0545e531d92895b7559ca142328,last,ood_metric/fpr95_threshold,OOD-4,appendix,descriptive,id_train,id_test_vs_tin,detector_declared,detector/ncp_euclidean_raw,tin,near,,,,17793,C3,adam,0.0003,0.0,-11.04424786056878,0,09442d81872d37e49f213f59d4687b6e86e375282e92a87346ad77f88c731cf0,200
metric_contract_v1.2,c38b09694be88aa74de0741b39e9d3ba0d6ff61a,,,b701f780ad99d469949a985b0472b8d1f26be0545e531d92895b7559ca142328,last,ood_metric/fpr95_threshold,OOD-4,appendix,descriptive,id_train,id_test_vs_tin,detector_declared,detector/neco_author_std_dim100,tin,near,,,,17793,C3,adam,0.0003,0.0,0.9952930389739647,0,09442d81872d37e49f213f59d4687b6e86e375282e92a87346ad77f88c731cf0,200
metric_contract_v1.2,c38b09694be88aa74de0741b39e9d3ba0d6ff61a,,,b701f780ad99d469949a985b0472b8d1f26be0545e531d92895b7559ca142328,last,ood_metric/fpr95_threshold,OOD-4,appendix,descriptive,id_train,id_test_vs_tin,detector_declared,detector/relative_mahalanobis_pp,tin,near,,,,17793,C3,adam,0.0003,0.0,-161.42159879338993,0,09442d81872d37e49f213f59d4687b6e86e375282e92a87346ad77f88c731cf0,200
metric_contract_v1.2,c38b09694be88aa74de0741b39e9d3ba0d6ff61a,,,b701f780ad99d469949a985b0472b8d1f26be0545e531d92895b7559ca142328,last,ood_metric/fpr95_threshold,OOD-4,appendix,descriptive,id_train,id_test_vs_tin,detector_declared,detector/relative_mahalanobis_raw,tin,near,,,,17793,C3,adam,0.0003,0.0,-99.05977069169414,0,09442d81872d37e49f213f59d4687b6e86e375282e92a87346ad77f88c731cf0,200
metric_contract_v1.2,c38b09694be88aa74de0741b39e9d3ba0d6ff61a,,,b701f780ad99d469949a985b0472b8d1f26be0545e531d92895b7559ca142328,last,ood_metric/fpr95_threshold,OOD-4,appendix,descriptive,id_train,id_test_vs_tin,detector_declared,detector/vim_author_dim,tin,near,,,,17793,C3,adam,0.0003,0.0,-15.239336072352446,0,09442d81872d37e49f213f59d4687b6e86e375282e92a87346ad77f88c731cf0,200
metric_contract_v1.2,c38b09694be88aa74de0741b39e9d3ba0d6ff61a,,,b701f780ad99d469949a985b0472b8d1f26be0545e531d92895b7559ca142328,last,ood_metric/fpr95_threshold,OOD-4,appendix,descriptive,id_train,id_test_vs_tin,detector_declared,detector/vim_dim128,tin,near,,,,17793,C3,adam,0.0003,0.0,-14.479344822126363,0,09442d81872d37e49f213f59d4687b6e86e375282e92a87346ad77f88c731cf0,200
metric_contract_v1.2,c38b09694be88aa74de0741b39e9d3ba0d6ff61a,,,b701f780ad99d469949a985b0472b8d1f26be0545e531d92895b7559ca142328,last,ood_metric/fpr95_threshold,OOD-4,appendix,descriptive,id_train,id_test_vs_tin,detector_declared,detector/vim_dim256,tin,near,,,,17793,C3,adam,0.0003,0.0,-15.229261150468668,0,09442d81872d37e49f213f59d4687b6e86e375282e92a87346ad77f88c731cf0,200
metric_contract_v1.2,c38b09694be88aa74de0741b39e9d3ba0d6ff61a,,,b701f780ad99d469949a985b0472b8d1f26be0545e531d92895b7559ca142328,last,ood_metric/fpr95_threshold,OOD-4,appendix,descriptive,id_train,id_test_vs_tin,detector_declared,detector/vim_dim320,tin,near,,,,17793,C3,adam,0.0003,0.0,-15.239336072352446,0,09442d81872d37e49f213f59d4687b6e86e375282e92a87346ad77f88c731cf0,200
metric_contract_v1.2,c38b09694be88aa74de0741b39e9d3ba0d6ff61a,,,b701f780ad99d469949a985b0472b8d1f26be0545e531d92895b7559ca142328,last,ood_metric/fpr95_threshold,OOD-4,appendix,descriptive,id_train,id_test_vs_tin,detector_declared,detector/vim_dim64,tin,near,,,,17793,C3,adam,0.0003,0.0,-13.863011678323772,0,09442d81872d37e49f213f59d4687b6e86e375282e92a87346ad77f88c731cf0,200
metric_contract_v1.2,c38b09694be88aa74de0741b39e9d3ba0d6ff61a,,,b701f780ad99d469949a985b0472b8d1f26be0545e531d92895b7559ca142328,last,ood_metric/fpr95_threshold,OOD-4,appendix,descriptive,id_train,id_test_vs_tin,detector_declared,detector/weight_cosine_appendix,tin,near,,,,17793,C3,adam,0.0003,0.0,0.11670964342989137,0,09442d81872d37e49f213f59d4687b6e86e375282e92a87346ad77f88c731cf0,200
metric_contract_v1.2,c38b09694be88aa74de0741b39e9d3ba0d6ff61a,,,b701f780ad99d469949a985b0472b8d1f26be0545e531d92895b7559ca142328,last,ood_metric/fpr95_threshold,OOD-4,appendix,descriptive,,id_test_vs_tin,detector_declared,ood_score/energy_t1,tin,near,,,,17793,C3,adam,0.0003,0.0,4.586182751295584,0,09442d81872d37e49f213f59d4687b6e86e375282e92a87346ad77f88c731cf0,200
metric_contract_v1.2,c38b09694be88aa74de0741b39e9d3ba0d6ff61a,,,b701f780ad99d469949a985b0472b8d1f26be0545e531d92895b7559ca142328,last,ood_metric/fpr95_threshold,OOD-4,appendix,descriptive,,id_test_vs_tin,detector_declared,ood_score/max_logit,tin,near,,,,17793,C3,adam,0.0003,0.0,4.493599224090576,0,09442d81872d37e49f213f59d4687b6e86e375282e92a87346ad77f88c731cf0,200
metric_contract_v1.2,c38b09694be88aa74de0741b39e9d3ba0d6ff61a,,,b701f780ad99d469949a985b0472b8d1f26be0545e531d92895b7559ca142328,last,ood_metric/fpr95_threshold,OOD-4,appendix,descriptive,,id_test_vs_tin,detector_declared,ood_score/msp,tin,near,,,,17793,C3,adam,0.0003,0.0,0.9463391490062487,0,09442d81872d37e49f213f59d4687b6e86e375282e92a87346ad77f88c731cf0,200
metric_contract_v1.2,c38b09694be88aa74de0741b39e9d3ba0d6ff61a,,,5742764ef3bd686abf56fbeafa222ed2fa2784afb6f787533493cfe88190f71f,last,analysis/angular_control_gap_ctm_ncp,OOD-7,exploratory,descriptive,id_train,id_test_vs_tin,paired_auroc_difference,,tin,,,,,17793,C3,adamw,0.001,0.0001,0.04817229564994241,0,5b4a84503131fb9a126173753fa2ca8afaaf4bafb6afe00ccabf127f6a89756d,200
metric_contract_v1.2,c38b09694be88aa74de0741b39e9d3ba0d6ff61a,,,5742764ef3bd686abf56fbeafa222ed2fa2784afb6f787533493cfe88190f71f,last,analysis/restoration_gap_mahalanobis,OOD-7,exploratory,descriptive,id_train,id_test_vs_tin,paired_auroc_difference,,tin,,,,,17793,C3,adamw,0.001,0.0001,0.3335639804953163,0,5b4a84503131fb9a126173753fa2ca8afaaf4bafb6afe00ccabf127f6a89756d,200
metric_contract_v1.2,c38b09694be88aa74de0741b39e9d3ba0d6ff61a,,,5742764ef3bd686abf56fbeafa222ed2fa2784afb6f787533493cfe88190f71f,last,analysis/restoration_gap_relative_mahalanobis,OOD-7,exploratory,descriptive,id_train,id_test_vs_tin,paired_auroc_difference,,tin,,,,,17793,C3,adamw,0.001,0.0001,-0.007470717310406716,0,5b4a84503131fb9a126173753fa2ca8afaaf4bafb6afe00ccabf127f6a89756d,200
metric_contract_v1.2,c38b09694be88aa74de0741b39e9d3ba0d6ff61a,,,5742764ef3bd686abf56fbeafa222ed2fa2784afb6f787533493cfe88190f71f,last,ood_metric/ap_in,OOD-2,appendix,up,id_train,id_test_vs_tin,detector_declared,detector/ctm_prototype_cosine,tin,near,,,,17793,C3,adamw,0.001,0.0001,0.9240657027533019,0,5b4a84503131fb9a126173753fa2ca8afaaf4bafb6afe00ccabf127f6a89756d,200
metric_contract_v1.2,c38b09694be88aa74de0741b39e9d3ba0d6ff61a,,,5742764ef3bd686abf56fbeafa222ed2fa2784afb6f787533493cfe88190f71f,last,ood_metric/ap_in,OOD-2,appendix,up,id_train,id_test_vs_tin,detector_declared,detector/gda_class_density,tin,near,,,,17793,C3,adamw,0.001,0.0001,0.8765717887552906,0,5b4a84503131fb9a126173753fa2ca8afaaf4bafb6afe00ccabf127f6a89756d,200
metric_contract_v1.2,c38b09694be88aa74de0741b39e9d3ba0d6ff61a,,,5742764ef3bd686abf56fbeafa222ed2fa2784afb6f787533493cfe88190f71f,last,ood_metric/ap_in,OOD-2,appendix,up,id_train,id_test_vs_tin,detector_declared,detector/knn_l2_k50,tin,near,,,,17793,C3,adamw,0.001,0.0001,0.9339351153436136,0,5b4a84503131fb9a126173753fa2ca8afaaf4bafb6afe00ccabf127f6a89756d,200
metric_contract_v1.2,c38b09694be88aa74de0741b39e9d3ba0d6ff61a,,,5742764ef3bd686abf56fbeafa222ed2fa2784afb6f787533493cfe88190f71f,last,ood_metric/ap_in,OOD-2,appendix,up,id_train,id_test_vs_tin,detector_declared,detector/mahalanobis_pp,tin,near,,,,17793,C3,adamw,0.001,0.0001,0.9188638359423192,0,5b4a84503131fb9a126173753fa2ca8afaaf4bafb6afe00ccabf127f6a89756d,200
metric_contract_v1.2,c38b09694be88aa74de0741b39e9d3ba0d6ff61a,,,5742764ef3bd686abf56fbeafa222ed2fa2784afb6f787533493cfe88190f71f,last,ood_metric/ap_in,OOD-2,appendix,up,id_train,id_test_vs_tin,detector_declared,detector/mahalanobis_raw,tin,near,,,,17793,C3,adamw,0.001,0.0001,0.6300272248914442,0,5b4a84503131fb9a126173753fa2ca8afaaf4bafb6afe00ccabf127f6a89756d,200
metric_contract_v1.2,c38b09694be88aa74de0741b39e9d3ba0d6ff61a,,,5742764ef3bd686abf56fbeafa222ed2fa2784afb6f787533493cfe88190f71f,last,ood_metric/ap_in,OOD-2,appendix,up,id_train,id_test_vs_tin,detector_declared,detector/marginal_mahalanobis_raw,tin,near,,,,17793,C3,adamw,0.001,0.0001,0.5350010799948423,0,5b4a84503131fb9a126173753fa2ca8afaaf4bafb6afe00ccabf127f6a89756d,200
metric_contract_v1.2,c38b09694be88aa74de0741b39e9d3ba0d6ff61a,,,5742764ef3bd686abf56fbeafa222ed2fa2784afb6f787533493cfe88190f71f,last,ood_metric/ap_in,OOD-2,appendix,up,id_train,id_test_vs_tin,detector_declared,detector/ncp_euclidean_raw,tin,near,,,,17793,C3,adamw,0.001,0.0001,0.8834061498465806,0,5b4a84503131fb9a126173753fa2ca8afaaf4bafb6afe00ccabf127f6a89756d,200
metric_contract_v1.2,c38b09694be88aa74de0741b39e9d3ba0d6ff61a,,,5742764ef3bd686abf56fbeafa222ed2fa2784afb6f787533493cfe88190f71f,last,ood_metric/ap_in,OOD-2,appendix,up,id_train,id_test_vs_tin,detector_declared,detector/neco_author_std_dim100,tin,near,,,,17793,C3,adamw,0.001,0.0001,0.8820569957263358,0,5b4a84503131fb9a126173753fa2ca8afaaf4bafb6afe00ccabf127f6a89756d,200
metric_contract_v1.2,c38b09694be88aa74de0741b39e9d3ba0d6ff61a,,,5742764ef3bd686abf56fbeafa222ed2fa2784afb6f787533493cfe88190f71f,last,ood_metric/ap_in,OOD-2,appendix,up,id_train,id_test_vs_tin,detector_declared,detector/relative_mahalanobis_pp,tin,near,,,,17793,C3,adamw,0.001,0.0001,0.9198359013252773,0,5b4a84503131fb9a126173753fa2ca8afaaf4bafb6afe00ccabf127f6a89756d,200
metric_contract_v1.2,c38b09694be88aa74de0741b39e9d3ba0d6ff61a,,,5742764ef3bd686abf56fbeafa222ed2fa2784afb6f787533493cfe88190f71f,last,ood_metric/ap_in,OOD-2,appendix,up,id_train,id_test_vs_tin,detector_declared,detector/relative_mahalanobis_raw,tin,near,,,,17793,C3,adamw,0.001,0.0001,0.9246855884219481,0,5b4a84503131fb9a126173753fa2ca8afaaf4bafb6afe00ccabf127f6a89756d,200
metric_contract_v1.2,c38b09694be88aa74de0741b39e9d3ba0d6ff61a,,,5742764ef3bd686abf56fbeafa222ed2fa2784afb6f787533493cfe88190f71f,last,ood_metric/ap_in,OOD-2,appendix,up,id_train,id_test_vs_tin,detector_declared,detector/vim_author_dim,tin,near,,,,17793,C3,adamw,0.001,0.0001,0.9332496168345363,0,5b4a84503131fb9a126173753fa2ca8afaaf4bafb6afe00ccabf127f6a89756d,200
metric_contract_v1.2,c38b09694be88aa74de0741b39e9d3ba0d6ff61a,,,5742764ef3bd686abf56fbeafa222ed2fa2784afb6f787533493cfe88190f71f,last,ood_metric/ap_in,OOD-2,appendix,up,id_train,id_test_vs_tin,detector_declared,detector/vim_dim128,tin,near,,,,17793,C3,adamw,0.001,0.0001,0.9335581012367785,0,5b4a84503131fb9a126173753fa2ca8afaaf4bafb6afe00ccabf127f6a89756d,200
metric_contract_v1.2,c38b09694be88aa74de0741b39e9d3ba0d6ff61a,,,5742764ef3bd686abf56fbeafa222ed2fa2784afb6f787533493cfe88190f71f,last,ood_metric/ap_in,OOD-2,appendix,up,id_train,id_test_vs_tin,detector_declared,detector/vim_dim256,tin,near,,,,17793,C3,adamw,0.001,0.0001,0.9333094385793765,0,5b4a84503131fb9a126173753fa2ca8afaaf4bafb6afe00ccabf127f6a89756d,200
metric_contract_v1.2,c38b09694be88aa74de0741b39e9d3ba0d6ff61a,,,5742764ef3bd686abf56fbeafa222ed2fa2784afb6f787533493cfe88190f71f,last,ood_metric/ap_in,OOD-2,appendix,up,id_train,id_test_vs_tin,detector_declared,detector/vim_dim320,tin,near,,,,17793,C3,adamw,0.001,0.0001,0.9332496168345363,0,5b4a84503131fb9a126173753fa2ca8afaaf4bafb6afe00ccabf127f6a89756d,200
metric_contract_v1.2,c38b09694be88aa74de0741b39e9d3ba0d6ff61a,,,5742764ef3bd686abf56fbeafa222ed2fa2784afb6f787533493cfe88190f71f,last,ood_metric/ap_in,OOD-2,appendix,up,id_train,id_test_vs_tin,detector_declared,detector/vim_dim64,tin,near,,,,17793,C3,adamw,0.001,0.0001,0.9334142779652407,0,5b4a84503131fb9a126173753fa2ca8afaaf4bafb6afe00ccabf127f6a89756d,200
metric_contract_v1.2,c38b09694be88aa74de0741b39e9d3ba0d6ff61a,,,5742764ef3bd686abf56fbeafa222ed2fa2784afb6f787533493cfe88190f71f,last,ood_metric/ap_in,OOD-2,appendix,up,id_train,id_test_vs_tin,detector_declared,detector/weight_cosine_appendix,tin,near,,,,17793,C3,adamw,0.001,0.0001,0.9321590745595854,0,5b4a84503131fb9a126173753fa2ca8afaaf4bafb6afe00ccabf127f6a89756d,200
metric_contract_v1.2,c38b09694be88aa74de0741b39e9d3ba0d6ff61a,,,5742764ef3bd686abf56fbeafa222ed2fa2784afb6f787533493cfe88190f71f,last,ood_metric/ap_in,OOD-2,appendix,up,,id_test_vs_tin,detector_declared,ood_score/energy_t1,tin,near,,,,17793,C3,adamw,0.001,0.0001,0.9421736318163454,0,5b4a84503131fb9a126173753fa2ca8afaaf4bafb6afe00ccabf127f6a89756d,200
metric_contract_v1.2,c38b09694be88aa74de0741b39e9d3ba0d6ff61a,,,5742764ef3bd686abf56fbeafa222ed2fa2784afb6f787533493cfe88190f71f,last,ood_metric/ap_in,OOD-2,appendix,up,,id_test_vs_tin,detector_declared,ood_score/max_logit,tin,near,,,,17793,C3,adamw,0.001,0.0001,0.9421334928075816,0,5b4a84503131fb9a126173753fa2ca8afaaf4bafb6afe00ccabf127f6a89756d,200
metric_contract_v1.2,c38b09694be88aa74de0741b39e9d3ba0d6ff61a,,,5742764ef3bd686abf56fbeafa222ed2fa2784afb6f787533493cfe88190f71f,last,ood_metric/ap_in,OOD-2,appendix,up,,id_test_vs_tin,detector_declared,ood_score/msp,tin,near,,,,17793,C3,adamw,0.001,0.0001,0.9296406564610687,0,5b4a84503131fb9a126173753fa2ca8afaaf4bafb6afe00ccabf127f6a89756d,200
metric_contract_v1.2,c38b09694be88aa74de0741b39e9d3ba0d6ff61a,,,5742764ef3bd686abf56fbeafa222ed2fa2784afb6f787533493cfe88190f71f,last,ood_metric/ap_out,OOD-3,appendix,up,id_train,id_test_vs_tin,detector_declared,detector/ctm_prototype_cosine,tin,near,,,,17793,C3,adamw,0.001,0.0001,0.8591384453211554,0,5b4a84503131fb9a126173753fa2ca8afaaf4bafb6afe00ccabf127f6a89756d,200
metric_contract_v1.2,c38b09694be88aa74de0741b39e9d3ba0d6ff61a,,,5742764ef3bd686abf56fbeafa222ed2fa2784afb6f787533493cfe88190f71f,last,ood_metric/ap_out,OOD-3,appendix,up,id_train,id_test_vs_tin,detector_declared,detector/gda_class_density,tin,near,,,,17793,C3,adamw,0.001,0.0001,0.7692685772480299,0,5b4a84503131fb9a126173753fa2ca8afaaf4bafb6afe00ccabf127f6a89756d,200
metric_contract_v1.2,c38b09694be88aa74de0741b39e9d3ba0d6ff61a,,,5742764ef3bd686abf56fbeafa222ed2fa2784afb6f787533493cfe88190f71f,last,ood_metric/ap_out,OOD-3,appendix,up,id_train,id_test_vs_tin,detector_declared,detector/knn_l2_k50,tin,near,,,,17793,C3,adamw,0.001,0.0001,0.8728972730091056,0,5b4a84503131fb9a126173753fa2ca8afaaf4bafb6afe00ccabf127f6a89756d,200
metric_contract_v1.2,c38b09694be88aa74de0741b39e9d3ba0d6ff61a,,,5742764ef3bd686abf56fbeafa222ed2fa2784afb6f787533493cfe88190f71f,last,ood_metric/ap_out,OOD-3,appendix,up,id_train,id_test_vs_tin,detector_declared,detector/mahalanobis_pp,tin,near,,,,17793,C3,adamw,0.001,0.0001,0.8521156475825372,0,5b4a84503131fb9a126173753fa2ca8afaaf4bafb6afe00ccabf127f6a89756d,200
metric_contract_v1.2,c38b09694be88aa74de0741b39e9d3ba0d6ff61a,,,5742764ef3bd686abf56fbeafa222ed2fa2784afb6f787533493cfe88190f71f,last,ood_metric/ap_out,OOD-3,appendix,up,id_train,id_test_vs_tin,detector_declared,detector/mahalanobis_raw,tin,near,,,,17793,C3,adamw,0.001,0.0001,0.4809686774956524,0,5b4a84503131fb9a126173753fa2ca8afaaf4bafb6afe00ccabf127f6a89756d,200
metric_contract_v1.2,c38b09694be88aa74de0741b39e9d3ba0d6ff61a,,,5742764ef3bd686abf56fbeafa222ed2fa2784afb6f787533493cfe88190f71f,last,ood_metric/ap_out,OOD-3,appendix,up,id_train,id_test_vs_tin,detector_declared,detector/marginal_mahalanobis_raw,tin,near,,,,17793,C3,adamw,0.001,0.0001,0.418070978118375,0,5b4a84503131fb9a126173753fa2ca8afaaf4bafb6afe00ccabf127f6a89756d,200
metric_contract_v1.2,c38b09694be88aa74de0741b39e9d3ba0d6ff61a,,,5742764ef3bd686abf56fbeafa222ed2fa2784afb6f787533493cfe88190f71f,last,ood_metric/ap_out,OOD-3,appendix,up,id_train,id_test_vs_tin,detector_declared,detector/ncp_euclidean_raw,tin,near,,,,17793,C3,adamw,0.001,0.0001,0.7743112632686444,0,5b4a84503131fb9a126173753fa2ca8afaaf4bafb6afe00ccabf127f6a89756d,200
metric_contract_v1.2,c38b09694be88aa74de0741b39e9d3ba0d6ff61a,,,5742764ef3bd686abf56fbeafa222ed2fa2784afb6f787533493cfe88190f71f,last,ood_metric/ap_out,OOD-3,appendix,up,id_train,id_test_vs_tin,detector_declared,detector/neco_author_std_dim100,tin,near,,,,17793,C3,adamw,0.001,0.0001,0.7528021103719477,0,5b4a84503131fb9a126173753fa2ca8afaaf4bafb6afe00ccabf127f6a89756d,200
metric_contract_v1.2,c38b09694be88aa74de0741b39e9d3ba0d6ff61a,,,5742764ef3bd686abf56fbeafa222ed2fa2784afb6f787533493cfe88190f71f,last,ood_metric/ap_out,OOD-3,appendix,up,id_train,id_test_vs_tin,detector_declared,detector/relative_mahalanobis_pp,tin,near,,,,17793,C3,adamw,0.001,0.0001,0.8451943931066266,0,5b4a84503131fb9a126173753fa2ca8afaaf4bafb6afe00ccabf127f6a89756d,200
metric_contract_v1.2,c38b09694be88aa74de0741b39e9d3ba0d6ff61a,,,5742764ef3bd686abf56fbeafa222ed2fa2784afb6f787533493cfe88190f71f,last,ood_metric/ap_out,OOD-3,appendix,up,id_train,id_test_vs_tin,detector_declared,detector/relative_mahalanobis_raw,tin,near,,,,17793,C3,adamw,0.001,0.0001,0.8582991314689254,0,5b4a84503131fb9a126173753fa2ca8afaaf4bafb6afe00ccabf127f6a89756d,200
metric_contract_v1.2,c38b09694be88aa74de0741b39e9d3ba0d6ff61a,,,5742764ef3bd686abf56fbeafa222ed2fa2784afb6f787533493cfe88190f71f,last,ood_metric/ap_out,OOD-3,appendix,up,id_train,id_test_vs_tin,detector_declared,detector/vim_author_dim,tin,near,,,,17793,C3,adamw,0.001,0.0001,0.846238041608048,0,5b4a84503131fb9a126173753fa2ca8afaaf4bafb6afe00ccabf127f6a89756d,200
metric_contract_v1.2,c38b09694be88aa74de0741b39e9d3ba0d6ff61a,,,5742764ef3bd686abf56fbeafa222ed2fa2784afb6f787533493cfe88190f71f,last,ood_metric/ap_out,OOD-3,appendix,up,id_train,id_test_vs_tin,detector_declared,detector/vim_dim128,tin,near,,,,17793,C3,adamw,0.001,0.0001,0.8491929327118741,0,5b4a84503131fb9a126173753fa2ca8afaaf4bafb6afe00ccabf127f6a89756d,200
metric_contract_v1.2,c38b09694be88aa74de0741b39e9d3ba0d6ff61a,,,5742764ef3bd686abf56fbeafa222ed2fa2784afb6f787533493cfe88190f71f,last,ood_metric/ap_out,OOD-3,appendix,up,id_train,id_test_vs_tin,detector_declared,detector/vim_dim256,tin,near,,,,17793,C3,adamw,0.001,0.0001,0.846968141421012,0,5b4a84503131fb9a126173753fa2ca8afaaf4bafb6afe00ccabf127f6a89756d,200
metric_contract_v1.2,c38b09694be88aa74de0741b39e9d3ba0d6ff61a,,,5742764ef3bd686abf56fbeafa222ed2fa2784afb6f787533493cfe88190f71f,last,ood_metric/ap_out,OOD-3,appendix,up,id_train,id_test_vs_tin,detector_declared,detector/vim_dim320,tin,near,,,,17793,C3,adamw,0.001,0.0001,0.846238041608048,0,5b4a84503131fb9a126173753fa2ca8afaaf4bafb6afe00ccabf127f6a89756d,200
metric_contract_v1.2,c38b09694be88aa74de0741b39e9d3ba0d6ff61a,,,5742764ef3bd686abf56fbeafa222ed2fa2784afb6f787533493cfe88190f71f,last,ood_metric/ap_out,OOD-3,appendix,up,id_train,id_test_vs_tin,detector_declared,detector/vim_dim64,tin,near,,,,17793,C3,adamw,0.001,0.0001,0.847646136513486,0,5b4a84503131fb9a126173753fa2ca8afaaf4bafb6afe00ccabf127f6a89756d,200
metric_contract_v1.2,c38b09694be88aa74de0741b39e9d3ba0d6ff61a,,,5742764ef3bd686abf56fbeafa222ed2fa2784afb6f787533493cfe88190f71f,last,ood_metric/ap_out,OOD-3,appendix,up,id_train,id_test_vs_tin,detector_declared,detector/weight_cosine_appendix,tin,near,,,,17793,C3,adamw,0.001,0.0001,0.8570814226986772,0,5b4a84503131fb9a126173753fa2ca8afaaf4bafb6afe00ccabf127f6a89756d,200
metric_contract_v1.2,c38b09694be88aa74de0741b39e9d3ba0d6ff61a,,,5742764ef3bd686abf56fbeafa222ed2fa2784afb6f787533493cfe88190f71f,last,ood_metric/ap_out,OOD-3,appendix,up,,id_test_vs_tin,detector_declared,ood_score/energy_t1,tin,near,,,,17793,C3,adamw,0.001,0.0001,0.8672358136314025,0,5b4a84503131fb9a126173753fa2ca8afaaf4bafb6afe00ccabf127f6a89756d,200
metric_contract_v1.2,c38b09694be88aa74de0741b39e9d3ba0d6ff61a,,,5742764ef3bd686abf56fbeafa222ed2fa2784afb6f787533493cfe88190f71f,last,ood_metric/ap_out,OOD-3,appendix,up,,id_test_vs_tin,detector_declared,ood_score/max_logit,tin,near,,,,17793,C3,adamw,0.001,0.0001,0.8675940280484293,0,5b4a84503131fb9a126173753fa2ca8afaaf4bafb6afe00ccabf127f6a89756d,200
metric_contract_v1.2,c38b09694be88aa74de0741b39e9d3ba0d6ff61a,,,5742764ef3bd686abf56fbeafa222ed2fa2784afb6f787533493cfe88190f71f,last,ood_metric/ap_out,OOD-3,appendix,up,,id_test_vs_tin,detector_declared,ood_score/msp,tin,near,,,,17793,C3,adamw,0.001,0.0001,0.8316206601537948,0,5b4a84503131fb9a126173753fa2ca8afaaf4bafb6afe00ccabf127f6a89756d,200
metric_contract_v1.2,c38b09694be88aa74de0741b39e9d3ba0d6ff61a,,,5742764ef3bd686abf56fbeafa222ed2fa2784afb6f787533493cfe88190f71f,last,ood_metric/aupr_in_openood_auc,OOD-2,primary,up,id_train,id_test_vs_tin,detector_declared,detector/ctm_prototype_cosine,tin,near,,,,17793,C3,adamw,0.001,0.0001,0.9240611713529807,0,5b4a84503131fb9a126173753fa2ca8afaaf4bafb6afe00ccabf127f6a89756d,200
metric_contract_v1.2,c38b09694be88aa74de0741b39e9d3ba0d6ff61a,,,5742764ef3bd686abf56fbeafa222ed2fa2784afb6f787533493cfe88190f71f,last,ood_metric/aupr_in_openood_auc,OOD-2,primary,up,id_train,id_test_vs_tin,detector_declared,detector/gda_class_density,tin,near,,,,17793,C3,adamw,0.001,0.0001,0.8765627795286004,0,5b4a84503131fb9a126173753fa2ca8afaaf4bafb6afe00ccabf127f6a89756d,200
metric_contract_v1.2,c38b09694be88aa74de0741b39e9d3ba0d6ff61a,,,5742764ef3bd686abf56fbeafa222ed2fa2784afb6f787533493cfe88190f71f,last,ood_metric/aupr_in_openood_auc,OOD-2,primary,up,id_train,id_test_vs_tin,detector_declared,detector/knn_l2_k50,tin,near,,,,17793,C3,adamw,0.001,0.0001,0.9339315135328006,0,5b4a84503131fb9a126173753fa2ca8afaaf4bafb6afe00ccabf127f6a89756d,200
metric_contract_v1.2,c38b09694be88aa74de0741b39e9d3ba0d6ff61a,,,5742764ef3bd686abf56fbeafa222ed2fa2784afb6f787533493cfe88190f71f,last,ood_metric/aupr_in_openood_auc,OOD-2,primary,up,id_train,id_test_vs_tin,detector_declared,detector/mahalanobis_pp,tin,near,,,,17793,C3,adamw,0.001,0.0001,0.9188590537755916,0,5b4a84503131fb9a126173753fa2ca8afaaf4bafb6afe00ccabf127f6a89756d,200
metric_contract_v1.2,c38b09694be88aa74de0741b39e9d3ba0d6ff61a,,,5742764ef3bd686abf56fbeafa222ed2fa2784afb6f787533493cfe88190f71f,last,ood_metric/aupr_in_openood_auc,OOD-2,primary,up,id_train,id_test_vs_tin,detector_declared,detector/mahalanobis_raw,tin,near,,,,17793,C3,adamw,0.001,0.0001,0.6299767534993611,0,5b4a84503131fb9a126173753fa2ca8afaaf4bafb6afe00ccabf127f6a89756d,200
metric_contract_v1.2,c38b09694be88aa74de0741b39e9d3ba0d6ff61a,,,5742764ef3bd686abf56fbeafa222ed2fa2784afb6f787533493cfe88190f71f,last,ood_metric/aupr_in_openood_auc,OOD-2,primary,up,id_train,id_test_vs_tin,detector_declared,detector/marginal_mahalanobis_raw,tin,near,,,,17793,C3,adamw,0.001,0.0001,0.5348709712154702,0,5b4a84503131fb9a126173753fa2ca8afaaf4bafb6afe00ccabf127f6a89756d,200
metric_contract_v1.2,c38b09694be88aa74de0741b39e9d3ba0d6ff61a,,,5742764ef3bd686abf56fbeafa222ed2fa2784afb6f787533493cfe88190f71f,last,ood_metric/aupr_in_openood_auc,OOD-2,primary,up,id_train,id_test_vs_tin,detector_declared,detector/ncp_euclidean_raw,tin,near,,,,17793,C3,adamw,0.001,0.0001,0.8833963670946049,0,5b4a84503131fb9a126173753fa2ca8afaaf4bafb6afe00ccabf127f6a89756d,200
metric_contract_v1.2,c38b09694be88aa74de0741b39e9d3ba0d6ff61a,,,5742764ef3bd686abf56fbeafa222ed2fa2784afb6f787533493cfe88190f71f,last,ood_metric/aupr_in_openood_auc,OOD-2,primary,up,id_train,id_test_vs_tin,detector_declared,detector/neco_author_std_dim100,tin,near,,,,17793,C3,adamw,0.001,0.0001,0.8820504787776049,0,5b4a84503131fb9a126173753fa2ca8afaaf4bafb6afe00ccabf127f6a89756d,200
metric_contract_v1.2,c38b09694be88aa74de0741b39e9d3ba0d6ff61a,,,5742764ef3bd686abf56fbeafa222ed2fa2784afb6f787533493cfe88190f71f,last,ood_metric/aupr_in_openood_auc,OOD-2,primary,up,id_train,id_test_vs_tin,detector_declared,detector/relative_mahalanobis_pp,tin,near,,,,17793,C3,adamw,0.001,0.0001,0.9198285623132993,0,5b4a84503131fb9a126173753fa2ca8afaaf4bafb6afe00ccabf127f6a89756d,200
metric_contract_v1.2,c38b09694be88aa74de0741b39e9d3ba0d6ff61a,,,5742764ef3bd686abf56fbeafa222ed2fa2784afb6f787533493cfe88190f71f,last,ood_metric/aupr_in_openood_auc,OOD-2,primary,up,id_train,id_test_vs_tin,detector_declared,detector/relative_mahalanobis_raw,tin,near,,,,17793,C3,adamw,0.001,0.0001,0.9246792837224794,0,5b4a84503131fb9a126173753fa2ca8afaaf4bafb6afe00ccabf127f6a89756d,200
metric_contract_v1.2,c38b09694be88aa74de0741b39e9d3ba0d6ff61a,,,5742764ef3bd686abf56fbeafa222ed2fa2784afb6f787533493cfe88190f71f,last,ood_metric/aupr_in_openood_auc,OOD-2,primary,up,id_train,id_test_vs_tin,detector_declared,detector/vim_author_dim,tin,near,,,,17793,C3,adamw,0.001,0.0001,0.9332461894346924,0,5b4a84503131fb9a126173753fa2ca8afaaf4bafb6afe00ccabf127f6a89756d,200
metric_contract_v1.2,c38b09694be88aa74de0741b39e9d3ba0d6ff61a,,,5742764ef3bd686abf56fbeafa222ed2fa2784afb6f787533493cfe88190f71f,last,ood_metric/aupr_in_openood_auc,OOD-2,primary,up,id_train,id_test_vs_tin,detector_declared,detector/vim_dim128,tin,near,,,,17793,C3,adamw,0.001,0.0001,0.9335546538834174,0,5b4a84503131fb9a126173753fa2ca8afaaf4bafb6afe00ccabf127f6a89756d,200
metric_contract_v1.2,c38b09694be88aa74de0741b39e9d3ba0d6ff61a,,,5742764ef3bd686abf56fbeafa222ed2fa2784afb6f787533493cfe88190f71f,last,ood_metric/aupr_in_openood_auc,OOD-2,primary,up,id_train,id_test_vs_tin,detector_declared,detector/vim_dim256,tin,near,,,,17793,C3,adamw,0.001,0.0001,0.933305998746768,0,5b4a84503131fb9a126173753fa2ca8afaaf4bafb6afe00ccabf127f6a89756d,200
metric_contract_v1.2,c38b09694be88aa74de0741b39e9d3ba0d6ff61a,,,5742764ef3bd686abf56fbeafa222ed2fa2784afb6f787533493cfe88190f71f,last,ood_metric/aupr_in_openood_auc,OOD-2,primary,up,id_train,id_test_vs_tin,detector_declared,detector/vim_dim320,tin,near,,,,17793,C3,adamw,0.001,0.0001,0.9332461894346924,0,5b4a84503131fb9a126173753fa2ca8afaaf4bafb6afe00ccabf127f6a89756d,200
metric_contract_v1.2,c38b09694be88aa74de0741b39e9d3ba0d6ff61a,,,5742764ef3bd686abf56fbeafa222ed2fa2784afb6f787533493cfe88190f71f,last,ood_metric/aupr_in_openood_auc,OOD-2,primary,up,id_train,id_test_vs_tin,detector_declared,detector/vim_dim64,tin,near,,,,17793,C3,adamw,0.001,0.0001,0.9334108157678176,0,5b4a84503131fb9a126173753fa2ca8afaaf4bafb6afe00ccabf127f6a89756d,200
metric_contract_v1.2,c38b09694be88aa74de0741b39e9d3ba0d6ff61a,,,5742764ef3bd686abf56fbeafa222ed2fa2784afb6f787533493cfe88190f71f,last,ood_metric/aupr_in_openood_auc,OOD-2,primary,up,id_train,id_test_vs_tin,detector_declared,detector/weight_cosine_appendix,tin,near,,,,17793,C3,adamw,0.001,0.0001,0.9321552623389834,0,5b4a84503131fb9a126173753fa2ca8afaaf4bafb6afe00ccabf127f6a89756d,200
metric_contract_v1.2,c38b09694be88aa74de0741b39e9d3ba0d6ff61a,,,5742764ef3bd686abf56fbeafa222ed2fa2784afb6f787533493cfe88190f71f,last,ood_metric/aupr_in_openood_auc,OOD-2,primary,up,,id_test_vs_tin,detector_declared,ood_score/energy_t1,tin,near,,,,17793,C3,adamw,0.001,0.0001,0.9421706001975673,0,5b4a84503131fb9a126173753fa2ca8afaaf4bafb6afe00ccabf127f6a89756d,200
metric_contract_v1.2,c38b09694be88aa74de0741b39e9d3ba0d6ff61a,,,5742764ef3bd686abf56fbeafa222ed2fa2784afb6f787533493cfe88190f71f,last,ood_metric/aupr_in_openood_auc,OOD-2,primary,up,,id_test_vs_tin,detector_declared,ood_score/max_logit,tin,near,,,,17793,C3,adamw,0.001,0.0001,0.9421304561556174,0,5b4a84503131fb9a126173753fa2ca8afaaf4bafb6afe00ccabf127f6a89756d,200
metric_contract_v1.2,c38b09694be88aa74de0741b39e9d3ba0d6ff61a,,,5742764ef3bd686abf56fbeafa222ed2fa2784afb6f787533493cfe88190f71f,last,ood_metric/aupr_in_openood_auc,OOD-2,primary,up,,id_test_vs_tin,detector_declared,ood_score/msp,tin,near,,,,17793,C3,adamw,0.001,0.0001,0.9300033674744093,0,5b4a84503131fb9a126173753fa2ca8afaaf4bafb6afe00ccabf127f6a89756d,200
metric_contract_v1.2,c38b09694be88aa74de0741b39e9d3ba0d6ff61a,,,5742764ef3bd686abf56fbeafa222ed2fa2784afb6f787533493cfe88190f71f,last,ood_metric/aupr_out_openood_auc,OOD-3,primary,up,id_train,id_test_vs_tin,detector_declared,detector/ctm_prototype_cosine,tin,near,,,,17793,C3,adamw,0.001,0.0001,0.8591233713343345,0,5b4a84503131fb9a126173753fa2ca8afaaf4bafb6afe00ccabf127f6a89756d,200
metric_contract_v1.2,c38b09694be88aa74de0741b39e9d3ba0d6ff61a,,,5742764ef3bd686abf56fbeafa222ed2fa2784afb6f787533493cfe88190f71f,last,ood_metric/aupr_out_openood_auc,OOD-3,primary,up,id_train,id_test_vs_tin,detector_declared,detector/gda_class_density,tin,near,,,,17793,C3,adamw,0.001,0.0001,0.7691981193938351,0,5b4a84503131fb9a126173753fa2ca8afaaf4bafb6afe00ccabf127f6a89756d,200
metric_contract_v1.2,c38b09694be88aa74de0741b39e9d3ba0d6ff61a,,,5742764ef3bd686abf56fbeafa222ed2fa2784afb6f787533493cfe88190f71f,last,ood_metric/aupr_out_openood_auc,OOD-3,primary,up,id_train,id_test_vs_tin,detector_declared,detector/knn_l2_k50,tin,near,,,,17793,C3,adamw,0.001,0.0001,0.8728838638142978,0,5b4a84503131fb9a126173753fa2ca8afaaf4bafb6afe00ccabf127f6a89756d,200
metric_contract_v1.2,c38b09694be88aa74de0741b39e9d3ba0d6ff61a,,,5742764ef3bd686abf56fbeafa222ed2fa2784afb6f787533493cfe88190f71f,last,ood_metric/aupr_out_openood_auc,OOD-3,primary,up,id_train,id_test_vs_tin,detector_declared,detector/mahalanobis_pp,tin,near,,,,17793,C3,adamw,0.001,0.0001,0.852101361255736,0,5b4a84503131fb9a126173753fa2ca8afaaf4bafb6afe00ccabf127f6a89756d,200
metric_contract_v1.2,c38b09694be88aa74de0741b39e9d3ba0d6ff61a,,,5742764ef3bd686abf56fbeafa222ed2fa2784afb6f787533493cfe88190f71f,last,ood_metric/aupr_out_openood_auc,OOD-3,primary,up,id_train,id_test_vs_tin,detector_declared,detector/mahalanobis_raw,tin,near,,,,17793,C3,adamw,0.001,0.0001,0.4808659874828873,0,5b4a84503131fb9a126173753fa2ca8afaaf4bafb6afe00ccabf127f6a89756d,200
metric_contract_v1.2,c38b09694be88aa74de0741b39e9d3ba0d6ff61a,,,5742764ef3bd686abf56fbeafa222ed2fa2784afb6f787533493cfe88190f71f,last,ood_metric/aupr_out_openood_auc,OOD-3,primary,up,id_train,id_test_vs_tin,detector_declared,detector/marginal_mahalanobis_raw,tin,near,,,,17793,C3,adamw,0.001,0.0001,0.4179605166313667,0,5b4a84503131fb9a126173753fa2ca8afaaf4bafb6afe00ccabf127f6a89756d,200
metric_contract_v1.2,c38b09694be88aa74de0741b39e9d3ba0d6ff61a,,,5742764ef3bd686abf56fbeafa222ed2fa2784afb6f787533493cfe88190f71f,last,ood_metric/aupr_out_openood_auc,OOD-3,primary,up,id_train,id_test_vs_tin,detector_declared,detector/ncp_euclidean_raw,tin,near,,,,17793,C3,adamw,0.001,0.0001,0.7741957968595901,0,5b4a84503131fb9a126173753fa2ca8afaaf4bafb6afe00ccabf127f6a89756d,200
metric_contract_v1.2,c38b09694be88aa74de0741b39e9d3ba0d6ff61a,,,5742764ef3bd686abf56fbeafa222ed2fa2784afb6f787533493cfe88190f71f,last,ood_metric/aupr_out_openood_auc,OOD-3,primary,up,id_train,id_test_vs_tin,detector_declared,detector/neco_author_std_dim100,tin,near,,,,17793,C3,adamw,0.001,0.0001,0.7527114599790989,0,5b4a84503131fb9a126173753fa2ca8afaaf4bafb6afe00ccabf127f6a89756d,200
metric_contract_v1.2,c38b09694be88aa74de0741b39e9d3ba0d6ff61a,,,5742764ef3bd686abf56fbeafa222ed2fa2784afb6f787533493cfe88190f71f,last,ood_metric/aupr_out_openood_auc,OOD-3,primary,up,id_train,id_test_vs_tin,detector_declared,detector/relative_mahalanobis_pp,tin,near,,,,17793,C3,adamw,0.001,0.0001,0.8450976842888378,0,5b4a84503131fb9a126173753fa2ca8afaaf4bafb6afe00ccabf127f6a89756d,200
metric_contract_v1.2,c38b09694be88aa74de0741b39e9d3ba0d6ff61a,,,5742764ef3bd686abf56fbeafa222ed2fa2784afb6f787533493cfe88190f71f,last,ood_metric/aupr_out_openood_auc,OOD-3,primary,up,id_train,id_test_vs_tin,detector_declared,detector/relative_mahalanobis_raw,tin,near,,,,17793,C3,adamw,0.001,0.0001,0.8582720602263649,0,5b4a84503131fb9a126173753fa2ca8afaaf4bafb6afe00ccabf127f6a89756d,200
metric_contract_v1.2,c38b09694be88aa74de0741b39e9d3ba0d6ff61a,,,5742764ef3bd686abf56fbeafa222ed2fa2784afb6f787533493cfe88190f71f,last,ood_metric/aupr_out_openood_auc,OOD-3,primary,up,id_train,id_test_vs_tin,detector_declared,detector/vim_author_dim,tin,near,,,,17793,C3,adamw,0.001,0.0001,0.8462036191001918,0,5b4a84503131fb9a126173753fa2ca8afaaf4bafb6afe00ccabf127f6a89756d,200
metric_contract_v1.2,c38b09694be88aa74de0741b39e9d3ba0d6ff61a,,,5742764ef3bd686abf56fbeafa222ed2fa2784afb6f787533493cfe88190f71f,last,ood_metric/aupr_out_openood_auc,OOD-3,primary,up,id_train,id_test_vs_tin,detector_declared,detector/vim_dim128,tin,near,,,,17793,C3,adamw,0.001,0.0001,0.849164929349933,0,5b4a84503131fb9a126173753fa2ca8afaaf4bafb6afe00ccabf127f6a89756d,200
metric_contract_v1.2,c38b09694be88aa74de0741b39e9d3ba0d6ff61a,,,5742764ef3bd686abf56fbeafa222ed2fa2784afb6f787533493cfe88190f71f,last,ood_metric/aupr_out_openood_auc,OOD-3,primary,up,id_train,id_test_vs_tin,detector_declared,detector/vim_dim256,tin,near,,,,17793,C3,adamw,0.001,0.0001,0.8469359511974754,0,5b4a84503131fb9a126173753fa2ca8afaaf4bafb6afe00ccabf127f6a89756d,200
metric_contract_v1.2,c38b09694be88aa74de0741b39e9d3ba0d6ff61a,,,5742764ef3bd686abf56fbeafa222ed2fa2784afb6f787533493cfe88190f71f,last,ood_metric/aupr_out_openood_auc,OOD-3,primary,up,id_train,id_test_vs_tin,detector_declared,detector/vim_dim320,tin,near,,,,17793,C3,adamw,0.001,0.0001,0.8462036191001918,0,5b4a84503131fb9a126173753fa2ca8afaaf4bafb6afe00ccabf127f6a89756d,200
metric_contract_v1.2,c38b09694be88aa74de0741b39e9d3ba0d6ff61a,,,5742764ef3bd686abf56fbeafa222ed2fa2784afb6f787533493cfe88190f71f,last,ood_metric/aupr_out_openood_auc,OOD-3,primary,up,id_train,id_test_vs_tin,detector_declared,detector/vim_dim64,tin,near,,,,17793,C3,adamw,0.001,0.0001,0.8476162760671127,0,5b4a84503131fb9a126173753fa2ca8afaaf4bafb6afe00ccabf127f6a89756d,200
metric_contract_v1.2,c38b09694be88aa74de0741b39e9d3ba0d6ff61a,,,5742764ef3bd686abf56fbeafa222ed2fa2784afb6f787533493cfe88190f71f,last,ood_metric/aupr_out_openood_auc,OOD-3,primary,up,id_train,id_test_vs_tin,detector_declared,detector/weight_cosine_appendix,tin,near,,,,17793,C3,adamw,0.001,0.0001,0.8570564486492427,0,5b4a84503131fb9a126173753fa2ca8afaaf4bafb6afe00ccabf127f6a89756d,200
metric_contract_v1.2,c38b09694be88aa74de0741b39e9d3ba0d6ff61a,,,5742764ef3bd686abf56fbeafa222ed2fa2784afb6f787533493cfe88190f71f,last,ood_metric/aupr_out_openood_auc,OOD-3,primary,up,,id_test_vs_tin,detector_declared,ood_score/energy_t1,tin,near,,,,17793,C3,adamw,0.001,0.0001,0.8672086252468183,0,5b4a84503131fb9a126173753fa2ca8afaaf4bafb6afe00ccabf127f6a89756d,200
metric_contract_v1.2,c38b09694be88aa74de0741b39e9d3ba0d6ff61a,,,5742764ef3bd686abf56fbeafa222ed2fa2784afb6f787533493cfe88190f71f,last,ood_metric/aupr_out_openood_auc,OOD-3,primary,up,,id_test_vs_tin,detector_declared,ood_score/max_logit,tin,near,,,,17793,C3,adamw,0.001,0.0001,0.867568049398042,0,5b4a84503131fb9a126173753fa2ca8afaaf4bafb6afe00ccabf127f6a89756d,200
metric_contract_v1.2,c38b09694be88aa74de0741b39e9d3ba0d6ff61a,,,5742764ef3bd686abf56fbeafa222ed2fa2784afb6f787533493cfe88190f71f,last,ood_metric/aupr_out_openood_auc,OOD-3,primary,up,,id_test_vs_tin,detector_declared,ood_score/msp,tin,near,,,,17793,C3,adamw,0.001,0.0001,0.8316196743109339,0,5b4a84503131fb9a126173753fa2ca8afaaf4bafb6afe00ccabf127f6a89756d,200
metric_contract_v1.2,c38b09694be88aa74de0741b39e9d3ba0d6ff61a,,,5742764ef3bd686abf56fbeafa222ed2fa2784afb6f787533493cfe88190f71f,last,ood_metric/auroc_id_positive,OOD-1,primary,up,id_train,id_test_vs_tin,detector_declared,detector/ctm_prototype_cosine,tin,near,,,,17793,C3,adamw,0.001,0.0001,0.8979355703836778,0,5b4a84503131fb9a126173753fa2ca8afaaf4bafb6afe00ccabf127f6a89756d,200
metric_contract_v1.2,c38b09694be88aa74de0741b39e9d3ba0d6ff61a,,,5742764ef3bd686abf56fbeafa222ed2fa2784afb6f787533493cfe88190f71f,last,ood_metric/auroc_id_positive,OOD-1,primary,up,id_train,id_test_vs_tin,detector_declared,detector/gda_class_density,tin,near,,,,17793,C3,adamw,0.001,0.0001,0.8411392531759272,0,5b4a84503131fb9a126173753fa2ca8afaaf4bafb6afe00ccabf127f6a89756d,200
metric_contract_v1.2,c38b09694be88aa74de0741b39e9d3ba0d6ff61a,,,5742764ef3bd686abf56fbeafa222ed2fa2784afb6f787533493cfe88190f71f,last,ood_metric/auroc_id_positive,OOD-1,primary,up,id_train,id_test_vs_tin,detector_declared,detector/knn_l2_k50,tin,near,,,,17793,C3,adamw,0.001,0.0001,0.9092634800461952,0,5b4a84503131fb9a126173753fa2ca8afaaf4bafb6afe00ccabf127f6a89756d,200
metric_contract_v1.2,c38b09694be88aa74de0741b39e9d3ba0d6ff61a,,,5742764ef3bd686abf56fbeafa222ed2fa2784afb6f787533493cfe88190f71f,last,ood_metric/auroc_id_positive,OOD-1,primary,up,id_train,id_test_vs_tin,detector_declared,detector/mahalanobis_pp,tin,near,,,,17793,C3,adamw,0.001,0.0001,0.8901385730784037,0,5b4a84503131fb9a126173753fa2ca8afaaf4bafb6afe00ccabf127f6a89756d,200
metric_contract_v1.2,c38b09694be88aa74de0741b39e9d3ba0d6ff61a,,,5742764ef3bd686abf56fbeafa222ed2fa2784afb6f787533493cfe88190f71f,last,ood_metric/auroc_id_positive,OOD-1,primary,up,id_train,id_test_vs_tin,detector_declared,detector/mahalanobis_raw,tin,near,,,,17793,C3,adamw,0.001,0.0001,0.5565745925830874,0,5b4a84503131fb9a126173753fa2ca8afaaf4bafb6afe00ccabf127f6a89756d,200
metric_contract_v1.2,c38b09694be88aa74de0741b39e9d3ba0d6ff61a,,,5742764ef3bd686abf56fbeafa222ed2fa2784afb6f787533493cfe88190f71f,last,ood_metric/auroc_id_positive,OOD-1,primary,up,id_train,id_test_vs_tin,detector_declared,detector/marginal_mahalanobis_raw,tin,near,,,,17793,C3,adamw,0.001,0.0001,0.4588593224688823,0,5b4a84503131fb9a126173753fa2ca8afaaf4bafb6afe00ccabf127f6a89756d,200
metric_contract_v1.2,c38b09694be88aa74de0741b39e9d3ba0d6ff61a,,,5742764ef3bd686abf56fbeafa222ed2fa2784afb6f787533493cfe88190f71f,last,ood_metric/auroc_id_positive,OOD-1,primary,up,id_train,id_test_vs_tin,detector_declared,detector/ncp_euclidean_raw,tin,near,,,,17793,C3,adamw,0.001,0.0001,0.8497632747337354,0,5b4a84503131fb9a126173753fa2ca8afaaf4bafb6afe00ccabf127f6a89756d,200
metric_contract_v1.2,c38b09694be88aa74de0741b39e9d3ba0d6ff61a,,,5742764ef3bd686abf56fbeafa222ed2fa2784afb6f787533493cfe88190f71f,last,ood_metric/auroc_id_positive,OOD-1,primary,up,id_train,id_test_vs_tin,detector_declared,detector/neco_author_std_dim100,tin,near,,,,17793,C3,adamw,0.001,0.0001,0.8322072757602977,0,5b4a84503131fb9a126173753fa2ca8afaaf4bafb6afe00ccabf127f6a89756d,200
metric_contract_v1.2,c38b09694be88aa74de0741b39e9d3ba0d6ff61a,,,5742764ef3bd686abf56fbeafa222ed2fa2784afb6f787533493cfe88190f71f,last,ood_metric/auroc_id_positive,OOD-1,primary,up,id_train,id_test_vs_tin,detector_declared,detector/relative_mahalanobis_pp,tin,near,,,,17793,C3,adamw,0.001,0.0001,0.8950373412036443,0,5b4a84503131fb9a126173753fa2ca8afaaf4bafb6afe00ccabf127f6a89756d,200
metric_contract_v1.2,c38b09694be88aa74de0741b39e9d3ba0d6ff61a,,,5742764ef3bd686abf56fbeafa222ed2fa2784afb6f787533493cfe88190f71f,last,ood_metric/auroc_id_positive,OOD-1,primary,up,id_train,id_test_vs_tin,detector_declared,detector/relative_mahalanobis_raw,tin,near,,,,17793,C3,adamw,0.001,0.0001,0.902508058514051,0,5b4a84503131fb9a126173753fa2ca8afaaf4bafb6afe00ccabf127f6a89756d,200
metric_contract_v1.2,c38b09694be88aa74de0741b39e9d3ba0d6ff61a,,,5742764ef3bd686abf56fbeafa222ed2fa2784afb6f787533493cfe88190f71f,last,ood_metric/auroc_id_positive,OOD-1,primary,up,id_train,id_test_vs_tin,detector_declared,detector/vim_author_dim,tin,near,,,,17793,C3,adamw,0.001,0.0001,0.9032221737456693,0,5b4a84503131fb9a126173753fa2ca8afaaf4bafb6afe00ccabf127f6a89756d,200
metric_contract_v1.2,c38b09694be88aa74de0741b39e9d3ba0d6ff61a,,,5742764ef3bd686abf56fbeafa222ed2fa2784afb6f787533493cfe88190f71f,last,ood_metric/auroc_id_positive,OOD-1,primary,up,id_train,id_test_vs_tin,detector_declared,detector/vim_dim128,tin,near,,,,17793,C3,adamw,0.001,0.0001,0.9043777620941871,0,5b4a84503131fb9a126173753fa2ca8afaaf4bafb6afe00ccabf127f6a89756d,200
metric_contract_v1.2,c38b09694be88aa74de0741b39e9d3ba0d6ff61a,,,5742764ef3bd686abf56fbeafa222ed2fa2784afb6f787533493cfe88190f71f,last,ood_metric/auroc_id_positive,OOD-1,primary,up,id_train,id_test_vs_tin,detector_declared,detector/vim_dim256,tin,near,,,,17793,C3,adamw,0.001,0.0001,0.9035609521365328,0,5b4a84503131fb9a126173753fa2ca8afaaf4bafb6afe00ccabf127f6a89756d,200
metric_contract_v1.2,c38b09694be88aa74de0741b39e9d3ba0d6ff61a,,,5742764ef3bd686abf56fbeafa222ed2fa2784afb6f787533493cfe88190f71f,last,ood_metric/auroc_id_positive,OOD-1,primary,up,id_train,id_test_vs_tin,detector_declared,detector/vim_dim320,tin,near,,,,17793,C3,adamw,0.001,0.0001,0.9032221737456693,0,5b4a84503131fb9a126173753fa2ca8afaaf4bafb6afe00ccabf127f6a89756d,200
metric_contract_v1.2,c38b09694be88aa74de0741b39e9d3ba0d6ff61a,,,5742764ef3bd686abf56fbeafa222ed2fa2784afb6f787533493cfe88190f71f,last,ood_metric/auroc_id_positive,OOD-1,primary,up,id_train,id_test_vs_tin,detector_declared,detector/vim_dim64,tin,near,,,,17793,C3,adamw,0.001,0.0001,0.9039391120236109,0,5b4a84503131fb9a126173753fa2ca8afaaf4bafb6afe00ccabf127f6a89756d,200
metric_contract_v1.2,c38b09694be88aa74de0741b39e9d3ba0d6ff61a,,,5742764ef3bd686abf56fbeafa222ed2fa2784afb6f787533493cfe88190f71f,last,ood_metric/auroc_id_positive,OOD-1,primary,up,id_train,id_test_vs_tin,detector_declared,detector/weight_cosine_appendix,tin,near,,,,17793,C3,adamw,0.001,0.0001,0.9055553958680868,0,5b4a84503131fb9a126173753fa2ca8afaaf4bafb6afe00ccabf127f6a89756d,200
metric_contract_v1.2,c38b09694be88aa74de0741b39e9d3ba0d6ff61a,,,5742764ef3bd686abf56fbeafa222ed2fa2784afb6f787533493cfe88190f71f,last,ood_metric/auroc_id_positive,OOD-1,primary,up,,id_test_vs_tin,detector_declared,ood_score/energy_t1,tin,near,,,,17793,C3,adamw,0.001,0.0001,0.9168437315539588,0,5b4a84503131fb9a126173753fa2ca8afaaf4bafb6afe00ccabf127f6a89756d,200
metric_contract_v1.2,c38b09694be88aa74de0741b39e9d3ba0d6ff61a,,,5742764ef3bd686abf56fbeafa222ed2fa2784afb6f787533493cfe88190f71f,last,ood_metric/auroc_id_positive,OOD-1,primary,up,,id_test_vs_tin,detector_declared,ood_score/max_logit,tin,near,,,,17793,C3,adamw,0.001,0.0001,0.9168049403310663,0,5b4a84503131fb9a126173753fa2ca8afaaf4bafb6afe00ccabf127f6a89756d,200
metric_contract_v1.2,c38b09694be88aa74de0741b39e9d3ba0d6ff61a,,,5742764ef3bd686abf56fbeafa222ed2fa2784afb6f787533493cfe88190f71f,last,ood_metric/auroc_id_positive,OOD-1,primary,up,,id_test_vs_tin,detector_declared,ood_score/msp,tin,near,,,,17793,C3,adamw,0.001,0.0001,0.8964032465032721,0,5b4a84503131fb9a126173753fa2ca8afaaf4bafb6afe00ccabf127f6a89756d,200
metric_contract_v1.2,c38b09694be88aa74de0741b39e9d3ba0d6ff61a,,,5742764ef3bd686abf56fbeafa222ed2fa2784afb6f787533493cfe88190f71f,last,ood_metric/fpr95_achieved_id_tpr,OOD-4,appendix,descriptive,id_train,id_test_vs_tin,detector_declared,detector/ctm_prototype_cosine,tin,near,,,,17793,C3,adamw,0.001,0.0001,0.95,0,5b4a84503131fb9a126173753fa2ca8afaaf4bafb6afe00ccabf127f6a89756d,200
metric_contract_v1.2,c38b09694be88aa74de0741b39e9d3ba0d6ff61a,,,5742764ef3bd686abf56fbeafa222ed2fa2784afb6f787533493cfe88190f71f,last,ood_metric/fpr95_achieved_id_tpr,OOD-4,appendix,descriptive,id_train,id_test_vs_tin,detector_declared,detector/gda_class_density,tin,near,,,,17793,C3,adamw,0.001,0.0001,0.95,0,5b4a84503131fb9a126173753fa2ca8afaaf4bafb6afe00ccabf127f6a89756d,200
metric_contract_v1.2,c38b09694be88aa74de0741b39e9d3ba0d6ff61a,,,5742764ef3bd686abf56fbeafa222ed2fa2784afb6f787533493cfe88190f71f,last,ood_metric/fpr95_achieved_id_tpr,OOD-4,appendix,descriptive,id_train,id_test_vs_tin,detector_declared,detector/knn_l2_k50,tin,near,,,,17793,C3,adamw,0.001,0.0001,0.95,0,5b4a84503131fb9a126173753fa2ca8afaaf4bafb6afe00ccabf127f6a89756d,200
metric_contract_v1.2,c38b09694be88aa74de0741b39e9d3ba0d6ff61a,,,5742764ef3bd686abf56fbeafa222ed2fa2784afb6f787533493cfe88190f71f,last,ood_metric/fpr95_achieved_id_tpr,OOD-4,appendix,descriptive,id_train,id_test_vs_tin,detector_declared,detector/mahalanobis_pp,tin,near,,,,17793,C3,adamw,0.001,0.0001,0.95,0,5b4a84503131fb9a126173753fa2ca8afaaf4bafb6afe00ccabf127f6a89756d,200
metric_contract_v1.2,c38b09694be88aa74de0741b39e9d3ba0d6ff61a,,,5742764ef3bd686abf56fbeafa222ed2fa2784afb6f787533493cfe88190f71f,last,ood_metric/fpr95_achieved_id_tpr,OOD-4,appendix,descriptive,id_train,id_test_vs_tin,detector_declared,detector/mahalanobis_raw,tin,near,,,,17793,C3,adamw,0.001,0.0001,0.95,0,5b4a84503131fb9a126173753fa2ca8afaaf4bafb6afe00ccabf127f6a89756d,200
metric_contract_v1.2,c38b09694be88aa74de0741b39e9d3ba0d6ff61a,,,5742764ef3bd686abf56fbeafa222ed2fa2784afb6f787533493cfe88190f71f,last,ood_metric/fpr95_achieved_id_tpr,OOD-4,appendix,descriptive,id_train,id_test_vs_tin,detector_declared,detector/marginal_mahalanobis_raw,tin,near,,,,17793,C3,adamw,0.001,0.0001,0.95,0,5b4a84503131fb9a126173753fa2ca8afaaf4bafb6afe00ccabf127f6a89756d,200
metric_contract_v1.2,c38b09694be88aa74de0741b39e9d3ba0d6ff61a,,,5742764ef3bd686abf56fbeafa222ed2fa2784afb6f787533493cfe88190f71f,last,ood_metric/fpr95_achieved_id_tpr,OOD-4,appendix,descriptive,id_train,id_test_vs_tin,detector_declared,detector/ncp_euclidean_raw,tin,near,,,,17793,C3,adamw,0.001,0.0001,0.95,0,5b4a84503131fb9a126173753fa2ca8afaaf4bafb6afe00ccabf127f6a89756d,200
metric_contract_v1.2,c38b09694be88aa74de0741b39e9d3ba0d6ff61a,,,5742764ef3bd686abf56fbeafa222ed2fa2784afb6f787533493cfe88190f71f,last,ood_metric/fpr95_achieved_id_tpr,OOD-4,appendix,descriptive,id_train,id_test_vs_tin,detector_declared,detector/neco_author_std_dim100,tin,near,,,,17793,C3,adamw,0.001,0.0001,0.95,0,5b4a84503131fb9a126173753fa2ca8afaaf4bafb6afe00ccabf127f6a89756d,200
metric_contract_v1.2,c38b09694be88aa74de0741b39e9d3ba0d6ff61a,,,5742764ef3bd686abf56fbeafa222ed2fa2784afb6f787533493cfe88190f71f,last,ood_metric/fpr95_achieved_id_tpr,OOD-4,appendix,descriptive,id_train,id_test_vs_tin,detector_declared,detector/relative_mahalanobis_pp,tin,near,,,,17793,C3,adamw,0.001,0.0001,0.95,0,5b4a84503131fb9a126173753fa2ca8afaaf4bafb6afe00ccabf127f6a89756d,200
metric_contract_v1.2,c38b09694be88aa74de0741b39e9d3ba0d6ff61a,,,5742764ef3bd686abf56fbeafa222ed2fa2784afb6f787533493cfe88190f71f,last,ood_metric/fpr95_achieved_id_tpr,OOD-4,appendix,descriptive,id_train,id_test_vs_tin,detector_declared,detector/relative_mahalanobis_raw,tin,near,,,,17793,C3,adamw,0.001,0.0001,0.95,0,5b4a84503131fb9a126173753fa2ca8afaaf4bafb6afe00ccabf127f6a89756d,200
metric_contract_v1.2,c38b09694be88aa74de0741b39e9d3ba0d6ff61a,,,5742764ef3bd686abf56fbeafa222ed2fa2784afb6f787533493cfe88190f71f,last,ood_metric/fpr95_achieved_id_tpr,OOD-4,appendix,descriptive,id_train,id_test_vs_tin,detector_declared,detector/vim_author_dim,tin,near,,,,17793,C3,adamw,0.001,0.0001,0.95,0,5b4a84503131fb9a126173753fa2ca8afaaf4bafb6afe00ccabf127f6a89756d,200
metric_contract_v1.2,c38b09694be88aa74de0741b39e9d3ba0d6ff61a,,,5742764ef3bd686abf56fbeafa222ed2fa2784afb6f787533493cfe88190f71f,last,ood_metric/fpr95_achieved_id_tpr,OOD-4,appendix,descriptive,id_train,id_test_vs_tin,detector_declared,detector/vim_dim128,tin,near,,,,17793,C3,adamw,0.001,0.0001,0.95,0,5b4a84503131fb9a126173753fa2ca8afaaf4bafb6afe00ccabf127f6a89756d,200
metric_contract_v1.2,c38b09694be88aa74de0741b39e9d3ba0d6ff61a,,,5742764ef3bd686abf56fbeafa222ed2fa2784afb6f787533493cfe88190f71f,last,ood_metric/fpr95_achieved_id_tpr,OOD-4,appendix,descriptive,id_train,id_test_vs_tin,detector_declared,detector/vim_dim256,tin,near,,,,17793,C3,adamw,0.001,0.0001,0.95,0,5b4a84503131fb9a126173753fa2ca8afaaf4bafb6afe00ccabf127f6a89756d,200
metric_contract_v1.2,c38b09694be88aa74de0741b39e9d3ba0d6ff61a,,,5742764ef3bd686abf56fbeafa222ed2fa2784afb6f787533493cfe88190f71f,last,ood_metric/fpr95_achieved_id_tpr,OOD-4,appendix,descriptive,id_train,id_test_vs_tin,detector_declared,detector/vim_dim320,tin,near,,,,17793,C3,adamw,0.001,0.0001,0.95,0,5b4a84503131fb9a126173753fa2ca8afaaf4bafb6afe00ccabf127f6a89756d,200
metric_contract_v1.2,c38b09694be88aa74de0741b39e9d3ba0d6ff61a,,,5742764ef3bd686abf56fbeafa222ed2fa2784afb6f787533493cfe88190f71f,last,ood_metric/fpr95_achieved_id_tpr,OOD-4,appendix,descriptive,id_train,id_test_vs_tin,detector_declared,detector/vim_dim64,tin,near,,,,17793,C3,adamw,0.001,0.0001,0.95,0,5b4a84503131fb9a126173753fa2ca8afaaf4bafb6afe00ccabf127f6a89756d,200
metric_contract_v1.2,c38b09694be88aa74de0741b39e9d3ba0d6ff61a,,,5742764ef3bd686abf56fbeafa222ed2fa2784afb6f787533493cfe88190f71f,last,ood_metric/fpr95_achieved_id_tpr,OOD-4,appendix,descriptive,id_train,id_test_vs_tin,detector_declared,detector/weight_cosine_appendix,tin,near,,,,17793,C3,adamw,0.001,0.0001,0.95,0,5b4a84503131fb9a126173753fa2ca8afaaf4bafb6afe00ccabf127f6a89756d,200
metric_contract_v1.2,c38b09694be88aa74de0741b39e9d3ba0d6ff61a,,,5742764ef3bd686abf56fbeafa222ed2fa2784afb6f787533493cfe88190f71f,last,ood_metric/fpr95_achieved_id_tpr,OOD-4,appendix,descriptive,,id_test_vs_tin,detector_declared,ood_score/energy_t1,tin,near,,,,17793,C3,adamw,0.001,0.0001,0.95,0,5b4a84503131fb9a126173753fa2ca8afaaf4bafb6afe00ccabf127f6a89756d,200
metric_contract_v1.2,c38b09694be88aa74de0741b39e9d3ba0d6ff61a,,,5742764ef3bd686abf56fbeafa222ed2fa2784afb6f787533493cfe88190f71f,last,ood_metric/fpr95_achieved_id_tpr,OOD-4,appendix,descriptive,,id_test_vs_tin,detector_declared,ood_score/max_logit,tin,near,,,,17793,C3,adamw,0.001,0.0001,0.95,0,5b4a84503131fb9a126173753fa2ca8afaaf4bafb6afe00ccabf127f6a89756d,200
metric_contract_v1.2,c38b09694be88aa74de0741b39e9d3ba0d6ff61a,,,5742764ef3bd686abf56fbeafa222ed2fa2784afb6f787533493cfe88190f71f,last,ood_metric/fpr95_achieved_id_tpr,OOD-4,appendix,descriptive,,id_test_vs_tin,detector_declared,ood_score/msp,tin,near,,,,17793,C3,adamw,0.001,0.0001,0.95,0,5b4a84503131fb9a126173753fa2ca8afaaf4bafb6afe00ccabf127f6a89756d,200
metric_contract_v1.2,c38b09694be88aa74de0741b39e9d3ba0d6ff61a,,,5742764ef3bd686abf56fbeafa222ed2fa2784afb6f787533493cfe88190f71f,last,ood_metric/fpr95_id_tpr,OOD-4,primary,down,id_train,id_test_vs_tin,detector_declared,detector/ctm_prototype_cosine,tin,near,,,,17793,C3,adamw,0.001,0.0001,0.521237007570897,0,5b4a84503131fb9a126173753fa2ca8afaaf4bafb6afe00ccabf127f6a89756d,200
metric_contract_v1.2,c38b09694be88aa74de0741b39e9d3ba0d6ff61a,,,5742764ef3bd686abf56fbeafa222ed2fa2784afb6f787533493cfe88190f71f,last,ood_metric/fpr95_id_tpr,OOD-4,primary,down,id_train,id_test_vs_tin,detector_declared,detector/gda_class_density,tin,near,,,,17793,C3,adamw,0.001,0.0001,0.6962658796355704,0,5b4a84503131fb9a126173753fa2ca8afaaf4bafb6afe00ccabf127f6a89756d,200
metric_contract_v1.2,c38b09694be88aa74de0741b39e9d3ba0d6ff61a,,,5742764ef3bd686abf56fbeafa222ed2fa2784afb6f787533493cfe88190f71f,last,ood_metric/fpr95_id_tpr,OOD-4,primary,down,id_train,id_test_vs_tin,detector_declared,detector/knn_l2_k50,tin,near,,,,17793,C3,adamw,0.001,0.0001,0.4862055691004748,0,5b4a84503131fb9a126173753fa2ca8afaaf4bafb6afe00ccabf127f6a89756d,200
metric_contract_v1.2,c38b09694be88aa74de0741b39e9d3ba0d6ff61a,,,5742764ef3bd686abf56fbeafa222ed2fa2784afb6f787533493cfe88190f71f,last,ood_metric/fpr95_id_tpr,OOD-4,primary,down,id_train,id_test_vs_tin,detector_declared,detector/mahalanobis_pp,tin,near,,,,17793,C3,adamw,0.001,0.0001,0.5282946233799564,0,5b4a84503131fb9a126173753fa2ca8afaaf4bafb6afe00ccabf127f6a89756d,200
metric_contract_v1.2,c38b09694be88aa74de0741b39e9d3ba0d6ff61a,,,5742764ef3bd686abf56fbeafa222ed2fa2784afb6f787533493cfe88190f71f,last,ood_metric/fpr95_id_tpr,OOD-4,primary,down,id_train,id_test_vs_tin,detector_declared,detector/mahalanobis_raw,tin,near,,,,17793,C3,adamw,0.001,0.0001,0.9294238419094059,0,5b4a84503131fb9a126173753fa2ca8afaaf4bafb6afe00ccabf127f6a89756d,200
metric_contract_v1.2,c38b09694be88aa74de0741b39e9d3ba0d6ff61a,,,5742764ef3bd686abf56fbeafa222ed2fa2784afb6f787533493cfe88190f71f,last,ood_metric/fpr95_id_tpr,OOD-4,primary,down,id_train,id_test_vs_tin,detector_declared,detector/marginal_mahalanobis_raw,tin,near,,,,17793,C3,adamw,0.001,0.0001,0.9477736430129603,0,5b4a84503131fb9a126173753fa2ca8afaaf4bafb6afe00ccabf127f6a89756d,200
metric_contract_v1.2,c38b09694be88aa74de0741b39e9d3ba0d6ff61a,,,5742764ef3bd686abf56fbeafa222ed2fa2784afb6f787533493cfe88190f71f,last,ood_metric/fpr95_id_tpr,OOD-4,primary,down,id_train,id_test_vs_tin,detector_declared,detector/ncp_euclidean_raw,tin,near,,,,17793,C3,adamw,0.001,0.0001,0.6611061208777108,0,5b4a84503131fb9a126173753fa2ca8afaaf4bafb6afe00ccabf127f6a89756d,200
metric_contract_v1.2,c38b09694be88aa74de0741b39e9d3ba0d6ff61a,,,5742764ef3bd686abf56fbeafa222ed2fa2784afb6f787533493cfe88190f71f,last,ood_metric/fpr95_id_tpr,OOD-4,primary,down,id_train,id_test_vs_tin,detector_declared,detector/neco_author_std_dim100,tin,near,,,,17793,C3,adamw,0.001,0.0001,0.7218016168356217,0,5b4a84503131fb9a126173753fa2ca8afaaf4bafb6afe00ccabf127f6a89756d,200
metric_contract_v1.2,c38b09694be88aa74de0741b39e9d3ba0d6ff61a,,,5742764ef3bd686abf56fbeafa222ed2fa2784afb6f787533493cfe88190f71f,last,ood_metric/fpr95_id_tpr,OOD-4,primary,down,id_train,id_test_vs_tin,detector_declared,detector/relative_mahalanobis_pp,tin,near,,,,17793,C3,adamw,0.001,0.0001,0.5771846528936225,0,5b4a84503131fb9a126173753fa2ca8afaaf4bafb6afe00ccabf127f6a89756d,200
metric_contract_v1.2,c38b09694be88aa74de0741b39e9d3ba0d6ff61a,,,5742764ef3bd686abf56fbeafa222ed2fa2784afb6f787533493cfe88190f71f,last,ood_metric/fpr95_id_tpr,OOD-4,primary,down,id_train,id_test_vs_tin,detector_declared,detector/relative_mahalanobis_raw,tin,near,,,,17793,C3,adamw,0.001,0.0001,0.5159758757859617,0,5b4a84503131fb9a126173753fa2ca8afaaf4bafb6afe00ccabf127f6a89756d,200
metric_contract_v1.2,c38b09694be88aa74de0741b39e9d3ba0d6ff61a,,,5742764ef3bd686abf56fbeafa222ed2fa2784afb6f787533493cfe88190f71f,last,ood_metric/fpr95_id_tpr,OOD-4,primary,down,id_train,id_test_vs_tin,detector_declared,detector/vim_author_dim,tin,near,,,,17793,C3,adamw,0.001,0.0001,0.5585782112151931,0,5b4a84503131fb9a126173753fa2ca8afaaf4bafb6afe00ccabf127f6a89756d,200
metric_contract_v1.2,c38b09694be88aa74de0741b39e9d3ba0d6ff61a,,,5742764ef3bd686abf56fbeafa222ed2fa2784afb6f787533493cfe88190f71f,last,ood_metric/fpr95_id_tpr,OOD-4,primary,down,id_train,id_test_vs_tin,detector_declared,detector/vim_dim128,tin,near,,,,17793,C3,adamw,0.001,0.0001,0.5321442320030797,0,5b4a84503131fb9a126173753fa2ca8afaaf4bafb6afe00ccabf127f6a89756d,200
metric_contract_v1.2,c38b09694be88aa74de0741b39e9d3ba0d6ff61a,,,5742764ef3bd686abf56fbeafa222ed2fa2784afb6f787533493cfe88190f71f,last,ood_metric/fpr95_id_tpr,OOD-4,primary,down,id_train,id_test_vs_tin,detector_declared,detector/vim_dim256,tin,near,,,,17793,C3,adamw,0.001,0.0001,0.5467727447709483,0,5b4a84503131fb9a126173753fa2ca8afaaf4bafb6afe00ccabf127f6a89756d,200
metric_contract_v1.2,c38b09694be88aa74de0741b39e9d3ba0d6ff61a,,,5742764ef3bd686abf56fbeafa222ed2fa2784afb6f787533493cfe88190f71f,last,ood_metric/fpr95_id_tpr,OOD-4,primary,down,id_train,id_test_vs_tin,detector_declared,detector/vim_dim320,tin,near,,,,17793,C3,adamw,0.001,0.0001,0.5585782112151931,0,5b4a84503131fb9a126173753fa2ca8afaaf4bafb6afe00ccabf127f6a89756d,200
metric_contract_v1.2,c38b09694be88aa74de0741b39e9d3ba0d6ff61a,,,5742764ef3bd686abf56fbeafa222ed2fa2784afb6f787533493cfe88190f71f,last,ood_metric/fpr95_id_tpr,OOD-4,primary,down,id_train,id_test_vs_tin,detector_declared,detector/vim_dim64,tin,near,,,,17793,C3,adamw,0.001,0.0001,0.5361221609136404,0,5b4a84503131fb9a126173753fa2ca8afaaf4bafb6afe00ccabf127f6a89756d,200
metric_contract_v1.2,c38b09694be88aa74de0741b39e9d3ba0d6ff61a,,,5742764ef3bd686abf56fbeafa222ed2fa2784afb6f787533493cfe88190f71f,last,ood_metric/fpr95_id_tpr,OOD-4,primary,down,id_train,id_test_vs_tin,detector_declared,detector/weight_cosine_appendix,tin,near,,,,17793,C3,adamw,0.001,0.0001,0.507378416527653,0,5b4a84503131fb9a126173753fa2ca8afaaf4bafb6afe00ccabf127f6a89756d,200
metric_contract_v1.2,c38b09694be88aa74de0741b39e9d3ba0d6ff61a,,,5742764ef3bd686abf56fbeafa222ed2fa2784afb6f787533493cfe88190f71f,last,ood_metric/fpr95_id_tpr,OOD-4,primary,down,,id_test_vs_tin,detector_declared,ood_score/energy_t1,tin,near,,,,17793,C3,adamw,0.001,0.0001,0.4788913127165405,0,5b4a84503131fb9a126173753fa2ca8afaaf4bafb6afe00ccabf127f6a89756d,200
metric_contract_v1.2,c38b09694be88aa74de0741b39e9d3ba0d6ff61a,,,5742764ef3bd686abf56fbeafa222ed2fa2784afb6f787533493cfe88190f71f,last,ood_metric/fpr95_id_tpr,OOD-4,primary,down,,id_test_vs_tin,detector_declared,ood_score/max_logit,tin,near,,,,17793,C3,adamw,0.001,0.0001,0.47414346208135505,0,5b4a84503131fb9a126173753fa2ca8afaaf4bafb6afe00ccabf127f6a89756d,200
metric_contract_v1.2,c38b09694be88aa74de0741b39e9d3ba0d6ff61a,,,5742764ef3bd686abf56fbeafa222ed2fa2784afb6f787533493cfe88190f71f,last,ood_metric/fpr95_id_tpr,OOD-4,primary,down,,id_test_vs_tin,detector_declared,ood_score/msp,tin,near,,,,17793,C3,adamw,0.001,0.0001,0.6131143333761068,0,5b4a84503131fb9a126173753fa2ca8afaaf4bafb6afe00ccabf127f6a89756d,200
metric_contract_v1.2,c38b09694be88aa74de0741b39e9d3ba0d6ff61a,,,5742764ef3bd686abf56fbeafa222ed2fa2784afb6f787533493cfe88190f71f,last,ood_metric/fpr95_threshold,OOD-4,appendix,descriptive,id_train,id_test_vs_tin,detector_declared,detector/ctm_prototype_cosine,tin,near,,,,17793,C3,adamw,0.001,0.0001,0.8254020047897178,0,5b4a84503131fb9a126173753fa2ca8afaaf4bafb6afe00ccabf127f6a89756d,200
metric_contract_v1.2,c38b09694be88aa74de0741b39e9d3ba0d6ff61a,,,5742764ef3bd686abf56fbeafa222ed2fa2784afb6f787533493cfe88190f71f,last,ood_metric/fpr95_threshold,OOD-4,appendix,descriptive,id_train,id_test_vs_tin,detector_declared,detector/gda_class_density,tin,near,,,,17793,C3,adamw,0.001,0.0001,762.217317980956,0,5b4a84503131fb9a126173753fa2ca8afaaf4bafb6afe00ccabf127f6a89756d,200
metric_contract_v1.2,c38b09694be88aa74de0741b39e9d3ba0d6ff61a,,,5742764ef3bd686abf56fbeafa222ed2fa2784afb6f787533493cfe88190f71f,last,ood_metric/fpr95_threshold,OOD-4,appendix,descriptive,id_train,id_test_vs_tin,detector_declared,detector/knn_l2_k50,tin,near,,,,17793,C3,adamw,0.001,0.0001,-0.21835534818440339,0,5b4a84503131fb9a126173753fa2ca8afaaf4bafb6afe00ccabf127f6a89756d,200
metric_contract_v1.2,c38b09694be88aa74de0741b39e9d3ba0d6ff61a,,,5742764ef3bd686abf56fbeafa222ed2fa2784afb6f787533493cfe88190f71f,last,ood_metric/fpr95_threshold,OOD-4,appendix,descriptive,id_train,id_test_vs_tin,detector_declared,detector/mahalanobis_pp,tin,near,,,,17793,C3,adamw,0.001,0.0001,-1232.9608990907952,0,5b4a84503131fb9a126173753fa2ca8afaaf4bafb6afe00ccabf127f6a89756d,200
metric_contract_v1.2,c38b09694be88aa74de0741b39e9d3ba0d6ff61a,,,5742764ef3bd686abf56fbeafa222ed2fa2784afb6f787533493cfe88190f71f,last,ood_metric/fpr95_threshold,OOD-4,appendix,descriptive,id_train,id_test_vs_tin,detector_declared,detector/mahalanobis_raw,tin,near,,,,17793,C3,adamw,0.001,0.0001,-956.0664766669471,0,5b4a84503131fb9a126173753fa2ca8afaaf4bafb6afe00ccabf127f6a89756d,200
metric_contract_v1.2,c38b09694be88aa74de0741b39e9d3ba0d6ff61a,,,5742764ef3bd686abf56fbeafa222ed2fa2784afb6f787533493cfe88190f71f,last,ood_metric/fpr95_threshold,OOD-4,appendix,descriptive,id_train,id_test_vs_tin,detector_declared,detector/marginal_mahalanobis_raw,tin,near,,,,17793,C3,adamw,0.001,0.0001,-943.027508597693,0,5b4a84503131fb9a126173753fa2ca8afaaf4bafb6afe00ccabf127f6a89756d,200
metric_contract_v1.2,c38b09694be88aa74de0741b39e9d3ba0d6ff61a,,,5742764ef3bd686abf56fbeafa222ed2fa2784afb6f787533493cfe88190f71f,last,ood_metric/fpr95_threshold,OOD-4,appendix,descriptive,id_train,id_test_vs_tin,detector_declared,detector/ncp_euclidean_raw,tin,near,,,,17793,C3,adamw,0.001,0.0001,-8.44702030393098,0,5b4a84503131fb9a126173753fa2ca8afaaf4bafb6afe00ccabf127f6a89756d,200
metric_contract_v1.2,c38b09694be88aa74de0741b39e9d3ba0d6ff61a,,,5742764ef3bd686abf56fbeafa222ed2fa2784afb6f787533493cfe88190f71f,last,ood_metric/fpr95_threshold,OOD-4,appendix,descriptive,id_train,id_test_vs_tin,detector_declared,detector/neco_author_std_dim100,tin,near,,,,17793,C3,adamw,0.001,0.0001,0.9872028248794021,0,5b4a84503131fb9a126173753fa2ca8afaaf4bafb6afe00ccabf127f6a89756d,200
metric_contract_v1.2,c38b09694be88aa74de0741b39e9d3ba0d6ff61a,,,5742764ef3bd686abf56fbeafa222ed2fa2784afb6f787533493cfe88190f71f,last,ood_metric/fpr95_threshold,OOD-4,appendix,descriptive,id_train,id_test_vs_tin,detector_declared,detector/relative_mahalanobis_pp,tin,near,,,,17793,C3,adamw,0.001,0.0001,-107.39134065651604,0,5b4a84503131fb9a126173753fa2ca8afaaf4bafb6afe00ccabf127f6a89756d,200
metric_contract_v1.2,c38b09694be88aa74de0741b39e9d3ba0d6ff61a,,,5742764ef3bd686abf56fbeafa222ed2fa2784afb6f787533493cfe88190f71f,last,ood_metric/fpr95_threshold,OOD-4,appendix,descriptive,id_train,id_test_vs_tin,detector_declared,detector/relative_mahalanobis_raw,tin,near,,,,17793,C3,adamw,0.001,0.0001,-65.72743762936102,0,5b4a84503131fb9a126173753fa2ca8afaaf4bafb6afe00ccabf127f6a89756d,200
metric_contract_v1.2,c38b09694be88aa74de0741b39e9d3ba0d6ff61a,,,5742764ef3bd686abf56fbeafa222ed2fa2784afb6f787533493cfe88190f71f,last,ood_metric/fpr95_threshold,OOD-4,appendix,descriptive,id_train,id_test_vs_tin,detector_declared,detector/vim_author_dim,tin,near,,,,17793,C3,adamw,0.001,0.0001,-16.86065495444551,0,5b4a84503131fb9a126173753fa2ca8afaaf4bafb6afe00ccabf127f6a89756d,200
metric_contract_v1.2,c38b09694be88aa74de0741b39e9d3ba0d6ff61a,,,5742764ef3bd686abf56fbeafa222ed2fa2784afb6f787533493cfe88190f71f,last,ood_metric/fpr95_threshold,OOD-4,appendix,descriptive,id_train,id_test_vs_tin,detector_declared,detector/vim_dim128,tin,near,,,,17793,C3,adamw,0.001,0.0001,-15.91582131574371,0,5b4a84503131fb9a126173753fa2ca8afaaf4bafb6afe00ccabf127f6a89756d,200
metric_contract_v1.2,c38b09694be88aa74de0741b39e9d3ba0d6ff61a,,,5742764ef3bd686abf56fbeafa222ed2fa2784afb6f787533493cfe88190f71f,last,ood_metric/fpr95_threshold,OOD-4,appendix,descriptive,id_train,id_test_vs_tin,detector_declared,detector/vim_dim256,tin,near,,,,17793,C3,adamw,0.001,0.0001,-16.61225105633513,0,5b4a84503131fb9a126173753fa2ca8afaaf4bafb6afe00ccabf127f6a89756d,200
metric_contract_v1.2,c38b09694be88aa74de0741b39e9d3ba0d6ff61a,,,5742764ef3bd686abf56fbeafa222ed2fa2784afb6f787533493cfe88190f71f,last,ood_metric/fpr95_threshold,OOD-4,appendix,descriptive,id_train,id_test_vs_tin,detector_declared,detector/vim_dim320,tin,near,,,,17793,C3,adamw,0.001,0.0001,-16.86065495444551,0,5b4a84503131fb9a126173753fa2ca8afaaf4bafb6afe00ccabf127f6a89756d,200
metric_contract_v1.2,c38b09694be88aa74de0741b39e9d3ba0d6ff61a,,,5742764ef3bd686abf56fbeafa222ed2fa2784afb6f787533493cfe88190f71f,last,ood_metric/fpr95_threshold,OOD-4,appendix,descriptive,id_train,id_test_vs_tin,detector_declared,detector/vim_dim64,tin,near,,,,17793,C3,adamw,0.001,0.0001,-15.648812024955449,0,5b4a84503131fb9a126173753fa2ca8afaaf4bafb6afe00ccabf127f6a89756d,200
metric_contract_v1.2,c38b09694be88aa74de0741b39e9d3ba0d6ff61a,,,5742764ef3bd686abf56fbeafa222ed2fa2784afb6f787533493cfe88190f71f,last,ood_metric/fpr95_threshold,OOD-4,appendix,descriptive,id_train,id_test_vs_tin,detector_declared,detector/weight_cosine_appendix,tin,near,,,,17793,C3,adamw,0.001,0.0001,0.07000231116999599,0,5b4a84503131fb9a126173753fa2ca8afaaf4bafb6afe00ccabf127f6a89756d,200
metric_contract_v1.2,c38b09694be88aa74de0741b39e9d3ba0d6ff61a,,,5742764ef3bd686abf56fbeafa222ed2fa2784afb6f787533493cfe88190f71f,last,ood_metric/fpr95_threshold,OOD-4,appendix,descriptive,,id_test_vs_tin,detector_declared,ood_score/energy_t1,tin,near,,,,17793,C3,adamw,0.001,0.0001,3.804118516896517,0,5b4a84503131fb9a126173753fa2ca8afaaf4bafb6afe00ccabf127f6a89756d,200
metric_contract_v1.2,c38b09694be88aa74de0741b39e9d3ba0d6ff61a,,,5742764ef3bd686abf56fbeafa222ed2fa2784afb6f787533493cfe88190f71f,last,ood_metric/fpr95_threshold,OOD-4,appendix,descriptive,,id_test_vs_tin,detector_declared,ood_score/max_logit,tin,near,,,,17793,C3,adamw,0.001,0.0001,3.7756912589073193,0,5b4a84503131fb9a126173753fa2ca8afaaf4bafb6afe00ccabf127f6a89756d,200
metric_contract_v1.2,c38b09694be88aa74de0741b39e9d3ba0d6ff61a,,,5742764ef3bd686abf56fbeafa222ed2fa2784afb6f787533493cfe88190f71f,last,ood_metric/fpr95_threshold,OOD-4,appendix,descriptive,,id_test_vs_tin,detector_declared,ood_score/msp,tin,near,,,,17793,C3,adamw,0.001,0.0001,0.967719711700668,0,5b4a84503131fb9a126173753fa2ca8afaaf4bafb6afe00ccabf127f6a89756d,200
metric_contract_v1.2,c38b09694be88aa74de0741b39e9d3ba0d6ff61a,,,7aa36ee28bf5fa9c0b29152bb63c02833c5c6d02ae2c4908d0256a35582c9d9c,last,analysis/angular_control_gap_ctm_ncp,OOD-7,exploratory,descriptive,id_train,id_test_vs_tin,paired_auroc_difference,,tin,,,,,17793,C4,sgd,0.3,0.0,0.19981280636468612,0,21f530202ed6bd9442ed9f75f10553e882b813f0e65251e9c2ea12bd83732abf,200
metric_contract_v1.2,c38b09694be88aa74de0741b39e9d3ba0d6ff61a,,,7aa36ee28bf5fa9c0b29152bb63c02833c5c6d02ae2c4908d0256a35582c9d9c,last,analysis/restoration_gap_mahalanobis,OOD-7,exploratory,descriptive,id_train,id_test_vs_tin,paired_auroc_difference,,tin,,,,,17793,C4,sgd,0.3,0.0,0.41281539843449244,0,21f530202ed6bd9442ed9f75f10553e882b813f0e65251e9c2ea12bd83732abf,200
metric_contract_v1.2,c38b09694be88aa74de0741b39e9d3ba0d6ff61a,,,7aa36ee28bf5fa9c0b29152bb63c02833c5c6d02ae2c4908d0256a35582c9d9c,last,analysis/restoration_gap_relative_mahalanobis,OOD-7,exploratory,descriptive,id_train,id_test_vs_tin,paired_auroc_difference,,tin,,,,,17793,C4,sgd,0.3,0.0,-0.0016694982676760395,0,21f530202ed6bd9442ed9f75f10553e882b813f0e65251e9c2ea12bd83732abf,200
metric_contract_v1.2,c38b09694be88aa74de0741b39e9d3ba0d6ff61a,,,7aa36ee28bf5fa9c0b29152bb63c02833c5c6d02ae2c4908d0256a35582c9d9c,last,ood_metric/ap_in,OOD-2,appendix,up,id_train,id_test_vs_tin,detector_declared,detector/ctm_prototype_cosine,tin,near,,,,17793,C4,sgd,0.3,0.0,0.9225494470649985,0,21f530202ed6bd9442ed9f75f10553e882b813f0e65251e9c2ea12bd83732abf,200
metric_contract_v1.2,c38b09694be88aa74de0741b39e9d3ba0d6ff61a,,,7aa36ee28bf5fa9c0b29152bb63c02833c5c6d02ae2c4908d0256a35582c9d9c,last,ood_metric/ap_in,OOD-2,appendix,up,id_train,id_test_vs_tin,detector_declared,detector/gda_class_density,tin,near,,,,17793,C4,sgd,0.3,0.0,0.6231023875630994,0,21f530202ed6bd9442ed9f75f10553e882b813f0e65251e9c2ea12bd83732abf,200
metric_contract_v1.2,c38b09694be88aa74de0741b39e9d3ba0d6ff61a,,,7aa36ee28bf5fa9c0b29152bb63c02833c5c6d02ae2c4908d0256a35582c9d9c,last,ood_metric/ap_in,OOD-2,appendix,up,id_train,id_test_vs_tin,detector_declared,detector/knn_l2_k50,tin,near,,,,17793,C4,sgd,0.3,0.0,0.9413879314021913,0,21f530202ed6bd9442ed9f75f10553e882b813f0e65251e9c2ea12bd83732abf,200
metric_contract_v1.2,c38b09694be88aa74de0741b39e9d3ba0d6ff61a,,,7aa36ee28bf5fa9c0b29152bb63c02833c5c6d02ae2c4908d0256a35582c9d9c,last,ood_metric/ap_in,OOD-2,appendix,up,id_train,id_test_vs_tin,detector_declared,detector/mahalanobis_pp,tin,near,,,,17793,C4,sgd,0.3,0.0,0.9407816088810579,0,21f530202ed6bd9442ed9f75f10553e882b813f0e65251e9c2ea12bd83732abf,200
metric_contract_v1.2,c38b09694be88aa74de0741b39e9d3ba0d6ff61a,,,7aa36ee28bf5fa9c0b29152bb63c02833c5c6d02ae2c4908d0256a35582c9d9c,last,ood_metric/ap_in,OOD-2,appendix,up,id_train,id_test_vs_tin,detector_declared,detector/mahalanobis_raw,tin,near,,,,17793,C4,sgd,0.3,0.0,0.5659199399242452,0,21f530202ed6bd9442ed9f75f10553e882b813f0e65251e9c2ea12bd83732abf,200
metric_contract_v1.2,c38b09694be88aa74de0741b39e9d3ba0d6ff61a,,,7aa36ee28bf5fa9c0b29152bb63c02833c5c6d02ae2c4908d0256a35582c9d9c,last,ood_metric/ap_in,OOD-2,appendix,up,id_train,id_test_vs_tin,detector_declared,detector/marginal_mahalanobis_raw,tin,near,,,,17793,C4,sgd,0.3,0.0,0.5195253893526747,0,21f530202ed6bd9442ed9f75f10553e882b813f0e65251e9c2ea12bd83732abf,200
metric_contract_v1.2,c38b09694be88aa74de0741b39e9d3ba0d6ff61a,,,7aa36ee28bf5fa9c0b29152bb63c02833c5c6d02ae2c4908d0256a35582c9d9c,last,ood_metric/ap_in,OOD-2,appendix,up,id_train,id_test_vs_tin,detector_declared,detector/ncp_euclidean_raw,tin,near,,,,17793,C4,sgd,0.3,0.0,0.7665880074948365,0,21f530202ed6bd9442ed9f75f10553e882b813f0e65251e9c2ea12bd83732abf,200
metric_contract_v1.2,c38b09694be88aa74de0741b39e9d3ba0d6ff61a,,,7aa36ee28bf5fa9c0b29152bb63c02833c5c6d02ae2c4908d0256a35582c9d9c,last,ood_metric/ap_in,OOD-2,appendix,up,id_train,id_test_vs_tin,detector_declared,detector/neco_author_std_dim100,tin,near,,,,17793,C4,sgd,0.3,0.0,0.8767440813317436,0,21f530202ed6bd9442ed9f75f10553e882b813f0e65251e9c2ea12bd83732abf,200
metric_contract_v1.2,c38b09694be88aa74de0741b39e9d3ba0d6ff61a,,,7aa36ee28bf5fa9c0b29152bb63c02833c5c6d02ae2c4908d0256a35582c9d9c,last,ood_metric/ap_in,OOD-2,appendix,up,id_train,id_test_vs_tin,detector_declared,detector/relative_mahalanobis_pp,tin,near,,,,17793,C4,sgd,0.3,0.0,0.9218460235372627,0,21f530202ed6bd9442ed9f75f10553e882b813f0e65251e9c2ea12bd83732abf,200
metric_contract_v1.2,c38b09694be88aa74de0741b39e9d3ba0d6ff61a,,,7aa36ee28bf5fa9c0b29152bb63c02833c5c6d02ae2c4908d0256a35582c9d9c,last,ood_metric/ap_in,OOD-2,appendix,up,id_train,id_test_vs_tin,detector_declared,detector/relative_mahalanobis_raw,tin,near,,,,17793,C4,sgd,0.3,0.0,0.9225274149107481,0,21f530202ed6bd9442ed9f75f10553e882b813f0e65251e9c2ea12bd83732abf,200
metric_contract_v1.2,c38b09694be88aa74de0741b39e9d3ba0d6ff61a,,,7aa36ee28bf5fa9c0b29152bb63c02833c5c6d02ae2c4908d0256a35582c9d9c,last,ood_metric/ap_in,OOD-2,appendix,up,id_train,id_test_vs_tin,detector_declared,detector/vim_author_dim,tin,near,,,,17793,C4,sgd,0.3,0.0,0.948272003088705,0,21f530202ed6bd9442ed9f75f10553e882b813f0e65251e9c2ea12bd83732abf,200
metric_contract_v1.2,c38b09694be88aa74de0741b39e9d3ba0d6ff61a,,,7aa36ee28bf5fa9c0b29152bb63c02833c5c6d02ae2c4908d0256a35582c9d9c,last,ood_metric/ap_in,OOD-2,appendix,up,id_train,id_test_vs_tin,detector_declared,detector/vim_dim128,tin,near,,,,17793,C4,sgd,0.3,0.0,0.9457740494965409,0,21f530202ed6bd9442ed9f75f10553e882b813f0e65251e9c2ea12bd83732abf,200
metric_contract_v1.2,c38b09694be88aa74de0741b39e9d3ba0d6ff61a,,,7aa36ee28bf5fa9c0b29152bb63c02833c5c6d02ae2c4908d0256a35582c9d9c,last,ood_metric/ap_in,OOD-2,appendix,up,id_train,id_test_vs_tin,detector_declared,detector/vim_dim256,tin,near,,,,17793,C4,sgd,0.3,0.0,0.9475568880220289,0,21f530202ed6bd9442ed9f75f10553e882b813f0e65251e9c2ea12bd83732abf,200
metric_contract_v1.2,c38b09694be88aa74de0741b39e9d3ba0d6ff61a,,,7aa36ee28bf5fa9c0b29152bb63c02833c5c6d02ae2c4908d0256a35582c9d9c,last,ood_metric/ap_in,OOD-2,appendix,up,id_train,id_test_vs_tin,detector_declared,detector/vim_dim320,tin,near,,,,17793,C4,sgd,0.3,0.0,0.948272003088705,0,21f530202ed6bd9442ed9f75f10553e882b813f0e65251e9c2ea12bd83732abf,200
metric_contract_v1.2,c38b09694be88aa74de0741b39e9d3ba0d6ff61a,,,7aa36ee28bf5fa9c0b29152bb63c02833c5c6d02ae2c4908d0256a35582c9d9c,last,ood_metric/ap_in,OOD-2,appendix,up,id_train,id_test_vs_tin,detector_declared,detector/vim_dim64,tin,near,,,,17793,C4,sgd,0.3,0.0,0.944176171194889,0,21f530202ed6bd9442ed9f75f10553e882b813f0e65251e9c2ea12bd83732abf,200
metric_contract_v1.2,c38b09694be88aa74de0741b39e9d3ba0d6ff61a,,,7aa36ee28bf5fa9c0b29152bb63c02833c5c6d02ae2c4908d0256a35582c9d9c,last,ood_metric/ap_in,OOD-2,appendix,up,id_train,id_test_vs_tin,detector_declared,detector/weight_cosine_appendix,tin,near,,,,17793,C4,sgd,0.3,0.0,0.937166524771682,0,21f530202ed6bd9442ed9f75f10553e882b813f0e65251e9c2ea12bd83732abf,200
metric_contract_v1.2,c38b09694be88aa74de0741b39e9d3ba0d6ff61a,,,7aa36ee28bf5fa9c0b29152bb63c02833c5c6d02ae2c4908d0256a35582c9d9c,last,ood_metric/ap_in,OOD-2,appendix,up,,id_test_vs_tin,detector_declared,ood_score/energy_t1,tin,near,,,,17793,C4,sgd,0.3,0.0,0.9497609959879352,0,21f530202ed6bd9442ed9f75f10553e882b813f0e65251e9c2ea12bd83732abf,200
metric_contract_v1.2,c38b09694be88aa74de0741b39e9d3ba0d6ff61a,,,7aa36ee28bf5fa9c0b29152bb63c02833c5c6d02ae2c4908d0256a35582c9d9c,last,ood_metric/ap_in,OOD-2,appendix,up,,id_test_vs_tin,detector_declared,ood_score/max_logit,tin,near,,,,17793,C4,sgd,0.3,0.0,0.949705293870127,0,21f530202ed6bd9442ed9f75f10553e882b813f0e65251e9c2ea12bd83732abf,200
metric_contract_v1.2,c38b09694be88aa74de0741b39e9d3ba0d6ff61a,,,7aa36ee28bf5fa9c0b29152bb63c02833c5c6d02ae2c4908d0256a35582c9d9c,last,ood_metric/ap_in,OOD-2,appendix,up,,id_test_vs_tin,detector_declared,ood_score/msp,tin,near,,,,17793,C4,sgd,0.3,0.0,0.9299658827252503,0,21f530202ed6bd9442ed9f75f10553e882b813f0e65251e9c2ea12bd83732abf,200
metric_contract_v1.2,c38b09694be88aa74de0741b39e9d3ba0d6ff61a,,,7aa36ee28bf5fa9c0b29152bb63c02833c5c6d02ae2c4908d0256a35582c9d9c,last,ood_metric/ap_out,OOD-3,appendix,up,id_train,id_test_vs_tin,detector_declared,detector/ctm_prototype_cosine,tin,near,,,,17793,C4,sgd,0.3,0.0,0.848593997969018,0,21f530202ed6bd9442ed9f75f10553e882b813f0e65251e9c2ea12bd83732abf,200
metric_contract_v1.2,c38b09694be88aa74de0741b39e9d3ba0d6ff61a,,,7aa36ee28bf5fa9c0b29152bb63c02833c5c6d02ae2c4908d0256a35582c9d9c,last,ood_metric/ap_out,OOD-3,appendix,up,id_train,id_test_vs_tin,detector_declared,detector/gda_class_density,tin,near,,,,17793,C4,sgd,0.3,0.0,0.40544819107457775,0,21f530202ed6bd9442ed9f75f10553e882b813f0e65251e9c2ea12bd83732abf,200
metric_contract_v1.2,c38b09694be88aa74de0741b39e9d3ba0d6ff61a,,,7aa36ee28bf5fa9c0b29152bb63c02833c5c6d02ae2c4908d0256a35582c9d9c,last,ood_metric/ap_out,OOD-3,appendix,up,id_train,id_test_vs_tin,detector_declared,detector/knn_l2_k50,tin,near,,,,17793,C4,sgd,0.3,0.0,0.8848707667218616,0,21f530202ed6bd9442ed9f75f10553e882b813f0e65251e9c2ea12bd83732abf,200
metric_contract_v1.2,c38b09694be88aa74de0741b39e9d3ba0d6ff61a,,,7aa36ee28bf5fa9c0b29152bb63c02833c5c6d02ae2c4908d0256a35582c9d9c,last,ood_metric/ap_out,OOD-3,appendix,up,id_train,id_test_vs_tin,detector_declared,detector/mahalanobis_pp,tin,near,,,,17793,C4,sgd,0.3,0.0,0.880000955136917,0,21f530202ed6bd9442ed9f75f10553e882b813f0e65251e9c2ea12bd83732abf,200
metric_contract_v1.2,c38b09694be88aa74de0741b39e9d3ba0d6ff61a,,,7aa36ee28bf5fa9c0b29152bb63c02833c5c6d02ae2c4908d0256a35582c9d9c,last,ood_metric/ap_out,OOD-3,appendix,up,id_train,id_test_vs_tin,detector_declared,detector/mahalanobis_raw,tin,near,,,,17793,C4,sgd,0.3,0.0,0.4634510389312974,0,21f530202ed6bd9442ed9f75f10553e882b813f0e65251e9c2ea12bd83732abf,200
metric_contract_v1.2,c38b09694be88aa74de0741b39e9d3ba0d6ff61a,,,7aa36ee28bf5fa9c0b29152bb63c02833c5c6d02ae2c4908d0256a35582c9d9c,last,ood_metric/ap_out,OOD-3,appendix,up,id_train,id_test_vs_tin,detector_declared,detector/marginal_mahalanobis_raw,tin,near,,,,17793,C4,sgd,0.3,0.0,0.43126526322171543,0,21f530202ed6bd9442ed9f75f10553e882b813f0e65251e9c2ea12bd83732abf,200
metric_contract_v1.2,c38b09694be88aa74de0741b39e9d3ba0d6ff61a,,,7aa36ee28bf5fa9c0b29152bb63c02833c5c6d02ae2c4908d0256a35582c9d9c,last,ood_metric/ap_out,OOD-3,appendix,up,id_train,id_test_vs_tin,detector_declared,detector/ncp_euclidean_raw,tin,near,,,,17793,C4,sgd,0.3,0.0,0.5512090795203265,0,21f530202ed6bd9442ed9f75f10553e882b813f0e65251e9c2ea12bd83732abf,200
metric_contract_v1.2,c38b09694be88aa74de0741b39e9d3ba0d6ff61a,,,7aa36ee28bf5fa9c0b29152bb63c02833c5c6d02ae2c4908d0256a35582c9d9c,last,ood_metric/ap_out,OOD-3,appendix,up,id_train,id_test_vs_tin,detector_declared,detector/neco_author_std_dim100,tin,near,,,,17793,C4,sgd,0.3,0.0,0.7531799407341377,0,21f530202ed6bd9442ed9f75f10553e882b813f0e65251e9c2ea12bd83732abf,200
metric_contract_v1.2,c38b09694be88aa74de0741b39e9d3ba0d6ff61a,,,7aa36ee28bf5fa9c0b29152bb63c02833c5c6d02ae2c4908d0256a35582c9d9c,last,ood_metric/ap_out,OOD-3,appendix,up,id_train,id_test_vs_tin,detector_declared,detector/relative_mahalanobis_pp,tin,near,,,,17793,C4,sgd,0.3,0.0,0.8364574130862983,0,21f530202ed6bd9442ed9f75f10553e882b813f0e65251e9c2ea12bd83732abf,200
metric_contract_v1.2,c38b09694be88aa74de0741b39e9d3ba0d6ff61a,,,7aa36ee28bf5fa9c0b29152bb63c02833c5c6d02ae2c4908d0256a35582c9d9c,last,ood_metric/ap_out,OOD-3,appendix,up,id_train,id_test_vs_tin,detector_declared,detector/relative_mahalanobis_raw,tin,near,,,,17793,C4,sgd,0.3,0.0,0.8341845293113292,0,21f530202ed6bd9442ed9f75f10553e882b813f0e65251e9c2ea12bd83732abf,200
metric_contract_v1.2,c38b09694be88aa74de0741b39e9d3ba0d6ff61a,,,7aa36ee28bf5fa9c0b29152bb63c02833c5c6d02ae2c4908d0256a35582c9d9c,last,ood_metric/ap_out,OOD-3,appendix,up,id_train,id_test_vs_tin,detector_declared,detector/vim_author_dim,tin,near,,,,17793,C4,sgd,0.3,0.0,0.8889265675055713,0,21f530202ed6bd9442ed9f75f10553e882b813f0e65251e9c2ea12bd83732abf,200
metric_contract_v1.2,c38b09694be88aa74de0741b39e9d3ba0d6ff61a,,,7aa36ee28bf5fa9c0b29152bb63c02833c5c6d02ae2c4908d0256a35582c9d9c,last,ood_metric/ap_out,OOD-3,appendix,up,id_train,id_test_vs_tin,detector_declared,detector/vim_dim128,tin,near,,,,17793,C4,sgd,0.3,0.0,0.8841738543826683,0,21f530202ed6bd9442ed9f75f10553e882b813f0e65251e9c2ea12bd83732abf,200
metric_contract_v1.2,c38b09694be88aa74de0741b39e9d3ba0d6ff61a,,,7aa36ee28bf5fa9c0b29152bb63c02833c5c6d02ae2c4908d0256a35582c9d9c,last,ood_metric/ap_out,OOD-3,appendix,up,id_train,id_test_vs_tin,detector_declared,detector/vim_dim256,tin,near,,,,17793,C4,sgd,0.3,0.0,0.8873669921742554,0,21f530202ed6bd9442ed9f75f10553e882b813f0e65251e9c2ea12bd83732abf,200
metric_contract_v1.2,c38b09694be88aa74de0741b39e9d3ba0d6ff61a,,,7aa36ee28bf5fa9c0b29152bb63c02833c5c6d02ae2c4908d0256a35582c9d9c,last,ood_metric/ap_out,OOD-3,appendix,up,id_train,id_test_vs_tin,detector_declared,detector/vim_dim320,tin,near,,,,17793,C4,sgd,0.3,0.0,0.8889265675055713,0,21f530202ed6bd9442ed9f75f10553e882b813f0e65251e9c2ea12bd83732abf,200
metric_contract_v1.2,c38b09694be88aa74de0741b39e9d3ba0d6ff61a,,,7aa36ee28bf5fa9c0b29152bb63c02833c5c6d02ae2c4908d0256a35582c9d9c,last,ood_metric/ap_out,OOD-3,appendix,up,id_train,id_test_vs_tin,detector_declared,detector/vim_dim64,tin,near,,,,17793,C4,sgd,0.3,0.0,0.8814807607674203,0,21f530202ed6bd9442ed9f75f10553e882b813f0e65251e9c2ea12bd83732abf,200
metric_contract_v1.2,c38b09694be88aa74de0741b39e9d3ba0d6ff61a,,,7aa36ee28bf5fa9c0b29152bb63c02833c5c6d02ae2c4908d0256a35582c9d9c,last,ood_metric/ap_out,OOD-3,appendix,up,id_train,id_test_vs_tin,detector_declared,detector/weight_cosine_appendix,tin,near,,,,17793,C4,sgd,0.3,0.0,0.8665105243116883,0,21f530202ed6bd9442ed9f75f10553e882b813f0e65251e9c2ea12bd83732abf,200
metric_contract_v1.2,c38b09694be88aa74de0741b39e9d3ba0d6ff61a,,,7aa36ee28bf5fa9c0b29152bb63c02833c5c6d02ae2c4908d0256a35582c9d9c,last,ood_metric/ap_out,OOD-3,appendix,up,,id_test_vs_tin,detector_declared,ood_score/energy_t1,tin,near,,,,17793,C4,sgd,0.3,0.0,0.8945404763951454,0,21f530202ed6bd9442ed9f75f10553e882b813f0e65251e9c2ea12bd83732abf,200
metric_contract_v1.2,c38b09694be88aa74de0741b39e9d3ba0d6ff61a,,,7aa36ee28bf5fa9c0b29152bb63c02833c5c6d02ae2c4908d0256a35582c9d9c,last,ood_metric/ap_out,OOD-3,appendix,up,,id_test_vs_tin,detector_declared,ood_score/max_logit,tin,near,,,,17793,C4,sgd,0.3,0.0,0.893670125508063,0,21f530202ed6bd9442ed9f75f10553e882b813f0e65251e9c2ea12bd83732abf,200
metric_contract_v1.2,c38b09694be88aa74de0741b39e9d3ba0d6ff61a,,,7aa36ee28bf5fa9c0b29152bb63c02833c5c6d02ae2c4908d0256a35582c9d9c,last,ood_metric/ap_out,OOD-3,appendix,up,,id_test_vs_tin,detector_declared,ood_score/msp,tin,near,,,,17793,C4,sgd,0.3,0.0,0.8190285352119092,0,21f530202ed6bd9442ed9f75f10553e882b813f0e65251e9c2ea12bd83732abf,200
metric_contract_v1.2,c38b09694be88aa74de0741b39e9d3ba0d6ff61a,,,7aa36ee28bf5fa9c0b29152bb63c02833c5c6d02ae2c4908d0256a35582c9d9c,last,ood_metric/aupr_in_openood_auc,OOD-2,primary,up,id_train,id_test_vs_tin,detector_declared,detector/ctm_prototype_cosine,tin,near,,,,17793,C4,sgd,0.3,0.0,0.9225450209843096,0,21f530202ed6bd9442ed9f75f10553e882b813f0e65251e9c2ea12bd83732abf,200
metric_contract_v1.2,c38b09694be88aa74de0741b39e9d3ba0d6ff61a,,,7aa36ee28bf5fa9c0b29152bb63c02833c5c6d02ae2c4908d0256a35582c9d9c,last,ood_metric/aupr_in_openood_auc,OOD-2,primary,up,id_train,id_test_vs_tin,detector_declared,detector/gda_class_density,tin,near,,,,17793,C4,sgd,0.3,0.0,0.6230750461111398,0,21f530202ed6bd9442ed9f75f10553e882b813f0e65251e9c2ea12bd83732abf,200
metric_contract_v1.2,c38b09694be88aa74de0741b39e9d3ba0d6ff61a,,,7aa36ee28bf5fa9c0b29152bb63c02833c5c6d02ae2c4908d0256a35582c9d9c,last,ood_metric/aupr_in_openood_auc,OOD-2,primary,up,id_train,id_test_vs_tin,detector_declared,detector/knn_l2_k50,tin,near,,,,17793,C4,sgd,0.3,0.0,0.9413848666585566,0,21f530202ed6bd9442ed9f75f10553e882b813f0e65251e9c2ea12bd83732abf,200
metric_contract_v1.2,c38b09694be88aa74de0741b39e9d3ba0d6ff61a,,,7aa36ee28bf5fa9c0b29152bb63c02833c5c6d02ae2c4908d0256a35582c9d9c,last,ood_metric/aupr_in_openood_auc,OOD-2,primary,up,id_train,id_test_vs_tin,detector_declared,detector/mahalanobis_pp,tin,near,,,,17793,C4,sgd,0.3,0.0,0.940778599024341,0,21f530202ed6bd9442ed9f75f10553e882b813f0e65251e9c2ea12bd83732abf,200
metric_contract_v1.2,c38b09694be88aa74de0741b39e9d3ba0d6ff61a,,,7aa36ee28bf5fa9c0b29152bb63c02833c5c6d02ae2c4908d0256a35582c9d9c,last,ood_metric/aupr_in_openood_auc,OOD-2,primary,up,id_train,id_test_vs_tin,detector_declared,detector/mahalanobis_raw,tin,near,,,,17793,C4,sgd,0.3,0.0,0.5658433707746162,0,21f530202ed6bd9442ed9f75f10553e882b813f0e65251e9c2ea12bd83732abf,200
metric_contract_v1.2,c38b09694be88aa74de0741b39e9d3ba0d6ff61a,,,7aa36ee28bf5fa9c0b29152bb63c02833c5c6d02ae2c4908d0256a35582c9d9c,last,ood_metric/aupr_in_openood_auc,OOD-2,primary,up,id_train,id_test_vs_tin,detector_declared,detector/marginal_mahalanobis_raw,tin,near,,,,17793,C4,sgd,0.3,0.0,0.5194126772049932,0,21f530202ed6bd9442ed9f75f10553e882b813f0e65251e9c2ea12bd83732abf,200
metric_contract_v1.2,c38b09694be88aa74de0741b39e9d3ba0d6ff61a,,,7aa36ee28bf5fa9c0b29152bb63c02833c5c6d02ae2c4908d0256a35582c9d9c,last,ood_metric/aupr_in_openood_auc,OOD-2,primary,up,id_train,id_test_vs_tin,detector_declared,detector/ncp_euclidean_raw,tin,near,,,,17793,C4,sgd,0.3,0.0,0.7665637908148017,0,21f530202ed6bd9442ed9f75f10553e882b813f0e65251e9c2ea12bd83732abf,200
metric_contract_v1.2,c38b09694be88aa74de0741b39e9d3ba0d6ff61a,,,7aa36ee28bf5fa9c0b29152bb63c02833c5c6d02ae2c4908d0256a35582c9d9c,last,ood_metric/aupr_in_openood_auc,OOD-2,primary,up,id_train,id_test_vs_tin,detector_declared,detector/neco_author_std_dim100,tin,near,,,,17793,C4,sgd,0.3,0.0,0.8767095151473905,0,21f530202ed6bd9442ed9f75f10553e882b813f0e65251e9c2ea12bd83732abf,200
metric_contract_v1.2,c38b09694be88aa74de0741b39e9d3ba0d6ff61a,,,7aa36ee28bf5fa9c0b29152bb63c02833c5c6d02ae2c4908d0256a35582c9d9c,last,ood_metric/aupr_in_openood_auc,OOD-2,primary,up,id_train,id_test_vs_tin,detector_declared,detector/relative_mahalanobis_pp,tin,near,,,,17793,C4,sgd,0.3,0.0,0.9218410558969543,0,21f530202ed6bd9442ed9f75f10553e882b813f0e65251e9c2ea12bd83732abf,200
metric_contract_v1.2,c38b09694be88aa74de0741b39e9d3ba0d6ff61a,,,7aa36ee28bf5fa9c0b29152bb63c02833c5c6d02ae2c4908d0256a35582c9d9c,last,ood_metric/aupr_in_openood_auc,OOD-2,primary,up,id_train,id_test_vs_tin,detector_declared,detector/relative_mahalanobis_raw,tin,near,,,,17793,C4,sgd,0.3,0.0,0.922522482025087,0,21f530202ed6bd9442ed9f75f10553e882b813f0e65251e9c2ea12bd83732abf,200
metric_contract_v1.2,c38b09694be88aa74de0741b39e9d3ba0d6ff61a,,,7aa36ee28bf5fa9c0b29152bb63c02833c5c6d02ae2c4908d0256a35582c9d9c,last,ood_metric/aupr_in_openood_auc,OOD-2,primary,up,id_train,id_test_vs_tin,detector_declared,detector/vim_author_dim,tin,near,,,,17793,C4,sgd,0.3,0.0,0.9482693314092681,0,21f530202ed6bd9442ed9f75f10553e882b813f0e65251e9c2ea12bd83732abf,200
metric_contract_v1.2,c38b09694be88aa74de0741b39e9d3ba0d6ff61a,,,7aa36ee28bf5fa9c0b29152bb63c02833c5c6d02ae2c4908d0256a35582c9d9c,last,ood_metric/aupr_in_openood_auc,OOD-2,primary,up,id_train,id_test_vs_tin,detector_declared,detector/vim_dim128,tin,near,,,,17793,C4,sgd,0.3,0.0,0.9457712255693468,0,21f530202ed6bd9442ed9f75f10553e882b813f0e65251e9c2ea12bd83732abf,200
metric_contract_v1.2,c38b09694be88aa74de0741b39e9d3ba0d6ff61a,,,7aa36ee28bf5fa9c0b29152bb63c02833c5c6d02ae2c4908d0256a35582c9d9c,last,ood_metric/aupr_in_openood_auc,OOD-2,primary,up,id_train,id_test_vs_tin,detector_declared,detector/vim_dim256,tin,near,,,,17793,C4,sgd,0.3,0.0,0.9475541902739386,0,21f530202ed6bd9442ed9f75f10553e882b813f0e65251e9c2ea12bd83732abf,200
metric_contract_v1.2,c38b09694be88aa74de0741b39e9d3ba0d6ff61a,,,7aa36ee28bf5fa9c0b29152bb63c02833c5c6d02ae2c4908d0256a35582c9d9c,last,ood_metric/aupr_in_openood_auc,OOD-2,primary,up,id_train,id_test_vs_tin,detector_declared,detector/vim_dim320,tin,near,,,,17793,C4,sgd,0.3,0.0,0.9482693314092681,0,21f530202ed6bd9442ed9f75f10553e882b813f0e65251e9c2ea12bd83732abf,200
metric_contract_v1.2,c38b09694be88aa74de0741b39e9d3ba0d6ff61a,,,7aa36ee28bf5fa9c0b29152bb63c02833c5c6d02ae2c4908d0256a35582c9d9c,last,ood_metric/aupr_in_openood_auc,OOD-2,primary,up,id_train,id_test_vs_tin,detector_declared,detector/vim_dim64,tin,near,,,,17793,C4,sgd,0.3,0.0,0.9441732176814883,0,21f530202ed6bd9442ed9f75f10553e882b813f0e65251e9c2ea12bd83732abf,200
metric_contract_v1.2,c38b09694be88aa74de0741b39e9d3ba0d6ff61a,,,7aa36ee28bf5fa9c0b29152bb63c02833c5c6d02ae2c4908d0256a35582c9d9c,last,ood_metric/aupr_in_openood_auc,OOD-2,primary,up,id_train,id_test_vs_tin,detector_declared,detector/weight_cosine_appendix,tin,near,,,,17793,C4,sgd,0.3,0.0,0.9371627940541954,0,21f530202ed6bd9442ed9f75f10553e882b813f0e65251e9c2ea12bd83732abf,200
metric_contract_v1.2,c38b09694be88aa74de0741b39e9d3ba0d6ff61a,,,7aa36ee28bf5fa9c0b29152bb63c02833c5c6d02ae2c4908d0256a35582c9d9c,last,ood_metric/aupr_in_openood_auc,OOD-2,primary,up,,id_test_vs_tin,detector_declared,ood_score/energy_t1,tin,near,,,,17793,C4,sgd,0.3,0.0,0.949758344786995,0,21f530202ed6bd9442ed9f75f10553e882b813f0e65251e9c2ea12bd83732abf,200
metric_contract_v1.2,c38b09694be88aa74de0741b39e9d3ba0d6ff61a,,,7aa36ee28bf5fa9c0b29152bb63c02833c5c6d02ae2c4908d0256a35582c9d9c,last,ood_metric/aupr_in_openood_auc,OOD-2,primary,up,,id_test_vs_tin,detector_declared,ood_score/max_logit,tin,near,,,,17793,C4,sgd,0.3,0.0,0.9497026415472145,0,21f530202ed6bd9442ed9f75f10553e882b813f0e65251e9c2ea12bd83732abf,200
metric_contract_v1.2,c38b09694be88aa74de0741b39e9d3ba0d6ff61a,,,7aa36ee28bf5fa9c0b29152bb63c02833c5c6d02ae2c4908d0256a35582c9d9c,last,ood_metric/aupr_in_openood_auc,OOD-2,primary,up,,id_test_vs_tin,detector_declared,ood_score/msp,tin,near,,,,17793,C4,sgd,0.3,0.0,0.9302591473395501,0,21f530202ed6bd9442ed9f75f10553e882b813f0e65251e9c2ea12bd83732abf,200
metric_contract_v1.2,c38b09694be88aa74de0741b39e9d3ba0d6ff61a,,,7aa36ee28bf5fa9c0b29152bb63c02833c5c6d02ae2c4908d0256a35582c9d9c,last,ood_metric/aupr_out_openood_auc,OOD-3,primary,up,id_train,id_test_vs_tin,detector_declared,detector/ctm_prototype_cosine,tin,near,,,,17793,C4,sgd,0.3,0.0,0.8485775939217515,0,21f530202ed6bd9442ed9f75f10553e882b813f0e65251e9c2ea12bd83732abf,200
metric_contract_v1.2,c38b09694be88aa74de0741b39e9d3ba0d6ff61a,,,7aa36ee28bf5fa9c0b29152bb63c02833c5c6d02ae2c4908d0256a35582c9d9c,last,ood_metric/aupr_out_openood_auc,OOD-3,primary,up,id_train,id_test_vs_tin,detector_declared,detector/gda_class_density,tin,near,,,,17793,C4,sgd,0.3,0.0,0.40529044119441476,0,21f530202ed6bd9442ed9f75f10553e882b813f0e65251e9c2ea12bd83732abf,200
metric_contract_v1.2,c38b09694be88aa74de0741b39e9d3ba0d6ff61a,,,7aa36ee28bf5fa9c0b29152bb63c02833c5c6d02ae2c4908d0256a35582c9d9c,last,ood_metric/aupr_out_openood_auc,OOD-3,primary,up,id_train,id_test_vs_tin,detector_declared,detector/knn_l2_k50,tin,near,,,,17793,C4,sgd,0.3,0.0,0.8848588615898094,0,21f530202ed6bd9442ed9f75f10553e882b813f0e65251e9c2ea12bd83732abf,200
metric_contract_v1.2,c38b09694be88aa74de0741b39e9d3ba0d6ff61a,,,7aa36ee28bf5fa9c0b29152bb63c02833c5c6d02ae2c4908d0256a35582c9d9c,last,ood_metric/aupr_out_openood_auc,OOD-3,primary,up,id_train,id_test_vs_tin,detector_declared,detector/mahalanobis_pp,tin,near,,,,17793,C4,sgd,0.3,0.0,0.8799585841958757,0,21f530202ed6bd9442ed9f75f10553e882b813f0e65251e9c2ea12bd83732abf,200
metric_contract_v1.2,c38b09694be88aa74de0741b39e9d3ba0d6ff61a,,,7aa36ee28bf5fa9c0b29152bb63c02833c5c6d02ae2c4908d0256a35582c9d9c,last,ood_metric/aupr_out_openood_auc,OOD-3,primary,up,id_train,id_test_vs_tin,detector_declared,detector/mahalanobis_raw,tin,near,,,,17793,C4,sgd,0.3,0.0,0.4633003966302335,0,21f530202ed6bd9442ed9f75f10553e882b813f0e65251e9c2ea12bd83732abf,200
metric_contract_v1.2,c38b09694be88aa74de0741b39e9d3ba0d6ff61a,,,7aa36ee28bf5fa9c0b29152bb63c02833c5c6d02ae2c4908d0256a35582c9d9c,last,ood_metric/aupr_out_openood_auc,OOD-3,primary,up,id_train,id_test_vs_tin,detector_declared,detector/marginal_mahalanobis_raw,tin,near,,,,17793,C4,sgd,0.3,0.0,0.4311136060893087,0,21f530202ed6bd9442ed9f75f10553e882b813f0e65251e9c2ea12bd83732abf,200
metric_contract_v1.2,c38b09694be88aa74de0741b39e9d3ba0d6ff61a,,,7aa36ee28bf5fa9c0b29152bb63c02833c5c6d02ae2c4908d0256a35582c9d9c,last,ood_metric/aupr_out_openood_auc,OOD-3,primary,up,id_train,id_test_vs_tin,detector_declared,detector/ncp_euclidean_raw,tin,near,,,,17793,C4,sgd,0.3,0.0,0.5511035507981574,0,21f530202ed6bd9442ed9f75f10553e882b813f0e65251e9c2ea12bd83732abf,200
metric_contract_v1.2,c38b09694be88aa74de0741b39e9d3ba0d6ff61a,,,7aa36ee28bf5fa9c0b29152bb63c02833c5c6d02ae2c4908d0256a35582c9d9c,last,ood_metric/aupr_out_openood_auc,OOD-3,primary,up,id_train,id_test_vs_tin,detector_declared,detector/neco_author_std_dim100,tin,near,,,,17793,C4,sgd,0.3,0.0,0.7531309714350805,0,21f530202ed6bd9442ed9f75f10553e882b813f0e65251e9c2ea12bd83732abf,200
metric_contract_v1.2,c38b09694be88aa74de0741b39e9d3ba0d6ff61a,,,7aa36ee28bf5fa9c0b29152bb63c02833c5c6d02ae2c4908d0256a35582c9d9c,last,ood_metric/aupr_out_openood_auc,OOD-3,primary,up,id_train,id_test_vs_tin,detector_declared,detector/relative_mahalanobis_pp,tin,near,,,,17793,C4,sgd,0.3,0.0,0.8364150155468637,0,21f530202ed6bd9442ed9f75f10553e882b813f0e65251e9c2ea12bd83732abf,200
metric_contract_v1.2,c38b09694be88aa74de0741b39e9d3ba0d6ff61a,,,7aa36ee28bf5fa9c0b29152bb63c02833c5c6d02ae2c4908d0256a35582c9d9c,last,ood_metric/aupr_out_openood_auc,OOD-3,primary,up,id_train,id_test_vs_tin,detector_declared,detector/relative_mahalanobis_raw,tin,near,,,,17793,C4,sgd,0.3,0.0,0.8341374865953602,0,21f530202ed6bd9442ed9f75f10553e882b813f0e65251e9c2ea12bd83732abf,200
metric_contract_v1.2,c38b09694be88aa74de0741b39e9d3ba0d6ff61a,,,7aa36ee28bf5fa9c0b29152bb63c02833c5c6d02ae2c4908d0256a35582c9d9c,last,ood_metric/aupr_out_openood_auc,OOD-3,primary,up,id_train,id_test_vs_tin,detector_declared,detector/vim_author_dim,tin,near,,,,17793,C4,sgd,0.3,0.0,0.8889129589431999,0,21f530202ed6bd9442ed9f75f10553e882b813f0e65251e9c2ea12bd83732abf,200
metric_contract_v1.2,c38b09694be88aa74de0741b39e9d3ba0d6ff61a,,,7aa36ee28bf5fa9c0b29152bb63c02833c5c6d02ae2c4908d0256a35582c9d9c,last,ood_metric/aupr_out_openood_auc,OOD-3,primary,up,id_train,id_test_vs_tin,detector_declared,detector/vim_dim128,tin,near,,,,17793,C4,sgd,0.3,0.0,0.8841598110758804,0,21f530202ed6bd9442ed9f75f10553e882b813f0e65251e9c2ea12bd83732abf,200
metric_contract_v1.2,c38b09694be88aa74de0741b39e9d3ba0d6ff61a,,,7aa36ee28bf5fa9c0b29152bb63c02833c5c6d02ae2c4908d0256a35582c9d9c,last,ood_metric/aupr_out_openood_auc,OOD-3,primary,up,id_train,id_test_vs_tin,detector_declared,detector/vim_dim256,tin,near,,,,17793,C4,sgd,0.3,0.0,0.8873533984980357,0,21f530202ed6bd9442ed9f75f10553e882b813f0e65251e9c2ea12bd83732abf,200
metric_contract_v1.2,c38b09694be88aa74de0741b39e9d3ba0d6ff61a,,,7aa36ee28bf5fa9c0b29152bb63c02833c5c6d02ae2c4908d0256a35582c9d9c,last,ood_metric/aupr_out_openood_auc,OOD-3,primary,up,id_train,id_test_vs_tin,detector_declared,detector/vim_dim320,tin,near,,,,17793,C4,sgd,0.3,0.0,0.8889129589431999,0,21f530202ed6bd9442ed9f75f10553e882b813f0e65251e9c2ea12bd83732abf,200
metric_contract_v1.2,c38b09694be88aa74de0741b39e9d3ba0d6ff61a,,,7aa36ee28bf5fa9c0b29152bb63c02833c5c6d02ae2c4908d0256a35582c9d9c,last,ood_metric/aupr_out_openood_auc,OOD-3,primary,up,id_train,id_test_vs_tin,detector_declared,detector/vim_dim64,tin,near,,,,17793,C4,sgd,0.3,0.0,0.8814650439817302,0,21f530202ed6bd9442ed9f75f10553e882b813f0e65251e9c2ea12bd83732abf,200
metric_contract_v1.2,c38b09694be88aa74de0741b39e9d3ba0d6ff61a,,,7aa36ee28bf5fa9c0b29152bb63c02833c5c6d02ae2c4908d0256a35582c9d9c,last,ood_metric/aupr_out_openood_auc,OOD-3,primary,up,id_train,id_test_vs_tin,detector_declared,detector/weight_cosine_appendix,tin,near,,,,17793,C4,sgd,0.3,0.0,0.8664646634383322,0,21f530202ed6bd9442ed9f75f10553e882b813f0e65251e9c2ea12bd83732abf,200
metric_contract_v1.2,c38b09694be88aa74de0741b39e9d3ba0d6ff61a,,,7aa36ee28bf5fa9c0b29152bb63c02833c5c6d02ae2c4908d0256a35582c9d9c,last,ood_metric/aupr_out_openood_auc,OOD-3,primary,up,,id_test_vs_tin,detector_declared,ood_score/energy_t1,tin,near,,,,17793,C4,sgd,0.3,0.0,0.8945259389999654,0,21f530202ed6bd9442ed9f75f10553e882b813f0e65251e9c2ea12bd83732abf,200
metric_contract_v1.2,c38b09694be88aa74de0741b39e9d3ba0d6ff61a,,,7aa36ee28bf5fa9c0b29152bb63c02833c5c6d02ae2c4908d0256a35582c9d9c,last,ood_metric/aupr_out_openood_auc,OOD-3,primary,up,,id_test_vs_tin,detector_declared,ood_score/max_logit,tin,near,,,,17793,C4,sgd,0.3,0.0,0.8936532160921674,0,21f530202ed6bd9442ed9f75f10553e882b813f0e65251e9c2ea12bd83732abf,200
metric_contract_v1.2,c38b09694be88aa74de0741b39e9d3ba0d6ff61a,,,7aa36ee28bf5fa9c0b29152bb63c02833c5c6d02ae2c4908d0256a35582c9d9c,last,ood_metric/aupr_out_openood_auc,OOD-3,primary,up,,id_test_vs_tin,detector_declared,ood_score/msp,tin,near,,,,17793,C4,sgd,0.3,0.0,0.8189992911767945,0,21f530202ed6bd9442ed9f75f10553e882b813f0e65251e9c2ea12bd83732abf,200
metric_contract_v1.2,c38b09694be88aa74de0741b39e9d3ba0d6ff61a,,,7aa36ee28bf5fa9c0b29152bb63c02833c5c6d02ae2c4908d0256a35582c9d9c,last,ood_metric/auroc_id_positive,OOD-1,primary,up,id_train,id_test_vs_tin,detector_declared,detector/ctm_prototype_cosine,tin,near,,,,17793,C4,sgd,0.3,0.0,0.8927610291287051,0,21f530202ed6bd9442ed9f75f10553e882b813f0e65251e9c2ea12bd83732abf,200
metric_contract_v1.2,c38b09694be88aa74de0741b39e9d3ba0d6ff61a,,,7aa36ee28bf5fa9c0b29152bb63c02833c5c6d02ae2c4908d0256a35582c9d9c,last,ood_metric/auroc_id_positive,OOD-1,primary,up,id_train,id_test_vs_tin,detector_declared,detector/gda_class_density,tin,near,,,,17793,C4,sgd,0.3,0.0,0.47280822533042477,0,21f530202ed6bd9442ed9f75f10553e882b813f0e65251e9c2ea12bd83732abf,200
metric_contract_v1.2,c38b09694be88aa74de0741b39e9d3ba0d6ff61a,,,7aa36ee28bf5fa9c0b29152bb63c02833c5c6d02ae2c4908d0256a35582c9d9c,last,ood_metric/auroc_id_positive,OOD-1,primary,up,id_train,id_test_vs_tin,detector_declared,detector/knn_l2_k50,tin,near,,,,17793,C4,sgd,0.3,0.0,0.9181215449762606,0,21f530202ed6bd9442ed9f75f10553e882b813f0e65251e9c2ea12bd83732abf,200
metric_contract_v1.2,c38b09694be88aa74de0741b39e9d3ba0d6ff61a,,,7aa36ee28bf5fa9c0b29152bb63c02833c5c6d02ae2c4908d0256a35582c9d9c,last,ood_metric/auroc_id_positive,OOD-1,primary,up,id_train,id_test_vs_tin,detector_declared,detector/mahalanobis_pp,tin,near,,,,17793,C4,sgd,0.3,0.0,0.9163336712434236,0,21f530202ed6bd9442ed9f75f10553e882b813f0e65251e9c2ea12bd83732abf,200
metric_contract_v1.2,c38b09694be88aa74de0741b39e9d3ba0d6ff61a,,,7aa36ee28bf5fa9c0b29152bb63c02833c5c6d02ae2c4908d0256a35582c9d9c,last,ood_metric/auroc_id_positive,OOD-1,primary,up,id_train,id_test_vs_tin,detector_declared,detector/mahalanobis_raw,tin,near,,,,17793,C4,sgd,0.3,0.0,0.5035182728089311,0,21f530202ed6bd9442ed9f75f10553e882b813f0e65251e9c2ea12bd83732abf,200
metric_contract_v1.2,c38b09694be88aa74de0741b39e9d3ba0d6ff61a,,,7aa36ee28bf5fa9c0b29152bb63c02833c5c6d02ae2c4908d0256a35582c9d9c,last,ood_metric/auroc_id_positive,OOD-1,primary,up,id_train,id_test_vs_tin,detector_declared,detector/marginal_mahalanobis_raw,tin,near,,,,17793,C4,sgd,0.3,0.0,0.4524647760810985,0,21f530202ed6bd9442ed9f75f10553e882b813f0e65251e9c2ea12bd83732abf,200
metric_contract_v1.2,c38b09694be88aa74de0741b39e9d3ba0d6ff61a,,,7aa36ee28bf5fa9c0b29152bb63c02833c5c6d02ae2c4908d0256a35582c9d9c,last,ood_metric/auroc_id_positive,OOD-1,primary,up,id_train,id_test_vs_tin,detector_declared,detector/ncp_euclidean_raw,tin,near,,,,17793,C4,sgd,0.3,0.0,0.692948222764019,0,21f530202ed6bd9442ed9f75f10553e882b813f0e65251e9c2ea12bd83732abf,200
metric_contract_v1.2,c38b09694be88aa74de0741b39e9d3ba0d6ff61a,,,7aa36ee28bf5fa9c0b29152bb63c02833c5c6d02ae2c4908d0256a35582c9d9c,last,ood_metric/auroc_id_positive,OOD-1,primary,up,id_train,id_test_vs_tin,detector_declared,detector/neco_author_std_dim100,tin,near,,,,17793,C4,sgd,0.3,0.0,0.830900654433466,0,21f530202ed6bd9442ed9f75f10553e882b813f0e65251e9c2ea12bd83732abf,200
metric_contract_v1.2,c38b09694be88aa74de0741b39e9d3ba0d6ff61a,,,7aa36ee28bf5fa9c0b29152bb63c02833c5c6d02ae2c4908d0256a35582c9d9c,last,ood_metric/auroc_id_positive,OOD-1,primary,up,id_train,id_test_vs_tin,detector_declared,detector/relative_mahalanobis_pp,tin,near,,,,17793,C4,sgd,0.3,0.0,0.8917679199281406,0,21f530202ed6bd9442ed9f75f10553e882b813f0e65251e9c2ea12bd83732abf,200
metric_contract_v1.2,c38b09694be88aa74de0741b39e9d3ba0d6ff61a,,,7aa36ee28bf5fa9c0b29152bb63c02833c5c6d02ae2c4908d0256a35582c9d9c,last,ood_metric/auroc_id_positive,OOD-1,primary,up,id_train,id_test_vs_tin,detector_declared,detector/relative_mahalanobis_raw,tin,near,,,,17793,C4,sgd,0.3,0.0,0.8934374181958167,0,21f530202ed6bd9442ed9f75f10553e882b813f0e65251e9c2ea12bd83732abf,200
metric_contract_v1.2,c38b09694be88aa74de0741b39e9d3ba0d6ff61a,,,7aa36ee28bf5fa9c0b29152bb63c02833c5c6d02ae2c4908d0256a35582c9d9c,last,ood_metric/auroc_id_positive,OOD-1,primary,up,id_train,id_test_vs_tin,detector_declared,detector/vim_author_dim,tin,near,,,,17793,C4,sgd,0.3,0.0,0.92563319645836,0,21f530202ed6bd9442ed9f75f10553e882b813f0e65251e9c2ea12bd83732abf,200
metric_contract_v1.2,c38b09694be88aa74de0741b39e9d3ba0d6ff61a,,,7aa36ee28bf5fa9c0b29152bb63c02833c5c6d02ae2c4908d0256a35582c9d9c,last,ood_metric/auroc_id_positive,OOD-1,primary,up,id_train,id_test_vs_tin,detector_declared,detector/vim_dim128,tin,near,,,,17793,C4,sgd,0.3,0.0,0.9220961503913768,0,21f530202ed6bd9442ed9f75f10553e882b813f0e65251e9c2ea12bd83732abf,200
metric_contract_v1.2,c38b09694be88aa74de0741b39e9d3ba0d6ff61a,,,7aa36ee28bf5fa9c0b29152bb63c02833c5c6d02ae2c4908d0256a35582c9d9c,last,ood_metric/auroc_id_positive,OOD-1,primary,up,id_train,id_test_vs_tin,detector_declared,detector/vim_dim256,tin,near,,,,17793,C4,sgd,0.3,0.0,0.9245507506736814,0,21f530202ed6bd9442ed9f75f10553e882b813f0e65251e9c2ea12bd83732abf,200
metric_contract_v1.2,c38b09694be88aa74de0741b39e9d3ba0d6ff61a,,,7aa36ee28bf5fa9c0b29152bb63c02833c5c6d02ae2c4908d0256a35582c9d9c,last,ood_metric/auroc_id_positive,OOD-1,primary,up,id_train,id_test_vs_tin,detector_declared,detector/vim_dim320,tin,near,,,,17793,C4,sgd,0.3,0.0,0.92563319645836,0,21f530202ed6bd9442ed9f75f10553e882b813f0e65251e9c2ea12bd83732abf,200
metric_contract_v1.2,c38b09694be88aa74de0741b39e9d3ba0d6ff61a,,,7aa36ee28bf5fa9c0b29152bb63c02833c5c6d02ae2c4908d0256a35582c9d9c,last,ood_metric/auroc_id_positive,OOD-1,primary,up,id_train,id_test_vs_tin,detector_declared,detector/vim_dim64,tin,near,,,,17793,C4,sgd,0.3,0.0,0.9202509559861415,0,21f530202ed6bd9442ed9f75f10553e882b813f0e65251e9c2ea12bd83732abf,200
metric_contract_v1.2,c38b09694be88aa74de0741b39e9d3ba0d6ff61a,,,7aa36ee28bf5fa9c0b29152bb63c02833c5c6d02ae2c4908d0256a35582c9d9c,last,ood_metric/auroc_id_positive,OOD-1,primary,up,id_train,id_test_vs_tin,detector_declared,detector/weight_cosine_appendix,tin,near,,,,17793,C4,sgd,0.3,0.0,0.9117733093802132,0,21f530202ed6bd9442ed9f75f10553e882b813f0e65251e9c2ea12bd83732abf,200
metric_contract_v1.2,c38b09694be88aa74de0741b39e9d3ba0d6ff61a,,,7aa36ee28bf5fa9c0b29152bb63c02833c5c6d02ae2c4908d0256a35582c9d9c,last,ood_metric/auroc_id_positive,OOD-1,primary,up,,id_test_vs_tin,detector_declared,ood_score/energy_t1,tin,near,,,,17793,C4,sgd,0.3,0.0,0.9287768381881175,0,21f530202ed6bd9442ed9f75f10553e882b813f0e65251e9c2ea12bd83732abf,200
metric_contract_v1.2,c38b09694be88aa74de0741b39e9d3ba0d6ff61a,,,7aa36ee28bf5fa9c0b29152bb63c02833c5c6d02ae2c4908d0256a35582c9d9c,last,ood_metric/auroc_id_positive,OOD-1,primary,up,,id_test_vs_tin,detector_declared,ood_score/max_logit,tin,near,,,,17793,C4,sgd,0.3,0.0,0.9286297318105994,0,21f530202ed6bd9442ed9f75f10553e882b813f0e65251e9c2ea12bd83732abf,200
metric_contract_v1.2,c38b09694be88aa74de0741b39e9d3ba0d6ff61a,,,7aa36ee28bf5fa9c0b29152bb63c02833c5c6d02ae2c4908d0256a35582c9d9c,last,ood_metric/auroc_id_positive,OOD-1,primary,up,,id_test_vs_tin,detector_declared,ood_score/msp,tin,near,,,,17793,C4,sgd,0.3,0.0,0.8935722635698704,0,21f530202ed6bd9442ed9f75f10553e882b813f0e65251e9c2ea12bd83732abf,200
metric_contract_v1.2,c38b09694be88aa74de0741b39e9d3ba0d6ff61a,,,7aa36ee28bf5fa9c0b29152bb63c02833c5c6d02ae2c4908d0256a35582c9d9c,last,ood_metric/fpr95_achieved_id_tpr,OOD-4,appendix,descriptive,id_train,id_test_vs_tin,detector_declared,detector/ctm_prototype_cosine,tin,near,,,,17793,C4,sgd,0.3,0.0,0.95,0,21f530202ed6bd9442ed9f75f10553e882b813f0e65251e9c2ea12bd83732abf,200
metric_contract_v1.2,c38b09694be88aa74de0741b39e9d3ba0d6ff61a,,,7aa36ee28bf5fa9c0b29152bb63c02833c5c6d02ae2c4908d0256a35582c9d9c,last,ood_metric/fpr95_achieved_id_tpr,OOD-4,appendix,descriptive,id_train,id_test_vs_tin,detector_declared,detector/gda_class_density,tin,near,,,,17793,C4,sgd,0.3,0.0,0.95,0,21f530202ed6bd9442ed9f75f10553e882b813f0e65251e9c2ea12bd83732abf,200
metric_contract_v1.2,c38b09694be88aa74de0741b39e9d3ba0d6ff61a,,,7aa36ee28bf5fa9c0b29152bb63c02833c5c6d02ae2c4908d0256a35582c9d9c,last,ood_metric/fpr95_achieved_id_tpr,OOD-4,appendix,descriptive,id_train,id_test_vs_tin,detector_declared,detector/knn_l2_k50,tin,near,,,,17793,C4,sgd,0.3,0.0,0.95,0,21f530202ed6bd9442ed9f75f10553e882b813f0e65251e9c2ea12bd83732abf,200
metric_contract_v1.2,c38b09694be88aa74de0741b39e9d3ba0d6ff61a,,,7aa36ee28bf5fa9c0b29152bb63c02833c5c6d02ae2c4908d0256a35582c9d9c,last,ood_metric/fpr95_achieved_id_tpr,OOD-4,appendix,descriptive,id_train,id_test_vs_tin,detector_declared,detector/mahalanobis_pp,tin,near,,,,17793,C4,sgd,0.3,0.0,0.95,0,21f530202ed6bd9442ed9f75f10553e882b813f0e65251e9c2ea12bd83732abf,200
metric_contract_v1.2,c38b09694be88aa74de0741b39e9d3ba0d6ff61a,,,7aa36ee28bf5fa9c0b29152bb63c02833c5c6d02ae2c4908d0256a35582c9d9c,last,ood_metric/fpr95_achieved_id_tpr,OOD-4,appendix,descriptive,id_train,id_test_vs_tin,detector_declared,detector/mahalanobis_raw,tin,near,,,,17793,C4,sgd,0.3,0.0,0.95,0,21f530202ed6bd9442ed9f75f10553e882b813f0e65251e9c2ea12bd83732abf,200
metric_contract_v1.2,c38b09694be88aa74de0741b39e9d3ba0d6ff61a,,,7aa36ee28bf5fa9c0b29152bb63c02833c5c6d02ae2c4908d0256a35582c9d9c,last,ood_metric/fpr95_achieved_id_tpr,OOD-4,appendix,descriptive,id_train,id_test_vs_tin,detector_declared,detector/marginal_mahalanobis_raw,tin,near,,,,17793,C4,sgd,0.3,0.0,0.95,0,21f530202ed6bd9442ed9f75f10553e882b813f0e65251e9c2ea12bd83732abf,200
metric_contract_v1.2,c38b09694be88aa74de0741b39e9d3ba0d6ff61a,,,7aa36ee28bf5fa9c0b29152bb63c02833c5c6d02ae2c4908d0256a35582c9d9c,last,ood_metric/fpr95_achieved_id_tpr,OOD-4,appendix,descriptive,id_train,id_test_vs_tin,detector_declared,detector/ncp_euclidean_raw,tin,near,,,,17793,C4,sgd,0.3,0.0,0.95,0,21f530202ed6bd9442ed9f75f10553e882b813f0e65251e9c2ea12bd83732abf,200
metric_contract_v1.2,c38b09694be88aa74de0741b39e9d3ba0d6ff61a,,,7aa36ee28bf5fa9c0b29152bb63c02833c5c6d02ae2c4908d0256a35582c9d9c,last,ood_metric/fpr95_achieved_id_tpr,OOD-4,appendix,descriptive,id_train,id_test_vs_tin,detector_declared,detector/neco_author_std_dim100,tin,near,,,,17793,C4,sgd,0.3,0.0,0.95,0,21f530202ed6bd9442ed9f75f10553e882b813f0e65251e9c2ea12bd83732abf,200
metric_contract_v1.2,c38b09694be88aa74de0741b39e9d3ba0d6ff61a,,,7aa36ee28bf5fa9c0b29152bb63c02833c5c6d02ae2c4908d0256a35582c9d9c,last,ood_metric/fpr95_achieved_id_tpr,OOD-4,appendix,descriptive,id_train,id_test_vs_tin,detector_declared,detector/relative_mahalanobis_pp,tin,near,,,,17793,C4,sgd,0.3,0.0,0.95,0,21f530202ed6bd9442ed9f75f10553e882b813f0e65251e9c2ea12bd83732abf,200
metric_contract_v1.2,c38b09694be88aa74de0741b39e9d3ba0d6ff61a,,,7aa36ee28bf5fa9c0b29152bb63c02833c5c6d02ae2c4908d0256a35582c9d9c,last,ood_metric/fpr95_achieved_id_tpr,OOD-4,appendix,descriptive,id_train,id_test_vs_tin,detector_declared,detector/relative_mahalanobis_raw,tin,near,,,,17793,C4,sgd,0.3,0.0,0.95,0,21f530202ed6bd9442ed9f75f10553e882b813f0e65251e9c2ea12bd83732abf,200
metric_contract_v1.2,c38b09694be88aa74de0741b39e9d3ba0d6ff61a,,,7aa36ee28bf5fa9c0b29152bb63c02833c5c6d02ae2c4908d0256a35582c9d9c,last,ood_metric/fpr95_achieved_id_tpr,OOD-4,appendix,descriptive,id_train,id_test_vs_tin,detector_declared,detector/vim_author_dim,tin,near,,,,17793,C4,sgd,0.3,0.0,0.95,0,21f530202ed6bd9442ed9f75f10553e882b813f0e65251e9c2ea12bd83732abf,200
metric_contract_v1.2,c38b09694be88aa74de0741b39e9d3ba0d6ff61a,,,7aa36ee28bf5fa9c0b29152bb63c02833c5c6d02ae2c4908d0256a35582c9d9c,last,ood_metric/fpr95_achieved_id_tpr,OOD-4,appendix,descriptive,id_train,id_test_vs_tin,detector_declared,detector/vim_dim128,tin,near,,,,17793,C4,sgd,0.3,0.0,0.95,0,21f530202ed6bd9442ed9f75f10553e882b813f0e65251e9c2ea12bd83732abf,200
metric_contract_v1.2,c38b09694be88aa74de0741b39e9d3ba0d6ff61a,,,7aa36ee28bf5fa9c0b29152bb63c02833c5c6d02ae2c4908d0256a35582c9d9c,last,ood_metric/fpr95_achieved_id_tpr,OOD-4,appendix,descriptive,id_train,id_test_vs_tin,detector_declared,detector/vim_dim256,tin,near,,,,17793,C4,sgd,0.3,0.0,0.95,0,21f530202ed6bd9442ed9f75f10553e882b813f0e65251e9c2ea12bd83732abf,200
metric_contract_v1.2,c38b09694be88aa74de0741b39e9d3ba0d6ff61a,,,7aa36ee28bf5fa9c0b29152bb63c02833c5c6d02ae2c4908d0256a35582c9d9c,last,ood_metric/fpr95_achieved_id_tpr,OOD-4,appendix,descriptive,id_train,id_test_vs_tin,detector_declared,detector/vim_dim320,tin,near,,,,17793,C4,sgd,0.3,0.0,0.95,0,21f530202ed6bd9442ed9f75f10553e882b813f0e65251e9c2ea12bd83732abf,200
metric_contract_v1.2,c38b09694be88aa74de0741b39e9d3ba0d6ff61a,,,7aa36ee28bf5fa9c0b29152bb63c02833c5c6d02ae2c4908d0256a35582c9d9c,last,ood_metric/fpr95_achieved_id_tpr,OOD-4,appendix,descriptive,id_train,id_test_vs_tin,detector_declared,detector/vim_dim64,tin,near,,,,17793,C4,sgd,0.3,0.0,0.95,0,21f530202ed6bd9442ed9f75f10553e882b813f0e65251e9c2ea12bd83732abf,200
metric_contract_v1.2,c38b09694be88aa74de0741b39e9d3ba0d6ff61a,,,7aa36ee28bf5fa9c0b29152bb63c02833c5c6d02ae2c4908d0256a35582c9d9c,last,ood_metric/fpr95_achieved_id_tpr,OOD-4,appendix,descriptive,id_train,id_test_vs_tin,detector_declared,detector/weight_cosine_appendix,tin,near,,,,17793,C4,sgd,0.3,0.0,0.95,0,21f530202ed6bd9442ed9f75f10553e882b813f0e65251e9c2ea12bd83732abf,200
metric_contract_v1.2,c38b09694be88aa74de0741b39e9d3ba0d6ff61a,,,7aa36ee28bf5fa9c0b29152bb63c02833c5c6d02ae2c4908d0256a35582c9d9c,last,ood_metric/fpr95_achieved_id_tpr,OOD-4,appendix,descriptive,,id_test_vs_tin,detector_declared,ood_score/energy_t1,tin,near,,,,17793,C4,sgd,0.3,0.0,0.95,0,21f530202ed6bd9442ed9f75f10553e882b813f0e65251e9c2ea12bd83732abf,200
metric_contract_v1.2,c38b09694be88aa74de0741b39e9d3ba0d6ff61a,,,7aa36ee28bf5fa9c0b29152bb63c02833c5c6d02ae2c4908d0256a35582c9d9c,last,ood_metric/fpr95_achieved_id_tpr,OOD-4,appendix,descriptive,,id_test_vs_tin,detector_declared,ood_score/max_logit,tin,near,,,,17793,C4,sgd,0.3,0.0,0.95,0,21f530202ed6bd9442ed9f75f10553e882b813f0e65251e9c2ea12bd83732abf,200
metric_contract_v1.2,c38b09694be88aa74de0741b39e9d3ba0d6ff61a,,,7aa36ee28bf5fa9c0b29152bb63c02833c5c6d02ae2c4908d0256a35582c9d9c,last,ood_metric/fpr95_achieved_id_tpr,OOD-4,appendix,descriptive,,id_test_vs_tin,detector_declared,ood_score/msp,tin,near,,,,17793,C4,sgd,0.3,0.0,0.95,0,21f530202ed6bd9442ed9f75f10553e882b813f0e65251e9c2ea12bd83732abf,200
metric_contract_v1.2,c38b09694be88aa74de0741b39e9d3ba0d6ff61a,,,7aa36ee28bf5fa9c0b29152bb63c02833c5c6d02ae2c4908d0256a35582c9d9c,last,ood_metric/fpr95_id_tpr,OOD-4,primary,down,id_train,id_test_vs_tin,detector_declared,detector/ctm_prototype_cosine,tin,near,,,,17793,C4,sgd,0.3,0.0,0.5592198126523803,0,21f530202ed6bd9442ed9f75f10553e882b813f0e65251e9c2ea12bd83732abf,200
metric_contract_v1.2,c38b09694be88aa74de0741b39e9d3ba0d6ff61a,,,7aa36ee28bf5fa9c0b29152bb63c02833c5c6d02ae2c4908d0256a35582c9d9c,last,ood_metric/fpr95_id_tpr,OOD-4,primary,down,id_train,id_test_vs_tin,detector_declared,detector/gda_class_density,tin,near,,,,17793,C4,sgd,0.3,0.0,0.9618888746310792,0,21f530202ed6bd9442ed9f75f10553e882b813f0e65251e9c2ea12bd83732abf,200
metric_contract_v1.2,c38b09694be88aa74de0741b39e9d3ba0d6ff61a,,,7aa36ee28bf5fa9c0b29152bb63c02833c5c6d02ae2c4908d0256a35582c9d9c,last,ood_metric/fpr95_id_tpr,OOD-4,primary,down,id_train,id_test_vs_tin,detector_declared,detector/knn_l2_k50,tin,near,,,,17793,C4,sgd,0.3,0.0,0.44283331194661874,0,21f530202ed6bd9442ed9f75f10553e882b813f0e65251e9c2ea12bd83732abf,200
metric_contract_v1.2,c38b09694be88aa74de0741b39e9d3ba0d6ff61a,,,7aa36ee28bf5fa9c0b29152bb63c02833c5c6d02ae2c4908d0256a35582c9d9c,last,ood_metric/fpr95_id_tpr,OOD-4,primary,down,id_train,id_test_vs_tin,detector_declared,detector/mahalanobis_pp,tin,near,,,,17793,C4,sgd,0.3,0.0,0.444629795970743,0,21f530202ed6bd9442ed9f75f10553e882b813f0e65251e9c2ea12bd83732abf,200
metric_contract_v1.2,c38b09694be88aa74de0741b39e9d3ba0d6ff61a,,,7aa36ee28bf5fa9c0b29152bb63c02833c5c6d02ae2c4908d0256a35582c9d9c,last,ood_metric/fpr95_id_tpr,OOD-4,primary,down,id_train,id_test_vs_tin,detector_declared,detector/mahalanobis_raw,tin,near,,,,17793,C4,sgd,0.3,0.0,0.9194148594892853,0,21f530202ed6bd9442ed9f75f10553e882b813f0e65251e9c2ea12bd83732abf,200
metric_contract_v1.2,c38b09694be88aa74de0741b39e9d3ba0d6ff61a,,,7aa36ee28bf5fa9c0b29152bb63c02833c5c6d02ae2c4908d0256a35582c9d9c,last,ood_metric/fpr95_id_tpr,OOD-4,primary,down,id_train,id_test_vs_tin,detector_declared,detector/marginal_mahalanobis_raw,tin,near,,,,17793,C4,sgd,0.3,0.0,0.9312203259335301,0,21f530202ed6bd9442ed9f75f10553e882b813f0e65251e9c2ea12bd83732abf,200
metric_contract_v1.2,c38b09694be88aa74de0741b39e9d3ba0d6ff61a,,,7aa36ee28bf5fa9c0b29152bb63c02833c5c6d02ae2c4908d0256a35582c9d9c,last,ood_metric/fpr95_id_tpr,OOD-4,primary,down,id_train,id_test_vs_tin,detector_declared,detector/ncp_euclidean_raw,tin,near,,,,17793,C4,sgd,0.3,0.0,0.957782625433081,0,21f530202ed6bd9442ed9f75f10553e882b813f0e65251e9c2ea12bd83732abf,200
metric_contract_v1.2,c38b09694be88aa74de0741b39e9d3ba0d6ff61a,,,7aa36ee28bf5fa9c0b29152bb63c02833c5c6d02ae2c4908d0256a35582c9d9c,last,ood_metric/fpr95_id_tpr,OOD-4,primary,down,id_train,id_test_vs_tin,detector_declared,detector/neco_author_std_dim100,tin,near,,,,17793,C4,sgd,0.3,0.0,0.7151289618888746,0,21f530202ed6bd9442ed9f75f10553e882b813f0e65251e9c2ea12bd83732abf,200
metric_contract_v1.2,c38b09694be88aa74de0741b39e9d3ba0d6ff61a,,,7aa36ee28bf5fa9c0b29152bb63c02833c5c6d02ae2c4908d0256a35582c9d9c,last,ood_metric/fpr95_id_tpr,OOD-4,primary,down,id_train,id_test_vs_tin,detector_declared,detector/relative_mahalanobis_pp,tin,near,,,,17793,C4,sgd,0.3,0.0,0.574746567432311,0,21f530202ed6bd9442ed9f75f10553e882b813f0e65251e9c2ea12bd83732abf,200
metric_contract_v1.2,c38b09694be88aa74de0741b39e9d3ba0d6ff61a,,,7aa36ee28bf5fa9c0b29152bb63c02833c5c6d02ae2c4908d0256a35582c9d9c,last,ood_metric/fpr95_id_tpr,OOD-4,primary,down,id_train,id_test_vs_tin,detector_declared,detector/relative_mahalanobis_raw,tin,near,,,,17793,C4,sgd,0.3,0.0,0.5716668805338124,0,21f530202ed6bd9442ed9f75f10553e882b813f0e65251e9c2ea12bd83732abf,200
metric_contract_v1.2,c38b09694be88aa74de0741b39e9d3ba0d6ff61a,,,7aa36ee28bf5fa9c0b29152bb63c02833c5c6d02ae2c4908d0256a35582c9d9c,last,ood_metric/fpr95_id_tpr,OOD-4,primary,down,id_train,id_test_vs_tin,detector_declared,detector/vim_author_dim,tin,near,,,,17793,C4,sgd,0.3,0.0,0.4338508918259977,0,21f530202ed6bd9442ed9f75f10553e882b813f0e65251e9c2ea12bd83732abf,200
metric_contract_v1.2,c38b09694be88aa74de0741b39e9d3ba0d6ff61a,,,7aa36ee28bf5fa9c0b29152bb63c02833c5c6d02ae2c4908d0256a35582c9d9c,last,ood_metric/fpr95_id_tpr,OOD-4,primary,down,id_train,id_test_vs_tin,detector_declared,detector/vim_dim128,tin,near,,,,17793,C4,sgd,0.3,0.0,0.45643526241498783,0,21f530202ed6bd9442ed9f75f10553e882b813f0e65251e9c2ea12bd83732abf,200
metric_contract_v1.2,c38b09694be88aa74de0741b39e9d3ba0d6ff61a,,,7aa36ee28bf5fa9c0b29152bb63c02833c5c6d02ae2c4908d0256a35582c9d9c,last,ood_metric/fpr95_id_tpr,OOD-4,primary,down,id_train,id_test_vs_tin,detector_declared,detector/vim_dim256,tin,near,,,,17793,C4,sgd,0.3,0.0,0.44103682792249455,0,21f530202ed6bd9442ed9f75f10553e882b813f0e65251e9c2ea12bd83732abf,200
metric_contract_v1.2,c38b09694be88aa74de0741b39e9d3ba0d6ff61a,,,7aa36ee28bf5fa9c0b29152bb63c02833c5c6d02ae2c4908d0256a35582c9d9c,last,ood_metric/fpr95_id_tpr,OOD-4,primary,down,id_train,id_test_vs_tin,detector_declared,detector/vim_dim320,tin,near,,,,17793,C4,sgd,0.3,0.0,0.4338508918259977,0,21f530202ed6bd9442ed9f75f10553e882b813f0e65251e9c2ea12bd83732abf,200
metric_contract_v1.2,c38b09694be88aa74de0741b39e9d3ba0d6ff61a,,,7aa36ee28bf5fa9c0b29152bb63c02833c5c6d02ae2c4908d0256a35582c9d9c,last,ood_metric/fpr95_id_tpr,OOD-4,primary,down,id_train,id_test_vs_tin,detector_declared,detector/vim_dim64,tin,near,,,,17793,C4,sgd,0.3,0.0,0.46285127678686,0,21f530202ed6bd9442ed9f75f10553e882b813f0e65251e9c2ea12bd83732abf,200
metric_contract_v1.2,c38b09694be88aa74de0741b39e9d3ba0d6ff61a,,,7aa36ee28bf5fa9c0b29152bb63c02833c5c6d02ae2c4908d0256a35582c9d9c,last,ood_metric/fpr95_id_tpr,OOD-4,primary,down,id_train,id_test_vs_tin,detector_declared,detector/weight_cosine_appendix,tin,near,,,,17793,C4,sgd,0.3,0.0,0.4829975619145387,0,21f530202ed6bd9442ed9f75f10553e882b813f0e65251e9c2ea12bd83732abf,200
metric_contract_v1.2,c38b09694be88aa74de0741b39e9d3ba0d6ff61a,,,7aa36ee28bf5fa9c0b29152bb63c02833c5c6d02ae2c4908d0256a35582c9d9c,last,ood_metric/fpr95_id_tpr,OOD-4,primary,down,,id_test_vs_tin,detector_declared,ood_score/energy_t1,tin,near,,,,17793,C4,sgd,0.3,0.0,0.4098549980751957,0,21f530202ed6bd9442ed9f75f10553e882b813f0e65251e9c2ea12bd83732abf,200
metric_contract_v1.2,c38b09694be88aa74de0741b39e9d3ba0d6ff61a,,,7aa36ee28bf5fa9c0b29152bb63c02833c5c6d02ae2c4908d0256a35582c9d9c,last,ood_metric/fpr95_id_tpr,OOD-4,primary,down,,id_test_vs_tin,detector_declared,ood_score/max_logit,tin,near,,,,17793,C4,sgd,0.3,0.0,0.40998331836263313,0,21f530202ed6bd9442ed9f75f10553e882b813f0e65251e9c2ea12bd83732abf,200
metric_contract_v1.2,c38b09694be88aa74de0741b39e9d3ba0d6ff61a,,,7aa36ee28bf5fa9c0b29152bb63c02833c5c6d02ae2c4908d0256a35582c9d9c,last,ood_metric/fpr95_id_tpr,OOD-4,primary,down,,id_test_vs_tin,detector_declared,ood_score/msp,tin,near,,,,17793,C4,sgd,0.3,0.0,0.6453227255229051,0,21f530202ed6bd9442ed9f75f10553e882b813f0e65251e9c2ea12bd83732abf,200
metric_contract_v1.2,c38b09694be88aa74de0741b39e9d3ba0d6ff61a,,,7aa36ee28bf5fa9c0b29152bb63c02833c5c6d02ae2c4908d0256a35582c9d9c,last,ood_metric/fpr95_threshold,OOD-4,appendix,descriptive,id_train,id_test_vs_tin,detector_declared,detector/ctm_prototype_cosine,tin,near,,,,17793,C4,sgd,0.3,0.0,0.7247417765411702,0,21f530202ed6bd9442ed9f75f10553e882b813f0e65251e9c2ea12bd83732abf,200
metric_contract_v1.2,c38b09694be88aa74de0741b39e9d3ba0d6ff61a,,,7aa36ee28bf5fa9c0b29152bb63c02833c5c6d02ae2c4908d0256a35582c9d9c,last,ood_metric/fpr95_threshold,OOD-4,appendix,descriptive,id_train,id_test_vs_tin,detector_declared,detector/gda_class_density,tin,near,,,,17793,C4,sgd,0.3,0.0,2881.3825420831154,0,21f530202ed6bd9442ed9f75f10553e882b813f0e65251e9c2ea12bd83732abf,200
metric_contract_v1.2,c38b09694be88aa74de0741b39e9d3ba0d6ff61a,,,7aa36ee28bf5fa9c0b29152bb63c02833c5c6d02ae2c4908d0256a35582c9d9c,last,ood_metric/fpr95_threshold,OOD-4,appendix,descriptive,id_train,id_test_vs_tin,detector_declared,detector/knn_l2_k50,tin,near,,,,17793,C4,sgd,0.3,0.0,-0.42288184198351597,0,21f530202ed6bd9442ed9f75f10553e882b813f0e65251e9c2ea12bd83732abf,200
metric_contract_v1.2,c38b09694be88aa74de0741b39e9d3ba0d6ff61a,,,7aa36ee28bf5fa9c0b29152bb63c02833c5c6d02ae2c4908d0256a35582c9d9c,last,ood_metric/fpr95_threshold,OOD-4,appendix,descriptive,id_train,id_test_vs_tin,detector_declared,detector/mahalanobis_pp,tin,near,,,,17793,C4,sgd,0.3,0.0,-1161.611613765494,0,21f530202ed6bd9442ed9f75f10553e882b813f0e65251e9c2ea12bd83732abf,200
metric_contract_v1.2,c38b09694be88aa74de0741b39e9d3ba0d6ff61a,,,7aa36ee28bf5fa9c0b29152bb63c02833c5c6d02ae2c4908d0256a35582c9d9c,last,ood_metric/fpr95_threshold,OOD-4,appendix,descriptive,id_train,id_test_vs_tin,detector_declared,detector/mahalanobis_raw,tin,near,,,,17793,C4,sgd,0.3,0.0,-880.6913617364966,0,21f530202ed6bd9442ed9f75f10553e882b813f0e65251e9c2ea12bd83732abf,200
metric_contract_v1.2,c38b09694be88aa74de0741b39e9d3ba0d6ff61a,,,7aa36ee28bf5fa9c0b29152bb63c02833c5c6d02ae2c4908d0256a35582c9d9c,last,ood_metric/fpr95_threshold,OOD-4,appendix,descriptive,id_train,id_test_vs_tin,detector_declared,detector/marginal_mahalanobis_raw,tin,near,,,,17793,C4,sgd,0.3,0.0,-876.8671658863151,0,21f530202ed6bd9442ed9f75f10553e882b813f0e65251e9c2ea12bd83732abf,200
metric_contract_v1.2,c38b09694be88aa74de0741b39e9d3ba0d6ff61a,,,7aa36ee28bf5fa9c0b29152bb63c02833c5c6d02ae2c4908d0256a35582c9d9c,last,ood_metric/fpr95_threshold,OOD-4,appendix,descriptive,id_train,id_test_vs_tin,detector_declared,detector/ncp_euclidean_raw,tin,near,,,,17793,C4,sgd,0.3,0.0,-4.608653581806816,0,21f530202ed6bd9442ed9f75f10553e882b813f0e65251e9c2ea12bd83732abf,200
metric_contract_v1.2,c38b09694be88aa74de0741b39e9d3ba0d6ff61a,,,7aa36ee28bf5fa9c0b29152bb63c02833c5c6d02ae2c4908d0256a35582c9d9c,last,ood_metric/fpr95_threshold,OOD-4,appendix,descriptive,id_train,id_test_vs_tin,detector_declared,detector/neco_author_std_dim100,tin,near,,,,17793,C4,sgd,0.3,0.0,0.9096942673194514,0,21f530202ed6bd9442ed9f75f10553e882b813f0e65251e9c2ea12bd83732abf,200
metric_contract_v1.2,c38b09694be88aa74de0741b39e9d3ba0d6ff61a,,,7aa36ee28bf5fa9c0b29152bb63c02833c5c6d02ae2c4908d0256a35582c9d9c,last,ood_metric/fpr95_threshold,OOD-4,appendix,descriptive,id_train,id_test_vs_tin,detector_declared,detector/relative_mahalanobis_pp,tin,near,,,,17793,C4,sgd,0.3,0.0,-48.19828080790427,0,21f530202ed6bd9442ed9f75f10553e882b813f0e65251e9c2ea12bd83732abf,200
metric_contract_v1.2,c38b09694be88aa74de0741b39e9d3ba0d6ff61a,,,7aa36ee28bf5fa9c0b29152bb63c02833c5c6d02ae2c4908d0256a35582c9d9c,last,ood_metric/fpr95_threshold,OOD-4,appendix,descriptive,id_train,id_test_vs_tin,detector_declared,detector/relative_mahalanobis_raw,tin,near,,,,17793,C4,sgd,0.3,0.0,-31.619448381688386,0,21f530202ed6bd9442ed9f75f10553e882b813f0e65251e9c2ea12bd83732abf,200
metric_contract_v1.2,c38b09694be88aa74de0741b39e9d3ba0d6ff61a,,,7aa36ee28bf5fa9c0b29152bb63c02833c5c6d02ae2c4908d0256a35582c9d9c,last,ood_metric/fpr95_threshold,OOD-4,appendix,descriptive,id_train,id_test_vs_tin,detector_declared,detector/vim_author_dim,tin,near,,,,17793,C4,sgd,0.3,0.0,-21.991138233857498,0,21f530202ed6bd9442ed9f75f10553e882b813f0e65251e9c2ea12bd83732abf,200
metric_contract_v1.2,c38b09694be88aa74de0741b39e9d3ba0d6ff61a,,,7aa36ee28bf5fa9c0b29152bb63c02833c5c6d02ae2c4908d0256a35582c9d9c,last,ood_metric/fpr95_threshold,OOD-4,appendix,descriptive,id_train,id_test_vs_tin,detector_declared,detector/vim_dim128,tin,near,,,,17793,C4,sgd,0.3,0.0,-21.00635561263258,0,21f530202ed6bd9442ed9f75f10553e882b813f0e65251e9c2ea12bd83732abf,200
metric_contract_v1.2,c38b09694be88aa74de0741b39e9d3ba0d6ff61a,,,7aa36ee28bf5fa9c0b29152bb63c02833c5c6d02ae2c4908d0256a35582c9d9c,last,ood_metric/fpr95_threshold,OOD-4,appendix,descriptive,id_train,id_test_vs_tin,detector_declared,detector/vim_dim256,tin,near,,,,17793,C4,sgd,0.3,0.0,-21.741850608552042,0,21f530202ed6bd9442ed9f75f10553e882b813f0e65251e9c2ea12bd83732abf,200
metric_contract_v1.2,c38b09694be88aa74de0741b39e9d3ba0d6ff61a,,,7aa36ee28bf5fa9c0b29152bb63c02833c5c6d02ae2c4908d0256a35582c9d9c,last,ood_metric/fpr95_threshold,OOD-4,appendix,descriptive,id_train,id_test_vs_tin,detector_declared,detector/vim_dim320,tin,near,,,,17793,C4,sgd,0.3,0.0,-21.991138233857498,0,21f530202ed6bd9442ed9f75f10553e882b813f0e65251e9c2ea12bd83732abf,200
metric_contract_v1.2,c38b09694be88aa74de0741b39e9d3ba0d6ff61a,,,7aa36ee28bf5fa9c0b29152bb63c02833c5c6d02ae2c4908d0256a35582c9d9c,last,ood_metric/fpr95_threshold,OOD-4,appendix,descriptive,id_train,id_test_vs_tin,detector_declared,detector/vim_dim64,tin,near,,,,17793,C4,sgd,0.3,0.0,-20.18184066725987,0,21f530202ed6bd9442ed9f75f10553e882b813f0e65251e9c2ea12bd83732abf,200
metric_contract_v1.2,c38b09694be88aa74de0741b39e9d3ba0d6ff61a,,,7aa36ee28bf5fa9c0b29152bb63c02833c5c6d02ae2c4908d0256a35582c9d9c,last,ood_metric/fpr95_threshold,OOD-4,appendix,descriptive,id_train,id_test_vs_tin,detector_declared,detector/weight_cosine_appendix,tin,near,,,,17793,C4,sgd,0.3,0.0,0.2594674704935952,0,21f530202ed6bd9442ed9f75f10553e882b813f0e65251e9c2ea12bd83732abf,200
metric_contract_v1.2,c38b09694be88aa74de0741b39e9d3ba0d6ff61a,,,7aa36ee28bf5fa9c0b29152bb63c02833c5c6d02ae2c4908d0256a35582c9d9c,last,ood_metric/fpr95_threshold,OOD-4,appendix,descriptive,,id_test_vs_tin,detector_declared,ood_score/energy_t1,tin,near,,,,17793,C4,sgd,0.3,0.0,14.336048722267238,0,21f530202ed6bd9442ed9f75f10553e882b813f0e65251e9c2ea12bd83732abf,200
metric_contract_v1.2,c38b09694be88aa74de0741b39e9d3ba0d6ff61a,,,7aa36ee28bf5fa9c0b29152bb63c02833c5c6d02ae2c4908d0256a35582c9d9c,last,ood_metric/fpr95_threshold,OOD-4,appendix,descriptive,,id_test_vs_tin,detector_declared,ood_score/max_logit,tin,near,,,,17793,C4,sgd,0.3,0.0,14.272405338287353,0,21f530202ed6bd9442ed9f75f10553e882b813f0e65251e9c2ea12bd83732abf,200
metric_contract_v1.2,c38b09694be88aa74de0741b39e9d3ba0d6ff61a,,,7aa36ee28bf5fa9c0b29152bb63c02833c5c6d02ae2c4908d0256a35582c9d9c,last,ood_metric/fpr95_threshold,OOD-4,appendix,descriptive,,id_test_vs_tin,detector_declared,ood_score/msp,tin,near,,,,17793,C4,sgd,0.3,0.0,0.9119895981312452,0,21f530202ed6bd9442ed9f75f10553e882b813f0e65251e9c2ea12bd83732abf,200
metric_contract_v1.2,c38b09694be88aa74de0741b39e9d3ba0d6ff61a,,,3e2bac6d488d016b4c0a216c6e210e16bcc4ca139bf6356687dc98bc7c39ec78,last,analysis/angular_control_gap_ctm_ncp,OOD-7,exploratory,descriptive,id_train,id_test_vs_tin,paired_auroc_difference,,tin,,,,,17793,C4,adam,0.0003,0.0001,0.015736160656999787,0,3107fa05d2e385174001009e90a50e3692d60425623c071ef05d34994af9dccd,200
metric_contract_v1.2,c38b09694be88aa74de0741b39e9d3ba0d6ff61a,,,3e2bac6d488d016b4c0a216c6e210e16bcc4ca139bf6356687dc98bc7c39ec78,last,analysis/restoration_gap_mahalanobis,OOD-7,exploratory,descriptive,id_train,id_test_vs_tin,paired_auroc_difference,,tin,,,,,17793,C4,adam,0.0003,0.0001,0.1536268446041319,0,3107fa05d2e385174001009e90a50e3692d60425623c071ef05d34994af9dccd,200
metric_contract_v1.2,c38b09694be88aa74de0741b39e9d3ba0d6ff61a,,,3e2bac6d488d016b4c0a216c6e210e16bcc4ca139bf6356687dc98bc7c39ec78,last,analysis/restoration_gap_relative_mahalanobis,OOD-7,exploratory,descriptive,id_train,id_test_vs_tin,paired_auroc_difference,,tin,,,,,17793,C4,adam,0.0003,0.0001,-0.0026006800975233446,0,3107fa05d2e385174001009e90a50e3692d60425623c071ef05d34994af9dccd,200
metric_contract_v1.2,c38b09694be88aa74de0741b39e9d3ba0d6ff61a,,,3e2bac6d488d016b4c0a216c6e210e16bcc4ca139bf6356687dc98bc7c39ec78,last,ood_metric/ap_in,OOD-2,appendix,up,id_train,id_test_vs_tin,detector_declared,detector/ctm_prototype_cosine,tin,near,,,,17793,C4,adam,0.0003,0.0001,0.9145652890376805,0,3107fa05d2e385174001009e90a50e3692d60425623c071ef05d34994af9dccd,200
metric_contract_v1.2,c38b09694be88aa74de0741b39e9d3ba0d6ff61a,,,3e2bac6d488d016b4c0a216c6e210e16bcc4ca139bf6356687dc98bc7c39ec78,last,ood_metric/ap_in,OOD-2,appendix,up,id_train,id_test_vs_tin,detector_declared,detector/gda_class_density,tin,near,,,,17793,C4,adam,0.0003,0.0001,0.8823171316419876,0,3107fa05d2e385174001009e90a50e3692d60425623c071ef05d34994af9dccd,200
metric_contract_v1.2,c38b09694be88aa74de0741b39e9d3ba0d6ff61a,,,3e2bac6d488d016b4c0a216c6e210e16bcc4ca139bf6356687dc98bc7c39ec78,last,ood_metric/ap_in,OOD-2,appendix,up,id_train,id_test_vs_tin,detector_declared,detector/knn_l2_k50,tin,near,,,,17793,C4,adam,0.0003,0.0001,0.9241095584041907,0,3107fa05d2e385174001009e90a50e3692d60425623c071ef05d34994af9dccd,200
metric_contract_v1.2,c38b09694be88aa74de0741b39e9d3ba0d6ff61a,,,3e2bac6d488d016b4c0a216c6e210e16bcc4ca139bf6356687dc98bc7c39ec78,last,ood_metric/ap_in,OOD-2,appendix,up,id_train,id_test_vs_tin,detector_declared,detector/mahalanobis_pp,tin,near,,,,17793,C4,adam,0.0003,0.0001,0.8850217381767299,0,3107fa05d2e385174001009e90a50e3692d60425623c071ef05d34994af9dccd,200
metric_contract_v1.2,c38b09694be88aa74de0741b39e9d3ba0d6ff61a,,,3e2bac6d488d016b4c0a216c6e210e16bcc4ca139bf6356687dc98bc7c39ec78,last,ood_metric/ap_in,OOD-2,appendix,up,id_train,id_test_vs_tin,detector_declared,detector/mahalanobis_raw,tin,near,,,,17793,C4,adam,0.0003,0.0001,0.7596938383467902,0,3107fa05d2e385174001009e90a50e3692d60425623c071ef05d34994af9dccd,200
metric_contract_v1.2,c38b09694be88aa74de0741b39e9d3ba0d6ff61a,,,3e2bac6d488d016b4c0a216c6e210e16bcc4ca139bf6356687dc98bc7c39ec78,last,ood_metric/ap_in,OOD-2,appendix,up,id_train,id_test_vs_tin,detector_declared,detector/marginal_mahalanobis_raw,tin,near,,,,17793,C4,adam,0.0003,0.0001,0.6562813781273341,0,3107fa05d2e385174001009e90a50e3692d60425623c071ef05d34994af9dccd,200
metric_contract_v1.2,c38b09694be88aa74de0741b39e9d3ba0d6ff61a,,,3e2bac6d488d016b4c0a216c6e210e16bcc4ca139bf6356687dc98bc7c39ec78,last,ood_metric/ap_in,OOD-2,appendix,up,id_train,id_test_vs_tin,detector_declared,detector/ncp_euclidean_raw,tin,near,,,,17793,C4,adam,0.0003,0.0001,0.8993133252066366,0,3107fa05d2e385174001009e90a50e3692d60425623c071ef05d34994af9dccd,200
metric_contract_v1.2,c38b09694be88aa74de0741b39e9d3ba0d6ff61a,,,3e2bac6d488d016b4c0a216c6e210e16bcc4ca139bf6356687dc98bc7c39ec78,last,ood_metric/ap_in,OOD-2,appendix,up,id_train,id_test_vs_tin,detector_declared,detector/neco_author_std_dim100,tin,near,,,,17793,C4,adam,0.0003,0.0001,0.9131695337328476,0,3107fa05d2e385174001009e90a50e3692d60425623c071ef05d34994af9dccd,200
metric_contract_v1.2,c38b09694be88aa74de0741b39e9d3ba0d6ff61a,,,3e2bac6d488d016b4c0a216c6e210e16bcc4ca139bf6356687dc98bc7c39ec78,last,ood_metric/ap_in,OOD-2,appendix,up,id_train,id_test_vs_tin,detector_declared,detector/relative_mahalanobis_pp,tin,near,,,,17793,C4,adam,0.0003,0.0001,0.91657910265151,0,3107fa05d2e385174001009e90a50e3692d60425623c071ef05d34994af9dccd,200
metric_contract_v1.2,c38b09694be88aa74de0741b39e9d3ba0d6ff61a,,,3e2bac6d488d016b4c0a216c6e210e16bcc4ca139bf6356687dc98bc7c39ec78,last,ood_metric/ap_in,OOD-2,appendix,up,id_train,id_test_vs_tin,detector_declared,detector/relative_mahalanobis_raw,tin,near,,,,17793,C4,adam,0.0003,0.0001,0.9168126692897971,0,3107fa05d2e385174001009e90a50e3692d60425623c071ef05d34994af9dccd,200
metric_contract_v1.2,c38b09694be88aa74de0741b39e9d3ba0d6ff61a,,,3e2bac6d488d016b4c0a216c6e210e16bcc4ca139bf6356687dc98bc7c39ec78,last,ood_metric/ap_in,OOD-2,appendix,up,id_train,id_test_vs_tin,detector_declared,detector/vim_author_dim,tin,near,,,,17793,C4,adam,0.0003,0.0001,0.9205625045965089,0,3107fa05d2e385174001009e90a50e3692d60425623c071ef05d34994af9dccd,200
metric_contract_v1.2,c38b09694be88aa74de0741b39e9d3ba0d6ff61a,,,3e2bac6d488d016b4c0a216c6e210e16bcc4ca139bf6356687dc98bc7c39ec78,last,ood_metric/ap_in,OOD-2,appendix,up,id_train,id_test_vs_tin,detector_declared,detector/vim_dim128,tin,near,,,,17793,C4,adam,0.0003,0.0001,0.924578378801945,0,3107fa05d2e385174001009e90a50e3692d60425623c071ef05d34994af9dccd,200
metric_contract_v1.2,c38b09694be88aa74de0741b39e9d3ba0d6ff61a,,,3e2bac6d488d016b4c0a216c6e210e16bcc4ca139bf6356687dc98bc7c39ec78,last,ood_metric/ap_in,OOD-2,appendix,up,id_train,id_test_vs_tin,detector_declared,detector/vim_dim256,tin,near,,,,17793,C4,adam,0.0003,0.0001,0.9222976548027335,0,3107fa05d2e385174001009e90a50e3692d60425623c071ef05d34994af9dccd,200
metric_contract_v1.2,c38b09694be88aa74de0741b39e9d3ba0d6ff61a,,,3e2bac6d488d016b4c0a216c6e210e16bcc4ca139bf6356687dc98bc7c39ec78,last,ood_metric/ap_in,OOD-2,appendix,up,id_train,id_test_vs_tin,detector_declared,detector/vim_dim320,tin,near,,,,17793,C4,adam,0.0003,0.0001,0.9205625045965089,0,3107fa05d2e385174001009e90a50e3692d60425623c071ef05d34994af9dccd,200
metric_contract_v1.2,c38b09694be88aa74de0741b39e9d3ba0d6ff61a,,,3e2bac6d488d016b4c0a216c6e210e16bcc4ca139bf6356687dc98bc7c39ec78,last,ood_metric/ap_in,OOD-2,appendix,up,id_train,id_test_vs_tin,detector_declared,detector/vim_dim64,tin,near,,,,17793,C4,adam,0.0003,0.0001,0.9236042403718973,0,3107fa05d2e385174001009e90a50e3692d60425623c071ef05d34994af9dccd,200
metric_contract_v1.2,c38b09694be88aa74de0741b39e9d3ba0d6ff61a,,,3e2bac6d488d016b4c0a216c6e210e16bcc4ca139bf6356687dc98bc7c39ec78,last,ood_metric/ap_in,OOD-2,appendix,up,id_train,id_test_vs_tin,detector_declared,detector/weight_cosine_appendix,tin,near,,,,17793,C4,adam,0.0003,0.0001,0.9341451775336673,0,3107fa05d2e385174001009e90a50e3692d60425623c071ef05d34994af9dccd,200
metric_contract_v1.2,c38b09694be88aa74de0741b39e9d3ba0d6ff61a,,,3e2bac6d488d016b4c0a216c6e210e16bcc4ca139bf6356687dc98bc7c39ec78,last,ood_metric/ap_in,OOD-2,appendix,up,,id_test_vs_tin,detector_declared,ood_score/energy_t1,tin,near,,,,17793,C4,adam,0.0003,0.0001,0.9366780791550771,0,3107fa05d2e385174001009e90a50e3692d60425623c071ef05d34994af9dccd,200
metric_contract_v1.2,c38b09694be88aa74de0741b39e9d3ba0d6ff61a,,,3e2bac6d488d016b4c0a216c6e210e16bcc4ca139bf6356687dc98bc7c39ec78,last,ood_metric/ap_in,OOD-2,appendix,up,,id_test_vs_tin,detector_declared,ood_score/max_logit,tin,near,,,,17793,C4,adam,0.0003,0.0001,0.9364475986667455,0,3107fa05d2e385174001009e90a50e3692d60425623c071ef05d34994af9dccd,200
metric_contract_v1.2,c38b09694be88aa74de0741b39e9d3ba0d6ff61a,,,3e2bac6d488d016b4c0a216c6e210e16bcc4ca139bf6356687dc98bc7c39ec78,last,ood_metric/ap_in,OOD-2,appendix,up,,id_test_vs_tin,detector_declared,ood_score/msp,tin,near,,,,17793,C4,adam,0.0003,0.0001,0.9224306443230046,0,3107fa05d2e385174001009e90a50e3692d60425623c071ef05d34994af9dccd,200
metric_contract_v1.2,c38b09694be88aa74de0741b39e9d3ba0d6ff61a,,,3e2bac6d488d016b4c0a216c6e210e16bcc4ca139bf6356687dc98bc7c39ec78,last,ood_metric/ap_out,OOD-3,appendix,up,id_train,id_test_vs_tin,detector_declared,detector/ctm_prototype_cosine,tin,near,,,,17793,C4,adam,0.0003,0.0001,0.8381898882215147,0,3107fa05d2e385174001009e90a50e3692d60425623c071ef05d34994af9dccd,200
metric_contract_v1.2,c38b09694be88aa74de0741b39e9d3ba0d6ff61a,,,3e2bac6d488d016b4c0a216c6e210e16bcc4ca139bf6356687dc98bc7c39ec78,last,ood_metric/ap_out,OOD-3,appendix,up,id_train,id_test_vs_tin,detector_declared,detector/gda_class_density,tin,near,,,,17793,C4,adam,0.0003,0.0001,0.759117596151077,0,3107fa05d2e385174001009e90a50e3692d60425623c071ef05d34994af9dccd,200
metric_contract_v1.2,c38b09694be88aa74de0741b39e9d3ba0d6ff61a,,,3e2bac6d488d016b4c0a216c6e210e16bcc4ca139bf6356687dc98bc7c39ec78,last,ood_metric/ap_out,OOD-3,appendix,up,id_train,id_test_vs_tin,detector_declared,detector/knn_l2_k50,tin,near,,,,17793,C4,adam,0.0003,0.0001,0.8476100312360981,0,3107fa05d2e385174001009e90a50e3692d60425623c071ef05d34994af9dccd,200
metric_contract_v1.2,c38b09694be88aa74de0741b39e9d3ba0d6ff61a,,,3e2bac6d488d016b4c0a216c6e210e16bcc4ca139bf6356687dc98bc7c39ec78,last,ood_metric/ap_out,OOD-3,appendix,up,id_train,id_test_vs_tin,detector_declared,detector/mahalanobis_pp,tin,near,,,,17793,C4,adam,0.0003,0.0001,0.7693602928552774,0,3107fa05d2e385174001009e90a50e3692d60425623c071ef05d34994af9dccd,200
metric_contract_v1.2,c38b09694be88aa74de0741b39e9d3ba0d6ff61a,,,3e2bac6d488d016b4c0a216c6e210e16bcc4ca139bf6356687dc98bc7c39ec78,last,ood_metric/ap_out,OOD-3,appendix,up,id_train,id_test_vs_tin,detector_declared,detector/mahalanobis_raw,tin,near,,,,17793,C4,adam,0.0003,0.0001,0.5807638495133677,0,3107fa05d2e385174001009e90a50e3692d60425623c071ef05d34994af9dccd,200
metric_contract_v1.2,c38b09694be88aa74de0741b39e9d3ba0d6ff61a,,,3e2bac6d488d016b4c0a216c6e210e16bcc4ca139bf6356687dc98bc7c39ec78,last,ood_metric/ap_out,OOD-3,appendix,up,id_train,id_test_vs_tin,detector_declared,detector/marginal_mahalanobis_raw,tin,near,,,,17793,C4,adam,0.0003,0.0001,0.5033401297025457,0,3107fa05d2e385174001009e90a50e3692d60425623c071ef05d34994af9dccd,200
metric_contract_v1.2,c38b09694be88aa74de0741b39e9d3ba0d6ff61a,,,3e2bac6d488d016b4c0a216c6e210e16bcc4ca139bf6356687dc98bc7c39ec78,last,ood_metric/ap_out,OOD-3,appendix,up,id_train,id_test_vs_tin,detector_declared,detector/ncp_euclidean_raw,tin,near,,,,17793,C4,adam,0.0003,0.0001,0.8139920426292764,0,3107fa05d2e385174001009e90a50e3692d60425623c071ef05d34994af9dccd,200
metric_contract_v1.2,c38b09694be88aa74de0741b39e9d3ba0d6ff61a,,,3e2bac6d488d016b4c0a216c6e210e16bcc4ca139bf6356687dc98bc7c39ec78,last,ood_metric/ap_out,OOD-3,appendix,up,id_train,id_test_vs_tin,detector_declared,detector/neco_author_std_dim100,tin,near,,,,17793,C4,adam,0.0003,0.0001,0.8244752999051763,0,3107fa05d2e385174001009e90a50e3692d60425623c071ef05d34994af9dccd,200
metric_contract_v1.2,c38b09694be88aa74de0741b39e9d3ba0d6ff61a,,,3e2bac6d488d016b4c0a216c6e210e16bcc4ca139bf6356687dc98bc7c39ec78,last,ood_metric/ap_out,OOD-3,appendix,up,id_train,id_test_vs_tin,detector_declared,detector/relative_mahalanobis_pp,tin,near,,,,17793,C4,adam,0.0003,0.0001,0.8426875122417119,0,3107fa05d2e385174001009e90a50e3692d60425623c071ef05d34994af9dccd,200
metric_contract_v1.2,c38b09694be88aa74de0741b39e9d3ba0d6ff61a,,,3e2bac6d488d016b4c0a216c6e210e16bcc4ca139bf6356687dc98bc7c39ec78,last,ood_metric/ap_out,OOD-3,appendix,up,id_train,id_test_vs_tin,detector_declared,detector/relative_mahalanobis_raw,tin,near,,,,17793,C4,adam,0.0003,0.0001,0.8490759994760884,0,3107fa05d2e385174001009e90a50e3692d60425623c071ef05d34994af9dccd,200
metric_contract_v1.2,c38b09694be88aa74de0741b39e9d3ba0d6ff61a,,,3e2bac6d488d016b4c0a216c6e210e16bcc4ca139bf6356687dc98bc7c39ec78,last,ood_metric/ap_out,OOD-3,appendix,up,id_train,id_test_vs_tin,detector_declared,detector/vim_author_dim,tin,near,,,,17793,C4,adam,0.0003,0.0001,0.8110397937223464,0,3107fa05d2e385174001009e90a50e3692d60425623c071ef05d34994af9dccd,200
metric_contract_v1.2,c38b09694be88aa74de0741b39e9d3ba0d6ff61a,,,3e2bac6d488d016b4c0a216c6e210e16bcc4ca139bf6356687dc98bc7c39ec78,last,ood_metric/ap_out,OOD-3,appendix,up,id_train,id_test_vs_tin,detector_declared,detector/vim_dim128,tin,near,,,,17793,C4,adam,0.0003,0.0001,0.8302786481937694,0,3107fa05d2e385174001009e90a50e3692d60425623c071ef05d34994af9dccd,200
metric_contract_v1.2,c38b09694be88aa74de0741b39e9d3ba0d6ff61a,,,3e2bac6d488d016b4c0a216c6e210e16bcc4ca139bf6356687dc98bc7c39ec78,last,ood_metric/ap_out,OOD-3,appendix,up,id_train,id_test_vs_tin,detector_declared,detector/vim_dim256,tin,near,,,,17793,C4,adam,0.0003,0.0001,0.8178376527323574,0,3107fa05d2e385174001009e90a50e3692d60425623c071ef05d34994af9dccd,200
metric_contract_v1.2,c38b09694be88aa74de0741b39e9d3ba0d6ff61a,,,3e2bac6d488d016b4c0a216c6e210e16bcc4ca139bf6356687dc98bc7c39ec78,last,ood_metric/ap_out,OOD-3,appendix,up,id_train,id_test_vs_tin,detector_declared,detector/vim_dim320,tin,near,,,,17793,C4,adam,0.0003,0.0001,0.8110397937223464,0,3107fa05d2e385174001009e90a50e3692d60425623c071ef05d34994af9dccd,200
metric_contract_v1.2,c38b09694be88aa74de0741b39e9d3ba0d6ff61a,,,3e2bac6d488d016b4c0a216c6e210e16bcc4ca139bf6356687dc98bc7c39ec78,last,ood_metric/ap_out,OOD-3,appendix,up,id_train,id_test_vs_tin,detector_declared,detector/vim_dim64,tin,near,,,,17793,C4,adam,0.0003,0.0001,0.8367508691102975,0,3107fa05d2e385174001009e90a50e3692d60425623c071ef05d34994af9dccd,200
metric_contract_v1.2,c38b09694be88aa74de0741b39e9d3ba0d6ff61a,,,3e2bac6d488d016b4c0a216c6e210e16bcc4ca139bf6356687dc98bc7c39ec78,last,ood_metric/ap_out,OOD-3,appendix,up,id_train,id_test_vs_tin,detector_declared,detector/weight_cosine_appendix,tin,near,,,,17793,C4,adam,0.0003,0.0001,0.8652675304228192,0,3107fa05d2e385174001009e90a50e3692d60425623c071ef05d34994af9dccd,200
metric_contract_v1.2,c38b09694be88aa74de0741b39e9d3ba0d6ff61a,,,3e2bac6d488d016b4c0a216c6e210e16bcc4ca139bf6356687dc98bc7c39ec78,last,ood_metric/ap_out,OOD-3,appendix,up,,id_test_vs_tin,detector_declared,ood_score/energy_t1,tin,near,,,,17793,C4,adam,0.0003,0.0001,0.8741406471218791,0,3107fa05d2e385174001009e90a50e3692d60425623c071ef05d34994af9dccd,200
metric_contract_v1.2,c38b09694be88aa74de0741b39e9d3ba0d6ff61a,,,3e2bac6d488d016b4c0a216c6e210e16bcc4ca139bf6356687dc98bc7c39ec78,last,ood_metric/ap_out,OOD-3,appendix,up,,id_test_vs_tin,detector_declared,ood_score/max_logit,tin,near,,,,17793,C4,adam,0.0003,0.0001,0.8726428909024853,0,3107fa05d2e385174001009e90a50e3692d60425623c071ef05d34994af9dccd,200
metric_contract_v1.2,c38b09694be88aa74de0741b39e9d3ba0d6ff61a,,,3e2bac6d488d016b4c0a216c6e210e16bcc4ca139bf6356687dc98bc7c39ec78,last,ood_metric/ap_out,OOD-3,appendix,up,,id_test_vs_tin,detector_declared,ood_score/msp,tin,near,,,,17793,C4,adam,0.0003,0.0001,0.8188264035907222,0,3107fa05d2e385174001009e90a50e3692d60425623c071ef05d34994af9dccd,200
metric_contract_v1.2,c38b09694be88aa74de0741b39e9d3ba0d6ff61a,,,3e2bac6d488d016b4c0a216c6e210e16bcc4ca139bf6356687dc98bc7c39ec78,last,ood_metric/aupr_in_openood_auc,OOD-2,primary,up,id_train,id_test_vs_tin,detector_declared,detector/ctm_prototype_cosine,tin,near,,,,17793,C4,adam,0.0003,0.0001,0.9145565329718841,0,3107fa05d2e385174001009e90a50e3692d60425623c071ef05d34994af9dccd,200
metric_contract_v1.2,c38b09694be88aa74de0741b39e9d3ba0d6ff61a,,,3e2bac6d488d016b4c0a216c6e210e16bcc4ca139bf6356687dc98bc7c39ec78,last,ood_metric/aupr_in_openood_auc,OOD-2,primary,up,id_train,id_test_vs_tin,detector_declared,detector/gda_class_density,tin,near,,,,17793,C4,adam,0.0003,0.0001,0.8823088855780841,0,3107fa05d2e385174001009e90a50e3692d60425623c071ef05d34994af9dccd,200
metric_contract_v1.2,c38b09694be88aa74de0741b39e9d3ba0d6ff61a,,,3e2bac6d488d016b4c0a216c6e210e16bcc4ca139bf6356687dc98bc7c39ec78,last,ood_metric/aupr_in_openood_auc,OOD-2,primary,up,id_train,id_test_vs_tin,detector_declared,detector/knn_l2_k50,tin,near,,,,17793,C4,adam,0.0003,0.0001,0.924105080204339,0,3107fa05d2e385174001009e90a50e3692d60425623c071ef05d34994af9dccd,200
metric_contract_v1.2,c38b09694be88aa74de0741b39e9d3ba0d6ff61a,,,3e2bac6d488d016b4c0a216c6e210e16bcc4ca139bf6356687dc98bc7c39ec78,last,ood_metric/aupr_in_openood_auc,OOD-2,primary,up,id_train,id_test_vs_tin,detector_declared,detector/mahalanobis_pp,tin,near,,,,17793,C4,adam,0.0003,0.0001,0.8850145626500796,0,3107fa05d2e385174001009e90a50e3692d60425623c071ef05d34994af9dccd,200
metric_contract_v1.2,c38b09694be88aa74de0741b39e9d3ba0d6ff61a,,,3e2bac6d488d016b4c0a216c6e210e16bcc4ca139bf6356687dc98bc7c39ec78,last,ood_metric/aupr_in_openood_auc,OOD-2,primary,up,id_train,id_test_vs_tin,detector_declared,detector/mahalanobis_raw,tin,near,,,,17793,C4,adam,0.0003,0.0001,0.7596741410441055,0,3107fa05d2e385174001009e90a50e3692d60425623c071ef05d34994af9dccd,200
metric_contract_v1.2,c38b09694be88aa74de0741b39e9d3ba0d6ff61a,,,3e2bac6d488d016b4c0a216c6e210e16bcc4ca139bf6356687dc98bc7c39ec78,last,ood_metric/aupr_in_openood_auc,OOD-2,primary,up,id_train,id_test_vs_tin,detector_declared,detector/marginal_mahalanobis_raw,tin,near,,,,17793,C4,adam,0.0003,0.0001,0.6562267927454868,0,3107fa05d2e385174001009e90a50e3692d60425623c071ef05d34994af9dccd,200
metric_contract_v1.2,c38b09694be88aa74de0741b39e9d3ba0d6ff61a,,,3e2bac6d488d016b4c0a216c6e210e16bcc4ca139bf6356687dc98bc7c39ec78,last,ood_metric/aupr_in_openood_auc,OOD-2,primary,up,id_train,id_test_vs_tin,detector_declared,detector/ncp_euclidean_raw,tin,near,,,,17793,C4,adam,0.0003,0.0001,0.8992952774769459,0,3107fa05d2e385174001009e90a50e3692d60425623c071ef05d34994af9dccd,200
metric_contract_v1.2,c38b09694be88aa74de0741b39e9d3ba0d6ff61a,,,3e2bac6d488d016b4c0a216c6e210e16bcc4ca139bf6356687dc98bc7c39ec78,last,ood_metric/aupr_in_openood_auc,OOD-2,primary,up,id_train,id_test_vs_tin,detector_declared,detector/neco_author_std_dim100,tin,near,,,,17793,C4,adam,0.0003,0.0001,0.9131642918219484,0,3107fa05d2e385174001009e90a50e3692d60425623c071ef05d34994af9dccd,200
metric_contract_v1.2,c38b09694be88aa74de0741b39e9d3ba0d6ff61a,,,3e2bac6d488d016b4c0a216c6e210e16bcc4ca139bf6356687dc98bc7c39ec78,last,ood_metric/aupr_in_openood_auc,OOD-2,primary,up,id_train,id_test_vs_tin,detector_declared,detector/relative_mahalanobis_pp,tin,near,,,,17793,C4,adam,0.0003,0.0001,0.9165645356247588,0,3107fa05d2e385174001009e90a50e3692d60425623c071ef05d34994af9dccd,200
metric_contract_v1.2,c38b09694be88aa74de0741b39e9d3ba0d6ff61a,,,3e2bac6d488d016b4c0a216c6e210e16bcc4ca139bf6356687dc98bc7c39ec78,last,ood_metric/aupr_in_openood_auc,OOD-2,primary,up,id_train,id_test_vs_tin,detector_declared,detector/relative_mahalanobis_raw,tin,near,,,,17793,C4,adam,0.0003,0.0001,0.9167952953689102,0,3107fa05d2e385174001009e90a50e3692d60425623c071ef05d34994af9dccd,200
metric_contract_v1.2,c38b09694be88aa74de0741b39e9d3ba0d6ff61a,,,3e2bac6d488d016b4c0a216c6e210e16bcc4ca139bf6356687dc98bc7c39ec78,last,ood_metric/aupr_in_openood_auc,OOD-2,primary,up,id_train,id_test_vs_tin,detector_declared,detector/vim_author_dim,tin,near,,,,17793,C4,adam,0.0003,0.0001,0.9205579865501797,0,3107fa05d2e385174001009e90a50e3692d60425623c071ef05d34994af9dccd,200
metric_contract_v1.2,c38b09694be88aa74de0741b39e9d3ba0d6ff61a,,,3e2bac6d488d016b4c0a216c6e210e16bcc4ca139bf6356687dc98bc7c39ec78,last,ood_metric/aupr_in_openood_auc,OOD-2,primary,up,id_train,id_test_vs_tin,detector_declared,detector/vim_dim128,tin,near,,,,17793,C4,adam,0.0003,0.0001,0.9245741483039276,0,3107fa05d2e385174001009e90a50e3692d60425623c071ef05d34994af9dccd,200
metric_contract_v1.2,c38b09694be88aa74de0741b39e9d3ba0d6ff61a,,,3e2bac6d488d016b4c0a216c6e210e16bcc4ca139bf6356687dc98bc7c39ec78,last,ood_metric/aupr_in_openood_auc,OOD-2,primary,up,id_train,id_test_vs_tin,detector_declared,detector/vim_dim256,tin,near,,,,17793,C4,adam,0.0003,0.0001,0.9222932904128508,0,3107fa05d2e385174001009e90a50e3692d60425623c071ef05d34994af9dccd,200
metric_contract_v1.2,c38b09694be88aa74de0741b39e9d3ba0d6ff61a,,,3e2bac6d488d016b4c0a216c6e210e16bcc4ca139bf6356687dc98bc7c39ec78,last,ood_metric/aupr_in_openood_auc,OOD-2,primary,up,id_train,id_test_vs_tin,detector_declared,detector/vim_dim320,tin,near,,,,17793,C4,adam,0.0003,0.0001,0.9205579865501797,0,3107fa05d2e385174001009e90a50e3692d60425623c071ef05d34994af9dccd,200
metric_contract_v1.2,c38b09694be88aa74de0741b39e9d3ba0d6ff61a,,,3e2bac6d488d016b4c0a216c6e210e16bcc4ca139bf6356687dc98bc7c39ec78,last,ood_metric/aupr_in_openood_auc,OOD-2,primary,up,id_train,id_test_vs_tin,detector_declared,detector/vim_dim64,tin,near,,,,17793,C4,adam,0.0003,0.0001,0.9235998568477741,0,3107fa05d2e385174001009e90a50e3692d60425623c071ef05d34994af9dccd,200
metric_contract_v1.2,c38b09694be88aa74de0741b39e9d3ba0d6ff61a,,,3e2bac6d488d016b4c0a216c6e210e16bcc4ca139bf6356687dc98bc7c39ec78,last,ood_metric/aupr_in_openood_auc,OOD-2,primary,up,id_train,id_test_vs_tin,detector_declared,detector/weight_cosine_appendix,tin,near,,,,17793,C4,adam,0.0003,0.0001,0.9341414893798669,0,3107fa05d2e385174001009e90a50e3692d60425623c071ef05d34994af9dccd,200
metric_contract_v1.2,c38b09694be88aa74de0741b39e9d3ba0d6ff61a,,,3e2bac6d488d016b4c0a216c6e210e16bcc4ca139bf6356687dc98bc7c39ec78,last,ood_metric/aupr_in_openood_auc,OOD-2,primary,up,,id_test_vs_tin,detector_declared,ood_score/energy_t1,tin,near,,,,17793,C4,adam,0.0003,0.0001,0.9366743942205258,0,3107fa05d2e385174001009e90a50e3692d60425623c071ef05d34994af9dccd,200
metric_contract_v1.2,c38b09694be88aa74de0741b39e9d3ba0d6ff61a,,,3e2bac6d488d016b4c0a216c6e210e16bcc4ca139bf6356687dc98bc7c39ec78,last,ood_metric/aupr_in_openood_auc,OOD-2,primary,up,,id_test_vs_tin,detector_declared,ood_score/max_logit,tin,near,,,,17793,C4,adam,0.0003,0.0001,0.9364439160291109,0,3107fa05d2e385174001009e90a50e3692d60425623c071ef05d34994af9dccd,200
metric_contract_v1.2,c38b09694be88aa74de0741b39e9d3ba0d6ff61a,,,3e2bac6d488d016b4c0a216c6e210e16bcc4ca139bf6356687dc98bc7c39ec78,last,ood_metric/aupr_in_openood_auc,OOD-2,primary,up,,id_test_vs_tin,detector_declared,ood_score/msp,tin,near,,,,17793,C4,adam,0.0003,0.0001,0.9224263275979585,0,3107fa05d2e385174001009e90a50e3692d60425623c071ef05d34994af9dccd,200
metric_contract_v1.2,c38b09694be88aa74de0741b39e9d3ba0d6ff61a,,,3e2bac6d488d016b4c0a216c6e210e16bcc4ca139bf6356687dc98bc7c39ec78,last,ood_metric/aupr_out_openood_auc,OOD-3,primary,up,id_train,id_test_vs_tin,detector_declared,detector/ctm_prototype_cosine,tin,near,,,,17793,C4,adam,0.0003,0.0001,0.8381428075565851,0,3107fa05d2e385174001009e90a50e3692d60425623c071ef05d34994af9dccd,200
metric_contract_v1.2,c38b09694be88aa74de0741b39e9d3ba0d6ff61a,,,3e2bac6d488d016b4c0a216c6e210e16bcc4ca139bf6356687dc98bc7c39ec78,last,ood_metric/aupr_out_openood_auc,OOD-3,primary,up,id_train,id_test_vs_tin,detector_declared,detector/gda_class_density,tin,near,,,,17793,C4,adam,0.0003,0.0001,0.7590046306171188,0,3107fa05d2e385174001009e90a50e3692d60425623c071ef05d34994af9dccd,200
metric_contract_v1.2,c38b09694be88aa74de0741b39e9d3ba0d6ff61a,,,3e2bac6d488d016b4c0a216c6e210e16bcc4ca139bf6356687dc98bc7c39ec78,last,ood_metric/aupr_out_openood_auc,OOD-3,primary,up,id_train,id_test_vs_tin,detector_declared,detector/knn_l2_k50,tin,near,,,,17793,C4,adam,0.0003,0.0001,0.8475742839361557,0,3107fa05d2e385174001009e90a50e3692d60425623c071ef05d34994af9dccd,200
metric_contract_v1.2,c38b09694be88aa74de0741b39e9d3ba0d6ff61a,,,3e2bac6d488d016b4c0a216c6e210e16bcc4ca139bf6356687dc98bc7c39ec78,last,ood_metric/aupr_out_openood_auc,OOD-3,primary,up,id_train,id_test_vs_tin,detector_declared,detector/mahalanobis_pp,tin,near,,,,17793,C4,adam,0.0003,0.0001,0.7693220382836088,0,3107fa05d2e385174001009e90a50e3692d60425623c071ef05d34994af9dccd,200
metric_contract_v1.2,c38b09694be88aa74de0741b39e9d3ba0d6ff61a,,,3e2bac6d488d016b4c0a216c6e210e16bcc4ca139bf6356687dc98bc7c39ec78,last,ood_metric/aupr_out_openood_auc,OOD-3,primary,up,id_train,id_test_vs_tin,detector_declared,detector/mahalanobis_raw,tin,near,,,,17793,C4,adam,0.0003,0.0001,0.580607710768841,0,3107fa05d2e385174001009e90a50e3692d60425623c071ef05d34994af9dccd,200
metric_contract_v1.2,c38b09694be88aa74de0741b39e9d3ba0d6ff61a,,,3e2bac6d488d016b4c0a216c6e210e16bcc4ca139bf6356687dc98bc7c39ec78,last,ood_metric/aupr_out_openood_auc,OOD-3,primary,up,id_train,id_test_vs_tin,detector_declared,detector/marginal_mahalanobis_raw,tin,near,,,,17793,C4,adam,0.0003,0.0001,0.5031779755129429,0,3107fa05d2e385174001009e90a50e3692d60425623c071ef05d34994af9dccd,200
metric_contract_v1.2,c38b09694be88aa74de0741b39e9d3ba0d6ff61a,,,3e2bac6d488d016b4c0a216c6e210e16bcc4ca139bf6356687dc98bc7c39ec78,last,ood_metric/aupr_out_openood_auc,OOD-3,primary,up,id_train,id_test_vs_tin,detector_declared,detector/ncp_euclidean_raw,tin,near,,,,17793,C4,adam,0.0003,0.0001,0.8138746188434481,0,3107fa05d2e385174001009e90a50e3692d60425623c071ef05d34994af9dccd,200
metric_contract_v1.2,c38b09694be88aa74de0741b39e9d3ba0d6ff61a,,,3e2bac6d488d016b4c0a216c6e210e16bcc4ca139bf6356687dc98bc7c39ec78,last,ood_metric/aupr_out_openood_auc,OOD-3,primary,up,id_train,id_test_vs_tin,detector_declared,detector/neco_author_std_dim100,tin,near,,,,17793,C4,adam,0.0003,0.0001,0.8244438245347053,0,3107fa05d2e385174001009e90a50e3692d60425623c071ef05d34994af9dccd,200
metric_contract_v1.2,c38b09694be88aa74de0741b39e9d3ba0d6ff61a,,,3e2bac6d488d016b4c0a216c6e210e16bcc4ca139bf6356687dc98bc7c39ec78,last,ood_metric/aupr_out_openood_auc,OOD-3,primary,up,id_train,id_test_vs_tin,detector_declared,detector/relative_mahalanobis_pp,tin,near,,,,17793,C4,adam,0.0003,0.0001,0.8426625731385178,0,3107fa05d2e385174001009e90a50e3692d60425623c071ef05d34994af9dccd,200
metric_contract_v1.2,c38b09694be88aa74de0741b39e9d3ba0d6ff61a,,,3e2bac6d488d016b4c0a216c6e210e16bcc4ca139bf6356687dc98bc7c39ec78,last,ood_metric/aupr_out_openood_auc,OOD-3,primary,up,id_train,id_test_vs_tin,detector_declared,detector/relative_mahalanobis_raw,tin,near,,,,17793,C4,adam,0.0003,0.0001,0.8490500671896632,0,3107fa05d2e385174001009e90a50e3692d60425623c071ef05d34994af9dccd,200
metric_contract_v1.2,c38b09694be88aa74de0741b39e9d3ba0d6ff61a,,,3e2bac6d488d016b4c0a216c6e210e16bcc4ca139bf6356687dc98bc7c39ec78,last,ood_metric/aupr_out_openood_auc,OOD-3,primary,up,id_train,id_test_vs_tin,detector_declared,detector/vim_author_dim,tin,near,,,,17793,C4,adam,0.0003,0.0001,0.8109842830505023,0,3107fa05d2e385174001009e90a50e3692d60425623c071ef05d34994af9dccd,200
metric_contract_v1.2,c38b09694be88aa74de0741b39e9d3ba0d6ff61a,,,3e2bac6d488d016b4c0a216c6e210e16bcc4ca139bf6356687dc98bc7c39ec78,last,ood_metric/aupr_out_openood_auc,OOD-3,primary,up,id_train,id_test_vs_tin,detector_declared,detector/vim_dim128,tin,near,,,,17793,C4,adam,0.0003,0.0001,0.8302357350521119,0,3107fa05d2e385174001009e90a50e3692d60425623c071ef05d34994af9dccd,200
metric_contract_v1.2,c38b09694be88aa74de0741b39e9d3ba0d6ff61a,,,3e2bac6d488d016b4c0a216c6e210e16bcc4ca139bf6356687dc98bc7c39ec78,last,ood_metric/aupr_out_openood_auc,OOD-3,primary,up,id_train,id_test_vs_tin,detector_declared,detector/vim_dim256,tin,near,,,,17793,C4,adam,0.0003,0.0001,0.817769507522353,0,3107fa05d2e385174001009e90a50e3692d60425623c071ef05d34994af9dccd,200
metric_contract_v1.2,c38b09694be88aa74de0741b39e9d3ba0d6ff61a,,,3e2bac6d488d016b4c0a216c6e210e16bcc4ca139bf6356687dc98bc7c39ec78,last,ood_metric/aupr_out_openood_auc,OOD-3,primary,up,id_train,id_test_vs_tin,detector_declared,detector/vim_dim320,tin,near,,,,17793,C4,adam,0.0003,0.0001,0.8109842830505023,0,3107fa05d2e385174001009e90a50e3692d60425623c071ef05d34994af9dccd,200
metric_contract_v1.2,c38b09694be88aa74de0741b39e9d3ba0d6ff61a,,,3e2bac6d488d016b4c0a216c6e210e16bcc4ca139bf6356687dc98bc7c39ec78,last,ood_metric/aupr_out_openood_auc,OOD-3,primary,up,id_train,id_test_vs_tin,detector_declared,detector/vim_dim64,tin,near,,,,17793,C4,adam,0.0003,0.0001,0.8366987232164946,0,3107fa05d2e385174001009e90a50e3692d60425623c071ef05d34994af9dccd,200
metric_contract_v1.2,c38b09694be88aa74de0741b39e9d3ba0d6ff61a,,,3e2bac6d488d016b4c0a216c6e210e16bcc4ca139bf6356687dc98bc7c39ec78,last,ood_metric/aupr_out_openood_auc,OOD-3,primary,up,id_train,id_test_vs_tin,detector_declared,detector/weight_cosine_appendix,tin,near,,,,17793,C4,adam,0.0003,0.0001,0.8652421096148307,0,3107fa05d2e385174001009e90a50e3692d60425623c071ef05d34994af9dccd,200
metric_contract_v1.2,c38b09694be88aa74de0741b39e9d3ba0d6ff61a,,,3e2bac6d488d016b4c0a216c6e210e16bcc4ca139bf6356687dc98bc7c39ec78,last,ood_metric/aupr_out_openood_auc,OOD-3,primary,up,,id_test_vs_tin,detector_declared,ood_score/energy_t1,tin,near,,,,17793,C4,adam,0.0003,0.0001,0.8741118212672019,0,3107fa05d2e385174001009e90a50e3692d60425623c071ef05d34994af9dccd,200
metric_contract_v1.2,c38b09694be88aa74de0741b39e9d3ba0d6ff61a,,,3e2bac6d488d016b4c0a216c6e210e16bcc4ca139bf6356687dc98bc7c39ec78,last,ood_metric/aupr_out_openood_auc,OOD-3,primary,up,,id_test_vs_tin,detector_declared,ood_score/max_logit,tin,near,,,,17793,C4,adam,0.0003,0.0001,0.87261847111337,0,3107fa05d2e385174001009e90a50e3692d60425623c071ef05d34994af9dccd,200
metric_contract_v1.2,c38b09694be88aa74de0741b39e9d3ba0d6ff61a,,,3e2bac6d488d016b4c0a216c6e210e16bcc4ca139bf6356687dc98bc7c39ec78,last,ood_metric/aupr_out_openood_auc,OOD-3,primary,up,,id_test_vs_tin,detector_declared,ood_score/msp,tin,near,,,,17793,C4,adam,0.0003,0.0001,0.8187555843024261,0,3107fa05d2e385174001009e90a50e3692d60425623c071ef05d34994af9dccd,200
metric_contract_v1.2,c38b09694be88aa74de0741b39e9d3ba0d6ff61a,,,3e2bac6d488d016b4c0a216c6e210e16bcc4ca139bf6356687dc98bc7c39ec78,last,ood_metric/auroc_id_positive,OOD-1,primary,up,id_train,id_test_vs_tin,detector_declared,detector/ctm_prototype_cosine,tin,near,,,,17793,C4,adam,0.0003,0.0001,0.8889785961760553,0,3107fa05d2e385174001009e90a50e3692d60425623c071ef05d34994af9dccd,200
metric_contract_v1.2,c38b09694be88aa74de0741b39e9d3ba0d6ff61a,,,3e2bac6d488d016b4c0a216c6e210e16bcc4ca139bf6356687dc98bc7c39ec78,last,ood_metric/auroc_id_positive,OOD-1,primary,up,id_train,id_test_vs_tin,detector_declared,detector/gda_class_density,tin,near,,,,17793,C4,adam,0.0003,0.0001,0.8427175670473502,0,3107fa05d2e385174001009e90a50e3692d60425623c071ef05d34994af9dccd,200
metric_contract_v1.2,c38b09694be88aa74de0741b39e9d3ba0d6ff61a,,,3e2bac6d488d016b4c0a216c6e210e16bcc4ca139bf6356687dc98bc7c39ec78,last,ood_metric/auroc_id_positive,OOD-1,primary,up,id_train,id_test_vs_tin,detector_declared,detector/knn_l2_k50,tin,near,,,,17793,C4,adam,0.0003,0.0001,0.8963998075195687,0,3107fa05d2e385174001009e90a50e3692d60425623c071ef05d34994af9dccd,200
metric_contract_v1.2,c38b09694be88aa74de0741b39e9d3ba0d6ff61a,,,3e2bac6d488d016b4c0a216c6e210e16bcc4ca139bf6356687dc98bc7c39ec78,last,ood_metric/auroc_id_positive,OOD-1,primary,up,id_train,id_test_vs_tin,detector_declared,detector/mahalanobis_pp,tin,near,,,,17793,C4,adam,0.0003,0.0001,0.8426051328114974,0,3107fa05d2e385174001009e90a50e3692d60425623c071ef05d34994af9dccd,200
metric_contract_v1.2,c38b09694be88aa74de0741b39e9d3ba0d6ff61a,,,3e2bac6d488d016b4c0a216c6e210e16bcc4ca139bf6356687dc98bc7c39ec78,last,ood_metric/auroc_id_positive,OOD-1,primary,up,id_train,id_test_vs_tin,detector_declared,detector/mahalanobis_raw,tin,near,,,,17793,C4,adam,0.0003,0.0001,0.6889782882073655,0,3107fa05d2e385174001009e90a50e3692d60425623c071ef05d34994af9dccd,200
metric_contract_v1.2,c38b09694be88aa74de0741b39e9d3ba0d6ff61a,,,3e2bac6d488d016b4c0a216c6e210e16bcc4ca139bf6356687dc98bc7c39ec78,last,ood_metric/auroc_id_positive,OOD-1,primary,up,id_train,id_test_vs_tin,detector_declared,detector/marginal_mahalanobis_raw,tin,near,,,,17793,C4,adam,0.0003,0.0001,0.5870812524060053,0,3107fa05d2e385174001009e90a50e3692d60425623c071ef05d34994af9dccd,200
metric_contract_v1.2,c38b09694be88aa74de0741b39e9d3ba0d6ff61a,,,3e2bac6d488d016b4c0a216c6e210e16bcc4ca139bf6356687dc98bc7c39ec78,last,ood_metric/auroc_id_positive,OOD-1,primary,up,id_train,id_test_vs_tin,detector_declared,detector/ncp_euclidean_raw,tin,near,,,,17793,C4,adam,0.0003,0.0001,0.8732424355190556,0,3107fa05d2e385174001009e90a50e3692d60425623c071ef05d34994af9dccd,200
metric_contract_v1.2,c38b09694be88aa74de0741b39e9d3ba0d6ff61a,,,3e2bac6d488d016b4c0a216c6e210e16bcc4ca139bf6356687dc98bc7c39ec78,last,ood_metric/auroc_id_positive,OOD-1,primary,up,id_train,id_test_vs_tin,detector_declared,detector/neco_author_std_dim100,tin,near,,,,17793,C4,adam,0.0003,0.0001,0.8813879122289234,0,3107fa05d2e385174001009e90a50e3692d60425623c071ef05d34994af9dccd,200
metric_contract_v1.2,c38b09694be88aa74de0741b39e9d3ba0d6ff61a,,,3e2bac6d488d016b4c0a216c6e210e16bcc4ca139bf6356687dc98bc7c39ec78,last,ood_metric/auroc_id_positive,OOD-1,primary,up,id_train,id_test_vs_tin,detector_declared,detector/relative_mahalanobis_pp,tin,near,,,,17793,C4,adam,0.0003,0.0001,0.8942823559604773,0,3107fa05d2e385174001009e90a50e3692d60425623c071ef05d34994af9dccd,200
metric_contract_v1.2,c38b09694be88aa74de0741b39e9d3ba0d6ff61a,,,3e2bac6d488d016b4c0a216c6e210e16bcc4ca139bf6356687dc98bc7c39ec78,last,ood_metric/auroc_id_positive,OOD-1,primary,up,id_train,id_test_vs_tin,detector_declared,detector/relative_mahalanobis_raw,tin,near,,,,17793,C4,adam,0.0003,0.0001,0.8968830360580007,0,3107fa05d2e385174001009e90a50e3692d60425623c071ef05d34994af9dccd,200
metric_contract_v1.2,c38b09694be88aa74de0741b39e9d3ba0d6ff61a,,,3e2bac6d488d016b4c0a216c6e210e16bcc4ca139bf6356687dc98bc7c39ec78,last,ood_metric/auroc_id_positive,OOD-1,primary,up,id_train,id_test_vs_tin,detector_declared,detector/vim_author_dim,tin,near,,,,17793,C4,adam,0.0003,0.0001,0.8856953548055948,0,3107fa05d2e385174001009e90a50e3692d60425623c071ef05d34994af9dccd,200
metric_contract_v1.2,c38b09694be88aa74de0741b39e9d3ba0d6ff61a,,,3e2bac6d488d016b4c0a216c6e210e16bcc4ca139bf6356687dc98bc7c39ec78,last,ood_metric/auroc_id_positive,OOD-1,primary,up,id_train,id_test_vs_tin,detector_declared,detector/vim_dim128,tin,near,,,,17793,C4,adam,0.0003,0.0001,0.8934394199923008,0,3107fa05d2e385174001009e90a50e3692d60425623c071ef05d34994af9dccd,200
metric_contract_v1.2,c38b09694be88aa74de0741b39e9d3ba0d6ff61a,,,3e2bac6d488d016b4c0a216c6e210e16bcc4ca139bf6356687dc98bc7c39ec78,last,ood_metric/auroc_id_positive,OOD-1,primary,up,id_train,id_test_vs_tin,detector_declared,detector/vim_dim256,tin,near,,,,17793,C4,adam,0.0003,0.0001,0.8886416912613885,0,3107fa05d2e385174001009e90a50e3692d60425623c071ef05d34994af9dccd,200
metric_contract_v1.2,c38b09694be88aa74de0741b39e9d3ba0d6ff61a,,,3e2bac6d488d016b4c0a216c6e210e16bcc4ca139bf6356687dc98bc7c39ec78,last,ood_metric/auroc_id_positive,OOD-1,primary,up,id_train,id_test_vs_tin,detector_declared,detector/vim_dim320,tin,near,,,,17793,C4,adam,0.0003,0.0001,0.8856953548055948,0,3107fa05d2e385174001009e90a50e3692d60425623c071ef05d34994af9dccd,200
metric_contract_v1.2,c38b09694be88aa74de0741b39e9d3ba0d6ff61a,,,3e2bac6d488d016b4c0a216c6e210e16bcc4ca139bf6356687dc98bc7c39ec78,last,ood_metric/auroc_id_positive,OOD-1,primary,up,id_train,id_test_vs_tin,detector_declared,detector/vim_dim64,tin,near,,,,17793,C4,adam,0.0003,0.0001,0.8940838573078403,0,3107fa05d2e385174001009e90a50e3692d60425623c071ef05d34994af9dccd,200
metric_contract_v1.2,c38b09694be88aa74de0741b39e9d3ba0d6ff61a,,,3e2bac6d488d016b4c0a216c6e210e16bcc4ca139bf6356687dc98bc7c39ec78,last,ood_metric/auroc_id_positive,OOD-1,primary,up,id_train,id_test_vs_tin,detector_declared,detector/weight_cosine_appendix,tin,near,,,,17793,C4,adam,0.0003,0.0001,0.909605158475555,0,3107fa05d2e385174001009e90a50e3692d60425623c071ef05d34994af9dccd,200
metric_contract_v1.2,c38b09694be88aa74de0741b39e9d3ba0d6ff61a,,,3e2bac6d488d016b4c0a216c6e210e16bcc4ca139bf6356687dc98bc7c39ec78,last,ood_metric/auroc_id_positive,OOD-1,primary,up,,id_test_vs_tin,detector_declared,ood_score/energy_t1,tin,near,,,,17793,C4,adam,0.0003,0.0001,0.9144482869241628,0,3107fa05d2e385174001009e90a50e3692d60425623c071ef05d34994af9dccd,200
metric_contract_v1.2,c38b09694be88aa74de0741b39e9d3ba0d6ff61a,,,3e2bac6d488d016b4c0a216c6e210e16bcc4ca139bf6356687dc98bc7c39ec78,last,ood_metric/auroc_id_positive,OOD-1,primary,up,,id_test_vs_tin,detector_declared,ood_score/max_logit,tin,near,,,,17793,C4,adam,0.0003,0.0001,0.9139448864365456,0,3107fa05d2e385174001009e90a50e3692d60425623c071ef05d34994af9dccd,200
metric_contract_v1.2,c38b09694be88aa74de0741b39e9d3ba0d6ff61a,,,3e2bac6d488d016b4c0a216c6e210e16bcc4ca139bf6356687dc98bc7c39ec78,last,ood_metric/auroc_id_positive,OOD-1,primary,up,,id_test_vs_tin,detector_declared,ood_score/msp,tin,near,,,,17793,C4,adam,0.0003,0.0001,0.8885999743359425,0,3107fa05d2e385174001009e90a50e3692d60425623c071ef05d34994af9dccd,200
metric_contract_v1.2,c38b09694be88aa74de0741b39e9d3ba0d6ff61a,,,3e2bac6d488d016b4c0a216c6e210e16bcc4ca139bf6356687dc98bc7c39ec78,last,ood_metric/fpr95_achieved_id_tpr,OOD-4,appendix,descriptive,id_train,id_test_vs_tin,detector_declared,detector/ctm_prototype_cosine,tin,near,,,,17793,C4,adam,0.0003,0.0001,0.95,0,3107fa05d2e385174001009e90a50e3692d60425623c071ef05d34994af9dccd,200
metric_contract_v1.2,c38b09694be88aa74de0741b39e9d3ba0d6ff61a,,,3e2bac6d488d016b4c0a216c6e210e16bcc4ca139bf6356687dc98bc7c39ec78,last,ood_metric/fpr95_achieved_id_tpr,OOD-4,appendix,descriptive,id_train,id_test_vs_tin,detector_declared,detector/gda_class_density,tin,near,,,,17793,C4,adam,0.0003,0.0001,0.95,0,3107fa05d2e385174001009e90a50e3692d60425623c071ef05d34994af9dccd,200
metric_contract_v1.2,c38b09694be88aa74de0741b39e9d3ba0d6ff61a,,,3e2bac6d488d016b4c0a216c6e210e16bcc4ca139bf6356687dc98bc7c39ec78,last,ood_metric/fpr95_achieved_id_tpr,OOD-4,appendix,descriptive,id_train,id_test_vs_tin,detector_declared,detector/knn_l2_k50,tin,near,,,,17793,C4,adam,0.0003,0.0001,0.95,0,3107fa05d2e385174001009e90a50e3692d60425623c071ef05d34994af9dccd,200
metric_contract_v1.2,c38b09694be88aa74de0741b39e9d3ba0d6ff61a,,,3e2bac6d488d016b4c0a216c6e210e16bcc4ca139bf6356687dc98bc7c39ec78,last,ood_metric/fpr95_achieved_id_tpr,OOD-4,appendix,descriptive,id_train,id_test_vs_tin,detector_declared,detector/mahalanobis_pp,tin,near,,,,17793,C4,adam,0.0003,0.0001,0.95,0,3107fa05d2e385174001009e90a50e3692d60425623c071ef05d34994af9dccd,200
metric_contract_v1.2,c38b09694be88aa74de0741b39e9d3ba0d6ff61a,,,3e2bac6d488d016b4c0a216c6e210e16bcc4ca139bf6356687dc98bc7c39ec78,last,ood_metric/fpr95_achieved_id_tpr,OOD-4,appendix,descriptive,id_train,id_test_vs_tin,detector_declared,detector/mahalanobis_raw,tin,near,,,,17793,C4,adam,0.0003,0.0001,0.95,0,3107fa05d2e385174001009e90a50e3692d60425623c071ef05d34994af9dccd,200
metric_contract_v1.2,c38b09694be88aa74de0741b39e9d3ba0d6ff61a,,,3e2bac6d488d016b4c0a216c6e210e16bcc4ca139bf6356687dc98bc7c39ec78,last,ood_metric/fpr95_achieved_id_tpr,OOD-4,appendix,descriptive,id_train,id_test_vs_tin,detector_declared,detector/marginal_mahalanobis_raw,tin,near,,,,17793,C4,adam,0.0003,0.0001,0.95,0,3107fa05d2e385174001009e90a50e3692d60425623c071ef05d34994af9dccd,200
metric_contract_v1.2,c38b09694be88aa74de0741b39e9d3ba0d6ff61a,,,3e2bac6d488d016b4c0a216c6e210e16bcc4ca139bf6356687dc98bc7c39ec78,last,ood_metric/fpr95_achieved_id_tpr,OOD-4,appendix,descriptive,id_train,id_test_vs_tin,detector_declared,detector/ncp_euclidean_raw,tin,near,,,,17793,C4,adam,0.0003,0.0001,0.95,0,3107fa05d2e385174001009e90a50e3692d60425623c071ef05d34994af9dccd,200
metric_contract_v1.2,c38b09694be88aa74de0741b39e9d3ba0d6ff61a,,,3e2bac6d488d016b4c0a216c6e210e16bcc4ca139bf6356687dc98bc7c39ec78,last,ood_metric/fpr95_achieved_id_tpr,OOD-4,appendix,descriptive,id_train,id_test_vs_tin,detector_declared,detector/neco_author_std_dim100,tin,near,,,,17793,C4,adam,0.0003,0.0001,0.95,0,3107fa05d2e385174001009e90a50e3692d60425623c071ef05d34994af9dccd,200
metric_contract_v1.2,c38b09694be88aa74de0741b39e9d3ba0d6ff61a,,,3e2bac6d488d016b4c0a216c6e210e16bcc4ca139bf6356687dc98bc7c39ec78,last,ood_metric/fpr95_achieved_id_tpr,OOD-4,appendix,descriptive,id_train,id_test_vs_tin,detector_declared,detector/relative_mahalanobis_pp,tin,near,,,,17793,C4,adam,0.0003,0.0001,0.95,0,3107fa05d2e385174001009e90a50e3692d60425623c071ef05d34994af9dccd,200
metric_contract_v1.2,c38b09694be88aa74de0741b39e9d3ba0d6ff61a,,,3e2bac6d488d016b4c0a216c6e210e16bcc4ca139bf6356687dc98bc7c39ec78,last,ood_metric/fpr95_achieved_id_tpr,OOD-4,appendix,descriptive,id_train,id_test_vs_tin,detector_declared,detector/relative_mahalanobis_raw,tin,near,,,,17793,C4,adam,0.0003,0.0001,0.95,0,3107fa05d2e385174001009e90a50e3692d60425623c071ef05d34994af9dccd,200
metric_contract_v1.2,c38b09694be88aa74de0741b39e9d3ba0d6ff61a,,,3e2bac6d488d016b4c0a216c6e210e16bcc4ca139bf6356687dc98bc7c39ec78,last,ood_metric/fpr95_achieved_id_tpr,OOD-4,appendix,descriptive,id_train,id_test_vs_tin,detector_declared,detector/vim_author_dim,tin,near,,,,17793,C4,adam,0.0003,0.0001,0.95,0,3107fa05d2e385174001009e90a50e3692d60425623c071ef05d34994af9dccd,200
metric_contract_v1.2,c38b09694be88aa74de0741b39e9d3ba0d6ff61a,,,3e2bac6d488d016b4c0a216c6e210e16bcc4ca139bf6356687dc98bc7c39ec78,last,ood_metric/fpr95_achieved_id_tpr,OOD-4,appendix,descriptive,id_train,id_test_vs_tin,detector_declared,detector/vim_dim128,tin,near,,,,17793,C4,adam,0.0003,0.0001,0.95,0,3107fa05d2e385174001009e90a50e3692d60425623c071ef05d34994af9dccd,200
metric_contract_v1.2,c38b09694be88aa74de0741b39e9d3ba0d6ff61a,,,3e2bac6d488d016b4c0a216c6e210e16bcc4ca139bf6356687dc98bc7c39ec78,last,ood_metric/fpr95_achieved_id_tpr,OOD-4,appendix,descriptive,id_train,id_test_vs_tin,detector_declared,detector/vim_dim256,tin,near,,,,17793,C4,adam,0.0003,0.0001,0.95,0,3107fa05d2e385174001009e90a50e3692d60425623c071ef05d34994af9dccd,200
metric_contract_v1.2,c38b09694be88aa74de0741b39e9d3ba0d6ff61a,,,3e2bac6d488d016b4c0a216c6e210e16bcc4ca139bf6356687dc98bc7c39ec78,last,ood_metric/fpr95_achieved_id_tpr,OOD-4,appendix,descriptive,id_train,id_test_vs_tin,detector_declared,detector/vim_dim320,tin,near,,,,17793,C4,adam,0.0003,0.0001,0.95,0,3107fa05d2e385174001009e90a50e3692d60425623c071ef05d34994af9dccd,200
metric_contract_v1.2,c38b09694be88aa74de0741b39e9d3ba0d6ff61a,,,3e2bac6d488d016b4c0a216c6e210e16bcc4ca139bf6356687dc98bc7c39ec78,last,ood_metric/fpr95_achieved_id_tpr,OOD-4,appendix,descriptive,id_train,id_test_vs_tin,detector_declared,detector/vim_dim64,tin,near,,,,17793,C4,adam,0.0003,0.0001,0.95,0,3107fa05d2e385174001009e90a50e3692d60425623c071ef05d34994af9dccd,200
metric_contract_v1.2,c38b09694be88aa74de0741b39e9d3ba0d6ff61a,,,3e2bac6d488d016b4c0a216c6e210e16bcc4ca139bf6356687dc98bc7c39ec78,last,ood_metric/fpr95_achieved_id_tpr,OOD-4,appendix,descriptive,id_train,id_test_vs_tin,detector_declared,detector/weight_cosine_appendix,tin,near,,,,17793,C4,adam,0.0003,0.0001,0.95,0,3107fa05d2e385174001009e90a50e3692d60425623c071ef05d34994af9dccd,200
metric_contract_v1.2,c38b09694be88aa74de0741b39e9d3ba0d6ff61a,,,3e2bac6d488d016b4c0a216c6e210e16bcc4ca139bf6356687dc98bc7c39ec78,last,ood_metric/fpr95_achieved_id_tpr,OOD-4,appendix,descriptive,,id_test_vs_tin,detector_declared,ood_score/energy_t1,tin,near,,,,17793,C4,adam,0.0003,0.0001,0.95,0,3107fa05d2e385174001009e90a50e3692d60425623c071ef05d34994af9dccd,200
metric_contract_v1.2,c38b09694be88aa74de0741b39e9d3ba0d6ff61a,,,3e2bac6d488d016b4c0a216c6e210e16bcc4ca139bf6356687dc98bc7c39ec78,last,ood_metric/fpr95_achieved_id_tpr,OOD-4,appendix,descriptive,,id_test_vs_tin,detector_declared,ood_score/max_logit,tin,near,,,,17793,C4,adam,0.0003,0.0001,0.95,0,3107fa05d2e385174001009e90a50e3692d60425623c071ef05d34994af9dccd,200
metric_contract_v1.2,c38b09694be88aa74de0741b39e9d3ba0d6ff61a,,,3e2bac6d488d016b4c0a216c6e210e16bcc4ca139bf6356687dc98bc7c39ec78,last,ood_metric/fpr95_achieved_id_tpr,OOD-4,appendix,descriptive,,id_test_vs_tin,detector_declared,ood_score/msp,tin,near,,,,17793,C4,adam,0.0003,0.0001,0.95,0,3107fa05d2e385174001009e90a50e3692d60425623c071ef05d34994af9dccd,200
metric_contract_v1.2,c38b09694be88aa74de0741b39e9d3ba0d6ff61a,,,3e2bac6d488d016b4c0a216c6e210e16bcc4ca139bf6356687dc98bc7c39ec78,last,ood_metric/fpr95_id_tpr,OOD-4,primary,down,id_train,id_test_vs_tin,detector_declared,detector/ctm_prototype_cosine,tin,near,,,,17793,C4,adam,0.0003,0.0001,0.5644809444373156,0,3107fa05d2e385174001009e90a50e3692d60425623c071ef05d34994af9dccd,200
metric_contract_v1.2,c38b09694be88aa74de0741b39e9d3ba0d6ff61a,,,3e2bac6d488d016b4c0a216c6e210e16bcc4ca139bf6356687dc98bc7c39ec78,last,ood_metric/fpr95_id_tpr,OOD-4,primary,down,id_train,id_test_vs_tin,detector_declared,detector/gda_class_density,tin,near,,,,17793,C4,adam,0.0003,0.0001,0.723598100859746,0,3107fa05d2e385174001009e90a50e3692d60425623c071ef05d34994af9dccd,200
metric_contract_v1.2,c38b09694be88aa74de0741b39e9d3ba0d6ff61a,,,3e2bac6d488d016b4c0a216c6e210e16bcc4ca139bf6356687dc98bc7c39ec78,last,ood_metric/fpr95_id_tpr,OOD-4,primary,down,id_train,id_test_vs_tin,detector_declared,detector/knn_l2_k50,tin,near,,,,17793,C4,adam,0.0003,0.0001,0.5433080970101373,0,3107fa05d2e385174001009e90a50e3692d60425623c071ef05d34994af9dccd,200
metric_contract_v1.2,c38b09694be88aa74de0741b39e9d3ba0d6ff61a,,,3e2bac6d488d016b4c0a216c6e210e16bcc4ca139bf6356687dc98bc7c39ec78,last,ood_metric/fpr95_id_tpr,OOD-4,primary,down,id_train,id_test_vs_tin,detector_declared,detector/mahalanobis_pp,tin,near,,,,17793,C4,adam,0.0003,0.0001,0.7037084563069421,0,3107fa05d2e385174001009e90a50e3692d60425623c071ef05d34994af9dccd,200
metric_contract_v1.2,c38b09694be88aa74de0741b39e9d3ba0d6ff61a,,,3e2bac6d488d016b4c0a216c6e210e16bcc4ca139bf6356687dc98bc7c39ec78,last,ood_metric/fpr95_id_tpr,OOD-4,primary,down,id_train,id_test_vs_tin,detector_declared,detector/mahalanobis_raw,tin,near,,,,17793,C4,adam,0.0003,0.0001,0.8905427948158604,0,3107fa05d2e385174001009e90a50e3692d60425623c071ef05d34994af9dccd,200
metric_contract_v1.2,c38b09694be88aa74de0741b39e9d3ba0d6ff61a,,,3e2bac6d488d016b4c0a216c6e210e16bcc4ca139bf6356687dc98bc7c39ec78,last,ood_metric/fpr95_id_tpr,OOD-4,primary,down,id_train,id_test_vs_tin,detector_declared,detector/marginal_mahalanobis_raw,tin,near,,,,17793,C4,adam,0.0003,0.0001,0.917875016040036,0,3107fa05d2e385174001009e90a50e3692d60425623c071ef05d34994af9dccd,200
metric_contract_v1.2,c38b09694be88aa74de0741b39e9d3ba0d6ff61a,,,3e2bac6d488d016b4c0a216c6e210e16bcc4ca139bf6356687dc98bc7c39ec78,last,ood_metric/fpr95_id_tpr,OOD-4,primary,down,id_train,id_test_vs_tin,detector_declared,detector/ncp_euclidean_raw,tin,near,,,,17793,C4,adam,0.0003,0.0001,0.6018221480816117,0,3107fa05d2e385174001009e90a50e3692d60425623c071ef05d34994af9dccd,200
metric_contract_v1.2,c38b09694be88aa74de0741b39e9d3ba0d6ff61a,,,3e2bac6d488d016b4c0a216c6e210e16bcc4ca139bf6356687dc98bc7c39ec78,last,ood_metric/fpr95_id_tpr,OOD-4,primary,down,id_train,id_test_vs_tin,detector_declared,detector/neco_author_std_dim100,tin,near,,,,17793,C4,adam,0.0003,0.0001,0.6029770306685487,0,3107fa05d2e385174001009e90a50e3692d60425623c071ef05d34994af9dccd,200
metric_contract_v1.2,c38b09694be88aa74de0741b39e9d3ba0d6ff61a,,,3e2bac6d488d016b4c0a216c6e210e16bcc4ca139bf6356687dc98bc7c39ec78,last,ood_metric/fpr95_id_tpr,OOD-4,primary,down,id_train,id_test_vs_tin,detector_declared,detector/relative_mahalanobis_pp,tin,near,,,,17793,C4,adam,0.0003,0.0001,0.5734633645579366,0,3107fa05d2e385174001009e90a50e3692d60425623c071ef05d34994af9dccd,200
metric_contract_v1.2,c38b09694be88aa74de0741b39e9d3ba0d6ff61a,,,3e2bac6d488d016b4c0a216c6e210e16bcc4ca139bf6356687dc98bc7c39ec78,last,ood_metric/fpr95_id_tpr,OOD-4,primary,down,id_train,id_test_vs_tin,detector_declared,detector/relative_mahalanobis_raw,tin,near,,,,17793,C4,adam,0.0003,0.0001,0.5480559476453227,0,3107fa05d2e385174001009e90a50e3692d60425623c071ef05d34994af9dccd,200
metric_contract_v1.2,c38b09694be88aa74de0741b39e9d3ba0d6ff61a,,,3e2bac6d488d016b4c0a216c6e210e16bcc4ca139bf6356687dc98bc7c39ec78,last,ood_metric/fpr95_id_tpr,OOD-4,primary,down,id_train,id_test_vs_tin,detector_declared,detector/vim_author_dim,tin,near,,,,17793,C4,adam,0.0003,0.0001,0.6441678429359682,0,3107fa05d2e385174001009e90a50e3692d60425623c071ef05d34994af9dccd,200
metric_contract_v1.2,c38b09694be88aa74de0741b39e9d3ba0d6ff61a,,,3e2bac6d488d016b4c0a216c6e210e16bcc4ca139bf6356687dc98bc7c39ec78,last,ood_metric/fpr95_id_tpr,OOD-4,primary,down,id_train,id_test_vs_tin,detector_declared,detector/vim_dim128,tin,near,,,,17793,C4,adam,0.0003,0.0001,0.5924547670986783,0,3107fa05d2e385174001009e90a50e3692d60425623c071ef05d34994af9dccd,200
metric_contract_v1.2,c38b09694be88aa74de0741b39e9d3ba0d6ff61a,,,3e2bac6d488d016b4c0a216c6e210e16bcc4ca139bf6356687dc98bc7c39ec78,last,ood_metric/fpr95_id_tpr,OOD-4,primary,down,id_train,id_test_vs_tin,detector_declared,detector/vim_dim256,tin,near,,,,17793,C4,adam,0.0003,0.0001,0.6282561272937252,0,3107fa05d2e385174001009e90a50e3692d60425623c071ef05d34994af9dccd,200
metric_contract_v1.2,c38b09694be88aa74de0741b39e9d3ba0d6ff61a,,,3e2bac6d488d016b4c0a216c6e210e16bcc4ca139bf6356687dc98bc7c39ec78,last,ood_metric/fpr95_id_tpr,OOD-4,primary,down,id_train,id_test_vs_tin,detector_declared,detector/vim_dim320,tin,near,,,,17793,C4,adam,0.0003,0.0001,0.6441678429359682,0,3107fa05d2e385174001009e90a50e3692d60425623c071ef05d34994af9dccd,200
metric_contract_v1.2,c38b09694be88aa74de0741b39e9d3ba0d6ff61a,,,3e2bac6d488d016b4c0a216c6e210e16bcc4ca139bf6356687dc98bc7c39ec78,last,ood_metric/fpr95_id_tpr,OOD-4,primary,down,id_train,id_test_vs_tin,detector_declared,detector/vim_dim64,tin,near,,,,17793,C4,adam,0.0003,0.0001,0.5664057487488772,0,3107fa05d2e385174001009e90a50e3692d60425623c071ef05d34994af9dccd,200
metric_contract_v1.2,c38b09694be88aa74de0741b39e9d3ba0d6ff61a,,,3e2bac6d488d016b4c0a216c6e210e16bcc4ca139bf6356687dc98bc7c39ec78,last,ood_metric/fpr95_id_tpr,OOD-4,primary,down,id_train,id_test_vs_tin,detector_declared,detector/weight_cosine_appendix,tin,near,,,,17793,C4,adam,0.0003,0.0001,0.4889002951366611,0,3107fa05d2e385174001009e90a50e3692d60425623c071ef05d34994af9dccd,200
metric_contract_v1.2,c38b09694be88aa74de0741b39e9d3ba0d6ff61a,,,3e2bac6d488d016b4c0a216c6e210e16bcc4ca139bf6356687dc98bc7c39ec78,last,ood_metric/fpr95_id_tpr,OOD-4,primary,down,,id_test_vs_tin,detector_declared,ood_score/energy_t1,tin,near,,,,17793,C4,adam,0.0003,0.0001,0.45925830873861156,0,3107fa05d2e385174001009e90a50e3692d60425623c071ef05d34994af9dccd,200
metric_contract_v1.2,c38b09694be88aa74de0741b39e9d3ba0d6ff61a,,,3e2bac6d488d016b4c0a216c6e210e16bcc4ca139bf6356687dc98bc7c39ec78,last,ood_metric/fpr95_id_tpr,OOD-4,primary,down,,id_test_vs_tin,detector_declared,ood_score/max_logit,tin,near,,,,17793,C4,adam,0.0003,0.0001,0.4631079173617349,0,3107fa05d2e385174001009e90a50e3692d60425623c071ef05d34994af9dccd,200
metric_contract_v1.2,c38b09694be88aa74de0741b39e9d3ba0d6ff61a,,,3e2bac6d488d016b4c0a216c6e210e16bcc4ca139bf6356687dc98bc7c39ec78,last,ood_metric/fpr95_id_tpr,OOD-4,primary,down,,id_test_vs_tin,detector_declared,ood_score/msp,tin,near,,,,17793,C4,adam,0.0003,0.0001,0.627357885281663,0,3107fa05d2e385174001009e90a50e3692d60425623c071ef05d34994af9dccd,200
metric_contract_v1.2,c38b09694be88aa74de0741b39e9d3ba0d6ff61a,,,3e2bac6d488d016b4c0a216c6e210e16bcc4ca139bf6356687dc98bc7c39ec78,last,ood_metric/fpr95_threshold,OOD-4,appendix,descriptive,id_train,id_test_vs_tin,detector_declared,detector/ctm_prototype_cosine,tin,near,,,,17793,C4,adam,0.0003,0.0001,0.8275600631473047,0,3107fa05d2e385174001009e90a50e3692d60425623c071ef05d34994af9dccd,200
metric_contract_v1.2,c38b09694be88aa74de0741b39e9d3ba0d6ff61a,,,3e2bac6d488d016b4c0a216c6e210e16bcc4ca139bf6356687dc98bc7c39ec78,last,ood_metric/fpr95_threshold,OOD-4,appendix,descriptive,id_train,id_test_vs_tin,detector_declared,detector/gda_class_density,tin,near,,,,17793,C4,adam,0.0003,0.0001,720.9246762021057,0,3107fa05d2e385174001009e90a50e3692d60425623c071ef05d34994af9dccd,200
metric_contract_v1.2,c38b09694be88aa74de0741b39e9d3ba0d6ff61a,,,3e2bac6d488d016b4c0a216c6e210e16bcc4ca139bf6356687dc98bc7c39ec78,last,ood_metric/fpr95_threshold,OOD-4,appendix,descriptive,id_train,id_test_vs_tin,detector_declared,detector/knn_l2_k50,tin,near,,,,17793,C4,adam,0.0003,0.0001,-0.19597178752651842,0,3107fa05d2e385174001009e90a50e3692d60425623c071ef05d34994af9dccd,200
metric_contract_v1.2,c38b09694be88aa74de0741b39e9d3ba0d6ff61a,,,3e2bac6d488d016b4c0a216c6e210e16bcc4ca139bf6356687dc98bc7c39ec78,last,ood_metric/fpr95_threshold,OOD-4,appendix,descriptive,id_train,id_test_vs_tin,detector_declared,detector/mahalanobis_pp,tin,near,,,,17793,C4,adam,0.0003,0.0001,-1446.300967282446,0,3107fa05d2e385174001009e90a50e3692d60425623c071ef05d34994af9dccd,200
metric_contract_v1.2,c38b09694be88aa74de0741b39e9d3ba0d6ff61a,,,3e2bac6d488d016b4c0a216c6e210e16bcc4ca139bf6356687dc98bc7c39ec78,last,ood_metric/fpr95_threshold,OOD-4,appendix,descriptive,id_train,id_test_vs_tin,detector_declared,detector/mahalanobis_raw,tin,near,,,,17793,C4,adam,0.0003,0.0001,-1158.0620758784933,0,3107fa05d2e385174001009e90a50e3692d60425623c071ef05d34994af9dccd,200
metric_contract_v1.2,c38b09694be88aa74de0741b39e9d3ba0d6ff61a,,,3e2bac6d488d016b4c0a216c6e210e16bcc4ca139bf6356687dc98bc7c39ec78,last,ood_metric/fpr95_threshold,OOD-4,appendix,descriptive,id_train,id_test_vs_tin,detector_declared,detector/marginal_mahalanobis_raw,tin,near,,,,17793,C4,adam,0.0003,0.0001,-1112.5900411717842,0,3107fa05d2e385174001009e90a50e3692d60425623c071ef05d34994af9dccd,200
metric_contract_v1.2,c38b09694be88aa74de0741b39e9d3ba0d6ff61a,,,3e2bac6d488d016b4c0a216c6e210e16bcc4ca139bf6356687dc98bc7c39ec78,last,ood_metric/fpr95_threshold,OOD-4,appendix,descriptive,id_train,id_test_vs_tin,detector_declared,detector/ncp_euclidean_raw,tin,near,,,,17793,C4,adam,0.0003,0.0001,-11.368358275404402,0,3107fa05d2e385174001009e90a50e3692d60425623c071ef05d34994af9dccd,200
metric_contract_v1.2,c38b09694be88aa74de0741b39e9d3ba0d6ff61a,,,3e2bac6d488d016b4c0a216c6e210e16bcc4ca139bf6356687dc98bc7c39ec78,last,ood_metric/fpr95_threshold,OOD-4,appendix,descriptive,id_train,id_test_vs_tin,detector_declared,detector/neco_author_std_dim100,tin,near,,,,17793,C4,adam,0.0003,0.0001,0.9953965915461964,0,3107fa05d2e385174001009e90a50e3692d60425623c071ef05d34994af9dccd,200
metric_contract_v1.2,c38b09694be88aa74de0741b39e9d3ba0d6ff61a,,,3e2bac6d488d016b4c0a216c6e210e16bcc4ca139bf6356687dc98bc7c39ec78,last,ood_metric/fpr95_threshold,OOD-4,appendix,descriptive,id_train,id_test_vs_tin,detector_declared,detector/relative_mahalanobis_pp,tin,near,,,,17793,C4,adam,0.0003,0.0001,-179.59174815873718,0,3107fa05d2e385174001009e90a50e3692d60425623c071ef05d34994af9dccd,200
metric_contract_v1.2,c38b09694be88aa74de0741b39e9d3ba0d6ff61a,,,3e2bac6d488d016b4c0a216c6e210e16bcc4ca139bf6356687dc98bc7c39ec78,last,ood_metric/fpr95_threshold,OOD-4,appendix,descriptive,id_train,id_test_vs_tin,detector_declared,detector/relative_mahalanobis_raw,tin,near,,,,17793,C4,adam,0.0003,0.0001,-114.949569620799,0,3107fa05d2e385174001009e90a50e3692d60425623c071ef05d34994af9dccd,200
metric_contract_v1.2,c38b09694be88aa74de0741b39e9d3ba0d6ff61a,,,3e2bac6d488d016b4c0a216c6e210e16bcc4ca139bf6356687dc98bc7c39ec78,last,ood_metric/fpr95_threshold,OOD-4,appendix,descriptive,id_train,id_test_vs_tin,detector_declared,detector/vim_author_dim,tin,near,,,,17793,C4,adam,0.0003,0.0001,-14.656139729462511,0,3107fa05d2e385174001009e90a50e3692d60425623c071ef05d34994af9dccd,200
metric_contract_v1.2,c38b09694be88aa74de0741b39e9d3ba0d6ff61a,,,3e2bac6d488d016b4c0a216c6e210e16bcc4ca139bf6356687dc98bc7c39ec78,last,ood_metric/fpr95_threshold,OOD-4,appendix,descriptive,id_train,id_test_vs_tin,detector_declared,detector/vim_dim128,tin,near,,,,17793,C4,adam,0.0003,0.0001,-13.266575002167052,0,3107fa05d2e385174001009e90a50e3692d60425623c071ef05d34994af9dccd,200
metric_contract_v1.2,c38b09694be88aa74de0741b39e9d3ba0d6ff61a,,,3e2bac6d488d016b4c0a216c6e210e16bcc4ca139bf6356687dc98bc7c39ec78,last,ood_metric/fpr95_threshold,OOD-4,appendix,descriptive,id_train,id_test_vs_tin,detector_declared,detector/vim_dim256,tin,near,,,,17793,C4,adam,0.0003,0.0001,-14.496096754688109,0,3107fa05d2e385174001009e90a50e3692d60425623c071ef05d34994af9dccd,200
metric_contract_v1.2,c38b09694be88aa74de0741b39e9d3ba0d6ff61a,,,3e2bac6d488d016b4c0a216c6e210e16bcc4ca139bf6356687dc98bc7c39ec78,last,ood_metric/fpr95_threshold,OOD-4,appendix,descriptive,id_train,id_test_vs_tin,detector_declared,detector/vim_dim320,tin,near,,,,17793,C4,adam,0.0003,0.0001,-14.656139729462511,0,3107fa05d2e385174001009e90a50e3692d60425623c071ef05d34994af9dccd,200
metric_contract_v1.2,c38b09694be88aa74de0741b39e9d3ba0d6ff61a,,,3e2bac6d488d016b4c0a216c6e210e16bcc4ca139bf6356687dc98bc7c39ec78,last,ood_metric/fpr95_threshold,OOD-4,appendix,descriptive,id_train,id_test_vs_tin,detector_declared,detector/vim_dim64,tin,near,,,,17793,C4,adam,0.0003,0.0001,-12.297723136885974,0,3107fa05d2e385174001009e90a50e3692d60425623c071ef05d34994af9dccd,200
metric_contract_v1.2,c38b09694be88aa74de0741b39e9d3ba0d6ff61a,,,3e2bac6d488d016b4c0a216c6e210e16bcc4ca139bf6356687dc98bc7c39ec78,last,ood_metric/fpr95_threshold,OOD-4,appendix,descriptive,id_train,id_test_vs_tin,detector_declared,detector/weight_cosine_appendix,tin,near,,,,17793,C4,adam,0.0003,0.0001,0.20587325277863858,0,3107fa05d2e385174001009e90a50e3692d60425623c071ef05d34994af9dccd,200
metric_contract_v1.2,c38b09694be88aa74de0741b39e9d3ba0d6ff61a,,,3e2bac6d488d016b4c0a216c6e210e16bcc4ca139bf6356687dc98bc7c39ec78,last,ood_metric/fpr95_threshold,OOD-4,appendix,descriptive,,id_test_vs_tin,detector_declared,ood_score/energy_t1,tin,near,,,,17793,C4,adam,0.0003,0.0001,6.103960333253479,0,3107fa05d2e385174001009e90a50e3692d60425623c071ef05d34994af9dccd,200
metric_contract_v1.2,c38b09694be88aa74de0741b39e9d3ba0d6ff61a,,,3e2bac6d488d016b4c0a216c6e210e16bcc4ca139bf6356687dc98bc7c39ec78,last,ood_metric/fpr95_threshold,OOD-4,appendix,descriptive,,id_test_vs_tin,detector_declared,ood_score/max_logit,tin,near,,,,17793,C4,adam,0.0003,0.0001,5.966901683807373,0,3107fa05d2e385174001009e90a50e3692d60425623c071ef05d34994af9dccd,200
metric_contract_v1.2,c38b09694be88aa74de0741b39e9d3ba0d6ff61a,,,3e2bac6d488d016b4c0a216c6e210e16bcc4ca139bf6356687dc98bc7c39ec78,last,ood_metric/fpr95_threshold,OOD-4,appendix,descriptive,,id_test_vs_tin,detector_declared,ood_score/msp,tin,near,,,,17793,C4,adam,0.0003,0.0001,0.9099865882227293,0,3107fa05d2e385174001009e90a50e3692d60425623c071ef05d34994af9dccd,200
metric_contract_v1.2,c38b09694be88aa74de0741b39e9d3ba0d6ff61a,,,4039a31891b5637f4198ad78f79d97e89aa97f4ccd6efa5779b14c5b4203059e,last,analysis/angular_control_gap_ctm_ncp,OOD-7,exploratory,descriptive,id_train,id_test_vs_tin,paired_auroc_difference,,tin,,,,,17793,C4,adamw,0.003,0.001,0.11528344668292045,0,9940d5548da8547592bd583e11231bcec348bc9cc4b96187abda89e6e2e9290a,200
metric_contract_v1.2,c38b09694be88aa74de0741b39e9d3ba0d6ff61a,,,4039a31891b5637f4198ad78f79d97e89aa97f4ccd6efa5779b14c5b4203059e,last,analysis/restoration_gap_mahalanobis,OOD-7,exploratory,descriptive,id_train,id_test_vs_tin,paired_auroc_difference,,tin,,,,,17793,C4,adamw,0.003,0.001,0.42814400102656236,0,9940d5548da8547592bd583e11231bcec348bc9cc4b96187abda89e6e2e9290a,200
metric_contract_v1.2,c38b09694be88aa74de0741b39e9d3ba0d6ff61a,,,4039a31891b5637f4198ad78f79d97e89aa97f4ccd6efa5779b14c5b4203059e,last,analysis/restoration_gap_relative_mahalanobis,OOD-7,exploratory,descriptive,id_train,id_test_vs_tin,paired_auroc_difference,,tin,,,,,17793,C4,adamw,0.003,0.001,-0.005353188759142813,0,9940d5548da8547592bd583e11231bcec348bc9cc4b96187abda89e6e2e9290a,200
metric_contract_v1.2,c38b09694be88aa74de0741b39e9d3ba0d6ff61a,,,4039a31891b5637f4198ad78f79d97e89aa97f4ccd6efa5779b14c5b4203059e,last,ood_metric/ap_in,OOD-2,appendix,up,id_train,id_test_vs_tin,detector_declared,detector/ctm_prototype_cosine,tin,near,,,,17793,C4,adamw,0.003,0.001,0.9253350716202176,0,9940d5548da8547592bd583e11231bcec348bc9cc4b96187abda89e6e2e9290a,200
metric_contract_v1.2,c38b09694be88aa74de0741b39e9d3ba0d6ff61a,,,4039a31891b5637f4198ad78f79d97e89aa97f4ccd6efa5779b14c5b4203059e,last,ood_metric/ap_in,OOD-2,appendix,up,id_train,id_test_vs_tin,detector_declared,detector/gda_class_density,tin,near,,,,17793,C4,adamw,0.003,0.001,0.7144645066280882,0,9940d5548da8547592bd583e11231bcec348bc9cc4b96187abda89e6e2e9290a,200
metric_contract_v1.2,c38b09694be88aa74de0741b39e9d3ba0d6ff61a,,,4039a31891b5637f4198ad78f79d97e89aa97f4ccd6efa5779b14c5b4203059e,last,ood_metric/ap_in,OOD-2,appendix,up,id_train,id_test_vs_tin,detector_declared,detector/knn_l2_k50,tin,near,,,,17793,C4,adamw,0.003,0.001,0.9413638607916321,0,9940d5548da8547592bd583e11231bcec348bc9cc4b96187abda89e6e2e9290a,200
metric_contract_v1.2,c38b09694be88aa74de0741b39e9d3ba0d6ff61a,,,4039a31891b5637f4198ad78f79d97e89aa97f4ccd6efa5779b14c5b4203059e,last,ood_metric/ap_in,OOD-2,appendix,up,id_train,id_test_vs_tin,detector_declared,detector/mahalanobis_pp,tin,near,,,,17793,C4,adamw,0.003,0.001,0.9242078092661129,0,9940d5548da8547592bd583e11231bcec348bc9cc4b96187abda89e6e2e9290a,200
metric_contract_v1.2,c38b09694be88aa74de0741b39e9d3ba0d6ff61a,,,4039a31891b5637f4198ad78f79d97e89aa97f4ccd6efa5779b14c5b4203059e,last,ood_metric/ap_in,OOD-2,appendix,up,id_train,id_test_vs_tin,detector_declared,detector/mahalanobis_raw,tin,near,,,,17793,C4,adamw,0.003,0.001,0.5487193984819252,0,9940d5548da8547592bd583e11231bcec348bc9cc4b96187abda89e6e2e9290a,200
metric_contract_v1.2,c38b09694be88aa74de0741b39e9d3ba0d6ff61a,,,4039a31891b5637f4198ad78f79d97e89aa97f4ccd6efa5779b14c5b4203059e,last,ood_metric/ap_in,OOD-2,appendix,up,id_train,id_test_vs_tin,detector_declared,detector/marginal_mahalanobis_raw,tin,near,,,,17793,C4,adamw,0.003,0.001,0.49334087305531515,0,9940d5548da8547592bd583e11231bcec348bc9cc4b96187abda89e6e2e9290a,200
metric_contract_v1.2,c38b09694be88aa74de0741b39e9d3ba0d6ff61a,,,4039a31891b5637f4198ad78f79d97e89aa97f4ccd6efa5779b14c5b4203059e,last,ood_metric/ap_in,OOD-2,appendix,up,id_train,id_test_vs_tin,detector_declared,detector/ncp_euclidean_raw,tin,near,,,,17793,C4,adamw,0.003,0.001,0.835053236329641,0,9940d5548da8547592bd583e11231bcec348bc9cc4b96187abda89e6e2e9290a,200
metric_contract_v1.2,c38b09694be88aa74de0741b39e9d3ba0d6ff61a,,,4039a31891b5637f4198ad78f79d97e89aa97f4ccd6efa5779b14c5b4203059e,last,ood_metric/ap_in,OOD-2,appendix,up,id_train,id_test_vs_tin,detector_declared,detector/neco_author_std_dim100,tin,near,,,,17793,C4,adamw,0.003,0.001,0.8714221746670268,0,9940d5548da8547592bd583e11231bcec348bc9cc4b96187abda89e6e2e9290a,200
metric_contract_v1.2,c38b09694be88aa74de0741b39e9d3ba0d6ff61a,,,4039a31891b5637f4198ad78f79d97e89aa97f4ccd6efa5779b14c5b4203059e,last,ood_metric/ap_in,OOD-2,appendix,up,id_train,id_test_vs_tin,detector_declared,detector/relative_mahalanobis_pp,tin,near,,,,17793,C4,adamw,0.003,0.001,0.9236090069617294,0,9940d5548da8547592bd583e11231bcec348bc9cc4b96187abda89e6e2e9290a,200
metric_contract_v1.2,c38b09694be88aa74de0741b39e9d3ba0d6ff61a,,,4039a31891b5637f4198ad78f79d97e89aa97f4ccd6efa5779b14c5b4203059e,last,ood_metric/ap_in,OOD-2,appendix,up,id_train,id_test_vs_tin,detector_declared,detector/relative_mahalanobis_raw,tin,near,,,,17793,C4,adamw,0.003,0.001,0.9263560310703242,0,9940d5548da8547592bd583e11231bcec348bc9cc4b96187abda89e6e2e9290a,200
metric_contract_v1.2,c38b09694be88aa74de0741b39e9d3ba0d6ff61a,,,4039a31891b5637f4198ad78f79d97e89aa97f4ccd6efa5779b14c5b4203059e,last,ood_metric/ap_in,OOD-2,appendix,up,id_train,id_test_vs_tin,detector_declared,detector/vim_author_dim,tin,near,,,,17793,C4,adamw,0.003,0.001,0.9351741701458809,0,9940d5548da8547592bd583e11231bcec348bc9cc4b96187abda89e6e2e9290a,200
metric_contract_v1.2,c38b09694be88aa74de0741b39e9d3ba0d6ff61a,,,4039a31891b5637f4198ad78f79d97e89aa97f4ccd6efa5779b14c5b4203059e,last,ood_metric/ap_in,OOD-2,appendix,up,id_train,id_test_vs_tin,detector_declared,detector/vim_dim128,tin,near,,,,17793,C4,adamw,0.003,0.001,0.9348115124875721,0,9940d5548da8547592bd583e11231bcec348bc9cc4b96187abda89e6e2e9290a,200
metric_contract_v1.2,c38b09694be88aa74de0741b39e9d3ba0d6ff61a,,,4039a31891b5637f4198ad78f79d97e89aa97f4ccd6efa5779b14c5b4203059e,last,ood_metric/ap_in,OOD-2,appendix,up,id_train,id_test_vs_tin,detector_declared,detector/vim_dim256,tin,near,,,,17793,C4,adamw,0.003,0.001,0.935164638874243,0,9940d5548da8547592bd583e11231bcec348bc9cc4b96187abda89e6e2e9290a,200
metric_contract_v1.2,c38b09694be88aa74de0741b39e9d3ba0d6ff61a,,,4039a31891b5637f4198ad78f79d97e89aa97f4ccd6efa5779b14c5b4203059e,last,ood_metric/ap_in,OOD-2,appendix,up,id_train,id_test_vs_tin,detector_declared,detector/vim_dim320,tin,near,,,,17793,C4,adamw,0.003,0.001,0.9351741701458809,0,9940d5548da8547592bd583e11231bcec348bc9cc4b96187abda89e6e2e9290a,200
metric_contract_v1.2,c38b09694be88aa74de0741b39e9d3ba0d6ff61a,,,4039a31891b5637f4198ad78f79d97e89aa97f4ccd6efa5779b14c5b4203059e,last,ood_metric/ap_in,OOD-2,appendix,up,id_train,id_test_vs_tin,detector_declared,detector/vim_dim64,tin,near,,,,17793,C4,adamw,0.003,0.001,0.9349021782753835,0,9940d5548da8547592bd583e11231bcec348bc9cc4b96187abda89e6e2e9290a,200
metric_contract_v1.2,c38b09694be88aa74de0741b39e9d3ba0d6ff61a,,,4039a31891b5637f4198ad78f79d97e89aa97f4ccd6efa5779b14c5b4203059e,last,ood_metric/ap_in,OOD-2,appendix,up,id_train,id_test_vs_tin,detector_declared,detector/weight_cosine_appendix,tin,near,,,,17793,C4,adamw,0.003,0.001,0.9292885380561561,0,9940d5548da8547592bd583e11231bcec348bc9cc4b96187abda89e6e2e9290a,200
metric_contract_v1.2,c38b09694be88aa74de0741b39e9d3ba0d6ff61a,,,4039a31891b5637f4198ad78f79d97e89aa97f4ccd6efa5779b14c5b4203059e,last,ood_metric/ap_in,OOD-2,appendix,up,,id_test_vs_tin,detector_declared,ood_score/energy_t1,tin,near,,,,17793,C4,adamw,0.003,0.001,0.9398726205467794,0,9940d5548da8547592bd583e11231bcec348bc9cc4b96187abda89e6e2e9290a,200
metric_contract_v1.2,c38b09694be88aa74de0741b39e9d3ba0d6ff61a,,,4039a31891b5637f4198ad78f79d97e89aa97f4ccd6efa5779b14c5b4203059e,last,ood_metric/ap_in,OOD-2,appendix,up,,id_test_vs_tin,detector_declared,ood_score/max_logit,tin,near,,,,17793,C4,adamw,0.003,0.001,0.9398704274522534,0,9940d5548da8547592bd583e11231bcec348bc9cc4b96187abda89e6e2e9290a,200
metric_contract_v1.2,c38b09694be88aa74de0741b39e9d3ba0d6ff61a,,,4039a31891b5637f4198ad78f79d97e89aa97f4ccd6efa5779b14c5b4203059e,last,ood_metric/ap_in,OOD-2,appendix,up,,id_test_vs_tin,detector_declared,ood_score/msp,tin,near,,,,17793,C4,adamw,0.003,0.001,0.928531573988369,0,9940d5548da8547592bd583e11231bcec348bc9cc4b96187abda89e6e2e9290a,200
metric_contract_v1.2,c38b09694be88aa74de0741b39e9d3ba0d6ff61a,,,4039a31891b5637f4198ad78f79d97e89aa97f4ccd6efa5779b14c5b4203059e,last,ood_metric/ap_out,OOD-3,appendix,up,id_train,id_test_vs_tin,detector_declared,detector/ctm_prototype_cosine,tin,near,,,,17793,C4,adamw,0.003,0.001,0.8686084113375717,0,9940d5548da8547592bd583e11231bcec348bc9cc4b96187abda89e6e2e9290a,200
metric_contract_v1.2,c38b09694be88aa74de0741b39e9d3ba0d6ff61a,,,4039a31891b5637f4198ad78f79d97e89aa97f4ccd6efa5779b14c5b4203059e,last,ood_metric/ap_out,OOD-3,appendix,up,id_train,id_test_vs_tin,detector_declared,detector/gda_class_density,tin,near,,,,17793,C4,adamw,0.003,0.001,0.5921791045976953,0,9940d5548da8547592bd583e11231bcec348bc9cc4b96187abda89e6e2e9290a,200
metric_contract_v1.2,c38b09694be88aa74de0741b39e9d3ba0d6ff61a,,,4039a31891b5637f4198ad78f79d97e89aa97f4ccd6efa5779b14c5b4203059e,last,ood_metric/ap_out,OOD-3,appendix,up,id_train,id_test_vs_tin,detector_declared,detector/knn_l2_k50,tin,near,,,,17793,C4,adamw,0.003,0.001,0.8900969404063785,0,9940d5548da8547592bd583e11231bcec348bc9cc4b96187abda89e6e2e9290a,200
metric_contract_v1.2,c38b09694be88aa74de0741b39e9d3ba0d6ff61a,,,4039a31891b5637f4198ad78f79d97e89aa97f4ccd6efa5779b14c5b4203059e,last,ood_metric/ap_out,OOD-3,appendix,up,id_train,id_test_vs_tin,detector_declared,detector/mahalanobis_pp,tin,near,,,,17793,C4,adamw,0.003,0.001,0.8612461556016665,0,9940d5548da8547592bd583e11231bcec348bc9cc4b96187abda89e6e2e9290a,200
metric_contract_v1.2,c38b09694be88aa74de0741b39e9d3ba0d6ff61a,,,4039a31891b5637f4198ad78f79d97e89aa97f4ccd6efa5779b14c5b4203059e,last,ood_metric/ap_out,OOD-3,appendix,up,id_train,id_test_vs_tin,detector_declared,detector/mahalanobis_raw,tin,near,,,,17793,C4,adamw,0.003,0.001,0.4233924843716832,0,9940d5548da8547592bd583e11231bcec348bc9cc4b96187abda89e6e2e9290a,200
metric_contract_v1.2,c38b09694be88aa74de0741b39e9d3ba0d6ff61a,,,4039a31891b5637f4198ad78f79d97e89aa97f4ccd6efa5779b14c5b4203059e,last,ood_metric/ap_out,OOD-3,appendix,up,id_train,id_test_vs_tin,detector_declared,detector/marginal_mahalanobis_raw,tin,near,,,,17793,C4,adamw,0.003,0.001,0.3891209790218689,0,9940d5548da8547592bd583e11231bcec348bc9cc4b96187abda89e6e2e9290a,200
metric_contract_v1.2,c38b09694be88aa74de0741b39e9d3ba0d6ff61a,,,4039a31891b5637f4198ad78f79d97e89aa97f4ccd6efa5779b14c5b4203059e,last,ood_metric/ap_out,OOD-3,appendix,up,id_train,id_test_vs_tin,detector_declared,detector/ncp_euclidean_raw,tin,near,,,,17793,C4,adamw,0.003,0.001,0.6742543718826353,0,9940d5548da8547592bd583e11231bcec348bc9cc4b96187abda89e6e2e9290a,200
metric_contract_v1.2,c38b09694be88aa74de0741b39e9d3ba0d6ff61a,,,4039a31891b5637f4198ad78f79d97e89aa97f4ccd6efa5779b14c5b4203059e,last,ood_metric/ap_out,OOD-3,appendix,up,id_train,id_test_vs_tin,detector_declared,detector/neco_author_std_dim100,tin,near,,,,17793,C4,adamw,0.003,0.001,0.7528378365104456,0,9940d5548da8547592bd583e11231bcec348bc9cc4b96187abda89e6e2e9290a,200
metric_contract_v1.2,c38b09694be88aa74de0741b39e9d3ba0d6ff61a,,,4039a31891b5637f4198ad78f79d97e89aa97f4ccd6efa5779b14c5b4203059e,last,ood_metric/ap_out,OOD-3,appendix,up,id_train,id_test_vs_tin,detector_declared,detector/relative_mahalanobis_pp,tin,near,,,,17793,C4,adamw,0.003,0.001,0.8455477845840376,0,9940d5548da8547592bd583e11231bcec348bc9cc4b96187abda89e6e2e9290a,200
metric_contract_v1.2,c38b09694be88aa74de0741b39e9d3ba0d6ff61a,,,4039a31891b5637f4198ad78f79d97e89aa97f4ccd6efa5779b14c5b4203059e,last,ood_metric/ap_out,OOD-3,appendix,up,id_train,id_test_vs_tin,detector_declared,detector/relative_mahalanobis_raw,tin,near,,,,17793,C4,adamw,0.003,0.001,0.8524564462083208,0,9940d5548da8547592bd583e11231bcec348bc9cc4b96187abda89e6e2e9290a,200
metric_contract_v1.2,c38b09694be88aa74de0741b39e9d3ba0d6ff61a,,,4039a31891b5637f4198ad78f79d97e89aa97f4ccd6efa5779b14c5b4203059e,last,ood_metric/ap_out,OOD-3,appendix,up,id_train,id_test_vs_tin,detector_declared,detector/vim_author_dim,tin,near,,,,17793,C4,adamw,0.003,0.001,0.850567311012953,0,9940d5548da8547592bd583e11231bcec348bc9cc4b96187abda89e6e2e9290a,200
metric_contract_v1.2,c38b09694be88aa74de0741b39e9d3ba0d6ff61a,,,4039a31891b5637f4198ad78f79d97e89aa97f4ccd6efa5779b14c5b4203059e,last,ood_metric/ap_out,OOD-3,appendix,up,id_train,id_test_vs_tin,detector_declared,detector/vim_dim128,tin,near,,,,17793,C4,adamw,0.003,0.001,0.8487940750607055,0,9940d5548da8547592bd583e11231bcec348bc9cc4b96187abda89e6e2e9290a,200
metric_contract_v1.2,c38b09694be88aa74de0741b39e9d3ba0d6ff61a,,,4039a31891b5637f4198ad78f79d97e89aa97f4ccd6efa5779b14c5b4203059e,last,ood_metric/ap_out,OOD-3,appendix,up,id_train,id_test_vs_tin,detector_declared,detector/vim_dim256,tin,near,,,,17793,C4,adamw,0.003,0.001,0.8501899363432,0,9940d5548da8547592bd583e11231bcec348bc9cc4b96187abda89e6e2e9290a,200
metric_contract_v1.2,c38b09694be88aa74de0741b39e9d3ba0d6ff61a,,,4039a31891b5637f4198ad78f79d97e89aa97f4ccd6efa5779b14c5b4203059e,last,ood_metric/ap_out,OOD-3,appendix,up,id_train,id_test_vs_tin,detector_declared,detector/vim_dim320,tin,near,,,,17793,C4,adamw,0.003,0.001,0.850567311012953,0,9940d5548da8547592bd583e11231bcec348bc9cc4b96187abda89e6e2e9290a,200
metric_contract_v1.2,c38b09694be88aa74de0741b39e9d3ba0d6ff61a,,,4039a31891b5637f4198ad78f79d97e89aa97f4ccd6efa5779b14c5b4203059e,last,ood_metric/ap_out,OOD-3,appendix,up,id_train,id_test_vs_tin,detector_declared,detector/vim_dim64,tin,near,,,,17793,C4,adamw,0.003,0.001,0.8490212322816182,0,9940d5548da8547592bd583e11231bcec348bc9cc4b96187abda89e6e2e9290a,200
metric_contract_v1.2,c38b09694be88aa74de0741b39e9d3ba0d6ff61a,,,4039a31891b5637f4198ad78f79d97e89aa97f4ccd6efa5779b14c5b4203059e,last,ood_metric/ap_out,OOD-3,appendix,up,id_train,id_test_vs_tin,detector_declared,detector/weight_cosine_appendix,tin,near,,,,17793,C4,adamw,0.003,0.001,0.846535731046767,0,9940d5548da8547592bd583e11231bcec348bc9cc4b96187abda89e6e2e9290a,200
metric_contract_v1.2,c38b09694be88aa74de0741b39e9d3ba0d6ff61a,,,4039a31891b5637f4198ad78f79d97e89aa97f4ccd6efa5779b14c5b4203059e,last,ood_metric/ap_out,OOD-3,appendix,up,,id_test_vs_tin,detector_declared,ood_score/energy_t1,tin,near,,,,17793,C4,adamw,0.003,0.001,0.8571265227879346,0,9940d5548da8547592bd583e11231bcec348bc9cc4b96187abda89e6e2e9290a,200
metric_contract_v1.2,c38b09694be88aa74de0741b39e9d3ba0d6ff61a,,,4039a31891b5637f4198ad78f79d97e89aa97f4ccd6efa5779b14c5b4203059e,last,ood_metric/ap_out,OOD-3,appendix,up,,id_test_vs_tin,detector_declared,ood_score/max_logit,tin,near,,,,17793,C4,adamw,0.003,0.001,0.8573575244217808,0,9940d5548da8547592bd583e11231bcec348bc9cc4b96187abda89e6e2e9290a,200
metric_contract_v1.2,c38b09694be88aa74de0741b39e9d3ba0d6ff61a,,,4039a31891b5637f4198ad78f79d97e89aa97f4ccd6efa5779b14c5b4203059e,last,ood_metric/ap_out,OOD-3,appendix,up,,id_test_vs_tin,detector_declared,ood_score/msp,tin,near,,,,17793,C4,adamw,0.003,0.001,0.823340093384114,0,9940d5548da8547592bd583e11231bcec348bc9cc4b96187abda89e6e2e9290a,200
metric_contract_v1.2,c38b09694be88aa74de0741b39e9d3ba0d6ff61a,,,4039a31891b5637f4198ad78f79d97e89aa97f4ccd6efa5779b14c5b4203059e,last,ood_metric/aupr_in_openood_auc,OOD-2,primary,up,id_train,id_test_vs_tin,detector_declared,detector/ctm_prototype_cosine,tin,near,,,,17793,C4,adamw,0.003,0.001,0.9253301847723349,0,9940d5548da8547592bd583e11231bcec348bc9cc4b96187abda89e6e2e9290a,200
metric_contract_v1.2,c38b09694be88aa74de0741b39e9d3ba0d6ff61a,,,4039a31891b5637f4198ad78f79d97e89aa97f4ccd6efa5779b14c5b4203059e,last,ood_metric/aupr_in_openood_auc,OOD-2,primary,up,id_train,id_test_vs_tin,detector_declared,detector/gda_class_density,tin,near,,,,17793,C4,adamw,0.003,0.001,0.7144346831448125,0,9940d5548da8547592bd583e11231bcec348bc9cc4b96187abda89e6e2e9290a,200
metric_contract_v1.2,c38b09694be88aa74de0741b39e9d3ba0d6ff61a,,,4039a31891b5637f4198ad78f79d97e89aa97f4ccd6efa5779b14c5b4203059e,last,ood_metric/aupr_in_openood_auc,OOD-2,primary,up,id_train,id_test_vs_tin,detector_declared,detector/knn_l2_k50,tin,near,,,,17793,C4,adamw,0.003,0.001,0.9413605860964946,0,9940d5548da8547592bd583e11231bcec348bc9cc4b96187abda89e6e2e9290a,200
metric_contract_v1.2,c38b09694be88aa74de0741b39e9d3ba0d6ff61a,,,4039a31891b5637f4198ad78f79d97e89aa97f4ccd6efa5779b14c5b4203059e,last,ood_metric/aupr_in_openood_auc,OOD-2,primary,up,id_train,id_test_vs_tin,detector_declared,detector/mahalanobis_pp,tin,near,,,,17793,C4,adamw,0.003,0.001,0.9242034784544816,0,9940d5548da8547592bd583e11231bcec348bc9cc4b96187abda89e6e2e9290a,200
metric_contract_v1.2,c38b09694be88aa74de0741b39e9d3ba0d6ff61a,,,4039a31891b5637f4198ad78f79d97e89aa97f4ccd6efa5779b14c5b4203059e,last,ood_metric/aupr_in_openood_auc,OOD-2,primary,up,id_train,id_test_vs_tin,detector_declared,detector/mahalanobis_raw,tin,near,,,,17793,C4,adamw,0.003,0.001,0.548636554156323,0,9940d5548da8547592bd583e11231bcec348bc9cc4b96187abda89e6e2e9290a,200
metric_contract_v1.2,c38b09694be88aa74de0741b39e9d3ba0d6ff61a,,,4039a31891b5637f4198ad78f79d97e89aa97f4ccd6efa5779b14c5b4203059e,last,ood_metric/aupr_in_openood_auc,OOD-2,primary,up,id_train,id_test_vs_tin,detector_declared,detector/marginal_mahalanobis_raw,tin,near,,,,17793,C4,adamw,0.003,0.001,0.4932152155003782,0,9940d5548da8547592bd583e11231bcec348bc9cc4b96187abda89e6e2e9290a,200
metric_contract_v1.2,c38b09694be88aa74de0741b39e9d3ba0d6ff61a,,,4039a31891b5637f4198ad78f79d97e89aa97f4ccd6efa5779b14c5b4203059e,last,ood_metric/aupr_in_openood_auc,OOD-2,primary,up,id_train,id_test_vs_tin,detector_declared,detector/ncp_euclidean_raw,tin,near,,,,17793,C4,adamw,0.003,0.001,0.8350371526996292,0,9940d5548da8547592bd583e11231bcec348bc9cc4b96187abda89e6e2e9290a,200
metric_contract_v1.2,c38b09694be88aa74de0741b39e9d3ba0d6ff61a,,,4039a31891b5637f4198ad78f79d97e89aa97f4ccd6efa5779b14c5b4203059e,last,ood_metric/aupr_in_openood_auc,OOD-2,primary,up,id_train,id_test_vs_tin,detector_declared,detector/neco_author_std_dim100,tin,near,,,,17793,C4,adamw,0.003,0.001,0.8714142411591198,0,9940d5548da8547592bd583e11231bcec348bc9cc4b96187abda89e6e2e9290a,200
metric_contract_v1.2,c38b09694be88aa74de0741b39e9d3ba0d6ff61a,,,4039a31891b5637f4198ad78f79d97e89aa97f4ccd6efa5779b14c5b4203059e,last,ood_metric/aupr_in_openood_auc,OOD-2,primary,up,id_train,id_test_vs_tin,detector_declared,detector/relative_mahalanobis_pp,tin,near,,,,17793,C4,adamw,0.003,0.001,0.923602574305565,0,9940d5548da8547592bd583e11231bcec348bc9cc4b96187abda89e6e2e9290a,200
metric_contract_v1.2,c38b09694be88aa74de0741b39e9d3ba0d6ff61a,,,4039a31891b5637f4198ad78f79d97e89aa97f4ccd6efa5779b14c5b4203059e,last,ood_metric/aupr_in_openood_auc,OOD-2,primary,up,id_train,id_test_vs_tin,detector_declared,detector/relative_mahalanobis_raw,tin,near,,,,17793,C4,adamw,0.003,0.001,0.9263501276874786,0,9940d5548da8547592bd583e11231bcec348bc9cc4b96187abda89e6e2e9290a,200
metric_contract_v1.2,c38b09694be88aa74de0741b39e9d3ba0d6ff61a,,,4039a31891b5637f4198ad78f79d97e89aa97f4ccd6efa5779b14c5b4203059e,last,ood_metric/aupr_in_openood_auc,OOD-2,primary,up,id_train,id_test_vs_tin,detector_declared,detector/vim_author_dim,tin,near,,,,17793,C4,adamw,0.003,0.001,0.9351709413620959,0,9940d5548da8547592bd583e11231bcec348bc9cc4b96187abda89e6e2e9290a,200
metric_contract_v1.2,c38b09694be88aa74de0741b39e9d3ba0d6ff61a,,,4039a31891b5637f4198ad78f79d97e89aa97f4ccd6efa5779b14c5b4203059e,last,ood_metric/aupr_in_openood_auc,OOD-2,primary,up,id_train,id_test_vs_tin,detector_declared,detector/vim_dim128,tin,near,,,,17793,C4,adamw,0.003,0.001,0.934808239597944,0,9940d5548da8547592bd583e11231bcec348bc9cc4b96187abda89e6e2e9290a,200
metric_contract_v1.2,c38b09694be88aa74de0741b39e9d3ba0d6ff61a,,,4039a31891b5637f4198ad78f79d97e89aa97f4ccd6efa5779b14c5b4203059e,last,ood_metric/aupr_in_openood_auc,OOD-2,primary,up,id_train,id_test_vs_tin,detector_declared,detector/vim_dim256,tin,near,,,,17793,C4,adamw,0.003,0.001,0.9351613981625271,0,9940d5548da8547592bd583e11231bcec348bc9cc4b96187abda89e6e2e9290a,200
metric_contract_v1.2,c38b09694be88aa74de0741b39e9d3ba0d6ff61a,,,4039a31891b5637f4198ad78f79d97e89aa97f4ccd6efa5779b14c5b4203059e,last,ood_metric/aupr_in_openood_auc,OOD-2,primary,up,id_train,id_test_vs_tin,detector_declared,detector/vim_dim320,tin,near,,,,17793,C4,adamw,0.003,0.001,0.9351709413620959,0,9940d5548da8547592bd583e11231bcec348bc9cc4b96187abda89e6e2e9290a,200
metric_contract_v1.2,c38b09694be88aa74de0741b39e9d3ba0d6ff61a,,,4039a31891b5637f4198ad78f79d97e89aa97f4ccd6efa5779b14c5b4203059e,last,ood_metric/aupr_in_openood_auc,OOD-2,primary,up,id_train,id_test_vs_tin,detector_declared,detector/vim_dim64,tin,near,,,,17793,C4,adamw,0.003,0.001,0.9348989285298229,0,9940d5548da8547592bd583e11231bcec348bc9cc4b96187abda89e6e2e9290a,200
metric_contract_v1.2,c38b09694be88aa74de0741b39e9d3ba0d6ff61a,,,4039a31891b5637f4198ad78f79d97e89aa97f4ccd6efa5779b14c5b4203059e,last,ood_metric/aupr_in_openood_auc,OOD-2,primary,up,id_train,id_test_vs_tin,detector_declared,detector/weight_cosine_appendix,tin,near,,,,17793,C4,adamw,0.003,0.001,0.9292846433443285,0,9940d5548da8547592bd583e11231bcec348bc9cc4b96187abda89e6e2e9290a,200
metric_contract_v1.2,c38b09694be88aa74de0741b39e9d3ba0d6ff61a,,,4039a31891b5637f4198ad78f79d97e89aa97f4ccd6efa5779b14c5b4203059e,last,ood_metric/aupr_in_openood_auc,OOD-2,primary,up,,id_test_vs_tin,detector_declared,ood_score/energy_t1,tin,near,,,,17793,C4,adamw,0.003,0.001,0.9398693128647337,0,9940d5548da8547592bd583e11231bcec348bc9cc4b96187abda89e6e2e9290a,200
metric_contract_v1.2,c38b09694be88aa74de0741b39e9d3ba0d6ff61a,,,4039a31891b5637f4198ad78f79d97e89aa97f4ccd6efa5779b14c5b4203059e,last,ood_metric/aupr_in_openood_auc,OOD-2,primary,up,,id_test_vs_tin,detector_declared,ood_score/max_logit,tin,near,,,,17793,C4,adamw,0.003,0.001,0.9398671180335285,0,9940d5548da8547592bd583e11231bcec348bc9cc4b96187abda89e6e2e9290a,200
metric_contract_v1.2,c38b09694be88aa74de0741b39e9d3ba0d6ff61a,,,4039a31891b5637f4198ad78f79d97e89aa97f4ccd6efa5779b14c5b4203059e,last,ood_metric/aupr_in_openood_auc,OOD-2,primary,up,,id_test_vs_tin,detector_declared,ood_score/msp,tin,near,,,,17793,C4,adamw,0.003,0.001,0.9294339695150281,0,9940d5548da8547592bd583e11231bcec348bc9cc4b96187abda89e6e2e9290a,200
metric_contract_v1.2,c38b09694be88aa74de0741b39e9d3ba0d6ff61a,,,4039a31891b5637f4198ad78f79d97e89aa97f4ccd6efa5779b14c5b4203059e,last,ood_metric/aupr_out_openood_auc,OOD-3,primary,up,id_train,id_test_vs_tin,detector_declared,detector/ctm_prototype_cosine,tin,near,,,,17793,C4,adamw,0.003,0.001,0.8685955901507402,0,9940d5548da8547592bd583e11231bcec348bc9cc4b96187abda89e6e2e9290a,200
metric_contract_v1.2,c38b09694be88aa74de0741b39e9d3ba0d6ff61a,,,4039a31891b5637f4198ad78f79d97e89aa97f4ccd6efa5779b14c5b4203059e,last,ood_metric/aupr_out_openood_auc,OOD-3,primary,up,id_train,id_test_vs_tin,detector_declared,detector/gda_class_density,tin,near,,,,17793,C4,adamw,0.003,0.001,0.5920574146562301,0,9940d5548da8547592bd583e11231bcec348bc9cc4b96187abda89e6e2e9290a,200
metric_contract_v1.2,c38b09694be88aa74de0741b39e9d3ba0d6ff61a,,,4039a31891b5637f4198ad78f79d97e89aa97f4ccd6efa5779b14c5b4203059e,last,ood_metric/aupr_out_openood_auc,OOD-3,primary,up,id_train,id_test_vs_tin,detector_declared,detector/knn_l2_k50,tin,near,,,,17793,C4,adamw,0.003,0.001,0.8900858507641004,0,9940d5548da8547592bd583e11231bcec348bc9cc4b96187abda89e6e2e9290a,200
metric_contract_v1.2,c38b09694be88aa74de0741b39e9d3ba0d6ff61a,,,4039a31891b5637f4198ad78f79d97e89aa97f4ccd6efa5779b14c5b4203059e,last,ood_metric/aupr_out_openood_auc,OOD-3,primary,up,id_train,id_test_vs_tin,detector_declared,detector/mahalanobis_pp,tin,near,,,,17793,C4,adamw,0.003,0.001,0.861162625376166,0,9940d5548da8547592bd583e11231bcec348bc9cc4b96187abda89e6e2e9290a,200
metric_contract_v1.2,c38b09694be88aa74de0741b39e9d3ba0d6ff61a,,,4039a31891b5637f4198ad78f79d97e89aa97f4ccd6efa5779b14c5b4203059e,last,ood_metric/aupr_out_openood_auc,OOD-3,primary,up,id_train,id_test_vs_tin,detector_declared,detector/mahalanobis_raw,tin,near,,,,17793,C4,adamw,0.003,0.001,0.4232359580598284,0,9940d5548da8547592bd583e11231bcec348bc9cc4b96187abda89e6e2e9290a,200
metric_contract_v1.2,c38b09694be88aa74de0741b39e9d3ba0d6ff61a,,,4039a31891b5637f4198ad78f79d97e89aa97f4ccd6efa5779b14c5b4203059e,last,ood_metric/aupr_out_openood_auc,OOD-3,primary,up,id_train,id_test_vs_tin,detector_declared,detector/marginal_mahalanobis_raw,tin,near,,,,17793,C4,adamw,0.003,0.001,0.3889665337772179,0,9940d5548da8547592bd583e11231bcec348bc9cc4b96187abda89e6e2e9290a,200
metric_contract_v1.2,c38b09694be88aa74de0741b39e9d3ba0d6ff61a,,,4039a31891b5637f4198ad78f79d97e89aa97f4ccd6efa5779b14c5b4203059e,last,ood_metric/aupr_out_openood_auc,OOD-3,primary,up,id_train,id_test_vs_tin,detector_declared,detector/ncp_euclidean_raw,tin,near,,,,17793,C4,adamw,0.003,0.001,0.6741079918670969,0,9940d5548da8547592bd583e11231bcec348bc9cc4b96187abda89e6e2e9290a,200
metric_contract_v1.2,c38b09694be88aa74de0741b39e9d3ba0d6ff61a,,,4039a31891b5637f4198ad78f79d97e89aa97f4ccd6efa5779b14c5b4203059e,last,ood_metric/aupr_out_openood_auc,OOD-3,primary,up,id_train,id_test_vs_tin,detector_declared,detector/neco_author_std_dim100,tin,near,,,,17793,C4,adamw,0.003,0.001,0.7527831843032637,0,9940d5548da8547592bd583e11231bcec348bc9cc4b96187abda89e6e2e9290a,200
metric_contract_v1.2,c38b09694be88aa74de0741b39e9d3ba0d6ff61a,,,4039a31891b5637f4198ad78f79d97e89aa97f4ccd6efa5779b14c5b4203059e,last,ood_metric/aupr_out_openood_auc,OOD-3,primary,up,id_train,id_test_vs_tin,detector_declared,detector/relative_mahalanobis_pp,tin,near,,,,17793,C4,adamw,0.003,0.001,0.8455171675647188,0,9940d5548da8547592bd583e11231bcec348bc9cc4b96187abda89e6e2e9290a,200
metric_contract_v1.2,c38b09694be88aa74de0741b39e9d3ba0d6ff61a,,,4039a31891b5637f4198ad78f79d97e89aa97f4ccd6efa5779b14c5b4203059e,last,ood_metric/aupr_out_openood_auc,OOD-3,primary,up,id_train,id_test_vs_tin,detector_declared,detector/relative_mahalanobis_raw,tin,near,,,,17793,C4,adamw,0.003,0.001,0.8524166451220258,0,9940d5548da8547592bd583e11231bcec348bc9cc4b96187abda89e6e2e9290a,200
metric_contract_v1.2,c38b09694be88aa74de0741b39e9d3ba0d6ff61a,,,4039a31891b5637f4198ad78f79d97e89aa97f4ccd6efa5779b14c5b4203059e,last,ood_metric/aupr_out_openood_auc,OOD-3,primary,up,id_train,id_test_vs_tin,detector_declared,detector/vim_author_dim,tin,near,,,,17793,C4,adamw,0.003,0.001,0.850541162225602,0,9940d5548da8547592bd583e11231bcec348bc9cc4b96187abda89e6e2e9290a,200
metric_contract_v1.2,c38b09694be88aa74de0741b39e9d3ba0d6ff61a,,,4039a31891b5637f4198ad78f79d97e89aa97f4ccd6efa5779b14c5b4203059e,last,ood_metric/aupr_out_openood_auc,OOD-3,primary,up,id_train,id_test_vs_tin,detector_declared,detector/vim_dim128,tin,near,,,,17793,C4,adamw,0.003,0.001,0.8487643776646645,0,9940d5548da8547592bd583e11231bcec348bc9cc4b96187abda89e6e2e9290a,200
metric_contract_v1.2,c38b09694be88aa74de0741b39e9d3ba0d6ff61a,,,4039a31891b5637f4198ad78f79d97e89aa97f4ccd6efa5779b14c5b4203059e,last,ood_metric/aupr_out_openood_auc,OOD-3,primary,up,id_train,id_test_vs_tin,detector_declared,detector/vim_dim256,tin,near,,,,17793,C4,adamw,0.003,0.001,0.8501624962285284,0,9940d5548da8547592bd583e11231bcec348bc9cc4b96187abda89e6e2e9290a,200
metric_contract_v1.2,c38b09694be88aa74de0741b39e9d3ba0d6ff61a,,,4039a31891b5637f4198ad78f79d97e89aa97f4ccd6efa5779b14c5b4203059e,last,ood_metric/aupr_out_openood_auc,OOD-3,primary,up,id_train,id_test_vs_tin,detector_declared,detector/vim_dim320,tin,near,,,,17793,C4,adamw,0.003,0.001,0.850541162225602,0,9940d5548da8547592bd583e11231bcec348bc9cc4b96187abda89e6e2e9290a,200
metric_contract_v1.2,c38b09694be88aa74de0741b39e9d3ba0d6ff61a,,,4039a31891b5637f4198ad78f79d97e89aa97f4ccd6efa5779b14c5b4203059e,last,ood_metric/aupr_out_openood_auc,OOD-3,primary,up,id_train,id_test_vs_tin,detector_declared,detector/vim_dim64,tin,near,,,,17793,C4,adamw,0.003,0.001,0.848993776095233,0,9940d5548da8547592bd583e11231bcec348bc9cc4b96187abda89e6e2e9290a,200
metric_contract_v1.2,c38b09694be88aa74de0741b39e9d3ba0d6ff61a,,,4039a31891b5637f4198ad78f79d97e89aa97f4ccd6efa5779b14c5b4203059e,last,ood_metric/aupr_out_openood_auc,OOD-3,primary,up,id_train,id_test_vs_tin,detector_declared,detector/weight_cosine_appendix,tin,near,,,,17793,C4,adamw,0.003,0.001,0.8464960285560692,0,9940d5548da8547592bd583e11231bcec348bc9cc4b96187abda89e6e2e9290a,200
metric_contract_v1.2,c38b09694be88aa74de0741b39e9d3ba0d6ff61a,,,4039a31891b5637f4198ad78f79d97e89aa97f4ccd6efa5779b14c5b4203059e,last,ood_metric/aupr_out_openood_auc,OOD-3,primary,up,,id_test_vs_tin,detector_declared,ood_score/energy_t1,tin,near,,,,17793,C4,adamw,0.003,0.001,0.8570882362370695,0,9940d5548da8547592bd583e11231bcec348bc9cc4b96187abda89e6e2e9290a,200
metric_contract_v1.2,c38b09694be88aa74de0741b39e9d3ba0d6ff61a,,,4039a31891b5637f4198ad78f79d97e89aa97f4ccd6efa5779b14c5b4203059e,last,ood_metric/aupr_out_openood_auc,OOD-3,primary,up,,id_test_vs_tin,detector_declared,ood_score/max_logit,tin,near,,,,17793,C4,adamw,0.003,0.001,0.8573170440351442,0,9940d5548da8547592bd583e11231bcec348bc9cc4b96187abda89e6e2e9290a,200
metric_contract_v1.2,c38b09694be88aa74de0741b39e9d3ba0d6ff61a,,,4039a31891b5637f4198ad78f79d97e89aa97f4ccd6efa5779b14c5b4203059e,last,ood_metric/aupr_out_openood_auc,OOD-3,primary,up,,id_test_vs_tin,detector_declared,ood_score/msp,tin,near,,,,17793,C4,adamw,0.003,0.001,0.8233908556584912,0,9940d5548da8547592bd583e11231bcec348bc9cc4b96187abda89e6e2e9290a,200
metric_contract_v1.2,c38b09694be88aa74de0741b39e9d3ba0d6ff61a,,,4039a31891b5637f4198ad78f79d97e89aa97f4ccd6efa5779b14c5b4203059e,last,ood_metric/auroc_id_positive,OOD-1,primary,up,id_train,id_test_vs_tin,detector_declared,detector/ctm_prototype_cosine,tin,near,,,,17793,C4,adamw,0.003,0.001,0.9016497112793532,0,9940d5548da8547592bd583e11231bcec348bc9cc4b96187abda89e6e2e9290a,200
metric_contract_v1.2,c38b09694be88aa74de0741b39e9d3ba0d6ff61a,,,4039a31891b5637f4198ad78f79d97e89aa97f4ccd6efa5779b14c5b4203059e,last,ood_metric/auroc_id_positive,OOD-1,primary,up,id_train,id_test_vs_tin,detector_declared,detector/gda_class_density,tin,near,,,,17793,C4,adamw,0.003,0.001,0.6610290003849609,0,9940d5548da8547592bd583e11231bcec348bc9cc4b96187abda89e6e2e9290a,200
metric_contract_v1.2,c38b09694be88aa74de0741b39e9d3ba0d6ff61a,,,4039a31891b5637f4198ad78f79d97e89aa97f4ccd6efa5779b14c5b4203059e,last,ood_metric/auroc_id_positive,OOD-1,primary,up,id_train,id_test_vs_tin,detector_declared,detector/knn_l2_k50,tin,near,,,,17793,C4,adamw,0.003,0.001,0.920338213781599,0,9940d5548da8547592bd583e11231bcec348bc9cc4b96187abda89e6e2e9290a,200
metric_contract_v1.2,c38b09694be88aa74de0741b39e9d3ba0d6ff61a,,,4039a31891b5637f4198ad78f79d97e89aa97f4ccd6efa5779b14c5b4203059e,last,ood_metric/auroc_id_positive,OOD-1,primary,up,id_train,id_test_vs_tin,detector_declared,detector/mahalanobis_pp,tin,near,,,,17793,C4,adamw,0.003,0.001,0.8983476324906968,0,9940d5548da8547592bd583e11231bcec348bc9cc4b96187abda89e6e2e9290a,200
metric_contract_v1.2,c38b09694be88aa74de0741b39e9d3ba0d6ff61a,,,4039a31891b5637f4198ad78f79d97e89aa97f4ccd6efa5779b14c5b4203059e,last,ood_metric/auroc_id_positive,OOD-1,primary,up,id_train,id_test_vs_tin,detector_declared,detector/mahalanobis_raw,tin,near,,,,17793,C4,adamw,0.003,0.001,0.47020363146413446,0,9940d5548da8547592bd583e11231bcec348bc9cc4b96187abda89e6e2e9290a,200
metric_contract_v1.2,c38b09694be88aa74de0741b39e9d3ba0d6ff61a,,,4039a31891b5637f4198ad78f79d97e89aa97f4ccd6efa5779b14c5b4203059e,last,ood_metric/auroc_id_positive,OOD-1,primary,up,id_train,id_test_vs_tin,detector_declared,detector/marginal_mahalanobis_raw,tin,near,,,,17793,C4,adamw,0.003,0.001,0.4078058385730784,0,9940d5548da8547592bd583e11231bcec348bc9cc4b96187abda89e6e2e9290a,200
metric_contract_v1.2,c38b09694be88aa74de0741b39e9d3ba0d6ff61a,,,4039a31891b5637f4198ad78f79d97e89aa97f4ccd6efa5779b14c5b4203059e,last,ood_metric/auroc_id_positive,OOD-1,primary,up,id_train,id_test_vs_tin,detector_declared,detector/ncp_euclidean_raw,tin,near,,,,17793,C4,adamw,0.003,0.001,0.7863662645964328,0,9940d5548da8547592bd583e11231bcec348bc9cc4b96187abda89e6e2e9290a,200
metric_contract_v1.2,c38b09694be88aa74de0741b39e9d3ba0d6ff61a,,,4039a31891b5637f4198ad78f79d97e89aa97f4ccd6efa5779b14c5b4203059e,last,ood_metric/auroc_id_positive,OOD-1,primary,up,id_train,id_test_vs_tin,detector_declared,detector/neco_author_std_dim100,tin,near,,,,17793,C4,adamw,0.003,0.001,0.8252641216476324,0,9940d5548da8547592bd583e11231bcec348bc9cc4b96187abda89e6e2e9290a,200
metric_contract_v1.2,c38b09694be88aa74de0741b39e9d3ba0d6ff61a,,,4039a31891b5637f4198ad78f79d97e89aa97f4ccd6efa5779b14c5b4203059e,last,ood_metric/auroc_id_positive,OOD-1,primary,up,id_train,id_test_vs_tin,detector_declared,detector/relative_mahalanobis_pp,tin,near,,,,17793,C4,adamw,0.003,0.001,0.897097844219171,0,9940d5548da8547592bd583e11231bcec348bc9cc4b96187abda89e6e2e9290a,200
metric_contract_v1.2,c38b09694be88aa74de0741b39e9d3ba0d6ff61a,,,4039a31891b5637f4198ad78f79d97e89aa97f4ccd6efa5779b14c5b4203059e,last,ood_metric/auroc_id_positive,OOD-1,primary,up,id_train,id_test_vs_tin,detector_declared,detector/relative_mahalanobis_raw,tin,near,,,,17793,C4,adamw,0.003,0.001,0.9024510329783139,0,9940d5548da8547592bd583e11231bcec348bc9cc4b96187abda89e6e2e9290a,200
metric_contract_v1.2,c38b09694be88aa74de0741b39e9d3ba0d6ff61a,,,4039a31891b5637f4198ad78f79d97e89aa97f4ccd6efa5779b14c5b4203059e,last,ood_metric/auroc_id_positive,OOD-1,primary,up,id_train,id_test_vs_tin,detector_declared,detector/vim_author_dim,tin,near,,,,17793,C4,adamw,0.003,0.001,0.9051690876427564,0,9940d5548da8547592bd583e11231bcec348bc9cc4b96187abda89e6e2e9290a,200
metric_contract_v1.2,c38b09694be88aa74de0741b39e9d3ba0d6ff61a,,,4039a31891b5637f4198ad78f79d97e89aa97f4ccd6efa5779b14c5b4203059e,last,ood_metric/auroc_id_positive,OOD-1,primary,up,id_train,id_test_vs_tin,detector_declared,detector/vim_dim128,tin,near,,,,17793,C4,adamw,0.003,0.001,0.904941408956756,0,9940d5548da8547592bd583e11231bcec348bc9cc4b96187abda89e6e2e9290a,200
metric_contract_v1.2,c38b09694be88aa74de0741b39e9d3ba0d6ff61a,,,4039a31891b5637f4198ad78f79d97e89aa97f4ccd6efa5779b14c5b4203059e,last,ood_metric/auroc_id_positive,OOD-1,primary,up,id_train,id_test_vs_tin,detector_declared,detector/vim_dim256,tin,near,,,,17793,C4,adamw,0.003,0.001,0.9052988322853843,0,9940d5548da8547592bd583e11231bcec348bc9cc4b96187abda89e6e2e9290a,200
metric_contract_v1.2,c38b09694be88aa74de0741b39e9d3ba0d6ff61a,,,4039a31891b5637f4198ad78f79d97e89aa97f4ccd6efa5779b14c5b4203059e,last,ood_metric/auroc_id_positive,OOD-1,primary,up,id_train,id_test_vs_tin,detector_declared,detector/vim_dim320,tin,near,,,,17793,C4,adamw,0.003,0.001,0.9051690876427564,0,9940d5548da8547592bd583e11231bcec348bc9cc4b96187abda89e6e2e9290a,200
metric_contract_v1.2,c38b09694be88aa74de0741b39e9d3ba0d6ff61a,,,4039a31891b5637f4198ad78f79d97e89aa97f4ccd6efa5779b14c5b4203059e,last,ood_metric/auroc_id_positive,OOD-1,primary,up,id_train,id_test_vs_tin,detector_declared,detector/vim_dim64,tin,near,,,,17793,C4,adamw,0.003,0.001,0.904912318747594,0,9940d5548da8547592bd583e11231bcec348bc9cc4b96187abda89e6e2e9290a,200
metric_contract_v1.2,c38b09694be88aa74de0741b39e9d3ba0d6ff61a,,,4039a31891b5637f4198ad78f79d97e89aa97f4ccd6efa5779b14c5b4203059e,last,ood_metric/auroc_id_positive,OOD-1,primary,up,id_train,id_test_vs_tin,detector_declared,detector/weight_cosine_appendix,tin,near,,,,17793,C4,adamw,0.003,0.001,0.9007011933786733,0,9940d5548da8547592bd583e11231bcec348bc9cc4b96187abda89e6e2e9290a,200
metric_contract_v1.2,c38b09694be88aa74de0741b39e9d3ba0d6ff61a,,,4039a31891b5637f4198ad78f79d97e89aa97f4ccd6efa5779b14c5b4203059e,last,ood_metric/auroc_id_positive,OOD-1,primary,up,,id_test_vs_tin,detector_declared,ood_score/energy_t1,tin,near,,,,17793,C4,adamw,0.003,0.001,0.9128789298088027,0,9940d5548da8547592bd583e11231bcec348bc9cc4b96187abda89e6e2e9290a,200
metric_contract_v1.2,c38b09694be88aa74de0741b39e9d3ba0d6ff61a,,,4039a31891b5637f4198ad78f79d97e89aa97f4ccd6efa5779b14c5b4203059e,last,ood_metric/auroc_id_positive,OOD-1,primary,up,,id_test_vs_tin,detector_declared,ood_score/max_logit,tin,near,,,,17793,C4,adamw,0.003,0.001,0.912886179905043,0,9940d5548da8547592bd583e11231bcec348bc9cc4b96187abda89e6e2e9290a,200
metric_contract_v1.2,c38b09694be88aa74de0741b39e9d3ba0d6ff61a,,,4039a31891b5637f4198ad78f79d97e89aa97f4ccd6efa5779b14c5b4203059e,last,ood_metric/auroc_id_positive,OOD-1,primary,up,,id_test_vs_tin,detector_declared,ood_score/msp,tin,near,,,,17793,C4,adamw,0.003,0.001,0.8941257731297318,0,9940d5548da8547592bd583e11231bcec348bc9cc4b96187abda89e6e2e9290a,200
metric_contract_v1.2,c38b09694be88aa74de0741b39e9d3ba0d6ff61a,,,4039a31891b5637f4198ad78f79d97e89aa97f4ccd6efa5779b14c5b4203059e,last,ood_metric/fpr95_achieved_id_tpr,OOD-4,appendix,descriptive,id_train,id_test_vs_tin,detector_declared,detector/ctm_prototype_cosine,tin,near,,,,17793,C4,adamw,0.003,0.001,0.95,0,9940d5548da8547592bd583e11231bcec348bc9cc4b96187abda89e6e2e9290a,200
metric_contract_v1.2,c38b09694be88aa74de0741b39e9d3ba0d6ff61a,,,4039a31891b5637f4198ad78f79d97e89aa97f4ccd6efa5779b14c5b4203059e,last,ood_metric/fpr95_achieved_id_tpr,OOD-4,appendix,descriptive,id_train,id_test_vs_tin,detector_declared,detector/gda_class_density,tin,near,,,,17793,C4,adamw,0.003,0.001,0.95,0,9940d5548da8547592bd583e11231bcec348bc9cc4b96187abda89e6e2e9290a,200
metric_contract_v1.2,c38b09694be88aa74de0741b39e9d3ba0d6ff61a,,,4039a31891b5637f4198ad78f79d97e89aa97f4ccd6efa5779b14c5b4203059e,last,ood_metric/fpr95_achieved_id_tpr,OOD-4,appendix,descriptive,id_train,id_test_vs_tin,detector_declared,detector/knn_l2_k50,tin,near,,,,17793,C4,adamw,0.003,0.001,0.95,0,9940d5548da8547592bd583e11231bcec348bc9cc4b96187abda89e6e2e9290a,200
metric_contract_v1.2,c38b09694be88aa74de0741b39e9d3ba0d6ff61a,,,4039a31891b5637f4198ad78f79d97e89aa97f4ccd6efa5779b14c5b4203059e,last,ood_metric/fpr95_achieved_id_tpr,OOD-4,appendix,descriptive,id_train,id_test_vs_tin,detector_declared,detector/mahalanobis_pp,tin,near,,,,17793,C4,adamw,0.003,0.001,0.95,0,9940d5548da8547592bd583e11231bcec348bc9cc4b96187abda89e6e2e9290a,200
metric_contract_v1.2,c38b09694be88aa74de0741b39e9d3ba0d6ff61a,,,4039a31891b5637f4198ad78f79d97e89aa97f4ccd6efa5779b14c5b4203059e,last,ood_metric/fpr95_achieved_id_tpr,OOD-4,appendix,descriptive,id_train,id_test_vs_tin,detector_declared,detector/mahalanobis_raw,tin,near,,,,17793,C4,adamw,0.003,0.001,0.95,0,9940d5548da8547592bd583e11231bcec348bc9cc4b96187abda89e6e2e9290a,200
metric_contract_v1.2,c38b09694be88aa74de0741b39e9d3ba0d6ff61a,,,4039a31891b5637f4198ad78f79d97e89aa97f4ccd6efa5779b14c5b4203059e,last,ood_metric/fpr95_achieved_id_tpr,OOD-4,appendix,descriptive,id_train,id_test_vs_tin,detector_declared,detector/marginal_mahalanobis_raw,tin,near,,,,17793,C4,adamw,0.003,0.001,0.95,0,9940d5548da8547592bd583e11231bcec348bc9cc4b96187abda89e6e2e9290a,200
metric_contract_v1.2,c38b09694be88aa74de0741b39e9d3ba0d6ff61a,,,4039a31891b5637f4198ad78f79d97e89aa97f4ccd6efa5779b14c5b4203059e,last,ood_metric/fpr95_achieved_id_tpr,OOD-4,appendix,descriptive,id_train,id_test_vs_tin,detector_declared,detector/ncp_euclidean_raw,tin,near,,,,17793,C4,adamw,0.003,0.001,0.95,0,9940d5548da8547592bd583e11231bcec348bc9cc4b96187abda89e6e2e9290a,200
metric_contract_v1.2,c38b09694be88aa74de0741b39e9d3ba0d6ff61a,,,4039a31891b5637f4198ad78f79d97e89aa97f4ccd6efa5779b14c5b4203059e,last,ood_metric/fpr95_achieved_id_tpr,OOD-4,appendix,descriptive,id_train,id_test_vs_tin,detector_declared,detector/neco_author_std_dim100,tin,near,,,,17793,C4,adamw,0.003,0.001,0.95,0,9940d5548da8547592bd583e11231bcec348bc9cc4b96187abda89e6e2e9290a,200
metric_contract_v1.2,c38b09694be88aa74de0741b39e9d3ba0d6ff61a,,,4039a31891b5637f4198ad78f79d97e89aa97f4ccd6efa5779b14c5b4203059e,last,ood_metric/fpr95_achieved_id_tpr,OOD-4,appendix,descriptive,id_train,id_test_vs_tin,detector_declared,detector/relative_mahalanobis_pp,tin,near,,,,17793,C4,adamw,0.003,0.001,0.95,0,9940d5548da8547592bd583e11231bcec348bc9cc4b96187abda89e6e2e9290a,200
metric_contract_v1.2,c38b09694be88aa74de0741b39e9d3ba0d6ff61a,,,4039a31891b5637f4198ad78f79d97e89aa97f4ccd6efa5779b14c5b4203059e,last,ood_metric/fpr95_achieved_id_tpr,OOD-4,appendix,descriptive,id_train,id_test_vs_tin,detector_declared,detector/relative_mahalanobis_raw,tin,near,,,,17793,C4,adamw,0.003,0.001,0.95,0,9940d5548da8547592bd583e11231bcec348bc9cc4b96187abda89e6e2e9290a,200
metric_contract_v1.2,c38b09694be88aa74de0741b39e9d3ba0d6ff61a,,,4039a31891b5637f4198ad78f79d97e89aa97f4ccd6efa5779b14c5b4203059e,last,ood_metric/fpr95_achieved_id_tpr,OOD-4,appendix,descriptive,id_train,id_test_vs_tin,detector_declared,detector/vim_author_dim,tin,near,,,,17793,C4,adamw,0.003,0.001,0.95,0,9940d5548da8547592bd583e11231bcec348bc9cc4b96187abda89e6e2e9290a,200
metric_contract_v1.2,c38b09694be88aa74de0741b39e9d3ba0d6ff61a,,,4039a31891b5637f4198ad78f79d97e89aa97f4ccd6efa5779b14c5b4203059e,last,ood_metric/fpr95_achieved_id_tpr,OOD-4,appendix,descriptive,id_train,id_test_vs_tin,detector_declared,detector/vim_dim128,tin,near,,,,17793,C4,adamw,0.003,0.001,0.95,0,9940d5548da8547592bd583e11231bcec348bc9cc4b96187abda89e6e2e9290a,200
metric_contract_v1.2,c38b09694be88aa74de0741b39e9d3ba0d6ff61a,,,4039a31891b5637f4198ad78f79d97e89aa97f4ccd6efa5779b14c5b4203059e,last,ood_metric/fpr95_achieved_id_tpr,OOD-4,appendix,descriptive,id_train,id_test_vs_tin,detector_declared,detector/vim_dim256,tin,near,,,,17793,C4,adamw,0.003,0.001,0.95,0,9940d5548da8547592bd583e11231bcec348bc9cc4b96187abda89e6e2e9290a,200
metric_contract_v1.2,c38b09694be88aa74de0741b39e9d3ba0d6ff61a,,,4039a31891b5637f4198ad78f79d97e89aa97f4ccd6efa5779b14c5b4203059e,last,ood_metric/fpr95_achieved_id_tpr,OOD-4,appendix,descriptive,id_train,id_test_vs_tin,detector_declared,detector/vim_dim320,tin,near,,,,17793,C4,adamw,0.003,0.001,0.95,0,9940d5548da8547592bd583e11231bcec348bc9cc4b96187abda89e6e2e9290a,200
metric_contract_v1.2,c38b09694be88aa74de0741b39e9d3ba0d6ff61a,,,4039a31891b5637f4198ad78f79d97e89aa97f4ccd6efa5779b14c5b4203059e,last,ood_metric/fpr95_achieved_id_tpr,OOD-4,appendix,descriptive,id_train,id_test_vs_tin,detector_declared,detector/vim_dim64,tin,near,,,,17793,C4,adamw,0.003,0.001,0.95,0,9940d5548da8547592bd583e11231bcec348bc9cc4b96187abda89e6e2e9290a,200
metric_contract_v1.2,c38b09694be88aa74de0741b39e9d3ba0d6ff61a,,,4039a31891b5637f4198ad78f79d97e89aa97f4ccd6efa5779b14c5b4203059e,last,ood_metric/fpr95_achieved_id_tpr,OOD-4,appendix,descriptive,id_train,id_test_vs_tin,detector_declared,detector/weight_cosine_appendix,tin,near,,,,17793,C4,adamw,0.003,0.001,0.95,0,9940d5548da8547592bd583e11231bcec348bc9cc4b96187abda89e6e2e9290a,200
metric_contract_v1.2,c38b09694be88aa74de0741b39e9d3ba0d6ff61a,,,4039a31891b5637f4198ad78f79d97e89aa97f4ccd6efa5779b14c5b4203059e,last,ood_metric/fpr95_achieved_id_tpr,OOD-4,appendix,descriptive,,id_test_vs_tin,detector_declared,ood_score/energy_t1,tin,near,,,,17793,C4,adamw,0.003,0.001,0.95,0,9940d5548da8547592bd583e11231bcec348bc9cc4b96187abda89e6e2e9290a,200
metric_contract_v1.2,c38b09694be88aa74de0741b39e9d3ba0d6ff61a,,,4039a31891b5637f4198ad78f79d97e89aa97f4ccd6efa5779b14c5b4203059e,last,ood_metric/fpr95_achieved_id_tpr,OOD-4,appendix,descriptive,,id_test_vs_tin,detector_declared,ood_score/max_logit,tin,near,,,,17793,C4,adamw,0.003,0.001,0.95,0,9940d5548da8547592bd583e11231bcec348bc9cc4b96187abda89e6e2e9290a,200
metric_contract_v1.2,c38b09694be88aa74de0741b39e9d3ba0d6ff61a,,,4039a31891b5637f4198ad78f79d97e89aa97f4ccd6efa5779b14c5b4203059e,last,ood_metric/fpr95_achieved_id_tpr,OOD-4,appendix,descriptive,,id_test_vs_tin,detector_declared,ood_score/msp,tin,near,,,,17793,C4,adamw,0.003,0.001,0.95,0,9940d5548da8547592bd583e11231bcec348bc9cc4b96187abda89e6e2e9290a,200
metric_contract_v1.2,c38b09694be88aa74de0741b39e9d3ba0d6ff61a,,,4039a31891b5637f4198ad78f79d97e89aa97f4ccd6efa5779b14c5b4203059e,last,ood_metric/fpr95_id_tpr,OOD-4,primary,down,id_train,id_test_vs_tin,detector_declared,detector/ctm_prototype_cosine,tin,near,,,,17793,C4,adamw,0.003,0.001,0.4758116258180418,0,9940d5548da8547592bd583e11231bcec348bc9cc4b96187abda89e6e2e9290a,200
metric_contract_v1.2,c38b09694be88aa74de0741b39e9d3ba0d6ff61a,,,4039a31891b5637f4198ad78f79d97e89aa97f4ccd6efa5779b14c5b4203059e,last,ood_metric/fpr95_id_tpr,OOD-4,primary,down,id_train,id_test_vs_tin,detector_declared,detector/gda_class_density,tin,near,,,,17793,C4,adamw,0.003,0.001,0.8539715128961889,0,9940d5548da8547592bd583e11231bcec348bc9cc4b96187abda89e6e2e9290a,200
metric_contract_v1.2,c38b09694be88aa74de0741b39e9d3ba0d6ff61a,,,4039a31891b5637f4198ad78f79d97e89aa97f4ccd6efa5779b14c5b4203059e,last,ood_metric/fpr95_id_tpr,OOD-4,primary,down,id_train,id_test_vs_tin,detector_declared,detector/knn_l2_k50,tin,near,,,,17793,C4,adamw,0.003,0.001,0.4288464006159374,0,9940d5548da8547592bd583e11231bcec348bc9cc4b96187abda89e6e2e9290a,200
metric_contract_v1.2,c38b09694be88aa74de0741b39e9d3ba0d6ff61a,,,4039a31891b5637f4198ad78f79d97e89aa97f4ccd6efa5779b14c5b4203059e,last,ood_metric/fpr95_id_tpr,OOD-4,primary,down,id_train,id_test_vs_tin,detector_declared,detector/mahalanobis_pp,tin,near,,,,17793,C4,adamw,0.003,0.001,0.500449121006031,0,9940d5548da8547592bd583e11231bcec348bc9cc4b96187abda89e6e2e9290a,200
metric_contract_v1.2,c38b09694be88aa74de0741b39e9d3ba0d6ff61a,,,4039a31891b5637f4198ad78f79d97e89aa97f4ccd6efa5779b14c5b4203059e,last,ood_metric/fpr95_id_tpr,OOD-4,primary,down,id_train,id_test_vs_tin,detector_declared,detector/mahalanobis_raw,tin,near,,,,17793,C4,adamw,0.003,0.001,0.9481586038752727,0,9940d5548da8547592bd583e11231bcec348bc9cc4b96187abda89e6e2e9290a,200
metric_contract_v1.2,c38b09694be88aa74de0741b39e9d3ba0d6ff61a,,,4039a31891b5637f4198ad78f79d97e89aa97f4ccd6efa5779b14c5b4203059e,last,ood_metric/fpr95_id_tpr,OOD-4,primary,down,id_train,id_test_vs_tin,detector_declared,detector/marginal_mahalanobis_raw,tin,near,,,,17793,C4,adamw,0.003,0.001,0.9558578211215193,0,9940d5548da8547592bd583e11231bcec348bc9cc4b96187abda89e6e2e9290a,200
metric_contract_v1.2,c38b09694be88aa74de0741b39e9d3ba0d6ff61a,,,4039a31891b5637f4198ad78f79d97e89aa97f4ccd6efa5779b14c5b4203059e,last,ood_metric/fpr95_id_tpr,OOD-4,primary,down,id_train,id_test_vs_tin,detector_declared,detector/ncp_euclidean_raw,tin,near,,,,17793,C4,adamw,0.003,0.001,0.8247144873604517,0,9940d5548da8547592bd583e11231bcec348bc9cc4b96187abda89e6e2e9290a,200
metric_contract_v1.2,c38b09694be88aa74de0741b39e9d3ba0d6ff61a,,,4039a31891b5637f4198ad78f79d97e89aa97f4ccd6efa5779b14c5b4203059e,last,ood_metric/fpr95_id_tpr,OOD-4,primary,down,id_train,id_test_vs_tin,detector_declared,detector/neco_author_std_dim100,tin,near,,,,17793,C4,adamw,0.003,0.001,0.7174387270627486,0,9940d5548da8547592bd583e11231bcec348bc9cc4b96187abda89e6e2e9290a,200
metric_contract_v1.2,c38b09694be88aa74de0741b39e9d3ba0d6ff61a,,,4039a31891b5637f4198ad78f79d97e89aa97f4ccd6efa5779b14c5b4203059e,last,ood_metric/fpr95_id_tpr,OOD-4,primary,down,id_train,id_test_vs_tin,detector_declared,detector/relative_mahalanobis_pp,tin,near,,,,17793,C4,adamw,0.003,0.001,0.5533170794302579,0,9940d5548da8547592bd583e11231bcec348bc9cc4b96187abda89e6e2e9290a,200
metric_contract_v1.2,c38b09694be88aa74de0741b39e9d3ba0d6ff61a,,,4039a31891b5637f4198ad78f79d97e89aa97f4ccd6efa5779b14c5b4203059e,last,ood_metric/fpr95_id_tpr,OOD-4,primary,down,id_train,id_test_vs_tin,detector_declared,detector/relative_mahalanobis_raw,tin,near,,,,17793,C4,adamw,0.003,0.001,0.5297061465417683,0,9940d5548da8547592bd583e11231bcec348bc9cc4b96187abda89e6e2e9290a,200
metric_contract_v1.2,c38b09694be88aa74de0741b39e9d3ba0d6ff61a,,,4039a31891b5637f4198ad78f79d97e89aa97f4ccd6efa5779b14c5b4203059e,last,ood_metric/fpr95_id_tpr,OOD-4,primary,down,id_train,id_test_vs_tin,detector_declared,detector/vim_author_dim,tin,near,,,,17793,C4,adamw,0.003,0.001,0.5486975490825099,0,9940d5548da8547592bd583e11231bcec348bc9cc4b96187abda89e6e2e9290a,200
metric_contract_v1.2,c38b09694be88aa74de0741b39e9d3ba0d6ff61a,,,4039a31891b5637f4198ad78f79d97e89aa97f4ccd6efa5779b14c5b4203059e,last,ood_metric/fpr95_id_tpr,OOD-4,primary,down,id_train,id_test_vs_tin,detector_declared,detector/vim_dim128,tin,near,,,,17793,C4,adamw,0.003,0.001,0.5494674708071347,0,9940d5548da8547592bd583e11231bcec348bc9cc4b96187abda89e6e2e9290a,200
metric_contract_v1.2,c38b09694be88aa74de0741b39e9d3ba0d6ff61a,,,4039a31891b5637f4198ad78f79d97e89aa97f4ccd6efa5779b14c5b4203059e,last,ood_metric/fpr95_id_tpr,OOD-4,primary,down,id_train,id_test_vs_tin,detector_declared,detector/vim_dim256,tin,near,,,,17793,C4,adamw,0.003,0.001,0.5485692287950725,0,9940d5548da8547592bd583e11231bcec348bc9cc4b96187abda89e6e2e9290a,200
metric_contract_v1.2,c38b09694be88aa74de0741b39e9d3ba0d6ff61a,,,4039a31891b5637f4198ad78f79d97e89aa97f4ccd6efa5779b14c5b4203059e,last,ood_metric/fpr95_id_tpr,OOD-4,primary,down,id_train,id_test_vs_tin,detector_declared,detector/vim_dim320,tin,near,,,,17793,C4,adamw,0.003,0.001,0.5486975490825099,0,9940d5548da8547592bd583e11231bcec348bc9cc4b96187abda89e6e2e9290a,200
metric_contract_v1.2,c38b09694be88aa74de0741b39e9d3ba0d6ff61a,,,4039a31891b5637f4198ad78f79d97e89aa97f4ccd6efa5779b14c5b4203059e,last,ood_metric/fpr95_id_tpr,OOD-4,primary,down,id_train,id_test_vs_tin,detector_declared,detector/vim_dim64,tin,near,,,,17793,C4,adamw,0.003,0.001,0.5516489156935711,0,9940d5548da8547592bd583e11231bcec348bc9cc4b96187abda89e6e2e9290a,200
metric_contract_v1.2,c38b09694be88aa74de0741b39e9d3ba0d6ff61a,,,4039a31891b5637f4198ad78f79d97e89aa97f4ccd6efa5779b14c5b4203059e,last,ood_metric/fpr95_id_tpr,OOD-4,primary,down,id_train,id_test_vs_tin,detector_declared,detector/weight_cosine_appendix,tin,near,,,,17793,C4,adamw,0.003,0.001,0.5461311433337611,0,9940d5548da8547592bd583e11231bcec348bc9cc4b96187abda89e6e2e9290a,200
metric_contract_v1.2,c38b09694be88aa74de0741b39e9d3ba0d6ff61a,,,4039a31891b5637f4198ad78f79d97e89aa97f4ccd6efa5779b14c5b4203059e,last,ood_metric/fpr95_id_tpr,OOD-4,primary,down,,id_test_vs_tin,detector_declared,ood_score/energy_t1,tin,near,,,,17793,C4,adamw,0.003,0.001,0.5189272423970229,0,9940d5548da8547592bd583e11231bcec348bc9cc4b96187abda89e6e2e9290a,200
metric_contract_v1.2,c38b09694be88aa74de0741b39e9d3ba0d6ff61a,,,4039a31891b5637f4198ad78f79d97e89aa97f4ccd6efa5779b14c5b4203059e,last,ood_metric/fpr95_id_tpr,OOD-4,primary,down,,id_test_vs_tin,detector_declared,ood_score/max_logit,tin,near,,,,17793,C4,adamw,0.003,0.001,0.519825484409085,0,9940d5548da8547592bd583e11231bcec348bc9cc4b96187abda89e6e2e9290a,200
metric_contract_v1.2,c38b09694be88aa74de0741b39e9d3ba0d6ff61a,,,4039a31891b5637f4198ad78f79d97e89aa97f4ccd6efa5779b14c5b4203059e,last,ood_metric/fpr95_id_tpr,OOD-4,primary,down,,id_test_vs_tin,detector_declared,ood_score/msp,tin,near,,,,17793,C4,adamw,0.003,0.001,0.6455793660977801,0,9940d5548da8547592bd583e11231bcec348bc9cc4b96187abda89e6e2e9290a,200
metric_contract_v1.2,c38b09694be88aa74de0741b39e9d3ba0d6ff61a,,,4039a31891b5637f4198ad78f79d97e89aa97f4ccd6efa5779b14c5b4203059e,last,ood_metric/fpr95_threshold,OOD-4,appendix,descriptive,id_train,id_test_vs_tin,detector_declared,detector/ctm_prototype_cosine,tin,near,,,,17793,C4,adamw,0.003,0.001,0.7917634777688319,0,9940d5548da8547592bd583e11231bcec348bc9cc4b96187abda89e6e2e9290a,200
metric_contract_v1.2,c38b09694be88aa74de0741b39e9d3ba0d6ff61a,,,4039a31891b5637f4198ad78f79d97e89aa97f4ccd6efa5779b14c5b4203059e,last,ood_metric/fpr95_threshold,OOD-4,appendix,descriptive,id_train,id_test_vs_tin,detector_declared,detector/gda_class_density,tin,near,,,,17793,C4,adamw,0.003,0.001,1628.994057077624,0,9940d5548da8547592bd583e11231bcec348bc9cc4b96187abda89e6e2e9290a,200
metric_contract_v1.2,c38b09694be88aa74de0741b39e9d3ba0d6ff61a,,,4039a31891b5637f4198ad78f79d97e89aa97f4ccd6efa5779b14c5b4203059e,last,ood_metric/fpr95_threshold,OOD-4,appendix,descriptive,id_train,id_test_vs_tin,detector_declared,detector/knn_l2_k50,tin,near,,,,17793,C4,adamw,0.003,0.001,-0.30465422526998637,0,9940d5548da8547592bd583e11231bcec348bc9cc4b96187abda89e6e2e9290a,200
metric_contract_v1.2,c38b09694be88aa74de0741b39e9d3ba0d6ff61a,,,4039a31891b5637f4198ad78f79d97e89aa97f4ccd6efa5779b14c5b4203059e,last,ood_metric/fpr95_threshold,OOD-4,appendix,descriptive,id_train,id_test_vs_tin,detector_declared,detector/mahalanobis_pp,tin,near,,,,17793,C4,adamw,0.003,0.001,-1100.442282744709,0,9940d5548da8547592bd583e11231bcec348bc9cc4b96187abda89e6e2e9290a,200
metric_contract_v1.2,c38b09694be88aa74de0741b39e9d3ba0d6ff61a,,,4039a31891b5637f4198ad78f79d97e89aa97f4ccd6efa5779b14c5b4203059e,last,ood_metric/fpr95_threshold,OOD-4,appendix,descriptive,id_train,id_test_vs_tin,detector_declared,detector/mahalanobis_raw,tin,near,,,,17793,C4,adamw,0.003,0.001,-952.4731634018968,0,9940d5548da8547592bd583e11231bcec348bc9cc4b96187abda89e6e2e9290a,200
metric_contract_v1.2,c38b09694be88aa74de0741b39e9d3ba0d6ff61a,,,4039a31891b5637f4198ad78f79d97e89aa97f4ccd6efa5779b14c5b4203059e,last,ood_metric/fpr95_threshold,OOD-4,appendix,descriptive,id_train,id_test_vs_tin,detector_declared,detector/marginal_mahalanobis_raw,tin,near,,,,17793,C4,adamw,0.003,0.001,-948.761253319666,0,9940d5548da8547592bd583e11231bcec348bc9cc4b96187abda89e6e2e9290a,200
metric_contract_v1.2,c38b09694be88aa74de0741b39e9d3ba0d6ff61a,,,4039a31891b5637f4198ad78f79d97e89aa97f4ccd6efa5779b14c5b4203059e,last,ood_metric/fpr95_threshold,OOD-4,appendix,descriptive,id_train,id_test_vs_tin,detector_declared,detector/ncp_euclidean_raw,tin,near,,,,17793,C4,adamw,0.003,0.001,-5.352131723788077,0,9940d5548da8547592bd583e11231bcec348bc9cc4b96187abda89e6e2e9290a,200
metric_contract_v1.2,c38b09694be88aa74de0741b39e9d3ba0d6ff61a,,,4039a31891b5637f4198ad78f79d97e89aa97f4ccd6efa5779b14c5b4203059e,last,ood_metric/fpr95_threshold,OOD-4,appendix,descriptive,id_train,id_test_vs_tin,detector_declared,detector/neco_author_std_dim100,tin,near,,,,17793,C4,adamw,0.003,0.001,0.9337625993956535,0,9940d5548da8547592bd583e11231bcec348bc9cc4b96187abda89e6e2e9290a,200
metric_contract_v1.2,c38b09694be88aa74de0741b39e9d3ba0d6ff61a,,,4039a31891b5637f4198ad78f79d97e89aa97f4ccd6efa5779b14c5b4203059e,last,ood_metric/fpr95_threshold,OOD-4,appendix,descriptive,id_train,id_test_vs_tin,detector_declared,detector/relative_mahalanobis_pp,tin,near,,,,17793,C4,adamw,0.003,0.001,-65.07868481777034,0,9940d5548da8547592bd583e11231bcec348bc9cc4b96187abda89e6e2e9290a,200
metric_contract_v1.2,c38b09694be88aa74de0741b39e9d3ba0d6ff61a,,,4039a31891b5637f4198ad78f79d97e89aa97f4ccd6efa5779b14c5b4203059e,last,ood_metric/fpr95_threshold,OOD-4,appendix,descriptive,id_train,id_test_vs_tin,detector_declared,detector/relative_mahalanobis_raw,tin,near,,,,17793,C4,adamw,0.003,0.001,-43.73401502853819,0,9940d5548da8547592bd583e11231bcec348bc9cc4b96187abda89e6e2e9290a,200
metric_contract_v1.2,c38b09694be88aa74de0741b39e9d3ba0d6ff61a,,,4039a31891b5637f4198ad78f79d97e89aa97f4ccd6efa5779b14c5b4203059e,last,ood_metric/fpr95_threshold,OOD-4,appendix,descriptive,id_train,id_test_vs_tin,detector_declared,detector/vim_author_dim,tin,near,,,,17793,C4,adamw,0.003,0.001,-19.147625092594954,0,9940d5548da8547592bd583e11231bcec348bc9cc4b96187abda89e6e2e9290a,200
metric_contract_v1.2,c38b09694be88aa74de0741b39e9d3ba0d6ff61a,,,4039a31891b5637f4198ad78f79d97e89aa97f4ccd6efa5779b14c5b4203059e,last,ood_metric/fpr95_threshold,OOD-4,appendix,descriptive,id_train,id_test_vs_tin,detector_declared,detector/vim_dim128,tin,near,,,,17793,C4,adamw,0.003,0.001,-18.518119108539665,0,9940d5548da8547592bd583e11231bcec348bc9cc4b96187abda89e6e2e9290a,200
metric_contract_v1.2,c38b09694be88aa74de0741b39e9d3ba0d6ff61a,,,4039a31891b5637f4198ad78f79d97e89aa97f4ccd6efa5779b14c5b4203059e,last,ood_metric/fpr95_threshold,OOD-4,appendix,descriptive,id_train,id_test_vs_tin,detector_declared,detector/vim_dim256,tin,near,,,,17793,C4,adamw,0.003,0.001,-19.04897348760347,0,9940d5548da8547592bd583e11231bcec348bc9cc4b96187abda89e6e2e9290a,200
metric_contract_v1.2,c38b09694be88aa74de0741b39e9d3ba0d6ff61a,,,4039a31891b5637f4198ad78f79d97e89aa97f4ccd6efa5779b14c5b4203059e,last,ood_metric/fpr95_threshold,OOD-4,appendix,descriptive,id_train,id_test_vs_tin,detector_declared,detector/vim_dim320,tin,near,,,,17793,C4,adamw,0.003,0.001,-19.147625092594954,0,9940d5548da8547592bd583e11231bcec348bc9cc4b96187abda89e6e2e9290a,200
metric_contract_v1.2,c38b09694be88aa74de0741b39e9d3ba0d6ff61a,,,4039a31891b5637f4198ad78f79d97e89aa97f4ccd6efa5779b14c5b4203059e,last,ood_metric/fpr95_threshold,OOD-4,appendix,descriptive,id_train,id_test_vs_tin,detector_declared,detector/vim_dim64,tin,near,,,,17793,C4,adamw,0.003,0.001,-17.97913617364834,0,9940d5548da8547592bd583e11231bcec348bc9cc4b96187abda89e6e2e9290a,200
metric_contract_v1.2,c38b09694be88aa74de0741b39e9d3ba0d6ff61a,,,4039a31891b5637f4198ad78f79d97e89aa97f4ccd6efa5779b14c5b4203059e,last,ood_metric/fpr95_threshold,OOD-4,appendix,descriptive,id_train,id_test_vs_tin,detector_declared,detector/weight_cosine_appendix,tin,near,,,,17793,C4,adamw,0.003,0.001,0.04657781423416534,0,9940d5548da8547592bd583e11231bcec348bc9cc4b96187abda89e6e2e9290a,200
metric_contract_v1.2,c38b09694be88aa74de0741b39e9d3ba0d6ff61a,,,4039a31891b5637f4198ad78f79d97e89aa97f4ccd6efa5779b14c5b4203059e,last,ood_metric/fpr95_threshold,OOD-4,appendix,descriptive,,id_test_vs_tin,detector_declared,ood_score/energy_t1,tin,near,,,,17793,C4,adamw,0.003,0.001,3.46787943848461,0,9940d5548da8547592bd583e11231bcec348bc9cc4b96187abda89e6e2e9290a,200
metric_contract_v1.2,c38b09694be88aa74de0741b39e9d3ba0d6ff61a,,,4039a31891b5637f4198ad78f79d97e89aa97f4ccd6efa5779b14c5b4203059e,last,ood_metric/fpr95_threshold,OOD-4,appendix,descriptive,,id_test_vs_tin,detector_declared,ood_score/max_logit,tin,near,,,,17793,C4,adamw,0.003,0.001,3.3865713477134705,0,9940d5548da8547592bd583e11231bcec348bc9cc4b96187abda89e6e2e9290a,200
metric_contract_v1.2,c38b09694be88aa74de0741b39e9d3ba0d6ff61a,,,4039a31891b5637f4198ad78f79d97e89aa97f4ccd6efa5779b14c5b4203059e,last,ood_metric/fpr95_threshold,OOD-4,appendix,descriptive,,id_test_vs_tin,detector_declared,ood_score/msp,tin,near,,,,17793,C4,adamw,0.003,0.001,0.9652766426727223,0,9940d5548da8547592bd583e11231bcec348bc9cc4b96187abda89e6e2e9290a,200
