definition_version,evaluation_git_sha,inventory_hash,dataset_policy_hash,checkpoint_role,ood_dataset,endpoint,ood_artifact_key,performance_transform,geometry_name,geometry_artifact_key,geometry_formula_id,geometry_direction,geometry_fit_split,geometry_transform,geometry_statistic,geometry_query_split,detector,ood_formula_id,ood_direction,ood_fit_split,ood_query_split,ood_transform,config_mean_spearman_rho,seed_level_clustered_rho,cluster_bootstrap_ci_low,cluster_bootstrap_ci_high,permutation_pvalue,bh_fdr_qvalue,config_count,seed_observation_count,resamples,random_seed,analysis_dtype,rank_tie_method,bootstrap_ci_method,permutation_pvalue_rule,bh_fdr_scope,interpretation
metric_contract_v1.2,c38b09694be88aa74de0741b39e9d3ba0d6ff61a,35a1a66f78dfd6255c4d804586ee6863969be78d21acec5cd0ccf00476ddaa5c,f80984d28ef9a7550633fb3aea514f783f3db1fa655a6d3f49850b10857e6afc,last,mnist,aupr_out_appendix,ood_metric/aupr_out_openood_auc,identity,Feature norm mean,geometry/feature_norm/global,GEO-1,descriptive,id_train,raw_feature,mean,,detector/ctm_prototype_cosine,OOD-3,up,id_train,id_test_vs_mnist,detector_declared,-0.806060606060606,-0.7717463848720801,-0.8963591690864419,-0.3660827395851984,0.0082991700829917,0.06955494926697806,10,30,10000,20260805,float64,average,percentile_2.5_97.5,(extreme+1)/(resamples+1),dataset_checkpoint_endpoint_16x11,exploratory_association_not_causal
metric_contract_v1.2,c38b09694be88aa74de0741b39e9d3ba0d6ff61a,35a1a66f78dfd6255c4d804586ee6863969be78d21acec5cd0ccf00476ddaa5c,f80984d28ef9a7550633fb3aea514f783f3db1fa655a6d3f49850b10857e6afc,last,mnist,aupr_out_appendix,ood_metric/aupr_out_openood_auc,identity,Feature norm mean,geometry/feature_norm/global,GEO-1,descriptive,id_train,raw_feature,mean,,detector/knn_l2_k50,OOD-3,up,id_train,id_test_vs_mnist,detector_declared,-0.9151515151515152,-0.8691879866518354,-0.9307572034844762,-0.5726531421417609,0.0008999100089991,0.03050361630503616,10,30,10000,20260805,float64,average,percentile_2.5_97.5,(extreme+1)/(resamples+1),dataset_checkpoint_endpoint_16x11,exploratory_association_not_causal
metric_contract_v1.2,c38b09694be88aa74de0741b39e9d3ba0d6ff61a,35a1a66f78dfd6255c4d804586ee6863969be78d21acec5cd0ccf00476ddaa5c,f80984d28ef9a7550633fb3aea514f783f3db1fa655a6d3f49850b10857e6afc,last,mnist,aupr_out_appendix,ood_metric/aupr_out_openood_auc,identity,Feature norm mean,geometry/feature_norm/global,GEO-1,descriptive,id_train,raw_feature,mean,,detector/mahalanobis_pp,OOD-3,up,id_train,id_test_vs_mnist,detector_declared,-0.44242424242424244,-0.24226918798665184,-0.7,0.3397584010652949,0.20117988201179882,0.4121262292375414,10,30,10000,20260805,float64,average,percentile_2.5_97.5,(extreme+1)/(resamples+1),dataset_checkpoint_endpoint_16x11,exploratory_association_not_causal
metric_contract_v1.2,c38b09694be88aa74de0741b39e9d3ba0d6ff61a,35a1a66f78dfd6255c4d804586ee6863969be78d21acec5cd0ccf00476ddaa5c,f80984d28ef9a7550633fb3aea514f783f3db1fa655a6d3f49850b10857e6afc,last,mnist,aupr_out_appendix,ood_metric/aupr_out_openood_auc,identity,Feature norm mean,geometry/feature_norm/global,GEO-1,descriptive,id_train,raw_feature,mean,,detector/mahalanobis_raw,OOD-3,up,id_train,id_test_vs_mnist,detector_declared,0.04242424242424243,0.01668520578420467,-0.6390963487853731,0.5631002903730177,0.9157084291570843,0.9370039740212025,10,30,10000,20260805,float64,average,percentile_2.5_97.5,(extreme+1)/(resamples+1),dataset_checkpoint_endpoint_16x11,exploratory_association_not_causal
metric_contract_v1.2,c38b09694be88aa74de0741b39e9d3ba0d6ff61a,35a1a66f78dfd6255c4d804586ee6863969be78d21acec5cd0ccf00476ddaa5c,f80984d28ef9a7550633fb3aea514f783f3db1fa655a6d3f49850b10857e6afc,last,mnist,aupr_out_appendix,ood_metric/aupr_out_openood_auc,identity,Feature norm mean,geometry/feature_norm/global,GEO-1,descriptive,id_train,raw_feature,mean,,detector/neco_author_std_dim100,OOD-3,up,id_train,id_test_vs_mnist,detector_declared,0.5151515151515151,0.48253615127919913,-0.16998263196416605,0.8238493957912482,0.14088591140885912,0.37649568376495685,10,30,10000,20260805,float64,average,percentile_2.5_97.5,(extreme+1)/(resamples+1),dataset_checkpoint_endpoint_16x11,exploratory_association_not_causal
metric_contract_v1.2,c38b09694be88aa74de0741b39e9d3ba0d6ff61a,35a1a66f78dfd6255c4d804586ee6863969be78d21acec5cd0ccf00476ddaa5c,f80984d28ef9a7550633fb3aea514f783f3db1fa655a6d3f49850b10857e6afc,last,mnist,aupr_out_appendix,ood_metric/aupr_out_openood_auc,identity,Feature norm mean,geometry/feature_norm/global,GEO-1,descriptive,id_train,raw_feature,mean,,detector/relative_mahalanobis_pp,OOD-3,up,id_train,id_test_vs_mnist,detector_declared,0.06666666666666667,0.0985539488320356,-0.5376368103640831,0.6311572571620411,0.8684131586841316,0.9097661662405188,10,30,10000,20260805,float64,average,percentile_2.5_97.5,(extreme+1)/(resamples+1),dataset_checkpoint_endpoint_16x11,exploratory_association_not_causal
metric_contract_v1.2,c38b09694be88aa74de0741b39e9d3ba0d6ff61a,35a1a66f78dfd6255c4d804586ee6863969be78d21acec5cd0ccf00476ddaa5c,f80984d28ef9a7550633fb3aea514f783f3db1fa655a6d3f49850b10857e6afc,last,mnist,aupr_out_appendix,ood_metric/aupr_out_openood_auc,identity,Feature norm mean,geometry/feature_norm/global,GEO-1,descriptive,id_train,raw_feature,mean,,detector/relative_mahalanobis_raw,OOD-3,up,id_train,id_test_vs_mnist,detector_declared,0.4666666666666667,0.4456062291434928,-0.22093332255949824,0.8109674543022738,0.1857814218578142,0.3987503688655525,10,30,10000,20260805,float64,average,percentile_2.5_97.5,(extreme+1)/(resamples+1),dataset_checkpoint_endpoint_16x11,exploratory_association_not_causal
metric_contract_v1.2,c38b09694be88aa74de0741b39e9d3ba0d6ff61a,35a1a66f78dfd6255c4d804586ee6863969be78d21acec5cd0ccf00476ddaa5c,f80984d28ef9a7550633fb3aea514f783f3db1fa655a6d3f49850b10857e6afc,last,mnist,aupr_out_appendix,ood_metric/aupr_out_openood_auc,identity,Feature norm mean,geometry/feature_norm/global,GEO-1,descriptive,id_train,raw_feature,mean,,detector/vim_author_dim,OOD-3,up,id_train,id_test_vs_mnist,detector_declared,-0.6848484848484848,-0.5830923248053392,-0.8606209515300425,0.04981014071923163,0.0357964203579642,0.1708881743404607,10,30,10000,20260805,float64,average,percentile_2.5_97.5,(extreme+1)/(resamples+1),dataset_checkpoint_endpoint_16x11,exploratory_association_not_causal
metric_contract_v1.2,c38b09694be88aa74de0741b39e9d3ba0d6ff61a,35a1a66f78dfd6255c4d804586ee6863969be78d21acec5cd0ccf00476ddaa5c,f80984d28ef9a7550633fb3aea514f783f3db1fa655a6d3f49850b10857e6afc,last,mnist,aupr_out_appendix,ood_metric/aupr_out_openood_auc,identity,Feature norm mean,geometry/feature_norm/global,GEO-1,descriptive,id_train,raw_feature,mean,,ood_score/energy_t1,OOD-3,up,,id_test_vs_mnist,detector_declared,0.3939393939393939,0.38509454949944383,-0.23030533159734753,0.7559261078332224,0.26507349265073493,0.46652934706529353,10,30,10000,20260805,float64,average,percentile_2.5_97.5,(extreme+1)/(resamples+1),dataset_checkpoint_endpoint_16x11,exploratory_association_not_causal
metric_contract_v1.2,c38b09694be88aa74de0741b39e9d3ba0d6ff61a,35a1a66f78dfd6255c4d804586ee6863969be78d21acec5cd0ccf00476ddaa5c,f80984d28ef9a7550633fb3aea514f783f3db1fa655a6d3f49850b10857e6afc,last,mnist,aupr_out_appendix,ood_metric/aupr_out_openood_auc,identity,Feature norm mean,geometry/feature_norm/global,GEO-1,descriptive,id_train,raw_feature,mean,,ood_score/max_logit,OOD-3,up,,id_test_vs_mnist,detector_declared,0.4666666666666667,0.38153503893214685,-0.21486322279438544,0.7394601829132278,0.17838216178382163,0.3971553461937757,10,30,10000,20260805,float64,average,percentile_2.5_97.5,(extreme+1)/(resamples+1),dataset_checkpoint_endpoint_16x11,exploratory_association_not_causal
metric_contract_v1.2,c38b09694be88aa74de0741b39e9d3ba0d6ff61a,35a1a66f78dfd6255c4d804586ee6863969be78d21acec5cd0ccf00476ddaa5c,f80984d28ef9a7550633fb3aea514f783f3db1fa655a6d3f49850b10857e6afc,last,mnist,aupr_out_appendix,ood_metric/aupr_out_openood_auc,identity,Feature norm mean,geometry/feature_norm/global,GEO-1,descriptive,id_train,raw_feature,mean,,ood_score/msp,OOD-3,up,,id_test_vs_mnist,detector_declared,0.40606060606060607,0.3486095661846496,-0.2357033527696793,0.732857482570329,0.24627537246275372,0.44229046483106793,10,30,10000,20260805,float64,average,percentile_2.5_97.5,(extreme+1)/(resamples+1),dataset_checkpoint_endpoint_16x11,exploratory_association_not_causal
metric_contract_v1.2,c38b09694be88aa74de0741b39e9d3ba0d6ff61a,35a1a66f78dfd6255c4d804586ee6863969be78d21acec5cd0ccf00476ddaa5c,f80984d28ef9a7550633fb3aea514f783f3db1fa655a6d3f49850b10857e6afc,last,mnist,aupr_out_appendix,ood_metric/aupr_out_openood_auc,identity,Feature norm CV,geometry/feature_norm/global,GEO-1,descriptive,id_train,raw_feature,cv,,detector/ctm_prototype_cosine,OOD-3,up,id_train,id_test_vs_mnist,detector_declared,0.28484848484848485,0.2671857619577308,-0.4428731510533393,0.7308258928571425,0.4173582641735826,0.6172693655004247,10,30,10000,20260805,float64,average,percentile_2.5_97.5,(extreme+1)/(resamples+1),dataset_checkpoint_endpoint_16x11,exploratory_association_not_causal
metric_contract_v1.2,c38b09694be88aa74de0741b39e9d3ba0d6ff61a,35a1a66f78dfd6255c4d804586ee6863969be78d21acec5cd0ccf00476ddaa5c,f80984d28ef9a7550633fb3aea514f783f3db1fa655a6d3f49850b10857e6afc,last,mnist,aupr_out_appendix,ood_metric/aupr_out_openood_auc,identity,Feature norm CV,geometry/feature_norm/global,GEO-1,descriptive,id_train,raw_feature,cv,,detector/knn_l2_k50,OOD-3,up,id_train,id_test_vs_mnist,detector_declared,0.38181818181818183,0.37130144605116794,-0.31834334960706656,0.7394160251653638,0.2696730326967303,0.4699252846992528,10,30,10000,20260805,float64,average,percentile_2.5_97.5,(extreme+1)/(resamples+1),dataset_checkpoint_endpoint_16x11,exploratory_association_not_causal
metric_contract_v1.2,c38b09694be88aa74de0741b39e9d3ba0d6ff61a,35a1a66f78dfd6255c4d804586ee6863969be78d21acec5cd0ccf00476ddaa5c,f80984d28ef9a7550633fb3aea514f783f3db1fa655a6d3f49850b10857e6afc,last,mnist,aupr_out_appendix,ood_metric/aupr_out_openood_auc,identity,Feature norm CV,geometry/feature_norm/global,GEO-1,descriptive,id_train,raw_feature,cv,,detector/mahalanobis_pp,OOD-3,up,id_train,id_test_vs_mnist,detector_declared,0.23636363636363636,0.1132369299221357,-0.44846985156705693,0.6154434100187086,0.5125487451254874,0.7042024479722571,10,30,10000,20260805,float64,average,percentile_2.5_97.5,(extreme+1)/(resamples+1),dataset_checkpoint_endpoint_16x11,exploratory_association_not_causal
metric_contract_v1.2,c38b09694be88aa74de0741b39e9d3ba0d6ff61a,35a1a66f78dfd6255c4d804586ee6863969be78d21acec5cd0ccf00476ddaa5c,f80984d28ef9a7550633fb3aea514f783f3db1fa655a6d3f49850b10857e6afc,last,mnist,aupr_out_appendix,ood_metric/aupr_out_openood_auc,identity,Feature norm CV,geometry/feature_norm/global,GEO-1,descriptive,id_train,raw_feature,cv,,detector/mahalanobis_raw,OOD-3,up,id_train,id_test_vs_mnist,detector_declared,-0.5878787878787879,-0.5537263626251391,-0.86571928028724,-0.0013225558609083771,0.08689131086891311,0.2688282895848346,10,30,10000,20260805,float64,average,percentile_2.5_97.5,(extreme+1)/(resamples+1),dataset_checkpoint_endpoint_16x11,exploratory_association_not_causal
metric_contract_v1.2,c38b09694be88aa74de0741b39e9d3ba0d6ff61a,35a1a66f78dfd6255c4d804586ee6863969be78d21acec5cd0ccf00476ddaa5c,f80984d28ef9a7550633fb3aea514f783f3db1fa655a6d3f49850b10857e6afc,last,mnist,aupr_out_appendix,ood_metric/aupr_out_openood_auc,identity,Feature norm CV,geometry/feature_norm/global,GEO-1,descriptive,id_train,raw_feature,cv,,detector/neco_author_std_dim100,OOD-3,up,id_train,id_test_vs_mnist,detector_declared,-0.8787878787878788,-0.7668520578420467,-0.9072049966540263,-0.4369927345172857,0.0021997800219978004,0.03050361630503616,10,30,10000,20260805,float64,average,percentile_2.5_97.5,(extreme+1)/(resamples+1),dataset_checkpoint_endpoint_16x11,exploratory_association_not_causal
metric_contract_v1.2,c38b09694be88aa74de0741b39e9d3ba0d6ff61a,35a1a66f78dfd6255c4d804586ee6863969be78d21acec5cd0ccf00476ddaa5c,f80984d28ef9a7550633fb3aea514f783f3db1fa655a6d3f49850b10857e6afc,last,mnist,aupr_out_appendix,ood_metric/aupr_out_openood_auc,identity,Feature norm CV,geometry/feature_norm/global,GEO-1,descriptive,id_train,raw_feature,cv,,detector/relative_mahalanobis_pp,OOD-3,up,id_train,id_test_vs_mnist,detector_declared,-0.7818181818181819,-0.6854282536151279,-0.8811815948179584,-0.2977410339834447,0.012398760123987601,0.08728727127287271,10,30,10000,20260805,float64,average,percentile_2.5_97.5,(extreme+1)/(resamples+1),dataset_checkpoint_endpoint_16x11,exploratory_association_not_causal
metric_contract_v1.2,c38b09694be88aa74de0741b39e9d3ba0d6ff61a,35a1a66f78dfd6255c4d804586ee6863969be78d21acec5cd0ccf00476ddaa5c,f80984d28ef9a7550633fb3aea514f783f3db1fa655a6d3f49850b10857e6afc,last,mnist,aupr_out_appendix,ood_metric/aupr_out_openood_auc,identity,Feature norm CV,geometry/feature_norm/global,GEO-1,descriptive,id_train,raw_feature,cv,,detector/relative_mahalanobis_raw,OOD-3,up,id_train,id_test_vs_mnist,detector_declared,-0.9030303030303031,-0.7566184649610679,-0.9200357382175564,-0.43289334036485455,0.0011998800119988001,0.03050361630503616,10,30,10000,20260805,float64,average,percentile_2.5_97.5,(extreme+1)/(resamples+1),dataset_checkpoint_endpoint_16x11,exploratory_association_not_causal
metric_contract_v1.2,c38b09694be88aa74de0741b39e9d3ba0d6ff61a,35a1a66f78dfd6255c4d804586ee6863969be78d21acec5cd0ccf00476ddaa5c,f80984d28ef9a7550633fb3aea514f783f3db1fa655a6d3f49850b10857e6afc,last,mnist,aupr_out_appendix,ood_metric/aupr_out_openood_auc,identity,Feature norm CV,geometry/feature_norm/global,GEO-1,descriptive,id_train,raw_feature,cv,,detector/vim_author_dim,OOD-3,up,id_train,id_test_vs_mnist,detector_declared,-0.07878787878787878,-0.060734149054505006,-0.6319428953825563,0.5684351315202854,0.8343165683431657,0.8899376728993768,10,30,10000,20260805,float64,average,percentile_2.5_97.5,(extreme+1)/(resamples+1),dataset_checkpoint_endpoint_16x11,exploratory_association_not_causal
metric_contract_v1.2,c38b09694be88aa74de0741b39e9d3ba0d6ff61a,35a1a66f78dfd6255c4d804586ee6863969be78d21acec5cd0ccf00476ddaa5c,f80984d28ef9a7550633fb3aea514f783f3db1fa655a6d3f49850b10857e6afc,last,mnist,aupr_out_appendix,ood_metric/aupr_out_openood_auc,identity,Feature norm CV,geometry/feature_norm/global,GEO-1,descriptive,id_train,raw_feature,cv,,ood_score/energy_t1,OOD-3,up,,id_test_vs_mnist,detector_declared,-0.17575757575757575,-0.17597330367074526,-0.7266026356935448,0.3759228047306777,0.6264373562643736,0.7850291893887534,10,30,10000,20260805,float64,average,percentile_2.5_97.5,(extreme+1)/(resamples+1),dataset_checkpoint_endpoint_16x11,exploratory_association_not_causal
metric_contract_v1.2,c38b09694be88aa74de0741b39e9d3ba0d6ff61a,35a1a66f78dfd6255c4d804586ee6863969be78d21acec5cd0ccf00476ddaa5c,f80984d28ef9a7550633fb3aea514f783f3db1fa655a6d3f49850b10857e6afc,last,mnist,aupr_out_appendix,ood_metric/aupr_out_openood_auc,identity,Feature norm CV,geometry/feature_norm/global,GEO-1,descriptive,id_train,raw_feature,cv,,ood_score/max_logit,OOD-3,up,,id_test_vs_mnist,detector_declared,-0.2727272727272727,-0.18131256952169078,-0.711548537911598,0.36795929418620055,0.44835516448355167,0.6439811303422504,10,30,10000,20260805,float64,average,percentile_2.5_97.5,(extreme+1)/(resamples+1),dataset_checkpoint_endpoint_16x11,exploratory_association_not_causal
metric_contract_v1.2,c38b09694be88aa74de0741b39e9d3ba0d6ff61a,35a1a66f78dfd6255c4d804586ee6863969be78d21acec5cd0ccf00476ddaa5c,f80984d28ef9a7550633fb3aea514f783f3db1fa655a6d3f49850b10857e6afc,last,mnist,aupr_out_appendix,ood_metric/aupr_out_openood_auc,identity,Feature norm CV,geometry/feature_norm/global,GEO-1,descriptive,id_train,raw_feature,cv,,ood_score/msp,OOD-3,up,,id_test_vs_mnist,detector_declared,-0.5636363636363636,-0.5661846496106785,-0.8357283845096974,-0.03861591694463874,0.0999900009999,0.2884957405898754,10,30,10000,20260805,float64,average,percentile_2.5_97.5,(extreme+1)/(resamples+1),dataset_checkpoint_endpoint_16x11,exploratory_association_not_causal
metric_contract_v1.2,c38b09694be88aa74de0741b39e9d3ba0d6ff61a,35a1a66f78dfd6255c4d804586ee6863969be78d21acec5cd0ccf00476ddaa5c,f80984d28ef9a7550633fb3aea514f783f3db1fa655a6d3f49850b10857e6afc,last,mnist,aupr_out_appendix,ood_metric/aupr_out_openood_auc,identity,CDNV,geometry/cdnv/mean,GEO-2,down,id_train,raw_feature,,,detector/ctm_prototype_cosine,OOD-3,up,id_train,id_test_vs_mnist,detector_declared,0.44242424242424244,0.45050055617352613,-0.32130162985771926,0.8330412971307559,0.20137986201379862,0.4121262292375414,10,30,10000,20260805,float64,average,percentile_2.5_97.5,(extreme+1)/(resamples+1),dataset_checkpoint_endpoint_16x11,exploratory_association_not_causal
metric_contract_v1.2,c38b09694be88aa74de0741b39e9d3ba0d6ff61a,35a1a66f78dfd6255c4d804586ee6863969be78d21acec5cd0ccf00476ddaa5c,f80984d28ef9a7550633fb3aea514f783f3db1fa655a6d3f49850b10857e6afc,last,mnist,aupr_out_appendix,ood_metric/aupr_out_openood_auc,identity,CDNV,geometry/cdnv/mean,GEO-2,down,id_train,raw_feature,,,detector/knn_l2_k50,OOD-3,up,id_train,id_test_vs_mnist,detector_declared,0.6242424242424243,0.6066740823136819,-0.07880908939275828,0.883409913212734,0.060993900609939006,0.21857014298570143,10,30,10000,20260805,float64,average,percentile_2.5_97.5,(extreme+1)/(resamples+1),dataset_checkpoint_endpoint_16x11,exploratory_association_not_causal
metric_contract_v1.2,c38b09694be88aa74de0741b39e9d3ba0d6ff61a,35a1a66f78dfd6255c4d804586ee6863969be78d21acec5cd0ccf00476ddaa5c,f80984d28ef9a7550633fb3aea514f783f3db1fa655a6d3f49850b10857e6afc,last,mnist,aupr_out_appendix,ood_metric/aupr_out_openood_auc,identity,CDNV,geometry/cdnv/mean,GEO-2,down,id_train,raw_feature,,,detector/mahalanobis_pp,OOD-3,up,id_train,id_test_vs_mnist,detector_declared,0.1393939393939394,-0.013125695216907676,-0.5931196434519383,0.5152747718980871,0.6981301869813019,0.8191394193913942,10,30,10000,20260805,float64,average,percentile_2.5_97.5,(extreme+1)/(resamples+1),dataset_checkpoint_endpoint_16x11,exploratory_association_not_causal
metric_contract_v1.2,c38b09694be88aa74de0741b39e9d3ba0d6ff61a,35a1a66f78dfd6255c4d804586ee6863969be78d21acec5cd0ccf00476ddaa5c,f80984d28ef9a7550633fb3aea514f783f3db1fa655a6d3f49850b10857e6afc,last,mnist,aupr_out_appendix,ood_metric/aupr_out_openood_auc,identity,CDNV,geometry/cdnv/mean,GEO-2,down,id_train,raw_feature,,,detector/mahalanobis_raw,OOD-3,up,id_train,id_test_vs_mnist,detector_declared,-0.4303030303030303,-0.3793103448275862,-0.7837961854983122,0.30807944822454597,0.2181781821817818,0.4363563643635636,10,30,10000,20260805,float64,average,percentile_2.5_97.5,(extreme+1)/(resamples+1),dataset_checkpoint_endpoint_16x11,exploratory_association_not_causal
metric_contract_v1.2,c38b09694be88aa74de0741b39e9d3ba0d6ff61a,35a1a66f78dfd6255c4d804586ee6863969be78d21acec5cd0ccf00476ddaa5c,f80984d28ef9a7550633fb3aea514f783f3db1fa655a6d3f49850b10857e6afc,last,mnist,aupr_out_appendix,ood_metric/aupr_out_openood_auc,identity,CDNV,geometry/cdnv/mean,GEO-2,down,id_train,raw_feature,,,detector/neco_author_std_dim100,OOD-3,up,id_train,id_test_vs_mnist,detector_declared,-0.793939393939394,-0.7690767519466073,-0.9143445059052533,-0.34152288940011855,0.009799020097990201,0.07839216078392161,10,30,10000,20260805,float64,average,percentile_2.5_97.5,(extreme+1)/(resamples+1),dataset_checkpoint_endpoint_16x11,exploratory_association_not_causal
metric_contract_v1.2,c38b09694be88aa74de0741b39e9d3ba0d6ff61a,35a1a66f78dfd6255c4d804586ee6863969be78d21acec5cd0ccf00476ddaa5c,f80984d28ef9a7550633fb3aea514f783f3db1fa655a6d3f49850b10857e6afc,last,mnist,aupr_out_appendix,ood_metric/aupr_out_openood_auc,identity,CDNV,geometry/cdnv/mean,GEO-2,down,id_train,raw_feature,,,detector/relative_mahalanobis_pp,OOD-3,up,id_train,id_test_vs_mnist,detector_declared,-0.40606060606060607,-0.42869855394883205,-0.8071460836174755,0.24949883481843707,0.24347565243475652,0.44229046483106793,10,30,10000,20260805,float64,average,percentile_2.5_97.5,(extreme+1)/(resamples+1),dataset_checkpoint_endpoint_16x11,exploratory_association_not_causal
metric_contract_v1.2,c38b09694be88aa74de0741b39e9d3ba0d6ff61a,35a1a66f78dfd6255c4d804586ee6863969be78d21acec5cd0ccf00476ddaa5c,f80984d28ef9a7550633fb3aea514f783f3db1fa655a6d3f49850b10857e6afc,last,mnist,aupr_out_appendix,ood_metric/aupr_out_openood_auc,identity,CDNV,geometry/cdnv/mean,GEO-2,down,id_train,raw_feature,,,detector/relative_mahalanobis_raw,OOD-3,up,id_train,id_test_vs_mnist,detector_declared,-0.7696969696969697,-0.7010011123470523,-0.9085042713849832,-0.20418865533427966,0.0150984901509849,0.10220516409897472,10,30,10000,20260805,float64,average,percentile_2.5_97.5,(extreme+1)/(resamples+1),dataset_checkpoint_endpoint_16x11,exploratory_association_not_causal
metric_contract_v1.2,c38b09694be88aa74de0741b39e9d3ba0d6ff61a,35a1a66f78dfd6255c4d804586ee6863969be78d21acec5cd0ccf00476ddaa5c,f80984d28ef9a7550633fb3aea514f783f3db1fa655a6d3f49850b10857e6afc,last,mnist,aupr_out_appendix,ood_metric/aupr_out_openood_auc,identity,CDNV,geometry/cdnv/mean,GEO-2,down,id_train,raw_feature,,,detector/vim_author_dim,OOD-3,up,id_train,id_test_vs_mnist,detector_declared,0.2727272727272727,0.1804226918798665,-0.4663720914880889,0.7623750278644672,0.44585541445855414,0.6439811303422504,10,30,10000,20260805,float64,average,percentile_2.5_97.5,(extreme+1)/(resamples+1),dataset_checkpoint_endpoint_16x11,exploratory_association_not_causal
metric_contract_v1.2,c38b09694be88aa74de0741b39e9d3ba0d6ff61a,35a1a66f78dfd6255c4d804586ee6863969be78d21acec5cd0ccf00476ddaa5c,f80984d28ef9a7550633fb3aea514f783f3db1fa655a6d3f49850b10857e6afc,last,mnist,aupr_out_appendix,ood_metric/aupr_out_openood_auc,identity,CDNV,geometry/cdnv/mean,GEO-2,down,id_train,raw_feature,,,ood_score/energy_t1,OOD-3,up,,id_test_vs_mnist,detector_declared,-0.6606060606060606,-0.6022246941045606,-0.8653610417827997,-0.0780205082478823,0.0446955304469553,0.18729555615866986,10,30,10000,20260805,float64,average,percentile_2.5_97.5,(extreme+1)/(resamples+1),dataset_checkpoint_endpoint_16x11,exploratory_association_not_causal
metric_contract_v1.2,c38b09694be88aa74de0741b39e9d3ba0d6ff61a,35a1a66f78dfd6255c4d804586ee6863969be78d21acec5cd0ccf00476ddaa5c,f80984d28ef9a7550633fb3aea514f783f3db1fa655a6d3f49850b10857e6afc,last,mnist,aupr_out_appendix,ood_metric/aupr_out_openood_auc,identity,CDNV,geometry/cdnv/mean,GEO-2,down,id_train,raw_feature,,,ood_score/max_logit,OOD-3,up,,id_test_vs_mnist,detector_declared,-0.7212121212121212,-0.5924360400444939,-0.8519884593168452,-0.07659578021793957,0.0244975502449755,0.13065360130653603,10,30,10000,20260805,float64,average,percentile_2.5_97.5,(extreme+1)/(resamples+1),dataset_checkpoint_endpoint_16x11,exploratory_association_not_causal
metric_contract_v1.2,c38b09694be88aa74de0741b39e9d3ba0d6ff61a,35a1a66f78dfd6255c4d804586ee6863969be78d21acec5cd0ccf00476ddaa5c,f80984d28ef9a7550633fb3aea514f783f3db1fa655a6d3f49850b10857e6afc,last,mnist,aupr_out_appendix,ood_metric/aupr_out_openood_auc,identity,CDNV,geometry/cdnv/mean,GEO-2,down,id_train,raw_feature,,,ood_score/msp,OOD-3,up,,id_test_vs_mnist,detector_declared,-0.7575757575757576,-0.642714126807564,-0.8731293276747822,-0.1713200804109895,0.018098190180981903,0.10983729213285569,10,30,10000,20260805,float64,average,percentile_2.5_97.5,(extreme+1)/(resamples+1),dataset_checkpoint_endpoint_16x11,exploratory_association_not_causal
metric_contract_v1.2,c38b09694be88aa74de0741b39e9d3ba0d6ff61a,35a1a66f78dfd6255c4d804586ee6863969be78d21acec5cd0ccf00476ddaa5c,f80984d28ef9a7550633fb3aea514f783f3db1fa655a6d3f49850b10857e6afc,last,mnist,aupr_out_appendix,ood_metric/aupr_out_openood_auc,identity,NC1,geometry/nc1_pinv,GEO-5,down,id_train,raw_feature,,,detector/ctm_prototype_cosine,OOD-3,up,id_train,id_test_vs_mnist,detector_declared,0.21212121212121213,0.23737486095661847,-0.6207393343756981,0.7516193879830243,0.5671432856714329,0.7505054005877608,10,30,10000,20260805,float64,average,percentile_2.5_97.5,(extreme+1)/(resamples+1),dataset_checkpoint_endpoint_16x11,exploratory_association_not_causal
metric_contract_v1.2,c38b09694be88aa74de0741b39e9d3ba0d6ff61a,35a1a66f78dfd6255c4d804586ee6863969be78d21acec5cd0ccf00476ddaa5c,f80984d28ef9a7550633fb3aea514f783f3db1fa655a6d3f49850b10857e6afc,last,mnist,aupr_out_appendix,ood_metric/aupr_out_openood_auc,identity,NC1,geometry/nc1_pinv,GEO-5,down,id_train,raw_feature,,,detector/knn_l2_k50,OOD-3,up,id_train,id_test_vs_mnist,detector_declared,0.3212121212121212,0.39621802002224693,-0.4088817826765416,0.8359533231014279,0.37036296370362964,0.5768485098392815,10,30,10000,20260805,float64,average,percentile_2.5_97.5,(extreme+1)/(resamples+1),dataset_checkpoint_endpoint_16x11,exploratory_association_not_causal
metric_contract_v1.2,c38b09694be88aa74de0741b39e9d3ba0d6ff61a,35a1a66f78dfd6255c4d804586ee6863969be78d21acec5cd0ccf00476ddaa5c,f80984d28ef9a7550633fb3aea514f783f3db1fa655a6d3f49850b10857e6afc,last,mnist,aupr_out_appendix,ood_metric/aupr_out_openood_auc,identity,NC1,geometry/nc1_pinv,GEO-5,down,id_train,raw_feature,,,detector/mahalanobis_pp,OOD-3,up,id_train,id_test_vs_mnist,detector_declared,-0.10303030303030303,-0.1817575083426029,-0.6752343849716008,0.4317689542244158,0.78992100789921,0.8581857863596355,10,30,10000,20260805,float64,average,percentile_2.5_97.5,(extreme+1)/(resamples+1),dataset_checkpoint_endpoint_16x11,exploratory_association_not_causal
metric_contract_v1.2,c38b09694be88aa74de0741b39e9d3ba0d6ff61a,35a1a66f78dfd6255c4d804586ee6863969be78d21acec5cd0ccf00476ddaa5c,f80984d28ef9a7550633fb3aea514f783f3db1fa655a6d3f49850b10857e6afc,last,mnist,aupr_out_appendix,ood_metric/aupr_out_openood_auc,identity,NC1,geometry/nc1_pinv,GEO-5,down,id_train,raw_feature,,,detector/mahalanobis_raw,OOD-3,up,id_train,id_test_vs_mnist,detector_declared,-0.6242424242424243,-0.5853170189098998,-0.8872643852937435,0.02503869177275111,0.059494050594940506,0.21857014298570143,10,30,10000,20260805,float64,average,percentile_2.5_97.5,(extreme+1)/(resamples+1),dataset_checkpoint_endpoint_16x11,exploratory_association_not_causal
metric_contract_v1.2,c38b09694be88aa74de0741b39e9d3ba0d6ff61a,35a1a66f78dfd6255c4d804586ee6863969be78d21acec5cd0ccf00476ddaa5c,f80984d28ef9a7550633fb3aea514f783f3db1fa655a6d3f49850b10857e6afc,last,mnist,aupr_out_appendix,ood_metric/aupr_out_openood_auc,identity,NC1,geometry/nc1_pinv,GEO-5,down,id_train,raw_feature,,,detector/neco_author_std_dim100,OOD-3,up,id_train,id_test_vs_mnist,detector_declared,-0.7818181818181819,-0.75706340378198,-0.9041493762796714,-0.3544396843090901,0.0112988701129887,0.08359164083591641,10,30,10000,20260805,float64,average,percentile_2.5_97.5,(extreme+1)/(resamples+1),dataset_checkpoint_endpoint_16x11,exploratory_association_not_causal
metric_contract_v1.2,c38b09694be88aa74de0741b39e9d3ba0d6ff61a,35a1a66f78dfd6255c4d804586ee6863969be78d21acec5cd0ccf00476ddaa5c,f80984d28ef9a7550633fb3aea514f783f3db1fa655a6d3f49850b10857e6afc,last,mnist,aupr_out_appendix,ood_metric/aupr_out_openood_auc,identity,NC1,geometry/nc1_pinv,GEO-5,down,id_train,raw_feature,,,detector/relative_mahalanobis_pp,OOD-3,up,id_train,id_test_vs_mnist,detector_declared,-0.5757575757575758,-0.5385984427141268,-0.8352678571428571,0.05251753007434786,0.09359064093590641,0.2791856407579581,10,30,10000,20260805,float64,average,percentile_2.5_97.5,(extreme+1)/(resamples+1),dataset_checkpoint_endpoint_16x11,exploratory_association_not_causal
metric_contract_v1.2,c38b09694be88aa74de0741b39e9d3ba0d6ff61a,35a1a66f78dfd6255c4d804586ee6863969be78d21acec5cd0ccf00476ddaa5c,f80984d28ef9a7550633fb3aea514f783f3db1fa655a6d3f49850b10857e6afc,last,mnist,aupr_out_appendix,ood_metric/aupr_out_openood_auc,identity,NC1,geometry/nc1_pinv,GEO-5,down,id_train,raw_feature,,,detector/relative_mahalanobis_raw,OOD-3,up,id_train,id_test_vs_mnist,detector_declared,-0.8666666666666667,-0.7472747497219132,-0.922769509089737,-0.30654510866054085,0.0029997000299970002,0.031055717957616,10,30,10000,20260805,float64,average,percentile_2.5_97.5,(extreme+1)/(resamples+1),dataset_checkpoint_endpoint_16x11,exploratory_association_not_causal
metric_contract_v1.2,c38b09694be88aa74de0741b39e9d3ba0d6ff61a,35a1a66f78dfd6255c4d804586ee6863969be78d21acec5cd0ccf00476ddaa5c,f80984d28ef9a7550633fb3aea514f783f3db1fa655a6d3f49850b10857e6afc,last,mnist,aupr_out_appendix,ood_metric/aupr_out_openood_auc,identity,NC1,geometry/nc1_pinv,GEO-5,down,id_train,raw_feature,,,detector/vim_author_dim,OOD-3,up,id_train,id_test_vs_mnist,detector_declared,-0.10303030303030303,-0.10255839822024472,-0.6350325253297869,0.7127747583220054,0.7768223177682232,0.8545045495450456,10,30,10000,20260805,float64,average,percentile_2.5_97.5,(extreme+1)/(resamples+1),dataset_checkpoint_endpoint_16x11,exploratory_association_not_causal
metric_contract_v1.2,c38b09694be88aa74de0741b39e9d3ba0d6ff61a,35a1a66f78dfd6255c4d804586ee6863969be78d21acec5cd0ccf00476ddaa5c,f80984d28ef9a7550633fb3aea514f783f3db1fa655a6d3f49850b10857e6afc,last,mnist,aupr_out_appendix,ood_metric/aupr_out_openood_auc,identity,NC1,geometry/nc1_pinv,GEO-5,down,id_train,raw_feature,,,ood_score/energy_t1,OOD-3,up,,id_test_vs_mnist,detector_declared,-0.6242424242424243,-0.49988876529477194,-0.812641459284552,0.035532212573298194,0.06209379062093791,0.21857014298570143,10,30,10000,20260805,float64,average,percentile_2.5_97.5,(extreme+1)/(resamples+1),dataset_checkpoint_endpoint_16x11,exploratory_association_not_causal
metric_contract_v1.2,c38b09694be88aa74de0741b39e9d3ba0d6ff61a,35a1a66f78dfd6255c4d804586ee6863969be78d21acec5cd0ccf00476ddaa5c,f80984d28ef9a7550633fb3aea514f783f3db1fa655a6d3f49850b10857e6afc,last,mnist,aupr_out_appendix,ood_metric/aupr_out_openood_auc,identity,NC1,geometry/nc1_pinv,GEO-5,down,id_train,raw_feature,,,ood_score/max_logit,OOD-3,up,,id_test_vs_mnist,detector_declared,-0.6848484848484848,-0.49410456062291436,-0.8060744538564423,0.0464999799187548,0.036896310368963105,0.1708881743404607,10,30,10000,20260805,float64,average,percentile_2.5_97.5,(extreme+1)/(resamples+1),dataset_checkpoint_endpoint_16x11,exploratory_association_not_causal
metric_contract_v1.2,c38b09694be88aa74de0741b39e9d3ba0d6ff61a,35a1a66f78dfd6255c4d804586ee6863969be78d21acec5cd0ccf00476ddaa5c,f80984d28ef9a7550633fb3aea514f783f3db1fa655a6d3f49850b10857e6afc,last,mnist,aupr_out_appendix,ood_metric/aupr_out_openood_auc,identity,NC1,geometry/nc1_pinv,GEO-5,down,id_train,raw_feature,,,ood_score/msp,OOD-3,up,,id_test_vs_mnist,detector_declared,-0.8787878787878788,-0.7317018909899888,-0.8993541261518977,-0.4026860480285367,0.0023997600239976003,0.03050361630503616,10,30,10000,20260805,float64,average,percentile_2.5_97.5,(extreme+1)/(resamples+1),dataset_checkpoint_endpoint_16x11,exploratory_association_not_causal
metric_contract_v1.2,c38b09694be88aa74de0741b39e9d3ba0d6ff61a,35a1a66f78dfd6255c4d804586ee6863969be78d21acec5cd0ccf00476ddaa5c,f80984d28ef9a7550633fb3aea514f783f3db1fa655a6d3f49850b10857e6afc,last,mnist,aupr_out_appendix,ood_metric/aupr_out_openood_auc,identity,NC2 equinorm,geometry/nc2_equinorm,GEO-6,down,id_train,raw_feature,,,detector/ctm_prototype_cosine,OOD-3,up,id_train,id_test_vs_mnist,detector_declared,0.47878787878787876,0.4727474972191324,-0.15762362346996292,0.7806755194574156,0.16528347165283472,0.3931066352824177,10,30,10000,20260805,float64,average,percentile_2.5_97.5,(extreme+1)/(resamples+1),dataset_checkpoint_endpoint_16x11,exploratory_association_not_causal
metric_contract_v1.2,c38b09694be88aa74de0741b39e9d3ba0d6ff61a,35a1a66f78dfd6255c4d804586ee6863969be78d21acec5cd0ccf00476ddaa5c,f80984d28ef9a7550633fb3aea514f783f3db1fa655a6d3f49850b10857e6afc,last,mnist,aupr_out_appendix,ood_metric/aupr_out_openood_auc,identity,NC2 equinorm,geometry/nc2_equinorm,GEO-6,down,id_train,raw_feature,,,detector/knn_l2_k50,OOD-3,up,id_train,id_test_vs_mnist,detector_declared,0.5757575757575758,0.5866518353726362,-0.027313688742575618,0.8277992865211244,0.08739126087391261,0.2688282895848346,10,30,10000,20260805,float64,average,percentile_2.5_97.5,(extreme+1)/(resamples+1),dataset_checkpoint_endpoint_16x11,exploratory_association_not_causal
metric_contract_v1.2,c38b09694be88aa74de0741b39e9d3ba0d6ff61a,35a1a66f78dfd6255c4d804586ee6863969be78d21acec5cd0ccf00476ddaa5c,f80984d28ef9a7550633fb3aea514f783f3db1fa655a6d3f49850b10857e6afc,last,mnist,aupr_out_appendix,ood_metric/aupr_out_openood_auc,identity,NC2 equinorm,geometry/nc2_equinorm,GEO-6,down,id_train,raw_feature,,,detector/mahalanobis_pp,OOD-3,up,id_train,id_test_vs_mnist,detector_declared,0.3575757575757576,0.22981090100111234,-0.4191530125148035,0.6821428571428572,0.30486951304869514,0.501467610248321,10,30,10000,20260805,float64,average,percentile_2.5_97.5,(extreme+1)/(resamples+1),dataset_checkpoint_endpoint_16x11,exploratory_association_not_causal
metric_contract_v1.2,c38b09694be88aa74de0741b39e9d3ba0d6ff61a,35a1a66f78dfd6255c4d804586ee6863969be78d21acec5cd0ccf00476ddaa5c,f80984d28ef9a7550633fb3aea514f783f3db1fa655a6d3f49850b10857e6afc,last,mnist,aupr_out_appendix,ood_metric/aupr_out_openood_auc,identity,NC2 equinorm,geometry/nc2_equinorm,GEO-6,down,id_train,raw_feature,,,detector/mahalanobis_raw,OOD-3,up,id_train,id_test_vs_mnist,detector_declared,-0.41818181818181815,-0.4082313681868743,-0.7682735940967065,0.15694615048868665,0.23597640235976403,0.4418281576097709,10,30,10000,20260805,float64,average,percentile_2.5_97.5,(extreme+1)/(resamples+1),dataset_checkpoint_endpoint_16x11,exploratory_association_not_causal
metric_contract_v1.2,c38b09694be88aa74de0741b39e9d3ba0d6ff61a,35a1a66f78dfd6255c4d804586ee6863969be78d21acec5cd0ccf00476ddaa5c,f80984d28ef9a7550633fb3aea514f783f3db1fa655a6d3f49850b10857e6afc,last,mnist,aupr_out_appendix,ood_metric/aupr_out_openood_auc,identity,NC2 equinorm,geometry/nc2_equinorm,GEO-6,down,id_train,raw_feature,,,detector/neco_author_std_dim100,OOD-3,up,id_train,id_test_vs_mnist,detector_declared,-0.806060606060606,-0.6671857619577308,-0.8237922087026028,-0.2495348727666794,0.0081991800819918,0.06955494926697806,10,30,10000,20260805,float64,average,percentile_2.5_97.5,(extreme+1)/(resamples+1),dataset_checkpoint_endpoint_16x11,exploratory_association_not_causal
metric_contract_v1.2,c38b09694be88aa74de0741b39e9d3ba0d6ff61a,35a1a66f78dfd6255c4d804586ee6863969be78d21acec5cd0ccf00476ddaa5c,f80984d28ef9a7550633fb3aea514f783f3db1fa655a6d3f49850b10857e6afc,last,mnist,aupr_out_appendix,ood_metric/aupr_out_openood_auc,identity,NC2 equinorm,geometry/nc2_equinorm,GEO-6,down,id_train,raw_feature,,,detector/relative_mahalanobis_pp,OOD-3,up,id_train,id_test_vs_mnist,detector_declared,-0.6121212121212121,-0.4807563959955506,-0.6676413675170039,-0.019952371394946745,0.07219278072192781,0.24705221785513753,10,30,10000,20260805,float64,average,percentile_2.5_97.5,(extreme+1)/(resamples+1),dataset_checkpoint_endpoint_16x11,exploratory_association_not_causal
metric_contract_v1.2,c38b09694be88aa74de0741b39e9d3ba0d6ff61a,35a1a66f78dfd6255c4d804586ee6863969be78d21acec5cd0ccf00476ddaa5c,f80984d28ef9a7550633fb3aea514f783f3db1fa655a6d3f49850b10857e6afc,last,mnist,aupr_out_appendix,ood_metric/aupr_out_openood_auc,identity,NC2 equinorm,geometry/nc2_equinorm,GEO-6,down,id_train,raw_feature,,,detector/relative_mahalanobis_raw,OOD-3,up,id_train,id_test_vs_mnist,detector_declared,-0.7575757575757576,-0.6084538375973304,-0.8194394180925703,-0.17230818270389447,0.016798320167983202,0.1087319839444627,10,30,10000,20260805,float64,average,percentile_2.5_97.5,(extreme+1)/(resamples+1),dataset_checkpoint_endpoint_16x11,exploratory_association_not_causal
metric_contract_v1.2,c38b09694be88aa74de0741b39e9d3ba0d6ff61a,35a1a66f78dfd6255c4d804586ee6863969be78d21acec5cd0ccf00476ddaa5c,f80984d28ef9a7550633fb3aea514f783f3db1fa655a6d3f49850b10857e6afc,last,mnist,aupr_out_appendix,ood_metric/aupr_out_openood_auc,identity,NC2 equinorm,geometry/nc2_equinorm,GEO-6,down,id_train,raw_feature,,,detector/vim_author_dim,OOD-3,up,id_train,id_test_vs_mnist,detector_declared,0.18787878787878787,0.17508342602892102,-0.487173737671578,0.6495923534872992,0.6102389761023898,0.7839566408322671,10,30,10000,20260805,float64,average,percentile_2.5_97.5,(extreme+1)/(resamples+1),dataset_checkpoint_endpoint_16x11,exploratory_association_not_causal
metric_contract_v1.2,c38b09694be88aa74de0741b39e9d3ba0d6ff61a,35a1a66f78dfd6255c4d804586ee6863969be78d21acec5cd0ccf00476ddaa5c,f80984d28ef9a7550633fb3aea514f783f3db1fa655a6d3f49850b10857e6afc,last,mnist,aupr_out_appendix,ood_metric/aupr_out_openood_auc,identity,NC2 equinorm,geometry/nc2_equinorm,GEO-6,down,id_train,raw_feature,,,ood_score/energy_t1,OOD-3,up,,id_test_vs_mnist,detector_declared,-0.17575757575757575,-0.1492769744160178,-0.5598214285714286,0.36876236309789884,0.6325367463253675,0.7850291893887534,10,30,10000,20260805,float64,average,percentile_2.5_97.5,(extreme+1)/(resamples+1),dataset_checkpoint_endpoint_16x11,exploratory_association_not_causal
metric_contract_v1.2,c38b09694be88aa74de0741b39e9d3ba0d6ff61a,35a1a66f78dfd6255c4d804586ee6863969be78d21acec5cd0ccf00476ddaa5c,f80984d28ef9a7550633fb3aea514f783f3db1fa655a6d3f49850b10857e6afc,last,mnist,aupr_out_appendix,ood_metric/aupr_out_openood_auc,identity,NC2 equinorm,geometry/nc2_equinorm,GEO-6,down,id_train,raw_feature,,,ood_score/max_logit,OOD-3,up,,id_test_vs_mnist,detector_declared,-0.24848484848484848,-0.1532814238042269,-0.561164820869037,0.3669890826848986,0.4914508549145086,0.691962803719628,10,30,10000,20260805,float64,average,percentile_2.5_97.5,(extreme+1)/(resamples+1),dataset_checkpoint_endpoint_16x11,exploratory_association_not_causal
metric_contract_v1.2,c38b09694be88aa74de0741b39e9d3ba0d6ff61a,35a1a66f78dfd6255c4d804586ee6863969be78d21acec5cd0ccf00476ddaa5c,f80984d28ef9a7550633fb3aea514f783f3db1fa655a6d3f49850b10857e6afc,last,mnist,aupr_out_appendix,ood_metric/aupr_out_openood_auc,identity,NC2 equinorm,geometry/nc2_equinorm,GEO-6,down,id_train,raw_feature,,,ood_score/msp,OOD-3,up,,id_test_vs_mnist,detector_declared,-0.41818181818181815,-0.4068965517241379,-0.7542997542997543,0.13272741991755146,0.2333766623337666,0.4418281576097709,10,30,10000,20260805,float64,average,percentile_2.5_97.5,(extreme+1)/(resamples+1),dataset_checkpoint_endpoint_16x11,exploratory_association_not_causal
metric_contract_v1.2,c38b09694be88aa74de0741b39e9d3ba0d6ff61a,35a1a66f78dfd6255c4d804586ee6863969be78d21acec5cd0ccf00476ddaa5c,f80984d28ef9a7550633fb3aea514f783f3db1fa655a6d3f49850b10857e6afc,last,mnist,aupr_out_appendix,ood_metric/aupr_out_openood_auc,identity,NC2 equiangular,geometry/nc2_equiangular,GEO-6,down,id_train,raw_feature,,,detector/ctm_prototype_cosine,OOD-3,up,id_train,id_test_vs_mnist,detector_declared,0.7212121212121212,0.6004449388209121,-0.015426488418852942,0.8388570676163721,0.022497750224977502,0.1277291625676142,10,30,10000,20260805,float64,average,percentile_2.5_97.5,(extreme+1)/(resamples+1),dataset_checkpoint_endpoint_16x11,exploratory_association_not_causal
metric_contract_v1.2,c38b09694be88aa74de0741b39e9d3ba0d6ff61a,35a1a66f78dfd6255c4d804586ee6863969be78d21acec5cd0ccf00476ddaa5c,f80984d28ef9a7550633fb3aea514f783f3db1fa655a6d3f49850b10857e6afc,last,mnist,aupr_out_appendix,ood_metric/aupr_out_openood_auc,identity,NC2 equiangular,geometry/nc2_equiangular,GEO-6,down,id_train,raw_feature,,,detector/knn_l2_k50,OOD-3,up,id_train,id_test_vs_mnist,detector_declared,0.6727272727272727,0.6373748609566184,0.005982874171808973,0.8990811771137026,0.036096390360963904,0.1708881743404607,10,30,10000,20260805,float64,average,percentile_2.5_97.5,(extreme+1)/(resamples+1),dataset_checkpoint_endpoint_16x11,exploratory_association_not_causal
metric_contract_v1.2,c38b09694be88aa74de0741b39e9d3ba0d6ff61a,35a1a66f78dfd6255c4d804586ee6863969be78d21acec5cd0ccf00476ddaa5c,f80984d28ef9a7550633fb3aea514f783f3db1fa655a6d3f49850b10857e6afc,last,mnist,aupr_out_appendix,ood_metric/aupr_out_openood_auc,identity,NC2 equiangular,geometry/nc2_equiangular,GEO-6,down,id_train,raw_feature,,,detector/mahalanobis_pp,OOD-3,up,id_train,id_test_vs_mnist,detector_declared,0.45454545454545453,0.3935483870967742,-0.10879393125471834,0.7158892441203013,0.19238076192380762,0.4030835011736922,10,30,10000,20260805,float64,average,percentile_2.5_97.5,(extreme+1)/(resamples+1),dataset_checkpoint_endpoint_16x11,exploratory_association_not_causal
metric_contract_v1.2,c38b09694be88aa74de0741b39e9d3ba0d6ff61a,35a1a66f78dfd6255c4d804586ee6863969be78d21acec5cd0ccf00476ddaa5c,f80984d28ef9a7550633fb3aea514f783f3db1fa655a6d3f49850b10857e6afc,last,mnist,aupr_out_appendix,ood_metric/aupr_out_openood_auc,identity,NC2 equiangular,geometry/nc2_equiangular,GEO-6,down,id_train,raw_feature,,,detector/mahalanobis_raw,OOD-3,up,id_train,id_test_vs_mnist,detector_declared,-0.11515151515151516,-0.2231368186874305,-0.6846102300647755,0.3514084312837892,0.7675232476752325,0.8495854817034021,10,30,10000,20260805,float64,average,percentile_2.5_97.5,(extreme+1)/(resamples+1),dataset_checkpoint_endpoint_16x11,exploratory_association_not_causal
metric_contract_v1.2,c38b09694be88aa74de0741b39e9d3ba0d6ff61a,35a1a66f78dfd6255c4d804586ee6863969be78d21acec5cd0ccf00476ddaa5c,f80984d28ef9a7550633fb3aea514f783f3db1fa655a6d3f49850b10857e6afc,last,mnist,aupr_out_appendix,ood_metric/aupr_out_openood_auc,identity,NC2 equiangular,geometry/nc2_equiangular,GEO-6,down,id_train,raw_feature,,,detector/neco_author_std_dim100,OOD-3,up,id_train,id_test_vs_mnist,detector_declared,-0.6242424242424243,-0.582202447163515,-0.8377427305650653,-0.1291710952526823,0.06009399060093991,0.21857014298570143,10,30,10000,20260805,float64,average,percentile_2.5_97.5,(extreme+1)/(resamples+1),dataset_checkpoint_endpoint_16x11,exploratory_association_not_causal
metric_contract_v1.2,c38b09694be88aa74de0741b39e9d3ba0d6ff61a,35a1a66f78dfd6255c4d804586ee6863969be78d21acec5cd0ccf00476ddaa5c,f80984d28ef9a7550633fb3aea514f783f3db1fa655a6d3f49850b10857e6afc,last,mnist,aupr_out_appendix,ood_metric/aupr_out_openood_auc,identity,NC2 equiangular,geometry/nc2_equiangular,GEO-6,down,id_train,raw_feature,,,detector/relative_mahalanobis_pp,OOD-3,up,id_train,id_test_vs_mnist,detector_declared,-0.4666666666666667,-0.43581757508342606,-0.7432036325313675,0.0960846096316621,0.1827817218278172,0.3971553461937757,10,30,10000,20260805,float64,average,percentile_2.5_97.5,(extreme+1)/(resamples+1),dataset_checkpoint_endpoint_16x11,exploratory_association_not_causal
metric_contract_v1.2,c38b09694be88aa74de0741b39e9d3ba0d6ff61a,35a1a66f78dfd6255c4d804586ee6863969be78d21acec5cd0ccf00476ddaa5c,f80984d28ef9a7550633fb3aea514f783f3db1fa655a6d3f49850b10857e6afc,last,mnist,aupr_out_appendix,ood_metric/aupr_out_openood_auc,identity,NC2 equiangular,geometry/nc2_equiangular,GEO-6,down,id_train,raw_feature,,,detector/relative_mahalanobis_raw,OOD-3,up,id_train,id_test_vs_mnist,detector_declared,-0.4909090909090909,-0.5243604004449388,-0.8208733526915345,0.005837349846616636,0.1543845615438456,0.38398382383983826,10,30,10000,20260805,float64,average,percentile_2.5_97.5,(extreme+1)/(resamples+1),dataset_checkpoint_endpoint_16x11,exploratory_association_not_causal
metric_contract_v1.2,c38b09694be88aa74de0741b39e9d3ba0d6ff61a,35a1a66f78dfd6255c4d804586ee6863969be78d21acec5cd0ccf00476ddaa5c,f80984d28ef9a7550633fb3aea514f783f3db1fa655a6d3f49850b10857e6afc,last,mnist,aupr_out_appendix,ood_metric/aupr_out_openood_auc,identity,NC2 equiangular,geometry/nc2_equiangular,GEO-6,down,id_train,raw_feature,,,detector/vim_author_dim,OOD-3,up,id_train,id_test_vs_mnist,detector_declared,0.24848484848484848,0.16529477196885428,-0.41061337653652635,0.651055573319024,0.49645035496450357,0.6934544640774019,10,30,10000,20260805,float64,average,percentile_2.5_97.5,(extreme+1)/(resamples+1),dataset_checkpoint_endpoint_16x11,exploratory_association_not_causal
metric_contract_v1.2,c38b09694be88aa74de0741b39e9d3ba0d6ff61a,35a1a66f78dfd6255c4d804586ee6863969be78d21acec5cd0ccf00476ddaa5c,f80984d28ef9a7550633fb3aea514f783f3db1fa655a6d3f49850b10857e6afc,last,mnist,aupr_out_appendix,ood_metric/aupr_out_openood_auc,identity,NC2 equiangular,geometry/nc2_equiangular,GEO-6,down,id_train,raw_feature,,,ood_score/energy_t1,OOD-3,up,,id_test_vs_mnist,detector_declared,-0.006060606060606061,-0.16618464961067853,-0.6671955218972101,0.5197788697788696,1.0,1.0,10,30,10000,20260805,float64,average,percentile_2.5_97.5,(extreme+1)/(resamples+1),dataset_checkpoint_endpoint_16x11,exploratory_association_not_causal
metric_contract_v1.2,c38b09694be88aa74de0741b39e9d3ba0d6ff61a,35a1a66f78dfd6255c4d804586ee6863969be78d21acec5cd0ccf00476ddaa5c,f80984d28ef9a7550633fb3aea514f783f3db1fa655a6d3f49850b10857e6afc,last,mnist,aupr_out_appendix,ood_metric/aupr_out_openood_auc,identity,NC2 equiangular,geometry/nc2_equiangular,GEO-6,down,id_train,raw_feature,,,ood_score/max_logit,OOD-3,up,,id_test_vs_mnist,detector_declared,-0.06666666666666667,-0.1839822024471635,-0.6640719231628323,0.49443520262228957,0.8576142385761424,0.9038329699964135,10,30,10000,20260805,float64,average,percentile_2.5_97.5,(extreme+1)/(resamples+1),dataset_checkpoint_endpoint_16x11,exploratory_association_not_causal
metric_contract_v1.2,c38b09694be88aa74de0741b39e9d3ba0d6ff61a,35a1a66f78dfd6255c4d804586ee6863969be78d21acec5cd0ccf00476ddaa5c,f80984d28ef9a7550633fb3aea514f783f3db1fa655a6d3f49850b10857e6afc,last,mnist,aupr_out_appendix,ood_metric/aupr_out_openood_auc,identity,NC2 equiangular,geometry/nc2_equiangular,GEO-6,down,id_train,raw_feature,,,ood_score/msp,OOD-3,up,,id_test_vs_mnist,detector_declared,-0.01818181818181818,-0.26184649610678534,-0.7488331084617581,0.28073664234490214,0.9758024197580242,0.9813784335852129,10,30,10000,20260805,float64,average,percentile_2.5_97.5,(extreme+1)/(resamples+1),dataset_checkpoint_endpoint_16x11,exploratory_association_not_causal
metric_contract_v1.2,c38b09694be88aa74de0741b39e9d3ba0d6ff61a,35a1a66f78dfd6255c4d804586ee6863969be78d21acec5cd0ccf00476ddaa5c,f80984d28ef9a7550633fb3aea514f783f3db1fa655a6d3f49850b10857e6afc,last,mnist,aupr_out_appendix,ood_metric/aupr_out_openood_auc,identity,NC2 ETF,geometry/nc2_etf_raw,GEO-6,down,id_train,raw_feature,,,detector/ctm_prototype_cosine,OOD-3,up,id_train,id_test_vs_mnist,detector_declared,0.6606060606060606,0.5902113459399333,-0.04180835491188059,0.8494527585436676,0.039196080391960805,0.1768848756150026,10,30,10000,20260805,float64,average,percentile_2.5_97.5,(extreme+1)/(resamples+1),dataset_checkpoint_endpoint_16x11,exploratory_association_not_causal
metric_contract_v1.2,c38b09694be88aa74de0741b39e9d3ba0d6ff61a,35a1a66f78dfd6255c4d804586ee6863969be78d21acec5cd0ccf00476ddaa5c,f80984d28ef9a7550633fb3aea514f783f3db1fa655a6d3f49850b10857e6afc,last,mnist,aupr_out_appendix,ood_metric/aupr_out_openood_auc,identity,NC2 ETF,geometry/nc2_etf_raw,GEO-6,down,id_train,raw_feature,,,detector/knn_l2_k50,OOD-3,up,id_train,id_test_vs_mnist,detector_declared,0.696969696969697,0.6364849833147942,0.006025532568830368,0.8877227500085736,0.026997300269973004,0.13975073080927203,10,30,10000,20260805,float64,average,percentile_2.5_97.5,(extreme+1)/(resamples+1),dataset_checkpoint_endpoint_16x11,exploratory_association_not_causal
metric_contract_v1.2,c38b09694be88aa74de0741b39e9d3ba0d6ff61a,35a1a66f78dfd6255c4d804586ee6863969be78d21acec5cd0ccf00476ddaa5c,f80984d28ef9a7550633fb3aea514f783f3db1fa655a6d3f49850b10857e6afc,last,mnist,aupr_out_appendix,ood_metric/aupr_out_openood_auc,identity,NC2 ETF,geometry/nc2_etf_raw,GEO-6,down,id_train,raw_feature,,,detector/mahalanobis_pp,OOD-3,up,id_train,id_test_vs_mnist,detector_declared,0.41818181818181815,0.2925472747497219,-0.24549630065784675,0.6739321755397645,0.22847715228477153,0.4418281576097709,10,30,10000,20260805,float64,average,percentile_2.5_97.5,(extreme+1)/(resamples+1),dataset_checkpoint_endpoint_16x11,exploratory_association_not_causal
metric_contract_v1.2,c38b09694be88aa74de0741b39e9d3ba0d6ff61a,35a1a66f78dfd6255c4d804586ee6863969be78d21acec5cd0ccf00476ddaa5c,f80984d28ef9a7550633fb3aea514f783f3db1fa655a6d3f49850b10857e6afc,last,mnist,aupr_out_appendix,ood_metric/aupr_out_openood_auc,identity,NC2 ETF,geometry/nc2_etf_raw,GEO-6,down,id_train,raw_feature,,,detector/mahalanobis_raw,OOD-3,up,id_train,id_test_vs_mnist,detector_declared,-0.2727272727272727,-0.25873192436040043,-0.7581592323495775,0.3223146022704244,0.45445455454454553,0.6450322709664518,10,30,10000,20260805,float64,average,percentile_2.5_97.5,(extreme+1)/(resamples+1),dataset_checkpoint_endpoint_16x11,exploratory_association_not_causal
metric_contract_v1.2,c38b09694be88aa74de0741b39e9d3ba0d6ff61a,35a1a66f78dfd6255c4d804586ee6863969be78d21acec5cd0ccf00476ddaa5c,f80984d28ef9a7550633fb3aea514f783f3db1fa655a6d3f49850b10857e6afc,last,mnist,aupr_out_appendix,ood_metric/aupr_out_openood_auc,identity,NC2 ETF,geometry/nc2_etf_raw,GEO-6,down,id_train,raw_feature,,,detector/neco_author_std_dim100,OOD-3,up,id_train,id_test_vs_mnist,detector_declared,-0.7575757575757576,-0.6209121245828698,-0.8467364669191356,-0.17613708639593417,0.017298270172982702,0.1087319839444627,10,30,10000,20260805,float64,average,percentile_2.5_97.5,(extreme+1)/(resamples+1),dataset_checkpoint_endpoint_16x11,exploratory_association_not_causal
metric_contract_v1.2,c38b09694be88aa74de0741b39e9d3ba0d6ff61a,35a1a66f78dfd6255c4d804586ee6863969be78d21acec5cd0ccf00476ddaa5c,f80984d28ef9a7550633fb3aea514f783f3db1fa655a6d3f49850b10857e6afc,last,mnist,aupr_out_appendix,ood_metric/aupr_out_openood_auc,identity,NC2 ETF,geometry/nc2_etf_raw,GEO-6,down,id_train,raw_feature,,,detector/relative_mahalanobis_pp,OOD-3,up,id_train,id_test_vs_mnist,detector_declared,-0.5151515151515151,-0.44160177975528364,-0.7454744910396337,0.0627718845908791,0.1346865313468653,0.3703879612038796,10,30,10000,20260805,float64,average,percentile_2.5_97.5,(extreme+1)/(resamples+1),dataset_checkpoint_endpoint_16x11,exploratory_association_not_causal
metric_contract_v1.2,c38b09694be88aa74de0741b39e9d3ba0d6ff61a,35a1a66f78dfd6255c4d804586ee6863969be78d21acec5cd0ccf00476ddaa5c,f80984d28ef9a7550633fb3aea514f783f3db1fa655a6d3f49850b10857e6afc,last,mnist,aupr_out_appendix,ood_metric/aupr_out_openood_auc,identity,NC2 ETF,geometry/nc2_etf_raw,GEO-6,down,id_train,raw_feature,,,detector/relative_mahalanobis_raw,OOD-3,up,id_train,id_test_vs_mnist,detector_declared,-0.6363636363636364,-0.5675194660734149,-0.8714285714285714,-0.050129259197319816,0.058694130586941305,0.21857014298570143,10,30,10000,20260805,float64,average,percentile_2.5_97.5,(extreme+1)/(resamples+1),dataset_checkpoint_endpoint_16x11,exploratory_association_not_causal
metric_contract_v1.2,c38b09694be88aa74de0741b39e9d3ba0d6ff61a,35a1a66f78dfd6255c4d804586ee6863969be78d21acec5cd0ccf00476ddaa5c,f80984d28ef9a7550633fb3aea514f783f3db1fa655a6d3f49850b10857e6afc,last,mnist,aupr_out_appendix,ood_metric/aupr_out_openood_auc,identity,NC2 ETF,geometry/nc2_etf_raw,GEO-6,down,id_train,raw_feature,,,detector/vim_author_dim,OOD-3,up,id_train,id_test_vs_mnist,detector_declared,0.2727272727272727,0.1799777530589544,-0.43222288517968693,0.6515832701017134,0.4500549945005499,0.6439811303422504,10,30,10000,20260805,float64,average,percentile_2.5_97.5,(extreme+1)/(resamples+1),dataset_checkpoint_endpoint_16x11,exploratory_association_not_causal
metric_contract_v1.2,c38b09694be88aa74de0741b39e9d3ba0d6ff61a,35a1a66f78dfd6255c4d804586ee6863969be78d21acec5cd0ccf00476ddaa5c,f80984d28ef9a7550633fb3aea514f783f3db1fa655a6d3f49850b10857e6afc,last,mnist,aupr_out_appendix,ood_metric/aupr_out_openood_auc,identity,NC2 ETF,geometry/nc2_etf_raw,GEO-6,down,id_train,raw_feature,,,ood_score/energy_t1,OOD-3,up,,id_test_vs_mnist,detector_declared,-0.17575757575757575,-0.1724137931034483,-0.6439980621142233,0.45946716034475316,0.6306369363063694,0.7850291893887534,10,30,10000,20260805,float64,average,percentile_2.5_97.5,(extreme+1)/(resamples+1),dataset_checkpoint_endpoint_16x11,exploratory_association_not_causal
metric_contract_v1.2,c38b09694be88aa74de0741b39e9d3ba0d6ff61a,35a1a66f78dfd6255c4d804586ee6863969be78d21acec5cd0ccf00476ddaa5c,f80984d28ef9a7550633fb3aea514f783f3db1fa655a6d3f49850b10857e6afc,last,mnist,aupr_out_appendix,ood_metric/aupr_out_openood_auc,identity,NC2 ETF,geometry/nc2_etf_raw,GEO-6,down,id_train,raw_feature,,,ood_score/max_logit,OOD-3,up,,id_test_vs_mnist,detector_declared,-0.23636363636363636,-0.18665183537263627,-0.6356748487471378,0.45223292825926875,0.5141485851414859,0.7042024479722571,10,30,10000,20260805,float64,average,percentile_2.5_97.5,(extreme+1)/(resamples+1),dataset_checkpoint_endpoint_16x11,exploratory_association_not_causal
metric_contract_v1.2,c38b09694be88aa74de0741b39e9d3ba0d6ff61a,35a1a66f78dfd6255c4d804586ee6863969be78d21acec5cd0ccf00476ddaa5c,f80984d28ef9a7550633fb3aea514f783f3db1fa655a6d3f49850b10857e6afc,last,mnist,aupr_out_appendix,ood_metric/aupr_out_openood_auc,identity,NC2 ETF,geometry/nc2_etf_raw,GEO-6,down,id_train,raw_feature,,,ood_score/msp,OOD-3,up,,id_test_vs_mnist,detector_declared,-0.23636363636363636,-0.32413793103448274,-0.8056734420370784,0.21608063235904132,0.5161483851614839,0.7042024479722571,10,30,10000,20260805,float64,average,percentile_2.5_97.5,(extreme+1)/(resamples+1),dataset_checkpoint_endpoint_16x11,exploratory_association_not_causal
metric_contract_v1.2,c38b09694be88aa74de0741b39e9d3ba0d6ff61a,35a1a66f78dfd6255c4d804586ee6863969be78d21acec5cd0ccf00476ddaa5c,f80984d28ef9a7550633fb3aea514f783f3db1fa655a6d3f49850b10857e6afc,last,mnist,aupr_out_appendix,ood_metric/aupr_out_openood_auc,identity,NC3,geometry/nc3_self_duality_raw,GEO-8,down,id_train,raw_feature,,,detector/ctm_prototype_cosine,OOD-3,up,id_train,id_test_vs_mnist,detector_declared,0.11515151515151516,0.16173526140155728,-0.643676232233137,0.6189524234978778,0.7549245075492451,0.8495854817034021,10,30,10000,20260805,float64,average,percentile_2.5_97.5,(extreme+1)/(resamples+1),dataset_checkpoint_endpoint_16x11,exploratory_association_not_causal
metric_contract_v1.2,c38b09694be88aa74de0741b39e9d3ba0d6ff61a,35a1a66f78dfd6255c4d804586ee6863969be78d21acec5cd0ccf00476ddaa5c,f80984d28ef9a7550633fb3aea514f783f3db1fa655a6d3f49850b10857e6afc,last,mnist,aupr_out_appendix,ood_metric/aupr_out_openood_auc,identity,NC3,geometry/nc3_self_duality_raw,GEO-8,down,id_train,raw_feature,,,detector/knn_l2_k50,OOD-3,up,id_train,id_test_vs_mnist,detector_declared,0.17575757575757575,0.25294771968854285,-0.5113043871828779,0.7155611555394561,0.6331366863313669,0.7850291893887534,10,30,10000,20260805,float64,average,percentile_2.5_97.5,(extreme+1)/(resamples+1),dataset_checkpoint_endpoint_16x11,exploratory_association_not_causal
metric_contract_v1.2,c38b09694be88aa74de0741b39e9d3ba0d6ff61a,35a1a66f78dfd6255c4d804586ee6863969be78d21acec5cd0ccf00476ddaa5c,f80984d28ef9a7550633fb3aea514f783f3db1fa655a6d3f49850b10857e6afc,last,mnist,aupr_out_appendix,ood_metric/aupr_out_openood_auc,identity,NC3,geometry/nc3_self_duality_raw,GEO-8,down,id_train,raw_feature,,,detector/mahalanobis_pp,OOD-3,up,id_train,id_test_vs_mnist,detector_declared,-0.16363636363636364,-0.18131256952169078,-0.710521909067079,0.5077236507663221,0.6631336866313369,0.7993940331994198,10,30,10000,20260805,float64,average,percentile_2.5_97.5,(extreme+1)/(resamples+1),dataset_checkpoint_endpoint_16x11,exploratory_association_not_causal
metric_contract_v1.2,c38b09694be88aa74de0741b39e9d3ba0d6ff61a,35a1a66f78dfd6255c4d804586ee6863969be78d21acec5cd0ccf00476ddaa5c,f80984d28ef9a7550633fb3aea514f783f3db1fa655a6d3f49850b10857e6afc,last,mnist,aupr_out_appendix,ood_metric/aupr_out_openood_auc,identity,NC3,geometry/nc3_self_duality_raw,GEO-8,down,id_train,raw_feature,,,detector/mahalanobis_raw,OOD-3,up,id_train,id_test_vs_mnist,detector_declared,-0.4666666666666667,-0.39443826473859844,-0.8242360026767789,0.39560185019813704,0.17398260173982602,0.3971553461937757,10,30,10000,20260805,float64,average,percentile_2.5_97.5,(extreme+1)/(resamples+1),dataset_checkpoint_endpoint_16x11,exploratory_association_not_causal
metric_contract_v1.2,c38b09694be88aa74de0741b39e9d3ba0d6ff61a,35a1a66f78dfd6255c4d804586ee6863969be78d21acec5cd0ccf00476ddaa5c,f80984d28ef9a7550633fb3aea514f783f3db1fa655a6d3f49850b10857e6afc,last,mnist,aupr_out_appendix,ood_metric/aupr_out_openood_auc,identity,NC3,geometry/nc3_self_duality_raw,GEO-8,down,id_train,raw_feature,,,detector/neco_author_std_dim100,OOD-3,up,id_train,id_test_vs_mnist,detector_declared,-0.5151515151515151,-0.5412680756395996,-0.840625,0.01809368825758929,0.1411858814118588,0.37649568376495685,10,30,10000,20260805,float64,average,percentile_2.5_97.5,(extreme+1)/(resamples+1),dataset_checkpoint_endpoint_16x11,exploratory_association_not_causal
metric_contract_v1.2,c38b09694be88aa74de0741b39e9d3ba0d6ff61a,35a1a66f78dfd6255c4d804586ee6863969be78d21acec5cd0ccf00476ddaa5c,f80984d28ef9a7550633fb3aea514f783f3db1fa655a6d3f49850b10857e6afc,last,mnist,aupr_out_appendix,ood_metric/aupr_out_openood_auc,identity,NC3,geometry/nc3_self_duality_raw,GEO-8,down,id_train,raw_feature,,,detector/relative_mahalanobis_pp,OOD-3,up,id_train,id_test_vs_mnist,detector_declared,-0.3575757575757576,-0.39488320355951056,-0.7963353375559236,0.2410207728389545,0.30996900309969005,0.5050210575272748,10,30,10000,20260805,float64,average,percentile_2.5_97.5,(extreme+1)/(resamples+1),dataset_checkpoint_endpoint_16x11,exploratory_association_not_causal
metric_contract_v1.2,c38b09694be88aa74de0741b39e9d3ba0d6ff61a,35a1a66f78dfd6255c4d804586ee6863969be78d21acec5cd0ccf00476ddaa5c,f80984d28ef9a7550633fb3aea514f783f3db1fa655a6d3f49850b10857e6afc,last,mnist,aupr_out_appendix,ood_metric/aupr_out_openood_auc,identity,NC3,geometry/nc3_self_duality_raw,GEO-8,down,id_train,raw_feature,,,detector/relative_mahalanobis_raw,OOD-3,up,id_train,id_test_vs_mnist,detector_declared,-0.5393939393939394,-0.49810901001112345,-0.7871965477090177,0.06509357485192023,0.11578842115788421,0.32347241466329557,10,30,10000,20260805,float64,average,percentile_2.5_97.5,(extreme+1)/(resamples+1),dataset_checkpoint_endpoint_16x11,exploratory_association_not_causal
metric_contract_v1.2,c38b09694be88aa74de0741b39e9d3ba0d6ff61a,35a1a66f78dfd6255c4d804586ee6863969be78d21acec5cd0ccf00476ddaa5c,f80984d28ef9a7550633fb3aea514f783f3db1fa655a6d3f49850b10857e6afc,last,mnist,aupr_out_appendix,ood_metric/aupr_out_openood_auc,identity,NC3,geometry/nc3_self_duality_raw,GEO-8,down,id_train,raw_feature,,,detector/vim_author_dim,OOD-3,up,id_train,id_test_vs_mnist,detector_declared,-0.16363636363636364,-0.26095661846496104,-0.7091802546348001,0.5142198656686046,0.6578342165783422,0.7984746352950912,10,30,10000,20260805,float64,average,percentile_2.5_97.5,(extreme+1)/(resamples+1),dataset_checkpoint_endpoint_16x11,exploratory_association_not_causal
metric_contract_v1.2,c38b09694be88aa74de0741b39e9d3ba0d6ff61a,35a1a66f78dfd6255c4d804586ee6863969be78d21acec5cd0ccf00476ddaa5c,f80984d28ef9a7550633fb3aea514f783f3db1fa655a6d3f49850b10857e6afc,last,mnist,aupr_out_appendix,ood_metric/aupr_out_openood_auc,identity,NC3,geometry/nc3_self_duality_raw,GEO-8,down,id_train,raw_feature,,,ood_score/energy_t1,OOD-3,up,,id_test_vs_mnist,detector_declared,-0.8666666666666667,-0.7134593993325917,-0.8996879179670084,-0.26812102551807127,0.0025997400259974,0.03050361630503616,10,30,10000,20260805,float64,average,percentile_2.5_97.5,(extreme+1)/(resamples+1),dataset_checkpoint_endpoint_16x11,exploratory_association_not_causal
metric_contract_v1.2,c38b09694be88aa74de0741b39e9d3ba0d6ff61a,35a1a66f78dfd6255c4d804586ee6863969be78d21acec5cd0ccf00476ddaa5c,f80984d28ef9a7550633fb3aea514f783f3db1fa655a6d3f49850b10857e6afc,last,mnist,aupr_out_appendix,ood_metric/aupr_out_openood_auc,identity,NC3,geometry/nc3_self_duality_raw,GEO-8,down,id_train,raw_feature,,,ood_score/max_logit,OOD-3,up,,id_test_vs_mnist,detector_declared,-0.8545454545454545,-0.7041156840934372,-0.890414477649845,-0.2521024035928335,0.0027997200279972004,0.030796920307969204,10,30,10000,20260805,float64,average,percentile_2.5_97.5,(extreme+1)/(resamples+1),dataset_checkpoint_endpoint_16x11,exploratory_association_not_causal
metric_contract_v1.2,c38b09694be88aa74de0741b39e9d3ba0d6ff61a,35a1a66f78dfd6255c4d804586ee6863969be78d21acec5cd0ccf00476ddaa5c,f80984d28ef9a7550633fb3aea514f783f3db1fa655a6d3f49850b10857e6afc,last,mnist,aupr_out_appendix,ood_metric/aupr_out_openood_auc,identity,NC3,geometry/nc3_self_duality_raw,GEO-8,down,id_train,raw_feature,,,ood_score/msp,OOD-3,up,,id_test_vs_mnist,detector_declared,-0.6606060606060606,-0.4789766407119021,-0.8126445970625099,0.04482477901144619,0.04179582041795821,0.17941620472099132,10,30,10000,20260805,float64,average,percentile_2.5_97.5,(extreme+1)/(resamples+1),dataset_checkpoint_endpoint_16x11,exploratory_association_not_causal
metric_contract_v1.2,c38b09694be88aa74de0741b39e9d3ba0d6ff61a,35a1a66f78dfd6255c4d804586ee6863969be78d21acec5cd0ccf00476ddaa5c,f80984d28ef9a7550633fb3aea514f783f3db1fa655a6d3f49850b10857e6afc,last,mnist,aupr_out_appendix,ood_metric/aupr_out_openood_auc,identity,NC4,geometry/nc4_agreement_with_bias,GEO-9,up,id_train,raw_feature_and_logits,,id_test,detector/ctm_prototype_cosine,OOD-3,up,id_train,id_test_vs_mnist,detector_declared,-0.12727272727272726,-0.16026713666832174,-0.7009971400791404,0.6789629476784049,0.7341265873412659,0.8390018141043039,10,30,10000,20260805,float64,average,percentile_2.5_97.5,(extreme+1)/(resamples+1),dataset_checkpoint_endpoint_16x11,exploratory_association_not_causal
metric_contract_v1.2,c38b09694be88aa74de0741b39e9d3ba0d6ff61a,35a1a66f78dfd6255c4d804586ee6863969be78d21acec5cd0ccf00476ddaa5c,f80984d28ef9a7550633fb3aea514f783f3db1fa655a6d3f49850b10857e6afc,last,mnist,aupr_out_appendix,ood_metric/aupr_out_openood_auc,identity,NC4,geometry/nc4_agreement_with_bias,GEO-9,up,id_train,raw_feature_and_logits,,id_test,detector/knn_l2_k50,OOD-3,up,id_train,id_test_vs_mnist,detector_declared,-0.22424242424242424,-0.3040623731790659,-0.7549177766720381,0.49762141740142907,0.5397460253974603,0.7220611272206112,10,30,10000,20260805,float64,average,percentile_2.5_97.5,(extreme+1)/(resamples+1),dataset_checkpoint_endpoint_16x11,exploratory_association_not_causal
metric_contract_v1.2,c38b09694be88aa74de0741b39e9d3ba0d6ff61a,35a1a66f78dfd6255c4d804586ee6863969be78d21acec5cd0ccf00476ddaa5c,f80984d28ef9a7550633fb3aea514f783f3db1fa655a6d3f49850b10857e6afc,last,mnist,aupr_out_appendix,ood_metric/aupr_out_openood_auc,identity,NC4,geometry/nc4_agreement_with_bias,GEO-9,up,id_train,raw_feature_and_logits,,id_test,detector/mahalanobis_pp,OOD-3,up,id_train,id_test_vs_mnist,detector_declared,0.1393939393939394,0.23728439956726521,-0.31272312520257706,0.6202916661507369,0.708029197080292,0.8252525740803404,10,30,10000,20260805,float64,average,percentile_2.5_97.5,(extreme+1)/(resamples+1),dataset_checkpoint_endpoint_16x11,exploratory_association_not_causal
metric_contract_v1.2,c38b09694be88aa74de0741b39e9d3ba0d6ff61a,35a1a66f78dfd6255c4d804586ee6863969be78d21acec5cd0ccf00476ddaa5c,f80984d28ef9a7550633fb3aea514f783f3db1fa655a6d3f49850b10857e6afc,last,mnist,aupr_out_appendix,ood_metric/aupr_out_openood_auc,identity,NC4,geometry/nc4_agreement_with_bias,GEO-9,up,id_train,raw_feature_and_logits,,id_test,detector/mahalanobis_raw,OOD-3,up,id_train,id_test_vs_mnist,detector_declared,0.6727272727272727,0.6294936979139081,0.029016426392492495,0.892366351613569,0.04129587041295871,0.17941620472099132,10,30,10000,20260805,float64,average,percentile_2.5_97.5,(extreme+1)/(resamples+1),dataset_checkpoint_endpoint_16x11,exploratory_association_not_causal
metric_contract_v1.2,c38b09694be88aa74de0741b39e9d3ba0d6ff61a,35a1a66f78dfd6255c4d804586ee6863969be78d21acec5cd0ccf00476ddaa5c,f80984d28ef9a7550633fb3aea514f783f3db1fa655a6d3f49850b10857e6afc,last,mnist,aupr_out_appendix,ood_metric/aupr_out_openood_auc,identity,NC4,geometry/nc4_agreement_with_bias,GEO-9,up,id_train,raw_feature_and_logits,,id_test,detector/neco_author_std_dim100,OOD-3,up,id_train,id_test_vs_mnist,detector_declared,0.8181818181818182,0.7020590959053982,0.18032612527463202,0.9035729093295767,0.006799320067993201,0.06298317536667386,10,30,10000,20260805,float64,average,percentile_2.5_97.5,(extreme+1)/(resamples+1),dataset_checkpoint_endpoint_16x11,exploratory_association_not_causal
metric_contract_v1.2,c38b09694be88aa74de0741b39e9d3ba0d6ff61a,35a1a66f78dfd6255c4d804586ee6863969be78d21acec5cd0ccf00476ddaa5c,f80984d28ef9a7550633fb3aea514f783f3db1fa655a6d3f49850b10857e6afc,last,mnist,aupr_out_appendix,ood_metric/aupr_out_openood_auc,identity,NC4,geometry/nc4_agreement_with_bias,GEO-9,up,id_train,raw_feature_and_logits,,id_test,detector/relative_mahalanobis_pp,OOD-3,up,id_train,id_test_vs_mnist,detector_declared,0.6606060606060606,0.5642738770197161,0.03242519406737404,0.8456519501020949,0.0461953804619538,0.18907876654195047,10,30,10000,20260805,float64,average,percentile_2.5_97.5,(extreme+1)/(resamples+1),dataset_checkpoint_endpoint_16x11,exploratory_association_not_causal
metric_contract_v1.2,c38b09694be88aa74de0741b39e9d3ba0d6ff61a,35a1a66f78dfd6255c4d804586ee6863969be78d21acec5cd0ccf00476ddaa5c,f80984d28ef9a7550633fb3aea514f783f3db1fa655a6d3f49850b10857e6afc,last,mnist,aupr_out_appendix,ood_metric/aupr_out_openood_auc,identity,NC4,geometry/nc4_agreement_with_bias,GEO-9,up,id_train,raw_feature_and_logits,,id_test,detector/relative_mahalanobis_raw,OOD-3,up,id_train,id_test_vs_mnist,detector_declared,0.9151515151515152,0.7421258800724786,0.2993601657032134,0.9160735284842846,0.000999900009999,0.03050361630503616,10,30,10000,20260805,float64,average,percentile_2.5_97.5,(extreme+1)/(resamples+1),dataset_checkpoint_endpoint_16x11,exploratory_association_not_causal
metric_contract_v1.2,c38b09694be88aa74de0741b39e9d3ba0d6ff61a,35a1a66f78dfd6255c4d804586ee6863969be78d21acec5cd0ccf00476ddaa5c,f80984d28ef9a7550633fb3aea514f783f3db1fa655a6d3f49850b10857e6afc,last,mnist,aupr_out_appendix,ood_metric/aupr_out_openood_auc,identity,NC4,geometry/nc4_agreement_with_bias,GEO-9,up,id_train,raw_feature_and_logits,,id_test,detector/vim_author_dim,OOD-3,up,id_train,id_test_vs_mnist,detector_declared,0.22424242424242424,0.18007793550648926,-0.6135928294304783,0.6242881782322938,0.523947605239476,0.7093444501703675,10,30,10000,20260805,float64,average,percentile_2.5_97.5,(extreme+1)/(resamples+1),dataset_checkpoint_endpoint_16x11,exploratory_association_not_causal
metric_contract_v1.2,c38b09694be88aa74de0741b39e9d3ba0d6ff61a,35a1a66f78dfd6255c4d804586ee6863969be78d21acec5cd0ccf00476ddaa5c,f80984d28ef9a7550633fb3aea514f783f3db1fa655a6d3f49850b10857e6afc,last,mnist,aupr_out_appendix,ood_metric/aupr_out_openood_auc,identity,NC4,geometry/nc4_agreement_with_bias,GEO-9,up,id_train,raw_feature_and_logits,,id_test,ood_score/energy_t1,OOD-3,up,,id_test_vs_mnist,detector_declared,0.40606060606060607,0.34635508979987306,-0.19157427008576777,0.7750995221212182,0.24527547245275472,0.44229046483106793,10,30,10000,20260805,float64,average,percentile_2.5_97.5,(extreme+1)/(resamples+1),dataset_checkpoint_endpoint_16x11,exploratory_association_not_causal
metric_contract_v1.2,c38b09694be88aa74de0741b39e9d3ba0d6ff61a,35a1a66f78dfd6255c4d804586ee6863969be78d21acec5cd0ccf00476ddaa5c,f80984d28ef9a7550633fb3aea514f783f3db1fa655a6d3f49850b10857e6afc,last,mnist,aupr_out_appendix,ood_metric/aupr_out_openood_auc,identity,NC4,geometry/nc4_agreement_with_bias,GEO-9,up,id_train,raw_feature_and_logits,,id_test,ood_score/max_logit,OOD-3,up,,id_test_vs_mnist,detector_declared,0.4909090909090909,0.34546471681838237,-0.20693344060911661,0.7761968080824783,0.15708429157084292,0.38398382383983826,10,30,10000,20260805,float64,average,percentile_2.5_97.5,(extreme+1)/(resamples+1),dataset_checkpoint_endpoint_16x11,exploratory_association_not_causal
metric_contract_v1.2,c38b09694be88aa74de0741b39e9d3ba0d6ff61a,35a1a66f78dfd6255c4d804586ee6863969be78d21acec5cd0ccf00476ddaa5c,f80984d28ef9a7550633fb3aea514f783f3db1fa655a6d3f49850b10857e6afc,last,mnist,aupr_out_appendix,ood_metric/aupr_out_openood_auc,identity,NC4,geometry/nc4_agreement_with_bias,GEO-9,up,id_train,raw_feature_and_logits,,id_test,ood_score/msp,OOD-3,up,,id_test_vs_mnist,detector_declared,0.8424242424242424,0.7120757919471683,0.2791799851562775,0.9008805620702056,0.0047995200479952005,0.0469286404692864,10,30,10000,20260805,float64,average,percentile_2.5_97.5,(extreme+1)/(resamples+1),dataset_checkpoint_endpoint_16x11,exploratory_association_not_causal
metric_contract_v1.2,c38b09694be88aa74de0741b39e9d3ba0d6ff61a,35a1a66f78dfd6255c4d804586ee6863969be78d21acec5cd0ccf00476ddaa5c,f80984d28ef9a7550633fb3aea514f783f3db1fa655a6d3f49850b10857e6afc,last,mnist,aupr_out_appendix,ood_metric/aupr_out_openood_auc,identity,RankMe,geometry/rankme_uncentered,GEO-10,descriptive,id_train,raw_feature_uncentered,,,detector/ctm_prototype_cosine,OOD-3,up,id_train,id_test_vs_mnist,detector_declared,0.7333333333333333,0.7023359288097887,0.20347356332035035,0.8814088274632189,0.0202979702029797,0.11908142519081426,10,30,10000,20260805,float64,average,percentile_2.5_97.5,(extreme+1)/(resamples+1),dataset_checkpoint_endpoint_16x11,exploratory_association_not_causal
metric_contract_v1.2,c38b09694be88aa74de0741b39e9d3ba0d6ff61a,35a1a66f78dfd6255c4d804586ee6863969be78d21acec5cd0ccf00476ddaa5c,f80984d28ef9a7550633fb3aea514f783f3db1fa655a6d3f49850b10857e6afc,last,mnist,aupr_out_appendix,ood_metric/aupr_out_openood_auc,identity,RankMe,geometry/rankme_uncentered,GEO-10,descriptive,id_train,raw_feature_uncentered,,,detector/knn_l2_k50,OOD-3,up,id_train,id_test_vs_mnist,detector_declared,0.8666666666666667,0.8144605116796441,0.4195535042732634,0.8869795939943855,0.0015998400159984002,0.03050361630503616,10,30,10000,20260805,float64,average,percentile_2.5_97.5,(extreme+1)/(resamples+1),dataset_checkpoint_endpoint_16x11,exploratory_association_not_causal
metric_contract_v1.2,c38b09694be88aa74de0741b39e9d3ba0d6ff61a,35a1a66f78dfd6255c4d804586ee6863969be78d21acec5cd0ccf00476ddaa5c,f80984d28ef9a7550633fb3aea514f783f3db1fa655a6d3f49850b10857e6afc,last,mnist,aupr_out_appendix,ood_metric/aupr_out_openood_auc,identity,RankMe,geometry/rankme_uncentered,GEO-10,descriptive,id_train,raw_feature_uncentered,,,detector/mahalanobis_pp,OOD-3,up,id_train,id_test_vs_mnist,detector_declared,0.296969696969697,0.10834260289210233,-0.4451641724368997,0.5864376533571269,0.40835916408359163,0.6090780752433231,10,30,10000,20260805,float64,average,percentile_2.5_97.5,(extreme+1)/(resamples+1),dataset_checkpoint_endpoint_16x11,exploratory_association_not_causal
metric_contract_v1.2,c38b09694be88aa74de0741b39e9d3ba0d6ff61a,35a1a66f78dfd6255c4d804586ee6863969be78d21acec5cd0ccf00476ddaa5c,f80984d28ef9a7550633fb3aea514f783f3db1fa655a6d3f49850b10857e6afc,last,mnist,aupr_out_appendix,ood_metric/aupr_out_openood_auc,identity,RankMe,geometry/rankme_uncentered,GEO-10,descriptive,id_train,raw_feature_uncentered,,,detector/mahalanobis_raw,OOD-3,up,id_train,id_test_vs_mnist,detector_declared,-0.09090909090909091,-0.03403781979977753,-0.5321438383045526,0.573754247174553,0.8141185881411859,0.8736882409320044,10,30,10000,20260805,float64,average,percentile_2.5_97.5,(extreme+1)/(resamples+1),dataset_checkpoint_endpoint_16x11,exploratory_association_not_causal
metric_contract_v1.2,c38b09694be88aa74de0741b39e9d3ba0d6ff61a,35a1a66f78dfd6255c4d804586ee6863969be78d21acec5cd0ccf00476ddaa5c,f80984d28ef9a7550633fb3aea514f783f3db1fa655a6d3f49850b10857e6afc,last,mnist,aupr_out_appendix,ood_metric/aupr_out_openood_auc,identity,RankMe,geometry/rankme_uncentered,GEO-10,descriptive,id_train,raw_feature_uncentered,,,detector/neco_author_std_dim100,OOD-3,up,id_train,id_test_vs_mnist,detector_declared,-0.5636363636363636,-0.5350389321468298,-0.8089258381924198,0.039986165867427405,0.09969003099690031,0.2884957405898754,10,30,10000,20260805,float64,average,percentile_2.5_97.5,(extreme+1)/(resamples+1),dataset_checkpoint_endpoint_16x11,exploratory_association_not_causal
metric_contract_v1.2,c38b09694be88aa74de0741b39e9d3ba0d6ff61a,35a1a66f78dfd6255c4d804586ee6863969be78d21acec5cd0ccf00476ddaa5c,f80984d28ef9a7550633fb3aea514f783f3db1fa655a6d3f49850b10857e6afc,last,mnist,aupr_out_appendix,ood_metric/aupr_out_openood_auc,identity,RankMe,geometry/rankme_uncentered,GEO-10,descriptive,id_train,raw_feature_uncentered,,,detector/relative_mahalanobis_pp,OOD-3,up,id_train,id_test_vs_mnist,detector_declared,-0.09090909090909091,-0.1332591768631813,-0.6607275323392131,0.48538851413841216,0.8126187381261873,0.8736882409320044,10,30,10000,20260805,float64,average,percentile_2.5_97.5,(extreme+1)/(resamples+1),dataset_checkpoint_endpoint_16x11,exploratory_association_not_causal
metric_contract_v1.2,c38b09694be88aa74de0741b39e9d3ba0d6ff61a,35a1a66f78dfd6255c4d804586ee6863969be78d21acec5cd0ccf00476ddaa5c,f80984d28ef9a7550633fb3aea514f783f3db1fa655a6d3f49850b10857e6afc,last,mnist,aupr_out_appendix,ood_metric/aupr_out_openood_auc,identity,RankMe,geometry/rankme_uncentered,GEO-10,descriptive,id_train,raw_feature_uncentered,,,detector/relative_mahalanobis_raw,OOD-3,up,id_train,id_test_vs_mnist,detector_declared,-0.4909090909090909,-0.4727474972191324,-0.815333748757407,0.12947980195095452,0.15648435156484353,0.38398382383983826,10,30,10000,20260805,float64,average,percentile_2.5_97.5,(extreme+1)/(resamples+1),dataset_checkpoint_endpoint_16x11,exploratory_association_not_causal
metric_contract_v1.2,c38b09694be88aa74de0741b39e9d3ba0d6ff61a,35a1a66f78dfd6255c4d804586ee6863969be78d21acec5cd0ccf00476ddaa5c,f80984d28ef9a7550633fb3aea514f783f3db1fa655a6d3f49850b10857e6afc,last,mnist,aupr_out_appendix,ood_metric/aupr_out_openood_auc,identity,RankMe,geometry/rankme_uncentered,GEO-10,descriptive,id_train,raw_feature_uncentered,,,detector/vim_author_dim,OOD-3,up,id_train,id_test_vs_mnist,detector_declared,0.6363636363636364,0.543047830923248,-0.06247714336557331,0.8285797249433612,0.053394660533946606,0.2135786421357864,10,30,10000,20260805,float64,average,percentile_2.5_97.5,(extreme+1)/(resamples+1),dataset_checkpoint_endpoint_16x11,exploratory_association_not_causal
metric_contract_v1.2,c38b09694be88aa74de0741b39e9d3ba0d6ff61a,35a1a66f78dfd6255c4d804586ee6863969be78d21acec5cd0ccf00476ddaa5c,f80984d28ef9a7550633fb3aea514f783f3db1fa655a6d3f49850b10857e6afc,last,mnist,aupr_out_appendix,ood_metric/aupr_out_openood_auc,identity,RankMe,geometry/rankme_uncentered,GEO-10,descriptive,id_train,raw_feature_uncentered,,,ood_score/energy_t1,OOD-3,up,,id_test_vs_mnist,detector_declared,-0.5393939393939394,-0.48164627363737483,-0.7818573092643343,0.03462523467893705,0.11448855114488551,0.32347241466329557,10,30,10000,20260805,float64,average,percentile_2.5_97.5,(extreme+1)/(resamples+1),dataset_checkpoint_endpoint_16x11,exploratory_association_not_causal
metric_contract_v1.2,c38b09694be88aa74de0741b39e9d3ba0d6ff61a,35a1a66f78dfd6255c4d804586ee6863969be78d21acec5cd0ccf00476ddaa5c,f80984d28ef9a7550633fb3aea514f783f3db1fa655a6d3f49850b10857e6afc,last,mnist,aupr_out_appendix,ood_metric/aupr_out_openood_auc,identity,RankMe,geometry/rankme_uncentered,GEO-10,descriptive,id_train,raw_feature_uncentered,,,ood_score/max_logit,OOD-3,up,,id_test_vs_mnist,detector_declared,-0.5878787878787879,-0.471412680756396,-0.7726155907974089,0.03527782366568994,0.0831916808319168,0.26621337866213374,10,30,10000,20260805,float64,average,percentile_2.5_97.5,(extreme+1)/(resamples+1),dataset_checkpoint_endpoint_16x11,exploratory_association_not_causal
metric_contract_v1.2,c38b09694be88aa74de0741b39e9d3ba0d6ff61a,35a1a66f78dfd6255c4d804586ee6863969be78d21acec5cd0ccf00476ddaa5c,f80984d28ef9a7550633fb3aea514f783f3db1fa655a6d3f49850b10857e6afc,last,mnist,aupr_out_appendix,ood_metric/aupr_out_openood_auc,identity,RankMe,geometry/rankme_uncentered,GEO-10,descriptive,id_train,raw_feature_uncentered,,,ood_score/msp,OOD-3,up,,id_test_vs_mnist,detector_declared,-0.503030303030303,-0.4068965517241379,-0.7605634174279814,0.09555481139736294,0.14808519148085192,0.3832793191269109,10,30,10000,20260805,float64,average,percentile_2.5_97.5,(extreme+1)/(resamples+1),dataset_checkpoint_endpoint_16x11,exploratory_association_not_causal
metric_contract_v1.2,c38b09694be88aa74de0741b39e9d3ba0d6ff61a,35a1a66f78dfd6255c4d804586ee6863969be78d21acec5cd0ccf00476ddaa5c,f80984d28ef9a7550633fb3aea514f783f3db1fa655a6d3f49850b10857e6afc,last,mnist,aupr_out_appendix,ood_metric/aupr_out_openood_auc,identity,SW entropy rank,geometry/spectrum/sw_entropy_rank,GEO-11,descriptive,id_train,raw_feature_covariance,,,detector/ctm_prototype_cosine,OOD-3,up,id_train,id_test_vs_mnist,detector_declared,0.8666666666666667,0.821579532814238,0.4898276859454073,0.8981460799642618,0.0017998200179982,0.03050361630503616,10,30,10000,20260805,float64,average,percentile_2.5_97.5,(extreme+1)/(resamples+1),dataset_checkpoint_endpoint_16x11,exploratory_association_not_causal
metric_contract_v1.2,c38b09694be88aa74de0741b39e9d3ba0d6ff61a,35a1a66f78dfd6255c4d804586ee6863969be78d21acec5cd0ccf00476ddaa5c,f80984d28ef9a7550633fb3aea514f783f3db1fa655a6d3f49850b10857e6afc,last,mnist,aupr_out_appendix,ood_metric/aupr_out_openood_auc,identity,SW entropy rank,geometry/spectrum/sw_entropy_rank,GEO-11,descriptive,id_train,raw_feature_covariance,,,detector/knn_l2_k50,OOD-3,up,id_train,id_test_vs_mnist,detector_declared,0.9636363636363636,0.857174638487208,0.5300999899524036,0.9221128021486124,9.999000099990002e-05,0.008799120087991202,10,30,10000,20260805,float64,average,percentile_2.5_97.5,(extreme+1)/(resamples+1),dataset_checkpoint_endpoint_16x11,exploratory_association_not_causal
metric_contract_v1.2,c38b09694be88aa74de0741b39e9d3ba0d6ff61a,35a1a66f78dfd6255c4d804586ee6863969be78d21acec5cd0ccf00476ddaa5c,f80984d28ef9a7550633fb3aea514f783f3db1fa655a6d3f49850b10857e6afc,last,mnist,aupr_out_appendix,ood_metric/aupr_out_openood_auc,identity,SW entropy rank,geometry/spectrum/sw_entropy_rank,GEO-11,descriptive,id_train,raw_feature_covariance,,,detector/mahalanobis_pp,OOD-3,up,id_train,id_test_vs_mnist,detector_declared,0.47878787878787876,0.3067853170189099,-0.2748845349727804,0.7213553276861346,0.16928307169283072,0.39549729237602554,10,30,10000,20260805,float64,average,percentile_2.5_97.5,(extreme+1)/(resamples+1),dataset_checkpoint_endpoint_16x11,exploratory_association_not_causal
metric_contract_v1.2,c38b09694be88aa74de0741b39e9d3ba0d6ff61a,35a1a66f78dfd6255c4d804586ee6863969be78d21acec5cd0ccf00476ddaa5c,f80984d28ef9a7550633fb3aea514f783f3db1fa655a6d3f49850b10857e6afc,last,mnist,aupr_out_appendix,ood_metric/aupr_out_openood_auc,identity,SW entropy rank,geometry/spectrum/sw_entropy_rank,GEO-11,descriptive,id_train,raw_feature_covariance,,,detector/mahalanobis_raw,OOD-3,up,id_train,id_test_vs_mnist,detector_declared,0.3575757575757576,0.3526140155728587,-0.26057297497995985,0.7498996879179669,0.3127687231276872,0.5050210575272748,10,30,10000,20260805,float64,average,percentile_2.5_97.5,(extreme+1)/(resamples+1),dataset_checkpoint_endpoint_16x11,exploratory_association_not_causal
metric_contract_v1.2,c38b09694be88aa74de0741b39e9d3ba0d6ff61a,35a1a66f78dfd6255c4d804586ee6863969be78d21acec5cd0ccf00476ddaa5c,f80984d28ef9a7550633fb3aea514f783f3db1fa655a6d3f49850b10857e6afc,last,mnist,aupr_out_appendix,ood_metric/aupr_out_openood_auc,identity,SW entropy rank,geometry/spectrum/sw_entropy_rank,GEO-11,descriptive,id_train,raw_feature_covariance,,,detector/neco_author_std_dim100,OOD-3,up,id_train,id_test_vs_mnist,detector_declared,-0.2727272727272727,-0.2720800889877642,-0.7352836539998721,0.3951387141351879,0.44315568443155684,0.6439811303422504,10,30,10000,20260805,float64,average,percentile_2.5_97.5,(extreme+1)/(resamples+1),dataset_checkpoint_endpoint_16x11,exploratory_association_not_causal
metric_contract_v1.2,c38b09694be88aa74de0741b39e9d3ba0d6ff61a,35a1a66f78dfd6255c4d804586ee6863969be78d21acec5cd0ccf00476ddaa5c,f80984d28ef9a7550633fb3aea514f783f3db1fa655a6d3f49850b10857e6afc,last,mnist,aupr_out_appendix,ood_metric/aupr_out_openood_auc,identity,SW entropy rank,geometry/spectrum/sw_entropy_rank,GEO-11,descriptive,id_train,raw_feature_covariance,,,detector/relative_mahalanobis_pp,OOD-3,up,id_train,id_test_vs_mnist,detector_declared,0.18787878787878787,0.06963292547274749,-0.5091454316205973,0.6925836033412128,0.609039096090391,0.7839566408322671,10,30,10000,20260805,float64,average,percentile_2.5_97.5,(extreme+1)/(resamples+1),dataset_checkpoint_endpoint_16x11,exploratory_association_not_causal
metric_contract_v1.2,c38b09694be88aa74de0741b39e9d3ba0d6ff61a,35a1a66f78dfd6255c4d804586ee6863969be78d21acec5cd0ccf00476ddaa5c,f80984d28ef9a7550633fb3aea514f783f3db1fa655a6d3f49850b10857e6afc,last,mnist,aupr_out_appendix,ood_metric/aupr_out_openood_auc,identity,SW entropy rank,geometry/spectrum/sw_entropy_rank,GEO-11,descriptive,id_train,raw_feature_covariance,,,detector/relative_mahalanobis_raw,OOD-3,up,id_train,id_test_vs_mnist,detector_declared,-0.12727272727272726,-0.2347052280311457,-0.7367163949724247,0.4766081252093397,0.7238276172382762,0.8381161883811619,10,30,10000,20260805,float64,average,percentile_2.5_97.5,(extreme+1)/(resamples+1),dataset_checkpoint_endpoint_16x11,exploratory_association_not_causal
metric_contract_v1.2,c38b09694be88aa74de0741b39e9d3ba0d6ff61a,35a1a66f78dfd6255c4d804586ee6863969be78d21acec5cd0ccf00476ddaa5c,f80984d28ef9a7550633fb3aea514f783f3db1fa655a6d3f49850b10857e6afc,last,mnist,aupr_out_appendix,ood_metric/aupr_out_openood_auc,identity,SW entropy rank,geometry/spectrum/sw_entropy_rank,GEO-11,descriptive,id_train,raw_feature_covariance,,,detector/vim_author_dim,OOD-3,up,id_train,id_test_vs_mnist,detector_declared,0.8666666666666667,0.7552836484983315,0.34775810715086125,0.898282400178452,0.0024997500249975004,0.03050361630503616,10,30,10000,20260805,float64,average,percentile_2.5_97.5,(extreme+1)/(resamples+1),dataset_checkpoint_endpoint_16x11,exploratory_association_not_causal
metric_contract_v1.2,c38b09694be88aa74de0741b39e9d3ba0d6ff61a,35a1a66f78dfd6255c4d804586ee6863969be78d21acec5cd0ccf00476ddaa5c,f80984d28ef9a7550633fb3aea514f783f3db1fa655a6d3f49850b10857e6afc,last,mnist,aupr_out_appendix,ood_metric/aupr_out_openood_auc,identity,SW entropy rank,geometry/spectrum/sw_entropy_rank,GEO-11,descriptive,id_train,raw_feature_covariance,,,ood_score/energy_t1,OOD-3,up,,id_test_vs_mnist,detector_declared,-0.3696969696969697,-0.3757508342602892,-0.7463027045881857,0.16855926155567535,0.29927007299270075,0.49690125327089935,10,30,10000,20260805,float64,average,percentile_2.5_97.5,(extreme+1)/(resamples+1),dataset_checkpoint_endpoint_16x11,exploratory_association_not_causal
metric_contract_v1.2,c38b09694be88aa74de0741b39e9d3ba0d6ff61a,35a1a66f78dfd6255c4d804586ee6863969be78d21acec5cd0ccf00476ddaa5c,f80984d28ef9a7550633fb3aea514f783f3db1fa655a6d3f49850b10857e6afc,last,mnist,aupr_out_appendix,ood_metric/aupr_out_openood_auc,identity,SW entropy rank,geometry/spectrum/sw_entropy_rank,GEO-11,descriptive,id_train,raw_feature_covariance,,,ood_score/max_logit,OOD-3,up,,id_test_vs_mnist,detector_declared,-0.41818181818181815,-0.37441601779755285,-0.7350013217920821,0.15925843198570472,0.23577642235776422,0.4418281576097709,10,30,10000,20260805,float64,average,percentile_2.5_97.5,(extreme+1)/(resamples+1),dataset_checkpoint_endpoint_16x11,exploratory_association_not_causal
metric_contract_v1.2,c38b09694be88aa74de0741b39e9d3ba0d6ff61a,35a1a66f78dfd6255c4d804586ee6863969be78d21acec5cd0ccf00476ddaa5c,f80984d28ef9a7550633fb3aea514f783f3db1fa655a6d3f49850b10857e6afc,last,mnist,aupr_out_appendix,ood_metric/aupr_out_openood_auc,identity,SW entropy rank,geometry/spectrum/sw_entropy_rank,GEO-11,descriptive,id_train,raw_feature_covariance,,,ood_score/msp,OOD-3,up,,id_test_vs_mnist,detector_declared,-0.12727272727272726,-0.1692992213570634,-0.6645186508822872,0.39412846364880977,0.7319268073192681,0.8390018141043039,10,30,10000,20260805,float64,average,percentile_2.5_97.5,(extreme+1)/(resamples+1),dataset_checkpoint_endpoint_16x11,exploratory_association_not_causal
metric_contract_v1.2,c38b09694be88aa74de0741b39e9d3ba0d6ff61a,35a1a66f78dfd6255c4d804586ee6863969be78d21acec5cd0ccf00476ddaa5c,f80984d28ef9a7550633fb3aea514f783f3db1fa655a6d3f49850b10857e6afc,last,mnist,aupr_out_appendix,ood_metric/aupr_out_openood_auc,identity,SW trace/top rank,geometry/spectrum/sw_trace_top_rank,GEO-11,descriptive,id_train,raw_feature_covariance,,,detector/ctm_prototype_cosine,OOD-3,up,id_train,id_test_vs_mnist,detector_declared,0.7818181818181819,0.7423804226918799,0.20125504258180188,0.9102775221170106,0.011398860113988602,0.08359164083591641,10,30,10000,20260805,float64,average,percentile_2.5_97.5,(extreme+1)/(resamples+1),dataset_checkpoint_endpoint_16x11,exploratory_association_not_causal
metric_contract_v1.2,c38b09694be88aa74de0741b39e9d3ba0d6ff61a,35a1a66f78dfd6255c4d804586ee6863969be78d21acec5cd0ccf00476ddaa5c,f80984d28ef9a7550633fb3aea514f783f3db1fa655a6d3f49850b10857e6afc,last,mnist,aupr_out_appendix,ood_metric/aupr_out_openood_auc,identity,SW trace/top rank,geometry/spectrum/sw_trace_top_rank,GEO-11,descriptive,id_train,raw_feature_covariance,,,detector/knn_l2_k50,OOD-3,up,id_train,id_test_vs_mnist,detector_declared,0.8666666666666667,0.7628476084538376,0.30225139256024175,0.9077128845296478,0.0024997500249975004,0.03050361630503616,10,30,10000,20260805,float64,average,percentile_2.5_97.5,(extreme+1)/(resamples+1),dataset_checkpoint_endpoint_16x11,exploratory_association_not_causal
metric_contract_v1.2,c38b09694be88aa74de0741b39e9d3ba0d6ff61a,35a1a66f78dfd6255c4d804586ee6863969be78d21acec5cd0ccf00476ddaa5c,f80984d28ef9a7550633fb3aea514f783f3db1fa655a6d3f49850b10857e6afc,last,mnist,aupr_out_appendix,ood_metric/aupr_out_openood_auc,identity,SW trace/top rank,geometry/spectrum/sw_trace_top_rank,GEO-11,descriptive,id_train,raw_feature_covariance,,,detector/mahalanobis_pp,OOD-3,up,id_train,id_test_vs_mnist,detector_declared,0.5878787878787879,0.3254727474972191,-0.28077691529510523,0.7533596564822579,0.0822917708229177,0.26621337866213374,10,30,10000,20260805,float64,average,percentile_2.5_97.5,(extreme+1)/(resamples+1),dataset_checkpoint_endpoint_16x11,exploratory_association_not_causal
metric_contract_v1.2,c38b09694be88aa74de0741b39e9d3ba0d6ff61a,35a1a66f78dfd6255c4d804586ee6863969be78d21acec5cd0ccf00476ddaa5c,f80984d28ef9a7550633fb3aea514f783f3db1fa655a6d3f49850b10857e6afc,last,mnist,aupr_out_appendix,ood_metric/aupr_out_openood_auc,identity,SW trace/top rank,geometry/spectrum/sw_trace_top_rank,GEO-11,descriptive,id_train,raw_feature_covariance,,,detector/mahalanobis_raw,OOD-3,up,id_train,id_test_vs_mnist,detector_declared,0.11515151515151516,0.2040044493882091,-0.35179807907080635,0.7069756057214895,0.761023897610239,0.8495854817034021,10,30,10000,20260805,float64,average,percentile_2.5_97.5,(extreme+1)/(resamples+1),dataset_checkpoint_endpoint_16x11,exploratory_association_not_causal
metric_contract_v1.2,c38b09694be88aa74de0741b39e9d3ba0d6ff61a,35a1a66f78dfd6255c4d804586ee6863969be78d21acec5cd0ccf00476ddaa5c,f80984d28ef9a7550633fb3aea514f783f3db1fa655a6d3f49850b10857e6afc,last,mnist,aupr_out_appendix,ood_metric/aupr_out_openood_auc,identity,SW trace/top rank,geometry/spectrum/sw_trace_top_rank,GEO-11,descriptive,id_train,raw_feature_covariance,,,detector/neco_author_std_dim100,OOD-3,up,id_train,id_test_vs_mnist,detector_declared,-0.3212121212121212,-0.27919911012235815,-0.6958206265712169,0.38698172090949623,0.37516248375162486,0.5791982205288244,10,30,10000,20260805,float64,average,percentile_2.5_97.5,(extreme+1)/(resamples+1),dataset_checkpoint_endpoint_16x11,exploratory_association_not_causal
metric_contract_v1.2,c38b09694be88aa74de0741b39e9d3ba0d6ff61a,35a1a66f78dfd6255c4d804586ee6863969be78d21acec5cd0ccf00476ddaa5c,f80984d28ef9a7550633fb3aea514f783f3db1fa655a6d3f49850b10857e6afc,last,mnist,aupr_out_appendix,ood_metric/aupr_out_openood_auc,identity,SW trace/top rank,geometry/spectrum/sw_trace_top_rank,GEO-11,descriptive,id_train,raw_feature_covariance,,,detector/relative_mahalanobis_pp,OOD-3,up,id_train,id_test_vs_mnist,detector_declared,-0.030303030303030304,0.03403781979977753,-0.5246898040033476,0.6736607142857143,0.9503049695030497,0.9612280151295214,10,30,10000,20260805,float64,average,percentile_2.5_97.5,(extreme+1)/(resamples+1),dataset_checkpoint_endpoint_16x11,exploratory_association_not_causal
metric_contract_v1.2,c38b09694be88aa74de0741b39e9d3ba0d6ff61a,35a1a66f78dfd6255c4d804586ee6863969be78d21acec5cd0ccf00476ddaa5c,f80984d28ef9a7550633fb3aea514f783f3db1fa655a6d3f49850b10857e6afc,last,mnist,aupr_out_appendix,ood_metric/aupr_out_openood_auc,identity,SW trace/top rank,geometry/spectrum/sw_trace_top_rank,GEO-11,descriptive,id_train,raw_feature_covariance,,,detector/relative_mahalanobis_raw,OOD-3,up,id_train,id_test_vs_mnist,detector_declared,-0.34545454545454546,-0.23692992213570635,-0.7029310398983695,0.47295665888271876,0.33926607339266074,0.5379353956496242,10,30,10000,20260805,float64,average,percentile_2.5_97.5,(extreme+1)/(resamples+1),dataset_checkpoint_endpoint_16x11,exploratory_association_not_causal
metric_contract_v1.2,c38b09694be88aa74de0741b39e9d3ba0d6ff61a,35a1a66f78dfd6255c4d804586ee6863969be78d21acec5cd0ccf00476ddaa5c,f80984d28ef9a7550633fb3aea514f783f3db1fa655a6d3f49850b10857e6afc,last,mnist,aupr_out_appendix,ood_metric/aupr_out_openood_auc,identity,SW trace/top rank,geometry/spectrum/sw_trace_top_rank,GEO-11,descriptive,id_train,raw_feature_covariance,,,detector/vim_author_dim,OOD-3,up,id_train,id_test_vs_mnist,detector_declared,0.7090909090909091,0.5870967741935483,0.10786978925415144,0.8568992420864912,0.027797220277972202,0.13978030768351735,10,30,10000,20260805,float64,average,percentile_2.5_97.5,(extreme+1)/(resamples+1),dataset_checkpoint_endpoint_16x11,exploratory_association_not_causal
metric_contract_v1.2,c38b09694be88aa74de0741b39e9d3ba0d6ff61a,35a1a66f78dfd6255c4d804586ee6863969be78d21acec5cd0ccf00476ddaa5c,f80984d28ef9a7550633fb3aea514f783f3db1fa655a6d3f49850b10857e6afc,last,mnist,aupr_out_appendix,ood_metric/aupr_out_openood_auc,identity,SW trace/top rank,geometry/spectrum/sw_trace_top_rank,GEO-11,descriptive,id_train,raw_feature_covariance,,,ood_score/energy_t1,OOD-3,up,,id_test_vs_mnist,detector_declared,-0.34545454545454546,-0.32458286985539486,-0.7220251375687342,0.2955955395342578,0.3274672532746725,0.523947605239476,10,30,10000,20260805,float64,average,percentile_2.5_97.5,(extreme+1)/(resamples+1),dataset_checkpoint_endpoint_16x11,exploratory_association_not_causal
metric_contract_v1.2,c38b09694be88aa74de0741b39e9d3ba0d6ff61a,35a1a66f78dfd6255c4d804586ee6863969be78d21acec5cd0ccf00476ddaa5c,f80984d28ef9a7550633fb3aea514f783f3db1fa655a6d3f49850b10857e6afc,last,mnist,aupr_out_appendix,ood_metric/aupr_out_openood_auc,identity,SW trace/top rank,geometry/spectrum/sw_trace_top_rank,GEO-11,descriptive,id_train,raw_feature_covariance,,,ood_score/max_logit,OOD-3,up,,id_test_vs_mnist,detector_declared,-0.4303030303030303,-0.32235817575083425,-0.7098038268894974,0.27461657303370773,0.21707829217078292,0.4363563643635636,10,30,10000,20260805,float64,average,percentile_2.5_97.5,(extreme+1)/(resamples+1),dataset_checkpoint_endpoint_16x11,exploratory_association_not_causal
metric_contract_v1.2,c38b09694be88aa74de0741b39e9d3ba0d6ff61a,35a1a66f78dfd6255c4d804586ee6863969be78d21acec5cd0ccf00476ddaa5c,f80984d28ef9a7550633fb3aea514f783f3db1fa655a6d3f49850b10857e6afc,last,mnist,aupr_out_appendix,ood_metric/aupr_out_openood_auc,identity,SW trace/top rank,geometry/spectrum/sw_trace_top_rank,GEO-11,descriptive,id_train,raw_feature_covariance,,,ood_score/msp,OOD-3,up,,id_test_vs_mnist,detector_declared,-0.3090909090909091,-0.196440489432703,-0.6396253005812557,0.3441818992420865,0.3912608739126087,0.5936371880053374,10,30,10000,20260805,float64,average,percentile_2.5_97.5,(extreme+1)/(resamples+1),dataset_checkpoint_endpoint_16x11,exploratory_association_not_causal
metric_contract_v1.2,c38b09694be88aa74de0741b39e9d3ba0d6ff61a,35a1a66f78dfd6255c4d804586ee6863969be78d21acec5cd0ccf00476ddaa5c,f80984d28ef9a7550633fb3aea514f783f3db1fa655a6d3f49850b10857e6afc,last,mnist,aupr_out_appendix,ood_metric/aupr_out_openood_auc,identity,SW participation ratio,geometry/spectrum/sw_participation_ratio,GEO-11,descriptive,id_train,raw_feature_covariance,,,detector/ctm_prototype_cosine,OOD-3,up,id_train,id_test_vs_mnist,detector_declared,0.8787878787878788,0.8327030033370412,0.5490905454682523,0.8914451641724369,0.0014998500149985001,0.03050361630503616,10,30,10000,20260805,float64,average,percentile_2.5_97.5,(extreme+1)/(resamples+1),dataset_checkpoint_endpoint_16x11,exploratory_association_not_causal
metric_contract_v1.2,c38b09694be88aa74de0741b39e9d3ba0d6ff61a,35a1a66f78dfd6255c4d804586ee6863969be78d21acec5cd0ccf00476ddaa5c,f80984d28ef9a7550633fb3aea514f783f3db1fa655a6d3f49850b10857e6afc,last,mnist,aupr_out_appendix,ood_metric/aupr_out_openood_auc,identity,SW participation ratio,geometry/spectrum/sw_participation_ratio,GEO-11,descriptive,id_train,raw_feature_covariance,,,detector/knn_l2_k50,OOD-3,up,id_train,id_test_vs_mnist,detector_declared,0.9757575757575757,0.8647385984427142,0.5529637003762287,0.9205383713616966,9.999000099990002e-05,0.008799120087991202,10,30,10000,20260805,float64,average,percentile_2.5_97.5,(extreme+1)/(resamples+1),dataset_checkpoint_endpoint_16x11,exploratory_association_not_causal
metric_contract_v1.2,c38b09694be88aa74de0741b39e9d3ba0d6ff61a,35a1a66f78dfd6255c4d804586ee6863969be78d21acec5cd0ccf00476ddaa5c,f80984d28ef9a7550633fb3aea514f783f3db1fa655a6d3f49850b10857e6afc,last,mnist,aupr_out_appendix,ood_metric/aupr_out_openood_auc,identity,SW participation ratio,geometry/spectrum/sw_participation_ratio,GEO-11,descriptive,id_train,raw_feature_covariance,,,detector/mahalanobis_pp,OOD-3,up,id_train,id_test_vs_mnist,detector_declared,0.4909090909090909,0.3196885428253615,-0.25599363623180166,0.718871842833446,0.1596840315968403,0.3849916378225191,10,30,10000,20260805,float64,average,percentile_2.5_97.5,(extreme+1)/(resamples+1),dataset_checkpoint_endpoint_16x11,exploratory_association_not_causal
metric_contract_v1.2,c38b09694be88aa74de0741b39e9d3ba0d6ff61a,35a1a66f78dfd6255c4d804586ee6863969be78d21acec5cd0ccf00476ddaa5c,f80984d28ef9a7550633fb3aea514f783f3db1fa655a6d3f49850b10857e6afc,last,mnist,aupr_out_appendix,ood_metric/aupr_out_openood_auc,identity,SW participation ratio,geometry/spectrum/sw_participation_ratio,GEO-11,descriptive,id_train,raw_feature_covariance,,,detector/mahalanobis_raw,OOD-3,up,id_train,id_test_vs_mnist,detector_declared,0.296969696969697,0.34238042269187985,-0.2776775082949849,0.7476070061413288,0.40675932406759324,0.6090780752433231,10,30,10000,20260805,float64,average,percentile_2.5_97.5,(extreme+1)/(resamples+1),dataset_checkpoint_endpoint_16x11,exploratory_association_not_causal
metric_contract_v1.2,c38b09694be88aa74de0741b39e9d3ba0d6ff61a,35a1a66f78dfd6255c4d804586ee6863969be78d21acec5cd0ccf00476ddaa5c,f80984d28ef9a7550633fb3aea514f783f3db1fa655a6d3f49850b10857e6afc,last,mnist,aupr_out_appendix,ood_metric/aupr_out_openood_auc,identity,SW participation ratio,geometry/spectrum/sw_participation_ratio,GEO-11,descriptive,id_train,raw_feature_covariance,,,detector/neco_author_std_dim100,OOD-3,up,id_train,id_test_vs_mnist,detector_declared,-0.3212121212121212,-0.2649610678531702,-0.7409253066750776,0.39415569930849875,0.36776322367763226,0.5768485098392815,10,30,10000,20260805,float64,average,percentile_2.5_97.5,(extreme+1)/(resamples+1),dataset_checkpoint_endpoint_16x11,exploratory_association_not_causal
metric_contract_v1.2,c38b09694be88aa74de0741b39e9d3ba0d6ff61a,35a1a66f78dfd6255c4d804586ee6863969be78d21acec5cd0ccf00476ddaa5c,f80984d28ef9a7550633fb3aea514f783f3db1fa655a6d3f49850b10857e6afc,last,mnist,aupr_out_appendix,ood_metric/aupr_out_openood_auc,identity,SW participation ratio,geometry/spectrum/sw_participation_ratio,GEO-11,descriptive,id_train,raw_feature_covariance,,,detector/relative_mahalanobis_pp,OOD-3,up,id_train,id_test_vs_mnist,detector_declared,0.15151515151515152,0.08921023359288098,-0.466449474344755,0.6892924441639773,0.685031496850315,0.8091647211117815,10,30,10000,20260805,float64,average,percentile_2.5_97.5,(extreme+1)/(resamples+1),dataset_checkpoint_endpoint_16x11,exploratory_association_not_causal
metric_contract_v1.2,c38b09694be88aa74de0741b39e9d3ba0d6ff61a,35a1a66f78dfd6255c4d804586ee6863969be78d21acec5cd0ccf00476ddaa5c,f80984d28ef9a7550633fb3aea514f783f3db1fa655a6d3f49850b10857e6afc,last,mnist,aupr_out_appendix,ood_metric/aupr_out_openood_auc,identity,SW participation ratio,geometry/spectrum/sw_participation_ratio,GEO-11,descriptive,id_train,raw_feature_covariance,,,detector/relative_mahalanobis_raw,OOD-3,up,id_train,id_test_vs_mnist,detector_declared,-0.18787878787878787,-0.2218020022246941,-0.715956732457007,0.46455639768167634,0.6027397260273972,0.7839566408322671,10,30,10000,20260805,float64,average,percentile_2.5_97.5,(extreme+1)/(resamples+1),dataset_checkpoint_endpoint_16x11,exploratory_association_not_causal
metric_contract_v1.2,c38b09694be88aa74de0741b39e9d3ba0d6ff61a,35a1a66f78dfd6255c4d804586ee6863969be78d21acec5cd0ccf00476ddaa5c,f80984d28ef9a7550633fb3aea514f783f3db1fa655a6d3f49850b10857e6afc,last,mnist,aupr_out_appendix,ood_metric/aupr_out_openood_auc,identity,SW participation ratio,geometry/spectrum/sw_participation_ratio,GEO-11,descriptive,id_train,raw_feature_covariance,,,detector/vim_author_dim,OOD-3,up,id_train,id_test_vs_mnist,detector_declared,0.8545454545454545,0.7699666295884315,0.3433021940480969,0.914345639205869,0.0025997400259974,0.03050361630503616,10,30,10000,20260805,float64,average,percentile_2.5_97.5,(extreme+1)/(resamples+1),dataset_checkpoint_endpoint_16x11,exploratory_association_not_causal
metric_contract_v1.2,c38b09694be88aa74de0741b39e9d3ba0d6ff61a,35a1a66f78dfd6255c4d804586ee6863969be78d21acec5cd0ccf00476ddaa5c,f80984d28ef9a7550633fb3aea514f783f3db1fa655a6d3f49850b10857e6afc,last,mnist,aupr_out_appendix,ood_metric/aupr_out_openood_auc,identity,SW participation ratio,geometry/spectrum/sw_participation_ratio,GEO-11,descriptive,id_train,raw_feature_covariance,,,ood_score/energy_t1,OOD-3,up,,id_test_vs_mnist,detector_declared,-0.3090909090909091,-0.325027808676307,-0.7119121812179715,0.2330269812529812,0.38636136386361364,0.5913008699130087,10,30,10000,20260805,float64,average,percentile_2.5_97.5,(extreme+1)/(resamples+1),dataset_checkpoint_endpoint_16x11,exploratory_association_not_causal
metric_contract_v1.2,c38b09694be88aa74de0741b39e9d3ba0d6ff61a,35a1a66f78dfd6255c4d804586ee6863969be78d21acec5cd0ccf00476ddaa5c,f80984d28ef9a7550633fb3aea514f783f3db1fa655a6d3f49850b10857e6afc,last,mnist,aupr_out_appendix,ood_metric/aupr_out_openood_auc,identity,SW participation ratio,geometry/spectrum/sw_participation_ratio,GEO-11,descriptive,id_train,raw_feature_covariance,,,ood_score/max_logit,OOD-3,up,,id_test_vs_mnist,detector_declared,-0.3696969696969697,-0.32146829810901,-0.702929820827928,0.2214309437188633,0.29487051294870514,0.49690125327089935,10,30,10000,20260805,float64,average,percentile_2.5_97.5,(extreme+1)/(resamples+1),dataset_checkpoint_endpoint_16x11,exploratory_association_not_causal
metric_contract_v1.2,c38b09694be88aa74de0741b39e9d3ba0d6ff61a,35a1a66f78dfd6255c4d804586ee6863969be78d21acec5cd0ccf00476ddaa5c,f80984d28ef9a7550633fb3aea514f783f3db1fa655a6d3f49850b10857e6afc,last,mnist,aupr_out_appendix,ood_metric/aupr_out_openood_auc,identity,SW participation ratio,geometry/spectrum/sw_participation_ratio,GEO-11,descriptive,id_train,raw_feature_covariance,,,ood_score/msp,OOD-3,up,,id_test_vs_mnist,detector_declared,-0.15151515151515152,-0.14705228031145717,-0.6395070383579751,0.40362558767011447,0.682931706829317,0.8091647211117815,10,30,10000,20260805,float64,average,percentile_2.5_97.5,(extreme+1)/(resamples+1),dataset_checkpoint_endpoint_16x11,exploratory_association_not_causal
metric_contract_v1.2,c38b09694be88aa74de0741b39e9d3ba0d6ff61a,35a1a66f78dfd6255c4d804586ee6863969be78d21acec5cd0ccf00476ddaa5c,f80984d28ef9a7550633fb3aea514f783f3db1fa655a6d3f49850b10857e6afc,last,mnist,aupr_out_appendix,ood_metric/aupr_out_openood_auc,identity,SW numerical rank,geometry/spectrum/sw_numerical_rank,GEO-12,descriptive,id_train,raw_feature_covariance,,,detector/ctm_prototype_cosine,OOD-3,up,id_train,id_test_vs_mnist,detector_declared,-0.4984357816592108,-0.5113511606251809,-0.7480011637690065,-0.07424694692441064,0.1446855314468553,0.38006945574099305,10,30,10000,20260805,float64,average,percentile_2.5_97.5,(extreme+1)/(resamples+1),dataset_checkpoint_endpoint_16x11,exploratory_association_not_causal
metric_contract_v1.2,c38b09694be88aa74de0741b39e9d3ba0d6ff61a,35a1a66f78dfd6255c4d804586ee6863969be78d21acec5cd0ccf00476ddaa5c,f80984d28ef9a7550633fb3aea514f783f3db1fa655a6d3f49850b10857e6afc,last,mnist,aupr_out_appendix,ood_metric/aupr_out_openood_auc,identity,SW numerical rank,geometry/spectrum/sw_numerical_rank,GEO-12,descriptive,id_train,raw_feature_covariance,,,detector/knn_l2_k50,OOD-3,up,id_train,id_test_vs_mnist,detector_declared,-0.5871983181190703,-0.5435683456444086,-0.7681890921943464,-0.13794810794130172,0.07489251074892511,0.2486996583360532,10,30,10000,20260805,float64,average,percentile_2.5_97.5,(extreme+1)/(resamples+1),dataset_checkpoint_endpoint_16x11,exploratory_association_not_causal
metric_contract_v1.2,c38b09694be88aa74de0741b39e9d3ba0d6ff61a,35a1a66f78dfd6255c4d804586ee6863969be78d21acec5cd0ccf00476ddaa5c,f80984d28ef9a7550633fb3aea514f783f3db1fa655a6d3f49850b10857e6afc,last,mnist,aupr_out_appendix,ood_metric/aupr_out_openood_auc,identity,SW numerical rank,geometry/spectrum/sw_numerical_rank,GEO-12,descriptive,id_train,raw_feature_covariance,,,detector/mahalanobis_pp,OOD-3,up,id_train,id_test_vs_mnist,detector_declared,-0.19800873517968648,-0.13170385235860255,-0.5773097807480649,0.32495108311661625,0.5901409859014098,0.7751105486466279,10,30,10000,20260805,float64,average,percentile_2.5_97.5,(extreme+1)/(resamples+1),dataset_checkpoint_endpoint_16x11,exploratory_association_not_causal
metric_contract_v1.2,c38b09694be88aa74de0741b39e9d3ba0d6ff61a,35a1a66f78dfd6255c4d804586ee6863969be78d21acec5cd0ccf00476ddaa5c,f80984d28ef9a7550633fb3aea514f783f3db1fa655a6d3f49850b10857e6afc,last,mnist,aupr_out_appendix,ood_metric/aupr_out_openood_auc,identity,SW numerical rank,geometry/spectrum/sw_numerical_rank,GEO-12,descriptive,id_train,raw_feature_covariance,,,detector/mahalanobis_raw,OOD-3,up,id_train,id_test_vs_mnist,detector_declared,-0.361878033259427,-0.35980152229473417,-0.7724926130633305,0.3549015587286307,0.29317068293170684,0.49690125327089935,10,30,10000,20260805,float64,average,percentile_2.5_97.5,(extreme+1)/(resamples+1),dataset_checkpoint_endpoint_16x11,exploratory_association_not_causal
metric_contract_v1.2,c38b09694be88aa74de0741b39e9d3ba0d6ff61a,35a1a66f78dfd6255c4d804586ee6863969be78d21acec5cd0ccf00476ddaa5c,f80984d28ef9a7550633fb3aea514f783f3db1fa655a6d3f49850b10857e6afc,last,mnist,aupr_out_appendix,ood_metric/aupr_out_openood_auc,identity,SW numerical rank,geometry/spectrum/sw_numerical_rank,GEO-12,descriptive,id_train,raw_feature_covariance,,,detector/neco_author_std_dim100,OOD-3,up,id_train,id_test_vs_mnist,detector_declared,0.10924619871982702,0.27397494140351175,-0.1743708170915512,0.6844015097883085,0.7634236576342366,0.8495854817034021,10,30,10000,20260805,float64,average,percentile_2.5_97.5,(extreme+1)/(resamples+1),dataset_checkpoint_endpoint_16x11,exploratory_association_not_causal
metric_contract_v1.2,c38b09694be88aa74de0741b39e9d3ba0d6ff61a,35a1a66f78dfd6255c4d804586ee6863969be78d21acec5cd0ccf00476ddaa5c,f80984d28ef9a7550633fb3aea514f783f3db1fa655a6d3f49850b10857e6afc,last,mnist,aupr_out_appendix,ood_metric/aupr_out_openood_auc,identity,SW numerical rank,geometry/spectrum/sw_numerical_rank,GEO-12,descriptive,id_train,raw_feature_covariance,,,detector/relative_mahalanobis_pp,OOD-3,up,id_train,id_test_vs_mnist,detector_declared,-0.16386929807974054,-0.01804162361076747,-0.4991523392171703,0.44046858443584974,0.6524347565243476,0.7974202579742026,10,30,10000,20260805,float64,average,percentile_2.5_97.5,(extreme+1)/(resamples+1),dataset_checkpoint_endpoint_16x11,exploratory_association_not_causal
metric_contract_v1.2,c38b09694be88aa74de0741b39e9d3ba0d6ff61a,35a1a66f78dfd6255c4d804586ee6863969be78d21acec5cd0ccf00476ddaa5c,f80984d28ef9a7550633fb3aea514f783f3db1fa655a6d3f49850b10857e6afc,last,mnist,aupr_out_appendix,ood_metric/aupr_out_openood_auc,identity,SW numerical rank,geometry/spectrum/sw_numerical_rank,GEO-12,descriptive,id_train,raw_feature_covariance,,,detector/relative_mahalanobis_raw,OOD-3,up,id_train,id_test_vs_mnist,detector_declared,-0.05462309935991351,0.17113768682213717,-0.3552017816623744,0.6850904662390416,0.8857114288571143,0.9223977010582965,10,30,10000,20260805,float64,average,percentile_2.5_97.5,(extreme+1)/(resamples+1),dataset_checkpoint_endpoint_16x11,exploratory_association_not_causal
metric_contract_v1.2,c38b09694be88aa74de0741b39e9d3ba0d6ff61a,35a1a66f78dfd6255c4d804586ee6863969be78d21acec5cd0ccf00476ddaa5c,f80984d28ef9a7550633fb3aea514f783f3db1fa655a6d3f49850b10857e6afc,last,mnist,aupr_out_appendix,ood_metric/aupr_out_openood_auc,identity,SW numerical rank,geometry/spectrum/sw_numerical_rank,GEO-12,descriptive,id_train,raw_feature_covariance,,,detector/vim_author_dim,OOD-3,up,id_train,id_test_vs_mnist,detector_declared,-0.6008540929590487,-0.453617965070725,-0.7671464435295222,0.11621773970399712,0.072992700729927,0.24705221785513753,10,30,10000,20260805,float64,average,percentile_2.5_97.5,(extreme+1)/(resamples+1),dataset_checkpoint_endpoint_16x11,exploratory_association_not_causal
metric_contract_v1.2,c38b09694be88aa74de0741b39e9d3ba0d6ff61a,35a1a66f78dfd6255c4d804586ee6863969be78d21acec5cd0ccf00476ddaa5c,f80984d28ef9a7550633fb3aea514f783f3db1fa655a6d3f49850b10857e6afc,last,mnist,aupr_out_appendix,ood_metric/aupr_out_openood_auc,identity,SW numerical rank,geometry/spectrum/sw_numerical_rank,GEO-12,descriptive,id_train,raw_feature_covariance,,,ood_score/energy_t1,OOD-3,up,,id_test_vs_mnist,detector_declared,0.49160789423922163,0.4324834916981117,0.07784697896013935,0.6627098182768713,0.15258474152584742,0.38398382383983826,10,30,10000,20260805,float64,average,percentile_2.5_97.5,(extreme+1)/(resamples+1),dataset_checkpoint_endpoint_16x11,exploratory_association_not_causal
metric_contract_v1.2,c38b09694be88aa74de0741b39e9d3ba0d6ff61a,35a1a66f78dfd6255c4d804586ee6863969be78d21acec5cd0ccf00476ddaa5c,f80984d28ef9a7550633fb3aea514f783f3db1fa655a6d3f49850b10857e6afc,last,mnist,aupr_out_appendix,ood_metric/aupr_out_openood_auc,identity,SW numerical rank,geometry/spectrum/sw_numerical_rank,GEO-12,descriptive,id_train,raw_feature_covariance,,,ood_score/max_logit,OOD-3,up,,id_test_vs_mnist,detector_declared,0.4642963445592649,0.4412465660233416,0.10220496418023843,0.6573025172302792,0.1812818718128187,0.3971553461937757,10,30,10000,20260805,float64,average,percentile_2.5_97.5,(extreme+1)/(resamples+1),dataset_checkpoint_endpoint_16x11,exploratory_association_not_causal
metric_contract_v1.2,c38b09694be88aa74de0741b39e9d3ba0d6ff61a,35a1a66f78dfd6255c4d804586ee6863969be78d21acec5cd0ccf00476ddaa5c,f80984d28ef9a7550633fb3aea514f783f3db1fa655a6d3f49850b10857e6afc,last,mnist,aupr_out_appendix,ood_metric/aupr_out_openood_auc,identity,SW numerical rank,geometry/spectrum/sw_numerical_rank,GEO-12,descriptive,id_train,raw_feature_covariance,,,ood_score/msp,OOD-3,up,,id_test_vs_mnist,detector_declared,0.0682788741998919,0.14407525140598595,-0.3361996677938969,0.6439749963802033,0.8542145785421458,0.9038329699964135,10,30,10000,20260805,float64,average,percentile_2.5_97.5,(extreme+1)/(resamples+1),dataset_checkpoint_endpoint_16x11,exploratory_association_not_causal
metric_contract_v1.2,c38b09694be88aa74de0741b39e9d3ba0d6ff61a,35a1a66f78dfd6255c4d804586ee6863969be78d21acec5cd0ccf00476ddaa5c,f80984d28ef9a7550633fb3aea514f783f3db1fa655a6d3f49850b10857e6afc,last,mnist,aupr_out_appendix,ood_metric/aupr_out_openood_auc,identity,SW condition number,geometry/spectrum/sw_condition_number_retained,GEO-12,descriptive,id_train,raw_feature_covariance,,,detector/ctm_prototype_cosine,OOD-3,up,id_train,id_test_vs_mnist,detector_declared,0.3696969696969697,0.2956618464961068,-0.27050762384041277,0.6514967207708936,0.29847015298470153,0.49690125327089935,10,30,10000,20260805,float64,average,percentile_2.5_97.5,(extreme+1)/(resamples+1),dataset_checkpoint_endpoint_16x11,exploratory_association_not_causal
metric_contract_v1.2,c38b09694be88aa74de0741b39e9d3ba0d6ff61a,35a1a66f78dfd6255c4d804586ee6863969be78d21acec5cd0ccf00476ddaa5c,f80984d28ef9a7550633fb3aea514f783f3db1fa655a6d3f49850b10857e6afc,last,mnist,aupr_out_appendix,ood_metric/aupr_out_openood_auc,identity,SW condition number,geometry/spectrum/sw_condition_number_retained,GEO-12,descriptive,id_train,raw_feature_covariance,,,detector/knn_l2_k50,OOD-3,up,id_train,id_test_vs_mnist,detector_declared,0.38181818181818183,0.24493882091212457,-0.3669131421306867,0.5952511650154673,0.27517248275172485,0.47480742121866243,10,30,10000,20260805,float64,average,percentile_2.5_97.5,(extreme+1)/(resamples+1),dataset_checkpoint_endpoint_16x11,exploratory_association_not_causal
metric_contract_v1.2,c38b09694be88aa74de0741b39e9d3ba0d6ff61a,35a1a66f78dfd6255c4d804586ee6863969be78d21acec5cd0ccf00476ddaa5c,f80984d28ef9a7550633fb3aea514f783f3db1fa655a6d3f49850b10857e6afc,last,mnist,aupr_out_appendix,ood_metric/aupr_out_openood_auc,identity,SW condition number,geometry/spectrum/sw_condition_number_retained,GEO-12,descriptive,id_train,raw_feature_covariance,,,detector/mahalanobis_pp,OOD-3,up,id_train,id_test_vs_mnist,detector_declared,0.3939393939393939,0.2649610678531702,-0.3716901334269663,0.6602312744539506,0.2632736726327367,0.46652934706529353,10,30,10000,20260805,float64,average,percentile_2.5_97.5,(extreme+1)/(resamples+1),dataset_checkpoint_endpoint_16x11,exploratory_association_not_causal
metric_contract_v1.2,c38b09694be88aa74de0741b39e9d3ba0d6ff61a,35a1a66f78dfd6255c4d804586ee6863969be78d21acec5cd0ccf00476ddaa5c,f80984d28ef9a7550633fb3aea514f783f3db1fa655a6d3f49850b10857e6afc,last,mnist,aupr_out_appendix,ood_metric/aupr_out_openood_auc,identity,SW condition number,geometry/spectrum/sw_condition_number_retained,GEO-12,descriptive,id_train,raw_feature_covariance,,,detector/mahalanobis_raw,OOD-3,up,id_train,id_test_vs_mnist,detector_declared,0.15151515151515152,0.1563959955506118,-0.5829899216125419,0.7781345690886151,0.6828317168283171,0.8091647211117815,10,30,10000,20260805,float64,average,percentile_2.5_97.5,(extreme+1)/(resamples+1),dataset_checkpoint_endpoint_16x11,exploratory_association_not_causal
metric_contract_v1.2,c38b09694be88aa74de0741b39e9d3ba0d6ff61a,35a1a66f78dfd6255c4d804586ee6863969be78d21acec5cd0ccf00476ddaa5c,f80984d28ef9a7550633fb3aea514f783f3db1fa655a6d3f49850b10857e6afc,last,mnist,aupr_out_appendix,ood_metric/aupr_out_openood_auc,identity,SW condition number,geometry/spectrum/sw_condition_number_retained,GEO-12,descriptive,id_train,raw_feature_covariance,,,detector/neco_author_std_dim100,OOD-3,up,id_train,id_test_vs_mnist,detector_declared,-0.17575757575757575,-0.2538375973303671,-0.7468421156174667,0.2959869819795604,0.6378362163783622,0.7850291893887534,10,30,10000,20260805,float64,average,percentile_2.5_97.5,(extreme+1)/(resamples+1),dataset_checkpoint_endpoint_16x11,exploratory_association_not_causal
metric_contract_v1.2,c38b09694be88aa74de0741b39e9d3ba0d6ff61a,35a1a66f78dfd6255c4d804586ee6863969be78d21acec5cd0ccf00476ddaa5c,f80984d28ef9a7550633fb3aea514f783f3db1fa655a6d3f49850b10857e6afc,last,mnist,aupr_out_appendix,ood_metric/aupr_out_openood_auc,identity,SW condition number,geometry/spectrum/sw_condition_number_retained,GEO-12,descriptive,id_train,raw_feature_covariance,,,detector/relative_mahalanobis_pp,OOD-3,up,id_train,id_test_vs_mnist,detector_declared,-0.12727272727272726,-0.26407119021134595,-0.659593477775296,0.24631299377665358,0.7429257074292571,0.843580158113221,10,30,10000,20260805,float64,average,percentile_2.5_97.5,(extreme+1)/(resamples+1),dataset_checkpoint_endpoint_16x11,exploratory_association_not_causal
metric_contract_v1.2,c38b09694be88aa74de0741b39e9d3ba0d6ff61a,35a1a66f78dfd6255c4d804586ee6863969be78d21acec5cd0ccf00476ddaa5c,f80984d28ef9a7550633fb3aea514f783f3db1fa655a6d3f49850b10857e6afc,last,mnist,aupr_out_appendix,ood_metric/aupr_out_openood_auc,identity,SW condition number,geometry/spectrum/sw_condition_number_retained,GEO-12,descriptive,id_train,raw_feature_covariance,,,detector/relative_mahalanobis_raw,OOD-3,up,id_train,id_test_vs_mnist,detector_declared,-0.04242424242424243,-0.1995550611790879,-0.6627419764626103,0.33486418571126486,0.913008699130087,0.9370039740212025,10,30,10000,20260805,float64,average,percentile_2.5_97.5,(extreme+1)/(resamples+1),dataset_checkpoint_endpoint_16x11,exploratory_association_not_causal
metric_contract_v1.2,c38b09694be88aa74de0741b39e9d3ba0d6ff61a,35a1a66f78dfd6255c4d804586ee6863969be78d21acec5cd0ccf00476ddaa5c,f80984d28ef9a7550633fb3aea514f783f3db1fa655a6d3f49850b10857e6afc,last,mnist,aupr_out_appendix,ood_metric/aupr_out_openood_auc,identity,SW condition number,geometry/spectrum/sw_condition_number_retained,GEO-12,descriptive,id_train,raw_feature_covariance,,,detector/vim_author_dim,OOD-3,up,id_train,id_test_vs_mnist,detector_declared,0.22424242424242424,0.03270300333704116,-0.5724815724815725,0.535817012616637,0.5415458454154585,0.7220611272206112,10,30,10000,20260805,float64,average,percentile_2.5_97.5,(extreme+1)/(resamples+1),dataset_checkpoint_endpoint_16x11,exploratory_association_not_causal
metric_contract_v1.2,c38b09694be88aa74de0741b39e9d3ba0d6ff61a,35a1a66f78dfd6255c4d804586ee6863969be78d21acec5cd0ccf00476ddaa5c,f80984d28ef9a7550633fb3aea514f783f3db1fa655a6d3f49850b10857e6afc,last,mnist,aupr_out_appendix,ood_metric/aupr_out_openood_auc,identity,SW condition number,geometry/spectrum/sw_condition_number_retained,GEO-12,descriptive,id_train,raw_feature_covariance,,,ood_score/energy_t1,OOD-3,up,,id_test_vs_mnist,detector_declared,-0.41818181818181815,-0.4367074527252503,-0.7174301813957318,0.15794058521331217,0.23017698230176983,0.4418281576097709,10,30,10000,20260805,float64,average,percentile_2.5_97.5,(extreme+1)/(resamples+1),dataset_checkpoint_endpoint_16x11,exploratory_association_not_causal
metric_contract_v1.2,c38b09694be88aa74de0741b39e9d3ba0d6ff61a,35a1a66f78dfd6255c4d804586ee6863969be78d21acec5cd0ccf00476ddaa5c,f80984d28ef9a7550633fb3aea514f783f3db1fa655a6d3f49850b10857e6afc,last,mnist,aupr_out_appendix,ood_metric/aupr_out_openood_auc,identity,SW condition number,geometry/spectrum/sw_condition_number_retained,GEO-12,descriptive,id_train,raw_feature_covariance,,,ood_score/max_logit,OOD-3,up,,id_test_vs_mnist,detector_declared,-0.40606060606060607,-0.44516129032258067,-0.7103263299061243,0.13335604748414098,0.24417558244175583,0.44229046483106793,10,30,10000,20260805,float64,average,percentile_2.5_97.5,(extreme+1)/(resamples+1),dataset_checkpoint_endpoint_16x11,exploratory_association_not_causal
metric_contract_v1.2,c38b09694be88aa74de0741b39e9d3ba0d6ff61a,35a1a66f78dfd6255c4d804586ee6863969be78d21acec5cd0ccf00476ddaa5c,f80984d28ef9a7550633fb3aea514f783f3db1fa655a6d3f49850b10857e6afc,last,mnist,aupr_out_appendix,ood_metric/aupr_out_openood_auc,identity,SW condition number,geometry/spectrum/sw_condition_number_retained,GEO-12,descriptive,id_train,raw_feature_covariance,,,ood_score/msp,OOD-3,up,,id_test_vs_mnist,detector_declared,0.10303030303030303,-0.040266963292547274,-0.5120612209069021,0.44989044943820217,0.7832216778322167,0.8561926416054046,10,30,10000,20260805,float64,average,percentile_2.5_97.5,(extreme+1)/(resamples+1),dataset_checkpoint_endpoint_16x11,exploratory_association_not_causal
metric_contract_v1.2,c38b09694be88aa74de0741b39e9d3ba0d6ff61a,35a1a66f78dfd6255c4d804586ee6863969be78d21acec5cd0ccf00476ddaa5c,f80984d28ef9a7550633fb3aea514f783f3db1fa655a6d3f49850b10857e6afc,last,mnist,aupr_out_appendix,ood_metric/aupr_out_openood_auc,identity,LID-50,geometry/lid_k50,GEO-14,descriptive,id_train,raw_feature_exact_neighbors,,,detector/ctm_prototype_cosine,OOD-3,up,id_train,id_test_vs_mnist,detector_declared,0.7212121212121212,0.6961067853170189,0.20294909172460193,0.8646415010051374,0.023797620237976203,0.13065360130653603,10,30,10000,20260805,float64,average,percentile_2.5_97.5,(extreme+1)/(resamples+1),dataset_checkpoint_endpoint_16x11,exploratory_association_not_causal
metric_contract_v1.2,c38b09694be88aa74de0741b39e9d3ba0d6ff61a,35a1a66f78dfd6255c4d804586ee6863969be78d21acec5cd0ccf00476ddaa5c,f80984d28ef9a7550633fb3aea514f783f3db1fa655a6d3f49850b10857e6afc,last,mnist,aupr_out_appendix,ood_metric/aupr_out_openood_auc,identity,LID-50,geometry/lid_k50,GEO-14,descriptive,id_train,raw_feature_exact_neighbors,,,detector/knn_l2_k50,OOD-3,up,id_train,id_test_vs_mnist,detector_declared,0.8545454545454545,0.8091212458286986,0.41966312371067566,0.8787358646642751,0.0025997400259974,0.03050361630503616,10,30,10000,20260805,float64,average,percentile_2.5_97.5,(extreme+1)/(resamples+1),dataset_checkpoint_endpoint_16x11,exploratory_association_not_causal
metric_contract_v1.2,c38b09694be88aa74de0741b39e9d3ba0d6ff61a,35a1a66f78dfd6255c4d804586ee6863969be78d21acec5cd0ccf00476ddaa5c,f80984d28ef9a7550633fb3aea514f783f3db1fa655a6d3f49850b10857e6afc,last,mnist,aupr_out_appendix,ood_metric/aupr_out_openood_auc,identity,LID-50,geometry/lid_k50,GEO-14,descriptive,id_train,raw_feature_exact_neighbors,,,detector/mahalanobis_pp,OOD-3,up,id_train,id_test_vs_mnist,detector_declared,0.17575757575757575,0.07630700778642936,-0.4709601546563292,0.575653130235062,0.6345365463453655,0.7850291893887534,10,30,10000,20260805,float64,average,percentile_2.5_97.5,(extreme+1)/(resamples+1),dataset_checkpoint_endpoint_16x11,exploratory_association_not_causal
metric_contract_v1.2,c38b09694be88aa74de0741b39e9d3ba0d6ff61a,35a1a66f78dfd6255c4d804586ee6863969be78d21acec5cd0ccf00476ddaa5c,f80984d28ef9a7550633fb3aea514f783f3db1fa655a6d3f49850b10857e6afc,last,mnist,aupr_out_appendix,ood_metric/aupr_out_openood_auc,identity,LID-50,geometry/lid_k50,GEO-14,descriptive,id_train,raw_feature_exact_neighbors,,,detector/mahalanobis_raw,OOD-3,up,id_train,id_test_vs_mnist,detector_declared,-0.05454545454545454,-0.053170189098998885,-0.5577472117812772,0.5689689613092765,0.8918108189181082,0.9232864948799238,10,30,10000,20260805,float64,average,percentile_2.5_97.5,(extreme+1)/(resamples+1),dataset_checkpoint_endpoint_16x11,exploratory_association_not_causal
metric_contract_v1.2,c38b09694be88aa74de0741b39e9d3ba0d6ff61a,35a1a66f78dfd6255c4d804586ee6863969be78d21acec5cd0ccf00476ddaa5c,f80984d28ef9a7550633fb3aea514f783f3db1fa655a6d3f49850b10857e6afc,last,mnist,aupr_out_appendix,ood_metric/aupr_out_openood_auc,identity,LID-50,geometry/lid_k50,GEO-14,descriptive,id_train,raw_feature_exact_neighbors,,,detector/neco_author_std_dim100,OOD-3,up,id_train,id_test_vs_mnist,detector_declared,-0.5757575757575758,-0.5626251390433815,-0.8004464285714286,-0.07488669985224944,0.08859114088591141,0.2688282895848346,10,30,10000,20260805,float64,average,percentile_2.5_97.5,(extreme+1)/(resamples+1),dataset_checkpoint_endpoint_16x11,exploratory_association_not_causal
metric_contract_v1.2,c38b09694be88aa74de0741b39e9d3ba0d6ff61a,35a1a66f78dfd6255c4d804586ee6863969be78d21acec5cd0ccf00476ddaa5c,f80984d28ef9a7550633fb3aea514f783f3db1fa655a6d3f49850b10857e6afc,last,mnist,aupr_out_appendix,ood_metric/aupr_out_openood_auc,identity,LID-50,geometry/lid_k50,GEO-14,descriptive,id_train,raw_feature_exact_neighbors,,,detector/relative_mahalanobis_pp,OOD-3,up,id_train,id_test_vs_mnist,detector_declared,-0.030303030303030304,-0.1310344827586207,-0.6451226464763529,0.42589907197211907,0.9425057494250575,0.9588497797619082,10,30,10000,20260805,float64,average,percentile_2.5_97.5,(extreme+1)/(resamples+1),dataset_checkpoint_endpoint_16x11,exploratory_association_not_causal
metric_contract_v1.2,c38b09694be88aa74de0741b39e9d3ba0d6ff61a,35a1a66f78dfd6255c4d804586ee6863969be78d21acec5cd0ccf00476ddaa5c,f80984d28ef9a7550633fb3aea514f783f3db1fa655a6d3f49850b10857e6afc,last,mnist,aupr_out_appendix,ood_metric/aupr_out_openood_auc,identity,LID-50,geometry/lid_k50,GEO-14,descriptive,id_train,raw_feature_exact_neighbors,,,detector/relative_mahalanobis_raw,OOD-3,up,id_train,id_test_vs_mnist,detector_declared,-0.45454545454545453,-0.48698553948832035,-0.8059607659767654,0.0625,0.18988101189881013,0.40263925414687446,10,30,10000,20260805,float64,average,percentile_2.5_97.5,(extreme+1)/(resamples+1),dataset_checkpoint_endpoint_16x11,exploratory_association_not_causal
metric_contract_v1.2,c38b09694be88aa74de0741b39e9d3ba0d6ff61a,35a1a66f78dfd6255c4d804586ee6863969be78d21acec5cd0ccf00476ddaa5c,f80984d28ef9a7550633fb3aea514f783f3db1fa655a6d3f49850b10857e6afc,last,mnist,aupr_out_appendix,ood_metric/aupr_out_openood_auc,identity,LID-50,geometry/lid_k50,GEO-14,descriptive,id_train,raw_feature_exact_neighbors,,,detector/vim_author_dim,OOD-3,up,id_train,id_test_vs_mnist,detector_declared,0.6363636363636364,0.5274749721913237,-0.11101203744984396,0.7945484080383773,0.056394360563943605,0.21857014298570143,10,30,10000,20260805,float64,average,percentile_2.5_97.5,(extreme+1)/(resamples+1),dataset_checkpoint_endpoint_16x11,exploratory_association_not_causal
metric_contract_v1.2,c38b09694be88aa74de0741b39e9d3ba0d6ff61a,35a1a66f78dfd6255c4d804586ee6863969be78d21acec5cd0ccf00476ddaa5c,f80984d28ef9a7550633fb3aea514f783f3db1fa655a6d3f49850b10857e6afc,last,mnist,aupr_out_appendix,ood_metric/aupr_out_openood_auc,identity,LID-50,geometry/lid_k50,GEO-14,descriptive,id_train,raw_feature_exact_neighbors,,,ood_score/energy_t1,OOD-3,up,,id_test_vs_mnist,detector_declared,-0.4303030303030303,-0.4638487208008899,-0.7947511520403795,0.032589285714285716,0.22147785221477853,0.4379786740427081,10,30,10000,20260805,float64,average,percentile_2.5_97.5,(extreme+1)/(resamples+1),dataset_checkpoint_endpoint_16x11,exploratory_association_not_causal
metric_contract_v1.2,c38b09694be88aa74de0741b39e9d3ba0d6ff61a,35a1a66f78dfd6255c4d804586ee6863969be78d21acec5cd0ccf00476ddaa5c,f80984d28ef9a7550633fb3aea514f783f3db1fa655a6d3f49850b10857e6afc,last,mnist,aupr_out_appendix,ood_metric/aupr_out_openood_auc,identity,LID-50,geometry/lid_k50,GEO-14,descriptive,id_train,raw_feature_exact_neighbors,,,ood_score/max_logit,OOD-3,up,,id_test_vs_mnist,detector_declared,-0.47878787878787876,-0.4562847608453838,-0.7715815302252955,0.02954528203775695,0.17078292170782922,0.39549729237602554,10,30,10000,20260805,float64,average,percentile_2.5_97.5,(extreme+1)/(resamples+1),dataset_checkpoint_endpoint_16x11,exploratory_association_not_causal
metric_contract_v1.2,c38b09694be88aa74de0741b39e9d3ba0d6ff61a,35a1a66f78dfd6255c4d804586ee6863969be78d21acec5cd0ccf00476ddaa5c,f80984d28ef9a7550633fb3aea514f783f3db1fa655a6d3f49850b10857e6afc,last,mnist,aupr_out_appendix,ood_metric/aupr_out_openood_auc,identity,LID-50,geometry/lid_k50,GEO-14,descriptive,id_train,raw_feature_exact_neighbors,,,ood_score/msp,OOD-3,up,,id_test_vs_mnist,detector_declared,-0.4666666666666667,-0.4131256952169077,-0.756982107964138,0.09986884506667691,0.18268173182681732,0.3971553461937757,10,30,10000,20260805,float64,average,percentile_2.5_97.5,(extreme+1)/(resamples+1),dataset_checkpoint_endpoint_16x11,exploratory_association_not_causal
