definition_version,evaluation_git_sha,inventory_hash,dataset_policy_hash,checkpoint_role,ood_dataset,endpoint,ood_artifact_key,performance_transform,geometry_name,geometry_artifact_key,geometry_formula_id,geometry_direction,geometry_fit_split,geometry_transform,geometry_statistic,geometry_query_split,detector,ood_formula_id,ood_direction,ood_fit_split,ood_query_split,ood_transform,config_mean_spearman_rho,seed_level_clustered_rho,cluster_bootstrap_ci_low,cluster_bootstrap_ci_high,permutation_pvalue,bh_fdr_qvalue,config_count,seed_observation_count,resamples,random_seed,analysis_dtype,rank_tie_method,bootstrap_ci_method,permutation_pvalue_rule,bh_fdr_scope,interpretation
metric_contract_v1.2,c38b09694be88aa74de0741b39e9d3ba0d6ff61a,35a1a66f78dfd6255c4d804586ee6863969be78d21acec5cd0ccf00476ddaa5c,f80984d28ef9a7550633fb3aea514f783f3db1fa655a6d3f49850b10857e6afc,last,places365,aupr_out_appendix,ood_metric/aupr_out_openood_auc,identity,Feature norm mean,geometry/feature_norm/global,GEO-1,descriptive,id_train,raw_feature,mean,,detector/ctm_prototype_cosine,OOD-3,up,id_train,id_test_vs_places365,detector_declared,-0.24848484848484848,-0.25739710789766407,-0.7357168087015026,0.444794002015872,0.4904509549045096,0.8169201771411644,10,30,10000,20260805,float64,average,percentile_2.5_97.5,(extreme+1)/(resamples+1),dataset_checkpoint_endpoint_16x11,exploratory_association_not_causal
metric_contract_v1.2,c38b09694be88aa74de0741b39e9d3ba0d6ff61a,35a1a66f78dfd6255c4d804586ee6863969be78d21acec5cd0ccf00476ddaa5c,f80984d28ef9a7550633fb3aea514f783f3db1fa655a6d3f49850b10857e6afc,last,places365,aupr_out_appendix,ood_metric/aupr_out_openood_auc,identity,Feature norm mean,geometry/feature_norm/global,GEO-1,descriptive,id_train,raw_feature,mean,,detector/knn_l2_k50,OOD-3,up,id_train,id_test_vs_places365,detector_declared,-0.5515151515151515,-0.639599555061179,-0.8895194129144345,0.02938600570083668,0.10838916108389161,0.47431447331457327,10,30,10000,20260805,float64,average,percentile_2.5_97.5,(extreme+1)/(resamples+1),dataset_checkpoint_endpoint_16x11,exploratory_association_not_causal
metric_contract_v1.2,c38b09694be88aa74de0741b39e9d3ba0d6ff61a,35a1a66f78dfd6255c4d804586ee6863969be78d21acec5cd0ccf00476ddaa5c,f80984d28ef9a7550633fb3aea514f783f3db1fa655a6d3f49850b10857e6afc,last,places365,aupr_out_appendix,ood_metric/aupr_out_openood_auc,identity,Feature norm mean,geometry/feature_norm/global,GEO-1,descriptive,id_train,raw_feature,mean,,detector/mahalanobis_pp,OOD-3,up,id_train,id_test_vs_places365,detector_declared,-0.503030303030303,-0.5136818687430478,-0.8525798525798526,0.11507021436999759,0.13788621137886212,0.5163398553761646,10,30,10000,20260805,float64,average,percentile_2.5_97.5,(extreme+1)/(resamples+1),dataset_checkpoint_endpoint_16x11,exploratory_association_not_causal
metric_contract_v1.2,c38b09694be88aa74de0741b39e9d3ba0d6ff61a,35a1a66f78dfd6255c4d804586ee6863969be78d21acec5cd0ccf00476ddaa5c,f80984d28ef9a7550633fb3aea514f783f3db1fa655a6d3f49850b10857e6afc,last,places365,aupr_out_appendix,ood_metric/aupr_out_openood_auc,identity,Feature norm mean,geometry/feature_norm/global,GEO-1,descriptive,id_train,raw_feature,mean,,detector/mahalanobis_raw,OOD-3,up,id_train,id_test_vs_places365,detector_declared,0.28484848484848485,0.2961067853170189,-0.5958242830273062,0.7857218641309549,0.4323567643235676,0.7807872273997091,10,30,10000,20260805,float64,average,percentile_2.5_97.5,(extreme+1)/(resamples+1),dataset_checkpoint_endpoint_16x11,exploratory_association_not_causal
metric_contract_v1.2,c38b09694be88aa74de0741b39e9d3ba0d6ff61a,35a1a66f78dfd6255c4d804586ee6863969be78d21acec5cd0ccf00476ddaa5c,f80984d28ef9a7550633fb3aea514f783f3db1fa655a6d3f49850b10857e6afc,last,places365,aupr_out_appendix,ood_metric/aupr_out_openood_auc,identity,Feature norm mean,geometry/feature_norm/global,GEO-1,descriptive,id_train,raw_feature,mean,,detector/neco_author_std_dim100,OOD-3,up,id_train,id_test_vs_places365,detector_declared,0.6363636363636364,0.557285873192436,-0.08820722362739182,0.8547161376843988,0.05629437056294371,0.3739626037396261,10,30,10000,20260805,float64,average,percentile_2.5_97.5,(extreme+1)/(resamples+1),dataset_checkpoint_endpoint_16x11,exploratory_association_not_causal
metric_contract_v1.2,c38b09694be88aa74de0741b39e9d3ba0d6ff61a,35a1a66f78dfd6255c4d804586ee6863969be78d21acec5cd0ccf00476ddaa5c,f80984d28ef9a7550633fb3aea514f783f3db1fa655a6d3f49850b10857e6afc,last,places365,aupr_out_appendix,ood_metric/aupr_out_openood_auc,identity,Feature norm mean,geometry/feature_norm/global,GEO-1,descriptive,id_train,raw_feature,mean,,detector/relative_mahalanobis_pp,OOD-3,up,id_train,id_test_vs_places365,detector_declared,-0.4666666666666667,-0.49365962180200224,-0.8240057398167236,0.300447798949208,0.18198180181981802,0.5588958345544756,10,30,10000,20260805,float64,average,percentile_2.5_97.5,(extreme+1)/(resamples+1),dataset_checkpoint_endpoint_16x11,exploratory_association_not_causal
metric_contract_v1.2,c38b09694be88aa74de0741b39e9d3ba0d6ff61a,35a1a66f78dfd6255c4d804586ee6863969be78d21acec5cd0ccf00476ddaa5c,f80984d28ef9a7550633fb3aea514f783f3db1fa655a6d3f49850b10857e6afc,last,places365,aupr_out_appendix,ood_metric/aupr_out_openood_auc,identity,Feature norm mean,geometry/feature_norm/global,GEO-1,descriptive,id_train,raw_feature,mean,,detector/relative_mahalanobis_raw,OOD-3,up,id_train,id_test_vs_places365,detector_declared,-0.4666666666666667,-0.4754171301446051,-0.7336615935541629,0.25148729149324406,0.18418158184181582,0.5588958345544756,10,30,10000,20260805,float64,average,percentile_2.5_97.5,(extreme+1)/(resamples+1),dataset_checkpoint_endpoint_16x11,exploratory_association_not_causal
metric_contract_v1.2,c38b09694be88aa74de0741b39e9d3ba0d6ff61a,35a1a66f78dfd6255c4d804586ee6863969be78d21acec5cd0ccf00476ddaa5c,f80984d28ef9a7550633fb3aea514f783f3db1fa655a6d3f49850b10857e6afc,last,places365,aupr_out_appendix,ood_metric/aupr_out_openood_auc,identity,Feature norm mean,geometry/feature_norm/global,GEO-1,descriptive,id_train,raw_feature,mean,,detector/vim_author_dim,OOD-3,up,id_train,id_test_vs_places365,detector_declared,-0.6484848484848484,-0.664071190211346,-0.9371797727779015,0.02684910727845625,0.05119488051194881,0.3739626037396261,10,30,10000,20260805,float64,average,percentile_2.5_97.5,(extreme+1)/(resamples+1),dataset_checkpoint_endpoint_16x11,exploratory_association_not_causal
metric_contract_v1.2,c38b09694be88aa74de0741b39e9d3ba0d6ff61a,35a1a66f78dfd6255c4d804586ee6863969be78d21acec5cd0ccf00476ddaa5c,f80984d28ef9a7550633fb3aea514f783f3db1fa655a6d3f49850b10857e6afc,last,places365,aupr_out_appendix,ood_metric/aupr_out_openood_auc,identity,Feature norm mean,geometry/feature_norm/global,GEO-1,descriptive,id_train,raw_feature,mean,,ood_score/energy_t1,OOD-3,up,,id_test_vs_places365,detector_declared,0.006060606060606061,-0.09810901001112347,-0.750790016462006,0.723617216932661,1.0,1.0,10,30,10000,20260805,float64,average,percentile_2.5_97.5,(extreme+1)/(resamples+1),dataset_checkpoint_endpoint_16x11,exploratory_association_not_causal
metric_contract_v1.2,c38b09694be88aa74de0741b39e9d3ba0d6ff61a,35a1a66f78dfd6255c4d804586ee6863969be78d21acec5cd0ccf00476ddaa5c,f80984d28ef9a7550633fb3aea514f783f3db1fa655a6d3f49850b10857e6afc,last,places365,aupr_out_appendix,ood_metric/aupr_out_openood_auc,identity,Feature norm mean,geometry/feature_norm/global,GEO-1,descriptive,id_train,raw_feature,mean,,ood_score/max_logit,OOD-3,up,,id_test_vs_places365,detector_declared,-0.07878787878787878,-0.11012235817575083,-0.7571448568229083,0.7368773732410097,0.8316168383161684,0.9793266287406348,10,30,10000,20260805,float64,average,percentile_2.5_97.5,(extreme+1)/(resamples+1),dataset_checkpoint_endpoint_16x11,exploratory_association_not_causal
metric_contract_v1.2,c38b09694be88aa74de0741b39e9d3ba0d6ff61a,35a1a66f78dfd6255c4d804586ee6863969be78d21acec5cd0ccf00476ddaa5c,f80984d28ef9a7550633fb3aea514f783f3db1fa655a6d3f49850b10857e6afc,last,places365,aupr_out_appendix,ood_metric/aupr_out_openood_auc,identity,Feature norm mean,geometry/feature_norm/global,GEO-1,descriptive,id_train,raw_feature,mean,,ood_score/msp,OOD-3,up,,id_test_vs_places365,detector_declared,-0.030303030303030304,0.04382647385984427,-0.5206037938061621,0.6347204581932759,0.9486051394860514,0.9793266287406348,10,30,10000,20260805,float64,average,percentile_2.5_97.5,(extreme+1)/(resamples+1),dataset_checkpoint_endpoint_16x11,exploratory_association_not_causal
metric_contract_v1.2,c38b09694be88aa74de0741b39e9d3ba0d6ff61a,35a1a66f78dfd6255c4d804586ee6863969be78d21acec5cd0ccf00476ddaa5c,f80984d28ef9a7550633fb3aea514f783f3db1fa655a6d3f49850b10857e6afc,last,places365,aupr_out_appendix,ood_metric/aupr_out_openood_auc,identity,Feature norm CV,geometry/feature_norm/global,GEO-1,descriptive,id_train,raw_feature,cv,,detector/ctm_prototype_cosine,OOD-3,up,id_train,id_test_vs_places365,detector_declared,-0.2,-0.12080088987764183,-0.6544696653929608,0.5257134947826555,0.5804419558044196,0.8709637510825188,10,30,10000,20260805,float64,average,percentile_2.5_97.5,(extreme+1)/(resamples+1),dataset_checkpoint_endpoint_16x11,exploratory_association_not_causal
metric_contract_v1.2,c38b09694be88aa74de0741b39e9d3ba0d6ff61a,35a1a66f78dfd6255c4d804586ee6863969be78d21acec5cd0ccf00476ddaa5c,f80984d28ef9a7550633fb3aea514f783f3db1fa655a6d3f49850b10857e6afc,last,places365,aupr_out_appendix,ood_metric/aupr_out_openood_auc,identity,Feature norm CV,geometry/feature_norm/global,GEO-1,descriptive,id_train,raw_feature,cv,,detector/knn_l2_k50,OOD-3,up,id_train,id_test_vs_places365,detector_declared,-0.05454545454545454,0.13770856507230256,-0.4179206851166078,0.6603070005536784,0.8896110388961104,0.9793266287406348,10,30,10000,20260805,float64,average,percentile_2.5_97.5,(extreme+1)/(resamples+1),dataset_checkpoint_endpoint_16x11,exploratory_association_not_causal
metric_contract_v1.2,c38b09694be88aa74de0741b39e9d3ba0d6ff61a,35a1a66f78dfd6255c4d804586ee6863969be78d21acec5cd0ccf00476ddaa5c,f80984d28ef9a7550633fb3aea514f783f3db1fa655a6d3f49850b10857e6afc,last,places365,aupr_out_appendix,ood_metric/aupr_out_openood_auc,identity,Feature norm CV,geometry/feature_norm/global,GEO-1,descriptive,id_train,raw_feature,cv,,detector/mahalanobis_pp,OOD-3,up,id_train,id_test_vs_places365,detector_declared,0.7333333333333333,0.5924360400444939,0.023871631094642482,0.8454322090685727,0.023997600239976002,0.3739626037396261,10,30,10000,20260805,float64,average,percentile_2.5_97.5,(extreme+1)/(resamples+1),dataset_checkpoint_endpoint_16x11,exploratory_association_not_causal
metric_contract_v1.2,c38b09694be88aa74de0741b39e9d3ba0d6ff61a,35a1a66f78dfd6255c4d804586ee6863969be78d21acec5cd0ccf00476ddaa5c,f80984d28ef9a7550633fb3aea514f783f3db1fa655a6d3f49850b10857e6afc,last,places365,aupr_out_appendix,ood_metric/aupr_out_openood_auc,identity,Feature norm CV,geometry/feature_norm/global,GEO-1,descriptive,id_train,raw_feature,cv,,detector/mahalanobis_raw,OOD-3,up,id_train,id_test_vs_places365,detector_declared,-0.793939393939394,-0.7882091212458286,-0.921220188343754,-0.35317715843576514,0.011998800119988001,0.3739626037396261,10,30,10000,20260805,float64,average,percentile_2.5_97.5,(extreme+1)/(resamples+1),dataset_checkpoint_endpoint_16x11,exploratory_association_not_causal
metric_contract_v1.2,c38b09694be88aa74de0741b39e9d3ba0d6ff61a,35a1a66f78dfd6255c4d804586ee6863969be78d21acec5cd0ccf00476ddaa5c,f80984d28ef9a7550633fb3aea514f783f3db1fa655a6d3f49850b10857e6afc,last,places365,aupr_out_appendix,ood_metric/aupr_out_openood_auc,identity,Feature norm CV,geometry/feature_norm/global,GEO-1,descriptive,id_train,raw_feature,cv,,detector/neco_author_std_dim100,OOD-3,up,id_train,id_test_vs_places365,detector_declared,-0.6363636363636364,-0.6854282536151279,-0.9170754004739682,-0.19141165959347795,0.05089491050894911,0.3739626037396261,10,30,10000,20260805,float64,average,percentile_2.5_97.5,(extreme+1)/(resamples+1),dataset_checkpoint_endpoint_16x11,exploratory_association_not_causal
metric_contract_v1.2,c38b09694be88aa74de0741b39e9d3ba0d6ff61a,35a1a66f78dfd6255c4d804586ee6863969be78d21acec5cd0ccf00476ddaa5c,f80984d28ef9a7550633fb3aea514f783f3db1fa655a6d3f49850b10857e6afc,last,places365,aupr_out_appendix,ood_metric/aupr_out_openood_auc,identity,Feature norm CV,geometry/feature_norm/global,GEO-1,descriptive,id_train,raw_feature,cv,,detector/relative_mahalanobis_pp,OOD-3,up,id_train,id_test_vs_places365,detector_declared,-0.3090909090909091,-0.22402669632925473,-0.6580524090484371,0.5118987844647611,0.38316168383161686,0.7608767213166324,10,30,10000,20260805,float64,average,percentile_2.5_97.5,(extreme+1)/(resamples+1),dataset_checkpoint_endpoint_16x11,exploratory_association_not_causal
metric_contract_v1.2,c38b09694be88aa74de0741b39e9d3ba0d6ff61a,35a1a66f78dfd6255c4d804586ee6863969be78d21acec5cd0ccf00476ddaa5c,f80984d28ef9a7550633fb3aea514f783f3db1fa655a6d3f49850b10857e6afc,last,places365,aupr_out_appendix,ood_metric/aupr_out_openood_auc,identity,Feature norm CV,geometry/feature_norm/global,GEO-1,descriptive,id_train,raw_feature,cv,,detector/relative_mahalanobis_raw,OOD-3,up,id_train,id_test_vs_places365,detector_declared,-0.10303030303030303,-0.08387096774193549,-0.5778198840838162,0.63331367086969,0.7902209779022098,0.9793266287406348,10,30,10000,20260805,float64,average,percentile_2.5_97.5,(extreme+1)/(resamples+1),dataset_checkpoint_endpoint_16x11,exploratory_association_not_causal
metric_contract_v1.2,c38b09694be88aa74de0741b39e9d3ba0d6ff61a,35a1a66f78dfd6255c4d804586ee6863969be78d21acec5cd0ccf00476ddaa5c,f80984d28ef9a7550633fb3aea514f783f3db1fa655a6d3f49850b10857e6afc,last,places365,aupr_out_appendix,ood_metric/aupr_out_openood_auc,identity,Feature norm CV,geometry/feature_norm/global,GEO-1,descriptive,id_train,raw_feature,cv,,detector/vim_author_dim,OOD-3,up,id_train,id_test_vs_places365,detector_declared,0.15151515151515152,0.17730812013348166,-0.685530870575819,0.6457220855500292,0.6834316568343166,0.9480878683785166,10,30,10000,20260805,float64,average,percentile_2.5_97.5,(extreme+1)/(resamples+1),dataset_checkpoint_endpoint_16x11,exploratory_association_not_causal
metric_contract_v1.2,c38b09694be88aa74de0741b39e9d3ba0d6ff61a,35a1a66f78dfd6255c4d804586ee6863969be78d21acec5cd0ccf00476ddaa5c,f80984d28ef9a7550633fb3aea514f783f3db1fa655a6d3f49850b10857e6afc,last,places365,aupr_out_appendix,ood_metric/aupr_out_openood_auc,identity,Feature norm CV,geometry/feature_norm/global,GEO-1,descriptive,id_train,raw_feature,cv,,ood_score/energy_t1,OOD-3,up,,id_test_vs_places365,detector_declared,0.44242424242424244,0.4447163515016685,-0.33753587026457205,0.8444048149799376,0.205979402059794,0.6042062460420624,10,30,10000,20260805,float64,average,percentile_2.5_97.5,(extreme+1)/(resamples+1),dataset_checkpoint_endpoint_16x11,exploratory_association_not_causal
metric_contract_v1.2,c38b09694be88aa74de0741b39e9d3ba0d6ff61a,35a1a66f78dfd6255c4d804586ee6863969be78d21acec5cd0ccf00476ddaa5c,f80984d28ef9a7550633fb3aea514f783f3db1fa655a6d3f49850b10857e6afc,last,places365,aupr_out_appendix,ood_metric/aupr_out_openood_auc,identity,Feature norm CV,geometry/feature_norm/global,GEO-1,descriptive,id_train,raw_feature,cv,,ood_score/max_logit,OOD-3,up,,id_test_vs_places365,detector_declared,0.4666666666666667,0.4723025583982202,-0.3102527875610262,0.8720023935496649,0.1825817418258174,0.5588958345544756,10,30,10000,20260805,float64,average,percentile_2.5_97.5,(extreme+1)/(resamples+1),dataset_checkpoint_endpoint_16x11,exploratory_association_not_causal
metric_contract_v1.2,c38b09694be88aa74de0741b39e9d3ba0d6ff61a,35a1a66f78dfd6255c4d804586ee6863969be78d21acec5cd0ccf00476ddaa5c,f80984d28ef9a7550633fb3aea514f783f3db1fa655a6d3f49850b10857e6afc,last,places365,aupr_out_appendix,ood_metric/aupr_out_openood_auc,identity,Feature norm CV,geometry/feature_norm/global,GEO-1,descriptive,id_train,raw_feature,cv,,ood_score/msp,OOD-3,up,,id_test_vs_places365,detector_declared,-0.15151515151515152,-0.18309232480533927,-0.6113627202423073,0.3437924315401712,0.6945305469453055,0.954979502049795,10,30,10000,20260805,float64,average,percentile_2.5_97.5,(extreme+1)/(resamples+1),dataset_checkpoint_endpoint_16x11,exploratory_association_not_causal
metric_contract_v1.2,c38b09694be88aa74de0741b39e9d3ba0d6ff61a,35a1a66f78dfd6255c4d804586ee6863969be78d21acec5cd0ccf00476ddaa5c,f80984d28ef9a7550633fb3aea514f783f3db1fa655a6d3f49850b10857e6afc,last,places365,aupr_out_appendix,ood_metric/aupr_out_openood_auc,identity,CDNV,geometry/cdnv/mean,GEO-2,down,id_train,raw_feature,,,detector/ctm_prototype_cosine,OOD-3,up,id_train,id_test_vs_places365,detector_declared,0.030303030303030304,0.01846496106785317,-0.5711485688758415,0.6362015158270173,0.9427057294270573,0.9793266287406348,10,30,10000,20260805,float64,average,percentile_2.5_97.5,(extreme+1)/(resamples+1),dataset_checkpoint_endpoint_16x11,exploratory_association_not_causal
metric_contract_v1.2,c38b09694be88aa74de0741b39e9d3ba0d6ff61a,35a1a66f78dfd6255c4d804586ee6863969be78d21acec5cd0ccf00476ddaa5c,f80984d28ef9a7550633fb3aea514f783f3db1fa655a6d3f49850b10857e6afc,last,places365,aupr_out_appendix,ood_metric/aupr_out_openood_auc,identity,CDNV,geometry/cdnv/mean,GEO-2,down,id_train,raw_feature,,,detector/knn_l2_k50,OOD-3,up,id_train,id_test_vs_places365,detector_declared,0.28484848484848485,0.38731924360400444,-0.22373410662502788,0.8222233246343649,0.42915708429157085,0.7807872273997091,10,30,10000,20260805,float64,average,percentile_2.5_97.5,(extreme+1)/(resamples+1),dataset_checkpoint_endpoint_16x11,exploratory_association_not_causal
metric_contract_v1.2,c38b09694be88aa74de0741b39e9d3ba0d6ff61a,35a1a66f78dfd6255c4d804586ee6863969be78d21acec5cd0ccf00476ddaa5c,f80984d28ef9a7550633fb3aea514f783f3db1fa655a6d3f49850b10857e6afc,last,places365,aupr_out_appendix,ood_metric/aupr_out_openood_auc,identity,CDNV,geometry/cdnv/mean,GEO-2,down,id_train,raw_feature,,,detector/mahalanobis_pp,OOD-3,up,id_train,id_test_vs_places365,detector_declared,0.4666666666666667,0.49232480533926587,-0.10208458291117697,0.81551877838354,0.18248175182481752,0.5588958345544756,10,30,10000,20260805,float64,average,percentile_2.5_97.5,(extreme+1)/(resamples+1),dataset_checkpoint_endpoint_16x11,exploratory_association_not_causal
metric_contract_v1.2,c38b09694be88aa74de0741b39e9d3ba0d6ff61a,35a1a66f78dfd6255c4d804586ee6863969be78d21acec5cd0ccf00476ddaa5c,f80984d28ef9a7550633fb3aea514f783f3db1fa655a6d3f49850b10857e6afc,last,places365,aupr_out_appendix,ood_metric/aupr_out_openood_auc,identity,CDNV,geometry/cdnv/mean,GEO-2,down,id_train,raw_feature,,,detector/mahalanobis_raw,OOD-3,up,id_train,id_test_vs_places365,detector_declared,-0.6121212121212121,-0.6169076751946607,-0.9182488273397365,0.169339727860807,0.07169283071692831,0.3739626037396261,10,30,10000,20260805,float64,average,percentile_2.5_97.5,(extreme+1)/(resamples+1),dataset_checkpoint_endpoint_16x11,exploratory_association_not_causal
metric_contract_v1.2,c38b09694be88aa74de0741b39e9d3ba0d6ff61a,35a1a66f78dfd6255c4d804586ee6863969be78d21acec5cd0ccf00476ddaa5c,f80984d28ef9a7550633fb3aea514f783f3db1fa655a6d3f49850b10857e6afc,last,places365,aupr_out_appendix,ood_metric/aupr_out_openood_auc,identity,CDNV,geometry/cdnv/mean,GEO-2,down,id_train,raw_feature,,,detector/neco_author_std_dim100,OOD-3,up,id_train,id_test_vs_places365,detector_declared,-0.9030303030303031,-0.8562847608453837,-0.9542805916629314,-0.5304866371656725,0.0007999200079992001,0.14078592140785923,10,30,10000,20260805,float64,average,percentile_2.5_97.5,(extreme+1)/(resamples+1),dataset_checkpoint_endpoint_16x11,exploratory_association_not_causal
metric_contract_v1.2,c38b09694be88aa74de0741b39e9d3ba0d6ff61a,35a1a66f78dfd6255c4d804586ee6863969be78d21acec5cd0ccf00476ddaa5c,f80984d28ef9a7550633fb3aea514f783f3db1fa655a6d3f49850b10857e6afc,last,places365,aupr_out_appendix,ood_metric/aupr_out_openood_auc,identity,CDNV,geometry/cdnv/mean,GEO-2,down,id_train,raw_feature,,,detector/relative_mahalanobis_pp,OOD-3,up,id_train,id_test_vs_places365,detector_declared,0.10303030303030303,0.1292547274749722,-0.4943851092727497,0.7812640071716719,0.7864213578642136,0.9793266287406348,10,30,10000,20260805,float64,average,percentile_2.5_97.5,(extreme+1)/(resamples+1),dataset_checkpoint_endpoint_16x11,exploratory_association_not_causal
metric_contract_v1.2,c38b09694be88aa74de0741b39e9d3ba0d6ff61a,35a1a66f78dfd6255c4d804586ee6863969be78d21acec5cd0ccf00476ddaa5c,f80984d28ef9a7550633fb3aea514f783f3db1fa655a6d3f49850b10857e6afc,last,places365,aupr_out_appendix,ood_metric/aupr_out_openood_auc,identity,CDNV,geometry/cdnv/mean,GEO-2,down,id_train,raw_feature,,,detector/relative_mahalanobis_raw,OOD-3,up,id_train,id_test_vs_places365,detector_declared,0.12727272727272726,0.14126807563959956,-0.4870908094030153,0.6553279056577491,0.7293270672932707,0.9685647976555728,10,30,10000,20260805,float64,average,percentile_2.5_97.5,(extreme+1)/(resamples+1),dataset_checkpoint_endpoint_16x11,exploratory_association_not_causal
metric_contract_v1.2,c38b09694be88aa74de0741b39e9d3ba0d6ff61a,35a1a66f78dfd6255c4d804586ee6863969be78d21acec5cd0ccf00476ddaa5c,f80984d28ef9a7550633fb3aea514f783f3db1fa655a6d3f49850b10857e6afc,last,places365,aupr_out_appendix,ood_metric/aupr_out_openood_auc,identity,CDNV,geometry/cdnv/mean,GEO-2,down,id_train,raw_feature,,,detector/vim_author_dim,OOD-3,up,id_train,id_test_vs_places365,detector_declared,0.38181818181818183,0.3979977753058954,-0.3553823166673733,0.8829699123574677,0.27877212278772123,0.6910407550794216,10,30,10000,20260805,float64,average,percentile_2.5_97.5,(extreme+1)/(resamples+1),dataset_checkpoint_endpoint_16x11,exploratory_association_not_causal
metric_contract_v1.2,c38b09694be88aa74de0741b39e9d3ba0d6ff61a,35a1a66f78dfd6255c4d804586ee6863969be78d21acec5cd0ccf00476ddaa5c,f80984d28ef9a7550633fb3aea514f783f3db1fa655a6d3f49850b10857e6afc,last,places365,aupr_out_appendix,ood_metric/aupr_out_openood_auc,identity,CDNV,geometry/cdnv/mean,GEO-2,down,id_train,raw_feature,,,ood_score/energy_t1,OOD-3,up,,id_test_vs_places365,detector_declared,0.06666666666666667,0.09588431590656285,-0.7080357142857143,0.7149973789036987,0.863013698630137,0.9793266287406348,10,30,10000,20260805,float64,average,percentile_2.5_97.5,(extreme+1)/(resamples+1),dataset_checkpoint_endpoint_16x11,exploratory_association_not_causal
metric_contract_v1.2,c38b09694be88aa74de0741b39e9d3ba0d6ff61a,35a1a66f78dfd6255c4d804586ee6863969be78d21acec5cd0ccf00476ddaa5c,f80984d28ef9a7550633fb3aea514f783f3db1fa655a6d3f49850b10857e6afc,last,places365,aupr_out_appendix,ood_metric/aupr_out_openood_auc,identity,CDNV,geometry/cdnv/mean,GEO-2,down,id_train,raw_feature,,,ood_score/max_logit,OOD-3,up,,id_test_vs_places365,detector_declared,0.1393939393939394,0.15194660734149054,-0.6694548551645058,0.766361402725039,0.706929307069293,0.957073523416889,10,30,10000,20260805,float64,average,percentile_2.5_97.5,(extreme+1)/(resamples+1),dataset_checkpoint_endpoint_16x11,exploratory_association_not_causal
metric_contract_v1.2,c38b09694be88aa74de0741b39e9d3ba0d6ff61a,35a1a66f78dfd6255c4d804586ee6863969be78d21acec5cd0ccf00476ddaa5c,f80984d28ef9a7550633fb3aea514f783f3db1fa655a6d3f49850b10857e6afc,last,places365,aupr_out_appendix,ood_metric/aupr_out_openood_auc,identity,CDNV,geometry/cdnv/mean,GEO-2,down,id_train,raw_feature,,,ood_score/msp,OOD-3,up,,id_test_vs_places365,detector_declared,-0.2,-0.3125695216907675,-0.7042775710058652,0.2204012655568329,0.5833416658334166,0.8709637510825188,10,30,10000,20260805,float64,average,percentile_2.5_97.5,(extreme+1)/(resamples+1),dataset_checkpoint_endpoint_16x11,exploratory_association_not_causal
metric_contract_v1.2,c38b09694be88aa74de0741b39e9d3ba0d6ff61a,35a1a66f78dfd6255c4d804586ee6863969be78d21acec5cd0ccf00476ddaa5c,f80984d28ef9a7550633fb3aea514f783f3db1fa655a6d3f49850b10857e6afc,last,places365,aupr_out_appendix,ood_metric/aupr_out_openood_auc,identity,NC1,geometry/nc1_pinv,GEO-5,down,id_train,raw_feature,,,detector/ctm_prototype_cosine,OOD-3,up,id_train,id_test_vs_places365,detector_declared,-0.15151515151515152,-0.1292547274749722,-0.5926853380739696,0.5298276139824356,0.6841315868413159,0.9480878683785166,10,30,10000,20260805,float64,average,percentile_2.5_97.5,(extreme+1)/(resamples+1),dataset_checkpoint_endpoint_16x11,exploratory_association_not_causal
metric_contract_v1.2,c38b09694be88aa74de0741b39e9d3ba0d6ff61a,35a1a66f78dfd6255c4d804586ee6863969be78d21acec5cd0ccf00476ddaa5c,f80984d28ef9a7550633fb3aea514f783f3db1fa655a6d3f49850b10857e6afc,last,places365,aupr_out_appendix,ood_metric/aupr_out_openood_auc,identity,NC1,geometry/nc1_pinv,GEO-5,down,id_train,raw_feature,,,detector/knn_l2_k50,OOD-3,up,id_train,id_test_vs_places365,detector_declared,0.10303030303030303,0.23915461624026696,-0.30664856676189794,0.7606188771745583,0.7856214378562144,0.9793266287406348,10,30,10000,20260805,float64,average,percentile_2.5_97.5,(extreme+1)/(resamples+1),dataset_checkpoint_endpoint_16x11,exploratory_association_not_causal
metric_contract_v1.2,c38b09694be88aa74de0741b39e9d3ba0d6ff61a,35a1a66f78dfd6255c4d804586ee6863969be78d21acec5cd0ccf00476ddaa5c,f80984d28ef9a7550633fb3aea514f783f3db1fa655a6d3f49850b10857e6afc,last,places365,aupr_out_appendix,ood_metric/aupr_out_openood_auc,identity,NC1,geometry/nc1_pinv,GEO-5,down,id_train,raw_feature,,,detector/mahalanobis_pp,OOD-3,up,id_train,id_test_vs_places365,detector_declared,0.6121212121212121,0.6026696329254727,0.0731132136034436,0.7937089185393258,0.06819318068193181,0.3739626037396261,10,30,10000,20260805,float64,average,percentile_2.5_97.5,(extreme+1)/(resamples+1),dataset_checkpoint_endpoint_16x11,exploratory_association_not_causal
metric_contract_v1.2,c38b09694be88aa74de0741b39e9d3ba0d6ff61a,35a1a66f78dfd6255c4d804586ee6863969be78d21acec5cd0ccf00476ddaa5c,f80984d28ef9a7550633fb3aea514f783f3db1fa655a6d3f49850b10857e6afc,last,places365,aupr_out_appendix,ood_metric/aupr_out_openood_auc,identity,NC1,geometry/nc1_pinv,GEO-5,down,id_train,raw_feature,,,detector/mahalanobis_raw,OOD-3,up,id_train,id_test_vs_places365,detector_declared,-0.7454545454545455,-0.7161290322580646,-0.9304037474905198,-0.09582232594766169,0.0193980601939806,0.3739626037396261,10,30,10000,20260805,float64,average,percentile_2.5_97.5,(extreme+1)/(resamples+1),dataset_checkpoint_endpoint_16x11,exploratory_association_not_causal
metric_contract_v1.2,c38b09694be88aa74de0741b39e9d3ba0d6ff61a,35a1a66f78dfd6255c4d804586ee6863969be78d21acec5cd0ccf00476ddaa5c,f80984d28ef9a7550633fb3aea514f783f3db1fa655a6d3f49850b10857e6afc,last,places365,aupr_out_appendix,ood_metric/aupr_out_openood_auc,identity,NC1,geometry/nc1_pinv,GEO-5,down,id_train,raw_feature,,,detector/neco_author_std_dim100,OOD-3,up,id_train,id_test_vs_places365,detector_declared,-0.793939393939394,-0.7931034482758621,-0.9293246672885151,-0.3500321535136077,0.009999000099990002,0.3739626037396261,10,30,10000,20260805,float64,average,percentile_2.5_97.5,(extreme+1)/(resamples+1),dataset_checkpoint_endpoint_16x11,exploratory_association_not_causal
metric_contract_v1.2,c38b09694be88aa74de0741b39e9d3ba0d6ff61a,35a1a66f78dfd6255c4d804586ee6863969be78d21acec5cd0ccf00476ddaa5c,f80984d28ef9a7550633fb3aea514f783f3db1fa655a6d3f49850b10857e6afc,last,places365,aupr_out_appendix,ood_metric/aupr_out_openood_auc,identity,NC1,geometry/nc1_pinv,GEO-5,down,id_train,raw_feature,,,detector/relative_mahalanobis_pp,OOD-3,up,id_train,id_test_vs_places365,detector_declared,-0.17575757575757575,-0.13904338153503892,-0.631009081136922,0.645014869517529,0.6348365163483651,0.9310935573109356,10,30,10000,20260805,float64,average,percentile_2.5_97.5,(extreme+1)/(resamples+1),dataset_checkpoint_endpoint_16x11,exploratory_association_not_causal
metric_contract_v1.2,c38b09694be88aa74de0741b39e9d3ba0d6ff61a,35a1a66f78dfd6255c4d804586ee6863969be78d21acec5cd0ccf00476ddaa5c,f80984d28ef9a7550633fb3aea514f783f3db1fa655a6d3f49850b10857e6afc,last,places365,aupr_out_appendix,ood_metric/aupr_out_openood_auc,identity,NC1,geometry/nc1_pinv,GEO-5,down,id_train,raw_feature,,,detector/relative_mahalanobis_raw,OOD-3,up,id_train,id_test_vs_places365,detector_declared,-0.24848484848484848,-0.1510567296996663,-0.6403883540534538,0.5938092899437434,0.49665033496650335,0.8169201771411644,10,30,10000,20260805,float64,average,percentile_2.5_97.5,(extreme+1)/(resamples+1),dataset_checkpoint_endpoint_16x11,exploratory_association_not_causal
metric_contract_v1.2,c38b09694be88aa74de0741b39e9d3ba0d6ff61a,35a1a66f78dfd6255c4d804586ee6863969be78d21acec5cd0ccf00476ddaa5c,f80984d28ef9a7550633fb3aea514f783f3db1fa655a6d3f49850b10857e6afc,last,places365,aupr_out_appendix,ood_metric/aupr_out_openood_auc,identity,NC1,geometry/nc1_pinv,GEO-5,down,id_train,raw_feature,,,detector/vim_author_dim,OOD-3,up,id_train,id_test_vs_places365,detector_declared,0.10303030303030303,0.214238042269188,-0.5405681562991241,0.7632057458103279,0.7892210778922107,0.9793266287406348,10,30,10000,20260805,float64,average,percentile_2.5_97.5,(extreme+1)/(resamples+1),dataset_checkpoint_endpoint_16x11,exploratory_association_not_causal
metric_contract_v1.2,c38b09694be88aa74de0741b39e9d3ba0d6ff61a,35a1a66f78dfd6255c4d804586ee6863969be78d21acec5cd0ccf00476ddaa5c,f80984d28ef9a7550633fb3aea514f783f3db1fa655a6d3f49850b10857e6afc,last,places365,aupr_out_appendix,ood_metric/aupr_out_openood_auc,identity,NC1,geometry/nc1_pinv,GEO-5,down,id_train,raw_feature,,,ood_score/energy_t1,OOD-3,up,,id_test_vs_places365,detector_declared,0.030303030303030304,0.06117908787541713,-0.7261619115979042,0.6763392857142857,0.946005399460054,0.9793266287406348,10,30,10000,20260805,float64,average,percentile_2.5_97.5,(extreme+1)/(resamples+1),dataset_checkpoint_endpoint_16x11,exploratory_association_not_causal
metric_contract_v1.2,c38b09694be88aa74de0741b39e9d3ba0d6ff61a,35a1a66f78dfd6255c4d804586ee6863969be78d21acec5cd0ccf00476ddaa5c,f80984d28ef9a7550633fb3aea514f783f3db1fa655a6d3f49850b10857e6afc,last,places365,aupr_out_appendix,ood_metric/aupr_out_openood_auc,identity,NC1,geometry/nc1_pinv,GEO-5,down,id_train,raw_feature,,,ood_score/max_logit,OOD-3,up,,id_test_vs_places365,detector_declared,0.09090909090909091,0.12525027808676306,-0.6971744471744471,0.7211019507795938,0.8111188881111889,0.9793266287406348,10,30,10000,20260805,float64,average,percentile_2.5_97.5,(extreme+1)/(resamples+1),dataset_checkpoint_endpoint_16x11,exploratory_association_not_causal
metric_contract_v1.2,c38b09694be88aa74de0741b39e9d3ba0d6ff61a,35a1a66f78dfd6255c4d804586ee6863969be78d21acec5cd0ccf00476ddaa5c,f80984d28ef9a7550633fb3aea514f783f3db1fa655a6d3f49850b10857e6afc,last,places365,aupr_out_appendix,ood_metric/aupr_out_openood_auc,identity,NC1,geometry/nc1_pinv,GEO-5,down,id_train,raw_feature,,,ood_score/msp,OOD-3,up,,id_test_vs_places365,detector_declared,-0.47878787878787876,-0.4985539488320356,-0.7638191413185822,0.055176441169019944,0.16818318168183183,0.5481525921481927,10,30,10000,20260805,float64,average,percentile_2.5_97.5,(extreme+1)/(resamples+1),dataset_checkpoint_endpoint_16x11,exploratory_association_not_causal
metric_contract_v1.2,c38b09694be88aa74de0741b39e9d3ba0d6ff61a,35a1a66f78dfd6255c4d804586ee6863969be78d21acec5cd0ccf00476ddaa5c,f80984d28ef9a7550633fb3aea514f783f3db1fa655a6d3f49850b10857e6afc,last,places365,aupr_out_appendix,ood_metric/aupr_out_openood_auc,identity,NC2 equinorm,geometry/nc2_equinorm,GEO-6,down,id_train,raw_feature,,,detector/ctm_prototype_cosine,OOD-3,up,id_train,id_test_vs_places365,detector_declared,0.1393939393939394,0.192880978865406,-0.5355129241177081,0.7815503351557718,0.7026297370262974,0.957073523416889,10,30,10000,20260805,float64,average,percentile_2.5_97.5,(extreme+1)/(resamples+1),dataset_checkpoint_endpoint_16x11,exploratory_association_not_causal
metric_contract_v1.2,c38b09694be88aa74de0741b39e9d3ba0d6ff61a,35a1a66f78dfd6255c4d804586ee6863969be78d21acec5cd0ccf00476ddaa5c,f80984d28ef9a7550633fb3aea514f783f3db1fa655a6d3f49850b10857e6afc,last,places365,aupr_out_appendix,ood_metric/aupr_out_openood_auc,identity,NC2 equinorm,geometry/nc2_equinorm,GEO-6,down,id_train,raw_feature,,,detector/knn_l2_k50,OOD-3,up,id_train,id_test_vs_places365,detector_declared,0.28484848484848485,0.42202447163515017,-0.19902836721018538,0.8078559475751041,0.42675732426757323,0.7807872273997091,10,30,10000,20260805,float64,average,percentile_2.5_97.5,(extreme+1)/(resamples+1),dataset_checkpoint_endpoint_16x11,exploratory_association_not_causal
metric_contract_v1.2,c38b09694be88aa74de0741b39e9d3ba0d6ff61a,35a1a66f78dfd6255c4d804586ee6863969be78d21acec5cd0ccf00476ddaa5c,f80984d28ef9a7550633fb3aea514f783f3db1fa655a6d3f49850b10857e6afc,last,places365,aupr_out_appendix,ood_metric/aupr_out_openood_auc,identity,NC2 equinorm,geometry/nc2_equinorm,GEO-6,down,id_train,raw_feature,,,detector/mahalanobis_pp,OOD-3,up,id_train,id_test_vs_places365,detector_declared,0.6363636363636364,0.5497219132369299,-0.16072180472233807,0.8962896736700938,0.05599440055994401,0.3739626037396261,10,30,10000,20260805,float64,average,percentile_2.5_97.5,(extreme+1)/(resamples+1),dataset_checkpoint_endpoint_16x11,exploratory_association_not_causal
metric_contract_v1.2,c38b09694be88aa74de0741b39e9d3ba0d6ff61a,35a1a66f78dfd6255c4d804586ee6863969be78d21acec5cd0ccf00476ddaa5c,f80984d28ef9a7550633fb3aea514f783f3db1fa655a6d3f49850b10857e6afc,last,places365,aupr_out_appendix,ood_metric/aupr_out_openood_auc,identity,NC2 equinorm,geometry/nc2_equinorm,GEO-6,down,id_train,raw_feature,,,detector/mahalanobis_raw,OOD-3,up,id_train,id_test_vs_places365,detector_declared,-0.7212121212121212,-0.6903225806451613,-0.8433329772469833,-0.14017857142857143,0.025997400259974,0.3739626037396261,10,30,10000,20260805,float64,average,percentile_2.5_97.5,(extreme+1)/(resamples+1),dataset_checkpoint_endpoint_16x11,exploratory_association_not_causal
metric_contract_v1.2,c38b09694be88aa74de0741b39e9d3ba0d6ff61a,35a1a66f78dfd6255c4d804586ee6863969be78d21acec5cd0ccf00476ddaa5c,f80984d28ef9a7550633fb3aea514f783f3db1fa655a6d3f49850b10857e6afc,last,places365,aupr_out_appendix,ood_metric/aupr_out_openood_auc,identity,NC2 equinorm,geometry/nc2_equinorm,GEO-6,down,id_train,raw_feature,,,detector/neco_author_std_dim100,OOD-3,up,id_train,id_test_vs_places365,detector_declared,-0.6848484848484848,-0.6658509454949945,-0.847971466785555,-0.1949896831692633,0.032896710328967106,0.3739626037396261,10,30,10000,20260805,float64,average,percentile_2.5_97.5,(extreme+1)/(resamples+1),dataset_checkpoint_endpoint_16x11,exploratory_association_not_causal
metric_contract_v1.2,c38b09694be88aa74de0741b39e9d3ba0d6ff61a,35a1a66f78dfd6255c4d804586ee6863969be78d21acec5cd0ccf00476ddaa5c,f80984d28ef9a7550633fb3aea514f783f3db1fa655a6d3f49850b10857e6afc,last,places365,aupr_out_appendix,ood_metric/aupr_out_openood_auc,identity,NC2 equinorm,geometry/nc2_equinorm,GEO-6,down,id_train,raw_feature,,,detector/relative_mahalanobis_pp,OOD-3,up,id_train,id_test_vs_places365,detector_declared,0.006060606060606061,0.09187986651835373,-0.574686813879647,0.6894974873012546,1.0,1.0,10,30,10000,20260805,float64,average,percentile_2.5_97.5,(extreme+1)/(resamples+1),dataset_checkpoint_endpoint_16x11,exploratory_association_not_causal
metric_contract_v1.2,c38b09694be88aa74de0741b39e9d3ba0d6ff61a,35a1a66f78dfd6255c4d804586ee6863969be78d21acec5cd0ccf00476ddaa5c,f80984d28ef9a7550633fb3aea514f783f3db1fa655a6d3f49850b10857e6afc,last,places365,aupr_out_appendix,ood_metric/aupr_out_openood_auc,identity,NC2 equinorm,geometry/nc2_equinorm,GEO-6,down,id_train,raw_feature,,,detector/relative_mahalanobis_raw,OOD-3,up,id_train,id_test_vs_places365,detector_declared,0.23636363636363636,0.22981090100111234,-0.48597257937392524,0.7747017353660726,0.5157484251574842,0.8404789150714557,10,30,10000,20260805,float64,average,percentile_2.5_97.5,(extreme+1)/(resamples+1),dataset_checkpoint_endpoint_16x11,exploratory_association_not_causal
metric_contract_v1.2,c38b09694be88aa74de0741b39e9d3ba0d6ff61a,35a1a66f78dfd6255c4d804586ee6863969be78d21acec5cd0ccf00476ddaa5c,f80984d28ef9a7550633fb3aea514f783f3db1fa655a6d3f49850b10857e6afc,last,places365,aupr_out_appendix,ood_metric/aupr_out_openood_auc,identity,NC2 equinorm,geometry/nc2_equinorm,GEO-6,down,id_train,raw_feature,,,detector/vim_author_dim,OOD-3,up,id_train,id_test_vs_places365,detector_declared,0.296969696969697,0.3459399332591769,-0.40014200392609517,0.8092670467293812,0.41135886411358863,0.7792425058569412,10,30,10000,20260805,float64,average,percentile_2.5_97.5,(extreme+1)/(resamples+1),dataset_checkpoint_endpoint_16x11,exploratory_association_not_causal
metric_contract_v1.2,c38b09694be88aa74de0741b39e9d3ba0d6ff61a,35a1a66f78dfd6255c4d804586ee6863969be78d21acec5cd0ccf00476ddaa5c,f80984d28ef9a7550633fb3aea514f783f3db1fa655a6d3f49850b10857e6afc,last,places365,aupr_out_appendix,ood_metric/aupr_out_openood_auc,identity,NC2 equinorm,geometry/nc2_equinorm,GEO-6,down,id_train,raw_feature,,,ood_score/energy_t1,OOD-3,up,,id_test_vs_places365,detector_declared,0.34545454545454546,0.3730812013348165,-0.4436134641105662,0.8178984553892938,0.33526647335266474,0.7215278472152784,10,30,10000,20260805,float64,average,percentile_2.5_97.5,(extreme+1)/(resamples+1),dataset_checkpoint_endpoint_16x11,exploratory_association_not_causal
metric_contract_v1.2,c38b09694be88aa74de0741b39e9d3ba0d6ff61a,35a1a66f78dfd6255c4d804586ee6863969be78d21acec5cd0ccf00476ddaa5c,f80984d28ef9a7550633fb3aea514f783f3db1fa655a6d3f49850b10857e6afc,last,places365,aupr_out_appendix,ood_metric/aupr_out_openood_auc,identity,NC2 equinorm,geometry/nc2_equinorm,GEO-6,down,id_train,raw_feature,,,ood_score/max_logit,OOD-3,up,,id_test_vs_places365,detector_declared,0.3696969696969697,0.3846496106785317,-0.45320527138708955,0.8445413562174925,0.30056994300569945,0.7053374662533747,10,30,10000,20260805,float64,average,percentile_2.5_97.5,(extreme+1)/(resamples+1),dataset_checkpoint_endpoint_16x11,exploratory_association_not_causal
metric_contract_v1.2,c38b09694be88aa74de0741b39e9d3ba0d6ff61a,35a1a66f78dfd6255c4d804586ee6863969be78d21acec5cd0ccf00476ddaa5c,f80984d28ef9a7550633fb3aea514f783f3db1fa655a6d3f49850b10857e6afc,last,places365,aupr_out_appendix,ood_metric/aupr_out_openood_auc,identity,NC2 equinorm,geometry/nc2_equinorm,GEO-6,down,id_train,raw_feature,,,ood_score/msp,OOD-3,up,,id_test_vs_places365,detector_declared,0.11515151515151516,0.014905450500556174,-0.5934952542058314,0.47512364607146873,0.7629237076292371,0.9793266287406348,10,30,10000,20260805,float64,average,percentile_2.5_97.5,(extreme+1)/(resamples+1),dataset_checkpoint_endpoint_16x11,exploratory_association_not_causal
metric_contract_v1.2,c38b09694be88aa74de0741b39e9d3ba0d6ff61a,35a1a66f78dfd6255c4d804586ee6863969be78d21acec5cd0ccf00476ddaa5c,f80984d28ef9a7550633fb3aea514f783f3db1fa655a6d3f49850b10857e6afc,last,places365,aupr_out_appendix,ood_metric/aupr_out_openood_auc,identity,NC2 equiangular,geometry/nc2_equiangular,GEO-6,down,id_train,raw_feature,,,detector/ctm_prototype_cosine,OOD-3,up,id_train,id_test_vs_places365,detector_declared,0.16363636363636364,0.19421579532814237,-0.4968461647444787,0.726167076167076,0.65003499650035,0.9436695674694825,10,30,10000,20260805,float64,average,percentile_2.5_97.5,(extreme+1)/(resamples+1),dataset_checkpoint_endpoint_16x11,exploratory_association_not_causal
metric_contract_v1.2,c38b09694be88aa74de0741b39e9d3ba0d6ff61a,35a1a66f78dfd6255c4d804586ee6863969be78d21acec5cd0ccf00476ddaa5c,f80984d28ef9a7550633fb3aea514f783f3db1fa655a6d3f49850b10857e6afc,last,places365,aupr_out_appendix,ood_metric/aupr_out_openood_auc,identity,NC2 equiangular,geometry/nc2_equiangular,GEO-6,down,id_train,raw_feature,,,detector/knn_l2_k50,OOD-3,up,id_train,id_test_vs_places365,detector_declared,0.2606060606060606,0.35706340378198,-0.20805697426136924,0.7010277684379997,0.46755324467553244,0.7995354310722773,10,30,10000,20260805,float64,average,percentile_2.5_97.5,(extreme+1)/(resamples+1),dataset_checkpoint_endpoint_16x11,exploratory_association_not_causal
metric_contract_v1.2,c38b09694be88aa74de0741b39e9d3ba0d6ff61a,35a1a66f78dfd6255c4d804586ee6863969be78d21acec5cd0ccf00476ddaa5c,f80984d28ef9a7550633fb3aea514f783f3db1fa655a6d3f49850b10857e6afc,last,places365,aupr_out_appendix,ood_metric/aupr_out_openood_auc,identity,NC2 equiangular,geometry/nc2_equiangular,GEO-6,down,id_train,raw_feature,,,detector/mahalanobis_pp,OOD-3,up,id_train,id_test_vs_places365,detector_declared,0.44242424242424244,0.26407119021134595,-0.4244315648684797,0.7246157972077434,0.20427957204279573,0.6042062460420624,10,30,10000,20260805,float64,average,percentile_2.5_97.5,(extreme+1)/(resamples+1),dataset_checkpoint_endpoint_16x11,exploratory_association_not_causal
metric_contract_v1.2,c38b09694be88aa74de0741b39e9d3ba0d6ff61a,35a1a66f78dfd6255c4d804586ee6863969be78d21acec5cd0ccf00476ddaa5c,f80984d28ef9a7550633fb3aea514f783f3db1fa655a6d3f49850b10857e6afc,last,places365,aupr_out_appendix,ood_metric/aupr_out_openood_auc,identity,NC2 equiangular,geometry/nc2_equiangular,GEO-6,down,id_train,raw_feature,,,detector/mahalanobis_raw,OOD-3,up,id_train,id_test_vs_places365,detector_declared,-0.6242424242424243,-0.6418242491657397,-0.8778421756576015,0.0038193650537248387,0.0633936606339366,0.3739626037396261,10,30,10000,20260805,float64,average,percentile_2.5_97.5,(extreme+1)/(resamples+1),dataset_checkpoint_endpoint_16x11,exploratory_association_not_causal
metric_contract_v1.2,c38b09694be88aa74de0741b39e9d3ba0d6ff61a,35a1a66f78dfd6255c4d804586ee6863969be78d21acec5cd0ccf00476ddaa5c,f80984d28ef9a7550633fb3aea514f783f3db1fa655a6d3f49850b10857e6afc,last,places365,aupr_out_appendix,ood_metric/aupr_out_openood_auc,identity,NC2 equiangular,geometry/nc2_equiangular,GEO-6,down,id_train,raw_feature,,,detector/neco_author_std_dim100,OOD-3,up,id_train,id_test_vs_places365,detector_declared,-0.5272727272727272,-0.5657397107897664,-0.8754575892857144,0.05786436373248335,0.11638836116388361,0.4763802689498492,10,30,10000,20260805,float64,average,percentile_2.5_97.5,(extreme+1)/(resamples+1),dataset_checkpoint_endpoint_16x11,exploratory_association_not_causal
metric_contract_v1.2,c38b09694be88aa74de0741b39e9d3ba0d6ff61a,35a1a66f78dfd6255c4d804586ee6863969be78d21acec5cd0ccf00476ddaa5c,f80984d28ef9a7550633fb3aea514f783f3db1fa655a6d3f49850b10857e6afc,last,places365,aupr_out_appendix,ood_metric/aupr_out_openood_auc,identity,NC2 equiangular,geometry/nc2_equiangular,GEO-6,down,id_train,raw_feature,,,detector/relative_mahalanobis_pp,OOD-3,up,id_train,id_test_vs_places365,detector_declared,0.16363636363636364,0.2075639599555061,-0.4081119174917498,0.7017399170435004,0.6632336766323368,0.9480878683785166,10,30,10000,20260805,float64,average,percentile_2.5_97.5,(extreme+1)/(resamples+1),dataset_checkpoint_endpoint_16x11,exploratory_association_not_causal
metric_contract_v1.2,c38b09694be88aa74de0741b39e9d3ba0d6ff61a,35a1a66f78dfd6255c4d804586ee6863969be78d21acec5cd0ccf00476ddaa5c,f80984d28ef9a7550633fb3aea514f783f3db1fa655a6d3f49850b10857e6afc,last,places365,aupr_out_appendix,ood_metric/aupr_out_openood_auc,identity,NC2 equiangular,geometry/nc2_equiangular,GEO-6,down,id_train,raw_feature,,,detector/relative_mahalanobis_raw,OOD-3,up,id_train,id_test_vs_places365,detector_declared,0.3696969696969697,0.33793103448275863,-0.3245053866371966,0.6707888460221448,0.2997700229977002,0.7053374662533747,10,30,10000,20260805,float64,average,percentile_2.5_97.5,(extreme+1)/(resamples+1),dataset_checkpoint_endpoint_16x11,exploratory_association_not_causal
metric_contract_v1.2,c38b09694be88aa74de0741b39e9d3ba0d6ff61a,35a1a66f78dfd6255c4d804586ee6863969be78d21acec5cd0ccf00476ddaa5c,f80984d28ef9a7550633fb3aea514f783f3db1fa655a6d3f49850b10857e6afc,last,places365,aupr_out_appendix,ood_metric/aupr_out_openood_auc,identity,NC2 equiangular,geometry/nc2_equiangular,GEO-6,down,id_train,raw_feature,,,detector/vim_author_dim,OOD-3,up,id_train,id_test_vs_places365,detector_declared,0.16363636363636364,0.1332591768631813,-0.46052601460234505,0.6967212875520249,0.6541345865413458,0.9436695674694825,10,30,10000,20260805,float64,average,percentile_2.5_97.5,(extreme+1)/(resamples+1),dataset_checkpoint_endpoint_16x11,exploratory_association_not_causal
metric_contract_v1.2,c38b09694be88aa74de0741b39e9d3ba0d6ff61a,35a1a66f78dfd6255c4d804586ee6863969be78d21acec5cd0ccf00476ddaa5c,f80984d28ef9a7550633fb3aea514f783f3db1fa655a6d3f49850b10857e6afc,last,places365,aupr_out_appendix,ood_metric/aupr_out_openood_auc,identity,NC2 equiangular,geometry/nc2_equiangular,GEO-6,down,id_train,raw_feature,,,ood_score/energy_t1,OOD-3,up,,id_test_vs_places365,detector_declared,0.4303030303030303,0.33793103448275863,-0.393798630733894,0.8466409072929966,0.21587841215878412,0.6228623039335411,10,30,10000,20260805,float64,average,percentile_2.5_97.5,(extreme+1)/(resamples+1),dataset_checkpoint_endpoint_16x11,exploratory_association_not_causal
metric_contract_v1.2,c38b09694be88aa74de0741b39e9d3ba0d6ff61a,35a1a66f78dfd6255c4d804586ee6863969be78d21acec5cd0ccf00476ddaa5c,f80984d28ef9a7550633fb3aea514f783f3db1fa655a6d3f49850b10857e6afc,last,places365,aupr_out_appendix,ood_metric/aupr_out_openood_auc,identity,NC2 equiangular,geometry/nc2_equiangular,GEO-6,down,id_train,raw_feature,,,ood_score/max_logit,OOD-3,up,,id_test_vs_places365,detector_declared,0.41818181818181815,0.33659621802002226,-0.3964708510163056,0.8339285714285715,0.22817718228177183,0.6374473663744737,10,30,10000,20260805,float64,average,percentile_2.5_97.5,(extreme+1)/(resamples+1),dataset_checkpoint_endpoint_16x11,exploratory_association_not_causal
metric_contract_v1.2,c38b09694be88aa74de0741b39e9d3ba0d6ff61a,35a1a66f78dfd6255c4d804586ee6863969be78d21acec5cd0ccf00476ddaa5c,f80984d28ef9a7550633fb3aea514f783f3db1fa655a6d3f49850b10857e6afc,last,places365,aupr_out_appendix,ood_metric/aupr_out_openood_auc,identity,NC2 equiangular,geometry/nc2_equiangular,GEO-6,down,id_train,raw_feature,,,ood_score/msp,OOD-3,up,,id_test_vs_places365,detector_declared,0.296969696969697,0.21023359288097887,-0.43705457011101145,0.6479897252624524,0.41085891410858916,0.7792425058569412,10,30,10000,20260805,float64,average,percentile_2.5_97.5,(extreme+1)/(resamples+1),dataset_checkpoint_endpoint_16x11,exploratory_association_not_causal
metric_contract_v1.2,c38b09694be88aa74de0741b39e9d3ba0d6ff61a,35a1a66f78dfd6255c4d804586ee6863969be78d21acec5cd0ccf00476ddaa5c,f80984d28ef9a7550633fb3aea514f783f3db1fa655a6d3f49850b10857e6afc,last,places365,aupr_out_appendix,ood_metric/aupr_out_openood_auc,identity,NC2 ETF,geometry/nc2_etf_raw,GEO-6,down,id_train,raw_feature,,,detector/ctm_prototype_cosine,OOD-3,up,id_train,id_test_vs_places365,detector_declared,0.21212121212121213,0.21690767519466073,-0.5053629103071716,0.7869108778199687,0.557944205579442,0.8663274023474846,10,30,10000,20260805,float64,average,percentile_2.5_97.5,(extreme+1)/(resamples+1),dataset_checkpoint_endpoint_16x11,exploratory_association_not_causal
metric_contract_v1.2,c38b09694be88aa74de0741b39e9d3ba0d6ff61a,35a1a66f78dfd6255c4d804586ee6863969be78d21acec5cd0ccf00476ddaa5c,f80984d28ef9a7550633fb3aea514f783f3db1fa655a6d3f49850b10857e6afc,last,places365,aupr_out_appendix,ood_metric/aupr_out_openood_auc,identity,NC2 ETF,geometry/nc2_etf_raw,GEO-6,down,id_train,raw_feature,,,detector/knn_l2_k50,OOD-3,up,id_train,id_test_vs_places365,detector_declared,0.3333333333333333,0.41802002224694107,-0.11399961769250175,0.7321388577827548,0.3484651534846515,0.7215278472152784,10,30,10000,20260805,float64,average,percentile_2.5_97.5,(extreme+1)/(resamples+1),dataset_checkpoint_endpoint_16x11,exploratory_association_not_causal
metric_contract_v1.2,c38b09694be88aa74de0741b39e9d3ba0d6ff61a,35a1a66f78dfd6255c4d804586ee6863969be78d21acec5cd0ccf00476ddaa5c,f80984d28ef9a7550633fb3aea514f783f3db1fa655a6d3f49850b10857e6afc,last,places365,aupr_out_appendix,ood_metric/aupr_out_openood_auc,identity,NC2 ETF,geometry/nc2_etf_raw,GEO-6,down,id_train,raw_feature,,,detector/mahalanobis_pp,OOD-3,up,id_train,id_test_vs_places365,detector_declared,0.4909090909090909,0.3468298109010011,-0.3823781432215744,0.803125,0.15498450154984503,0.5452070177597624,10,30,10000,20260805,float64,average,percentile_2.5_97.5,(extreme+1)/(resamples+1),dataset_checkpoint_endpoint_16x11,exploratory_association_not_causal
metric_contract_v1.2,c38b09694be88aa74de0741b39e9d3ba0d6ff61a,35a1a66f78dfd6255c4d804586ee6863969be78d21acec5cd0ccf00476ddaa5c,f80984d28ef9a7550633fb3aea514f783f3db1fa655a6d3f49850b10857e6afc,last,places365,aupr_out_appendix,ood_metric/aupr_out_openood_auc,identity,NC2 ETF,geometry/nc2_etf_raw,GEO-6,down,id_train,raw_feature,,,detector/mahalanobis_raw,OOD-3,up,id_train,id_test_vs_places365,detector_declared,-0.696969696969697,-0.6587319243604004,-0.861609041277657,-0.04480097030737097,0.0327967203279672,0.3739626037396261,10,30,10000,20260805,float64,average,percentile_2.5_97.5,(extreme+1)/(resamples+1),dataset_checkpoint_endpoint_16x11,exploratory_association_not_causal
metric_contract_v1.2,c38b09694be88aa74de0741b39e9d3ba0d6ff61a,35a1a66f78dfd6255c4d804586ee6863969be78d21acec5cd0ccf00476ddaa5c,f80984d28ef9a7550633fb3aea514f783f3db1fa655a6d3f49850b10857e6afc,last,places365,aupr_out_appendix,ood_metric/aupr_out_openood_auc,identity,NC2 ETF,geometry/nc2_etf_raw,GEO-6,down,id_train,raw_feature,,,detector/neco_author_std_dim100,OOD-3,up,id_train,id_test_vs_places365,detector_declared,-0.696969696969697,-0.6013348164627363,-0.8972543446265038,0.000737100737099762,0.028197180281971802,0.3739626037396261,10,30,10000,20260805,float64,average,percentile_2.5_97.5,(extreme+1)/(resamples+1),dataset_checkpoint_endpoint_16x11,exploratory_association_not_causal
metric_contract_v1.2,c38b09694be88aa74de0741b39e9d3ba0d6ff61a,35a1a66f78dfd6255c4d804586ee6863969be78d21acec5cd0ccf00476ddaa5c,f80984d28ef9a7550633fb3aea514f783f3db1fa655a6d3f49850b10857e6afc,last,places365,aupr_out_appendix,ood_metric/aupr_out_openood_auc,identity,NC2 ETF,geometry/nc2_etf_raw,GEO-6,down,id_train,raw_feature,,,detector/relative_mahalanobis_pp,OOD-3,up,id_train,id_test_vs_places365,detector_declared,0.15151515151515152,0.214238042269188,-0.41511981764415323,0.731518960883043,0.6823317668233176,0.9480878683785166,10,30,10000,20260805,float64,average,percentile_2.5_97.5,(extreme+1)/(resamples+1),dataset_checkpoint_endpoint_16x11,exploratory_association_not_causal
metric_contract_v1.2,c38b09694be88aa74de0741b39e9d3ba0d6ff61a,35a1a66f78dfd6255c4d804586ee6863969be78d21acec5cd0ccf00476ddaa5c,f80984d28ef9a7550633fb3aea514f783f3db1fa655a6d3f49850b10857e6afc,last,places365,aupr_out_appendix,ood_metric/aupr_out_openood_auc,identity,NC2 ETF,geometry/nc2_etf_raw,GEO-6,down,id_train,raw_feature,,,detector/relative_mahalanobis_raw,OOD-3,up,id_train,id_test_vs_places365,detector_declared,0.3696969696969697,0.3352614015572859,-0.3469408476386945,0.7176809755590177,0.2970702929707029,0.7053374662533747,10,30,10000,20260805,float64,average,percentile_2.5_97.5,(extreme+1)/(resamples+1),dataset_checkpoint_endpoint_16x11,exploratory_association_not_causal
metric_contract_v1.2,c38b09694be88aa74de0741b39e9d3ba0d6ff61a,35a1a66f78dfd6255c4d804586ee6863969be78d21acec5cd0ccf00476ddaa5c,f80984d28ef9a7550633fb3aea514f783f3db1fa655a6d3f49850b10857e6afc,last,places365,aupr_out_appendix,ood_metric/aupr_out_openood_auc,identity,NC2 ETF,geometry/nc2_etf_raw,GEO-6,down,id_train,raw_feature,,,detector/vim_author_dim,OOD-3,up,id_train,id_test_vs_places365,detector_declared,0.2606060606060606,0.2400444938820912,-0.4129364049196006,0.7522627191341312,0.46365363463653636,0.7995354310722773,10,30,10000,20260805,float64,average,percentile_2.5_97.5,(extreme+1)/(resamples+1),dataset_checkpoint_endpoint_16x11,exploratory_association_not_causal
metric_contract_v1.2,c38b09694be88aa74de0741b39e9d3ba0d6ff61a,35a1a66f78dfd6255c4d804586ee6863969be78d21acec5cd0ccf00476ddaa5c,f80984d28ef9a7550633fb3aea514f783f3db1fa655a6d3f49850b10857e6afc,last,places365,aupr_out_appendix,ood_metric/aupr_out_openood_auc,identity,NC2 ETF,geometry/nc2_etf_raw,GEO-6,down,id_train,raw_feature,,,ood_score/energy_t1,OOD-3,up,,id_test_vs_places365,detector_declared,0.3575757575757576,0.3979977753058954,-0.3710864377590596,0.8466409072929966,0.3117688231176882,0.7120518717359033,10,30,10000,20260805,float64,average,percentile_2.5_97.5,(extreme+1)/(resamples+1),dataset_checkpoint_endpoint_16x11,exploratory_association_not_causal
metric_contract_v1.2,c38b09694be88aa74de0741b39e9d3ba0d6ff61a,35a1a66f78dfd6255c4d804586ee6863969be78d21acec5cd0ccf00476ddaa5c,f80984d28ef9a7550633fb3aea514f783f3db1fa655a6d3f49850b10857e6afc,last,places365,aupr_out_appendix,ood_metric/aupr_out_openood_auc,identity,NC2 ETF,geometry/nc2_etf_raw,GEO-6,down,id_train,raw_feature,,,ood_score/max_logit,OOD-3,up,,id_test_vs_places365,detector_declared,0.3696969696969697,0.4042269187986652,-0.36923018344229785,0.8459821428571429,0.29487051294870514,0.7053374662533747,10,30,10000,20260805,float64,average,percentile_2.5_97.5,(extreme+1)/(resamples+1),dataset_checkpoint_endpoint_16x11,exploratory_association_not_causal
metric_contract_v1.2,c38b09694be88aa74de0741b39e9d3ba0d6ff61a,35a1a66f78dfd6255c4d804586ee6863969be78d21acec5cd0ccf00476ddaa5c,f80984d28ef9a7550633fb3aea514f783f3db1fa655a6d3f49850b10857e6afc,last,places365,aupr_out_appendix,ood_metric/aupr_out_openood_auc,identity,NC2 ETF,geometry/nc2_etf_raw,GEO-6,down,id_train,raw_feature,,,ood_score/msp,OOD-3,up,,id_test_vs_places365,detector_declared,0.22424242424242424,0.1692992213570634,-0.4856123131831363,0.6034023861082806,0.5401459854014599,0.8527290128130043,10,30,10000,20260805,float64,average,percentile_2.5_97.5,(extreme+1)/(resamples+1),dataset_checkpoint_endpoint_16x11,exploratory_association_not_causal
metric_contract_v1.2,c38b09694be88aa74de0741b39e9d3ba0d6ff61a,35a1a66f78dfd6255c4d804586ee6863969be78d21acec5cd0ccf00476ddaa5c,f80984d28ef9a7550633fb3aea514f783f3db1fa655a6d3f49850b10857e6afc,last,places365,aupr_out_appendix,ood_metric/aupr_out_openood_auc,identity,NC3,geometry/nc3_self_duality_raw,GEO-8,down,id_train,raw_feature,,,detector/ctm_prototype_cosine,OOD-3,up,id_train,id_test_vs_places365,detector_declared,-0.030303030303030304,-0.09543937708565073,-0.6869610657179813,0.4831508422568412,0.9454054594540546,0.9793266287406348,10,30,10000,20260805,float64,average,percentile_2.5_97.5,(extreme+1)/(resamples+1),dataset_checkpoint_endpoint_16x11,exploratory_association_not_causal
metric_contract_v1.2,c38b09694be88aa74de0741b39e9d3ba0d6ff61a,35a1a66f78dfd6255c4d804586ee6863969be78d21acec5cd0ccf00476ddaa5c,f80984d28ef9a7550633fb3aea514f783f3db1fa655a6d3f49850b10857e6afc,last,places365,aupr_out_appendix,ood_metric/aupr_out_openood_auc,identity,NC3,geometry/nc3_self_duality_raw,GEO-8,down,id_train,raw_feature,,,detector/knn_l2_k50,OOD-3,up,id_train,id_test_vs_places365,detector_declared,0.12727272727272726,0.13459399332591768,-0.43265579629215994,0.6589413607878241,0.7319268073192681,0.9685647976555728,10,30,10000,20260805,float64,average,percentile_2.5_97.5,(extreme+1)/(resamples+1),dataset_checkpoint_endpoint_16x11,exploratory_association_not_causal
metric_contract_v1.2,c38b09694be88aa74de0741b39e9d3ba0d6ff61a,35a1a66f78dfd6255c4d804586ee6863969be78d21acec5cd0ccf00476ddaa5c,f80984d28ef9a7550633fb3aea514f783f3db1fa655a6d3f49850b10857e6afc,last,places365,aupr_out_appendix,ood_metric/aupr_out_openood_auc,identity,NC3,geometry/nc3_self_duality_raw,GEO-8,down,id_train,raw_feature,,,detector/mahalanobis_pp,OOD-3,up,id_train,id_test_vs_places365,detector_declared,0.09090909090909091,0.11279199110122358,-0.44926629698538734,0.649692042280734,0.8069193080691931,0.9793266287406348,10,30,10000,20260805,float64,average,percentile_2.5_97.5,(extreme+1)/(resamples+1),dataset_checkpoint_endpoint_16x11,exploratory_association_not_causal
metric_contract_v1.2,c38b09694be88aa74de0741b39e9d3ba0d6ff61a,35a1a66f78dfd6255c4d804586ee6863969be78d21acec5cd0ccf00476ddaa5c,f80984d28ef9a7550633fb3aea514f783f3db1fa655a6d3f49850b10857e6afc,last,places365,aupr_out_appendix,ood_metric/aupr_out_openood_auc,identity,NC3,geometry/nc3_self_duality_raw,GEO-8,down,id_train,raw_feature,,,detector/mahalanobis_raw,OOD-3,up,id_train,id_test_vs_places365,detector_declared,-0.6121212121212121,-0.5959955506117909,-0.9175257731958762,0.21510137628035353,0.06869313068693131,0.3739626037396261,10,30,10000,20260805,float64,average,percentile_2.5_97.5,(extreme+1)/(resamples+1),dataset_checkpoint_endpoint_16x11,exploratory_association_not_causal
metric_contract_v1.2,c38b09694be88aa74de0741b39e9d3ba0d6ff61a,35a1a66f78dfd6255c4d804586ee6863969be78d21acec5cd0ccf00476ddaa5c,f80984d28ef9a7550633fb3aea514f783f3db1fa655a6d3f49850b10857e6afc,last,places365,aupr_out_appendix,ood_metric/aupr_out_openood_auc,identity,NC3,geometry/nc3_self_duality_raw,GEO-8,down,id_train,raw_feature,,,detector/neco_author_std_dim100,OOD-3,up,id_train,id_test_vs_places365,detector_declared,-0.7575757575757576,-0.7308120133481646,-0.8833278374374404,-0.21232881137176676,0.0160983901609839,0.3739626037396261,10,30,10000,20260805,float64,average,percentile_2.5_97.5,(extreme+1)/(resamples+1),dataset_checkpoint_endpoint_16x11,exploratory_association_not_causal
metric_contract_v1.2,c38b09694be88aa74de0741b39e9d3ba0d6ff61a,35a1a66f78dfd6255c4d804586ee6863969be78d21acec5cd0ccf00476ddaa5c,f80984d28ef9a7550633fb3aea514f783f3db1fa655a6d3f49850b10857e6afc,last,places365,aupr_out_appendix,ood_metric/aupr_out_openood_auc,identity,NC3,geometry/nc3_self_duality_raw,GEO-8,down,id_train,raw_feature,,,detector/relative_mahalanobis_pp,OOD-3,up,id_train,id_test_vs_places365,detector_declared,-0.06666666666666667,-0.029588431590656286,-0.6860622550975943,0.7308057217494731,0.8649135086491351,0.9793266287406348,10,30,10000,20260805,float64,average,percentile_2.5_97.5,(extreme+1)/(resamples+1),dataset_checkpoint_endpoint_16x11,exploratory_association_not_causal
metric_contract_v1.2,c38b09694be88aa74de0741b39e9d3ba0d6ff61a,35a1a66f78dfd6255c4d804586ee6863969be78d21acec5cd0ccf00476ddaa5c,f80984d28ef9a7550633fb3aea514f783f3db1fa655a6d3f49850b10857e6afc,last,places365,aupr_out_appendix,ood_metric/aupr_out_openood_auc,identity,NC3,geometry/nc3_self_duality_raw,GEO-8,down,id_train,raw_feature,,,detector/relative_mahalanobis_raw,OOD-3,up,id_train,id_test_vs_places365,detector_declared,-0.18787878787878787,-0.1003337041156841,-0.656466383739111,0.6151785714285715,0.6119388061193881,0.9050523519076664,10,30,10000,20260805,float64,average,percentile_2.5_97.5,(extreme+1)/(resamples+1),dataset_checkpoint_endpoint_16x11,exploratory_association_not_causal
metric_contract_v1.2,c38b09694be88aa74de0741b39e9d3ba0d6ff61a,35a1a66f78dfd6255c4d804586ee6863969be78d21acec5cd0ccf00476ddaa5c,f80984d28ef9a7550633fb3aea514f783f3db1fa655a6d3f49850b10857e6afc,last,places365,aupr_out_appendix,ood_metric/aupr_out_openood_auc,identity,NC3,geometry/nc3_self_duality_raw,GEO-8,down,id_train,raw_feature,,,detector/vim_author_dim,OOD-3,up,id_train,id_test_vs_places365,detector_declared,-0.22424242424242424,-0.18620689655172415,-0.6703155722082402,0.5446326000694953,0.5309469053094691,0.8495150484951505,10,30,10000,20260805,float64,average,percentile_2.5_97.5,(extreme+1)/(resamples+1),dataset_checkpoint_endpoint_16x11,exploratory_association_not_causal
metric_contract_v1.2,c38b09694be88aa74de0741b39e9d3ba0d6ff61a,35a1a66f78dfd6255c4d804586ee6863969be78d21acec5cd0ccf00476ddaa5c,f80984d28ef9a7550633fb3aea514f783f3db1fa655a6d3f49850b10857e6afc,last,places365,aupr_out_appendix,ood_metric/aupr_out_openood_auc,identity,NC3,geometry/nc3_self_duality_raw,GEO-8,down,id_train,raw_feature,,,ood_score/energy_t1,OOD-3,up,,id_test_vs_places365,detector_declared,-0.3212121212121212,-0.349944382647386,-0.870984301308913,0.4170890296148815,0.3691630836916308,0.7468126750543336,10,30,10000,20260805,float64,average,percentile_2.5_97.5,(extreme+1)/(resamples+1),dataset_checkpoint_endpoint_16x11,exploratory_association_not_causal
metric_contract_v1.2,c38b09694be88aa74de0741b39e9d3ba0d6ff61a,35a1a66f78dfd6255c4d804586ee6863969be78d21acec5cd0ccf00476ddaa5c,f80984d28ef9a7550633fb3aea514f783f3db1fa655a6d3f49850b10857e6afc,last,places365,aupr_out_appendix,ood_metric/aupr_out_openood_auc,identity,NC3,geometry/nc3_self_duality_raw,GEO-8,down,id_train,raw_feature,,,ood_score/max_logit,OOD-3,up,,id_test_vs_places365,detector_declared,-0.3090909090909091,-0.29343715239154616,-0.8548134911771276,0.4848483453535157,0.38476152384761525,0.7608767213166324,10,30,10000,20260805,float64,average,percentile_2.5_97.5,(extreme+1)/(resamples+1),dataset_checkpoint_endpoint_16x11,exploratory_association_not_causal
metric_contract_v1.2,c38b09694be88aa74de0741b39e9d3ba0d6ff61a,35a1a66f78dfd6255c4d804586ee6863969be78d21acec5cd0ccf00476ddaa5c,f80984d28ef9a7550633fb3aea514f783f3db1fa655a6d3f49850b10857e6afc,last,places365,aupr_out_appendix,ood_metric/aupr_out_openood_auc,identity,NC3,geometry/nc3_self_duality_raw,GEO-8,down,id_train,raw_feature,,,ood_score/msp,OOD-3,up,,id_test_vs_places365,detector_declared,-0.40606060606060607,-0.42157953281423804,-0.782434239857334,0.25863092574839674,0.2502749725027497,0.6655812030737225,10,30,10000,20260805,float64,average,percentile_2.5_97.5,(extreme+1)/(resamples+1),dataset_checkpoint_endpoint_16x11,exploratory_association_not_causal
metric_contract_v1.2,c38b09694be88aa74de0741b39e9d3ba0d6ff61a,35a1a66f78dfd6255c4d804586ee6863969be78d21acec5cd0ccf00476ddaa5c,f80984d28ef9a7550633fb3aea514f783f3db1fa655a6d3f49850b10857e6afc,last,places365,aupr_out_appendix,ood_metric/aupr_out_openood_auc,identity,NC4,geometry/nc4_agreement_with_bias,GEO-9,up,id_train,raw_feature_and_logits,,id_test,detector/ctm_prototype_cosine,OOD-3,up,id_train,id_test_vs_places365,detector_declared,0.28484848484848485,0.23639402658577455,-0.4366862448222527,0.6826811799976493,0.42775722427757223,0.7807872273997091,10,30,10000,20260805,float64,average,percentile_2.5_97.5,(extreme+1)/(resamples+1),dataset_checkpoint_endpoint_16x11,exploratory_association_not_causal
metric_contract_v1.2,c38b09694be88aa74de0741b39e9d3ba0d6ff61a,35a1a66f78dfd6255c4d804586ee6863969be78d21acec5cd0ccf00476ddaa5c,f80984d28ef9a7550633fb3aea514f783f3db1fa655a6d3f49850b10857e6afc,last,places365,aupr_out_appendix,ood_metric/aupr_out_openood_auc,identity,NC4,geometry/nc4_agreement_with_bias,GEO-9,up,id_train,raw_feature_and_logits,,id_test,detector/knn_l2_k50,OOD-3,up,id_train,id_test_vs_places365,detector_declared,0.07878787878787878,-0.10595438479739047,-0.6786211482606724,0.4544228402315761,0.8351164883511649,0.9793266287406348,10,30,10000,20260805,float64,average,percentile_2.5_97.5,(extreme+1)/(resamples+1),dataset_checkpoint_endpoint_16x11,exploratory_association_not_causal
metric_contract_v1.2,c38b09694be88aa74de0741b39e9d3ba0d6ff61a,35a1a66f78dfd6255c4d804586ee6863969be78d21acec5cd0ccf00476ddaa5c,f80984d28ef9a7550633fb3aea514f783f3db1fa655a6d3f49850b10857e6afc,last,places365,aupr_out_appendix,ood_metric/aupr_out_openood_auc,identity,NC4,geometry/nc4_agreement_with_bias,GEO-9,up,id_train,raw_feature_and_logits,,id_test,detector/mahalanobis_pp,OOD-3,up,id_train,id_test_vs_places365,detector_declared,-0.7090909090909091,-0.6473011575437216,-0.818348773170813,-0.16229489999527244,0.027697230276972302,0.3739626037396261,10,30,10000,20260805,float64,average,percentile_2.5_97.5,(extreme+1)/(resamples+1),dataset_checkpoint_endpoint_16x11,exploratory_association_not_causal
metric_contract_v1.2,c38b09694be88aa74de0741b39e9d3ba0d6ff61a,35a1a66f78dfd6255c4d804586ee6863969be78d21acec5cd0ccf00476ddaa5c,f80984d28ef9a7550633fb3aea514f783f3db1fa655a6d3f49850b10857e6afc,last,places365,aupr_out_appendix,ood_metric/aupr_out_openood_auc,identity,NC4,geometry/nc4_agreement_with_bias,GEO-9,up,id_train,raw_feature_and_logits,,id_test,detector/mahalanobis_raw,OOD-3,up,id_train,id_test_vs_places365,detector_declared,0.7575757575757576,0.7481358976975407,0.20428471396465206,0.9343412216391161,0.0168983101689831,0.3739626037396261,10,30,10000,20260805,float64,average,percentile_2.5_97.5,(extreme+1)/(resamples+1),dataset_checkpoint_endpoint_16x11,exploratory_association_not_causal
metric_contract_v1.2,c38b09694be88aa74de0741b39e9d3ba0d6ff61a,35a1a66f78dfd6255c4d804586ee6863969be78d21acec5cd0ccf00476ddaa5c,f80984d28ef9a7550633fb3aea514f783f3db1fa655a6d3f49850b10857e6afc,last,places365,aupr_out_appendix,ood_metric/aupr_out_openood_auc,identity,NC4,geometry/nc4_agreement_with_bias,GEO-9,up,id_train,raw_feature_and_logits,,id_test,detector/neco_author_std_dim100,OOD-3,up,id_train,id_test_vs_places365,detector_declared,0.6727272727272727,0.7274347258778825,0.22324024575914678,0.8961722728295989,0.039996000399960006,0.3739626037396261,10,30,10000,20260805,float64,average,percentile_2.5_97.5,(extreme+1)/(resamples+1),dataset_checkpoint_endpoint_16x11,exploratory_association_not_causal
metric_contract_v1.2,c38b09694be88aa74de0741b39e9d3ba0d6ff61a,35a1a66f78dfd6255c4d804586ee6863969be78d21acec5cd0ccf00476ddaa5c,f80984d28ef9a7550633fb3aea514f783f3db1fa655a6d3f49850b10857e6afc,last,places365,aupr_out_appendix,ood_metric/aupr_out_openood_auc,identity,NC4,geometry/nc4_agreement_with_bias,GEO-9,up,id_train,raw_feature_and_logits,,id_test,detector/relative_mahalanobis_pp,OOD-3,up,id_train,id_test_vs_places365,detector_declared,0.3333333333333333,0.2840289810955257,-0.5393451217226599,0.6397325761042362,0.3481651834816518,0.7215278472152784,10,30,10000,20260805,float64,average,percentile_2.5_97.5,(extreme+1)/(resamples+1),dataset_checkpoint_endpoint_16x11,exploratory_association_not_causal
metric_contract_v1.2,c38b09694be88aa74de0741b39e9d3ba0d6ff61a,35a1a66f78dfd6255c4d804586ee6863969be78d21acec5cd0ccf00476ddaa5c,f80984d28ef9a7550633fb3aea514f783f3db1fa655a6d3f49850b10857e6afc,last,places365,aupr_out_appendix,ood_metric/aupr_out_openood_auc,identity,NC4,geometry/nc4_agreement_with_bias,GEO-9,up,id_train,raw_feature_and_logits,,id_test,detector/relative_mahalanobis_raw,OOD-3,up,id_train,id_test_vs_places365,detector_declared,0.3939393939393939,0.3151920354476994,-0.4072396371730753,0.631896702998848,0.2643735626437356,0.6709957575671005,10,30,10000,20260805,float64,average,percentile_2.5_97.5,(extreme+1)/(resamples+1),dataset_checkpoint_endpoint_16x11,exploratory_association_not_causal
metric_contract_v1.2,c38b09694be88aa74de0741b39e9d3ba0d6ff61a,35a1a66f78dfd6255c4d804586ee6863969be78d21acec5cd0ccf00476ddaa5c,f80984d28ef9a7550633fb3aea514f783f3db1fa655a6d3f49850b10857e6afc,last,places365,aupr_out_appendix,ood_metric/aupr_out_openood_auc,identity,NC4,geometry/nc4_agreement_with_bias,GEO-9,up,id_train,raw_feature_and_logits,,id_test,detector/vim_author_dim,OOD-3,up,id_train,id_test_vs_places365,detector_declared,-0.07878787878787878,-0.16360603534891177,-0.6970503498332473,0.6069038507379549,0.8432156784321568,0.9793266287406348,10,30,10000,20260805,float64,average,percentile_2.5_97.5,(extreme+1)/(resamples+1),dataset_checkpoint_endpoint_16x11,exploratory_association_not_causal
metric_contract_v1.2,c38b09694be88aa74de0741b39e9d3ba0d6ff61a,35a1a66f78dfd6255c4d804586ee6863969be78d21acec5cd0ccf00476ddaa5c,f80984d28ef9a7550633fb3aea514f783f3db1fa655a6d3f49850b10857e6afc,last,places365,aupr_out_appendix,ood_metric/aupr_out_openood_auc,identity,NC4,geometry/nc4_agreement_with_bias,GEO-9,up,id_train,raw_feature_and_logits,,id_test,ood_score/energy_t1,OOD-3,up,,id_test_vs_places365,detector_declared,-0.2,-0.1691708664832285,-0.7483812563674079,0.6407181447932219,0.5837416258374163,0.8709637510825188,10,30,10000,20260805,float64,average,percentile_2.5_97.5,(extreme+1)/(resamples+1),dataset_checkpoint_endpoint_16x11,exploratory_association_not_causal
metric_contract_v1.2,c38b09694be88aa74de0741b39e9d3ba0d6ff61a,35a1a66f78dfd6255c4d804586ee6863969be78d21acec5cd0ccf00476ddaa5c,f80984d28ef9a7550633fb3aea514f783f3db1fa655a6d3f49850b10857e6afc,last,places365,aupr_out_appendix,ood_metric/aupr_out_openood_auc,identity,NC4,geometry/nc4_agreement_with_bias,GEO-9,up,id_train,raw_feature_and_logits,,id_test,ood_score/max_logit,OOD-3,up,,id_test_vs_places365,detector_declared,-0.2606060606060606,-0.22036731291894238,-0.7872403934582274,0.625062728728111,0.4724527547245275,0.7995354310722773,10,30,10000,20260805,float64,average,percentile_2.5_97.5,(extreme+1)/(resamples+1),dataset_checkpoint_endpoint_16x11,exploratory_association_not_causal
metric_contract_v1.2,c38b09694be88aa74de0741b39e9d3ba0d6ff61a,35a1a66f78dfd6255c4d804586ee6863969be78d21acec5cd0ccf00476ddaa5c,f80984d28ef9a7550633fb3aea514f783f3db1fa655a6d3f49850b10857e6afc,last,places365,aupr_out_appendix,ood_metric/aupr_out_openood_auc,identity,NC4,geometry/nc4_agreement_with_bias,GEO-9,up,id_train,raw_feature_and_logits,,id_test,ood_score/msp,OOD-3,up,,id_test_vs_places365,detector_declared,0.5515151515151515,0.6030051017145605,0.0348486542998101,0.8176462045447432,0.10718928107189281,0.47431447331457327,10,30,10000,20260805,float64,average,percentile_2.5_97.5,(extreme+1)/(resamples+1),dataset_checkpoint_endpoint_16x11,exploratory_association_not_causal
metric_contract_v1.2,c38b09694be88aa74de0741b39e9d3ba0d6ff61a,35a1a66f78dfd6255c4d804586ee6863969be78d21acec5cd0ccf00476ddaa5c,f80984d28ef9a7550633fb3aea514f783f3db1fa655a6d3f49850b10857e6afc,last,places365,aupr_out_appendix,ood_metric/aupr_out_openood_auc,identity,RankMe,geometry/rankme_uncentered,GEO-10,descriptive,id_train,raw_feature_uncentered,,,detector/ctm_prototype_cosine,OOD-3,up,id_train,id_test_vs_places365,detector_declared,0.296969696969697,0.3050055617352614,-0.37764889582868616,0.7857463021066786,0.41085891410858916,0.7792425058569412,10,30,10000,20260805,float64,average,percentile_2.5_97.5,(extreme+1)/(resamples+1),dataset_checkpoint_endpoint_16x11,exploratory_association_not_causal
metric_contract_v1.2,c38b09694be88aa74de0741b39e9d3ba0d6ff61a,35a1a66f78dfd6255c4d804586ee6863969be78d21acec5cd0ccf00476ddaa5c,f80984d28ef9a7550633fb3aea514f783f3db1fa655a6d3f49850b10857e6afc,last,places365,aupr_out_appendix,ood_metric/aupr_out_openood_auc,identity,RankMe,geometry/rankme_uncentered,GEO-10,descriptive,id_train,raw_feature_uncentered,,,detector/knn_l2_k50,OOD-3,up,id_train,id_test_vs_places365,detector_declared,0.6,0.6907675194660734,0.11291621040303833,0.9129937204148706,0.07649235076492351,0.3739626037396261,10,30,10000,20260805,float64,average,percentile_2.5_97.5,(extreme+1)/(resamples+1),dataset_checkpoint_endpoint_16x11,exploratory_association_not_causal
metric_contract_v1.2,c38b09694be88aa74de0741b39e9d3ba0d6ff61a,35a1a66f78dfd6255c4d804586ee6863969be78d21acec5cd0ccf00476ddaa5c,f80984d28ef9a7550633fb3aea514f783f3db1fa655a6d3f49850b10857e6afc,last,places365,aupr_out_appendix,ood_metric/aupr_out_openood_auc,identity,RankMe,geometry/rankme_uncentered,GEO-10,descriptive,id_train,raw_feature_uncentered,,,detector/mahalanobis_pp,OOD-3,up,id_train,id_test_vs_places365,detector_declared,0.40606060606060607,0.46162402669632924,-0.1806085982020862,0.8413079781237215,0.2450754924507549,0.6635890257128132,10,30,10000,20260805,float64,average,percentile_2.5_97.5,(extreme+1)/(resamples+1),dataset_checkpoint_endpoint_16x11,exploratory_association_not_causal
metric_contract_v1.2,c38b09694be88aa74de0741b39e9d3ba0d6ff61a,35a1a66f78dfd6255c4d804586ee6863969be78d21acec5cd0ccf00476ddaa5c,f80984d28ef9a7550633fb3aea514f783f3db1fa655a6d3f49850b10857e6afc,last,places365,aupr_out_appendix,ood_metric/aupr_out_openood_auc,identity,RankMe,geometry/rankme_uncentered,GEO-10,descriptive,id_train,raw_feature_uncentered,,,detector/mahalanobis_raw,OOD-3,up,id_train,id_test_vs_places365,detector_declared,-0.3575757575757576,-0.33659621802002226,-0.7866638140951568,0.524715211078847,0.31556844315568444,0.7120518717359033,10,30,10000,20260805,float64,average,percentile_2.5_97.5,(extreme+1)/(resamples+1),dataset_checkpoint_endpoint_16x11,exploratory_association_not_causal
metric_contract_v1.2,c38b09694be88aa74de0741b39e9d3ba0d6ff61a,35a1a66f78dfd6255c4d804586ee6863969be78d21acec5cd0ccf00476ddaa5c,f80984d28ef9a7550633fb3aea514f783f3db1fa655a6d3f49850b10857e6afc,last,places365,aupr_out_appendix,ood_metric/aupr_out_openood_auc,identity,RankMe,geometry/rankme_uncentered,GEO-10,descriptive,id_train,raw_feature_uncentered,,,detector/neco_author_std_dim100,OOD-3,up,id_train,id_test_vs_places365,detector_declared,-0.7818181818181819,-0.6734149054505005,-0.85074091274022,-0.15147915732855255,0.010698930106989302,0.3739626037396261,10,30,10000,20260805,float64,average,percentile_2.5_97.5,(extreme+1)/(resamples+1),dataset_checkpoint_endpoint_16x11,exploratory_association_not_causal
metric_contract_v1.2,c38b09694be88aa74de0741b39e9d3ba0d6ff61a,35a1a66f78dfd6255c4d804586ee6863969be78d21acec5cd0ccf00476ddaa5c,f80984d28ef9a7550633fb3aea514f783f3db1fa655a6d3f49850b10857e6afc,last,places365,aupr_out_appendix,ood_metric/aupr_out_openood_auc,identity,RankMe,geometry/rankme_uncentered,GEO-10,descriptive,id_train,raw_feature_uncentered,,,detector/relative_mahalanobis_pp,OOD-3,up,id_train,id_test_vs_places365,detector_declared,0.4909090909090909,0.5190211345939933,-0.2124607799193187,0.8310176362376214,0.15658434156584342,0.5452070177597624,10,30,10000,20260805,float64,average,percentile_2.5_97.5,(extreme+1)/(resamples+1),dataset_checkpoint_endpoint_16x11,exploratory_association_not_causal
metric_contract_v1.2,c38b09694be88aa74de0741b39e9d3ba0d6ff61a,35a1a66f78dfd6255c4d804586ee6863969be78d21acec5cd0ccf00476ddaa5c,f80984d28ef9a7550633fb3aea514f783f3db1fa655a6d3f49850b10857e6afc,last,places365,aupr_out_appendix,ood_metric/aupr_out_openood_auc,identity,RankMe,geometry/rankme_uncentered,GEO-10,descriptive,id_train,raw_feature_uncentered,,,detector/relative_mahalanobis_raw,OOD-3,up,id_train,id_test_vs_places365,detector_declared,0.4909090909090909,0.5203559510567297,-0.1516752289479562,0.7465397847778876,0.16108389161083891,0.5452070177597624,10,30,10000,20260805,float64,average,percentile_2.5_97.5,(extreme+1)/(resamples+1),dataset_checkpoint_endpoint_16x11,exploratory_association_not_causal
metric_contract_v1.2,c38b09694be88aa74de0741b39e9d3ba0d6ff61a,35a1a66f78dfd6255c4d804586ee6863969be78d21acec5cd0ccf00476ddaa5c,f80984d28ef9a7550633fb3aea514f783f3db1fa655a6d3f49850b10857e6afc,last,places365,aupr_out_appendix,ood_metric/aupr_out_openood_auc,identity,RankMe,geometry/rankme_uncentered,GEO-10,descriptive,id_train,raw_feature_uncentered,,,detector/vim_author_dim,OOD-3,up,id_train,id_test_vs_places365,detector_declared,0.6242424242424243,0.6783092324805339,0.03798993426211208,0.960165142244987,0.0628937106289371,0.3739626037396261,10,30,10000,20260805,float64,average,percentile_2.5_97.5,(extreme+1)/(resamples+1),dataset_checkpoint_endpoint_16x11,exploratory_association_not_causal
metric_contract_v1.2,c38b09694be88aa74de0741b39e9d3ba0d6ff61a,35a1a66f78dfd6255c4d804586ee6863969be78d21acec5cd0ccf00476ddaa5c,f80984d28ef9a7550633fb3aea514f783f3db1fa655a6d3f49850b10857e6afc,last,places365,aupr_out_appendix,ood_metric/aupr_out_openood_auc,identity,RankMe,geometry/rankme_uncentered,GEO-10,descriptive,id_train,raw_feature_uncentered,,,ood_score/energy_t1,OOD-3,up,,id_test_vs_places365,detector_declared,0.01818181818181818,0.14794215795328142,-0.6770158588340407,0.7910749239189317,0.9734026597340266,0.9861082857231519,10,30,10000,20260805,float64,average,percentile_2.5_97.5,(extreme+1)/(resamples+1),dataset_checkpoint_endpoint_16x11,exploratory_association_not_causal
metric_contract_v1.2,c38b09694be88aa74de0741b39e9d3ba0d6ff61a,35a1a66f78dfd6255c4d804586ee6863969be78d21acec5cd0ccf00476ddaa5c,f80984d28ef9a7550633fb3aea514f783f3db1fa655a6d3f49850b10857e6afc,last,places365,aupr_out_appendix,ood_metric/aupr_out_openood_auc,identity,RankMe,geometry/rankme_uncentered,GEO-10,descriptive,id_train,raw_feature_uncentered,,,ood_score/max_logit,OOD-3,up,,id_test_vs_places365,detector_declared,0.10303030303030303,0.18086763070077863,-0.6604900156454618,0.7998328131966116,0.7821217878212179,0.9793266287406348,10,30,10000,20260805,float64,average,percentile_2.5_97.5,(extreme+1)/(resamples+1),dataset_checkpoint_endpoint_16x11,exploratory_association_not_causal
metric_contract_v1.2,c38b09694be88aa74de0741b39e9d3ba0d6ff61a,35a1a66f78dfd6255c4d804586ee6863969be78d21acec5cd0ccf00476ddaa5c,f80984d28ef9a7550633fb3aea514f783f3db1fa655a6d3f49850b10857e6afc,last,places365,aupr_out_appendix,ood_metric/aupr_out_openood_auc,identity,RankMe,geometry/rankme_uncentered,GEO-10,descriptive,id_train,raw_feature_uncentered,,,ood_score/msp,OOD-3,up,,id_test_vs_places365,detector_declared,0.07878787878787878,0.011345939933259178,-0.5540228043423403,0.5578900312919088,0.8389161083891611,0.9793266287406348,10,30,10000,20260805,float64,average,percentile_2.5_97.5,(extreme+1)/(resamples+1),dataset_checkpoint_endpoint_16x11,exploratory_association_not_causal
metric_contract_v1.2,c38b09694be88aa74de0741b39e9d3ba0d6ff61a,35a1a66f78dfd6255c4d804586ee6863969be78d21acec5cd0ccf00476ddaa5c,f80984d28ef9a7550633fb3aea514f783f3db1fa655a6d3f49850b10857e6afc,last,places365,aupr_out_appendix,ood_metric/aupr_out_openood_auc,identity,SW entropy rank,geometry/spectrum/sw_entropy_rank,GEO-11,descriptive,id_train,raw_feature_covariance,,,detector/ctm_prototype_cosine,OOD-3,up,id_train,id_test_vs_places365,detector_declared,0.28484848484848485,0.3027808676307008,-0.4245758928571428,0.7842377310935297,0.43475652434756523,0.7807872273997091,10,30,10000,20260805,float64,average,percentile_2.5_97.5,(extreme+1)/(resamples+1),dataset_checkpoint_endpoint_16x11,exploratory_association_not_causal
metric_contract_v1.2,c38b09694be88aa74de0741b39e9d3ba0d6ff61a,35a1a66f78dfd6255c4d804586ee6863969be78d21acec5cd0ccf00476ddaa5c,f80984d28ef9a7550633fb3aea514f783f3db1fa655a6d3f49850b10857e6afc,last,places365,aupr_out_appendix,ood_metric/aupr_out_openood_auc,identity,SW entropy rank,geometry/spectrum/sw_entropy_rank,GEO-11,descriptive,id_train,raw_feature_covariance,,,detector/knn_l2_k50,OOD-3,up,id_train,id_test_vs_places365,detector_declared,0.5515151515151515,0.6066740823136819,-0.15412438941831483,0.8307969469401458,0.11098890110988902,0.47431447331457327,10,30,10000,20260805,float64,average,percentile_2.5_97.5,(extreme+1)/(resamples+1),dataset_checkpoint_endpoint_16x11,exploratory_association_not_causal
metric_contract_v1.2,c38b09694be88aa74de0741b39e9d3ba0d6ff61a,35a1a66f78dfd6255c4d804586ee6863969be78d21acec5cd0ccf00476ddaa5c,f80984d28ef9a7550633fb3aea514f783f3db1fa655a6d3f49850b10857e6afc,last,places365,aupr_out_appendix,ood_metric/aupr_out_openood_auc,identity,SW entropy rank,geometry/spectrum/sw_entropy_rank,GEO-11,descriptive,id_train,raw_feature_covariance,,,detector/mahalanobis_pp,OOD-3,up,id_train,id_test_vs_places365,detector_declared,0.12727272727272726,0.25517241379310346,-0.3433117657540538,0.7149988831807012,0.7228277172282772,0.9685647976555728,10,30,10000,20260805,float64,average,percentile_2.5_97.5,(extreme+1)/(resamples+1),dataset_checkpoint_endpoint_16x11,exploratory_association_not_causal
metric_contract_v1.2,c38b09694be88aa74de0741b39e9d3ba0d6ff61a,35a1a66f78dfd6255c4d804586ee6863969be78d21acec5cd0ccf00476ddaa5c,f80984d28ef9a7550633fb3aea514f783f3db1fa655a6d3f49850b10857e6afc,last,places365,aupr_out_appendix,ood_metric/aupr_out_openood_auc,identity,SW entropy rank,geometry/spectrum/sw_entropy_rank,GEO-11,descriptive,id_train,raw_feature_covariance,,,detector/mahalanobis_raw,OOD-3,up,id_train,id_test_vs_places365,detector_declared,-0.04242424242424243,-0.05539488320355951,-0.6712142225387933,0.7602061390120147,0.9158084191580842,0.9793266287406348,10,30,10000,20260805,float64,average,percentile_2.5_97.5,(extreme+1)/(resamples+1),dataset_checkpoint_endpoint_16x11,exploratory_association_not_causal
metric_contract_v1.2,c38b09694be88aa74de0741b39e9d3ba0d6ff61a,35a1a66f78dfd6255c4d804586ee6863969be78d21acec5cd0ccf00476ddaa5c,f80984d28ef9a7550633fb3aea514f783f3db1fa655a6d3f49850b10857e6afc,last,places365,aupr_out_appendix,ood_metric/aupr_out_openood_auc,identity,SW entropy rank,geometry/spectrum/sw_entropy_rank,GEO-11,descriptive,id_train,raw_feature_covariance,,,detector/neco_author_std_dim100,OOD-3,up,id_train,id_test_vs_places365,detector_declared,-0.5393939393939394,-0.3953281423804227,-0.827906011071847,0.30373851923611045,0.1131886811318868,0.47431447331457327,10,30,10000,20260805,float64,average,percentile_2.5_97.5,(extreme+1)/(resamples+1),dataset_checkpoint_endpoint_16x11,exploratory_association_not_causal
metric_contract_v1.2,c38b09694be88aa74de0741b39e9d3ba0d6ff61a,35a1a66f78dfd6255c4d804586ee6863969be78d21acec5cd0ccf00476ddaa5c,f80984d28ef9a7550633fb3aea514f783f3db1fa655a6d3f49850b10857e6afc,last,places365,aupr_out_appendix,ood_metric/aupr_out_openood_auc,identity,SW entropy rank,geometry/spectrum/sw_entropy_rank,GEO-11,descriptive,id_train,raw_feature_covariance,,,detector/relative_mahalanobis_pp,OOD-3,up,id_train,id_test_vs_places365,detector_declared,0.6848484848484848,0.6903225806451613,0.049734195198480664,0.870463527325991,0.0347965203479652,0.3739626037396261,10,30,10000,20260805,float64,average,percentile_2.5_97.5,(extreme+1)/(resamples+1),dataset_checkpoint_endpoint_16x11,exploratory_association_not_causal
metric_contract_v1.2,c38b09694be88aa74de0741b39e9d3ba0d6ff61a,35a1a66f78dfd6255c4d804586ee6863969be78d21acec5cd0ccf00476ddaa5c,f80984d28ef9a7550633fb3aea514f783f3db1fa655a6d3f49850b10857e6afc,last,places365,aupr_out_appendix,ood_metric/aupr_out_openood_auc,identity,SW entropy rank,geometry/spectrum/sw_entropy_rank,GEO-11,descriptive,id_train,raw_feature_covariance,,,detector/relative_mahalanobis_raw,OOD-3,up,id_train,id_test_vs_places365,detector_declared,0.6484848484848484,0.6707452725250278,0.10384959713518353,0.8555506018724922,0.049795020497950204,0.3739626037396261,10,30,10000,20260805,float64,average,percentile_2.5_97.5,(extreme+1)/(resamples+1),dataset_checkpoint_endpoint_16x11,exploratory_association_not_causal
metric_contract_v1.2,c38b09694be88aa74de0741b39e9d3ba0d6ff61a,35a1a66f78dfd6255c4d804586ee6863969be78d21acec5cd0ccf00476ddaa5c,f80984d28ef9a7550633fb3aea514f783f3db1fa655a6d3f49850b10857e6afc,last,places365,aupr_out_appendix,ood_metric/aupr_out_openood_auc,identity,SW entropy rank,geometry/spectrum/sw_entropy_rank,GEO-11,descriptive,id_train,raw_feature_covariance,,,detector/vim_author_dim,OOD-3,up,id_train,id_test_vs_places365,detector_declared,0.6121212121212121,0.6667408231368187,0.024569335606845273,0.95823040646755,0.06879312068793121,0.3739626037396261,10,30,10000,20260805,float64,average,percentile_2.5_97.5,(extreme+1)/(resamples+1),dataset_checkpoint_endpoint_16x11,exploratory_association_not_causal
metric_contract_v1.2,c38b09694be88aa74de0741b39e9d3ba0d6ff61a,35a1a66f78dfd6255c4d804586ee6863969be78d21acec5cd0ccf00476ddaa5c,f80984d28ef9a7550633fb3aea514f783f3db1fa655a6d3f49850b10857e6afc,last,places365,aupr_out_appendix,ood_metric/aupr_out_openood_auc,identity,SW entropy rank,geometry/spectrum/sw_entropy_rank,GEO-11,descriptive,id_train,raw_feature_covariance,,,ood_score/energy_t1,OOD-3,up,,id_test_vs_places365,detector_declared,-0.01818181818181818,0.1332591768631813,-0.6596159803206997,0.7289407341491344,0.9743025697430256,0.9861082857231519,10,30,10000,20260805,float64,average,percentile_2.5_97.5,(extreme+1)/(resamples+1),dataset_checkpoint_endpoint_16x11,exploratory_association_not_causal
metric_contract_v1.2,c38b09694be88aa74de0741b39e9d3ba0d6ff61a,35a1a66f78dfd6255c4d804586ee6863969be78d21acec5cd0ccf00476ddaa5c,f80984d28ef9a7550633fb3aea514f783f3db1fa655a6d3f49850b10857e6afc,last,places365,aupr_out_appendix,ood_metric/aupr_out_openood_auc,identity,SW entropy rank,geometry/spectrum/sw_entropy_rank,GEO-11,descriptive,id_train,raw_feature_covariance,,,ood_score/max_logit,OOD-3,up,,id_test_vs_places365,detector_declared,0.030303030303030304,0.1221357063403782,-0.6694471320617126,0.7186938192599795,0.9515048495150485,0.9793266287406348,10,30,10000,20260805,float64,average,percentile_2.5_97.5,(extreme+1)/(resamples+1),dataset_checkpoint_endpoint_16x11,exploratory_association_not_causal
metric_contract_v1.2,c38b09694be88aa74de0741b39e9d3ba0d6ff61a,35a1a66f78dfd6255c4d804586ee6863969be78d21acec5cd0ccf00476ddaa5c,f80984d28ef9a7550633fb3aea514f783f3db1fa655a6d3f49850b10857e6afc,last,places365,aupr_out_appendix,ood_metric/aupr_out_openood_auc,identity,SW entropy rank,geometry/spectrum/sw_entropy_rank,GEO-11,descriptive,id_train,raw_feature_covariance,,,ood_score/msp,OOD-3,up,,id_test_vs_places365,detector_declared,0.2606060606060606,0.20311457174638486,-0.4596655179934222,0.7027021301647611,0.47135286471352866,0.7995354310722773,10,30,10000,20260805,float64,average,percentile_2.5_97.5,(extreme+1)/(resamples+1),dataset_checkpoint_endpoint_16x11,exploratory_association_not_causal
metric_contract_v1.2,c38b09694be88aa74de0741b39e9d3ba0d6ff61a,35a1a66f78dfd6255c4d804586ee6863969be78d21acec5cd0ccf00476ddaa5c,f80984d28ef9a7550633fb3aea514f783f3db1fa655a6d3f49850b10857e6afc,last,places365,aupr_out_appendix,ood_metric/aupr_out_openood_auc,identity,SW trace/top rank,geometry/spectrum/sw_trace_top_rank,GEO-11,descriptive,id_train,raw_feature_covariance,,,detector/ctm_prototype_cosine,OOD-3,up,id_train,id_test_vs_places365,detector_declared,0.04242424242424243,0.11991101223581757,-0.4246354906227065,0.6683014368113497,0.9185081491850815,0.9793266287406348,10,30,10000,20260805,float64,average,percentile_2.5_97.5,(extreme+1)/(resamples+1),dataset_checkpoint_endpoint_16x11,exploratory_association_not_causal
metric_contract_v1.2,c38b09694be88aa74de0741b39e9d3ba0d6ff61a,35a1a66f78dfd6255c4d804586ee6863969be78d21acec5cd0ccf00476ddaa5c,f80984d28ef9a7550633fb3aea514f783f3db1fa655a6d3f49850b10857e6afc,last,places365,aupr_out_appendix,ood_metric/aupr_out_openood_auc,identity,SW trace/top rank,geometry/spectrum/sw_trace_top_rank,GEO-11,descriptive,id_train,raw_feature_covariance,,,detector/knn_l2_k50,OOD-3,up,id_train,id_test_vs_places365,detector_declared,0.40606060606060607,0.4700778642936596,-0.14543832141847612,0.8649130628622381,0.25337466253374663,0.6655812030737225,10,30,10000,20260805,float64,average,percentile_2.5_97.5,(extreme+1)/(resamples+1),dataset_checkpoint_endpoint_16x11,exploratory_association_not_causal
metric_contract_v1.2,c38b09694be88aa74de0741b39e9d3ba0d6ff61a,35a1a66f78dfd6255c4d804586ee6863969be78d21acec5cd0ccf00476ddaa5c,f80984d28ef9a7550633fb3aea514f783f3db1fa655a6d3f49850b10857e6afc,last,places365,aupr_out_appendix,ood_metric/aupr_out_openood_auc,identity,SW trace/top rank,geometry/spectrum/sw_trace_top_rank,GEO-11,descriptive,id_train,raw_feature_covariance,,,detector/mahalanobis_pp,OOD-3,up,id_train,id_test_vs_places365,detector_declared,0.5151515151515151,0.45583982202447165,-0.04625377725943227,0.7688942084122912,0.12888711128887112,0.4931332953661156,10,30,10000,20260805,float64,average,percentile_2.5_97.5,(extreme+1)/(resamples+1),dataset_checkpoint_endpoint_16x11,exploratory_association_not_causal
metric_contract_v1.2,c38b09694be88aa74de0741b39e9d3ba0d6ff61a,35a1a66f78dfd6255c4d804586ee6863969be78d21acec5cd0ccf00476ddaa5c,f80984d28ef9a7550633fb3aea514f783f3db1fa655a6d3f49850b10857e6afc,last,places365,aupr_out_appendix,ood_metric/aupr_out_openood_auc,identity,SW trace/top rank,geometry/spectrum/sw_trace_top_rank,GEO-11,descriptive,id_train,raw_feature_covariance,,,detector/mahalanobis_raw,OOD-3,up,id_train,id_test_vs_places365,detector_declared,-0.11515151515151516,-0.08698553948832036,-0.6741225804287129,0.7698888300502192,0.7577242275772422,0.9793266287406348,10,30,10000,20260805,float64,average,percentile_2.5_97.5,(extreme+1)/(resamples+1),dataset_checkpoint_endpoint_16x11,exploratory_association_not_causal
metric_contract_v1.2,c38b09694be88aa74de0741b39e9d3ba0d6ff61a,35a1a66f78dfd6255c4d804586ee6863969be78d21acec5cd0ccf00476ddaa5c,f80984d28ef9a7550633fb3aea514f783f3db1fa655a6d3f49850b10857e6afc,last,places365,aupr_out_appendix,ood_metric/aupr_out_openood_auc,identity,SW trace/top rank,geometry/spectrum/sw_trace_top_rank,GEO-11,descriptive,id_train,raw_feature_covariance,,,detector/neco_author_std_dim100,OOD-3,up,id_train,id_test_vs_places365,detector_declared,-0.4303030303030303,-0.24938820912124582,-0.7326800211772382,0.465654023848132,0.22127787221277873,0.6281436372491783,10,30,10000,20260805,float64,average,percentile_2.5_97.5,(extreme+1)/(resamples+1),dataset_checkpoint_endpoint_16x11,exploratory_association_not_causal
metric_contract_v1.2,c38b09694be88aa74de0741b39e9d3ba0d6ff61a,35a1a66f78dfd6255c4d804586ee6863969be78d21acec5cd0ccf00476ddaa5c,f80984d28ef9a7550633fb3aea514f783f3db1fa655a6d3f49850b10857e6afc,last,places365,aupr_out_appendix,ood_metric/aupr_out_openood_auc,identity,SW trace/top rank,geometry/spectrum/sw_trace_top_rank,GEO-11,descriptive,id_train,raw_feature_covariance,,,detector/relative_mahalanobis_pp,OOD-3,up,id_train,id_test_vs_places365,detector_declared,0.3939393939393939,0.432258064516129,-0.2458747136840836,0.8181818181818182,0.26687331266873315,0.6709957575671005,10,30,10000,20260805,float64,average,percentile_2.5_97.5,(extreme+1)/(resamples+1),dataset_checkpoint_endpoint_16x11,exploratory_association_not_causal
metric_contract_v1.2,c38b09694be88aa74de0741b39e9d3ba0d6ff61a,35a1a66f78dfd6255c4d804586ee6863969be78d21acec5cd0ccf00476ddaa5c,f80984d28ef9a7550633fb3aea514f783f3db1fa655a6d3f49850b10857e6afc,last,places365,aupr_out_appendix,ood_metric/aupr_out_openood_auc,identity,SW trace/top rank,geometry/spectrum/sw_trace_top_rank,GEO-11,descriptive,id_train,raw_feature_covariance,,,detector/relative_mahalanobis_raw,OOD-3,up,id_train,id_test_vs_places365,detector_declared,0.41818181818181815,0.42691879866518356,-0.2068549806754898,0.7800661462841431,0.24297570242975702,0.6635890257128132,10,30,10000,20260805,float64,average,percentile_2.5_97.5,(extreme+1)/(resamples+1),dataset_checkpoint_endpoint_16x11,exploratory_association_not_causal
metric_contract_v1.2,c38b09694be88aa74de0741b39e9d3ba0d6ff61a,35a1a66f78dfd6255c4d804586ee6863969be78d21acec5cd0ccf00476ddaa5c,f80984d28ef9a7550633fb3aea514f783f3db1fa655a6d3f49850b10857e6afc,last,places365,aupr_out_appendix,ood_metric/aupr_out_openood_auc,identity,SW trace/top rank,geometry/spectrum/sw_trace_top_rank,GEO-11,descriptive,id_train,raw_feature_covariance,,,detector/vim_author_dim,OOD-3,up,id_train,id_test_vs_places365,detector_declared,0.6,0.5563959955506118,-0.12008928571428572,0.9238560131675311,0.07339266073392661,0.3739626037396261,10,30,10000,20260805,float64,average,percentile_2.5_97.5,(extreme+1)/(resamples+1),dataset_checkpoint_endpoint_16x11,exploratory_association_not_causal
metric_contract_v1.2,c38b09694be88aa74de0741b39e9d3ba0d6ff61a,35a1a66f78dfd6255c4d804586ee6863969be78d21acec5cd0ccf00476ddaa5c,f80984d28ef9a7550633fb3aea514f783f3db1fa655a6d3f49850b10857e6afc,last,places365,aupr_out_appendix,ood_metric/aupr_out_openood_auc,identity,SW trace/top rank,geometry/spectrum/sw_trace_top_rank,GEO-11,descriptive,id_train,raw_feature_covariance,,,ood_score/energy_t1,OOD-3,up,,id_test_vs_places365,detector_declared,-0.030303030303030304,0.08743047830923248,-0.6296666482250812,0.7165521295049724,0.9453054694530547,0.9793266287406348,10,30,10000,20260805,float64,average,percentile_2.5_97.5,(extreme+1)/(resamples+1),dataset_checkpoint_endpoint_16x11,exploratory_association_not_causal
metric_contract_v1.2,c38b09694be88aa74de0741b39e9d3ba0d6ff61a,35a1a66f78dfd6255c4d804586ee6863969be78d21acec5cd0ccf00476ddaa5c,f80984d28ef9a7550633fb3aea514f783f3db1fa655a6d3f49850b10857e6afc,last,places365,aupr_out_appendix,ood_metric/aupr_out_openood_auc,identity,SW trace/top rank,geometry/spectrum/sw_trace_top_rank,GEO-11,descriptive,id_train,raw_feature_covariance,,,ood_score/max_logit,OOD-3,up,,id_test_vs_places365,detector_declared,0.030303030303030304,0.07675194660734148,-0.6261072302816273,0.6958174904942965,0.9452054794520548,0.9793266287406348,10,30,10000,20260805,float64,average,percentile_2.5_97.5,(extreme+1)/(resamples+1),dataset_checkpoint_endpoint_16x11,exploratory_association_not_causal
metric_contract_v1.2,c38b09694be88aa74de0741b39e9d3ba0d6ff61a,35a1a66f78dfd6255c4d804586ee6863969be78d21acec5cd0ccf00476ddaa5c,f80984d28ef9a7550633fb3aea514f783f3db1fa655a6d3f49850b10857e6afc,last,places365,aupr_out_appendix,ood_metric/aupr_out_openood_auc,identity,SW trace/top rank,geometry/spectrum/sw_trace_top_rank,GEO-11,descriptive,id_train,raw_feature_covariance,,,ood_score/msp,OOD-3,up,,id_test_vs_places365,detector_declared,0.05454545454545454,-0.009121245828698554,-0.5909472841754845,0.6251968309934769,0.8895110488951105,0.9793266287406348,10,30,10000,20260805,float64,average,percentile_2.5_97.5,(extreme+1)/(resamples+1),dataset_checkpoint_endpoint_16x11,exploratory_association_not_causal
metric_contract_v1.2,c38b09694be88aa74de0741b39e9d3ba0d6ff61a,35a1a66f78dfd6255c4d804586ee6863969be78d21acec5cd0ccf00476ddaa5c,f80984d28ef9a7550633fb3aea514f783f3db1fa655a6d3f49850b10857e6afc,last,places365,aupr_out_appendix,ood_metric/aupr_out_openood_auc,identity,SW participation ratio,geometry/spectrum/sw_participation_ratio,GEO-11,descriptive,id_train,raw_feature_covariance,,,detector/ctm_prototype_cosine,OOD-3,up,id_train,id_test_vs_places365,detector_declared,0.2727272727272727,0.3147942157953281,-0.39258773700281363,0.7849701298623986,0.4560543945605439,0.7995354310722773,10,30,10000,20260805,float64,average,percentile_2.5_97.5,(extreme+1)/(resamples+1),dataset_checkpoint_endpoint_16x11,exploratory_association_not_causal
metric_contract_v1.2,c38b09694be88aa74de0741b39e9d3ba0d6ff61a,35a1a66f78dfd6255c4d804586ee6863969be78d21acec5cd0ccf00476ddaa5c,f80984d28ef9a7550633fb3aea514f783f3db1fa655a6d3f49850b10857e6afc,last,places365,aupr_out_appendix,ood_metric/aupr_out_openood_auc,identity,SW participation ratio,geometry/spectrum/sw_participation_ratio,GEO-11,descriptive,id_train,raw_feature_covariance,,,detector/knn_l2_k50,OOD-3,up,id_train,id_test_vs_places365,detector_declared,0.5393939393939394,0.6226918798665183,-0.11190909571476786,0.8512421598288076,0.12038796120387961,0.47984534879845353,10,30,10000,20260805,float64,average,percentile_2.5_97.5,(extreme+1)/(resamples+1),dataset_checkpoint_endpoint_16x11,exploratory_association_not_causal
metric_contract_v1.2,c38b09694be88aa74de0741b39e9d3ba0d6ff61a,35a1a66f78dfd6255c4d804586ee6863969be78d21acec5cd0ccf00476ddaa5c,f80984d28ef9a7550633fb3aea514f783f3db1fa655a6d3f49850b10857e6afc,last,places365,aupr_out_appendix,ood_metric/aupr_out_openood_auc,identity,SW participation ratio,geometry/spectrum/sw_participation_ratio,GEO-11,descriptive,id_train,raw_feature_covariance,,,detector/mahalanobis_pp,OOD-3,up,id_train,id_test_vs_places365,detector_declared,0.22424242424242424,0.29299221357063404,-0.294835338436623,0.7431384309752254,0.5306469353064693,0.8495150484951505,10,30,10000,20260805,float64,average,percentile_2.5_97.5,(extreme+1)/(resamples+1),dataset_checkpoint_endpoint_16x11,exploratory_association_not_causal
metric_contract_v1.2,c38b09694be88aa74de0741b39e9d3ba0d6ff61a,35a1a66f78dfd6255c4d804586ee6863969be78d21acec5cd0ccf00476ddaa5c,f80984d28ef9a7550633fb3aea514f783f3db1fa655a6d3f49850b10857e6afc,last,places365,aupr_out_appendix,ood_metric/aupr_out_openood_auc,identity,SW participation ratio,geometry/spectrum/sw_participation_ratio,GEO-11,descriptive,id_train,raw_feature_covariance,,,detector/mahalanobis_raw,OOD-3,up,id_train,id_test_vs_places365,detector_declared,-0.06666666666666667,-0.04293659621802002,-0.6671934956764426,0.7610046711964326,0.8615138486151385,0.9793266287406348,10,30,10000,20260805,float64,average,percentile_2.5_97.5,(extreme+1)/(resamples+1),dataset_checkpoint_endpoint_16x11,exploratory_association_not_causal
metric_contract_v1.2,c38b09694be88aa74de0741b39e9d3ba0d6ff61a,35a1a66f78dfd6255c4d804586ee6863969be78d21acec5cd0ccf00476ddaa5c,f80984d28ef9a7550633fb3aea514f783f3db1fa655a6d3f49850b10857e6afc,last,places365,aupr_out_appendix,ood_metric/aupr_out_openood_auc,identity,SW participation ratio,geometry/spectrum/sw_participation_ratio,GEO-11,descriptive,id_train,raw_feature_covariance,,,detector/neco_author_std_dim100,OOD-3,up,id_train,id_test_vs_places365,detector_declared,-0.5272727272727272,-0.3664071190211346,-0.8038990366358724,0.32990847815421676,0.12268773122687732,0.47984534879845353,10,30,10000,20260805,float64,average,percentile_2.5_97.5,(extreme+1)/(resamples+1),dataset_checkpoint_endpoint_16x11,exploratory_association_not_causal
metric_contract_v1.2,c38b09694be88aa74de0741b39e9d3ba0d6ff61a,35a1a66f78dfd6255c4d804586ee6863969be78d21acec5cd0ccf00476ddaa5c,f80984d28ef9a7550633fb3aea514f783f3db1fa655a6d3f49850b10857e6afc,last,places365,aupr_out_appendix,ood_metric/aupr_out_openood_auc,identity,SW participation ratio,geometry/spectrum/sw_participation_ratio,GEO-11,descriptive,id_train,raw_feature_covariance,,,detector/relative_mahalanobis_pp,OOD-3,up,id_train,id_test_vs_places365,detector_declared,0.6484848484848484,0.6898776418242492,0.057385129488296,0.8787338386090058,0.048595140485951406,0.3739626037396261,10,30,10000,20260805,float64,average,percentile_2.5_97.5,(extreme+1)/(resamples+1),dataset_checkpoint_endpoint_16x11,exploratory_association_not_causal
metric_contract_v1.2,c38b09694be88aa74de0741b39e9d3ba0d6ff61a,35a1a66f78dfd6255c4d804586ee6863969be78d21acec5cd0ccf00476ddaa5c,f80984d28ef9a7550633fb3aea514f783f3db1fa655a6d3f49850b10857e6afc,last,places365,aupr_out_appendix,ood_metric/aupr_out_openood_auc,identity,SW participation ratio,geometry/spectrum/sw_participation_ratio,GEO-11,descriptive,id_train,raw_feature_covariance,,,detector/relative_mahalanobis_raw,OOD-3,up,id_train,id_test_vs_places365,detector_declared,0.6242424242424243,0.6760845383759733,0.11577275887060982,0.880522327871657,0.061493850614938506,0.3739626037396261,10,30,10000,20260805,float64,average,percentile_2.5_97.5,(extreme+1)/(resamples+1),dataset_checkpoint_endpoint_16x11,exploratory_association_not_causal
metric_contract_v1.2,c38b09694be88aa74de0741b39e9d3ba0d6ff61a,35a1a66f78dfd6255c4d804586ee6863969be78d21acec5cd0ccf00476ddaa5c,f80984d28ef9a7550633fb3aea514f783f3db1fa655a6d3f49850b10857e6afc,last,places365,aupr_out_appendix,ood_metric/aupr_out_openood_auc,identity,SW participation ratio,geometry/spectrum/sw_participation_ratio,GEO-11,descriptive,id_train,raw_feature_covariance,,,detector/vim_author_dim,OOD-3,up,id_train,id_test_vs_places365,detector_declared,0.6606060606060606,0.6983314794215796,0.10027806771777088,0.9663833526662627,0.047795220477952205,0.3739626037396261,10,30,10000,20260805,float64,average,percentile_2.5_97.5,(extreme+1)/(resamples+1),dataset_checkpoint_endpoint_16x11,exploratory_association_not_causal
metric_contract_v1.2,c38b09694be88aa74de0741b39e9d3ba0d6ff61a,35a1a66f78dfd6255c4d804586ee6863969be78d21acec5cd0ccf00476ddaa5c,f80984d28ef9a7550633fb3aea514f783f3db1fa655a6d3f49850b10857e6afc,last,places365,aupr_out_appendix,ood_metric/aupr_out_openood_auc,identity,SW participation ratio,geometry/spectrum/sw_participation_ratio,GEO-11,descriptive,id_train,raw_feature_covariance,,,ood_score/energy_t1,OOD-3,up,,id_test_vs_places365,detector_declared,0.030303030303030304,0.16840934371523916,-0.6046596310716926,0.754826246641437,0.9482051794820517,0.9793266287406348,10,30,10000,20260805,float64,average,percentile_2.5_97.5,(extreme+1)/(resamples+1),dataset_checkpoint_endpoint_16x11,exploratory_association_not_causal
metric_contract_v1.2,c38b09694be88aa74de0741b39e9d3ba0d6ff61a,35a1a66f78dfd6255c4d804586ee6863969be78d21acec5cd0ccf00476ddaa5c,f80984d28ef9a7550633fb3aea514f783f3db1fa655a6d3f49850b10857e6afc,last,places365,aupr_out_appendix,ood_metric/aupr_out_openood_auc,identity,SW participation ratio,geometry/spectrum/sw_participation_ratio,GEO-11,descriptive,id_train,raw_feature_covariance,,,ood_score/max_logit,OOD-3,up,,id_test_vs_places365,detector_declared,0.09090909090909091,0.15550611790878754,-0.6180477998659817,0.7414191047992118,0.8154184581541846,0.9793266287406348,10,30,10000,20260805,float64,average,percentile_2.5_97.5,(extreme+1)/(resamples+1),dataset_checkpoint_endpoint_16x11,exploratory_association_not_causal
metric_contract_v1.2,c38b09694be88aa74de0741b39e9d3ba0d6ff61a,35a1a66f78dfd6255c4d804586ee6863969be78d21acec5cd0ccf00476ddaa5c,f80984d28ef9a7550633fb3aea514f783f3db1fa655a6d3f49850b10857e6afc,last,places365,aupr_out_appendix,ood_metric/aupr_out_openood_auc,identity,SW participation ratio,geometry/spectrum/sw_participation_ratio,GEO-11,descriptive,id_train,raw_feature_covariance,,,ood_score/msp,OOD-3,up,,id_test_vs_places365,detector_declared,0.22424242424242424,0.22046718576195773,-0.43222190176004127,0.7395797211349107,0.5426457354264573,0.8527290128130043,10,30,10000,20260805,float64,average,percentile_2.5_97.5,(extreme+1)/(resamples+1),dataset_checkpoint_endpoint_16x11,exploratory_association_not_causal
metric_contract_v1.2,c38b09694be88aa74de0741b39e9d3ba0d6ff61a,35a1a66f78dfd6255c4d804586ee6863969be78d21acec5cd0ccf00476ddaa5c,f80984d28ef9a7550633fb3aea514f783f3db1fa655a6d3f49850b10857e6afc,last,places365,aupr_out_appendix,ood_metric/aupr_out_openood_auc,identity,SW numerical rank,geometry/spectrum/sw_numerical_rank,GEO-12,descriptive,id_train,raw_feature_covariance,,,detector/ctm_prototype_cosine,OOD-3,up,id_train,id_test_vs_places365,detector_declared,-0.29359915905953515,-0.10361046702183606,-0.5618448961147275,0.47600044015300524,0.41175882411758824,0.7792425058569412,10,30,10000,20260805,float64,average,percentile_2.5_97.5,(extreme+1)/(resamples+1),dataset_checkpoint_endpoint_16x11,exploratory_association_not_causal
metric_contract_v1.2,c38b09694be88aa74de0741b39e9d3ba0d6ff61a,35a1a66f78dfd6255c4d804586ee6863969be78d21acec5cd0ccf00476ddaa5c,f80984d28ef9a7550633fb3aea514f783f3db1fa655a6d3f49850b10857e6afc,last,places365,aupr_out_appendix,ood_metric/aupr_out_openood_auc,identity,SW numerical rank,geometry/spectrum/sw_numerical_rank,GEO-12,descriptive,id_train,raw_feature_covariance,,,detector/knn_l2_k50,OOD-3,up,id_train,id_test_vs_places365,detector_declared,-0.47795211939924326,-0.3335122993190444,-0.6977871146204094,0.22040543221230727,0.1643835616438356,0.5458774877229258,10,30,10000,20260805,float64,average,percentile_2.5_97.5,(extreme+1)/(resamples+1),dataset_checkpoint_endpoint_16x11,exploratory_association_not_causal
metric_contract_v1.2,c38b09694be88aa74de0741b39e9d3ba0d6ff61a,35a1a66f78dfd6255c4d804586ee6863969be78d21acec5cd0ccf00476ddaa5c,f80984d28ef9a7550633fb3aea514f783f3db1fa655a6d3f49850b10857e6afc,last,places365,aupr_out_appendix,ood_metric/aupr_out_openood_auc,identity,SW numerical rank,geometry/spectrum/sw_numerical_rank,GEO-12,descriptive,id_train,raw_feature_covariance,,,detector/mahalanobis_pp,OOD-3,up,id_train,id_test_vs_places365,detector_declared,0.23897605969962163,0.06804269476060876,-0.5962853842964635,0.6626755421450228,0.4951504849515049,0.8169201771411644,10,30,10000,20260805,float64,average,percentile_2.5_97.5,(extreme+1)/(resamples+1),dataset_checkpoint_endpoint_16x11,exploratory_association_not_causal
metric_contract_v1.2,c38b09694be88aa74de0741b39e9d3ba0d6ff61a,35a1a66f78dfd6255c4d804586ee6863969be78d21acec5cd0ccf00476ddaa5c,f80984d28ef9a7550633fb3aea514f783f3db1fa655a6d3f49850b10857e6afc,last,places365,aupr_out_appendix,ood_metric/aupr_out_openood_auc,identity,SW numerical rank,geometry/spectrum/sw_numerical_rank,GEO-12,descriptive,id_train,raw_feature_covariance,,,detector/mahalanobis_raw,OOD-3,up,id_train,id_test_vs_places365,detector_declared,0.03413943709994595,0.06778495728045493,-0.5561991777387781,0.6878894395740411,0.928007199280072,0.9793266287406348,10,30,10000,20260805,float64,average,percentile_2.5_97.5,(extreme+1)/(resamples+1),dataset_checkpoint_endpoint_16x11,exploratory_association_not_causal
metric_contract_v1.2,c38b09694be88aa74de0741b39e9d3ba0d6ff61a,35a1a66f78dfd6255c4d804586ee6863969be78d21acec5cd0ccf00476ddaa5c,f80984d28ef9a7550633fb3aea514f783f3db1fa655a6d3f49850b10857e6afc,last,places365,aupr_out_appendix,ood_metric/aupr_out_openood_auc,identity,SW numerical rank,geometry/spectrum/sw_numerical_rank,GEO-12,descriptive,id_train,raw_feature_covariance,,,detector/neco_author_std_dim100,OOD-3,up,id_train,id_test_vs_places365,detector_declared,0.539403106179146,0.39433834463534617,-0.10817596117311305,0.6945573567221365,0.11128887111288871,0.47431447331457327,10,30,10000,20260805,float64,average,percentile_2.5_97.5,(extreme+1)/(resamples+1),dataset_checkpoint_endpoint_16x11,exploratory_association_not_causal
metric_contract_v1.2,c38b09694be88aa74de0741b39e9d3ba0d6ff61a,35a1a66f78dfd6255c4d804586ee6863969be78d21acec5cd0ccf00476ddaa5c,f80984d28ef9a7550633fb3aea514f783f3db1fa655a6d3f49850b10857e6afc,last,places365,aupr_out_appendix,ood_metric/aupr_out_openood_auc,identity,SW numerical rank,geometry/spectrum/sw_numerical_rank,GEO-12,descriptive,id_train,raw_feature_covariance,,,detector/relative_mahalanobis_pp,OOD-3,up,id_train,id_test_vs_places365,detector_declared,-0.5940262055390595,-0.5672801938185601,-0.8039370195956564,-0.09793829468225555,0.07329267073292671,0.3739626037396261,10,30,10000,20260805,float64,average,percentile_2.5_97.5,(extreme+1)/(resamples+1),dataset_checkpoint_endpoint_16x11,exploratory_association_not_causal
metric_contract_v1.2,c38b09694be88aa74de0741b39e9d3ba0d6ff61a,35a1a66f78dfd6255c4d804586ee6863969be78d21acec5cd0ccf00476ddaa5c,f80984d28ef9a7550633fb3aea514f783f3db1fa655a6d3f49850b10857e6afc,last,places365,aupr_out_appendix,ood_metric/aupr_out_openood_auc,identity,SW numerical rank,geometry/spectrum/sw_numerical_rank,GEO-12,descriptive,id_train,raw_feature_covariance,,,detector/relative_mahalanobis_raw,OOD-3,up,id_train,id_test_vs_places365,detector_declared,-0.6418214174789838,-0.6121265153653249,-0.7877977410295789,-0.14535071645239506,0.05449455054494551,0.3739626037396261,10,30,10000,20260805,float64,average,percentile_2.5_97.5,(extreme+1)/(resamples+1),dataset_checkpoint_endpoint_16x11,exploratory_association_not_causal
metric_contract_v1.2,c38b09694be88aa74de0741b39e9d3ba0d6ff61a,35a1a66f78dfd6255c4d804586ee6863969be78d21acec5cd0ccf00476ddaa5c,f80984d28ef9a7550633fb3aea514f783f3db1fa655a6d3f49850b10857e6afc,last,places365,aupr_out_appendix,ood_metric/aupr_out_openood_auc,identity,SW numerical rank,geometry/spectrum/sw_numerical_rank,GEO-12,descriptive,id_train,raw_feature_covariance,,,detector/vim_author_dim,OOD-3,up,id_train,id_test_vs_places365,detector_declared,-0.34139437099945946,-0.3688223341001179,-0.7571111758394942,0.17876158837754327,0.3237676232376762,0.7213050846814053,10,30,10000,20260805,float64,average,percentile_2.5_97.5,(extreme+1)/(resamples+1),dataset_checkpoint_endpoint_16x11,exploratory_association_not_causal
metric_contract_v1.2,c38b09694be88aa74de0741b39e9d3ba0d6ff61a,35a1a66f78dfd6255c4d804586ee6863969be78d21acec5cd0ccf00476ddaa5c,f80984d28ef9a7550633fb3aea514f783f3db1fa655a6d3f49850b10857e6afc,last,places365,aupr_out_appendix,ood_metric/aupr_out_openood_auc,identity,SW numerical rank,geometry/spectrum/sw_numerical_rank,GEO-12,descriptive,id_train,raw_feature_covariance,,,ood_score/energy_t1,OOD-3,up,,id_test_vs_places365,detector_declared,-0.040967324519935136,-0.15335380069152352,-0.694383846272756,0.4250635338511635,0.9143085691430857,0.9793266287406348,10,30,10000,20260805,float64,average,percentile_2.5_97.5,(extreme+1)/(resamples+1),dataset_checkpoint_endpoint_16x11,exploratory_association_not_causal
metric_contract_v1.2,c38b09694be88aa74de0741b39e9d3ba0d6ff61a,35a1a66f78dfd6255c4d804586ee6863969be78d21acec5cd0ccf00476ddaa5c,f80984d28ef9a7550633fb3aea514f783f3db1fa655a6d3f49850b10857e6afc,last,places365,aupr_out_appendix,ood_metric/aupr_out_openood_auc,identity,SW numerical rank,geometry/spectrum/sw_numerical_rank,GEO-12,descriptive,id_train,raw_feature_covariance,,,ood_score/max_logit,OOD-3,up,,id_test_vs_places365,detector_declared,-0.040967324519935136,-0.17861207374659796,-0.6946164576955968,0.4044663553433106,0.9198080191980802,0.9793266287406348,10,30,10000,20260805,float64,average,percentile_2.5_97.5,(extreme+1)/(resamples+1),dataset_checkpoint_endpoint_16x11,exploratory_association_not_causal
metric_contract_v1.2,c38b09694be88aa74de0741b39e9d3ba0d6ff61a,35a1a66f78dfd6255c4d804586ee6863969be78d21acec5cd0ccf00476ddaa5c,f80984d28ef9a7550633fb3aea514f783f3db1fa655a6d3f49850b10857e6afc,last,places365,aupr_out_appendix,ood_metric/aupr_out_openood_auc,identity,SW numerical rank,geometry/spectrum/sw_numerical_rank,GEO-12,descriptive,id_train,raw_feature_covariance,,,ood_score/msp,OOD-3,up,,id_test_vs_places365,detector_declared,-0.4984357816592108,-0.3788740958261169,-0.7351977793783784,0.2110290531689681,0.1473852614738526,0.5404126254041263,10,30,10000,20260805,float64,average,percentile_2.5_97.5,(extreme+1)/(resamples+1),dataset_checkpoint_endpoint_16x11,exploratory_association_not_causal
metric_contract_v1.2,c38b09694be88aa74de0741b39e9d3ba0d6ff61a,35a1a66f78dfd6255c4d804586ee6863969be78d21acec5cd0ccf00476ddaa5c,f80984d28ef9a7550633fb3aea514f783f3db1fa655a6d3f49850b10857e6afc,last,places365,aupr_out_appendix,ood_metric/aupr_out_openood_auc,identity,SW condition number,geometry/spectrum/sw_condition_number_retained,GEO-12,descriptive,id_train,raw_feature_covariance,,,detector/ctm_prototype_cosine,OOD-3,up,id_train,id_test_vs_places365,detector_declared,-0.030303030303030304,-0.04338153503893215,-0.6111403213444029,0.5743980996789204,0.9479052094790521,0.9793266287406348,10,30,10000,20260805,float64,average,percentile_2.5_97.5,(extreme+1)/(resamples+1),dataset_checkpoint_endpoint_16x11,exploratory_association_not_causal
metric_contract_v1.2,c38b09694be88aa74de0741b39e9d3ba0d6ff61a,35a1a66f78dfd6255c4d804586ee6863969be78d21acec5cd0ccf00476ddaa5c,f80984d28ef9a7550633fb3aea514f783f3db1fa655a6d3f49850b10857e6afc,last,places365,aupr_out_appendix,ood_metric/aupr_out_openood_auc,identity,SW condition number,geometry/spectrum/sw_condition_number_retained,GEO-12,descriptive,id_train,raw_feature_covariance,,,detector/knn_l2_k50,OOD-3,up,id_train,id_test_vs_places365,detector_declared,0.01818181818181818,0.0028921023359288096,-0.5948291266473085,0.6009863205497699,0.9749025097490251,0.9861082857231519,10,30,10000,20260805,float64,average,percentile_2.5_97.5,(extreme+1)/(resamples+1),dataset_checkpoint_endpoint_16x11,exploratory_association_not_causal
metric_contract_v1.2,c38b09694be88aa74de0741b39e9d3ba0d6ff61a,35a1a66f78dfd6255c4d804586ee6863969be78d21acec5cd0ccf00476ddaa5c,f80984d28ef9a7550633fb3aea514f783f3db1fa655a6d3f49850b10857e6afc,last,places365,aupr_out_appendix,ood_metric/aupr_out_openood_auc,identity,SW condition number,geometry/spectrum/sw_condition_number_retained,GEO-12,descriptive,id_train,raw_feature_covariance,,,detector/mahalanobis_pp,OOD-3,up,id_train,id_test_vs_places365,detector_declared,-0.2727272727272727,-0.3147942157953281,-0.7183040444886746,0.23968058968058953,0.4500549945005499,0.7995354310722773,10,30,10000,20260805,float64,average,percentile_2.5_97.5,(extreme+1)/(resamples+1),dataset_checkpoint_endpoint_16x11,exploratory_association_not_causal
metric_contract_v1.2,c38b09694be88aa74de0741b39e9d3ba0d6ff61a,35a1a66f78dfd6255c4d804586ee6863969be78d21acec5cd0ccf00476ddaa5c,f80984d28ef9a7550633fb3aea514f783f3db1fa655a6d3f49850b10857e6afc,last,places365,aupr_out_appendix,ood_metric/aupr_out_openood_auc,identity,SW condition number,geometry/spectrum/sw_condition_number_retained,GEO-12,descriptive,id_train,raw_feature_covariance,,,detector/mahalanobis_raw,OOD-3,up,id_train,id_test_vs_places365,detector_declared,-0.2,-0.26229143492769746,-0.8123792462551334,0.39615040286481645,0.583941605839416,0.8709637510825188,10,30,10000,20260805,float64,average,percentile_2.5_97.5,(extreme+1)/(resamples+1),dataset_checkpoint_endpoint_16x11,exploratory_association_not_causal
metric_contract_v1.2,c38b09694be88aa74de0741b39e9d3ba0d6ff61a,35a1a66f78dfd6255c4d804586ee6863969be78d21acec5cd0ccf00476ddaa5c,f80984d28ef9a7550633fb3aea514f783f3db1fa655a6d3f49850b10857e6afc,last,places365,aupr_out_appendix,ood_metric/aupr_out_openood_auc,identity,SW condition number,geometry/spectrum/sw_condition_number_retained,GEO-12,descriptive,id_train,raw_feature_covariance,,,detector/neco_author_std_dim100,OOD-3,up,id_train,id_test_vs_places365,detector_declared,-0.3939393939393939,-0.3619577308120133,-0.8376087441445461,0.21465266919812373,0.2645735426457354,0.6709957575671005,10,30,10000,20260805,float64,average,percentile_2.5_97.5,(extreme+1)/(resamples+1),dataset_checkpoint_endpoint_16x11,exploratory_association_not_causal
metric_contract_v1.2,c38b09694be88aa74de0741b39e9d3ba0d6ff61a,35a1a66f78dfd6255c4d804586ee6863969be78d21acec5cd0ccf00476ddaa5c,f80984d28ef9a7550633fb3aea514f783f3db1fa655a6d3f49850b10857e6afc,last,places365,aupr_out_appendix,ood_metric/aupr_out_openood_auc,identity,SW condition number,geometry/spectrum/sw_condition_number_retained,GEO-12,descriptive,id_train,raw_feature_covariance,,,detector/relative_mahalanobis_pp,OOD-3,up,id_train,id_test_vs_places365,detector_declared,0.15151515151515152,0.18131256952169078,-0.45954981340378614,0.6571057164148115,0.6779322067793221,0.9480878683785166,10,30,10000,20260805,float64,average,percentile_2.5_97.5,(extreme+1)/(resamples+1),dataset_checkpoint_endpoint_16x11,exploratory_association_not_causal
metric_contract_v1.2,c38b09694be88aa74de0741b39e9d3ba0d6ff61a,35a1a66f78dfd6255c4d804586ee6863969be78d21acec5cd0ccf00476ddaa5c,f80984d28ef9a7550633fb3aea514f783f3db1fa655a6d3f49850b10857e6afc,last,places365,aupr_out_appendix,ood_metric/aupr_out_openood_auc,identity,SW condition number,geometry/spectrum/sw_condition_number_retained,GEO-12,descriptive,id_train,raw_feature_covariance,,,detector/relative_mahalanobis_raw,OOD-3,up,id_train,id_test_vs_places365,detector_declared,0.3333333333333333,0.3268075639599555,-0.33260967628465293,0.74179318309035,0.3411658834116588,0.7215278472152784,10,30,10000,20260805,float64,average,percentile_2.5_97.5,(extreme+1)/(resamples+1),dataset_checkpoint_endpoint_16x11,exploratory_association_not_causal
metric_contract_v1.2,c38b09694be88aa74de0741b39e9d3ba0d6ff61a,35a1a66f78dfd6255c4d804586ee6863969be78d21acec5cd0ccf00476ddaa5c,f80984d28ef9a7550633fb3aea514f783f3db1fa655a6d3f49850b10857e6afc,last,places365,aupr_out_appendix,ood_metric/aupr_out_openood_auc,identity,SW condition number,geometry/spectrum/sw_condition_number_retained,GEO-12,descriptive,id_train,raw_feature_covariance,,,detector/vim_author_dim,OOD-3,up,id_train,id_test_vs_places365,detector_declared,-0.11515151515151516,-0.20667408231368187,-0.7485677140683646,0.41239886889048066,0.7615238476152385,0.9793266287406348,10,30,10000,20260805,float64,average,percentile_2.5_97.5,(extreme+1)/(resamples+1),dataset_checkpoint_endpoint_16x11,exploratory_association_not_causal
metric_contract_v1.2,c38b09694be88aa74de0741b39e9d3ba0d6ff61a,35a1a66f78dfd6255c4d804586ee6863969be78d21acec5cd0ccf00476ddaa5c,f80984d28ef9a7550633fb3aea514f783f3db1fa655a6d3f49850b10857e6afc,last,places365,aupr_out_appendix,ood_metric/aupr_out_openood_auc,identity,SW condition number,geometry/spectrum/sw_condition_number_retained,GEO-12,descriptive,id_train,raw_feature_covariance,,,ood_score/energy_t1,OOD-3,up,,id_test_vs_places365,detector_declared,0.030303030303030304,-0.024694104560622914,-0.5683688165830295,0.6207444331711932,0.9451054894510549,0.9793266287406348,10,30,10000,20260805,float64,average,percentile_2.5_97.5,(extreme+1)/(resamples+1),dataset_checkpoint_endpoint_16x11,exploratory_association_not_causal
metric_contract_v1.2,c38b09694be88aa74de0741b39e9d3ba0d6ff61a,35a1a66f78dfd6255c4d804586ee6863969be78d21acec5cd0ccf00476ddaa5c,f80984d28ef9a7550633fb3aea514f783f3db1fa655a6d3f49850b10857e6afc,last,places365,aupr_out_appendix,ood_metric/aupr_out_openood_auc,identity,SW condition number,geometry/spectrum/sw_condition_number_retained,GEO-12,descriptive,id_train,raw_feature_covariance,,,ood_score/max_logit,OOD-3,up,,id_test_vs_places365,detector_declared,-0.030303030303030304,-0.020244716351501667,-0.571910263054684,0.6288201227902925,0.9471052894710529,0.9793266287406348,10,30,10000,20260805,float64,average,percentile_2.5_97.5,(extreme+1)/(resamples+1),dataset_checkpoint_endpoint_16x11,exploratory_association_not_causal
metric_contract_v1.2,c38b09694be88aa74de0741b39e9d3ba0d6ff61a,35a1a66f78dfd6255c4d804586ee6863969be78d21acec5cd0ccf00476ddaa5c,f80984d28ef9a7550633fb3aea514f783f3db1fa655a6d3f49850b10857e6afc,last,places365,aupr_out_appendix,ood_metric/aupr_out_openood_auc,identity,SW condition number,geometry/spectrum/sw_condition_number_retained,GEO-12,descriptive,id_train,raw_feature_covariance,,,ood_score/msp,OOD-3,up,,id_test_vs_places365,detector_declared,0.3212121212121212,0.2605116796440489,-0.3629580928515587,0.6305561760107214,0.36676332366763326,0.7468126750543336,10,30,10000,20260805,float64,average,percentile_2.5_97.5,(extreme+1)/(resamples+1),dataset_checkpoint_endpoint_16x11,exploratory_association_not_causal
metric_contract_v1.2,c38b09694be88aa74de0741b39e9d3ba0d6ff61a,35a1a66f78dfd6255c4d804586ee6863969be78d21acec5cd0ccf00476ddaa5c,f80984d28ef9a7550633fb3aea514f783f3db1fa655a6d3f49850b10857e6afc,last,places365,aupr_out_appendix,ood_metric/aupr_out_openood_auc,identity,LID-50,geometry/lid_k50,GEO-14,descriptive,id_train,raw_feature_exact_neighbors,,,detector/ctm_prototype_cosine,OOD-3,up,id_train,id_test_vs_places365,detector_declared,0.34545454545454546,0.31301446051167964,-0.41019900138187504,0.8038865311592585,0.32966703329667035,0.7215278472152784,10,30,10000,20260805,float64,average,percentile_2.5_97.5,(extreme+1)/(resamples+1),dataset_checkpoint_endpoint_16x11,exploratory_association_not_causal
metric_contract_v1.2,c38b09694be88aa74de0741b39e9d3ba0d6ff61a,35a1a66f78dfd6255c4d804586ee6863969be78d21acec5cd0ccf00476ddaa5c,f80984d28ef9a7550633fb3aea514f783f3db1fa655a6d3f49850b10857e6afc,last,places365,aupr_out_appendix,ood_metric/aupr_out_openood_auc,identity,LID-50,geometry/lid_k50,GEO-14,descriptive,id_train,raw_feature_exact_neighbors,,,detector/knn_l2_k50,OOD-3,up,id_train,id_test_vs_places365,detector_declared,0.6,0.6622914349276975,0.08500307085164488,0.8649150400583431,0.07639236076392361,0.3739626037396261,10,30,10000,20260805,float64,average,percentile_2.5_97.5,(extreme+1)/(resamples+1),dataset_checkpoint_endpoint_16x11,exploratory_association_not_causal
metric_contract_v1.2,c38b09694be88aa74de0741b39e9d3ba0d6ff61a,35a1a66f78dfd6255c4d804586ee6863969be78d21acec5cd0ccf00476ddaa5c,f80984d28ef9a7550633fb3aea514f783f3db1fa655a6d3f49850b10857e6afc,last,places365,aupr_out_appendix,ood_metric/aupr_out_openood_auc,identity,LID-50,geometry/lid_k50,GEO-14,descriptive,id_train,raw_feature_exact_neighbors,,,detector/mahalanobis_pp,OOD-3,up,id_train,id_test_vs_places365,detector_declared,0.3575757575757576,0.38954393770856505,-0.30937011391556846,0.8365088228724591,0.3107689231076892,0.7120518717359033,10,30,10000,20260805,float64,average,percentile_2.5_97.5,(extreme+1)/(resamples+1),dataset_checkpoint_endpoint_16x11,exploratory_association_not_causal
metric_contract_v1.2,c38b09694be88aa74de0741b39e9d3ba0d6ff61a,35a1a66f78dfd6255c4d804586ee6863969be78d21acec5cd0ccf00476ddaa5c,f80984d28ef9a7550633fb3aea514f783f3db1fa655a6d3f49850b10857e6afc,last,places365,aupr_out_appendix,ood_metric/aupr_out_openood_auc,identity,LID-50,geometry/lid_k50,GEO-14,descriptive,id_train,raw_feature_exact_neighbors,,,detector/mahalanobis_raw,OOD-3,up,id_train,id_test_vs_places365,detector_declared,-0.3333333333333333,-0.3619577308120133,-0.7784293002915451,0.45386144313110777,0.3457654234576542,0.7215278472152784,10,30,10000,20260805,float64,average,percentile_2.5_97.5,(extreme+1)/(resamples+1),dataset_checkpoint_endpoint_16x11,exploratory_association_not_causal
metric_contract_v1.2,c38b09694be88aa74de0741b39e9d3ba0d6ff61a,35a1a66f78dfd6255c4d804586ee6863969be78d21acec5cd0ccf00476ddaa5c,f80984d28ef9a7550633fb3aea514f783f3db1fa655a6d3f49850b10857e6afc,last,places365,aupr_out_appendix,ood_metric/aupr_out_openood_auc,identity,LID-50,geometry/lid_k50,GEO-14,descriptive,id_train,raw_feature_exact_neighbors,,,detector/neco_author_std_dim100,OOD-3,up,id_train,id_test_vs_places365,detector_declared,-0.7696969696969697,-0.7054505005561735,-0.8769505127061971,-0.24875211587448276,0.013598640135986401,0.3739626037396261,10,30,10000,20260805,float64,average,percentile_2.5_97.5,(extreme+1)/(resamples+1),dataset_checkpoint_endpoint_16x11,exploratory_association_not_causal
metric_contract_v1.2,c38b09694be88aa74de0741b39e9d3ba0d6ff61a,35a1a66f78dfd6255c4d804586ee6863969be78d21acec5cd0ccf00476ddaa5c,f80984d28ef9a7550633fb3aea514f783f3db1fa655a6d3f49850b10857e6afc,last,places365,aupr_out_appendix,ood_metric/aupr_out_openood_auc,identity,LID-50,geometry/lid_k50,GEO-14,descriptive,id_train,raw_feature_exact_neighbors,,,detector/relative_mahalanobis_pp,OOD-3,up,id_train,id_test_vs_places365,detector_declared,0.5393939393939394,0.5208008898776418,-0.2414594065456921,0.8361708591354068,0.11248875112488751,0.47431447331457327,10,30,10000,20260805,float64,average,percentile_2.5_97.5,(extreme+1)/(resamples+1),dataset_checkpoint_endpoint_16x11,exploratory_association_not_causal
metric_contract_v1.2,c38b09694be88aa74de0741b39e9d3ba0d6ff61a,35a1a66f78dfd6255c4d804586ee6863969be78d21acec5cd0ccf00476ddaa5c,f80984d28ef9a7550633fb3aea514f783f3db1fa655a6d3f49850b10857e6afc,last,places365,aupr_out_appendix,ood_metric/aupr_out_openood_auc,identity,LID-50,geometry/lid_k50,GEO-14,descriptive,id_train,raw_feature_exact_neighbors,,,detector/relative_mahalanobis_raw,OOD-3,up,id_train,id_test_vs_places365,detector_declared,0.4909090909090909,0.5003337041156841,-0.18259432619737595,0.7188634925777854,0.1581841815818418,0.5452070177597624,10,30,10000,20260805,float64,average,percentile_2.5_97.5,(extreme+1)/(resamples+1),dataset_checkpoint_endpoint_16x11,exploratory_association_not_causal
metric_contract_v1.2,c38b09694be88aa74de0741b39e9d3ba0d6ff61a,35a1a66f78dfd6255c4d804586ee6863969be78d21acec5cd0ccf00476ddaa5c,f80984d28ef9a7550633fb3aea514f783f3db1fa655a6d3f49850b10857e6afc,last,places365,aupr_out_appendix,ood_metric/aupr_out_openood_auc,identity,LID-50,geometry/lid_k50,GEO-14,descriptive,id_train,raw_feature_exact_neighbors,,,detector/vim_author_dim,OOD-3,up,id_train,id_test_vs_places365,detector_declared,0.6727272727272727,0.6520578420467186,0.012102196324518153,0.9188043720722731,0.0397960203979602,0.3739626037396261,10,30,10000,20260805,float64,average,percentile_2.5_97.5,(extreme+1)/(resamples+1),dataset_checkpoint_endpoint_16x11,exploratory_association_not_causal
metric_contract_v1.2,c38b09694be88aa74de0741b39e9d3ba0d6ff61a,35a1a66f78dfd6255c4d804586ee6863969be78d21acec5cd0ccf00476ddaa5c,f80984d28ef9a7550633fb3aea514f783f3db1fa655a6d3f49850b10857e6afc,last,places365,aupr_out_appendix,ood_metric/aupr_out_openood_auc,identity,LID-50,geometry/lid_k50,GEO-14,descriptive,id_train,raw_feature_exact_neighbors,,,ood_score/energy_t1,OOD-3,up,,id_test_vs_places365,detector_declared,0.11515151515151516,0.15951056729699667,-0.6615985576322612,0.7591001310169814,0.7592240775922408,0.9793266287406348,10,30,10000,20260805,float64,average,percentile_2.5_97.5,(extreme+1)/(resamples+1),dataset_checkpoint_endpoint_16x11,exploratory_association_not_causal
metric_contract_v1.2,c38b09694be88aa74de0741b39e9d3ba0d6ff61a,35a1a66f78dfd6255c4d804586ee6863969be78d21acec5cd0ccf00476ddaa5c,f80984d28ef9a7550633fb3aea514f783f3db1fa655a6d3f49850b10857e6afc,last,places365,aupr_out_appendix,ood_metric/aupr_out_openood_auc,identity,LID-50,geometry/lid_k50,GEO-14,descriptive,id_train,raw_feature_exact_neighbors,,,ood_score/max_logit,OOD-3,up,,id_test_vs_places365,detector_declared,0.21212121212121213,0.1946607341490545,-0.6709988005281858,0.7704042885861064,0.5611438856114389,0.8663274023474846,10,30,10000,20260805,float64,average,percentile_2.5_97.5,(extreme+1)/(resamples+1),dataset_checkpoint_endpoint_16x11,exploratory_association_not_causal
metric_contract_v1.2,c38b09694be88aa74de0741b39e9d3ba0d6ff61a,35a1a66f78dfd6255c4d804586ee6863969be78d21acec5cd0ccf00476ddaa5c,f80984d28ef9a7550633fb3aea514f783f3db1fa655a6d3f49850b10857e6afc,last,places365,aupr_out_appendix,ood_metric/aupr_out_openood_auc,identity,LID-50,geometry/lid_k50,GEO-14,descriptive,id_train,raw_feature_exact_neighbors,,,ood_score/msp,OOD-3,up,,id_test_vs_places365,detector_declared,0.07878787878787878,-0.0055617352614015575,-0.5542104087558632,0.5171575423211674,0.8401159884011599,0.9793266287406348,10,30,10000,20260805,float64,average,percentile_2.5_97.5,(extreme+1)/(resamples+1),dataset_checkpoint_endpoint_16x11,exploratory_association_not_causal
