definition_version,evaluation_git_sha,inventory_hash,dataset_policy_hash,checkpoint_role,ood_dataset,endpoint,ood_artifact_key,performance_transform,geometry_name,geometry_artifact_key,geometry_formula_id,geometry_direction,geometry_fit_split,geometry_transform,geometry_statistic,geometry_query_split,detector,ood_formula_id,ood_direction,ood_fit_split,ood_query_split,ood_transform,config_mean_spearman_rho,seed_level_clustered_rho,cluster_bootstrap_ci_low,cluster_bootstrap_ci_high,permutation_pvalue,bh_fdr_qvalue,config_count,seed_observation_count,resamples,random_seed,analysis_dtype,rank_tie_method,bootstrap_ci_method,permutation_pvalue_rule,bh_fdr_scope,interpretation
metric_contract_v1.2,c38b09694be88aa74de0741b39e9d3ba0d6ff61a,35a1a66f78dfd6255c4d804586ee6863969be78d21acec5cd0ccf00476ddaa5c,f80984d28ef9a7550633fb3aea514f783f3db1fa655a6d3f49850b10857e6afc,last,svhn,aupr_in_appendix,ood_metric/aupr_in_openood_auc,identity,Feature norm mean,geometry/feature_norm/global,GEO-1,descriptive,id_train,raw_feature,mean,,detector/ctm_prototype_cosine,OOD-2,up,id_train,id_test_vs_svhn,detector_declared,-0.9272727272727272,-0.8932146829810901,-0.9349096920624418,-0.5584997392457888,0.0004999500049995,0.03519648035196481,10,30,10000,20260805,float64,average,percentile_2.5_97.5,(extreme+1)/(resamples+1),dataset_checkpoint_endpoint_16x11,exploratory_association_not_causal
metric_contract_v1.2,c38b09694be88aa74de0741b39e9d3ba0d6ff61a,35a1a66f78dfd6255c4d804586ee6863969be78d21acec5cd0ccf00476ddaa5c,f80984d28ef9a7550633fb3aea514f783f3db1fa655a6d3f49850b10857e6afc,last,svhn,aupr_in_appendix,ood_metric/aupr_in_openood_auc,identity,Feature norm mean,geometry/feature_norm/global,GEO-1,descriptive,id_train,raw_feature,mean,,detector/knn_l2_k50,OOD-2,up,id_train,id_test_vs_svhn,detector_declared,-0.9030303030303031,-0.8184649610678532,-0.9233024778074129,-0.3982142857142857,0.0007999200079992001,0.03519648035196481,10,30,10000,20260805,float64,average,percentile_2.5_97.5,(extreme+1)/(resamples+1),dataset_checkpoint_endpoint_16x11,exploratory_association_not_causal
metric_contract_v1.2,c38b09694be88aa74de0741b39e9d3ba0d6ff61a,35a1a66f78dfd6255c4d804586ee6863969be78d21acec5cd0ccf00476ddaa5c,f80984d28ef9a7550633fb3aea514f783f3db1fa655a6d3f49850b10857e6afc,last,svhn,aupr_in_appendix,ood_metric/aupr_in_openood_auc,identity,Feature norm mean,geometry/feature_norm/global,GEO-1,descriptive,id_train,raw_feature,mean,,detector/mahalanobis_pp,OOD-2,up,id_train,id_test_vs_svhn,detector_declared,-0.8303030303030303,-0.7454949944382647,-0.8523360650369697,-0.35087196533985215,0.0040995900409959,0.08016976080169762,10,30,10000,20260805,float64,average,percentile_2.5_97.5,(extreme+1)/(resamples+1),dataset_checkpoint_endpoint_16x11,exploratory_association_not_causal
metric_contract_v1.2,c38b09694be88aa74de0741b39e9d3ba0d6ff61a,35a1a66f78dfd6255c4d804586ee6863969be78d21acec5cd0ccf00476ddaa5c,f80984d28ef9a7550633fb3aea514f783f3db1fa655a6d3f49850b10857e6afc,last,svhn,aupr_in_appendix,ood_metric/aupr_in_openood_auc,identity,Feature norm mean,geometry/feature_norm/global,GEO-1,descriptive,id_train,raw_feature,mean,,detector/mahalanobis_raw,OOD-2,up,id_train,id_test_vs_svhn,detector_declared,-0.21212121212121213,-0.11145717463848721,-0.7221437471417125,0.7060017639915436,0.5632436756324367,0.7034303661832398,10,30,10000,20260805,float64,average,percentile_2.5_97.5,(extreme+1)/(resamples+1),dataset_checkpoint_endpoint_16x11,exploratory_association_not_causal
metric_contract_v1.2,c38b09694be88aa74de0741b39e9d3ba0d6ff61a,35a1a66f78dfd6255c4d804586ee6863969be78d21acec5cd0ccf00476ddaa5c,f80984d28ef9a7550633fb3aea514f783f3db1fa655a6d3f49850b10857e6afc,last,svhn,aupr_in_appendix,ood_metric/aupr_in_openood_auc,identity,Feature norm mean,geometry/feature_norm/global,GEO-1,descriptive,id_train,raw_feature,mean,,detector/neco_author_std_dim100,OOD-2,up,id_train,id_test_vs_svhn,detector_declared,0.3696969696969697,0.38153503893214685,-0.3107207358747588,0.8046059612255375,0.29687031296870314,0.5372850470055035,10,30,10000,20260805,float64,average,percentile_2.5_97.5,(extreme+1)/(resamples+1),dataset_checkpoint_endpoint_16x11,exploratory_association_not_causal
metric_contract_v1.2,c38b09694be88aa74de0741b39e9d3ba0d6ff61a,35a1a66f78dfd6255c4d804586ee6863969be78d21acec5cd0ccf00476ddaa5c,f80984d28ef9a7550633fb3aea514f783f3db1fa655a6d3f49850b10857e6afc,last,svhn,aupr_in_appendix,ood_metric/aupr_in_openood_auc,identity,Feature norm mean,geometry/feature_norm/global,GEO-1,descriptive,id_train,raw_feature,mean,,detector/relative_mahalanobis_pp,OOD-2,up,id_train,id_test_vs_svhn,detector_declared,-0.5393939393939394,-0.364182424916574,-0.6485505617977527,0.32902593860313384,0.11858814118588142,0.35375445506296826,10,30,10000,20260805,float64,average,percentile_2.5_97.5,(extreme+1)/(resamples+1),dataset_checkpoint_endpoint_16x11,exploratory_association_not_causal
metric_contract_v1.2,c38b09694be88aa74de0741b39e9d3ba0d6ff61a,35a1a66f78dfd6255c4d804586ee6863969be78d21acec5cd0ccf00476ddaa5c,f80984d28ef9a7550633fb3aea514f783f3db1fa655a6d3f49850b10857e6afc,last,svhn,aupr_in_appendix,ood_metric/aupr_in_openood_auc,identity,Feature norm mean,geometry/feature_norm/global,GEO-1,descriptive,id_train,raw_feature,mean,,detector/relative_mahalanobis_raw,OOD-2,up,id_train,id_test_vs_svhn,detector_declared,-0.2606060606060606,-0.22046718576195773,-0.6025909685268926,0.42238255149825027,0.48365163483651635,0.6660667266606672,10,30,10000,20260805,float64,average,percentile_2.5_97.5,(extreme+1)/(resamples+1),dataset_checkpoint_endpoint_16x11,exploratory_association_not_causal
metric_contract_v1.2,c38b09694be88aa74de0741b39e9d3ba0d6ff61a,35a1a66f78dfd6255c4d804586ee6863969be78d21acec5cd0ccf00476ddaa5c,f80984d28ef9a7550633fb3aea514f783f3db1fa655a6d3f49850b10857e6afc,last,svhn,aupr_in_appendix,ood_metric/aupr_in_openood_auc,identity,Feature norm mean,geometry/feature_norm/global,GEO-1,descriptive,id_train,raw_feature,mean,,detector/vim_author_dim,OOD-2,up,id_train,id_test_vs_svhn,detector_declared,-0.6242424242424243,-0.6516129032258065,-0.853032832588962,-0.027871429394942863,0.06229377062293771,0.24446251027071203,10,30,10000,20260805,float64,average,percentile_2.5_97.5,(extreme+1)/(resamples+1),dataset_checkpoint_endpoint_16x11,exploratory_association_not_causal
metric_contract_v1.2,c38b09694be88aa74de0741b39e9d3ba0d6ff61a,35a1a66f78dfd6255c4d804586ee6863969be78d21acec5cd0ccf00476ddaa5c,f80984d28ef9a7550633fb3aea514f783f3db1fa655a6d3f49850b10857e6afc,last,svhn,aupr_in_appendix,ood_metric/aupr_in_openood_auc,identity,Feature norm mean,geometry/feature_norm/global,GEO-1,descriptive,id_train,raw_feature,mean,,ood_score/energy_t1,OOD-2,up,,id_test_vs_svhn,detector_declared,-0.3212121212121212,-0.19866518353726362,-0.6896072637324572,0.43125,0.37346265373462656,0.5921570005161646,10,30,10000,20260805,float64,average,percentile_2.5_97.5,(extreme+1)/(resamples+1),dataset_checkpoint_endpoint_16x11,exploratory_association_not_causal
metric_contract_v1.2,c38b09694be88aa74de0741b39e9d3ba0d6ff61a,35a1a66f78dfd6255c4d804586ee6863969be78d21acec5cd0ccf00476ddaa5c,f80984d28ef9a7550633fb3aea514f783f3db1fa655a6d3f49850b10857e6afc,last,svhn,aupr_in_appendix,ood_metric/aupr_in_openood_auc,identity,Feature norm mean,geometry/feature_norm/global,GEO-1,descriptive,id_train,raw_feature,mean,,ood_score/max_logit,OOD-2,up,,id_test_vs_svhn,detector_declared,-0.3212121212121212,-0.207119021134594,-0.6949630678797144,0.4271065537226928,0.37346265373462656,0.5921570005161646,10,30,10000,20260805,float64,average,percentile_2.5_97.5,(extreme+1)/(resamples+1),dataset_checkpoint_endpoint_16x11,exploratory_association_not_causal
metric_contract_v1.2,c38b09694be88aa74de0741b39e9d3ba0d6ff61a,35a1a66f78dfd6255c4d804586ee6863969be78d21acec5cd0ccf00476ddaa5c,f80984d28ef9a7550633fb3aea514f783f3db1fa655a6d3f49850b10857e6afc,last,svhn,aupr_in_appendix,ood_metric/aupr_in_openood_auc,identity,Feature norm mean,geometry/feature_norm/global,GEO-1,descriptive,id_train,raw_feature,mean,,ood_score/msp,OOD-2,up,,id_test_vs_svhn,detector_declared,-0.5272727272727272,-0.42335928809788653,-0.6654009381282109,0.13553399596949225,0.12538746125387462,0.36177365869970385,10,30,10000,20260805,float64,average,percentile_2.5_97.5,(extreme+1)/(resamples+1),dataset_checkpoint_endpoint_16x11,exploratory_association_not_causal
metric_contract_v1.2,c38b09694be88aa74de0741b39e9d3ba0d6ff61a,35a1a66f78dfd6255c4d804586ee6863969be78d21acec5cd0ccf00476ddaa5c,f80984d28ef9a7550633fb3aea514f783f3db1fa655a6d3f49850b10857e6afc,last,svhn,aupr_in_appendix,ood_metric/aupr_in_openood_auc,identity,Feature norm CV,geometry/feature_norm/global,GEO-1,descriptive,id_train,raw_feature,cv,,detector/ctm_prototype_cosine,OOD-2,up,id_train,id_test_vs_svhn,detector_declared,0.5878787878787879,0.5652947719688542,-0.08868662050480232,0.8448841363631869,0.08239176082391761,0.2674932506749325,10,30,10000,20260805,float64,average,percentile_2.5_97.5,(extreme+1)/(resamples+1),dataset_checkpoint_endpoint_16x11,exploratory_association_not_causal
metric_contract_v1.2,c38b09694be88aa74de0741b39e9d3ba0d6ff61a,35a1a66f78dfd6255c4d804586ee6863969be78d21acec5cd0ccf00476ddaa5c,f80984d28ef9a7550633fb3aea514f783f3db1fa655a6d3f49850b10857e6afc,last,svhn,aupr_in_appendix,ood_metric/aupr_in_openood_auc,identity,Feature norm CV,geometry/feature_norm/global,GEO-1,descriptive,id_train,raw_feature,cv,,detector/knn_l2_k50,OOD-2,up,id_train,id_test_vs_svhn,detector_declared,0.6484848484848484,0.46028921023359287,-0.1805103138463821,0.7530267947200149,0.0481951804819518,0.2292527504006356,10,30,10000,20260805,float64,average,percentile_2.5_97.5,(extreme+1)/(resamples+1),dataset_checkpoint_endpoint_16x11,exploratory_association_not_causal
metric_contract_v1.2,c38b09694be88aa74de0741b39e9d3ba0d6ff61a,35a1a66f78dfd6255c4d804586ee6863969be78d21acec5cd0ccf00476ddaa5c,f80984d28ef9a7550633fb3aea514f783f3db1fa655a6d3f49850b10857e6afc,last,svhn,aupr_in_appendix,ood_metric/aupr_in_openood_auc,identity,Feature norm CV,geometry/feature_norm/global,GEO-1,descriptive,id_train,raw_feature,cv,,detector/mahalanobis_pp,OOD-2,up,id_train,id_test_vs_svhn,detector_declared,0.6848484848484848,0.4682981090100111,-0.054481950405245845,0.7408997724636277,0.0354964503549645,0.2072050859430186,10,30,10000,20260805,float64,average,percentile_2.5_97.5,(extreme+1)/(resamples+1),dataset_checkpoint_endpoint_16x11,exploratory_association_not_causal
metric_contract_v1.2,c38b09694be88aa74de0741b39e9d3ba0d6ff61a,35a1a66f78dfd6255c4d804586ee6863969be78d21acec5cd0ccf00476ddaa5c,f80984d28ef9a7550633fb3aea514f783f3db1fa655a6d3f49850b10857e6afc,last,svhn,aupr_in_appendix,ood_metric/aupr_in_openood_auc,identity,Feature norm CV,geometry/feature_norm/global,GEO-1,descriptive,id_train,raw_feature,cv,,detector/mahalanobis_raw,OOD-2,up,id_train,id_test_vs_svhn,detector_declared,-0.41818181818181815,-0.5119021134593993,-0.8675880517164511,0.08895953829851029,0.23687631236876314,0.46842956153822823,10,30,10000,20260805,float64,average,percentile_2.5_97.5,(extreme+1)/(resamples+1),dataset_checkpoint_endpoint_16x11,exploratory_association_not_causal
metric_contract_v1.2,c38b09694be88aa74de0741b39e9d3ba0d6ff61a,35a1a66f78dfd6255c4d804586ee6863969be78d21acec5cd0ccf00476ddaa5c,f80984d28ef9a7550633fb3aea514f783f3db1fa655a6d3f49850b10857e6afc,last,svhn,aupr_in_appendix,ood_metric/aupr_in_openood_auc,identity,Feature norm CV,geometry/feature_norm/global,GEO-1,descriptive,id_train,raw_feature,cv,,detector/neco_author_std_dim100,OOD-2,up,id_train,id_test_vs_svhn,detector_declared,-0.7333333333333333,-0.6680756395995551,-0.9010345148700085,-0.2205271912710485,0.0225977402259774,0.16823917608239178,10,30,10000,20260805,float64,average,percentile_2.5_97.5,(extreme+1)/(resamples+1),dataset_checkpoint_endpoint_16x11,exploratory_association_not_causal
metric_contract_v1.2,c38b09694be88aa74de0741b39e9d3ba0d6ff61a,35a1a66f78dfd6255c4d804586ee6863969be78d21acec5cd0ccf00476ddaa5c,f80984d28ef9a7550633fb3aea514f783f3db1fa655a6d3f49850b10857e6afc,last,svhn,aupr_in_appendix,ood_metric/aupr_in_openood_auc,identity,Feature norm CV,geometry/feature_norm/global,GEO-1,descriptive,id_train,raw_feature,cv,,detector/relative_mahalanobis_pp,OOD-2,up,id_train,id_test_vs_svhn,detector_declared,-0.1393939393939394,-0.23203559510567298,-0.7080287059878896,0.43572461100083226,0.710928907109289,0.8178005728838881,10,30,10000,20260805,float64,average,percentile_2.5_97.5,(extreme+1)/(resamples+1),dataset_checkpoint_endpoint_16x11,exploratory_association_not_causal
metric_contract_v1.2,c38b09694be88aa74de0741b39e9d3ba0d6ff61a,35a1a66f78dfd6255c4d804586ee6863969be78d21acec5cd0ccf00476ddaa5c,f80984d28ef9a7550633fb3aea514f783f3db1fa655a6d3f49850b10857e6afc,last,svhn,aupr_in_appendix,ood_metric/aupr_in_openood_auc,identity,Feature norm CV,geometry/feature_norm/global,GEO-1,descriptive,id_train,raw_feature,cv,,detector/relative_mahalanobis_raw,OOD-2,up,id_train,id_test_vs_svhn,detector_declared,-0.28484848484848485,-0.3779755283648498,-0.8004932053281063,0.20975395297480728,0.43145685431456854,0.6198014344906972,10,30,10000,20260805,float64,average,percentile_2.5_97.5,(extreme+1)/(resamples+1),dataset_checkpoint_endpoint_16x11,exploratory_association_not_causal
metric_contract_v1.2,c38b09694be88aa74de0741b39e9d3ba0d6ff61a,35a1a66f78dfd6255c4d804586ee6863969be78d21acec5cd0ccf00476ddaa5c,f80984d28ef9a7550633fb3aea514f783f3db1fa655a6d3f49850b10857e6afc,last,svhn,aupr_in_appendix,ood_metric/aupr_in_openood_auc,identity,Feature norm CV,geometry/feature_norm/global,GEO-1,descriptive,id_train,raw_feature,cv,,detector/vim_author_dim,OOD-2,up,id_train,id_test_vs_svhn,detector_declared,0.15151515151515152,0.1724137931034483,-0.5385302658029931,0.6935037545515436,0.6848315168483151,0.798214218313268,10,30,10000,20260805,float64,average,percentile_2.5_97.5,(extreme+1)/(resamples+1),dataset_checkpoint_endpoint_16x11,exploratory_association_not_causal
metric_contract_v1.2,c38b09694be88aa74de0741b39e9d3ba0d6ff61a,35a1a66f78dfd6255c4d804586ee6863969be78d21acec5cd0ccf00476ddaa5c,f80984d28ef9a7550633fb3aea514f783f3db1fa655a6d3f49850b10857e6afc,last,svhn,aupr_in_appendix,ood_metric/aupr_in_openood_auc,identity,Feature norm CV,geometry/feature_norm/global,GEO-1,descriptive,id_train,raw_feature,cv,,ood_score/energy_t1,OOD-2,up,,id_test_vs_svhn,detector_declared,0.3696969696969697,0.20444938820912126,-0.36936227516796566,0.5827660665544205,0.293970602939706,0.5372850470055035,10,30,10000,20260805,float64,average,percentile_2.5_97.5,(extreme+1)/(resamples+1),dataset_checkpoint_endpoint_16x11,exploratory_association_not_causal
metric_contract_v1.2,c38b09694be88aa74de0741b39e9d3ba0d6ff61a,35a1a66f78dfd6255c4d804586ee6863969be78d21acec5cd0ccf00476ddaa5c,f80984d28ef9a7550633fb3aea514f783f3db1fa655a6d3f49850b10857e6afc,last,svhn,aupr_in_appendix,ood_metric/aupr_in_openood_auc,identity,Feature norm CV,geometry/feature_norm/global,GEO-1,descriptive,id_train,raw_feature,cv,,ood_score/max_logit,OOD-2,up,,id_test_vs_svhn,detector_declared,0.3696969696969697,0.2164627363737486,-0.35950774814622216,0.5926638636654302,0.293970602939706,0.5372850470055035,10,30,10000,20260805,float64,average,percentile_2.5_97.5,(extreme+1)/(resamples+1),dataset_checkpoint_endpoint_16x11,exploratory_association_not_causal
metric_contract_v1.2,c38b09694be88aa74de0741b39e9d3ba0d6ff61a,35a1a66f78dfd6255c4d804586ee6863969be78d21acec5cd0ccf00476ddaa5c,f80984d28ef9a7550633fb3aea514f783f3db1fa655a6d3f49850b10857e6afc,last,svhn,aupr_in_appendix,ood_metric/aupr_in_openood_auc,identity,Feature norm CV,geometry/feature_norm/global,GEO-1,descriptive,id_train,raw_feature,cv,,ood_score/msp,OOD-2,up,,id_test_vs_svhn,detector_declared,-0.21212121212121213,-0.13147942157953282,-0.5903506812597722,0.4280600383546075,0.5635436456354365,0.7034303661832398,10,30,10000,20260805,float64,average,percentile_2.5_97.5,(extreme+1)/(resamples+1),dataset_checkpoint_endpoint_16x11,exploratory_association_not_causal
metric_contract_v1.2,c38b09694be88aa74de0741b39e9d3ba0d6ff61a,35a1a66f78dfd6255c4d804586ee6863969be78d21acec5cd0ccf00476ddaa5c,f80984d28ef9a7550633fb3aea514f783f3db1fa655a6d3f49850b10857e6afc,last,svhn,aupr_in_appendix,ood_metric/aupr_in_openood_auc,identity,CDNV,geometry/cdnv/mean,GEO-2,down,id_train,raw_feature,,,detector/ctm_prototype_cosine,OOD-2,up,id_train,id_test_vs_svhn,detector_declared,0.8424242424242424,0.8175750834260289,0.3906633906633907,0.9353555160894114,0.0031996800319968005,0.07039296070392961,10,30,10000,20260805,float64,average,percentile_2.5_97.5,(extreme+1)/(resamples+1),dataset_checkpoint_endpoint_16x11,exploratory_association_not_causal
metric_contract_v1.2,c38b09694be88aa74de0741b39e9d3ba0d6ff61a,35a1a66f78dfd6255c4d804586ee6863969be78d21acec5cd0ccf00476ddaa5c,f80984d28ef9a7550633fb3aea514f783f3db1fa655a6d3f49850b10857e6afc,last,svhn,aupr_in_appendix,ood_metric/aupr_in_openood_auc,identity,CDNV,geometry/cdnv/mean,GEO-2,down,id_train,raw_feature,,,detector/knn_l2_k50,OOD-2,up,id_train,id_test_vs_svhn,detector_declared,0.8545454545454545,0.710789766407119,0.27514614703854035,0.884146131821047,0.0027997200279972004,0.07039296070392961,10,30,10000,20260805,float64,average,percentile_2.5_97.5,(extreme+1)/(resamples+1),dataset_checkpoint_endpoint_16x11,exploratory_association_not_causal
metric_contract_v1.2,c38b09694be88aa74de0741b39e9d3ba0d6ff61a,35a1a66f78dfd6255c4d804586ee6863969be78d21acec5cd0ccf00476ddaa5c,f80984d28ef9a7550633fb3aea514f783f3db1fa655a6d3f49850b10857e6afc,last,svhn,aupr_in_appendix,ood_metric/aupr_in_openood_auc,identity,CDNV,geometry/cdnv/mean,GEO-2,down,id_train,raw_feature,,,detector/mahalanobis_pp,OOD-2,up,id_train,id_test_vs_svhn,detector_declared,0.696969696969697,0.6088987764182425,0.13171889433589157,0.8179439214330736,0.033596640335966405,0.2072050859430186,10,30,10000,20260805,float64,average,percentile_2.5_97.5,(extreme+1)/(resamples+1),dataset_checkpoint_endpoint_16x11,exploratory_association_not_causal
metric_contract_v1.2,c38b09694be88aa74de0741b39e9d3ba0d6ff61a,35a1a66f78dfd6255c4d804586ee6863969be78d21acec5cd0ccf00476ddaa5c,f80984d28ef9a7550633fb3aea514f783f3db1fa655a6d3f49850b10857e6afc,last,svhn,aupr_in_appendix,ood_metric/aupr_in_openood_auc,identity,CDNV,geometry/cdnv/mean,GEO-2,down,id_train,raw_feature,,,detector/mahalanobis_raw,OOD-2,up,id_train,id_test_vs_svhn,detector_declared,-0.15151515151515152,-0.2378197997775306,-0.8854131001603941,0.5396733636444732,0.678932106789321,0.7966136719661366,10,30,10000,20260805,float64,average,percentile_2.5_97.5,(extreme+1)/(resamples+1),dataset_checkpoint_endpoint_16x11,exploratory_association_not_causal
metric_contract_v1.2,c38b09694be88aa74de0741b39e9d3ba0d6ff61a,35a1a66f78dfd6255c4d804586ee6863969be78d21acec5cd0ccf00476ddaa5c,f80984d28ef9a7550633fb3aea514f783f3db1fa655a6d3f49850b10857e6afc,last,svhn,aupr_in_appendix,ood_metric/aupr_in_openood_auc,identity,CDNV,geometry/cdnv/mean,GEO-2,down,id_train,raw_feature,,,detector/neco_author_std_dim100,OOD-2,up,id_train,id_test_vs_svhn,detector_declared,-0.6363636363636364,-0.639599555061179,-0.9286220352538546,-0.058288740078455754,0.05779422057794221,0.23655308887715878,10,30,10000,20260805,float64,average,percentile_2.5_97.5,(extreme+1)/(resamples+1),dataset_checkpoint_endpoint_16x11,exploratory_association_not_causal
metric_contract_v1.2,c38b09694be88aa74de0741b39e9d3ba0d6ff61a,35a1a66f78dfd6255c4d804586ee6863969be78d21acec5cd0ccf00476ddaa5c,f80984d28ef9a7550633fb3aea514f783f3db1fa655a6d3f49850b10857e6afc,last,svhn,aupr_in_appendix,ood_metric/aupr_in_openood_auc,identity,CDNV,geometry/cdnv/mean,GEO-2,down,id_train,raw_feature,,,detector/relative_mahalanobis_pp,OOD-2,up,id_train,id_test_vs_svhn,detector_declared,0.1393939393939394,0.025583982202447165,-0.5722100939177195,0.609571141389323,0.702929707029297,0.813918608139186,10,30,10000,20260805,float64,average,percentile_2.5_97.5,(extreme+1)/(resamples+1),dataset_checkpoint_endpoint_16x11,exploratory_association_not_causal
metric_contract_v1.2,c38b09694be88aa74de0741b39e9d3ba0d6ff61a,35a1a66f78dfd6255c4d804586ee6863969be78d21acec5cd0ccf00476ddaa5c,f80984d28ef9a7550633fb3aea514f783f3db1fa655a6d3f49850b10857e6afc,last,svhn,aupr_in_appendix,ood_metric/aupr_in_openood_auc,identity,CDNV,geometry/cdnv/mean,GEO-2,down,id_train,raw_feature,,,detector/relative_mahalanobis_raw,OOD-2,up,id_train,id_test_vs_svhn,detector_declared,-0.06666666666666667,-0.09232480533926585,-0.6188129899216125,0.4808380350837596,0.8574142585741426,0.914575209145752,10,30,10000,20260805,float64,average,percentile_2.5_97.5,(extreme+1)/(resamples+1),dataset_checkpoint_endpoint_16x11,exploratory_association_not_causal
metric_contract_v1.2,c38b09694be88aa74de0741b39e9d3ba0d6ff61a,35a1a66f78dfd6255c4d804586ee6863969be78d21acec5cd0ccf00476ddaa5c,f80984d28ef9a7550633fb3aea514f783f3db1fa655a6d3f49850b10857e6afc,last,svhn,aupr_in_appendix,ood_metric/aupr_in_openood_auc,identity,CDNV,geometry/cdnv/mean,GEO-2,down,id_train,raw_feature,,,detector/vim_author_dim,OOD-2,up,id_train,id_test_vs_svhn,detector_declared,0.34545454545454546,0.3414905450500556,-0.33931289167412715,0.8071443349202799,0.32836716328367166,0.5725408041720099,10,30,10000,20260805,float64,average,percentile_2.5_97.5,(extreme+1)/(resamples+1),dataset_checkpoint_endpoint_16x11,exploratory_association_not_causal
metric_contract_v1.2,c38b09694be88aa74de0741b39e9d3ba0d6ff61a,35a1a66f78dfd6255c4d804586ee6863969be78d21acec5cd0ccf00476ddaa5c,f80984d28ef9a7550633fb3aea514f783f3db1fa655a6d3f49850b10857e6afc,last,svhn,aupr_in_appendix,ood_metric/aupr_in_openood_auc,identity,CDNV,geometry/cdnv/mean,GEO-2,down,id_train,raw_feature,,,ood_score/energy_t1,OOD-2,up,,id_test_vs_svhn,detector_declared,0.18787878787878787,0.04605116796440489,-0.5131287316714616,0.5795153333969136,0.6061393860613938,0.7229547315538717,10,30,10000,20260805,float64,average,percentile_2.5_97.5,(extreme+1)/(resamples+1),dataset_checkpoint_endpoint_16x11,exploratory_association_not_causal
metric_contract_v1.2,c38b09694be88aa74de0741b39e9d3ba0d6ff61a,35a1a66f78dfd6255c4d804586ee6863969be78d21acec5cd0ccf00476ddaa5c,f80984d28ef9a7550633fb3aea514f783f3db1fa655a6d3f49850b10857e6afc,last,svhn,aupr_in_appendix,ood_metric/aupr_in_openood_auc,identity,CDNV,geometry/cdnv/mean,GEO-2,down,id_train,raw_feature,,,ood_score/max_logit,OOD-2,up,,id_test_vs_svhn,detector_declared,0.18787878787878787,0.06295884315906562,-0.5054724145633237,0.5903506812597722,0.6061393860613938,0.7229547315538717,10,30,10000,20260805,float64,average,percentile_2.5_97.5,(extreme+1)/(resamples+1),dataset_checkpoint_endpoint_16x11,exploratory_association_not_causal
metric_contract_v1.2,c38b09694be88aa74de0741b39e9d3ba0d6ff61a,35a1a66f78dfd6255c4d804586ee6863969be78d21acec5cd0ccf00476ddaa5c,f80984d28ef9a7550633fb3aea514f783f3db1fa655a6d3f49850b10857e6afc,last,svhn,aupr_in_appendix,ood_metric/aupr_in_openood_auc,identity,CDNV,geometry/cdnv/mean,GEO-2,down,id_train,raw_feature,,,ood_score/msp,OOD-2,up,,id_test_vs_svhn,detector_declared,0.10303030303030303,0.1635150166852058,-0.3678831804010077,0.6290682122157825,0.7844215578442156,0.8671532846715329,10,30,10000,20260805,float64,average,percentile_2.5_97.5,(extreme+1)/(resamples+1),dataset_checkpoint_endpoint_16x11,exploratory_association_not_causal
metric_contract_v1.2,c38b09694be88aa74de0741b39e9d3ba0d6ff61a,35a1a66f78dfd6255c4d804586ee6863969be78d21acec5cd0ccf00476ddaa5c,f80984d28ef9a7550633fb3aea514f783f3db1fa655a6d3f49850b10857e6afc,last,svhn,aupr_in_appendix,ood_metric/aupr_in_openood_auc,identity,NC1,geometry/nc1_pinv,GEO-5,down,id_train,raw_feature,,,detector/ctm_prototype_cosine,OOD-2,up,id_train,id_test_vs_svhn,detector_declared,0.6606060606060606,0.6533926585094549,0.01995762598731059,0.8896638873830213,0.0456954304569543,0.22339988223399881,10,30,10000,20260805,float64,average,percentile_2.5_97.5,(extreme+1)/(resamples+1),dataset_checkpoint_endpoint_16x11,exploratory_association_not_causal
metric_contract_v1.2,c38b09694be88aa74de0741b39e9d3ba0d6ff61a,35a1a66f78dfd6255c4d804586ee6863969be78d21acec5cd0ccf00476ddaa5c,f80984d28ef9a7550633fb3aea514f783f3db1fa655a6d3f49850b10857e6afc,last,svhn,aupr_in_appendix,ood_metric/aupr_in_openood_auc,identity,NC1,geometry/nc1_pinv,GEO-5,down,id_train,raw_feature,,,detector/knn_l2_k50,OOD-2,up,id_train,id_test_vs_svhn,detector_declared,0.6242424242424243,0.5337041156840935,-0.037404535462962796,0.796062427293123,0.0638936106389361,0.24446251027071203,10,30,10000,20260805,float64,average,percentile_2.5_97.5,(extreme+1)/(resamples+1),dataset_checkpoint_endpoint_16x11,exploratory_association_not_causal
metric_contract_v1.2,c38b09694be88aa74de0741b39e9d3ba0d6ff61a,35a1a66f78dfd6255c4d804586ee6863969be78d21acec5cd0ccf00476ddaa5c,f80984d28ef9a7550633fb3aea514f783f3db1fa655a6d3f49850b10857e6afc,last,svhn,aupr_in_appendix,ood_metric/aupr_in_openood_auc,identity,NC1,geometry/nc1_pinv,GEO-5,down,id_train,raw_feature,,,detector/mahalanobis_pp,OOD-2,up,id_train,id_test_vs_svhn,detector_declared,0.44242424242424244,0.4006674082313682,-0.16708614249271136,0.8248885933512705,0.2086791320867913,0.43874233266328544,10,30,10000,20260805,float64,average,percentile_2.5_97.5,(extreme+1)/(resamples+1),dataset_checkpoint_endpoint_16x11,exploratory_association_not_causal
metric_contract_v1.2,c38b09694be88aa74de0741b39e9d3ba0d6ff61a,35a1a66f78dfd6255c4d804586ee6863969be78d21acec5cd0ccf00476ddaa5c,f80984d28ef9a7550633fb3aea514f783f3db1fa655a6d3f49850b10857e6afc,last,svhn,aupr_in_appendix,ood_metric/aupr_in_openood_auc,identity,NC1,geometry/nc1_pinv,GEO-5,down,id_train,raw_feature,,,detector/mahalanobis_raw,OOD-2,up,id_train,id_test_vs_svhn,detector_declared,-0.28484848484848485,-0.3503893214682981,-0.8771036740424496,0.37340924882668847,0.43095690430956907,0.6198014344906972,10,30,10000,20260805,float64,average,percentile_2.5_97.5,(extreme+1)/(resamples+1),dataset_checkpoint_endpoint_16x11,exploratory_association_not_causal
metric_contract_v1.2,c38b09694be88aa74de0741b39e9d3ba0d6ff61a,35a1a66f78dfd6255c4d804586ee6863969be78d21acec5cd0ccf00476ddaa5c,f80984d28ef9a7550633fb3aea514f783f3db1fa655a6d3f49850b10857e6afc,last,svhn,aupr_in_appendix,ood_metric/aupr_in_openood_auc,identity,NC1,geometry/nc1_pinv,GEO-5,down,id_train,raw_feature,,,detector/neco_author_std_dim100,OOD-2,up,id_train,id_test_vs_svhn,detector_declared,-0.7090909090909091,-0.6226918798665183,-0.9019226997583865,-0.020084038159322328,0.0292970702929707,0.19831862967549396,10,30,10000,20260805,float64,average,percentile_2.5_97.5,(extreme+1)/(resamples+1),dataset_checkpoint_endpoint_16x11,exploratory_association_not_causal
metric_contract_v1.2,c38b09694be88aa74de0741b39e9d3ba0d6ff61a,35a1a66f78dfd6255c4d804586ee6863969be78d21acec5cd0ccf00476ddaa5c,f80984d28ef9a7550633fb3aea514f783f3db1fa655a6d3f49850b10857e6afc,last,svhn,aupr_in_appendix,ood_metric/aupr_in_openood_auc,identity,NC1,geometry/nc1_pinv,GEO-5,down,id_train,raw_feature,,,detector/relative_mahalanobis_pp,OOD-2,up,id_train,id_test_vs_svhn,detector_declared,-0.05454545454545454,-0.08120133481646273,-0.5882968461490422,0.5246850321284308,0.8967103289671033,0.9450360353186239,10,30,10000,20260805,float64,average,percentile_2.5_97.5,(extreme+1)/(resamples+1),dataset_checkpoint_endpoint_16x11,exploratory_association_not_causal
metric_contract_v1.2,c38b09694be88aa74de0741b39e9d3ba0d6ff61a,35a1a66f78dfd6255c4d804586ee6863969be78d21acec5cd0ccf00476ddaa5c,f80984d28ef9a7550633fb3aea514f783f3db1fa655a6d3f49850b10857e6afc,last,svhn,aupr_in_appendix,ood_metric/aupr_in_openood_auc,identity,NC1,geometry/nc1_pinv,GEO-5,down,id_train,raw_feature,,,detector/relative_mahalanobis_raw,OOD-2,up,id_train,id_test_vs_svhn,detector_declared,-0.3333333333333333,-0.3410456062291435,-0.6983112843480427,0.2508487826669643,0.35206479352064796,0.5790972304638695,10,30,10000,20260805,float64,average,percentile_2.5_97.5,(extreme+1)/(resamples+1),dataset_checkpoint_endpoint_16x11,exploratory_association_not_causal
metric_contract_v1.2,c38b09694be88aa74de0741b39e9d3ba0d6ff61a,35a1a66f78dfd6255c4d804586ee6863969be78d21acec5cd0ccf00476ddaa5c,f80984d28ef9a7550633fb3aea514f783f3db1fa655a6d3f49850b10857e6afc,last,svhn,aupr_in_appendix,ood_metric/aupr_in_openood_auc,identity,NC1,geometry/nc1_pinv,GEO-5,down,id_train,raw_feature,,,detector/vim_author_dim,OOD-2,up,id_train,id_test_vs_svhn,detector_declared,0.01818181818181818,0.13770856507230256,-0.5006771569674338,0.7784380915976782,0.9746025397460254,0.9801716971160027,10,30,10000,20260805,float64,average,percentile_2.5_97.5,(extreme+1)/(resamples+1),dataset_checkpoint_endpoint_16x11,exploratory_association_not_causal
metric_contract_v1.2,c38b09694be88aa74de0741b39e9d3ba0d6ff61a,35a1a66f78dfd6255c4d804586ee6863969be78d21acec5cd0ccf00476ddaa5c,f80984d28ef9a7550633fb3aea514f783f3db1fa655a6d3f49850b10857e6afc,last,svhn,aupr_in_appendix,ood_metric/aupr_in_openood_auc,identity,NC1,geometry/nc1_pinv,GEO-5,down,id_train,raw_feature,,,ood_score/energy_t1,OOD-2,up,,id_test_vs_svhn,detector_declared,-0.07878787878787878,-0.09276974416017797,-0.6076522915236917,0.4561395563504485,0.8349165083491651,0.8981540870303213,10,30,10000,20260805,float64,average,percentile_2.5_97.5,(extreme+1)/(resamples+1),dataset_checkpoint_endpoint_16x11,exploratory_association_not_causal
metric_contract_v1.2,c38b09694be88aa74de0741b39e9d3ba0d6ff61a,35a1a66f78dfd6255c4d804586ee6863969be78d21acec5cd0ccf00476ddaa5c,f80984d28ef9a7550633fb3aea514f783f3db1fa655a6d3f49850b10857e6afc,last,svhn,aupr_in_appendix,ood_metric/aupr_in_openood_auc,identity,NC1,geometry/nc1_pinv,GEO-5,down,id_train,raw_feature,,,ood_score/max_logit,OOD-2,up,,id_test_vs_svhn,detector_declared,-0.07878787878787878,-0.0731924360400445,-0.5946472346756437,0.470364571684187,0.8349165083491651,0.8981540870303213,10,30,10000,20260805,float64,average,percentile_2.5_97.5,(extreme+1)/(resamples+1),dataset_checkpoint_endpoint_16x11,exploratory_association_not_causal
metric_contract_v1.2,c38b09694be88aa74de0741b39e9d3ba0d6ff61a,35a1a66f78dfd6255c4d804586ee6863969be78d21acec5cd0ccf00476ddaa5c,f80984d28ef9a7550633fb3aea514f783f3db1fa655a6d3f49850b10857e6afc,last,svhn,aupr_in_appendix,ood_metric/aupr_in_openood_auc,identity,NC1,geometry/nc1_pinv,GEO-5,down,id_train,raw_feature,,,ood_score/msp,OOD-2,up,,id_test_vs_svhn,detector_declared,-0.18787878787878787,-0.003781979977753059,-0.4518658371163009,0.5501345607280742,0.6079392060793921,0.7229547315538717,10,30,10000,20260805,float64,average,percentile_2.5_97.5,(extreme+1)/(resamples+1),dataset_checkpoint_endpoint_16x11,exploratory_association_not_causal
metric_contract_v1.2,c38b09694be88aa74de0741b39e9d3ba0d6ff61a,35a1a66f78dfd6255c4d804586ee6863969be78d21acec5cd0ccf00476ddaa5c,f80984d28ef9a7550633fb3aea514f783f3db1fa655a6d3f49850b10857e6afc,last,svhn,aupr_in_appendix,ood_metric/aupr_in_openood_auc,identity,NC2 equinorm,geometry/nc2_equinorm,GEO-6,down,id_train,raw_feature,,,detector/ctm_prototype_cosine,OOD-2,up,id_train,id_test_vs_svhn,detector_declared,0.6848484848484848,0.6921023359288098,0.0838710435658444,0.9188586714222025,0.03519648035196481,0.2072050859430186,10,30,10000,20260805,float64,average,percentile_2.5_97.5,(extreme+1)/(resamples+1),dataset_checkpoint_endpoint_16x11,exploratory_association_not_causal
metric_contract_v1.2,c38b09694be88aa74de0741b39e9d3ba0d6ff61a,35a1a66f78dfd6255c4d804586ee6863969be78d21acec5cd0ccf00476ddaa5c,f80984d28ef9a7550633fb3aea514f783f3db1fa655a6d3f49850b10857e6afc,last,svhn,aupr_in_appendix,ood_metric/aupr_in_openood_auc,identity,NC2 equinorm,geometry/nc2_equinorm,GEO-6,down,id_train,raw_feature,,,detector/knn_l2_k50,OOD-2,up,id_train,id_test_vs_svhn,detector_declared,0.7696969696969697,0.6253615127919911,0.011815948179584564,0.9030712530712529,0.013298670132986702,0.16823917608239178,10,30,10000,20260805,float64,average,percentile_2.5_97.5,(extreme+1)/(resamples+1),dataset_checkpoint_endpoint_16x11,exploratory_association_not_causal
metric_contract_v1.2,c38b09694be88aa74de0741b39e9d3ba0d6ff61a,35a1a66f78dfd6255c4d804586ee6863969be78d21acec5cd0ccf00476ddaa5c,f80984d28ef9a7550633fb3aea514f783f3db1fa655a6d3f49850b10857e6afc,last,svhn,aupr_in_appendix,ood_metric/aupr_in_openood_auc,identity,NC2 equinorm,geometry/nc2_equinorm,GEO-6,down,id_train,raw_feature,,,detector/mahalanobis_pp,OOD-2,up,id_train,id_test_vs_svhn,detector_declared,0.7575757575757576,0.5902113459399333,0.04659521042207161,0.8380823592413846,0.014198580141985802,0.16823917608239178,10,30,10000,20260805,float64,average,percentile_2.5_97.5,(extreme+1)/(resamples+1),dataset_checkpoint_endpoint_16x11,exploratory_association_not_causal
metric_contract_v1.2,c38b09694be88aa74de0741b39e9d3ba0d6ff61a,35a1a66f78dfd6255c4d804586ee6863969be78d21acec5cd0ccf00476ddaa5c,f80984d28ef9a7550633fb3aea514f783f3db1fa655a6d3f49850b10857e6afc,last,svhn,aupr_in_appendix,ood_metric/aupr_in_openood_auc,identity,NC2 equinorm,geometry/nc2_equinorm,GEO-6,down,id_train,raw_feature,,,detector/mahalanobis_raw,OOD-2,up,id_train,id_test_vs_svhn,detector_declared,-0.296969696969697,-0.38598442714126807,-0.793172774291968,0.24319315093951055,0.41305869413058693,0.6198014344906972,10,30,10000,20260805,float64,average,percentile_2.5_97.5,(extreme+1)/(resamples+1),dataset_checkpoint_endpoint_16x11,exploratory_association_not_causal
metric_contract_v1.2,c38b09694be88aa74de0741b39e9d3ba0d6ff61a,35a1a66f78dfd6255c4d804586ee6863969be78d21acec5cd0ccf00476ddaa5c,f80984d28ef9a7550633fb3aea514f783f3db1fa655a6d3f49850b10857e6afc,last,svhn,aupr_in_appendix,ood_metric/aupr_in_openood_auc,identity,NC2 equinorm,geometry/nc2_equinorm,GEO-6,down,id_train,raw_feature,,,detector/neco_author_std_dim100,OOD-2,up,id_train,id_test_vs_svhn,detector_declared,-0.6121212121212121,-0.6120133481646274,-0.8713624541387393,-0.09757650212195716,0.0690930906909309,0.25517448255174485,10,30,10000,20260805,float64,average,percentile_2.5_97.5,(extreme+1)/(resamples+1),dataset_checkpoint_endpoint_16x11,exploratory_association_not_causal
metric_contract_v1.2,c38b09694be88aa74de0741b39e9d3ba0d6ff61a,35a1a66f78dfd6255c4d804586ee6863969be78d21acec5cd0ccf00476ddaa5c,f80984d28ef9a7550633fb3aea514f783f3db1fa655a6d3f49850b10857e6afc,last,svhn,aupr_in_appendix,ood_metric/aupr_in_openood_auc,identity,NC2 equinorm,geometry/nc2_equinorm,GEO-6,down,id_train,raw_feature,,,detector/relative_mahalanobis_pp,OOD-2,up,id_train,id_test_vs_svhn,detector_declared,0.24848484848484848,0.11101223581757508,-0.6113692204601295,0.531556308098836,0.49955004499550043,0.6660667266606672,10,30,10000,20260805,float64,average,percentile_2.5_97.5,(extreme+1)/(resamples+1),dataset_checkpoint_endpoint_16x11,exploratory_association_not_causal
metric_contract_v1.2,c38b09694be88aa74de0741b39e9d3ba0d6ff61a,35a1a66f78dfd6255c4d804586ee6863969be78d21acec5cd0ccf00476ddaa5c,f80984d28ef9a7550633fb3aea514f783f3db1fa655a6d3f49850b10857e6afc,last,svhn,aupr_in_appendix,ood_metric/aupr_in_openood_auc,identity,NC2 equinorm,geometry/nc2_equinorm,GEO-6,down,id_train,raw_feature,,,detector/relative_mahalanobis_raw,OOD-2,up,id_train,id_test_vs_svhn,detector_declared,0.10303030303030303,-0.05050055617352614,-0.7599153343416807,0.392501120701491,0.7883211678832117,0.8671532846715329,10,30,10000,20260805,float64,average,percentile_2.5_97.5,(extreme+1)/(resamples+1),dataset_checkpoint_endpoint_16x11,exploratory_association_not_causal
metric_contract_v1.2,c38b09694be88aa74de0741b39e9d3ba0d6ff61a,35a1a66f78dfd6255c4d804586ee6863969be78d21acec5cd0ccf00476ddaa5c,f80984d28ef9a7550633fb3aea514f783f3db1fa655a6d3f49850b10857e6afc,last,svhn,aupr_in_appendix,ood_metric/aupr_in_openood_auc,identity,NC2 equinorm,geometry/nc2_equinorm,GEO-6,down,id_train,raw_feature,,,detector/vim_author_dim,OOD-2,up,id_train,id_test_vs_svhn,detector_declared,0.3212121212121212,0.3668520578420467,-0.34247572308042123,0.7846673480192344,0.3728627137286271,0.5921570005161646,10,30,10000,20260805,float64,average,percentile_2.5_97.5,(extreme+1)/(resamples+1),dataset_checkpoint_endpoint_16x11,exploratory_association_not_causal
metric_contract_v1.2,c38b09694be88aa74de0741b39e9d3ba0d6ff61a,35a1a66f78dfd6255c4d804586ee6863969be78d21acec5cd0ccf00476ddaa5c,f80984d28ef9a7550633fb3aea514f783f3db1fa655a6d3f49850b10857e6afc,last,svhn,aupr_in_appendix,ood_metric/aupr_in_openood_auc,identity,NC2 equinorm,geometry/nc2_equinorm,GEO-6,down,id_train,raw_feature,,,ood_score/energy_t1,OOD-2,up,,id_test_vs_svhn,detector_declared,0.5151515151515151,0.3770856507230256,-0.2253780789757579,0.7308915418284709,0.13588641135886412,0.36849648368496485,10,30,10000,20260805,float64,average,percentile_2.5_97.5,(extreme+1)/(resamples+1),dataset_checkpoint_endpoint_16x11,exploratory_association_not_causal
metric_contract_v1.2,c38b09694be88aa74de0741b39e9d3ba0d6ff61a,35a1a66f78dfd6255c4d804586ee6863969be78d21acec5cd0ccf00476ddaa5c,f80984d28ef9a7550633fb3aea514f783f3db1fa655a6d3f49850b10857e6afc,last,svhn,aupr_in_appendix,ood_metric/aupr_in_openood_auc,identity,NC2 equinorm,geometry/nc2_equinorm,GEO-6,down,id_train,raw_feature,,,ood_score/max_logit,OOD-2,up,,id_test_vs_svhn,detector_declared,0.5151515151515151,0.3939933259176863,-0.2080489637439852,0.7392857142857143,0.13588641135886412,0.36849648368496485,10,30,10000,20260805,float64,average,percentile_2.5_97.5,(extreme+1)/(resamples+1),dataset_checkpoint_endpoint_16x11,exploratory_association_not_causal
metric_contract_v1.2,c38b09694be88aa74de0741b39e9d3ba0d6ff61a,35a1a66f78dfd6255c4d804586ee6863969be78d21acec5cd0ccf00476ddaa5c,f80984d28ef9a7550633fb3aea514f783f3db1fa655a6d3f49850b10857e6afc,last,svhn,aupr_in_appendix,ood_metric/aupr_in_openood_auc,identity,NC2 equinorm,geometry/nc2_equinorm,GEO-6,down,id_train,raw_feature,,,ood_score/msp,OOD-2,up,,id_test_vs_svhn,detector_declared,0.17575757575757575,0.19110122358175752,-0.45633734206566856,0.5798432250839866,0.6377362263773623,0.7532991667276225,10,30,10000,20260805,float64,average,percentile_2.5_97.5,(extreme+1)/(resamples+1),dataset_checkpoint_endpoint_16x11,exploratory_association_not_causal
metric_contract_v1.2,c38b09694be88aa74de0741b39e9d3ba0d6ff61a,35a1a66f78dfd6255c4d804586ee6863969be78d21acec5cd0ccf00476ddaa5c,f80984d28ef9a7550633fb3aea514f783f3db1fa655a6d3f49850b10857e6afc,last,svhn,aupr_in_appendix,ood_metric/aupr_in_openood_auc,identity,NC2 equiangular,geometry/nc2_equiangular,GEO-6,down,id_train,raw_feature,,,detector/ctm_prototype_cosine,OOD-2,up,id_train,id_test_vs_svhn,detector_declared,0.45454545454545453,0.4843159065628476,-0.19100960464596825,0.824018910710886,0.1850814918508149,0.41761977648389004,10,30,10000,20260805,float64,average,percentile_2.5_97.5,(extreme+1)/(resamples+1),dataset_checkpoint_endpoint_16x11,exploratory_association_not_causal
metric_contract_v1.2,c38b09694be88aa74de0741b39e9d3ba0d6ff61a,35a1a66f78dfd6255c4d804586ee6863969be78d21acec5cd0ccf00476ddaa5c,f80984d28ef9a7550633fb3aea514f783f3db1fa655a6d3f49850b10857e6afc,last,svhn,aupr_in_appendix,ood_metric/aupr_in_openood_auc,identity,NC2 equiangular,geometry/nc2_equiangular,GEO-6,down,id_train,raw_feature,,,detector/knn_l2_k50,OOD-2,up,id_train,id_test_vs_svhn,detector_declared,0.5515151515151515,0.4460511679644049,-0.1461940150372449,0.7650567207797779,0.09779022097790221,0.30194875249317177,10,30,10000,20260805,float64,average,percentile_2.5_97.5,(extreme+1)/(resamples+1),dataset_checkpoint_endpoint_16x11,exploratory_association_not_causal
metric_contract_v1.2,c38b09694be88aa74de0741b39e9d3ba0d6ff61a,35a1a66f78dfd6255c4d804586ee6863969be78d21acec5cd0ccf00476ddaa5c,f80984d28ef9a7550633fb3aea514f783f3db1fa655a6d3f49850b10857e6afc,last,svhn,aupr_in_appendix,ood_metric/aupr_in_openood_auc,identity,NC2 equiangular,geometry/nc2_equiangular,GEO-6,down,id_train,raw_feature,,,detector/mahalanobis_pp,OOD-2,up,id_train,id_test_vs_svhn,detector_declared,0.5878787878787879,0.47986651835372635,-0.009174177604242844,0.7372414184002953,0.07789221077892211,0.26231339130237924,10,30,10000,20260805,float64,average,percentile_2.5_97.5,(extreme+1)/(resamples+1),dataset_checkpoint_endpoint_16x11,exploratory_association_not_causal
metric_contract_v1.2,c38b09694be88aa74de0741b39e9d3ba0d6ff61a,35a1a66f78dfd6255c4d804586ee6863969be78d21acec5cd0ccf00476ddaa5c,f80984d28ef9a7550633fb3aea514f783f3db1fa655a6d3f49850b10857e6afc,last,svhn,aupr_in_appendix,ood_metric/aupr_in_openood_auc,identity,NC2 equiangular,geometry/nc2_equiangular,GEO-6,down,id_train,raw_feature,,,detector/mahalanobis_raw,OOD-2,up,id_train,id_test_vs_svhn,detector_declared,-0.4303030303030303,-0.4949944382647386,-0.7718233849531735,0.06778341124948059,0.21687831216878312,0.43874233266328544,10,30,10000,20260805,float64,average,percentile_2.5_97.5,(extreme+1)/(resamples+1),dataset_checkpoint_endpoint_16x11,exploratory_association_not_causal
metric_contract_v1.2,c38b09694be88aa74de0741b39e9d3ba0d6ff61a,35a1a66f78dfd6255c4d804586ee6863969be78d21acec5cd0ccf00476ddaa5c,f80984d28ef9a7550633fb3aea514f783f3db1fa655a6d3f49850b10857e6afc,last,svhn,aupr_in_appendix,ood_metric/aupr_in_openood_auc,identity,NC2 equiangular,geometry/nc2_equiangular,GEO-6,down,id_train,raw_feature,,,detector/neco_author_std_dim100,OOD-2,up,id_train,id_test_vs_svhn,detector_declared,-0.6484848484848484,-0.6885428253615128,-0.8917468127935585,-0.2492707035094914,0.051094890510948905,0.23564472821010585,10,30,10000,20260805,float64,average,percentile_2.5_97.5,(extreme+1)/(resamples+1),dataset_checkpoint_endpoint_16x11,exploratory_association_not_causal
metric_contract_v1.2,c38b09694be88aa74de0741b39e9d3ba0d6ff61a,35a1a66f78dfd6255c4d804586ee6863969be78d21acec5cd0ccf00476ddaa5c,f80984d28ef9a7550633fb3aea514f783f3db1fa655a6d3f49850b10857e6afc,last,svhn,aupr_in_appendix,ood_metric/aupr_in_openood_auc,identity,NC2 equiangular,geometry/nc2_equiangular,GEO-6,down,id_train,raw_feature,,,detector/relative_mahalanobis_pp,OOD-2,up,id_train,id_test_vs_svhn,detector_declared,0.3212121212121212,0.1724137931034483,-0.38530265802993074,0.5684610230064776,0.36566343365663434,0.5921570005161646,10,30,10000,20260805,float64,average,percentile_2.5_97.5,(extreme+1)/(resamples+1),dataset_checkpoint_endpoint_16x11,exploratory_association_not_causal
metric_contract_v1.2,c38b09694be88aa74de0741b39e9d3ba0d6ff61a,35a1a66f78dfd6255c4d804586ee6863969be78d21acec5cd0ccf00476ddaa5c,f80984d28ef9a7550633fb3aea514f783f3db1fa655a6d3f49850b10857e6afc,last,svhn,aupr_in_appendix,ood_metric/aupr_in_openood_auc,identity,NC2 equiangular,geometry/nc2_equiangular,GEO-6,down,id_train,raw_feature,,,detector/relative_mahalanobis_raw,OOD-2,up,id_train,id_test_vs_svhn,detector_declared,0.23636363636363636,0.11412680756395996,-0.4632523406152474,0.5564106077636637,0.5149485051494851,0.6686037278625079,10,30,10000,20260805,float64,average,percentile_2.5_97.5,(extreme+1)/(resamples+1),dataset_checkpoint_endpoint_16x11,exploratory_association_not_causal
metric_contract_v1.2,c38b09694be88aa74de0741b39e9d3ba0d6ff61a,35a1a66f78dfd6255c4d804586ee6863969be78d21acec5cd0ccf00476ddaa5c,f80984d28ef9a7550633fb3aea514f783f3db1fa655a6d3f49850b10857e6afc,last,svhn,aupr_in_appendix,ood_metric/aupr_in_openood_auc,identity,NC2 equiangular,geometry/nc2_equiangular,GEO-6,down,id_train,raw_feature,,,detector/vim_author_dim,OOD-2,up,id_train,id_test_vs_svhn,detector_declared,0.21212121212121213,0.19733036707452725,-0.3380103324607921,0.6254036915671497,0.5585441455854414,0.7034303661832398,10,30,10000,20260805,float64,average,percentile_2.5_97.5,(extreme+1)/(resamples+1),dataset_checkpoint_endpoint_16x11,exploratory_association_not_causal
metric_contract_v1.2,c38b09694be88aa74de0741b39e9d3ba0d6ff61a,35a1a66f78dfd6255c4d804586ee6863969be78d21acec5cd0ccf00476ddaa5c,f80984d28ef9a7550633fb3aea514f783f3db1fa655a6d3f49850b10857e6afc,last,svhn,aupr_in_appendix,ood_metric/aupr_in_openood_auc,identity,NC2 equiangular,geometry/nc2_equiangular,GEO-6,down,id_train,raw_feature,,,ood_score/energy_t1,OOD-2,up,,id_test_vs_svhn,detector_declared,0.7090909090909091,0.36774193548387096,-0.30316654020342704,0.8021494749026418,0.023897610238976102,0.16823917608239178,10,30,10000,20260805,float64,average,percentile_2.5_97.5,(extreme+1)/(resamples+1),dataset_checkpoint_endpoint_16x11,exploratory_association_not_causal
metric_contract_v1.2,c38b09694be88aa74de0741b39e9d3ba0d6ff61a,35a1a66f78dfd6255c4d804586ee6863969be78d21acec5cd0ccf00476ddaa5c,f80984d28ef9a7550633fb3aea514f783f3db1fa655a6d3f49850b10857e6afc,last,svhn,aupr_in_appendix,ood_metric/aupr_in_openood_auc,identity,NC2 equiangular,geometry/nc2_equiangular,GEO-6,down,id_train,raw_feature,,,ood_score/max_logit,OOD-2,up,,id_test_vs_svhn,detector_declared,0.7090909090909091,0.38509454949944383,-0.28932634396609413,0.8045785017578059,0.023897610238976102,0.16823917608239178,10,30,10000,20260805,float64,average,percentile_2.5_97.5,(extreme+1)/(resamples+1),dataset_checkpoint_endpoint_16x11,exploratory_association_not_causal
metric_contract_v1.2,c38b09694be88aa74de0741b39e9d3ba0d6ff61a,35a1a66f78dfd6255c4d804586ee6863969be78d21acec5cd0ccf00476ddaa5c,f80984d28ef9a7550633fb3aea514f783f3db1fa655a6d3f49850b10857e6afc,last,svhn,aupr_in_appendix,ood_metric/aupr_in_openood_auc,identity,NC2 equiangular,geometry/nc2_equiangular,GEO-6,down,id_train,raw_feature,,,ood_score/msp,OOD-2,up,,id_test_vs_svhn,detector_declared,0.3090909090909091,0.24048943270300333,-0.28212920262898916,0.621308593288828,0.38276172382761725,0.60148270887197,10,30,10000,20260805,float64,average,percentile_2.5_97.5,(extreme+1)/(resamples+1),dataset_checkpoint_endpoint_16x11,exploratory_association_not_causal
metric_contract_v1.2,c38b09694be88aa74de0741b39e9d3ba0d6ff61a,35a1a66f78dfd6255c4d804586ee6863969be78d21acec5cd0ccf00476ddaa5c,f80984d28ef9a7550633fb3aea514f783f3db1fa655a6d3f49850b10857e6afc,last,svhn,aupr_in_appendix,ood_metric/aupr_in_openood_auc,identity,NC2 ETF,geometry/nc2_etf_raw,GEO-6,down,id_train,raw_feature,,,detector/ctm_prototype_cosine,OOD-2,up,id_train,id_test_vs_svhn,detector_declared,0.6363636363636364,0.5568409343715239,-0.11436516496446174,0.8367221819445371,0.054894510548945105,0.23564472821010585,10,30,10000,20260805,float64,average,percentile_2.5_97.5,(extreme+1)/(resamples+1),dataset_checkpoint_endpoint_16x11,exploratory_association_not_causal
metric_contract_v1.2,c38b09694be88aa74de0741b39e9d3ba0d6ff61a,35a1a66f78dfd6255c4d804586ee6863969be78d21acec5cd0ccf00476ddaa5c,f80984d28ef9a7550633fb3aea514f783f3db1fa655a6d3f49850b10857e6afc,last,svhn,aupr_in_appendix,ood_metric/aupr_in_openood_auc,identity,NC2 ETF,geometry/nc2_etf_raw,GEO-6,down,id_train,raw_feature,,,detector/knn_l2_k50,OOD-2,up,id_train,id_test_vs_svhn,detector_declared,0.7333333333333333,0.5261401557285873,-0.05823745705083905,0.7907692705139625,0.0221977802219778,0.16823917608239178,10,30,10000,20260805,float64,average,percentile_2.5_97.5,(extreme+1)/(resamples+1),dataset_checkpoint_endpoint_16x11,exploratory_association_not_causal
metric_contract_v1.2,c38b09694be88aa74de0741b39e9d3ba0d6ff61a,35a1a66f78dfd6255c4d804586ee6863969be78d21acec5cd0ccf00476ddaa5c,f80984d28ef9a7550633fb3aea514f783f3db1fa655a6d3f49850b10857e6afc,last,svhn,aupr_in_appendix,ood_metric/aupr_in_openood_auc,identity,NC2 ETF,geometry/nc2_etf_raw,GEO-6,down,id_train,raw_feature,,,detector/mahalanobis_pp,OOD-2,up,id_train,id_test_vs_svhn,detector_declared,0.7212121212121212,0.5030033370411569,0.004017466870074217,0.7382355193669045,0.0211978802119788,0.16823917608239178,10,30,10000,20260805,float64,average,percentile_2.5_97.5,(extreme+1)/(resamples+1),dataset_checkpoint_endpoint_16x11,exploratory_association_not_causal
metric_contract_v1.2,c38b09694be88aa74de0741b39e9d3ba0d6ff61a,35a1a66f78dfd6255c4d804586ee6863969be78d21acec5cd0ccf00476ddaa5c,f80984d28ef9a7550633fb3aea514f783f3db1fa655a6d3f49850b10857e6afc,last,svhn,aupr_in_appendix,ood_metric/aupr_in_openood_auc,identity,NC2 ETF,geometry/nc2_etf_raw,GEO-6,down,id_train,raw_feature,,,detector/mahalanobis_raw,OOD-2,up,id_train,id_test_vs_svhn,detector_declared,-0.38181818181818183,-0.4771968854282536,-0.7788851678497015,0.06821221578243424,0.2833716628337166,0.5362732543949906,10,30,10000,20260805,float64,average,percentile_2.5_97.5,(extreme+1)/(resamples+1),dataset_checkpoint_endpoint_16x11,exploratory_association_not_causal
metric_contract_v1.2,c38b09694be88aa74de0741b39e9d3ba0d6ff61a,35a1a66f78dfd6255c4d804586ee6863969be78d21acec5cd0ccf00476ddaa5c,f80984d28ef9a7550633fb3aea514f783f3db1fa655a6d3f49850b10857e6afc,last,svhn,aupr_in_appendix,ood_metric/aupr_in_openood_auc,identity,NC2 ETF,geometry/nc2_etf_raw,GEO-6,down,id_train,raw_feature,,,detector/neco_author_std_dim100,OOD-2,up,id_train,id_test_vs_svhn,detector_declared,-0.6727272727272727,-0.6956618464961067,-0.902169612963794,-0.24801623110075116,0.03949605039496051,0.20916765466310508,10,30,10000,20260805,float64,average,percentile_2.5_97.5,(extreme+1)/(resamples+1),dataset_checkpoint_endpoint_16x11,exploratory_association_not_causal
metric_contract_v1.2,c38b09694be88aa74de0741b39e9d3ba0d6ff61a,35a1a66f78dfd6255c4d804586ee6863969be78d21acec5cd0ccf00476ddaa5c,f80984d28ef9a7550633fb3aea514f783f3db1fa655a6d3f49850b10857e6afc,last,svhn,aupr_in_appendix,ood_metric/aupr_in_openood_auc,identity,NC2 ETF,geometry/nc2_etf_raw,GEO-6,down,id_train,raw_feature,,,detector/relative_mahalanobis_pp,OOD-2,up,id_train,id_test_vs_svhn,detector_declared,0.3333333333333333,0.17953281423804227,-0.395144970543766,0.5474329761899335,0.34626537346265374,0.5749311861266704,10,30,10000,20260805,float64,average,percentile_2.5_97.5,(extreme+1)/(resamples+1),dataset_checkpoint_endpoint_16x11,exploratory_association_not_causal
metric_contract_v1.2,c38b09694be88aa74de0741b39e9d3ba0d6ff61a,35a1a66f78dfd6255c4d804586ee6863969be78d21acec5cd0ccf00476ddaa5c,f80984d28ef9a7550633fb3aea514f783f3db1fa655a6d3f49850b10857e6afc,last,svhn,aupr_in_appendix,ood_metric/aupr_in_openood_auc,identity,NC2 ETF,geometry/nc2_etf_raw,GEO-6,down,id_train,raw_feature,,,detector/relative_mahalanobis_raw,OOD-2,up,id_train,id_test_vs_svhn,detector_declared,0.22424242424242424,0.07586206896551724,-0.5211078847442484,0.5172637661869965,0.5414458554144586,0.6929625877991911,10,30,10000,20260805,float64,average,percentile_2.5_97.5,(extreme+1)/(resamples+1),dataset_checkpoint_endpoint_16x11,exploratory_association_not_causal
metric_contract_v1.2,c38b09694be88aa74de0741b39e9d3ba0d6ff61a,35a1a66f78dfd6255c4d804586ee6863969be78d21acec5cd0ccf00476ddaa5c,f80984d28ef9a7550633fb3aea514f783f3db1fa655a6d3f49850b10857e6afc,last,svhn,aupr_in_appendix,ood_metric/aupr_in_openood_auc,identity,NC2 ETF,geometry/nc2_etf_raw,GEO-6,down,id_train,raw_feature,,,detector/vim_author_dim,OOD-2,up,id_train,id_test_vs_svhn,detector_declared,0.296969696969697,0.2605116796440489,-0.29647380182275895,0.6368215322760775,0.403959604039596,0.618233828791034,10,30,10000,20260805,float64,average,percentile_2.5_97.5,(extreme+1)/(resamples+1),dataset_checkpoint_endpoint_16x11,exploratory_association_not_causal
metric_contract_v1.2,c38b09694be88aa74de0741b39e9d3ba0d6ff61a,35a1a66f78dfd6255c4d804586ee6863969be78d21acec5cd0ccf00476ddaa5c,f80984d28ef9a7550633fb3aea514f783f3db1fa655a6d3f49850b10857e6afc,last,svhn,aupr_in_appendix,ood_metric/aupr_in_openood_auc,identity,NC2 ETF,geometry/nc2_etf_raw,GEO-6,down,id_train,raw_feature,,,ood_score/energy_t1,OOD-2,up,,id_test_vs_svhn,detector_declared,0.6363636363636364,0.4162402669632925,-0.26387404760262795,0.8005799687709123,0.054894510548945105,0.23564472821010585,10,30,10000,20260805,float64,average,percentile_2.5_97.5,(extreme+1)/(resamples+1),dataset_checkpoint_endpoint_16x11,exploratory_association_not_causal
metric_contract_v1.2,c38b09694be88aa74de0741b39e9d3ba0d6ff61a,35a1a66f78dfd6255c4d804586ee6863969be78d21acec5cd0ccf00476ddaa5c,f80984d28ef9a7550633fb3aea514f783f3db1fa655a6d3f49850b10857e6afc,last,svhn,aupr_in_appendix,ood_metric/aupr_in_openood_auc,identity,NC2 ETF,geometry/nc2_etf_raw,GEO-6,down,id_train,raw_feature,,,ood_score/max_logit,OOD-2,up,,id_test_vs_svhn,detector_declared,0.6363636363636364,0.4353726362625139,-0.2512886522849442,0.8035466975417944,0.054894510548945105,0.23564472821010585,10,30,10000,20260805,float64,average,percentile_2.5_97.5,(extreme+1)/(resamples+1),dataset_checkpoint_endpoint_16x11,exploratory_association_not_causal
metric_contract_v1.2,c38b09694be88aa74de0741b39e9d3ba0d6ff61a,35a1a66f78dfd6255c4d804586ee6863969be78d21acec5cd0ccf00476ddaa5c,f80984d28ef9a7550633fb3aea514f783f3db1fa655a6d3f49850b10857e6afc,last,svhn,aupr_in_appendix,ood_metric/aupr_in_openood_auc,identity,NC2 ETF,geometry/nc2_etf_raw,GEO-6,down,id_train,raw_feature,,,ood_score/msp,OOD-2,up,,id_test_vs_svhn,detector_declared,0.296969696969697,0.23337041156840935,-0.318673760457927,0.5829801481762917,0.4086591340865913,0.6198014344906972,10,30,10000,20260805,float64,average,percentile_2.5_97.5,(extreme+1)/(resamples+1),dataset_checkpoint_endpoint_16x11,exploratory_association_not_causal
metric_contract_v1.2,c38b09694be88aa74de0741b39e9d3ba0d6ff61a,35a1a66f78dfd6255c4d804586ee6863969be78d21acec5cd0ccf00476ddaa5c,f80984d28ef9a7550633fb3aea514f783f3db1fa655a6d3f49850b10857e6afc,last,svhn,aupr_in_appendix,ood_metric/aupr_in_openood_auc,identity,NC3,geometry/nc3_self_duality_raw,GEO-8,down,id_train,raw_feature,,,detector/ctm_prototype_cosine,OOD-2,up,id_train,id_test_vs_svhn,detector_declared,0.3696969696969697,0.3259176863181313,-0.291731084629597,0.7833853260912913,0.29917008299170084,0.5372850470055035,10,30,10000,20260805,float64,average,percentile_2.5_97.5,(extreme+1)/(resamples+1),dataset_checkpoint_endpoint_16x11,exploratory_association_not_causal
metric_contract_v1.2,c38b09694be88aa74de0741b39e9d3ba0d6ff61a,35a1a66f78dfd6255c4d804586ee6863969be78d21acec5cd0ccf00476ddaa5c,f80984d28ef9a7550633fb3aea514f783f3db1fa655a6d3f49850b10857e6afc,last,svhn,aupr_in_appendix,ood_metric/aupr_in_openood_auc,identity,NC3,geometry/nc3_self_duality_raw,GEO-8,down,id_train,raw_feature,,,detector/knn_l2_k50,OOD-2,up,id_train,id_test_vs_svhn,detector_declared,0.3090909090909091,0.24849833147942157,-0.3150821091667916,0.7424890757833227,0.39086091390860916,0.603434393402765,10,30,10000,20260805,float64,average,percentile_2.5_97.5,(extreme+1)/(resamples+1),dataset_checkpoint_endpoint_16x11,exploratory_association_not_causal
metric_contract_v1.2,c38b09694be88aa74de0741b39e9d3ba0d6ff61a,35a1a66f78dfd6255c4d804586ee6863969be78d21acec5cd0ccf00476ddaa5c,f80984d28ef9a7550633fb3aea514f783f3db1fa655a6d3f49850b10857e6afc,last,svhn,aupr_in_appendix,ood_metric/aupr_in_openood_auc,identity,NC3,geometry/nc3_self_duality_raw,GEO-8,down,id_train,raw_feature,,,detector/mahalanobis_pp,OOD-2,up,id_train,id_test_vs_svhn,detector_declared,0.06666666666666667,0.1021134593993326,-0.4072258208621845,0.6566964285714286,0.8682131786821318,0.9205151773979228,10,30,10000,20260805,float64,average,percentile_2.5_97.5,(extreme+1)/(resamples+1),dataset_checkpoint_endpoint_16x11,exploratory_association_not_causal
metric_contract_v1.2,c38b09694be88aa74de0741b39e9d3ba0d6ff61a,35a1a66f78dfd6255c4d804586ee6863969be78d21acec5cd0ccf00476ddaa5c,f80984d28ef9a7550633fb3aea514f783f3db1fa655a6d3f49850b10857e6afc,last,svhn,aupr_in_appendix,ood_metric/aupr_in_openood_auc,identity,NC3,geometry/nc3_self_duality_raw,GEO-8,down,id_train,raw_feature,,,detector/mahalanobis_raw,OOD-2,up,id_train,id_test_vs_svhn,detector_declared,-0.3696969696969697,-0.3797552836484983,-0.8525403687325723,0.3831685446571445,0.2927707229277072,0.5372850470055035,10,30,10000,20260805,float64,average,percentile_2.5_97.5,(extreme+1)/(resamples+1),dataset_checkpoint_endpoint_16x11,exploratory_association_not_causal
metric_contract_v1.2,c38b09694be88aa74de0741b39e9d3ba0d6ff61a,35a1a66f78dfd6255c4d804586ee6863969be78d21acec5cd0ccf00476ddaa5c,f80984d28ef9a7550633fb3aea514f783f3db1fa655a6d3f49850b10857e6afc,last,svhn,aupr_in_appendix,ood_metric/aupr_in_openood_auc,identity,NC3,geometry/nc3_self_duality_raw,GEO-8,down,id_train,raw_feature,,,detector/neco_author_std_dim100,OOD-2,up,id_train,id_test_vs_svhn,detector_declared,-0.5272727272727272,-0.5483870967741935,-0.8400076045627376,0.03526715725737695,0.12498750124987501,0.36177365869970385,10,30,10000,20260805,float64,average,percentile_2.5_97.5,(extreme+1)/(resamples+1),dataset_checkpoint_endpoint_16x11,exploratory_association_not_causal
metric_contract_v1.2,c38b09694be88aa74de0741b39e9d3ba0d6ff61a,35a1a66f78dfd6255c4d804586ee6863969be78d21acec5cd0ccf00476ddaa5c,f80984d28ef9a7550633fb3aea514f783f3db1fa655a6d3f49850b10857e6afc,last,svhn,aupr_in_appendix,ood_metric/aupr_in_openood_auc,identity,NC3,geometry/nc3_self_duality_raw,GEO-8,down,id_train,raw_feature,,,detector/relative_mahalanobis_pp,OOD-2,up,id_train,id_test_vs_svhn,detector_declared,0.030303030303030304,0.0033370411568409346,-0.6003598419838432,0.6541891863712723,0.944905509449055,0.9668800561804285,10,30,10000,20260805,float64,average,percentile_2.5_97.5,(extreme+1)/(resamples+1),dataset_checkpoint_endpoint_16x11,exploratory_association_not_causal
metric_contract_v1.2,c38b09694be88aa74de0741b39e9d3ba0d6ff61a,35a1a66f78dfd6255c4d804586ee6863969be78d21acec5cd0ccf00476ddaa5c,f80984d28ef9a7550633fb3aea514f783f3db1fa655a6d3f49850b10857e6afc,last,svhn,aupr_in_appendix,ood_metric/aupr_in_openood_auc,identity,NC3,geometry/nc3_self_duality_raw,GEO-8,down,id_train,raw_feature,,,detector/relative_mahalanobis_raw,OOD-2,up,id_train,id_test_vs_svhn,detector_declared,-0.11515151515151516,-0.08921023359288098,-0.6622738440920259,0.602412329685057,0.7604239576042395,0.8470545350528238,10,30,10000,20260805,float64,average,percentile_2.5_97.5,(extreme+1)/(resamples+1),dataset_checkpoint_endpoint_16x11,exploratory_association_not_causal
metric_contract_v1.2,c38b09694be88aa74de0741b39e9d3ba0d6ff61a,35a1a66f78dfd6255c4d804586ee6863969be78d21acec5cd0ccf00476ddaa5c,f80984d28ef9a7550633fb3aea514f783f3db1fa655a6d3f49850b10857e6afc,last,svhn,aupr_in_appendix,ood_metric/aupr_in_openood_auc,identity,NC3,geometry/nc3_self_duality_raw,GEO-8,down,id_train,raw_feature,,,detector/vim_author_dim,OOD-2,up,id_train,id_test_vs_svhn,detector_declared,-0.2727272727272727,-0.19377085650723025,-0.6197057512260365,0.4683940138485593,0.44365563443655637,0.6297047714583381,10,30,10000,20260805,float64,average,percentile_2.5_97.5,(extreme+1)/(resamples+1),dataset_checkpoint_endpoint_16x11,exploratory_association_not_causal
metric_contract_v1.2,c38b09694be88aa74de0741b39e9d3ba0d6ff61a,35a1a66f78dfd6255c4d804586ee6863969be78d21acec5cd0ccf00476ddaa5c,f80984d28ef9a7550633fb3aea514f783f3db1fa655a6d3f49850b10857e6afc,last,svhn,aupr_in_appendix,ood_metric/aupr_in_openood_auc,identity,NC3,geometry/nc3_self_duality_raw,GEO-8,down,id_train,raw_feature,,,ood_score/energy_t1,OOD-2,up,,id_test_vs_svhn,detector_declared,-0.28484848484848485,-0.2689655172413793,-0.7138392857142857,0.2655919241998786,0.420957904209579,0.6198014344906972,10,30,10000,20260805,float64,average,percentile_2.5_97.5,(extreme+1)/(resamples+1),dataset_checkpoint_endpoint_16x11,exploratory_association_not_causal
metric_contract_v1.2,c38b09694be88aa74de0741b39e9d3ba0d6ff61a,35a1a66f78dfd6255c4d804586ee6863969be78d21acec5cd0ccf00476ddaa5c,f80984d28ef9a7550633fb3aea514f783f3db1fa655a6d3f49850b10857e6afc,last,svhn,aupr_in_appendix,ood_metric/aupr_in_openood_auc,identity,NC3,geometry/nc3_self_duality_raw,GEO-8,down,id_train,raw_feature,,,ood_score/max_logit,OOD-2,up,,id_test_vs_svhn,detector_declared,-0.28484848484848485,-0.24493882091212457,-0.70437467011747,0.29430977763120403,0.420957904209579,0.6198014344906972,10,30,10000,20260805,float64,average,percentile_2.5_97.5,(extreme+1)/(resamples+1),dataset_checkpoint_endpoint_16x11,exploratory_association_not_causal
metric_contract_v1.2,c38b09694be88aa74de0741b39e9d3ba0d6ff61a,35a1a66f78dfd6255c4d804586ee6863969be78d21acec5cd0ccf00476ddaa5c,f80984d28ef9a7550633fb3aea514f783f3db1fa655a6d3f49850b10857e6afc,last,svhn,aupr_in_appendix,ood_metric/aupr_in_openood_auc,identity,NC3,geometry/nc3_self_duality_raw,GEO-8,down,id_train,raw_feature,,,ood_score/msp,OOD-2,up,,id_test_vs_svhn,detector_declared,-0.04242424242424243,0.0896551724137931,-0.4260872377004623,0.60037003812514,0.9165083491650835,0.9544702334500277,10,30,10000,20260805,float64,average,percentile_2.5_97.5,(extreme+1)/(resamples+1),dataset_checkpoint_endpoint_16x11,exploratory_association_not_causal
metric_contract_v1.2,c38b09694be88aa74de0741b39e9d3ba0d6ff61a,35a1a66f78dfd6255c4d804586ee6863969be78d21acec5cd0ccf00476ddaa5c,f80984d28ef9a7550633fb3aea514f783f3db1fa655a6d3f49850b10857e6afc,last,svhn,aupr_in_appendix,ood_metric/aupr_in_openood_auc,identity,NC4,geometry/nc4_agreement_with_bias,GEO-9,up,id_train,raw_feature_and_logits,,id_test,detector/ctm_prototype_cosine,OOD-2,up,id_train,id_test_vs_svhn,detector_declared,-0.5878787878787879,-0.5943239651450264,-0.8511211618091259,0.13387505941938443,0.08359164083591641,0.2674932506749325,10,30,10000,20260805,float64,average,percentile_2.5_97.5,(extreme+1)/(resamples+1),dataset_checkpoint_endpoint_16x11,exploratory_association_not_causal
metric_contract_v1.2,c38b09694be88aa74de0741b39e9d3ba0d6ff61a,35a1a66f78dfd6255c4d804586ee6863969be78d21acec5cd0ccf00476ddaa5c,f80984d28ef9a7550633fb3aea514f783f3db1fa655a6d3f49850b10857e6afc,last,svhn,aupr_in_appendix,ood_metric/aupr_in_openood_auc,identity,NC4,geometry/nc4_agreement_with_bias,GEO-9,up,id_train,raw_feature_and_logits,,id_test,detector/knn_l2_k50,OOD-2,up,id_train,id_test_vs_svhn,detector_declared,-0.5515151515151515,-0.4821369694772012,-0.8233533324890497,0.12197900864941134,0.11038896110388961,0.33497339921180297,10,30,10000,20260805,float64,average,percentile_2.5_97.5,(extreme+1)/(resamples+1),dataset_checkpoint_endpoint_16x11,exploratory_association_not_causal
metric_contract_v1.2,c38b09694be88aa74de0741b39e9d3ba0d6ff61a,35a1a66f78dfd6255c4d804586ee6863969be78d21acec5cd0ccf00476ddaa5c,f80984d28ef9a7550633fb3aea514f783f3db1fa655a6d3f49850b10857e6afc,last,svhn,aupr_in_appendix,ood_metric/aupr_in_openood_auc,identity,NC4,geometry/nc4_agreement_with_bias,GEO-9,up,id_train,raw_feature_and_logits,,id_test,detector/mahalanobis_pp,OOD-2,up,id_train,id_test_vs_svhn,detector_declared,-0.44242424242424244,-0.36282698995745055,-0.788424837343974,0.18653447361877515,0.20617938206179381,0.43874233266328544,10,30,10000,20260805,float64,average,percentile_2.5_97.5,(extreme+1)/(resamples+1),dataset_checkpoint_endpoint_16x11,exploratory_association_not_causal
metric_contract_v1.2,c38b09694be88aa74de0741b39e9d3ba0d6ff61a,35a1a66f78dfd6255c4d804586ee6863969be78d21acec5cd0ccf00476ddaa5c,f80984d28ef9a7550633fb3aea514f783f3db1fa655a6d3f49850b10857e6afc,last,svhn,aupr_in_appendix,ood_metric/aupr_in_openood_auc,identity,NC4,geometry/nc4_agreement_with_bias,GEO-9,up,id_train,raw_feature_and_logits,,id_test,detector/mahalanobis_raw,OOD-2,up,id_train,id_test_vs_svhn,detector_declared,0.34545454545454546,0.4153589958654005,-0.2867016813051801,0.8297200959219906,0.3301669833016698,0.5725408041720099,10,30,10000,20260805,float64,average,percentile_2.5_97.5,(extreme+1)/(resamples+1),dataset_checkpoint_endpoint_16x11,exploratory_association_not_causal
metric_contract_v1.2,c38b09694be88aa74de0741b39e9d3ba0d6ff61a,35a1a66f78dfd6255c4d804586ee6863969be78d21acec5cd0ccf00476ddaa5c,f80984d28ef9a7550633fb3aea514f783f3db1fa655a6d3f49850b10857e6afc,last,svhn,aupr_in_appendix,ood_metric/aupr_in_openood_auc,identity,NC4,geometry/nc4_agreement_with_bias,GEO-9,up,id_train,raw_feature_and_logits,,id_test,detector/neco_author_std_dim100,OOD-2,up,id_train,id_test_vs_svhn,detector_declared,0.7575757575757576,0.5920980326912997,-0.005407722069807206,0.8663043930167693,0.0178982101789821,0.16823917608239178,10,30,10000,20260805,float64,average,percentile_2.5_97.5,(extreme+1)/(resamples+1),dataset_checkpoint_endpoint_16x11,exploratory_association_not_causal
metric_contract_v1.2,c38b09694be88aa74de0741b39e9d3ba0d6ff61a,35a1a66f78dfd6255c4d804586ee6863969be78d21acec5cd0ccf00476ddaa5c,f80984d28ef9a7550633fb3aea514f783f3db1fa655a6d3f49850b10857e6afc,last,svhn,aupr_in_appendix,ood_metric/aupr_in_openood_auc,identity,NC4,geometry/nc4_agreement_with_bias,GEO-9,up,id_train,raw_feature_and_logits,,id_test,detector/relative_mahalanobis_pp,OOD-2,up,id_train,id_test_vs_svhn,detector_declared,0.23636363636363636,0.17941015577037125,-0.46734889106569383,0.6564741085988572,0.5141485851414859,0.6686037278625079,10,30,10000,20260805,float64,average,percentile_2.5_97.5,(extreme+1)/(resamples+1),dataset_checkpoint_endpoint_16x11,exploratory_association_not_causal
metric_contract_v1.2,c38b09694be88aa74de0741b39e9d3ba0d6ff61a,35a1a66f78dfd6255c4d804586ee6863969be78d21acec5cd0ccf00476ddaa5c,f80984d28ef9a7550633fb3aea514f783f3db1fa655a6d3f49850b10857e6afc,last,svhn,aupr_in_appendix,ood_metric/aupr_in_openood_auc,identity,NC4,geometry/nc4_agreement_with_bias,GEO-9,up,id_train,raw_feature_and_logits,,id_test,detector/relative_mahalanobis_raw,OOD-2,up,id_train,id_test_vs_svhn,detector_declared,0.5151515151515151,0.4213690134904625,-0.2339037556386668,0.6833110052476874,0.1317868213178682,0.36849648368496485,10,30,10000,20260805,float64,average,percentile_2.5_97.5,(extreme+1)/(resamples+1),dataset_checkpoint_endpoint_16x11,exploratory_association_not_causal
metric_contract_v1.2,c38b09694be88aa74de0741b39e9d3ba0d6ff61a,35a1a66f78dfd6255c4d804586ee6863969be78d21acec5cd0ccf00476ddaa5c,f80984d28ef9a7550633fb3aea514f783f3db1fa655a6d3f49850b10857e6afc,last,svhn,aupr_in_appendix,ood_metric/aupr_in_openood_auc,identity,NC4,geometry/nc4_agreement_with_bias,GEO-9,up,id_train,raw_feature_and_logits,,id_test,detector/vim_author_dim,OOD-2,up,id_train,id_test_vs_svhn,detector_declared,0.01818181818181818,-0.1115192159317072,-0.7587511762085469,0.507033022017959,0.974002599740026,0.9801716971160027,10,30,10000,20260805,float64,average,percentile_2.5_97.5,(extreme+1)/(resamples+1),dataset_checkpoint_endpoint_16x11,exploratory_association_not_causal
metric_contract_v1.2,c38b09694be88aa74de0741b39e9d3ba0d6ff61a,35a1a66f78dfd6255c4d804586ee6863969be78d21acec5cd0ccf00476ddaa5c,f80984d28ef9a7550633fb3aea514f783f3db1fa655a6d3f49850b10857e6afc,last,svhn,aupr_in_appendix,ood_metric/aupr_in_openood_auc,identity,NC4,geometry/nc4_agreement_with_bias,GEO-9,up,id_train,raw_feature_and_logits,,id_test,ood_score/energy_t1,OOD-2,up,,id_test_vs_svhn,detector_declared,0.030303030303030304,-0.011574848759378791,-0.5483022940185854,0.5045553525187211,0.9446055394460554,0.9668800561804285,10,30,10000,20260805,float64,average,percentile_2.5_97.5,(extreme+1)/(resamples+1),dataset_checkpoint_endpoint_16x11,exploratory_association_not_causal
metric_contract_v1.2,c38b09694be88aa74de0741b39e9d3ba0d6ff61a,35a1a66f78dfd6255c4d804586ee6863969be78d21acec5cd0ccf00476ddaa5c,f80984d28ef9a7550633fb3aea514f783f3db1fa655a6d3f49850b10857e6afc,last,svhn,aupr_in_appendix,ood_metric/aupr_in_openood_auc,identity,NC4,geometry/nc4_agreement_with_bias,GEO-9,up,id_train,raw_feature_and_logits,,id_test,ood_score/max_logit,OOD-2,up,,id_test_vs_svhn,detector_declared,0.030303030303030304,-0.02849193540770164,-0.5634516912521226,0.4926990023527406,0.9446055394460554,0.9668800561804285,10,30,10000,20260805,float64,average,percentile_2.5_97.5,(extreme+1)/(resamples+1),dataset_checkpoint_endpoint_16x11,exploratory_association_not_causal
metric_contract_v1.2,c38b09694be88aa74de0741b39e9d3ba0d6ff61a,35a1a66f78dfd6255c4d804586ee6863969be78d21acec5cd0ccf00476ddaa5c,f80984d28ef9a7550633fb3aea514f783f3db1fa655a6d3f49850b10857e6afc,last,svhn,aupr_in_appendix,ood_metric/aupr_in_openood_auc,identity,NC4,geometry/nc4_agreement_with_bias,GEO-9,up,id_train,raw_feature_and_logits,,id_test,ood_score/msp,OOD-2,up,,id_test_vs_svhn,detector_declared,0.38181818181818183,0.055648311343167264,-0.48787452968700673,0.4147786439229739,0.2802719728027197,0.5361724697095507,10,30,10000,20260805,float64,average,percentile_2.5_97.5,(extreme+1)/(resamples+1),dataset_checkpoint_endpoint_16x11,exploratory_association_not_causal
metric_contract_v1.2,c38b09694be88aa74de0741b39e9d3ba0d6ff61a,35a1a66f78dfd6255c4d804586ee6863969be78d21acec5cd0ccf00476ddaa5c,f80984d28ef9a7550633fb3aea514f783f3db1fa655a6d3f49850b10857e6afc,last,svhn,aupr_in_appendix,ood_metric/aupr_in_openood_auc,identity,RankMe,geometry/rankme_uncentered,GEO-10,descriptive,id_train,raw_feature_uncentered,,,detector/ctm_prototype_cosine,OOD-2,up,id_train,id_test_vs_svhn,detector_declared,0.9030303030303031,0.8789766407119021,0.5507334520460244,0.9349096920624418,0.0012998700129987,0.04575542445755424,10,30,10000,20260805,float64,average,percentile_2.5_97.5,(extreme+1)/(resamples+1),dataset_checkpoint_endpoint_16x11,exploratory_association_not_causal
metric_contract_v1.2,c38b09694be88aa74de0741b39e9d3ba0d6ff61a,35a1a66f78dfd6255c4d804586ee6863969be78d21acec5cd0ccf00476ddaa5c,f80984d28ef9a7550633fb3aea514f783f3db1fa655a6d3f49850b10857e6afc,last,svhn,aupr_in_appendix,ood_metric/aupr_in_openood_auc,identity,RankMe,geometry/rankme_uncentered,GEO-10,descriptive,id_train,raw_feature_uncentered,,,detector/knn_l2_k50,OOD-2,up,id_train,id_test_vs_svhn,detector_declared,0.9272727272727272,0.8438264738598442,0.4632923588741691,0.9259919750334373,0.0004999500049995,0.03519648035196481,10,30,10000,20260805,float64,average,percentile_2.5_97.5,(extreme+1)/(resamples+1),dataset_checkpoint_endpoint_16x11,exploratory_association_not_causal
metric_contract_v1.2,c38b09694be88aa74de0741b39e9d3ba0d6ff61a,35a1a66f78dfd6255c4d804586ee6863969be78d21acec5cd0ccf00476ddaa5c,f80984d28ef9a7550633fb3aea514f783f3db1fa655a6d3f49850b10857e6afc,last,svhn,aupr_in_appendix,ood_metric/aupr_in_openood_auc,identity,RankMe,geometry/rankme_uncentered,GEO-10,descriptive,id_train,raw_feature_uncentered,,,detector/mahalanobis_pp,OOD-2,up,id_train,id_test_vs_svhn,detector_declared,0.7575757575757576,0.7397107897664071,0.39698103449203737,0.8983919474660917,0.015898410158984102,0.16823917608239178,10,30,10000,20260805,float64,average,percentile_2.5_97.5,(extreme+1)/(resamples+1),dataset_checkpoint_endpoint_16x11,exploratory_association_not_causal
metric_contract_v1.2,c38b09694be88aa74de0741b39e9d3ba0d6ff61a,35a1a66f78dfd6255c4d804586ee6863969be78d21acec5cd0ccf00476ddaa5c,f80984d28ef9a7550633fb3aea514f783f3db1fa655a6d3f49850b10857e6afc,last,svhn,aupr_in_appendix,ood_metric/aupr_in_openood_auc,identity,RankMe,geometry/rankme_uncentered,GEO-10,descriptive,id_train,raw_feature_uncentered,,,detector/mahalanobis_raw,OOD-2,up,id_train,id_test_vs_svhn,detector_declared,0.11515151515151516,0.0407119021134594,-0.7700738089912771,0.6937155898119237,0.7552244775522448,0.8466210703770388,10,30,10000,20260805,float64,average,percentile_2.5_97.5,(extreme+1)/(resamples+1),dataset_checkpoint_endpoint_16x11,exploratory_association_not_causal
metric_contract_v1.2,c38b09694be88aa74de0741b39e9d3ba0d6ff61a,35a1a66f78dfd6255c4d804586ee6863969be78d21acec5cd0ccf00476ddaa5c,f80984d28ef9a7550633fb3aea514f783f3db1fa655a6d3f49850b10857e6afc,last,svhn,aupr_in_appendix,ood_metric/aupr_in_openood_auc,identity,RankMe,geometry/rankme_uncentered,GEO-10,descriptive,id_train,raw_feature_uncentered,,,detector/neco_author_std_dim100,OOD-2,up,id_train,id_test_vs_svhn,detector_declared,-0.44242424242424244,-0.4407119021134594,-0.8250956083353335,0.2249609113245472,0.2084791520847915,0.43874233266328544,10,30,10000,20260805,float64,average,percentile_2.5_97.5,(extreme+1)/(resamples+1),dataset_checkpoint_endpoint_16x11,exploratory_association_not_causal
metric_contract_v1.2,c38b09694be88aa74de0741b39e9d3ba0d6ff61a,35a1a66f78dfd6255c4d804586ee6863969be78d21acec5cd0ccf00476ddaa5c,f80984d28ef9a7550633fb3aea514f783f3db1fa655a6d3f49850b10857e6afc,last,svhn,aupr_in_appendix,ood_metric/aupr_in_openood_auc,identity,RankMe,geometry/rankme_uncentered,GEO-10,descriptive,id_train,raw_feature_uncentered,,,detector/relative_mahalanobis_pp,OOD-2,up,id_train,id_test_vs_svhn,detector_declared,0.5151515151515151,0.33659621802002226,-0.3790859292081736,0.6312549907862407,0.1367863213678632,0.36849648368496485,10,30,10000,20260805,float64,average,percentile_2.5_97.5,(extreme+1)/(resamples+1),dataset_checkpoint_endpoint_16x11,exploratory_association_not_causal
metric_contract_v1.2,c38b09694be88aa74de0741b39e9d3ba0d6ff61a,35a1a66f78dfd6255c4d804586ee6863969be78d21acec5cd0ccf00476ddaa5c,f80984d28ef9a7550633fb3aea514f783f3db1fa655a6d3f49850b10857e6afc,last,svhn,aupr_in_appendix,ood_metric/aupr_in_openood_auc,identity,RankMe,geometry/rankme_uncentered,GEO-10,descriptive,id_train,raw_feature_uncentered,,,detector/relative_mahalanobis_raw,OOD-2,up,id_train,id_test_vs_svhn,detector_declared,0.28484848484848485,0.22803114571746386,-0.3662334731908016,0.6131449631449629,0.43155684431556846,0.6198014344906972,10,30,10000,20260805,float64,average,percentile_2.5_97.5,(extreme+1)/(resamples+1),dataset_checkpoint_endpoint_16x11,exploratory_association_not_causal
metric_contract_v1.2,c38b09694be88aa74de0741b39e9d3ba0d6ff61a,35a1a66f78dfd6255c4d804586ee6863969be78d21acec5cd0ccf00476ddaa5c,f80984d28ef9a7550633fb3aea514f783f3db1fa655a6d3f49850b10857e6afc,last,svhn,aupr_in_appendix,ood_metric/aupr_in_openood_auc,identity,RankMe,geometry/rankme_uncentered,GEO-10,descriptive,id_train,raw_feature_uncentered,,,detector/vim_author_dim,OOD-2,up,id_train,id_test_vs_svhn,detector_declared,0.6,0.63559510567297,0.02811663071492605,0.8625826138398535,0.073992600739926,0.255347014318176,10,30,10000,20260805,float64,average,percentile_2.5_97.5,(extreme+1)/(resamples+1),dataset_checkpoint_endpoint_16x11,exploratory_association_not_causal
metric_contract_v1.2,c38b09694be88aa74de0741b39e9d3ba0d6ff61a,35a1a66f78dfd6255c4d804586ee6863969be78d21acec5cd0ccf00476ddaa5c,f80984d28ef9a7550633fb3aea514f783f3db1fa655a6d3f49850b10857e6afc,last,svhn,aupr_in_appendix,ood_metric/aupr_in_openood_auc,identity,RankMe,geometry/rankme_uncentered,GEO-10,descriptive,id_train,raw_feature_uncentered,,,ood_score/energy_t1,OOD-2,up,,id_test_vs_svhn,detector_declared,0.34545454545454546,0.26140155728587317,-0.3397728005334684,0.7259507410242385,0.3334666533346665,0.5725408041720099,10,30,10000,20260805,float64,average,percentile_2.5_97.5,(extreme+1)/(resamples+1),dataset_checkpoint_endpoint_16x11,exploratory_association_not_causal
metric_contract_v1.2,c38b09694be88aa74de0741b39e9d3ba0d6ff61a,35a1a66f78dfd6255c4d804586ee6863969be78d21acec5cd0ccf00476ddaa5c,f80984d28ef9a7550633fb3aea514f783f3db1fa655a6d3f49850b10857e6afc,last,svhn,aupr_in_appendix,ood_metric/aupr_in_openood_auc,identity,RankMe,geometry/rankme_uncentered,GEO-10,descriptive,id_train,raw_feature_uncentered,,,ood_score/max_logit,OOD-2,up,,id_test_vs_svhn,detector_declared,0.34545454545454546,0.27296996662958845,-0.3321859533587903,0.7365266143415711,0.3334666533346665,0.5725408041720099,10,30,10000,20260805,float64,average,percentile_2.5_97.5,(extreme+1)/(resamples+1),dataset_checkpoint_endpoint_16x11,exploratory_association_not_causal
metric_contract_v1.2,c38b09694be88aa74de0741b39e9d3ba0d6ff61a,35a1a66f78dfd6255c4d804586ee6863969be78d21acec5cd0ccf00476ddaa5c,f80984d28ef9a7550633fb3aea514f783f3db1fa655a6d3f49850b10857e6afc,last,svhn,aupr_in_appendix,ood_metric/aupr_in_openood_auc,identity,RankMe,geometry/rankme_uncentered,GEO-10,descriptive,id_train,raw_feature_uncentered,,,ood_score/msp,OOD-2,up,,id_test_vs_svhn,detector_declared,0.503030303030303,0.4006674082313682,-0.10998359065749026,0.6372570918025463,0.1466853314668533,0.37965615203185565,10,30,10000,20260805,float64,average,percentile_2.5_97.5,(extreme+1)/(resamples+1),dataset_checkpoint_endpoint_16x11,exploratory_association_not_causal
metric_contract_v1.2,c38b09694be88aa74de0741b39e9d3ba0d6ff61a,35a1a66f78dfd6255c4d804586ee6863969be78d21acec5cd0ccf00476ddaa5c,f80984d28ef9a7550633fb3aea514f783f3db1fa655a6d3f49850b10857e6afc,last,svhn,aupr_in_appendix,ood_metric/aupr_in_openood_auc,identity,SW entropy rank,geometry/spectrum/sw_entropy_rank,GEO-11,descriptive,id_train,raw_feature_covariance,,,detector/ctm_prototype_cosine,OOD-2,up,id_train,id_test_vs_svhn,detector_declared,0.6848484848484848,0.6889877641824249,0.14475406577033467,0.8561536743354925,0.033596640335966405,0.2072050859430186,10,30,10000,20260805,float64,average,percentile_2.5_97.5,(extreme+1)/(resamples+1),dataset_checkpoint_endpoint_16x11,exploratory_association_not_causal
metric_contract_v1.2,c38b09694be88aa74de0741b39e9d3ba0d6ff61a,35a1a66f78dfd6255c4d804586ee6863969be78d21acec5cd0ccf00476ddaa5c,f80984d28ef9a7550633fb3aea514f783f3db1fa655a6d3f49850b10857e6afc,last,svhn,aupr_in_appendix,ood_metric/aupr_in_openood_auc,identity,SW entropy rank,geometry/spectrum/sw_entropy_rank,GEO-11,descriptive,id_train,raw_feature_covariance,,,detector/knn_l2_k50,OOD-2,up,id_train,id_test_vs_svhn,detector_declared,0.6727272727272727,0.6436040044493883,0.04013949496324265,0.8301324836253922,0.0387961203879612,0.20916765466310508,10,30,10000,20260805,float64,average,percentile_2.5_97.5,(extreme+1)/(resamples+1),dataset_checkpoint_endpoint_16x11,exploratory_association_not_causal
metric_contract_v1.2,c38b09694be88aa74de0741b39e9d3ba0d6ff61a,35a1a66f78dfd6255c4d804586ee6863969be78d21acec5cd0ccf00476ddaa5c,f80984d28ef9a7550633fb3aea514f783f3db1fa655a6d3f49850b10857e6afc,last,svhn,aupr_in_appendix,ood_metric/aupr_in_openood_auc,identity,SW entropy rank,geometry/spectrum/sw_entropy_rank,GEO-11,descriptive,id_train,raw_feature_covariance,,,detector/mahalanobis_pp,OOD-2,up,id_train,id_test_vs_svhn,detector_declared,0.5878787878787879,0.6289210233592881,0.24737898728530003,0.7957128704233231,0.07899210078992101,0.26231339130237924,10,30,10000,20260805,float64,average,percentile_2.5_97.5,(extreme+1)/(resamples+1),dataset_checkpoint_endpoint_16x11,exploratory_association_not_causal
metric_contract_v1.2,c38b09694be88aa74de0741b39e9d3ba0d6ff61a,35a1a66f78dfd6255c4d804586ee6863969be78d21acec5cd0ccf00476ddaa5c,f80984d28ef9a7550633fb3aea514f783f3db1fa655a6d3f49850b10857e6afc,last,svhn,aupr_in_appendix,ood_metric/aupr_in_openood_auc,identity,SW entropy rank,geometry/spectrum/sw_entropy_rank,GEO-11,descriptive,id_train,raw_feature_covariance,,,detector/mahalanobis_raw,OOD-2,up,id_train,id_test_vs_svhn,detector_declared,0.23636363636363636,0.21201334816462736,-0.5589285714285714,0.7793165065892339,0.5166483351664833,0.6686037278625079,10,30,10000,20260805,float64,average,percentile_2.5_97.5,(extreme+1)/(resamples+1),dataset_checkpoint_endpoint_16x11,exploratory_association_not_causal
metric_contract_v1.2,c38b09694be88aa74de0741b39e9d3ba0d6ff61a,35a1a66f78dfd6255c4d804586ee6863969be78d21acec5cd0ccf00476ddaa5c,f80984d28ef9a7550633fb3aea514f783f3db1fa655a6d3f49850b10857e6afc,last,svhn,aupr_in_appendix,ood_metric/aupr_in_openood_auc,identity,SW entropy rank,geometry/spectrum/sw_entropy_rank,GEO-11,descriptive,id_train,raw_feature_covariance,,,detector/neco_author_std_dim100,OOD-2,up,id_train,id_test_vs_svhn,detector_declared,-0.2,-0.2307007786429366,-0.7413784454186854,0.4172524261548235,0.5853414658534146,0.7229547315538717,10,30,10000,20260805,float64,average,percentile_2.5_97.5,(extreme+1)/(resamples+1),dataset_checkpoint_endpoint_16x11,exploratory_association_not_causal
metric_contract_v1.2,c38b09694be88aa74de0741b39e9d3ba0d6ff61a,35a1a66f78dfd6255c4d804586ee6863969be78d21acec5cd0ccf00476ddaa5c,f80984d28ef9a7550633fb3aea514f783f3db1fa655a6d3f49850b10857e6afc,last,svhn,aupr_in_appendix,ood_metric/aupr_in_openood_auc,identity,SW entropy rank,geometry/spectrum/sw_entropy_rank,GEO-11,descriptive,id_train,raw_feature_covariance,,,detector/relative_mahalanobis_pp,OOD-2,up,id_train,id_test_vs_svhn,detector_declared,0.6121212121212121,0.4157953281423804,-0.20839848112575385,0.7114772731811355,0.07329267073292671,0.255347014318176,10,30,10000,20260805,float64,average,percentile_2.5_97.5,(extreme+1)/(resamples+1),dataset_checkpoint_endpoint_16x11,exploratory_association_not_causal
metric_contract_v1.2,c38b09694be88aa74de0741b39e9d3ba0d6ff61a,35a1a66f78dfd6255c4d804586ee6863969be78d21acec5cd0ccf00476ddaa5c,f80984d28ef9a7550633fb3aea514f783f3db1fa655a6d3f49850b10857e6afc,last,svhn,aupr_in_appendix,ood_metric/aupr_in_openood_auc,identity,SW entropy rank,geometry/spectrum/sw_entropy_rank,GEO-11,descriptive,id_train,raw_feature_covariance,,,detector/relative_mahalanobis_raw,OOD-2,up,id_train,id_test_vs_svhn,detector_declared,0.44242424242424244,0.4318131256952169,-0.08294557430353643,0.7330414353716806,0.21097890210978903,0.43874233266328544,10,30,10000,20260805,float64,average,percentile_2.5_97.5,(extreme+1)/(resamples+1),dataset_checkpoint_endpoint_16x11,exploratory_association_not_causal
metric_contract_v1.2,c38b09694be88aa74de0741b39e9d3ba0d6ff61a,35a1a66f78dfd6255c4d804586ee6863969be78d21acec5cd0ccf00476ddaa5c,f80984d28ef9a7550633fb3aea514f783f3db1fa655a6d3f49850b10857e6afc,last,svhn,aupr_in_appendix,ood_metric/aupr_in_openood_auc,identity,SW entropy rank,geometry/spectrum/sw_entropy_rank,GEO-11,descriptive,id_train,raw_feature_covariance,,,detector/vim_author_dim,OOD-2,up,id_train,id_test_vs_svhn,detector_declared,0.6363636363636364,0.6520578420467186,0.10576006228094176,0.8154257690592955,0.056694330566943306,0.23655308887715878,10,30,10000,20260805,float64,average,percentile_2.5_97.5,(extreme+1)/(resamples+1),dataset_checkpoint_endpoint_16x11,exploratory_association_not_causal
metric_contract_v1.2,c38b09694be88aa74de0741b39e9d3ba0d6ff61a,35a1a66f78dfd6255c4d804586ee6863969be78d21acec5cd0ccf00476ddaa5c,f80984d28ef9a7550633fb3aea514f783f3db1fa655a6d3f49850b10857e6afc,last,svhn,aupr_in_appendix,ood_metric/aupr_in_openood_auc,identity,SW entropy rank,geometry/spectrum/sw_entropy_rank,GEO-11,descriptive,id_train,raw_feature_covariance,,,ood_score/energy_t1,OOD-2,up,,id_test_vs_svhn,detector_declared,0.4666666666666667,0.3161290322580645,-0.28665033824218683,0.7648895828686147,0.18438156184381563,0.41761977648389004,10,30,10000,20260805,float64,average,percentile_2.5_97.5,(extreme+1)/(resamples+1),dataset_checkpoint_endpoint_16x11,exploratory_association_not_causal
metric_contract_v1.2,c38b09694be88aa74de0741b39e9d3ba0d6ff61a,35a1a66f78dfd6255c4d804586ee6863969be78d21acec5cd0ccf00476ddaa5c,f80984d28ef9a7550633fb3aea514f783f3db1fa655a6d3f49850b10857e6afc,last,svhn,aupr_in_appendix,ood_metric/aupr_in_openood_auc,identity,SW entropy rank,geometry/spectrum/sw_entropy_rank,GEO-11,descriptive,id_train,raw_feature_covariance,,,ood_score/max_logit,OOD-2,up,,id_test_vs_svhn,detector_declared,0.4666666666666667,0.3232480533926585,-0.27987670494311745,0.768595041322314,0.18438156184381563,0.41761977648389004,10,30,10000,20260805,float64,average,percentile_2.5_97.5,(extreme+1)/(resamples+1),dataset_checkpoint_endpoint_16x11,exploratory_association_not_causal
metric_contract_v1.2,c38b09694be88aa74de0741b39e9d3ba0d6ff61a,35a1a66f78dfd6255c4d804586ee6863969be78d21acec5cd0ccf00476ddaa5c,f80984d28ef9a7550633fb3aea514f783f3db1fa655a6d3f49850b10857e6afc,last,svhn,aupr_in_appendix,ood_metric/aupr_in_openood_auc,identity,SW entropy rank,geometry/spectrum/sw_entropy_rank,GEO-11,descriptive,id_train,raw_feature_covariance,,,ood_score/msp,OOD-2,up,,id_test_vs_svhn,detector_declared,0.7333333333333333,0.5265850945494994,0.15530054929623058,0.6745592876487762,0.020597940205979402,0.16823917608239178,10,30,10000,20260805,float64,average,percentile_2.5_97.5,(extreme+1)/(resamples+1),dataset_checkpoint_endpoint_16x11,exploratory_association_not_causal
metric_contract_v1.2,c38b09694be88aa74de0741b39e9d3ba0d6ff61a,35a1a66f78dfd6255c4d804586ee6863969be78d21acec5cd0ccf00476ddaa5c,f80984d28ef9a7550633fb3aea514f783f3db1fa655a6d3f49850b10857e6afc,last,svhn,aupr_in_appendix,ood_metric/aupr_in_openood_auc,identity,SW trace/top rank,geometry/spectrum/sw_trace_top_rank,GEO-11,descriptive,id_train,raw_feature_covariance,,,detector/ctm_prototype_cosine,OOD-2,up,id_train,id_test_vs_svhn,detector_declared,0.7818181818181819,0.6738598442714127,0.1846982165031552,0.8775145283862316,0.0096990300969903,0.16823917608239178,10,30,10000,20260805,float64,average,percentile_2.5_97.5,(extreme+1)/(resamples+1),dataset_checkpoint_endpoint_16x11,exploratory_association_not_causal
metric_contract_v1.2,c38b09694be88aa74de0741b39e9d3ba0d6ff61a,35a1a66f78dfd6255c4d804586ee6863969be78d21acec5cd0ccf00476ddaa5c,f80984d28ef9a7550633fb3aea514f783f3db1fa655a6d3f49850b10857e6afc,last,svhn,aupr_in_appendix,ood_metric/aupr_in_openood_auc,identity,SW trace/top rank,geometry/spectrum/sw_trace_top_rank,GEO-11,descriptive,id_train,raw_feature_covariance,,,detector/knn_l2_k50,OOD-2,up,id_train,id_test_vs_svhn,detector_declared,0.7333333333333333,0.596440489432703,0.1065208743425626,0.8397493285586393,0.021497850214978503,0.16823917608239178,10,30,10000,20260805,float64,average,percentile_2.5_97.5,(extreme+1)/(resamples+1),dataset_checkpoint_endpoint_16x11,exploratory_association_not_causal
metric_contract_v1.2,c38b09694be88aa74de0741b39e9d3ba0d6ff61a,35a1a66f78dfd6255c4d804586ee6863969be78d21acec5cd0ccf00476ddaa5c,f80984d28ef9a7550633fb3aea514f783f3db1fa655a6d3f49850b10857e6afc,last,svhn,aupr_in_appendix,ood_metric/aupr_in_openood_auc,identity,SW trace/top rank,geometry/spectrum/sw_trace_top_rank,GEO-11,descriptive,id_train,raw_feature_covariance,,,detector/mahalanobis_pp,OOD-2,up,id_train,id_test_vs_svhn,detector_declared,0.7454545454545455,0.6560622914349277,0.3088699285099658,0.820408393501805,0.018698130186981302,0.16823917608239178,10,30,10000,20260805,float64,average,percentile_2.5_97.5,(extreme+1)/(resamples+1),dataset_checkpoint_endpoint_16x11,exploratory_association_not_causal
metric_contract_v1.2,c38b09694be88aa74de0741b39e9d3ba0d6ff61a,35a1a66f78dfd6255c4d804586ee6863969be78d21acec5cd0ccf00476ddaa5c,f80984d28ef9a7550633fb3aea514f783f3db1fa655a6d3f49850b10857e6afc,last,svhn,aupr_in_appendix,ood_metric/aupr_in_openood_auc,identity,SW trace/top rank,geometry/spectrum/sw_trace_top_rank,GEO-11,descriptive,id_train,raw_feature_covariance,,,detector/mahalanobis_raw,OOD-2,up,id_train,id_test_vs_svhn,detector_declared,0.34545454545454546,0.2200222469410456,-0.5269265132901497,0.8048753444666392,0.3350664933506649,0.5725408041720099,10,30,10000,20260805,float64,average,percentile_2.5_97.5,(extreme+1)/(resamples+1),dataset_checkpoint_endpoint_16x11,exploratory_association_not_causal
metric_contract_v1.2,c38b09694be88aa74de0741b39e9d3ba0d6ff61a,35a1a66f78dfd6255c4d804586ee6863969be78d21acec5cd0ccf00476ddaa5c,f80984d28ef9a7550633fb3aea514f783f3db1fa655a6d3f49850b10857e6afc,last,svhn,aupr_in_appendix,ood_metric/aupr_in_openood_auc,identity,SW trace/top rank,geometry/spectrum/sw_trace_top_rank,GEO-11,descriptive,id_train,raw_feature_covariance,,,detector/neco_author_std_dim100,OOD-2,up,id_train,id_test_vs_svhn,detector_declared,-0.18787878787878787,-0.14616240266963293,-0.7104441971277917,0.5703809480657085,0.6044395560443956,0.7229547315538717,10,30,10000,20260805,float64,average,percentile_2.5_97.5,(extreme+1)/(resamples+1),dataset_checkpoint_endpoint_16x11,exploratory_association_not_causal
metric_contract_v1.2,c38b09694be88aa74de0741b39e9d3ba0d6ff61a,35a1a66f78dfd6255c4d804586ee6863969be78d21acec5cd0ccf00476ddaa5c,f80984d28ef9a7550633fb3aea514f783f3db1fa655a6d3f49850b10857e6afc,last,svhn,aupr_in_appendix,ood_metric/aupr_in_openood_auc,identity,SW trace/top rank,geometry/spectrum/sw_trace_top_rank,GEO-11,descriptive,id_train,raw_feature_covariance,,,detector/relative_mahalanobis_pp,OOD-2,up,id_train,id_test_vs_svhn,detector_declared,0.45454545454545453,0.34015572858731924,-0.1586379707301168,0.6313209880786594,0.2024797520247975,0.43874233266328544,10,30,10000,20260805,float64,average,percentile_2.5_97.5,(extreme+1)/(resamples+1),dataset_checkpoint_endpoint_16x11,exploratory_association_not_causal
metric_contract_v1.2,c38b09694be88aa74de0741b39e9d3ba0d6ff61a,35a1a66f78dfd6255c4d804586ee6863969be78d21acec5cd0ccf00476ddaa5c,f80984d28ef9a7550633fb3aea514f783f3db1fa655a6d3f49850b10857e6afc,last,svhn,aupr_in_appendix,ood_metric/aupr_in_openood_auc,identity,SW trace/top rank,geometry/spectrum/sw_trace_top_rank,GEO-11,descriptive,id_train,raw_feature_covariance,,,detector/relative_mahalanobis_raw,OOD-2,up,id_train,id_test_vs_svhn,detector_declared,0.2,0.2987764182424917,-0.15836735616177303,0.7017880723238265,0.5940405959404059,0.7229547315538717,10,30,10000,20260805,float64,average,percentile_2.5_97.5,(extreme+1)/(resamples+1),dataset_checkpoint_endpoint_16x11,exploratory_association_not_causal
metric_contract_v1.2,c38b09694be88aa74de0741b39e9d3ba0d6ff61a,35a1a66f78dfd6255c4d804586ee6863969be78d21acec5cd0ccf00476ddaa5c,f80984d28ef9a7550633fb3aea514f783f3db1fa655a6d3f49850b10857e6afc,last,svhn,aupr_in_appendix,ood_metric/aupr_in_openood_auc,identity,SW trace/top rank,geometry/spectrum/sw_trace_top_rank,GEO-11,descriptive,id_train,raw_feature_covariance,,,detector/vim_author_dim,OOD-2,up,id_train,id_test_vs_svhn,detector_declared,0.6121212121212121,0.5457174638487208,-0.042254126723869107,0.8019702374896018,0.0695930406959304,0.25517448255174485,10,30,10000,20260805,float64,average,percentile_2.5_97.5,(extreme+1)/(resamples+1),dataset_checkpoint_endpoint_16x11,exploratory_association_not_causal
metric_contract_v1.2,c38b09694be88aa74de0741b39e9d3ba0d6ff61a,35a1a66f78dfd6255c4d804586ee6863969be78d21acec5cd0ccf00476ddaa5c,f80984d28ef9a7550633fb3aea514f783f3db1fa655a6d3f49850b10857e6afc,last,svhn,aupr_in_appendix,ood_metric/aupr_in_openood_auc,identity,SW trace/top rank,geometry/spectrum/sw_trace_top_rank,GEO-11,descriptive,id_train,raw_feature_covariance,,,ood_score/energy_t1,OOD-2,up,,id_test_vs_svhn,detector_declared,0.24848484848484848,0.15862068965517243,-0.3977531851926164,0.6611792242532322,0.49725027497250274,0.6660667266606672,10,30,10000,20260805,float64,average,percentile_2.5_97.5,(extreme+1)/(resamples+1),dataset_checkpoint_endpoint_16x11,exploratory_association_not_causal
metric_contract_v1.2,c38b09694be88aa74de0741b39e9d3ba0d6ff61a,35a1a66f78dfd6255c4d804586ee6863969be78d21acec5cd0ccf00476ddaa5c,f80984d28ef9a7550633fb3aea514f783f3db1fa655a6d3f49850b10857e6afc,last,svhn,aupr_in_appendix,ood_metric/aupr_in_openood_auc,identity,SW trace/top rank,geometry/spectrum/sw_trace_top_rank,GEO-11,descriptive,id_train,raw_feature_covariance,,,ood_score/max_logit,OOD-2,up,,id_test_vs_svhn,detector_declared,0.24848484848484848,0.1599555061179088,-0.39335862259229526,0.6676718136347934,0.49725027497250274,0.6660667266606672,10,30,10000,20260805,float64,average,percentile_2.5_97.5,(extreme+1)/(resamples+1),dataset_checkpoint_endpoint_16x11,exploratory_association_not_causal
metric_contract_v1.2,c38b09694be88aa74de0741b39e9d3ba0d6ff61a,35a1a66f78dfd6255c4d804586ee6863969be78d21acec5cd0ccf00476ddaa5c,f80984d28ef9a7550633fb3aea514f783f3db1fa655a6d3f49850b10857e6afc,last,svhn,aupr_in_appendix,ood_metric/aupr_in_openood_auc,identity,SW trace/top rank,geometry/spectrum/sw_trace_top_rank,GEO-11,descriptive,id_train,raw_feature_covariance,,,ood_score/msp,OOD-2,up,,id_test_vs_svhn,detector_declared,0.5151515151515151,0.5123470522803114,0.2336470371308176,0.7075345519393669,0.1381861813818618,0.36849648368496485,10,30,10000,20260805,float64,average,percentile_2.5_97.5,(extreme+1)/(resamples+1),dataset_checkpoint_endpoint_16x11,exploratory_association_not_causal
metric_contract_v1.2,c38b09694be88aa74de0741b39e9d3ba0d6ff61a,35a1a66f78dfd6255c4d804586ee6863969be78d21acec5cd0ccf00476ddaa5c,f80984d28ef9a7550633fb3aea514f783f3db1fa655a6d3f49850b10857e6afc,last,svhn,aupr_in_appendix,ood_metric/aupr_in_openood_auc,identity,SW participation ratio,geometry/spectrum/sw_participation_ratio,GEO-11,descriptive,id_train,raw_feature_covariance,,,detector/ctm_prototype_cosine,OOD-2,up,id_train,id_test_vs_svhn,detector_declared,0.7454545454545455,0.7098998887652948,0.16751843101551323,0.8501040163550355,0.0168983101689831,0.16823917608239178,10,30,10000,20260805,float64,average,percentile_2.5_97.5,(extreme+1)/(resamples+1),dataset_checkpoint_endpoint_16x11,exploratory_association_not_causal
metric_contract_v1.2,c38b09694be88aa74de0741b39e9d3ba0d6ff61a,35a1a66f78dfd6255c4d804586ee6863969be78d21acec5cd0ccf00476ddaa5c,f80984d28ef9a7550633fb3aea514f783f3db1fa655a6d3f49850b10857e6afc,last,svhn,aupr_in_appendix,ood_metric/aupr_in_openood_auc,identity,SW participation ratio,geometry/spectrum/sw_participation_ratio,GEO-11,descriptive,id_train,raw_feature_covariance,,,detector/knn_l2_k50,OOD-2,up,id_train,id_test_vs_svhn,detector_declared,0.7333333333333333,0.6738598442714127,0.12038955076505367,0.8458840936382355,0.020397960203979604,0.16823917608239178,10,30,10000,20260805,float64,average,percentile_2.5_97.5,(extreme+1)/(resamples+1),dataset_checkpoint_endpoint_16x11,exploratory_association_not_causal
metric_contract_v1.2,c38b09694be88aa74de0741b39e9d3ba0d6ff61a,35a1a66f78dfd6255c4d804586ee6863969be78d21acec5cd0ccf00476ddaa5c,f80984d28ef9a7550633fb3aea514f783f3db1fa655a6d3f49850b10857e6afc,last,svhn,aupr_in_appendix,ood_metric/aupr_in_openood_auc,identity,SW participation ratio,geometry/spectrum/sw_participation_ratio,GEO-11,descriptive,id_train,raw_feature_covariance,,,detector/mahalanobis_pp,OOD-2,up,id_train,id_test_vs_svhn,detector_declared,0.6727272727272727,0.6667408231368187,0.32991289008769187,0.7909320896878884,0.041495850414958506,0.20916765466310508,10,30,10000,20260805,float64,average,percentile_2.5_97.5,(extreme+1)/(resamples+1),dataset_checkpoint_endpoint_16x11,exploratory_association_not_causal
metric_contract_v1.2,c38b09694be88aa74de0741b39e9d3ba0d6ff61a,35a1a66f78dfd6255c4d804586ee6863969be78d21acec5cd0ccf00476ddaa5c,f80984d28ef9a7550633fb3aea514f783f3db1fa655a6d3f49850b10857e6afc,last,svhn,aupr_in_appendix,ood_metric/aupr_in_openood_auc,identity,SW participation ratio,geometry/spectrum/sw_participation_ratio,GEO-11,descriptive,id_train,raw_feature_covariance,,,detector/mahalanobis_raw,OOD-2,up,id_train,id_test_vs_svhn,detector_declared,0.24848484848484848,0.23203559510567298,-0.5024662577568045,0.7856049562682216,0.49355064493550643,0.6660667266606672,10,30,10000,20260805,float64,average,percentile_2.5_97.5,(extreme+1)/(resamples+1),dataset_checkpoint_endpoint_16x11,exploratory_association_not_causal
metric_contract_v1.2,c38b09694be88aa74de0741b39e9d3ba0d6ff61a,35a1a66f78dfd6255c4d804586ee6863969be78d21acec5cd0ccf00476ddaa5c,f80984d28ef9a7550633fb3aea514f783f3db1fa655a6d3f49850b10857e6afc,last,svhn,aupr_in_appendix,ood_metric/aupr_in_openood_auc,identity,SW participation ratio,geometry/spectrum/sw_participation_ratio,GEO-11,descriptive,id_train,raw_feature_covariance,,,detector/neco_author_std_dim100,OOD-2,up,id_train,id_test_vs_svhn,detector_declared,-0.23636363636363636,-0.20934371523915463,-0.7151834639335339,0.43270993709914085,0.515948405159484,0.6686037278625079,10,30,10000,20260805,float64,average,percentile_2.5_97.5,(extreme+1)/(resamples+1),dataset_checkpoint_endpoint_16x11,exploratory_association_not_causal
metric_contract_v1.2,c38b09694be88aa74de0741b39e9d3ba0d6ff61a,35a1a66f78dfd6255c4d804586ee6863969be78d21acec5cd0ccf00476ddaa5c,f80984d28ef9a7550633fb3aea514f783f3db1fa655a6d3f49850b10857e6afc,last,svhn,aupr_in_appendix,ood_metric/aupr_in_openood_auc,identity,SW participation ratio,geometry/spectrum/sw_participation_ratio,GEO-11,descriptive,id_train,raw_feature_covariance,,,detector/relative_mahalanobis_pp,OOD-2,up,id_train,id_test_vs_svhn,detector_declared,0.5878787878787879,0.4140155728587319,-0.1839784476211099,0.6776026431648111,0.08699130086991301,0.2734012313054409,10,30,10000,20260805,float64,average,percentile_2.5_97.5,(extreme+1)/(resamples+1),dataset_checkpoint_endpoint_16x11,exploratory_association_not_causal
metric_contract_v1.2,c38b09694be88aa74de0741b39e9d3ba0d6ff61a,35a1a66f78dfd6255c4d804586ee6863969be78d21acec5cd0ccf00476ddaa5c,f80984d28ef9a7550633fb3aea514f783f3db1fa655a6d3f49850b10857e6afc,last,svhn,aupr_in_appendix,ood_metric/aupr_in_openood_auc,identity,SW participation ratio,geometry/spectrum/sw_participation_ratio,GEO-11,descriptive,id_train,raw_feature_covariance,,,detector/relative_mahalanobis_raw,OOD-2,up,id_train,id_test_vs_svhn,detector_declared,0.3939393939393939,0.41490545050055616,-0.07260058048555265,0.7293802942487739,0.2733726627337266,0.5287207542981965,10,30,10000,20260805,float64,average,percentile_2.5_97.5,(extreme+1)/(resamples+1),dataset_checkpoint_endpoint_16x11,exploratory_association_not_causal
metric_contract_v1.2,c38b09694be88aa74de0741b39e9d3ba0d6ff61a,35a1a66f78dfd6255c4d804586ee6863969be78d21acec5cd0ccf00476ddaa5c,f80984d28ef9a7550633fb3aea514f783f3db1fa655a6d3f49850b10857e6afc,last,svhn,aupr_in_appendix,ood_metric/aupr_in_openood_auc,identity,SW participation ratio,geometry/spectrum/sw_participation_ratio,GEO-11,descriptive,id_train,raw_feature_covariance,,,detector/vim_author_dim,OOD-2,up,id_train,id_test_vs_svhn,detector_declared,0.6727272727272727,0.6845383759733037,0.1861545995458623,0.8310292102504914,0.0415958404159584,0.20916765466310508,10,30,10000,20260805,float64,average,percentile_2.5_97.5,(extreme+1)/(resamples+1),dataset_checkpoint_endpoint_16x11,exploratory_association_not_causal
metric_contract_v1.2,c38b09694be88aa74de0741b39e9d3ba0d6ff61a,35a1a66f78dfd6255c4d804586ee6863969be78d21acec5cd0ccf00476ddaa5c,f80984d28ef9a7550633fb3aea514f783f3db1fa655a6d3f49850b10857e6afc,last,svhn,aupr_in_appendix,ood_metric/aupr_in_openood_auc,identity,SW participation ratio,geometry/spectrum/sw_participation_ratio,GEO-11,descriptive,id_train,raw_feature_covariance,,,ood_score/energy_t1,OOD-2,up,,id_test_vs_svhn,detector_declared,0.47878787878787876,0.33125695216907675,-0.28974003679601323,0.7744245875971291,0.1725827417258274,0.41761977648389004,10,30,10000,20260805,float64,average,percentile_2.5_97.5,(extreme+1)/(resamples+1),dataset_checkpoint_endpoint_16x11,exploratory_association_not_causal
metric_contract_v1.2,c38b09694be88aa74de0741b39e9d3ba0d6ff61a,35a1a66f78dfd6255c4d804586ee6863969be78d21acec5cd0ccf00476ddaa5c,f80984d28ef9a7550633fb3aea514f783f3db1fa655a6d3f49850b10857e6afc,last,svhn,aupr_in_appendix,ood_metric/aupr_in_openood_auc,identity,SW participation ratio,geometry/spectrum/sw_participation_ratio,GEO-11,descriptive,id_train,raw_feature_covariance,,,ood_score/max_logit,OOD-2,up,,id_test_vs_svhn,detector_declared,0.47878787878787876,0.33615127919911014,-0.28517469123495814,0.7775271388097528,0.1725827417258274,0.41761977648389004,10,30,10000,20260805,float64,average,percentile_2.5_97.5,(extreme+1)/(resamples+1),dataset_checkpoint_endpoint_16x11,exploratory_association_not_causal
metric_contract_v1.2,c38b09694be88aa74de0741b39e9d3ba0d6ff61a,35a1a66f78dfd6255c4d804586ee6863969be78d21acec5cd0ccf00476ddaa5c,f80984d28ef9a7550633fb3aea514f783f3db1fa655a6d3f49850b10857e6afc,last,svhn,aupr_in_appendix,ood_metric/aupr_in_openood_auc,identity,SW participation ratio,geometry/spectrum/sw_participation_ratio,GEO-11,descriptive,id_train,raw_feature_covariance,,,ood_score/msp,OOD-2,up,,id_test_vs_svhn,detector_declared,0.6848484848484848,0.5252502780867631,0.18032603800114977,0.6627364925342442,0.0364963503649635,0.2072050859430186,10,30,10000,20260805,float64,average,percentile_2.5_97.5,(extreme+1)/(resamples+1),dataset_checkpoint_endpoint_16x11,exploratory_association_not_causal
metric_contract_v1.2,c38b09694be88aa74de0741b39e9d3ba0d6ff61a,35a1a66f78dfd6255c4d804586ee6863969be78d21acec5cd0ccf00476ddaa5c,f80984d28ef9a7550633fb3aea514f783f3db1fa655a6d3f49850b10857e6afc,last,svhn,aupr_in_appendix,ood_metric/aupr_in_openood_auc,identity,SW numerical rank,geometry/spectrum/sw_numerical_rank,GEO-12,descriptive,id_train,raw_feature_covariance,,,detector/ctm_prototype_cosine,OOD-2,up,id_train,id_test_vs_svhn,detector_declared,-0.2731154967995676,-0.30000642689904766,-0.6961661582819899,0.21838702820382933,0.43315668433156684,0.6198014344906972,10,30,10000,20260805,float64,average,percentile_2.5_97.5,(extreme+1)/(resamples+1),dataset_checkpoint_endpoint_16x11,exploratory_association_not_causal
metric_contract_v1.2,c38b09694be88aa74de0741b39e9d3ba0d6ff61a,35a1a66f78dfd6255c4d804586ee6863969be78d21acec5cd0ccf00476ddaa5c,f80984d28ef9a7550633fb3aea514f783f3db1fa655a6d3f49850b10857e6afc,last,svhn,aupr_in_appendix,ood_metric/aupr_in_openood_auc,identity,SW numerical rank,geometry/spectrum/sw_numerical_rank,GEO-12,descriptive,id_train,raw_feature_covariance,,,detector/knn_l2_k50,OOD-2,up,id_train,id_test_vs_svhn,detector_declared,-0.38918958293938377,-0.3494920230885813,-0.7193923408492378,0.1521665784508063,0.25747425257474255,0.503505205035052,10,30,10000,20260805,float64,average,percentile_2.5_97.5,(extreme+1)/(resamples+1),dataset_checkpoint_endpoint_16x11,exploratory_association_not_causal
metric_contract_v1.2,c38b09694be88aa74de0741b39e9d3ba0d6ff61a,35a1a66f78dfd6255c4d804586ee6863969be78d21acec5cd0ccf00476ddaa5c,f80984d28ef9a7550633fb3aea514f783f3db1fa655a6d3f49850b10857e6afc,last,svhn,aupr_in_appendix,ood_metric/aupr_in_openood_auc,identity,SW numerical rank,geometry/spectrum/sw_numerical_rank,GEO-12,descriptive,id_train,raw_feature_covariance,,,detector/mahalanobis_pp,OOD-2,up,id_train,id_test_vs_svhn,detector_declared,-0.1843529603397081,-0.30000642689904766,-0.5817411065438676,0.12622480889299054,0.6043395660433957,0.7229547315538717,10,30,10000,20260805,float64,average,percentile_2.5_97.5,(extreme+1)/(resamples+1),dataset_checkpoint_endpoint_16x11,exploratory_association_not_causal
metric_contract_v1.2,c38b09694be88aa74de0741b39e9d3ba0d6ff61a,35a1a66f78dfd6255c4d804586ee6863969be78d21acec5cd0ccf00476ddaa5c,f80984d28ef9a7550633fb3aea514f783f3db1fa655a6d3f49850b10857e6afc,last,svhn,aupr_in_appendix,ood_metric/aupr_in_openood_auc,identity,SW numerical rank,geometry/spectrum/sw_numerical_rank,GEO-12,descriptive,id_train,raw_feature_covariance,,,detector/mahalanobis_raw,OOD-2,up,id_train,id_test_vs_svhn,detector_declared,-0.020483662259967568,-0.04948559618953364,-0.5780154954273771,0.452860287686028,0.9639036096390361,0.9801716971160027,10,30,10000,20260805,float64,average,percentile_2.5_97.5,(extreme+1)/(resamples+1),dataset_checkpoint_endpoint_16x11,exploratory_association_not_causal
metric_contract_v1.2,c38b09694be88aa74de0741b39e9d3ba0d6ff61a,35a1a66f78dfd6255c4d804586ee6863969be78d21acec5cd0ccf00476ddaa5c,f80984d28ef9a7550633fb3aea514f783f3db1fa655a6d3f49850b10857e6afc,last,svhn,aupr_in_appendix,ood_metric/aupr_in_openood_auc,identity,SW numerical rank,geometry/spectrum/sw_numerical_rank,GEO-12,descriptive,id_train,raw_feature_covariance,,,detector/neco_author_std_dim100,OOD-2,up,id_train,id_test_vs_svhn,detector_declared,0.12290197355980541,0.30103737681966297,-0.12149908574512024,0.6216654269762916,0.7402259774022598,0.8405146582115982,10,30,10000,20260805,float64,average,percentile_2.5_97.5,(extreme+1)/(resamples+1),dataset_checkpoint_endpoint_16x11,exploratory_association_not_causal
metric_contract_v1.2,c38b09694be88aa74de0741b39e9d3ba0d6ff61a,35a1a66f78dfd6255c4d804586ee6863969be78d21acec5cd0ccf00476ddaa5c,f80984d28ef9a7550633fb3aea514f783f3db1fa655a6d3f49850b10857e6afc,last,svhn,aupr_in_appendix,ood_metric/aupr_in_openood_auc,identity,SW numerical rank,geometry/spectrum/sw_numerical_rank,GEO-12,descriptive,id_train,raw_feature_covariance,,,detector/relative_mahalanobis_pp,OOD-2,up,id_train,id_test_vs_svhn,detector_declared,-0.4369847948793081,-0.25103630566982166,-0.6660493983038539,0.24432782625679142,0.20717928207179281,0.43874233266328544,10,30,10000,20260805,float64,average,percentile_2.5_97.5,(extreme+1)/(resamples+1),dataset_checkpoint_endpoint_16x11,exploratory_association_not_causal
metric_contract_v1.2,c38b09694be88aa74de0741b39e9d3ba0d6ff61a,35a1a66f78dfd6255c4d804586ee6863969be78d21acec5cd0ccf00476ddaa5c,f80984d28ef9a7550633fb3aea514f783f3db1fa655a6d3f49850b10857e6afc,last,svhn,aupr_in_appendix,ood_metric/aupr_in_openood_auc,identity,SW numerical rank,geometry/spectrum/sw_numerical_rank,GEO-12,descriptive,id_train,raw_feature_covariance,,,detector/relative_mahalanobis_raw,OOD-2,up,id_train,id_test_vs_svhn,detector_declared,-0.5052636690792,-0.37268839630242523,-0.7625259251321246,0.20103691678256408,0.14208579142085792,0.3732402879115074,10,30,10000,20260805,float64,average,percentile_2.5_97.5,(extreme+1)/(resamples+1),dataset_checkpoint_endpoint_16x11,exploratory_association_not_causal
metric_contract_v1.2,c38b09694be88aa74de0741b39e9d3ba0d6ff61a,35a1a66f78dfd6255c4d804586ee6863969be78d21acec5cd0ccf00476ddaa5c,f80984d28ef9a7550633fb3aea514f783f3db1fa655a6d3f49850b10857e6afc,last,svhn,aupr_in_appendix,ood_metric/aupr_in_openood_auc,identity,SW numerical rank,geometry/spectrum/sw_numerical_rank,GEO-12,descriptive,id_train,raw_feature_covariance,,,detector/vim_author_dim,OOD-2,up,id_train,id_test_vs_svhn,detector_declared,-0.4165011326193405,-0.3811937331475013,-0.7508005137440178,0.10652138839536396,0.2258774122587741,0.45175482451754817,10,30,10000,20260805,float64,average,percentile_2.5_97.5,(extreme+1)/(resamples+1),dataset_checkpoint_endpoint_16x11,exploratory_association_not_causal
metric_contract_v1.2,c38b09694be88aa74de0741b39e9d3ba0d6ff61a,35a1a66f78dfd6255c4d804586ee6863969be78d21acec5cd0ccf00476ddaa5c,f80984d28ef9a7550633fb3aea514f783f3db1fa655a6d3f49850b10857e6afc,last,svhn,aupr_in_appendix,ood_metric/aupr_in_openood_auc,identity,SW numerical rank,geometry/spectrum/sw_numerical_rank,GEO-12,descriptive,id_train,raw_feature_covariance,,,ood_score/energy_t1,OOD-2,up,,id_test_vs_svhn,detector_declared,-0.4642963445592649,-0.2706243541615121,-0.5775818539349897,0.29792207427659634,0.18268173182681732,0.41761977648389004,10,30,10000,20260805,float64,average,percentile_2.5_97.5,(extreme+1)/(resamples+1),dataset_checkpoint_endpoint_16x11,exploratory_association_not_causal
metric_contract_v1.2,c38b09694be88aa74de0741b39e9d3ba0d6ff61a,35a1a66f78dfd6255c4d804586ee6863969be78d21acec5cd0ccf00476ddaa5c,f80984d28ef9a7550633fb3aea514f783f3db1fa655a6d3f49850b10857e6afc,last,svhn,aupr_in_appendix,ood_metric/aupr_in_openood_auc,identity,SW numerical rank,geometry/spectrum/sw_numerical_rank,GEO-12,descriptive,id_train,raw_feature_covariance,,,ood_score/max_logit,OOD-2,up,,id_test_vs_svhn,detector_declared,-0.4642963445592649,-0.2868618154112028,-0.5819352761343791,0.2762233445770955,0.18268173182681732,0.41761977648389004,10,30,10000,20260805,float64,average,percentile_2.5_97.5,(extreme+1)/(resamples+1),dataset_checkpoint_endpoint_16x11,exploratory_association_not_causal
metric_contract_v1.2,c38b09694be88aa74de0741b39e9d3ba0d6ff61a,35a1a66f78dfd6255c4d804586ee6863969be78d21acec5cd0ccf00476ddaa5c,f80984d28ef9a7550633fb3aea514f783f3db1fa655a6d3f49850b10857e6afc,last,svhn,aupr_in_appendix,ood_metric/aupr_in_openood_auc,identity,SW numerical rank,geometry/spectrum/sw_numerical_rank,GEO-12,descriptive,id_train,raw_feature_covariance,,,ood_score/msp,OOD-2,up,,id_test_vs_svhn,detector_declared,-0.6008540929590487,-0.35619319757258067,-0.6337980523486029,0.05678932406260289,0.07279272072792721,0.255347014318176,10,30,10000,20260805,float64,average,percentile_2.5_97.5,(extreme+1)/(resamples+1),dataset_checkpoint_endpoint_16x11,exploratory_association_not_causal
metric_contract_v1.2,c38b09694be88aa74de0741b39e9d3ba0d6ff61a,35a1a66f78dfd6255c4d804586ee6863969be78d21acec5cd0ccf00476ddaa5c,f80984d28ef9a7550633fb3aea514f783f3db1fa655a6d3f49850b10857e6afc,last,svhn,aupr_in_appendix,ood_metric/aupr_in_openood_auc,identity,SW condition number,geometry/spectrum/sw_condition_number_retained,GEO-12,descriptive,id_train,raw_feature_covariance,,,detector/ctm_prototype_cosine,OOD-2,up,id_train,id_test_vs_svhn,detector_declared,0.04242424242424243,-0.046941045606229144,-0.6606516301819861,0.49720529759895515,0.9141085891410858,0.9544702334500277,10,30,10000,20260805,float64,average,percentile_2.5_97.5,(extreme+1)/(resamples+1),dataset_checkpoint_endpoint_16x11,exploratory_association_not_causal
metric_contract_v1.2,c38b09694be88aa74de0741b39e9d3ba0d6ff61a,35a1a66f78dfd6255c4d804586ee6863969be78d21acec5cd0ccf00476ddaa5c,f80984d28ef9a7550633fb3aea514f783f3db1fa655a6d3f49850b10857e6afc,last,svhn,aupr_in_appendix,ood_metric/aupr_in_openood_auc,identity,SW condition number,geometry/spectrum/sw_condition_number_retained,GEO-12,descriptive,id_train,raw_feature_covariance,,,detector/knn_l2_k50,OOD-2,up,id_train,id_test_vs_svhn,detector_declared,0.11515151515151516,-0.060289210233592884,-0.6441562723185097,0.5699604934019676,0.7525247475252475,0.8466210703770388,10,30,10000,20260805,float64,average,percentile_2.5_97.5,(extreme+1)/(resamples+1),dataset_checkpoint_endpoint_16x11,exploratory_association_not_causal
metric_contract_v1.2,c38b09694be88aa74de0741b39e9d3ba0d6ff61a,35a1a66f78dfd6255c4d804586ee6863969be78d21acec5cd0ccf00476ddaa5c,f80984d28ef9a7550633fb3aea514f783f3db1fa655a6d3f49850b10857e6afc,last,svhn,aupr_in_appendix,ood_metric/aupr_in_openood_auc,identity,SW condition number,geometry/spectrum/sw_condition_number_retained,GEO-12,descriptive,id_train,raw_feature_covariance,,,detector/mahalanobis_pp,OOD-2,up,id_train,id_test_vs_svhn,detector_declared,0.12727272727272726,-0.001557285873192436,-0.5219775011042553,0.4724150463943056,0.7331266873312668,0.8378590712357336,10,30,10000,20260805,float64,average,percentile_2.5_97.5,(extreme+1)/(resamples+1),dataset_checkpoint_endpoint_16x11,exploratory_association_not_causal
metric_contract_v1.2,c38b09694be88aa74de0741b39e9d3ba0d6ff61a,35a1a66f78dfd6255c4d804586ee6863969be78d21acec5cd0ccf00476ddaa5c,f80984d28ef9a7550633fb3aea514f783f3db1fa655a6d3f49850b10857e6afc,last,svhn,aupr_in_appendix,ood_metric/aupr_in_openood_auc,identity,SW condition number,geometry/spectrum/sw_condition_number_retained,GEO-12,descriptive,id_train,raw_feature_covariance,,,detector/mahalanobis_raw,OOD-2,up,id_train,id_test_vs_svhn,detector_declared,-0.3090909090909091,-0.3139043381535039,-0.7381604484715187,0.290256461145692,0.3892610738926107,0.603434393402765,10,30,10000,20260805,float64,average,percentile_2.5_97.5,(extreme+1)/(resamples+1),dataset_checkpoint_endpoint_16x11,exploratory_association_not_causal
metric_contract_v1.2,c38b09694be88aa74de0741b39e9d3ba0d6ff61a,35a1a66f78dfd6255c4d804586ee6863969be78d21acec5cd0ccf00476ddaa5c,f80984d28ef9a7550633fb3aea514f783f3db1fa655a6d3f49850b10857e6afc,last,svhn,aupr_in_appendix,ood_metric/aupr_in_openood_auc,identity,SW condition number,geometry/spectrum/sw_condition_number_retained,GEO-12,descriptive,id_train,raw_feature_covariance,,,detector/neco_author_std_dim100,OOD-2,up,id_train,id_test_vs_svhn,detector_declared,-0.22424242424242424,-0.3775305895439377,-0.7507259325441143,0.16953316953316952,0.5433456654334566,0.6929625877991911,10,30,10000,20260805,float64,average,percentile_2.5_97.5,(extreme+1)/(resamples+1),dataset_checkpoint_endpoint_16x11,exploratory_association_not_causal
metric_contract_v1.2,c38b09694be88aa74de0741b39e9d3ba0d6ff61a,35a1a66f78dfd6255c4d804586ee6863969be78d21acec5cd0ccf00476ddaa5c,f80984d28ef9a7550633fb3aea514f783f3db1fa655a6d3f49850b10857e6afc,last,svhn,aupr_in_appendix,ood_metric/aupr_in_openood_auc,identity,SW condition number,geometry/spectrum/sw_condition_number_retained,GEO-12,descriptive,id_train,raw_feature_covariance,,,detector/relative_mahalanobis_pp,OOD-2,up,id_train,id_test_vs_svhn,detector_declared,0.07878787878787878,-0.09543937708565073,-0.5886683024760205,0.48359392450301525,0.8369163083691631,0.8981540870303213,10,30,10000,20260805,float64,average,percentile_2.5_97.5,(extreme+1)/(resamples+1),dataset_checkpoint_endpoint_16x11,exploratory_association_not_causal
metric_contract_v1.2,c38b09694be88aa74de0741b39e9d3ba0d6ff61a,35a1a66f78dfd6255c4d804586ee6863969be78d21acec5cd0ccf00476ddaa5c,f80984d28ef9a7550633fb3aea514f783f3db1fa655a6d3f49850b10857e6afc,last,svhn,aupr_in_appendix,ood_metric/aupr_in_openood_auc,identity,SW condition number,geometry/spectrum/sw_condition_number_retained,GEO-12,descriptive,id_train,raw_feature_covariance,,,detector/relative_mahalanobis_raw,OOD-2,up,id_train,id_test_vs_svhn,detector_declared,0.24848484848484848,0.17864293659621802,-0.44329501731860854,0.5764672795602575,0.4884511548845116,0.6660667266606672,10,30,10000,20260805,float64,average,percentile_2.5_97.5,(extreme+1)/(resamples+1),dataset_checkpoint_endpoint_16x11,exploratory_association_not_causal
metric_contract_v1.2,c38b09694be88aa74de0741b39e9d3ba0d6ff61a,35a1a66f78dfd6255c4d804586ee6863969be78d21acec5cd0ccf00476ddaa5c,f80984d28ef9a7550633fb3aea514f783f3db1fa655a6d3f49850b10857e6afc,last,svhn,aupr_in_appendix,ood_metric/aupr_in_openood_auc,identity,SW condition number,geometry/spectrum/sw_condition_number_retained,GEO-12,descriptive,id_train,raw_feature_covariance,,,detector/vim_author_dim,OOD-2,up,id_train,id_test_vs_svhn,detector_declared,0.006060606060606061,-0.1746384872080089,-0.6645242599077825,0.39148086850923824,1.0,1.0,10,30,10000,20260805,float64,average,percentile_2.5_97.5,(extreme+1)/(resamples+1),dataset_checkpoint_endpoint_16x11,exploratory_association_not_causal
metric_contract_v1.2,c38b09694be88aa74de0741b39e9d3ba0d6ff61a,35a1a66f78dfd6255c4d804586ee6863969be78d21acec5cd0ccf00476ddaa5c,f80984d28ef9a7550633fb3aea514f783f3db1fa655a6d3f49850b10857e6afc,last,svhn,aupr_in_appendix,ood_metric/aupr_in_openood_auc,identity,SW condition number,geometry/spectrum/sw_condition_number_retained,GEO-12,descriptive,id_train,raw_feature_covariance,,,ood_score/energy_t1,OOD-2,up,,id_test_vs_svhn,detector_declared,0.3333333333333333,0.03181312569521691,-0.47278841004284433,0.48463504016463893,0.3458654134586541,0.5749311861266704,10,30,10000,20260805,float64,average,percentile_2.5_97.5,(extreme+1)/(resamples+1),dataset_checkpoint_endpoint_16x11,exploratory_association_not_causal
metric_contract_v1.2,c38b09694be88aa74de0741b39e9d3ba0d6ff61a,35a1a66f78dfd6255c4d804586ee6863969be78d21acec5cd0ccf00476ddaa5c,f80984d28ef9a7550633fb3aea514f783f3db1fa655a6d3f49850b10857e6afc,last,svhn,aupr_in_appendix,ood_metric/aupr_in_openood_auc,identity,SW condition number,geometry/spectrum/sw_condition_number_retained,GEO-12,descriptive,id_train,raw_feature_covariance,,,ood_score/max_logit,OOD-2,up,,id_test_vs_svhn,detector_declared,0.3333333333333333,0.04560622914349277,-0.46839445231100957,0.48970787526578197,0.3458654134586541,0.5749311861266704,10,30,10000,20260805,float64,average,percentile_2.5_97.5,(extreme+1)/(resamples+1),dataset_checkpoint_endpoint_16x11,exploratory_association_not_causal
metric_contract_v1.2,c38b09694be88aa74de0741b39e9d3ba0d6ff61a,35a1a66f78dfd6255c4d804586ee6863969be78d21acec5cd0ccf00476ddaa5c,f80984d28ef9a7550633fb3aea514f783f3db1fa655a6d3f49850b10857e6afc,last,svhn,aupr_in_appendix,ood_metric/aupr_in_openood_auc,identity,SW condition number,geometry/spectrum/sw_condition_number_retained,GEO-12,descriptive,id_train,raw_feature_covariance,,,ood_score/msp,OOD-2,up,,id_test_vs_svhn,detector_declared,0.2727272727272727,0.030478309232480533,-0.45231260991928895,0.4213151660077449,0.45065493450654937,0.6345221477852214,10,30,10000,20260805,float64,average,percentile_2.5_97.5,(extreme+1)/(resamples+1),dataset_checkpoint_endpoint_16x11,exploratory_association_not_causal
metric_contract_v1.2,c38b09694be88aa74de0741b39e9d3ba0d6ff61a,35a1a66f78dfd6255c4d804586ee6863969be78d21acec5cd0ccf00476ddaa5c,f80984d28ef9a7550633fb3aea514f783f3db1fa655a6d3f49850b10857e6afc,last,svhn,aupr_in_appendix,ood_metric/aupr_in_openood_auc,identity,LID-50,geometry/lid_k50,GEO-14,descriptive,id_train,raw_feature_exact_neighbors,,,detector/ctm_prototype_cosine,OOD-2,up,id_train,id_test_vs_svhn,detector_declared,0.8787878787878788,0.8691879866518354,0.557882717757482,0.9280768371677462,0.0021997800219978004,0.0645268806452688,10,30,10000,20260805,float64,average,percentile_2.5_97.5,(extreme+1)/(resamples+1),dataset_checkpoint_endpoint_16x11,exploratory_association_not_causal
metric_contract_v1.2,c38b09694be88aa74de0741b39e9d3ba0d6ff61a,35a1a66f78dfd6255c4d804586ee6863969be78d21acec5cd0ccf00476ddaa5c,f80984d28ef9a7550633fb3aea514f783f3db1fa655a6d3f49850b10857e6afc,last,svhn,aupr_in_appendix,ood_metric/aupr_in_openood_auc,identity,LID-50,geometry/lid_k50,GEO-14,descriptive,id_train,raw_feature_exact_neighbors,,,detector/knn_l2_k50,OOD-2,up,id_train,id_test_vs_svhn,detector_declared,0.9151515151515152,0.8220244716351501,0.4389790079908745,0.9061871789144517,0.0007999200079992001,0.03519648035196481,10,30,10000,20260805,float64,average,percentile_2.5_97.5,(extreme+1)/(resamples+1),dataset_checkpoint_endpoint_16x11,exploratory_association_not_causal
metric_contract_v1.2,c38b09694be88aa74de0741b39e9d3ba0d6ff61a,35a1a66f78dfd6255c4d804586ee6863969be78d21acec5cd0ccf00476ddaa5c,f80984d28ef9a7550633fb3aea514f783f3db1fa655a6d3f49850b10857e6afc,last,svhn,aupr_in_appendix,ood_metric/aupr_in_openood_auc,identity,LID-50,geometry/lid_k50,GEO-14,descriptive,id_train,raw_feature_exact_neighbors,,,detector/mahalanobis_pp,OOD-2,up,id_train,id_test_vs_svhn,detector_declared,0.7212121212121212,0.6974416017797553,0.312442287406054,0.8485593031047577,0.0231976802319768,0.16823917608239178,10,30,10000,20260805,float64,average,percentile_2.5_97.5,(extreme+1)/(resamples+1),dataset_checkpoint_endpoint_16x11,exploratory_association_not_causal
metric_contract_v1.2,c38b09694be88aa74de0741b39e9d3ba0d6ff61a,35a1a66f78dfd6255c4d804586ee6863969be78d21acec5cd0ccf00476ddaa5c,f80984d28ef9a7550633fb3aea514f783f3db1fa655a6d3f49850b10857e6afc,last,svhn,aupr_in_appendix,ood_metric/aupr_in_openood_auc,identity,LID-50,geometry/lid_k50,GEO-14,descriptive,id_train,raw_feature_exact_neighbors,,,detector/mahalanobis_raw,OOD-2,up,id_train,id_test_vs_svhn,detector_declared,0.07878787878787878,-0.020689655172413793,-0.7619598226221502,0.6382161379497144,0.834016598340166,0.8981540870303213,10,30,10000,20260805,float64,average,percentile_2.5_97.5,(extreme+1)/(resamples+1),dataset_checkpoint_endpoint_16x11,exploratory_association_not_causal
metric_contract_v1.2,c38b09694be88aa74de0741b39e9d3ba0d6ff61a,35a1a66f78dfd6255c4d804586ee6863969be78d21acec5cd0ccf00476ddaa5c,f80984d28ef9a7550633fb3aea514f783f3db1fa655a6d3f49850b10857e6afc,last,svhn,aupr_in_appendix,ood_metric/aupr_in_openood_auc,identity,LID-50,geometry/lid_k50,GEO-14,descriptive,id_train,raw_feature_exact_neighbors,,,detector/neco_author_std_dim100,OOD-2,up,id_train,id_test_vs_svhn,detector_declared,-0.4909090909090909,-0.503448275862069,-0.8309096183864273,0.10983242373233103,0.1563843615638436,0.39889344398893445,10,30,10000,20260805,float64,average,percentile_2.5_97.5,(extreme+1)/(resamples+1),dataset_checkpoint_endpoint_16x11,exploratory_association_not_causal
metric_contract_v1.2,c38b09694be88aa74de0741b39e9d3ba0d6ff61a,35a1a66f78dfd6255c4d804586ee6863969be78d21acec5cd0ccf00476ddaa5c,f80984d28ef9a7550633fb3aea514f783f3db1fa655a6d3f49850b10857e6afc,last,svhn,aupr_in_appendix,ood_metric/aupr_in_openood_auc,identity,LID-50,geometry/lid_k50,GEO-14,descriptive,id_train,raw_feature_exact_neighbors,,,detector/relative_mahalanobis_pp,OOD-2,up,id_train,id_test_vs_svhn,detector_declared,0.4909090909090909,0.3170189098998888,-0.3916849796977933,0.6091217050220818,0.1591840815918408,0.4002342622880569,10,30,10000,20260805,float64,average,percentile_2.5_97.5,(extreme+1)/(resamples+1),dataset_checkpoint_endpoint_16x11,exploratory_association_not_causal
metric_contract_v1.2,c38b09694be88aa74de0741b39e9d3ba0d6ff61a,35a1a66f78dfd6255c4d804586ee6863969be78d21acec5cd0ccf00476ddaa5c,f80984d28ef9a7550633fb3aea514f783f3db1fa655a6d3f49850b10857e6afc,last,svhn,aupr_in_appendix,ood_metric/aupr_in_openood_auc,identity,LID-50,geometry/lid_k50,GEO-14,descriptive,id_train,raw_feature_exact_neighbors,,,detector/relative_mahalanobis_raw,OOD-2,up,id_train,id_test_vs_svhn,detector_declared,0.2606060606060606,0.20266963292547274,-0.44856809376223306,0.5975897410465504,0.47015298470152983,0.6567216294243592,10,30,10000,20260805,float64,average,percentile_2.5_97.5,(extreme+1)/(resamples+1),dataset_checkpoint_endpoint_16x11,exploratory_association_not_causal
metric_contract_v1.2,c38b09694be88aa74de0741b39e9d3ba0d6ff61a,35a1a66f78dfd6255c4d804586ee6863969be78d21acec5cd0ccf00476ddaa5c,f80984d28ef9a7550633fb3aea514f783f3db1fa655a6d3f49850b10857e6afc,last,svhn,aupr_in_appendix,ood_metric/aupr_in_openood_auc,identity,LID-50,geometry/lid_k50,GEO-14,descriptive,id_train,raw_feature_exact_neighbors,,,detector/vim_author_dim,OOD-2,up,id_train,id_test_vs_svhn,detector_declared,0.6242424242424243,0.6004449388209121,0.019002765864775468,0.8166720360993961,0.06309369063093691,0.24446251027071203,10,30,10000,20260805,float64,average,percentile_2.5_97.5,(extreme+1)/(resamples+1),dataset_checkpoint_endpoint_16x11,exploratory_association_not_causal
metric_contract_v1.2,c38b09694be88aa74de0741b39e9d3ba0d6ff61a,35a1a66f78dfd6255c4d804586ee6863969be78d21acec5cd0ccf00476ddaa5c,f80984d28ef9a7550633fb3aea514f783f3db1fa655a6d3f49850b10857e6afc,last,svhn,aupr_in_appendix,ood_metric/aupr_in_openood_auc,identity,LID-50,geometry/lid_k50,GEO-14,descriptive,id_train,raw_feature_exact_neighbors,,,ood_score/energy_t1,OOD-2,up,,id_test_vs_svhn,detector_declared,0.4303030303030303,0.27296996662958845,-0.33307916164787277,0.7371482868349116,0.21597840215978403,0.43874233266328544,10,30,10000,20260805,float64,average,percentile_2.5_97.5,(extreme+1)/(resamples+1),dataset_checkpoint_endpoint_16x11,exploratory_association_not_causal
metric_contract_v1.2,c38b09694be88aa74de0741b39e9d3ba0d6ff61a,35a1a66f78dfd6255c4d804586ee6863969be78d21acec5cd0ccf00476ddaa5c,f80984d28ef9a7550633fb3aea514f783f3db1fa655a6d3f49850b10857e6afc,last,svhn,aupr_in_appendix,ood_metric/aupr_in_openood_auc,identity,LID-50,geometry/lid_k50,GEO-14,descriptive,id_train,raw_feature_exact_neighbors,,,ood_score/max_logit,OOD-2,up,,id_test_vs_svhn,detector_declared,0.4303030303030303,0.2854282536151279,-0.3241107969853269,0.7447891425627974,0.21597840215978403,0.43874233266328544,10,30,10000,20260805,float64,average,percentile_2.5_97.5,(extreme+1)/(resamples+1),dataset_checkpoint_endpoint_16x11,exploratory_association_not_causal
metric_contract_v1.2,c38b09694be88aa74de0741b39e9d3ba0d6ff61a,35a1a66f78dfd6255c4d804586ee6863969be78d21acec5cd0ccf00476ddaa5c,f80984d28ef9a7550633fb3aea514f783f3db1fa655a6d3f49850b10857e6afc,last,svhn,aupr_in_appendix,ood_metric/aupr_in_openood_auc,identity,LID-50,geometry/lid_k50,GEO-14,descriptive,id_train,raw_feature_exact_neighbors,,,ood_score/msp,OOD-2,up,,id_test_vs_svhn,detector_declared,0.4666666666666667,0.35172413793103446,-0.21798375216148452,0.5710164009822415,0.1810818918108189,0.41761977648389004,10,30,10000,20260805,float64,average,percentile_2.5_97.5,(extreme+1)/(resamples+1),dataset_checkpoint_endpoint_16x11,exploratory_association_not_causal
