definition_version,evaluation_git_sha,inventory_hash,dataset_policy_hash,checkpoint_role,ood_dataset,endpoint,ood_artifact_key,performance_transform,geometry_name,geometry_artifact_key,geometry_formula_id,geometry_direction,geometry_fit_split,geometry_transform,geometry_statistic,geometry_query_split,detector,ood_formula_id,ood_direction,ood_fit_split,ood_query_split,ood_transform,config_mean_spearman_rho,seed_level_clustered_rho,cluster_bootstrap_ci_low,cluster_bootstrap_ci_high,permutation_pvalue,bh_fdr_qvalue,config_count,seed_observation_count,resamples,random_seed,analysis_dtype,rank_tie_method,bootstrap_ci_method,permutation_pvalue_rule,bh_fdr_scope,interpretation
metric_contract_v1.2,c38b09694be88aa74de0741b39e9d3ba0d6ff61a,35a1a66f78dfd6255c4d804586ee6863969be78d21acec5cd0ccf00476ddaa5c,f80984d28ef9a7550633fb3aea514f783f3db1fa655a6d3f49850b10857e6afc,last,texture,auroc,ood_metric/auroc_id_positive,identity,Feature norm mean,geometry/feature_norm/global,GEO-1,descriptive,id_train,raw_feature,mean,,detector/ctm_prototype_cosine,OOD-1,up,id_train,id_test_vs_texture,detector_declared,-0.8181818181818182,-0.8162402669632925,-0.920545551269983,-0.3429024365420668,0.0064993500649935,0.0838011436951543,10,30,10000,20260805,float64,average,percentile_2.5_97.5,(extreme+1)/(resamples+1),dataset_checkpoint_endpoint_16x11,exploratory_association_not_causal
metric_contract_v1.2,c38b09694be88aa74de0741b39e9d3ba0d6ff61a,35a1a66f78dfd6255c4d804586ee6863969be78d21acec5cd0ccf00476ddaa5c,f80984d28ef9a7550633fb3aea514f783f3db1fa655a6d3f49850b10857e6afc,last,texture,auroc,ood_metric/auroc_id_positive,identity,Feature norm mean,geometry/feature_norm/global,GEO-1,descriptive,id_train,raw_feature,mean,,detector/knn_l2_k50,OOD-1,up,id_train,id_test_vs_texture,detector_declared,-0.8545454545454545,-0.8540600667408231,-0.9366740369261027,-0.40535714285714286,0.0029997000299970002,0.07542102932563886,10,30,10000,20260805,float64,average,percentile_2.5_97.5,(extreme+1)/(resamples+1),dataset_checkpoint_endpoint_16x11,exploratory_association_not_causal
metric_contract_v1.2,c38b09694be88aa74de0741b39e9d3ba0d6ff61a,35a1a66f78dfd6255c4d804586ee6863969be78d21acec5cd0ccf00476ddaa5c,f80984d28ef9a7550633fb3aea514f783f3db1fa655a6d3f49850b10857e6afc,last,texture,auroc,ood_metric/auroc_id_positive,identity,Feature norm mean,geometry/feature_norm/global,GEO-1,descriptive,id_train,raw_feature,mean,,detector/mahalanobis_pp,OOD-1,up,id_train,id_test_vs_texture,detector_declared,-0.8303030303030303,-0.8171301446051168,-0.9335266562569707,-0.3351463033281233,0.004199580041995801,0.0838011436951543,10,30,10000,20260805,float64,average,percentile_2.5_97.5,(extreme+1)/(resamples+1),dataset_checkpoint_endpoint_16x11,exploratory_association_not_causal
metric_contract_v1.2,c38b09694be88aa74de0741b39e9d3ba0d6ff61a,35a1a66f78dfd6255c4d804586ee6863969be78d21acec5cd0ccf00476ddaa5c,f80984d28ef9a7550633fb3aea514f783f3db1fa655a6d3f49850b10857e6afc,last,texture,auroc,ood_metric/auroc_id_positive,identity,Feature norm mean,geometry/feature_norm/global,GEO-1,descriptive,id_train,raw_feature,mean,,detector/mahalanobis_raw,OOD-1,up,id_train,id_test_vs_texture,detector_declared,-0.006060606060606061,-0.054505005561735265,-0.7111670437593732,0.6578168860172569,1.0,1.0,10,30,10000,20260805,float64,average,percentile_2.5_97.5,(extreme+1)/(resamples+1),dataset_checkpoint_endpoint_16x11,exploratory_association_not_causal
metric_contract_v1.2,c38b09694be88aa74de0741b39e9d3ba0d6ff61a,35a1a66f78dfd6255c4d804586ee6863969be78d21acec5cd0ccf00476ddaa5c,f80984d28ef9a7550633fb3aea514f783f3db1fa655a6d3f49850b10857e6afc,last,texture,auroc,ood_metric/auroc_id_positive,identity,Feature norm mean,geometry/feature_norm/global,GEO-1,descriptive,id_train,raw_feature,mean,,detector/neco_author_std_dim100,OOD-1,up,id_train,id_test_vs_texture,detector_declared,0.41818181818181815,0.4456062291434928,-0.28971046497227176,0.8362760371733664,0.23847615238476152,0.399731455425886,10,30,10000,20260805,float64,average,percentile_2.5_97.5,(extreme+1)/(resamples+1),dataset_checkpoint_endpoint_16x11,exploratory_association_not_causal
metric_contract_v1.2,c38b09694be88aa74de0741b39e9d3ba0d6ff61a,35a1a66f78dfd6255c4d804586ee6863969be78d21acec5cd0ccf00476ddaa5c,f80984d28ef9a7550633fb3aea514f783f3db1fa655a6d3f49850b10857e6afc,last,texture,auroc,ood_metric/auroc_id_positive,identity,Feature norm mean,geometry/feature_norm/global,GEO-1,descriptive,id_train,raw_feature,mean,,detector/relative_mahalanobis_pp,OOD-1,up,id_train,id_test_vs_texture,detector_declared,-0.3575757575757576,-0.3067853170189099,-0.7651991183712424,0.45699435049685205,0.32166783321667836,0.4806705770100956,10,30,10000,20260805,float64,average,percentile_2.5_97.5,(extreme+1)/(resamples+1),dataset_checkpoint_endpoint_16x11,exploratory_association_not_causal
metric_contract_v1.2,c38b09694be88aa74de0741b39e9d3ba0d6ff61a,35a1a66f78dfd6255c4d804586ee6863969be78d21acec5cd0ccf00476ddaa5c,f80984d28ef9a7550633fb3aea514f783f3db1fa655a6d3f49850b10857e6afc,last,texture,auroc,ood_metric/auroc_id_positive,identity,Feature norm mean,geometry/feature_norm/global,GEO-1,descriptive,id_train,raw_feature,mean,,detector/relative_mahalanobis_raw,OOD-1,up,id_train,id_test_vs_texture,detector_declared,-0.12727272727272726,-0.08164627363737487,-0.7466427931960609,0.6155248233469748,0.7325267473252675,0.8159791615775132,10,30,10000,20260805,float64,average,percentile_2.5_97.5,(extreme+1)/(resamples+1),dataset_checkpoint_endpoint_16x11,exploratory_association_not_causal
metric_contract_v1.2,c38b09694be88aa74de0741b39e9d3ba0d6ff61a,35a1a66f78dfd6255c4d804586ee6863969be78d21acec5cd0ccf00476ddaa5c,f80984d28ef9a7550633fb3aea514f783f3db1fa655a6d3f49850b10857e6afc,last,texture,auroc,ood_metric/auroc_id_positive,identity,Feature norm mean,geometry/feature_norm/global,GEO-1,descriptive,id_train,raw_feature,mean,,detector/vim_author_dim,OOD-1,up,id_train,id_test_vs_texture,detector_declared,-0.8181818181818182,-0.7726362625139044,-0.9250025078020508,-0.28879905529053274,0.006099390060993901,0.0838011436951543,10,30,10000,20260805,float64,average,percentile_2.5_97.5,(extreme+1)/(resamples+1),dataset_checkpoint_endpoint_16x11,exploratory_association_not_causal
metric_contract_v1.2,c38b09694be88aa74de0741b39e9d3ba0d6ff61a,35a1a66f78dfd6255c4d804586ee6863969be78d21acec5cd0ccf00476ddaa5c,f80984d28ef9a7550633fb3aea514f783f3db1fa655a6d3f49850b10857e6afc,last,texture,auroc,ood_metric/auroc_id_positive,identity,Feature norm mean,geometry/feature_norm/global,GEO-1,descriptive,id_train,raw_feature,mean,,ood_score/energy_t1,OOD-1,up,,id_test_vs_texture,detector_declared,-0.4666666666666667,-0.36952169076751945,-0.8423051150323878,0.3549107142857143,0.17848215178482152,0.3377726743454687,10,30,10000,20260805,float64,average,percentile_2.5_97.5,(extreme+1)/(resamples+1),dataset_checkpoint_endpoint_16x11,exploratory_association_not_causal
metric_contract_v1.2,c38b09694be88aa74de0741b39e9d3ba0d6ff61a,35a1a66f78dfd6255c4d804586ee6863969be78d21acec5cd0ccf00476ddaa5c,f80984d28ef9a7550633fb3aea514f783f3db1fa655a6d3f49850b10857e6afc,last,texture,auroc,ood_metric/auroc_id_positive,identity,Feature norm mean,geometry/feature_norm/global,GEO-1,descriptive,id_train,raw_feature,mean,,ood_score/max_logit,OOD-1,up,,id_test_vs_texture,detector_declared,-0.41818181818181815,-0.37664071190211346,-0.838609359551227,0.3254256436308605,0.23247675232476753,0.3993446809165237,10,30,10000,20260805,float64,average,percentile_2.5_97.5,(extreme+1)/(resamples+1),dataset_checkpoint_endpoint_16x11,exploratory_association_not_causal
metric_contract_v1.2,c38b09694be88aa74de0741b39e9d3ba0d6ff61a,35a1a66f78dfd6255c4d804586ee6863969be78d21acec5cd0ccf00476ddaa5c,f80984d28ef9a7550633fb3aea514f783f3db1fa655a6d3f49850b10857e6afc,last,texture,auroc,ood_metric/auroc_id_positive,identity,Feature norm mean,geometry/feature_norm/global,GEO-1,descriptive,id_train,raw_feature,mean,,ood_score/msp,OOD-1,up,,id_test_vs_texture,detector_declared,-0.7333333333333333,-0.6854282536151279,-0.8796275127182144,-0.13613507480695017,0.0193980601939806,0.11126629272556615,10,30,10000,20260805,float64,average,percentile_2.5_97.5,(extreme+1)/(resamples+1),dataset_checkpoint_endpoint_16x11,exploratory_association_not_causal
metric_contract_v1.2,c38b09694be88aa74de0741b39e9d3ba0d6ff61a,35a1a66f78dfd6255c4d804586ee6863969be78d21acec5cd0ccf00476ddaa5c,f80984d28ef9a7550633fb3aea514f783f3db1fa655a6d3f49850b10857e6afc,last,texture,auroc,ood_metric/auroc_id_positive,identity,Feature norm CV,geometry/feature_norm/global,GEO-1,descriptive,id_train,raw_feature,cv,,detector/ctm_prototype_cosine,OOD-1,up,id_train,id_test_vs_texture,detector_declared,0.5515151515151515,0.596440489432703,-0.002457002457002457,0.8942075892857141,0.10478952104789521,0.25026068821689257,10,30,10000,20260805,float64,average,percentile_2.5_97.5,(extreme+1)/(resamples+1),dataset_checkpoint_endpoint_16x11,exploratory_association_not_causal
metric_contract_v1.2,c38b09694be88aa74de0741b39e9d3ba0d6ff61a,35a1a66f78dfd6255c4d804586ee6863969be78d21acec5cd0ccf00476ddaa5c,f80984d28ef9a7550633fb3aea514f783f3db1fa655a6d3f49850b10857e6afc,last,texture,auroc,ood_metric/auroc_id_positive,identity,Feature norm CV,geometry/feature_norm/global,GEO-1,descriptive,id_train,raw_feature,cv,,detector/knn_l2_k50,OOD-1,up,id_train,id_test_vs_texture,detector_declared,0.5636363636363636,0.5746384872080089,-0.05935999134029364,0.8321424028897125,0.09769023097690231,0.24786253768989297,10,30,10000,20260805,float64,average,percentile_2.5_97.5,(extreme+1)/(resamples+1),dataset_checkpoint_endpoint_16x11,exploratory_association_not_causal
metric_contract_v1.2,c38b09694be88aa74de0741b39e9d3ba0d6ff61a,35a1a66f78dfd6255c4d804586ee6863969be78d21acec5cd0ccf00476ddaa5c,f80984d28ef9a7550633fb3aea514f783f3db1fa655a6d3f49850b10857e6afc,last,texture,auroc,ood_metric/auroc_id_positive,identity,Feature norm CV,geometry/feature_norm/global,GEO-1,descriptive,id_train,raw_feature,cv,,detector/mahalanobis_pp,OOD-1,up,id_train,id_test_vs_texture,detector_declared,0.7212121212121212,0.657397107897664,0.04282994032994036,0.9223747084766357,0.0240975902409759,0.12218206750753495,10,30,10000,20260805,float64,average,percentile_2.5_97.5,(extreme+1)/(resamples+1),dataset_checkpoint_endpoint_16x11,exploratory_association_not_causal
metric_contract_v1.2,c38b09694be88aa74de0741b39e9d3ba0d6ff61a,35a1a66f78dfd6255c4d804586ee6863969be78d21acec5cd0ccf00476ddaa5c,f80984d28ef9a7550633fb3aea514f783f3db1fa655a6d3f49850b10857e6afc,last,texture,auroc,ood_metric/auroc_id_positive,identity,Feature norm CV,geometry/feature_norm/global,GEO-1,descriptive,id_train,raw_feature,cv,,detector/mahalanobis_raw,OOD-1,up,id_train,id_test_vs_texture,detector_declared,-0.696969696969697,-0.6137931034482759,-0.8546593638557753,-0.050697499862620544,0.034996500349965,0.15793292465625233,10,30,10000,20260805,float64,average,percentile_2.5_97.5,(extreme+1)/(resamples+1),dataset_checkpoint_endpoint_16x11,exploratory_association_not_causal
metric_contract_v1.2,c38b09694be88aa74de0741b39e9d3ba0d6ff61a,35a1a66f78dfd6255c4d804586ee6863969be78d21acec5cd0ccf00476ddaa5c,f80984d28ef9a7550633fb3aea514f783f3db1fa655a6d3f49850b10857e6afc,last,texture,auroc,ood_metric/auroc_id_positive,identity,Feature norm CV,geometry/feature_norm/global,GEO-1,descriptive,id_train,raw_feature,cv,,detector/neco_author_std_dim100,OOD-1,up,id_train,id_test_vs_texture,detector_declared,-0.806060606060606,-0.7899888765294772,-0.9134508141869284,-0.40896805896805916,0.008099190080991902,0.0838011436951543,10,30,10000,20260805,float64,average,percentile_2.5_97.5,(extreme+1)/(resamples+1),dataset_checkpoint_endpoint_16x11,exploratory_association_not_causal
metric_contract_v1.2,c38b09694be88aa74de0741b39e9d3ba0d6ff61a,35a1a66f78dfd6255c4d804586ee6863969be78d21acec5cd0ccf00476ddaa5c,f80984d28ef9a7550633fb3aea514f783f3db1fa655a6d3f49850b10857e6afc,last,texture,auroc,ood_metric/auroc_id_positive,identity,Feature norm CV,geometry/feature_norm/global,GEO-1,descriptive,id_train,raw_feature,cv,,detector/relative_mahalanobis_pp,OOD-1,up,id_train,id_test_vs_texture,detector_declared,-0.296969696969697,-0.32903225806451614,-0.7830639284186409,0.39246962804191327,0.41535846415358463,0.5885633658856336,10,30,10000,20260805,float64,average,percentile_2.5_97.5,(extreme+1)/(resamples+1),dataset_checkpoint_endpoint_16x11,exploratory_association_not_causal
metric_contract_v1.2,c38b09694be88aa74de0741b39e9d3ba0d6ff61a,35a1a66f78dfd6255c4d804586ee6863969be78d21acec5cd0ccf00476ddaa5c,f80984d28ef9a7550633fb3aea514f783f3db1fa655a6d3f49850b10857e6afc,last,texture,auroc,ood_metric/auroc_id_positive,identity,Feature norm CV,geometry/feature_norm/global,GEO-1,descriptive,id_train,raw_feature,cv,,detector/relative_mahalanobis_raw,OOD-1,up,id_train,id_test_vs_texture,detector_declared,-0.5515151515151515,-0.5047830923248053,-0.8370722985379375,0.16752465087241772,0.10828917108289171,0.25026068821689257,10,30,10000,20260805,float64,average,percentile_2.5_97.5,(extreme+1)/(resamples+1),dataset_checkpoint_endpoint_16x11,exploratory_association_not_causal
metric_contract_v1.2,c38b09694be88aa74de0741b39e9d3ba0d6ff61a,35a1a66f78dfd6255c4d804586ee6863969be78d21acec5cd0ccf00476ddaa5c,f80984d28ef9a7550633fb3aea514f783f3db1fa655a6d3f49850b10857e6afc,last,texture,auroc,ood_metric/auroc_id_positive,identity,Feature norm CV,geometry/feature_norm/global,GEO-1,descriptive,id_train,raw_feature,cv,,detector/vim_author_dim,OOD-1,up,id_train,id_test_vs_texture,detector_declared,0.34545454545454546,0.34238042269187985,-0.42513908566880004,0.7854272964962173,0.32226777322267774,0.4806705770100956,10,30,10000,20260805,float64,average,percentile_2.5_97.5,(extreme+1)/(resamples+1),dataset_checkpoint_endpoint_16x11,exploratory_association_not_causal
metric_contract_v1.2,c38b09694be88aa74de0741b39e9d3ba0d6ff61a,35a1a66f78dfd6255c4d804586ee6863969be78d21acec5cd0ccf00476ddaa5c,f80984d28ef9a7550633fb3aea514f783f3db1fa655a6d3f49850b10857e6afc,last,texture,auroc,ood_metric/auroc_id_positive,identity,Feature norm CV,geometry/feature_norm/global,GEO-1,descriptive,id_train,raw_feature,cv,,ood_score/energy_t1,OOD-1,up,,id_test_vs_texture,detector_declared,0.6606060606060606,0.6444938820912125,0.09741788376624985,0.8987008443571826,0.043995600439956005,0.18926409245867865,10,30,10000,20260805,float64,average,percentile_2.5_97.5,(extreme+1)/(resamples+1),dataset_checkpoint_endpoint_16x11,exploratory_association_not_causal
metric_contract_v1.2,c38b09694be88aa74de0741b39e9d3ba0d6ff61a,35a1a66f78dfd6255c4d804586ee6863969be78d21acec5cd0ccf00476ddaa5c,f80984d28ef9a7550633fb3aea514f783f3db1fa655a6d3f49850b10857e6afc,last,texture,auroc,ood_metric/auroc_id_positive,identity,Feature norm CV,geometry/feature_norm/global,GEO-1,descriptive,id_train,raw_feature,cv,,ood_score/max_logit,OOD-1,up,,id_test_vs_texture,detector_declared,0.6848484848484848,0.649833147942158,0.10817320264733603,0.8982621252081063,0.034396560343965606,0.15793292465625233,10,30,10000,20260805,float64,average,percentile_2.5_97.5,(extreme+1)/(resamples+1),dataset_checkpoint_endpoint_16x11,exploratory_association_not_causal
metric_contract_v1.2,c38b09694be88aa74de0741b39e9d3ba0d6ff61a,35a1a66f78dfd6255c4d804586ee6863969be78d21acec5cd0ccf00476ddaa5c,f80984d28ef9a7550633fb3aea514f783f3db1fa655a6d3f49850b10857e6afc,last,texture,auroc,ood_metric/auroc_id_positive,identity,Feature norm CV,geometry/feature_norm/global,GEO-1,descriptive,id_train,raw_feature,cv,,ood_score/msp,OOD-1,up,,id_test_vs_texture,detector_declared,0.4666666666666667,0.4496106785317019,-0.1358932155489076,0.7601449146742773,0.17698230176982302,0.3377726743454687,10,30,10000,20260805,float64,average,percentile_2.5_97.5,(extreme+1)/(resamples+1),dataset_checkpoint_endpoint_16x11,exploratory_association_not_causal
metric_contract_v1.2,c38b09694be88aa74de0741b39e9d3ba0d6ff61a,35a1a66f78dfd6255c4d804586ee6863969be78d21acec5cd0ccf00476ddaa5c,f80984d28ef9a7550633fb3aea514f783f3db1fa655a6d3f49850b10857e6afc,last,texture,auroc,ood_metric/auroc_id_positive,identity,CDNV,geometry/cdnv/mean,GEO-2,down,id_train,raw_feature,,,detector/ctm_prototype_cosine,OOD-1,up,id_train,id_test_vs_texture,detector_declared,0.8909090909090909,0.8825361512791992,0.5510274737547465,0.9441973621578343,0.0012998700129987,0.0571942805719428,10,30,10000,20260805,float64,average,percentile_2.5_97.5,(extreme+1)/(resamples+1),dataset_checkpoint_endpoint_16x11,exploratory_association_not_causal
metric_contract_v1.2,c38b09694be88aa74de0741b39e9d3ba0d6ff61a,35a1a66f78dfd6255c4d804586ee6863969be78d21acec5cd0ccf00476ddaa5c,f80984d28ef9a7550633fb3aea514f783f3db1fa655a6d3f49850b10857e6afc,last,texture,auroc,ood_metric/auroc_id_positive,identity,CDNV,geometry/cdnv/mean,GEO-2,down,id_train,raw_feature,,,detector/knn_l2_k50,OOD-1,up,id_train,id_test_vs_texture,detector_declared,0.8181818181818182,0.84293659621802,0.45638649274459675,0.9147333167470285,0.0066993300669933005,0.0838011436951543,10,30,10000,20260805,float64,average,percentile_2.5_97.5,(extreme+1)/(resamples+1),dataset_checkpoint_endpoint_16x11,exploratory_association_not_causal
metric_contract_v1.2,c38b09694be88aa74de0741b39e9d3ba0d6ff61a,35a1a66f78dfd6255c4d804586ee6863969be78d21acec5cd0ccf00476ddaa5c,f80984d28ef9a7550633fb3aea514f783f3db1fa655a6d3f49850b10857e6afc,last,texture,auroc,ood_metric/auroc_id_positive,identity,CDNV,geometry/cdnv/mean,GEO-2,down,id_train,raw_feature,,,detector/mahalanobis_pp,OOD-1,up,id_train,id_test_vs_texture,detector_declared,0.6,0.5701890989988877,-0.1678217126047011,0.8513914073067668,0.07169283071692831,0.21645835416458356,10,30,10000,20260805,float64,average,percentile_2.5_97.5,(extreme+1)/(resamples+1),dataset_checkpoint_endpoint_16x11,exploratory_association_not_causal
metric_contract_v1.2,c38b09694be88aa74de0741b39e9d3ba0d6ff61a,35a1a66f78dfd6255c4d804586ee6863969be78d21acec5cd0ccf00476ddaa5c,f80984d28ef9a7550633fb3aea514f783f3db1fa655a6d3f49850b10857e6afc,last,texture,auroc,ood_metric/auroc_id_positive,identity,CDNV,geometry/cdnv/mean,GEO-2,down,id_train,raw_feature,,,detector/mahalanobis_raw,OOD-1,up,id_train,id_test_vs_texture,detector_declared,-0.3575757575757576,-0.31167964404894327,-0.8435138346270152,0.5010106803599391,0.3114688531146885,0.4766827665059581,10,30,10000,20260805,float64,average,percentile_2.5_97.5,(extreme+1)/(resamples+1),dataset_checkpoint_endpoint_16x11,exploratory_association_not_causal
metric_contract_v1.2,c38b09694be88aa74de0741b39e9d3ba0d6ff61a,35a1a66f78dfd6255c4d804586ee6863969be78d21acec5cd0ccf00476ddaa5c,f80984d28ef9a7550633fb3aea514f783f3db1fa655a6d3f49850b10857e6afc,last,texture,auroc,ood_metric/auroc_id_positive,identity,CDNV,geometry/cdnv/mean,GEO-2,down,id_train,raw_feature,,,detector/neco_author_std_dim100,OOD-1,up,id_train,id_test_vs_texture,detector_declared,-0.7333333333333333,-0.7632925472747497,-0.939287744411184,-0.1991871973232854,0.022997700229977002,0.12218206750753495,10,30,10000,20260805,float64,average,percentile_2.5_97.5,(extreme+1)/(resamples+1),dataset_checkpoint_endpoint_16x11,exploratory_association_not_causal
metric_contract_v1.2,c38b09694be88aa74de0741b39e9d3ba0d6ff61a,35a1a66f78dfd6255c4d804586ee6863969be78d21acec5cd0ccf00476ddaa5c,f80984d28ef9a7550633fb3aea514f783f3db1fa655a6d3f49850b10857e6afc,last,texture,auroc,ood_metric/auroc_id_positive,identity,CDNV,geometry/cdnv/mean,GEO-2,down,id_train,raw_feature,,,detector/relative_mahalanobis_pp,OOD-1,up,id_train,id_test_vs_texture,detector_declared,0.05454545454545454,-0.026918798665183537,-0.6781692000111458,0.6516056064876857,0.8936106389361064,0.9474426051370766,10,30,10000,20260805,float64,average,percentile_2.5_97.5,(extreme+1)/(resamples+1),dataset_checkpoint_endpoint_16x11,exploratory_association_not_causal
metric_contract_v1.2,c38b09694be88aa74de0741b39e9d3ba0d6ff61a,35a1a66f78dfd6255c4d804586ee6863969be78d21acec5cd0ccf00476ddaa5c,f80984d28ef9a7550633fb3aea514f783f3db1fa655a6d3f49850b10857e6afc,last,texture,auroc,ood_metric/auroc_id_positive,identity,CDNV,geometry/cdnv/mean,GEO-2,down,id_train,raw_feature,,,detector/relative_mahalanobis_raw,OOD-1,up,id_train,id_test_vs_texture,detector_declared,-0.17575757575757575,-0.2129032258064516,-0.7829014965378602,0.5822627794621963,0.6287371262873712,0.7476873934228199,10,30,10000,20260805,float64,average,percentile_2.5_97.5,(extreme+1)/(resamples+1),dataset_checkpoint_endpoint_16x11,exploratory_association_not_causal
metric_contract_v1.2,c38b09694be88aa74de0741b39e9d3ba0d6ff61a,35a1a66f78dfd6255c4d804586ee6863969be78d21acec5cd0ccf00476ddaa5c,f80984d28ef9a7550633fb3aea514f783f3db1fa655a6d3f49850b10857e6afc,last,texture,auroc,ood_metric/auroc_id_positive,identity,CDNV,geometry/cdnv/mean,GEO-2,down,id_train,raw_feature,,,detector/vim_author_dim,OOD-1,up,id_train,id_test_vs_texture,detector_declared,0.5272727272727272,0.4945494994438265,-0.18562299768814372,0.8308092289105788,0.12048795120487951,0.26842885331719996,10,30,10000,20260805,float64,average,percentile_2.5_97.5,(extreme+1)/(resamples+1),dataset_checkpoint_endpoint_16x11,exploratory_association_not_causal
metric_contract_v1.2,c38b09694be88aa74de0741b39e9d3ba0d6ff61a,35a1a66f78dfd6255c4d804586ee6863969be78d21acec5cd0ccf00476ddaa5c,f80984d28ef9a7550633fb3aea514f783f3db1fa655a6d3f49850b10857e6afc,last,texture,auroc,ood_metric/auroc_id_positive,identity,CDNV,geometry/cdnv/mean,GEO-2,down,id_train,raw_feature,,,ood_score/energy_t1,OOD-1,up,,id_test_vs_texture,detector_declared,0.3696969696969697,0.34282536151279197,-0.3799442725167068,0.8114843036920958,0.29187081291870814,0.45802145449171894,10,30,10000,20260805,float64,average,percentile_2.5_97.5,(extreme+1)/(resamples+1),dataset_checkpoint_endpoint_16x11,exploratory_association_not_causal
metric_contract_v1.2,c38b09694be88aa74de0741b39e9d3ba0d6ff61a,35a1a66f78dfd6255c4d804586ee6863969be78d21acec5cd0ccf00476ddaa5c,f80984d28ef9a7550633fb3aea514f783f3db1fa655a6d3f49850b10857e6afc,last,texture,auroc,ood_metric/auroc_id_positive,identity,CDNV,geometry/cdnv/mean,GEO-2,down,id_train,raw_feature,,,ood_score/max_logit,OOD-1,up,,id_test_vs_texture,detector_declared,0.3939393939393939,0.3717463848720801,-0.3361609041277657,0.8236636644187565,0.25717428257174285,0.4230156423609976,10,30,10000,20260805,float64,average,percentile_2.5_97.5,(extreme+1)/(resamples+1),dataset_checkpoint_endpoint_16x11,exploratory_association_not_causal
metric_contract_v1.2,c38b09694be88aa74de0741b39e9d3ba0d6ff61a,35a1a66f78dfd6255c4d804586ee6863969be78d21acec5cd0ccf00476ddaa5c,f80984d28ef9a7550633fb3aea514f783f3db1fa655a6d3f49850b10857e6afc,last,texture,auroc,ood_metric/auroc_id_positive,identity,CDNV,geometry/cdnv/mean,GEO-2,down,id_train,raw_feature,,,ood_score/msp,OOD-1,up,,id_test_vs_texture,detector_declared,0.7696969696969697,0.7192436040044494,0.28047970396558214,0.8388563999160461,0.013298670132986702,0.09776800097768001,10,30,10000,20260805,float64,average,percentile_2.5_97.5,(extreme+1)/(resamples+1),dataset_checkpoint_endpoint_16x11,exploratory_association_not_causal
metric_contract_v1.2,c38b09694be88aa74de0741b39e9d3ba0d6ff61a,35a1a66f78dfd6255c4d804586ee6863969be78d21acec5cd0ccf00476ddaa5c,f80984d28ef9a7550633fb3aea514f783f3db1fa655a6d3f49850b10857e6afc,last,texture,auroc,ood_metric/auroc_id_positive,identity,NC1,geometry/nc1_pinv,GEO-5,down,id_train,raw_feature,,,detector/ctm_prototype_cosine,OOD-1,up,id_train,id_test_vs_texture,detector_declared,0.7818181818181819,0.7828698553948832,0.37322857642229157,0.8939175966328646,0.009799020097990201,0.0838011436951543,10,30,10000,20260805,float64,average,percentile_2.5_97.5,(extreme+1)/(resamples+1),dataset_checkpoint_endpoint_16x11,exploratory_association_not_causal
metric_contract_v1.2,c38b09694be88aa74de0741b39e9d3ba0d6ff61a,35a1a66f78dfd6255c4d804586ee6863969be78d21acec5cd0ccf00476ddaa5c,f80984d28ef9a7550633fb3aea514f783f3db1fa655a6d3f49850b10857e6afc,last,texture,auroc,ood_metric/auroc_id_positive,identity,NC1,geometry/nc1_pinv,GEO-5,down,id_train,raw_feature,,,detector/knn_l2_k50,OOD-1,up,id_train,id_test_vs_texture,detector_declared,0.6363636363636364,0.6956618464961067,0.18444735830009493,0.8704557981606028,0.0552944705529447,0.18926409245867865,10,30,10000,20260805,float64,average,percentile_2.5_97.5,(extreme+1)/(resamples+1),dataset_checkpoint_endpoint_16x11,exploratory_association_not_causal
metric_contract_v1.2,c38b09694be88aa74de0741b39e9d3ba0d6ff61a,35a1a66f78dfd6255c4d804586ee6863969be78d21acec5cd0ccf00476ddaa5c,f80984d28ef9a7550633fb3aea514f783f3db1fa655a6d3f49850b10857e6afc,last,texture,auroc,ood_metric/auroc_id_positive,identity,NC1,geometry/nc1_pinv,GEO-5,down,id_train,raw_feature,,,detector/mahalanobis_pp,OOD-1,up,id_train,id_test_vs_texture,detector_declared,0.4303030303030303,0.4482758620689655,-0.3052645695597958,0.8369660877698822,0.21877812218778123,0.38893888388938885,10,30,10000,20260805,float64,average,percentile_2.5_97.5,(extreme+1)/(resamples+1),dataset_checkpoint_endpoint_16x11,exploratory_association_not_causal
metric_contract_v1.2,c38b09694be88aa74de0741b39e9d3ba0d6ff61a,35a1a66f78dfd6255c4d804586ee6863969be78d21acec5cd0ccf00476ddaa5c,f80984d28ef9a7550633fb3aea514f783f3db1fa655a6d3f49850b10857e6afc,last,texture,auroc,ood_metric/auroc_id_positive,identity,NC1,geometry/nc1_pinv,GEO-5,down,id_train,raw_feature,,,detector/mahalanobis_raw,OOD-1,up,id_train,id_test_vs_texture,detector_declared,-0.5515151515151515,-0.450055617352614,-0.9099134182209444,0.2865773965240637,0.10948905109489052,0.25026068821689257,10,30,10000,20260805,float64,average,percentile_2.5_97.5,(extreme+1)/(resamples+1),dataset_checkpoint_endpoint_16x11,exploratory_association_not_causal
metric_contract_v1.2,c38b09694be88aa74de0741b39e9d3ba0d6ff61a,35a1a66f78dfd6255c4d804586ee6863969be78d21acec5cd0ccf00476ddaa5c,f80984d28ef9a7550633fb3aea514f783f3db1fa655a6d3f49850b10857e6afc,last,texture,auroc,ood_metric/auroc_id_positive,identity,NC1,geometry/nc1_pinv,GEO-5,down,id_train,raw_feature,,,detector/neco_author_std_dim100,OOD-1,up,id_train,id_test_vs_texture,detector_declared,-0.7696969696969697,-0.8117908787541713,-0.937988991254324,-0.3655301178046234,0.014898510148985102,0.09776800097768001,10,30,10000,20260805,float64,average,percentile_2.5_97.5,(extreme+1)/(resamples+1),dataset_checkpoint_endpoint_16x11,exploratory_association_not_causal
metric_contract_v1.2,c38b09694be88aa74de0741b39e9d3ba0d6ff61a,35a1a66f78dfd6255c4d804586ee6863969be78d21acec5cd0ccf00476ddaa5c,f80984d28ef9a7550633fb3aea514f783f3db1fa655a6d3f49850b10857e6afc,last,texture,auroc,ood_metric/auroc_id_positive,identity,NC1,geometry/nc1_pinv,GEO-5,down,id_train,raw_feature,,,detector/relative_mahalanobis_pp,OOD-1,up,id_train,id_test_vs_texture,detector_declared,-0.07878787878787878,-0.10389321468298109,-0.695657078951499,0.5542094004760837,0.8441155884411559,0.9114376905867696,10,30,10000,20260805,float64,average,percentile_2.5_97.5,(extreme+1)/(resamples+1),dataset_checkpoint_endpoint_16x11,exploratory_association_not_causal
metric_contract_v1.2,c38b09694be88aa74de0741b39e9d3ba0d6ff61a,35a1a66f78dfd6255c4d804586ee6863969be78d21acec5cd0ccf00476ddaa5c,f80984d28ef9a7550633fb3aea514f783f3db1fa655a6d3f49850b10857e6afc,last,texture,auroc,ood_metric/auroc_id_positive,identity,NC1,geometry/nc1_pinv,GEO-5,down,id_train,raw_feature,,,detector/relative_mahalanobis_raw,OOD-1,up,id_train,id_test_vs_texture,detector_declared,-0.38181818181818183,-0.3432703003337041,-0.8256823004107485,0.3595605830383861,0.2842715728427157,0.4577142285771423,10,30,10000,20260805,float64,average,percentile_2.5_97.5,(extreme+1)/(resamples+1),dataset_checkpoint_endpoint_16x11,exploratory_association_not_causal
metric_contract_v1.2,c38b09694be88aa74de0741b39e9d3ba0d6ff61a,35a1a66f78dfd6255c4d804586ee6863969be78d21acec5cd0ccf00476ddaa5c,f80984d28ef9a7550633fb3aea514f783f3db1fa655a6d3f49850b10857e6afc,last,texture,auroc,ood_metric/auroc_id_positive,identity,NC1,geometry/nc1_pinv,GEO-5,down,id_train,raw_feature,,,detector/vim_author_dim,OOD-1,up,id_train,id_test_vs_texture,detector_declared,0.2727272727272727,0.2987764182424917,-0.42506797013038655,0.8267768350080955,0.44565543445655437,0.6127762223777623,10,30,10000,20260805,float64,average,percentile_2.5_97.5,(extreme+1)/(resamples+1),dataset_checkpoint_endpoint_16x11,exploratory_association_not_causal
metric_contract_v1.2,c38b09694be88aa74de0741b39e9d3ba0d6ff61a,35a1a66f78dfd6255c4d804586ee6863969be78d21acec5cd0ccf00476ddaa5c,f80984d28ef9a7550633fb3aea514f783f3db1fa655a6d3f49850b10857e6afc,last,texture,auroc,ood_metric/auroc_id_positive,identity,NC1,geometry/nc1_pinv,GEO-5,down,id_train,raw_feature,,,ood_score/energy_t1,OOD-1,up,,id_test_vs_texture,detector_declared,0.24848484848484848,0.30011123470522805,-0.45528390553941145,0.744473414970517,0.48665133486651335,0.6488684464886845,10,30,10000,20260805,float64,average,percentile_2.5_97.5,(extreme+1)/(resamples+1),dataset_checkpoint_endpoint_16x11,exploratory_association_not_causal
metric_contract_v1.2,c38b09694be88aa74de0741b39e9d3ba0d6ff61a,35a1a66f78dfd6255c4d804586ee6863969be78d21acec5cd0ccf00476ddaa5c,f80984d28ef9a7550633fb3aea514f783f3db1fa655a6d3f49850b10857e6afc,last,texture,auroc,ood_metric/auroc_id_positive,identity,NC1,geometry/nc1_pinv,GEO-5,down,id_train,raw_feature,,,ood_score/max_logit,OOD-1,up,,id_test_vs_texture,detector_declared,0.28484848484848485,0.3281423804226919,-0.42237476385960215,0.7602718678300564,0.4213578642135786,0.5885633658856336,10,30,10000,20260805,float64,average,percentile_2.5_97.5,(extreme+1)/(resamples+1),dataset_checkpoint_endpoint_16x11,exploratory_association_not_causal
metric_contract_v1.2,c38b09694be88aa74de0741b39e9d3ba0d6ff61a,35a1a66f78dfd6255c4d804586ee6863969be78d21acec5cd0ccf00476ddaa5c,f80984d28ef9a7550633fb3aea514f783f3db1fa655a6d3f49850b10857e6afc,last,texture,auroc,ood_metric/auroc_id_positive,identity,NC1,geometry/nc1_pinv,GEO-5,down,id_train,raw_feature,,,ood_score/msp,OOD-1,up,,id_test_vs_texture,detector_declared,0.6363636363636364,0.6453837597330367,0.180699740603575,0.7790153709066607,0.056694330566943306,0.18926409245867865,10,30,10000,20260805,float64,average,percentile_2.5_97.5,(extreme+1)/(resamples+1),dataset_checkpoint_endpoint_16x11,exploratory_association_not_causal
metric_contract_v1.2,c38b09694be88aa74de0741b39e9d3ba0d6ff61a,35a1a66f78dfd6255c4d804586ee6863969be78d21acec5cd0ccf00476ddaa5c,f80984d28ef9a7550633fb3aea514f783f3db1fa655a6d3f49850b10857e6afc,last,texture,auroc,ood_metric/auroc_id_positive,identity,NC2 equinorm,geometry/nc2_equinorm,GEO-6,down,id_train,raw_feature,,,detector/ctm_prototype_cosine,OOD-1,up,id_train,id_test_vs_texture,detector_declared,0.6484848484848484,0.7045606229143493,0.14525350799581713,0.9115479115479116,0.04709529047095291,0.18926409245867865,10,30,10000,20260805,float64,average,percentile_2.5_97.5,(extreme+1)/(resamples+1),dataset_checkpoint_endpoint_16x11,exploratory_association_not_causal
metric_contract_v1.2,c38b09694be88aa74de0741b39e9d3ba0d6ff61a,35a1a66f78dfd6255c4d804586ee6863969be78d21acec5cd0ccf00476ddaa5c,f80984d28ef9a7550633fb3aea514f783f3db1fa655a6d3f49850b10857e6afc,last,texture,auroc,ood_metric/auroc_id_positive,identity,NC2 equinorm,geometry/nc2_equinorm,GEO-6,down,id_train,raw_feature,,,detector/knn_l2_k50,OOD-1,up,id_train,id_test_vs_texture,detector_declared,0.7333333333333333,0.7067853170189099,0.1476385711668497,0.9066471912216822,0.0192980701929807,0.11126629272556615,10,30,10000,20260805,float64,average,percentile_2.5_97.5,(extreme+1)/(resamples+1),dataset_checkpoint_endpoint_16x11,exploratory_association_not_causal
metric_contract_v1.2,c38b09694be88aa74de0741b39e9d3ba0d6ff61a,35a1a66f78dfd6255c4d804586ee6863969be78d21acec5cd0ccf00476ddaa5c,f80984d28ef9a7550633fb3aea514f783f3db1fa655a6d3f49850b10857e6afc,last,texture,auroc,ood_metric/auroc_id_positive,identity,NC2 equinorm,geometry/nc2_equinorm,GEO-6,down,id_train,raw_feature,,,detector/mahalanobis_pp,OOD-1,up,id_train,id_test_vs_texture,detector_declared,0.793939393939394,0.760622914349277,0.27894981966220794,0.9331744735700014,0.008599140085991401,0.0838011436951543,10,30,10000,20260805,float64,average,percentile_2.5_97.5,(extreme+1)/(resamples+1),dataset_checkpoint_endpoint_16x11,exploratory_association_not_causal
metric_contract_v1.2,c38b09694be88aa74de0741b39e9d3ba0d6ff61a,35a1a66f78dfd6255c4d804586ee6863969be78d21acec5cd0ccf00476ddaa5c,f80984d28ef9a7550633fb3aea514f783f3db1fa655a6d3f49850b10857e6afc,last,texture,auroc,ood_metric/auroc_id_positive,identity,NC2 equinorm,geometry/nc2_equinorm,GEO-6,down,id_train,raw_feature,,,detector/mahalanobis_raw,OOD-1,up,id_train,id_test_vs_texture,detector_declared,-0.5515151515151515,-0.45094549499443826,-0.7284907012292211,0.14541159990313562,0.10868913108689131,0.25026068821689257,10,30,10000,20260805,float64,average,percentile_2.5_97.5,(extreme+1)/(resamples+1),dataset_checkpoint_endpoint_16x11,exploratory_association_not_causal
metric_contract_v1.2,c38b09694be88aa74de0741b39e9d3ba0d6ff61a,35a1a66f78dfd6255c4d804586ee6863969be78d21acec5cd0ccf00476ddaa5c,f80984d28ef9a7550633fb3aea514f783f3db1fa655a6d3f49850b10857e6afc,last,texture,auroc,ood_metric/auroc_id_positive,identity,NC2 equinorm,geometry/nc2_equinorm,GEO-6,down,id_train,raw_feature,,,detector/neco_author_std_dim100,OOD-1,up,id_train,id_test_vs_texture,detector_declared,-0.806060606060606,-0.7410456062291435,-0.8599193660728539,-0.31056591062205274,0.0081991800819918,0.0838011436951543,10,30,10000,20260805,float64,average,percentile_2.5_97.5,(extreme+1)/(resamples+1),dataset_checkpoint_endpoint_16x11,exploratory_association_not_causal
metric_contract_v1.2,c38b09694be88aa74de0741b39e9d3ba0d6ff61a,35a1a66f78dfd6255c4d804586ee6863969be78d21acec5cd0ccf00476ddaa5c,f80984d28ef9a7550633fb3aea514f783f3db1fa655a6d3f49850b10857e6afc,last,texture,auroc,ood_metric/auroc_id_positive,identity,NC2 equinorm,geometry/nc2_equinorm,GEO-6,down,id_train,raw_feature,,,detector/relative_mahalanobis_pp,OOD-1,up,id_train,id_test_vs_texture,detector_declared,0.01818181818181818,-0.05139043381535039,-0.6290905537818837,0.5617786045342861,0.9745025497450255,0.985703728477727,10,30,10000,20260805,float64,average,percentile_2.5_97.5,(extreme+1)/(resamples+1),dataset_checkpoint_endpoint_16x11,exploratory_association_not_causal
metric_contract_v1.2,c38b09694be88aa74de0741b39e9d3ba0d6ff61a,35a1a66f78dfd6255c4d804586ee6863969be78d21acec5cd0ccf00476ddaa5c,f80984d28ef9a7550633fb3aea514f783f3db1fa655a6d3f49850b10857e6afc,last,texture,auroc,ood_metric/auroc_id_positive,identity,NC2 equinorm,geometry/nc2_equinorm,GEO-6,down,id_train,raw_feature,,,detector/relative_mahalanobis_raw,OOD-1,up,id_train,id_test_vs_texture,detector_declared,-0.28484848484848485,-0.24226918798665184,-0.7368885414339961,0.42537324841835655,0.43295670432956707,0.6000029918268016,10,30,10000,20260805,float64,average,percentile_2.5_97.5,(extreme+1)/(resamples+1),dataset_checkpoint_endpoint_16x11,exploratory_association_not_causal
metric_contract_v1.2,c38b09694be88aa74de0741b39e9d3ba0d6ff61a,35a1a66f78dfd6255c4d804586ee6863969be78d21acec5cd0ccf00476ddaa5c,f80984d28ef9a7550633fb3aea514f783f3db1fa655a6d3f49850b10857e6afc,last,texture,auroc,ood_metric/auroc_id_positive,identity,NC2 equinorm,geometry/nc2_equinorm,GEO-6,down,id_train,raw_feature,,,detector/vim_author_dim,OOD-1,up,id_train,id_test_vs_texture,detector_declared,0.5393939393939394,0.5056729699666296,-0.16328160853573892,0.8549686660698299,0.11438856114388561,0.2581075225810752,10,30,10000,20260805,float64,average,percentile_2.5_97.5,(extreme+1)/(resamples+1),dataset_checkpoint_endpoint_16x11,exploratory_association_not_causal
metric_contract_v1.2,c38b09694be88aa74de0741b39e9d3ba0d6ff61a,35a1a66f78dfd6255c4d804586ee6863969be78d21acec5cd0ccf00476ddaa5c,f80984d28ef9a7550633fb3aea514f783f3db1fa655a6d3f49850b10857e6afc,last,texture,auroc,ood_metric/auroc_id_positive,identity,NC2 equinorm,geometry/nc2_equinorm,GEO-6,down,id_train,raw_feature,,,ood_score/energy_t1,OOD-1,up,,id_test_vs_texture,detector_declared,0.5878787878787879,0.5434927697441602,-0.06174800974146503,0.8805109214255077,0.08029197080291971,0.22382761723827618,10,30,10000,20260805,float64,average,percentile_2.5_97.5,(extreme+1)/(resamples+1),dataset_checkpoint_endpoint_16x11,exploratory_association_not_causal
metric_contract_v1.2,c38b09694be88aa74de0741b39e9d3ba0d6ff61a,35a1a66f78dfd6255c4d804586ee6863969be78d21acec5cd0ccf00476ddaa5c,f80984d28ef9a7550633fb3aea514f783f3db1fa655a6d3f49850b10857e6afc,last,texture,auroc,ood_metric/auroc_id_positive,identity,NC2 equinorm,geometry/nc2_equinorm,GEO-6,down,id_train,raw_feature,,,ood_score/max_logit,OOD-1,up,,id_test_vs_texture,detector_declared,0.5636363636363636,0.5403781979977753,-0.06892936714586179,0.8794642857142857,0.09579042095790422,0.24786253768989297,10,30,10000,20260805,float64,average,percentile_2.5_97.5,(extreme+1)/(resamples+1),dataset_checkpoint_endpoint_16x11,exploratory_association_not_causal
metric_contract_v1.2,c38b09694be88aa74de0741b39e9d3ba0d6ff61a,35a1a66f78dfd6255c4d804586ee6863969be78d21acec5cd0ccf00476ddaa5c,f80984d28ef9a7550633fb3aea514f783f3db1fa655a6d3f49850b10857e6afc,last,texture,auroc,ood_metric/auroc_id_positive,identity,NC2 equinorm,geometry/nc2_equinorm,GEO-6,down,id_train,raw_feature,,,ood_score/msp,OOD-1,up,,id_test_vs_texture,detector_declared,0.5878787878787879,0.5724137931034483,0.003497958482467056,0.8007651038171392,0.0810918908109189,0.22382761723827618,10,30,10000,20260805,float64,average,percentile_2.5_97.5,(extreme+1)/(resamples+1),dataset_checkpoint_endpoint_16x11,exploratory_association_not_causal
metric_contract_v1.2,c38b09694be88aa74de0741b39e9d3ba0d6ff61a,35a1a66f78dfd6255c4d804586ee6863969be78d21acec5cd0ccf00476ddaa5c,f80984d28ef9a7550633fb3aea514f783f3db1fa655a6d3f49850b10857e6afc,last,texture,auroc,ood_metric/auroc_id_positive,identity,NC2 equiangular,geometry/nc2_equiangular,GEO-6,down,id_train,raw_feature,,,detector/ctm_prototype_cosine,OOD-1,up,id_train,id_test_vs_texture,detector_declared,0.45454545454545453,0.5145717463848721,-0.13537195323325146,0.8319242547558926,0.18688131186881313,0.34622221988327484,10,30,10000,20260805,float64,average,percentile_2.5_97.5,(extreme+1)/(resamples+1),dataset_checkpoint_endpoint_16x11,exploratory_association_not_causal
metric_contract_v1.2,c38b09694be88aa74de0741b39e9d3ba0d6ff61a,35a1a66f78dfd6255c4d804586ee6863969be78d21acec5cd0ccf00476ddaa5c,f80984d28ef9a7550633fb3aea514f783f3db1fa655a6d3f49850b10857e6afc,last,texture,auroc,ood_metric/auroc_id_positive,identity,NC2 equiangular,geometry/nc2_equiangular,GEO-6,down,id_train,raw_feature,,,detector/knn_l2_k50,OOD-1,up,id_train,id_test_vs_texture,detector_declared,0.5757575757575758,0.5581757508342603,-0.05306688268263167,0.876742229872787,0.08349165083491651,0.22606970072223548,10,30,10000,20260805,float64,average,percentile_2.5_97.5,(extreme+1)/(resamples+1),dataset_checkpoint_endpoint_16x11,exploratory_association_not_causal
metric_contract_v1.2,c38b09694be88aa74de0741b39e9d3ba0d6ff61a,35a1a66f78dfd6255c4d804586ee6863969be78d21acec5cd0ccf00476ddaa5c,f80984d28ef9a7550633fb3aea514f783f3db1fa655a6d3f49850b10857e6afc,last,texture,auroc,ood_metric/auroc_id_positive,identity,NC2 equiangular,geometry/nc2_equiangular,GEO-6,down,id_train,raw_feature,,,detector/mahalanobis_pp,OOD-1,up,id_train,id_test_vs_texture,detector_declared,0.7454545454545455,0.6004449388209121,0.09668108134032485,0.7735092603389933,0.014998500149985002,0.09776800097768001,10,30,10000,20260805,float64,average,percentile_2.5_97.5,(extreme+1)/(resamples+1),dataset_checkpoint_endpoint_16x11,exploratory_association_not_causal
metric_contract_v1.2,c38b09694be88aa74de0741b39e9d3ba0d6ff61a,35a1a66f78dfd6255c4d804586ee6863969be78d21acec5cd0ccf00476ddaa5c,f80984d28ef9a7550633fb3aea514f783f3db1fa655a6d3f49850b10857e6afc,last,texture,auroc,ood_metric/auroc_id_positive,identity,NC2 equiangular,geometry/nc2_equiangular,GEO-6,down,id_train,raw_feature,,,detector/mahalanobis_raw,OOD-1,up,id_train,id_test_vs_texture,detector_declared,-0.4909090909090909,-0.45317018909899887,-0.7500308157776782,0.19411436229618032,0.15708429157084292,0.3106385990614422,10,30,10000,20260805,float64,average,percentile_2.5_97.5,(extreme+1)/(resamples+1),dataset_checkpoint_endpoint_16x11,exploratory_association_not_causal
metric_contract_v1.2,c38b09694be88aa74de0741b39e9d3ba0d6ff61a,35a1a66f78dfd6255c4d804586ee6863969be78d21acec5cd0ccf00476ddaa5c,f80984d28ef9a7550633fb3aea514f783f3db1fa655a6d3f49850b10857e6afc,last,texture,auroc,ood_metric/auroc_id_positive,identity,NC2 equiangular,geometry/nc2_equiangular,GEO-6,down,id_train,raw_feature,,,detector/neco_author_std_dim100,OOD-1,up,id_train,id_test_vs_texture,detector_declared,-0.6484848484848484,-0.6431590656284761,-0.9361179361179361,-0.05642890628876981,0.05069493050694931,0.18926409245867865,10,30,10000,20260805,float64,average,percentile_2.5_97.5,(extreme+1)/(resamples+1),dataset_checkpoint_endpoint_16x11,exploratory_association_not_causal
metric_contract_v1.2,c38b09694be88aa74de0741b39e9d3ba0d6ff61a,35a1a66f78dfd6255c4d804586ee6863969be78d21acec5cd0ccf00476ddaa5c,f80984d28ef9a7550633fb3aea514f783f3db1fa655a6d3f49850b10857e6afc,last,texture,auroc,ood_metric/auroc_id_positive,identity,NC2 equiangular,geometry/nc2_equiangular,GEO-6,down,id_train,raw_feature,,,detector/relative_mahalanobis_pp,OOD-1,up,id_train,id_test_vs_texture,detector_declared,0.006060606060606061,-0.08565072302558398,-0.576557430428011,0.39436491665505846,1.0,1.0,10,30,10000,20260805,float64,average,percentile_2.5_97.5,(extreme+1)/(resamples+1),dataset_checkpoint_endpoint_16x11,exploratory_association_not_causal
metric_contract_v1.2,c38b09694be88aa74de0741b39e9d3ba0d6ff61a,35a1a66f78dfd6255c4d804586ee6863969be78d21acec5cd0ccf00476ddaa5c,f80984d28ef9a7550633fb3aea514f783f3db1fa655a6d3f49850b10857e6afc,last,texture,auroc,ood_metric/auroc_id_positive,identity,NC2 equiangular,geometry/nc2_equiangular,GEO-6,down,id_train,raw_feature,,,detector/relative_mahalanobis_raw,OOD-1,up,id_train,id_test_vs_texture,detector_declared,-0.21212121212121213,-0.20934371523915463,-0.7108516358032189,0.37417092795103046,0.5658434156584341,0.7013270503935521,10,30,10000,20260805,float64,average,percentile_2.5_97.5,(extreme+1)/(resamples+1),dataset_checkpoint_endpoint_16x11,exploratory_association_not_causal
metric_contract_v1.2,c38b09694be88aa74de0741b39e9d3ba0d6ff61a,35a1a66f78dfd6255c4d804586ee6863969be78d21acec5cd0ccf00476ddaa5c,f80984d28ef9a7550633fb3aea514f783f3db1fa655a6d3f49850b10857e6afc,last,texture,auroc,ood_metric/auroc_id_positive,identity,NC2 equiangular,geometry/nc2_equiangular,GEO-6,down,id_train,raw_feature,,,detector/vim_author_dim,OOD-1,up,id_train,id_test_vs_texture,detector_declared,0.4909090909090909,0.36373748609566187,-0.18876592596308187,0.7703967900133749,0.1513848615138486,0.30624983478663625,10,30,10000,20260805,float64,average,percentile_2.5_97.5,(extreme+1)/(resamples+1),dataset_checkpoint_endpoint_16x11,exploratory_association_not_causal
metric_contract_v1.2,c38b09694be88aa74de0741b39e9d3ba0d6ff61a,35a1a66f78dfd6255c4d804586ee6863969be78d21acec5cd0ccf00476ddaa5c,f80984d28ef9a7550633fb3aea514f783f3db1fa655a6d3f49850b10857e6afc,last,texture,auroc,ood_metric/auroc_id_positive,identity,NC2 equiangular,geometry/nc2_equiangular,GEO-6,down,id_train,raw_feature,,,ood_score/energy_t1,OOD-1,up,,id_test_vs_texture,detector_declared,0.6363636363636364,0.42380422691879865,-0.18092287290267536,0.7989735935725599,0.05419458054194581,0.18926409245867865,10,30,10000,20260805,float64,average,percentile_2.5_97.5,(extreme+1)/(resamples+1),dataset_checkpoint_endpoint_16x11,exploratory_association_not_causal
metric_contract_v1.2,c38b09694be88aa74de0741b39e9d3ba0d6ff61a,35a1a66f78dfd6255c4d804586ee6863969be78d21acec5cd0ccf00476ddaa5c,f80984d28ef9a7550633fb3aea514f783f3db1fa655a6d3f49850b10857e6afc,last,texture,auroc,ood_metric/auroc_id_positive,identity,NC2 equiangular,geometry/nc2_equiangular,GEO-6,down,id_train,raw_feature,,,ood_score/max_logit,OOD-1,up,,id_test_vs_texture,detector_declared,0.6242424242424243,0.4135706340378198,-0.18711461593313394,0.7951591214701927,0.05849415058494151,0.19064760190647603,10,30,10000,20260805,float64,average,percentile_2.5_97.5,(extreme+1)/(resamples+1),dataset_checkpoint_endpoint_16x11,exploratory_association_not_causal
metric_contract_v1.2,c38b09694be88aa74de0741b39e9d3ba0d6ff61a,35a1a66f78dfd6255c4d804586ee6863969be78d21acec5cd0ccf00476ddaa5c,f80984d28ef9a7550633fb3aea514f783f3db1fa655a6d3f49850b10857e6afc,last,texture,auroc,ood_metric/auroc_id_positive,identity,NC2 equiangular,geometry/nc2_equiangular,GEO-6,down,id_train,raw_feature,,,ood_score/msp,OOD-1,up,,id_test_vs_texture,detector_declared,0.4909090909090909,0.5150166852057843,-0.1071377825416601,0.7511783381578758,0.15008499150084992,0.30624983478663625,10,30,10000,20260805,float64,average,percentile_2.5_97.5,(extreme+1)/(resamples+1),dataset_checkpoint_endpoint_16x11,exploratory_association_not_causal
metric_contract_v1.2,c38b09694be88aa74de0741b39e9d3ba0d6ff61a,35a1a66f78dfd6255c4d804586ee6863969be78d21acec5cd0ccf00476ddaa5c,f80984d28ef9a7550633fb3aea514f783f3db1fa655a6d3f49850b10857e6afc,last,texture,auroc,ood_metric/auroc_id_positive,identity,NC2 ETF,geometry/nc2_etf_raw,GEO-6,down,id_train,raw_feature,,,detector/ctm_prototype_cosine,OOD-1,up,id_train,id_test_vs_texture,detector_declared,0.6363636363636364,0.5951056729699666,-0.02794791683285999,0.8708248703610484,0.05499450054994501,0.18926409245867865,10,30,10000,20260805,float64,average,percentile_2.5_97.5,(extreme+1)/(resamples+1),dataset_checkpoint_endpoint_16x11,exploratory_association_not_causal
metric_contract_v1.2,c38b09694be88aa74de0741b39e9d3ba0d6ff61a,35a1a66f78dfd6255c4d804586ee6863969be78d21acec5cd0ccf00476ddaa5c,f80984d28ef9a7550633fb3aea514f783f3db1fa655a6d3f49850b10857e6afc,last,texture,auroc,ood_metric/auroc_id_positive,identity,NC2 ETF,geometry/nc2_etf_raw,GEO-6,down,id_train,raw_feature,,,detector/knn_l2_k50,OOD-1,up,id_train,id_test_vs_texture,detector_declared,0.7333333333333333,0.6289210233592881,0.02974382209308718,0.8869835557196234,0.0207979202079792,0.1143885611438856,10,30,10000,20260805,float64,average,percentile_2.5_97.5,(extreme+1)/(resamples+1),dataset_checkpoint_endpoint_16x11,exploratory_association_not_causal
metric_contract_v1.2,c38b09694be88aa74de0741b39e9d3ba0d6ff61a,35a1a66f78dfd6255c4d804586ee6863969be78d21acec5cd0ccf00476ddaa5c,f80984d28ef9a7550633fb3aea514f783f3db1fa655a6d3f49850b10857e6afc,last,texture,auroc,ood_metric/auroc_id_positive,identity,NC2 ETF,geometry/nc2_etf_raw,GEO-6,down,id_train,raw_feature,,,detector/mahalanobis_pp,OOD-1,up,id_train,id_test_vs_texture,detector_declared,0.7818181818181819,0.6605116796440489,0.11011633297548559,0.8528784126590002,0.0091990800919908,0.0838011436951543,10,30,10000,20260805,float64,average,percentile_2.5_97.5,(extreme+1)/(resamples+1),dataset_checkpoint_endpoint_16x11,exploratory_association_not_causal
metric_contract_v1.2,c38b09694be88aa74de0741b39e9d3ba0d6ff61a,35a1a66f78dfd6255c4d804586ee6863969be78d21acec5cd0ccf00476ddaa5c,f80984d28ef9a7550633fb3aea514f783f3db1fa655a6d3f49850b10857e6afc,last,texture,auroc,ood_metric/auroc_id_positive,identity,NC2 ETF,geometry/nc2_etf_raw,GEO-6,down,id_train,raw_feature,,,detector/mahalanobis_raw,OOD-1,up,id_train,id_test_vs_texture,detector_declared,-0.5151515151515151,-0.43047830923248054,-0.7233792711716205,0.17724926060891477,0.1341865813418658,0.2952104789521048,10,30,10000,20260805,float64,average,percentile_2.5_97.5,(extreme+1)/(resamples+1),dataset_checkpoint_endpoint_16x11,exploratory_association_not_causal
metric_contract_v1.2,c38b09694be88aa74de0741b39e9d3ba0d6ff61a,35a1a66f78dfd6255c4d804586ee6863969be78d21acec5cd0ccf00476ddaa5c,f80984d28ef9a7550633fb3aea514f783f3db1fa655a6d3f49850b10857e6afc,last,texture,auroc,ood_metric/auroc_id_positive,identity,NC2 ETF,geometry/nc2_etf_raw,GEO-6,down,id_train,raw_feature,,,detector/neco_author_std_dim100,OOD-1,up,id_train,id_test_vs_texture,detector_declared,-0.7696969696969697,-0.6662958843159066,-0.9173595170281832,-0.10891286202100689,0.014498550144985502,0.09776800097768001,10,30,10000,20260805,float64,average,percentile_2.5_97.5,(extreme+1)/(resamples+1),dataset_checkpoint_endpoint_16x11,exploratory_association_not_causal
metric_contract_v1.2,c38b09694be88aa74de0741b39e9d3ba0d6ff61a,35a1a66f78dfd6255c4d804586ee6863969be78d21acec5cd0ccf00476ddaa5c,f80984d28ef9a7550633fb3aea514f783f3db1fa655a6d3f49850b10857e6afc,last,texture,auroc,ood_metric/auroc_id_positive,identity,NC2 ETF,geometry/nc2_etf_raw,GEO-6,down,id_train,raw_feature,,,detector/relative_mahalanobis_pp,OOD-1,up,id_train,id_test_vs_texture,detector_declared,0.05454545454545454,-0.04605116796440489,-0.537199442487012,0.4454821763594601,0.8936106389361064,0.9474426051370766,10,30,10000,20260805,float64,average,percentile_2.5_97.5,(extreme+1)/(resamples+1),dataset_checkpoint_endpoint_16x11,exploratory_association_not_causal
metric_contract_v1.2,c38b09694be88aa74de0741b39e9d3ba0d6ff61a,35a1a66f78dfd6255c4d804586ee6863969be78d21acec5cd0ccf00476ddaa5c,f80984d28ef9a7550633fb3aea514f783f3db1fa655a6d3f49850b10857e6afc,last,texture,auroc,ood_metric/auroc_id_positive,identity,NC2 ETF,geometry/nc2_etf_raw,GEO-6,down,id_train,raw_feature,,,detector/relative_mahalanobis_raw,OOD-1,up,id_train,id_test_vs_texture,detector_declared,-0.2,-0.210678531701891,-0.6964346541051086,0.38471993768378027,0.587941205879412,0.7136389809294932,10,30,10000,20260805,float64,average,percentile_2.5_97.5,(extreme+1)/(resamples+1),dataset_checkpoint_endpoint_16x11,exploratory_association_not_causal
metric_contract_v1.2,c38b09694be88aa74de0741b39e9d3ba0d6ff61a,35a1a66f78dfd6255c4d804586ee6863969be78d21acec5cd0ccf00476ddaa5c,f80984d28ef9a7550633fb3aea514f783f3db1fa655a6d3f49850b10857e6afc,last,texture,auroc,ood_metric/auroc_id_positive,identity,NC2 ETF,geometry/nc2_etf_raw,GEO-6,down,id_train,raw_feature,,,detector/vim_author_dim,OOD-1,up,id_train,id_test_vs_texture,detector_declared,0.5515151515151515,0.44204671857619576,-0.15318029761443488,0.7788808698862196,0.0999900009999,0.24786253768989297,10,30,10000,20260805,float64,average,percentile_2.5_97.5,(extreme+1)/(resamples+1),dataset_checkpoint_endpoint_16x11,exploratory_association_not_causal
metric_contract_v1.2,c38b09694be88aa74de0741b39e9d3ba0d6ff61a,35a1a66f78dfd6255c4d804586ee6863969be78d21acec5cd0ccf00476ddaa5c,f80984d28ef9a7550633fb3aea514f783f3db1fa655a6d3f49850b10857e6afc,last,texture,auroc,ood_metric/auroc_id_positive,identity,NC2 ETF,geometry/nc2_etf_raw,GEO-6,down,id_train,raw_feature,,,ood_score/energy_t1,OOD-1,up,,id_test_vs_texture,detector_declared,0.6,0.4807563959955506,-0.17840831624397901,0.8447527878256083,0.07379262073792621,0.21645835416458356,10,30,10000,20260805,float64,average,percentile_2.5_97.5,(extreme+1)/(resamples+1),dataset_checkpoint_endpoint_16x11,exploratory_association_not_causal
metric_contract_v1.2,c38b09694be88aa74de0741b39e9d3ba0d6ff61a,35a1a66f78dfd6255c4d804586ee6863969be78d21acec5cd0ccf00476ddaa5c,f80984d28ef9a7550633fb3aea514f783f3db1fa655a6d3f49850b10857e6afc,last,texture,auroc,ood_metric/auroc_id_positive,identity,NC2 ETF,geometry/nc2_etf_raw,GEO-6,down,id_train,raw_feature,,,ood_score/max_logit,OOD-1,up,,id_test_vs_texture,detector_declared,0.5878787878787879,0.4723025583982202,-0.19006051098162258,0.8405208740507035,0.08139186081391861,0.22382761723827618,10,30,10000,20260805,float64,average,percentile_2.5_97.5,(extreme+1)/(resamples+1),dataset_checkpoint_endpoint_16x11,exploratory_association_not_causal
metric_contract_v1.2,c38b09694be88aa74de0741b39e9d3ba0d6ff61a,35a1a66f78dfd6255c4d804586ee6863969be78d21acec5cd0ccf00476ddaa5c,f80984d28ef9a7550633fb3aea514f783f3db1fa655a6d3f49850b10857e6afc,last,texture,auroc,ood_metric/auroc_id_positive,identity,NC2 ETF,geometry/nc2_etf_raw,GEO-6,down,id_train,raw_feature,,,ood_score/msp,OOD-1,up,,id_test_vs_texture,detector_declared,0.6242424242424243,0.5497219132369299,-0.049553571428571426,0.7498324771052044,0.060193980601939805,0.19262073792620737,10,30,10000,20260805,float64,average,percentile_2.5_97.5,(extreme+1)/(resamples+1),dataset_checkpoint_endpoint_16x11,exploratory_association_not_causal
metric_contract_v1.2,c38b09694be88aa74de0741b39e9d3ba0d6ff61a,35a1a66f78dfd6255c4d804586ee6863969be78d21acec5cd0ccf00476ddaa5c,f80984d28ef9a7550633fb3aea514f783f3db1fa655a6d3f49850b10857e6afc,last,texture,auroc,ood_metric/auroc_id_positive,identity,NC3,geometry/nc3_self_duality_raw,GEO-8,down,id_train,raw_feature,,,detector/ctm_prototype_cosine,OOD-1,up,id_train,id_test_vs_texture,detector_declared,0.6363636363636364,0.5483870967741935,-0.06454504706409682,0.8985928076837167,0.0560943905609439,0.18926409245867865,10,30,10000,20260805,float64,average,percentile_2.5_97.5,(extreme+1)/(resamples+1),dataset_checkpoint_endpoint_16x11,exploratory_association_not_causal
metric_contract_v1.2,c38b09694be88aa74de0741b39e9d3ba0d6ff61a,35a1a66f78dfd6255c4d804586ee6863969be78d21acec5cd0ccf00476ddaa5c,f80984d28ef9a7550633fb3aea514f783f3db1fa655a6d3f49850b10857e6afc,last,texture,auroc,ood_metric/auroc_id_positive,identity,NC3,geometry/nc3_self_duality_raw,GEO-8,down,id_train,raw_feature,,,detector/knn_l2_k50,OOD-1,up,id_train,id_test_vs_texture,detector_declared,0.41818181818181815,0.43092324805339266,-0.18300080134663071,0.859633437639696,0.23597640235976403,0.3993446809165237,10,30,10000,20260805,float64,average,percentile_2.5_97.5,(extreme+1)/(resamples+1),dataset_checkpoint_endpoint_16x11,exploratory_association_not_causal
metric_contract_v1.2,c38b09694be88aa74de0741b39e9d3ba0d6ff61a,35a1a66f78dfd6255c4d804586ee6863969be78d21acec5cd0ccf00476ddaa5c,f80984d28ef9a7550633fb3aea514f783f3db1fa655a6d3f49850b10857e6afc,last,texture,auroc,ood_metric/auroc_id_positive,identity,NC3,geometry/nc3_self_duality_raw,GEO-8,down,id_train,raw_feature,,,detector/mahalanobis_pp,OOD-1,up,id_train,id_test_vs_texture,detector_declared,-0.04242424242424243,-0.07230255839822025,-0.7253697764075536,0.47976470558260265,0.9226077392260774,0.9495845737063722,10,30,10000,20260805,float64,average,percentile_2.5_97.5,(extreme+1)/(resamples+1),dataset_checkpoint_endpoint_16x11,exploratory_association_not_causal
metric_contract_v1.2,c38b09694be88aa74de0741b39e9d3ba0d6ff61a,35a1a66f78dfd6255c4d804586ee6863969be78d21acec5cd0ccf00476ddaa5c,f80984d28ef9a7550633fb3aea514f783f3db1fa655a6d3f49850b10857e6afc,last,texture,auroc,ood_metric/auroc_id_positive,identity,NC3,geometry/nc3_self_duality_raw,GEO-8,down,id_train,raw_feature,,,detector/mahalanobis_raw,OOD-1,up,id_train,id_test_vs_texture,detector_declared,-0.44242424242424244,-0.42558398220244714,-0.9022334885461356,0.4010046630825268,0.20417958204179582,0.37432923374329236,10,30,10000,20260805,float64,average,percentile_2.5_97.5,(extreme+1)/(resamples+1),dataset_checkpoint_endpoint_16x11,exploratory_association_not_causal
metric_contract_v1.2,c38b09694be88aa74de0741b39e9d3ba0d6ff61a,35a1a66f78dfd6255c4d804586ee6863969be78d21acec5cd0ccf00476ddaa5c,f80984d28ef9a7550633fb3aea514f783f3db1fa655a6d3f49850b10857e6afc,last,texture,auroc,ood_metric/auroc_id_positive,identity,NC3,geometry/nc3_self_duality_raw,GEO-8,down,id_train,raw_feature,,,detector/neco_author_std_dim100,OOD-1,up,id_train,id_test_vs_texture,detector_declared,-0.6363636363636364,-0.6765294771968854,-0.9056171189739031,-0.11219799612772091,0.055894410558944105,0.18926409245867865,10,30,10000,20260805,float64,average,percentile_2.5_97.5,(extreme+1)/(resamples+1),dataset_checkpoint_endpoint_16x11,exploratory_association_not_causal
metric_contract_v1.2,c38b09694be88aa74de0741b39e9d3ba0d6ff61a,35a1a66f78dfd6255c4d804586ee6863969be78d21acec5cd0ccf00476ddaa5c,f80984d28ef9a7550633fb3aea514f783f3db1fa655a6d3f49850b10857e6afc,last,texture,auroc,ood_metric/auroc_id_positive,identity,NC3,geometry/nc3_self_duality_raw,GEO-8,down,id_train,raw_feature,,,detector/relative_mahalanobis_pp,OOD-1,up,id_train,id_test_vs_texture,detector_declared,0.04242424242424243,-0.059844271412680755,-0.6875907141303417,0.6380411388416124,0.9174082591740826,0.9495845737063722,10,30,10000,20260805,float64,average,percentile_2.5_97.5,(extreme+1)/(resamples+1),dataset_checkpoint_endpoint_16x11,exploratory_association_not_causal
metric_contract_v1.2,c38b09694be88aa74de0741b39e9d3ba0d6ff61a,35a1a66f78dfd6255c4d804586ee6863969be78d21acec5cd0ccf00476ddaa5c,f80984d28ef9a7550633fb3aea514f783f3db1fa655a6d3f49850b10857e6afc,last,texture,auroc,ood_metric/auroc_id_positive,identity,NC3,geometry/nc3_self_duality_raw,GEO-8,down,id_train,raw_feature,,,detector/relative_mahalanobis_raw,OOD-1,up,id_train,id_test_vs_texture,detector_declared,-0.15151515151515152,-0.11457174638487208,-0.7808302928949277,0.5635577630592422,0.6836316368363163,0.7873498364449268,10,30,10000,20260805,float64,average,percentile_2.5_97.5,(extreme+1)/(resamples+1),dataset_checkpoint_endpoint_16x11,exploratory_association_not_causal
metric_contract_v1.2,c38b09694be88aa74de0741b39e9d3ba0d6ff61a,35a1a66f78dfd6255c4d804586ee6863969be78d21acec5cd0ccf00476ddaa5c,f80984d28ef9a7550633fb3aea514f783f3db1fa655a6d3f49850b10857e6afc,last,texture,auroc,ood_metric/auroc_id_positive,identity,NC3,geometry/nc3_self_duality_raw,GEO-8,down,id_train,raw_feature,,,detector/vim_author_dim,OOD-1,up,id_train,id_test_vs_texture,detector_declared,-0.04242424242424243,-0.09721913236929922,-0.5975071873853923,0.5423963986323412,0.9142085791420858,0.9495845737063722,10,30,10000,20260805,float64,average,percentile_2.5_97.5,(extreme+1)/(resamples+1),dataset_checkpoint_endpoint_16x11,exploratory_association_not_causal
metric_contract_v1.2,c38b09694be88aa74de0741b39e9d3ba0d6ff61a,35a1a66f78dfd6255c4d804586ee6863969be78d21acec5cd0ccf00476ddaa5c,f80984d28ef9a7550633fb3aea514f783f3db1fa655a6d3f49850b10857e6afc,last,texture,auroc,ood_metric/auroc_id_positive,identity,NC3,geometry/nc3_self_duality_raw,GEO-8,down,id_train,raw_feature,,,ood_score/energy_t1,OOD-1,up,,id_test_vs_texture,detector_declared,-0.23636363636363636,-0.19777530589543937,-0.6918600098600283,0.4597183350733851,0.522047795220478,0.6755912644029715,10,30,10000,20260805,float64,average,percentile_2.5_97.5,(extreme+1)/(resamples+1),dataset_checkpoint_endpoint_16x11,exploratory_association_not_causal
metric_contract_v1.2,c38b09694be88aa74de0741b39e9d3ba0d6ff61a,35a1a66f78dfd6255c4d804586ee6863969be78d21acec5cd0ccf00476ddaa5c,f80984d28ef9a7550633fb3aea514f783f3db1fa655a6d3f49850b10857e6afc,last,texture,auroc,ood_metric/auroc_id_positive,identity,NC3,geometry/nc3_self_duality_raw,GEO-8,down,id_train,raw_feature,,,ood_score/max_logit,OOD-1,up,,id_test_vs_texture,detector_declared,-0.18787878787878787,-0.15817575083426028,-0.6744276950408028,0.49597434635076043,0.6116388361163884,0.7373180490170161,10,30,10000,20260805,float64,average,percentile_2.5_97.5,(extreme+1)/(resamples+1),dataset_checkpoint_endpoint_16x11,exploratory_association_not_causal
metric_contract_v1.2,c38b09694be88aa74de0741b39e9d3ba0d6ff61a,35a1a66f78dfd6255c4d804586ee6863969be78d21acec5cd0ccf00476ddaa5c,f80984d28ef9a7550633fb3aea514f783f3db1fa655a6d3f49850b10857e6afc,last,texture,auroc,ood_metric/auroc_id_positive,identity,NC3,geometry/nc3_self_duality_raw,GEO-8,down,id_train,raw_feature,,,ood_score/msp,OOD-1,up,,id_test_vs_texture,detector_declared,0.5515151515151515,0.585761957730812,0.04977673639335141,0.8372717754396481,0.1080891910808919,0.25026068821689257,10,30,10000,20260805,float64,average,percentile_2.5_97.5,(extreme+1)/(resamples+1),dataset_checkpoint_endpoint_16x11,exploratory_association_not_causal
metric_contract_v1.2,c38b09694be88aa74de0741b39e9d3ba0d6ff61a,35a1a66f78dfd6255c4d804586ee6863969be78d21acec5cd0ccf00476ddaa5c,f80984d28ef9a7550633fb3aea514f783f3db1fa655a6d3f49850b10857e6afc,last,texture,auroc,ood_metric/auroc_id_positive,identity,NC4,geometry/nc4_agreement_with_bias,GEO-9,up,id_train,raw_feature_and_logits,,id_test,detector/ctm_prototype_cosine,OOD-1,up,id_train,id_test_vs_texture,detector_declared,-0.6363636363636364,-0.6639956509466718,-0.8735778001185557,-0.03688152582803198,0.056394360563943605,0.18926409245867865,10,30,10000,20260805,float64,average,percentile_2.5_97.5,(extreme+1)/(resamples+1),dataset_checkpoint_endpoint_16x11,exploratory_association_not_causal
metric_contract_v1.2,c38b09694be88aa74de0741b39e9d3ba0d6ff61a,35a1a66f78dfd6255c4d804586ee6863969be78d21acec5cd0ccf00476ddaa5c,f80984d28ef9a7550633fb3aea514f783f3db1fa655a6d3f49850b10857e6afc,last,texture,auroc,ood_metric/auroc_id_positive,identity,NC4,geometry/nc4_agreement_with_bias,GEO-9,up,id_train,raw_feature_and_logits,,id_test,detector/knn_l2_k50,OOD-1,up,id_train,id_test_vs_texture,detector_declared,-0.5151515151515151,-0.5836394893671383,-0.8500065344510558,0.07941597048097375,0.13988601139886012,0.3002431464170656,10,30,10000,20260805,float64,average,percentile_2.5_97.5,(extreme+1)/(resamples+1),dataset_checkpoint_endpoint_16x11,exploratory_association_not_causal
metric_contract_v1.2,c38b09694be88aa74de0741b39e9d3ba0d6ff61a,35a1a66f78dfd6255c4d804586ee6863969be78d21acec5cd0ccf00476ddaa5c,f80984d28ef9a7550633fb3aea514f783f3db1fa655a6d3f49850b10857e6afc,last,texture,auroc,ood_metric/auroc_id_positive,identity,NC4,geometry/nc4_agreement_with_bias,GEO-9,up,id_train,raw_feature_and_logits,,id_test,detector/mahalanobis_pp,OOD-1,up,id_train,id_test_vs_texture,detector_declared,-0.4666666666666667,-0.4603228314306796,-0.8609452133177374,0.3214370047086283,0.1733826617338266,0.3377726743454687,10,30,10000,20260805,float64,average,percentile_2.5_97.5,(extreme+1)/(resamples+1),dataset_checkpoint_endpoint_16x11,exploratory_association_not_causal
metric_contract_v1.2,c38b09694be88aa74de0741b39e9d3ba0d6ff61a,35a1a66f78dfd6255c4d804586ee6863969be78d21acec5cd0ccf00476ddaa5c,f80984d28ef9a7550633fb3aea514f783f3db1fa655a6d3f49850b10857e6afc,last,texture,auroc,ood_metric/auroc_id_positive,identity,NC4,geometry/nc4_agreement_with_bias,GEO-9,up,id_train,raw_feature_and_logits,,id_test,detector/mahalanobis_raw,OOD-1,up,id_train,id_test_vs_texture,detector_declared,0.6242424242424243,0.5386756538018591,-0.1381626236190731,0.8936788027697119,0.06319368063193681,0.19759427566015328,10,30,10000,20260805,float64,average,percentile_2.5_97.5,(extreme+1)/(resamples+1),dataset_checkpoint_endpoint_16x11,exploratory_association_not_causal
metric_contract_v1.2,c38b09694be88aa74de0741b39e9d3ba0d6ff61a,35a1a66f78dfd6255c4d804586ee6863969be78d21acec5cd0ccf00476ddaa5c,f80984d28ef9a7550633fb3aea514f783f3db1fa655a6d3f49850b10857e6afc,last,texture,auroc,ood_metric/auroc_id_positive,identity,NC4,geometry/nc4_agreement_with_bias,GEO-9,up,id_train,raw_feature_and_logits,,id_test,detector/neco_author_std_dim100,OOD-1,up,id_train,id_test_vs_texture,detector_declared,0.7454545454545455,0.7496940504151494,0.2167941666072748,0.9335370711269321,0.019498050194980503,0.11126629272556615,10,30,10000,20260805,float64,average,percentile_2.5_97.5,(extreme+1)/(resamples+1),dataset_checkpoint_endpoint_16x11,exploratory_association_not_causal
metric_contract_v1.2,c38b09694be88aa74de0741b39e9d3ba0d6ff61a,35a1a66f78dfd6255c4d804586ee6863969be78d21acec5cd0ccf00476ddaa5c,f80984d28ef9a7550633fb3aea514f783f3db1fa655a6d3f49850b10857e6afc,last,texture,auroc,ood_metric/auroc_id_positive,identity,NC4,geometry/nc4_agreement_with_bias,GEO-9,up,id_train,raw_feature_and_logits,,id_test,detector/relative_mahalanobis_pp,OOD-1,up,id_train,id_test_vs_texture,detector_declared,0.2727272727272727,0.26087928357676815,-0.42609467976639204,0.735664650474752,0.45925407459254075,0.6170131078495203,10,30,10000,20260805,float64,average,percentile_2.5_97.5,(extreme+1)/(resamples+1),dataset_checkpoint_endpoint_16x11,exploratory_association_not_causal
metric_contract_v1.2,c38b09694be88aa74de0741b39e9d3ba0d6ff61a,35a1a66f78dfd6255c4d804586ee6863969be78d21acec5cd0ccf00476ddaa5c,f80984d28ef9a7550633fb3aea514f783f3db1fa655a6d3f49850b10857e6afc,last,texture,auroc,ood_metric/auroc_id_positive,identity,NC4,geometry/nc4_agreement_with_bias,GEO-9,up,id_train,raw_feature_and_logits,,id_test,detector/relative_mahalanobis_raw,OOD-1,up,id_train,id_test_vs_texture,detector_declared,0.5515151515151515,0.5023929548061141,-0.18261788594916467,0.8494552788657902,0.1065893410658934,0.25026068821689257,10,30,10000,20260805,float64,average,percentile_2.5_97.5,(extreme+1)/(resamples+1),dataset_checkpoint_endpoint_16x11,exploratory_association_not_causal
metric_contract_v1.2,c38b09694be88aa74de0741b39e9d3ba0d6ff61a,35a1a66f78dfd6255c4d804586ee6863969be78d21acec5cd0ccf00476ddaa5c,f80984d28ef9a7550633fb3aea514f783f3db1fa655a6d3f49850b10857e6afc,last,texture,auroc,ood_metric/auroc_id_positive,identity,NC4,geometry/nc4_agreement_with_bias,GEO-9,up,id_train,raw_feature_and_logits,,id_test,detector/vim_author_dim,OOD-1,up,id_train,id_test_vs_texture,detector_declared,-0.21212121212121213,-0.22793548326161311,-0.7618137070786476,0.5519353832275403,0.5583441655834417,0.7006845414749305,10,30,10000,20260805,float64,average,percentile_2.5_97.5,(extreme+1)/(resamples+1),dataset_checkpoint_endpoint_16x11,exploratory_association_not_causal
metric_contract_v1.2,c38b09694be88aa74de0741b39e9d3ba0d6ff61a,35a1a66f78dfd6255c4d804586ee6863969be78d21acec5cd0ccf00476ddaa5c,f80984d28ef9a7550633fb3aea514f783f3db1fa655a6d3f49850b10857e6afc,last,texture,auroc,ood_metric/auroc_id_positive,identity,NC4,geometry/nc4_agreement_with_bias,GEO-9,up,id_train,raw_feature_and_logits,,id_test,ood_score/energy_t1,OOD-1,up,,id_test_vs_texture,detector_declared,-0.3696969696969697,-0.35214251417956244,-0.7743446785484773,0.3825234061524744,0.2937706229377062,0.45802145449171894,10,30,10000,20260805,float64,average,percentile_2.5_97.5,(extreme+1)/(resamples+1),dataset_checkpoint_endpoint_16x11,exploratory_association_not_causal
metric_contract_v1.2,c38b09694be88aa74de0741b39e9d3ba0d6ff61a,35a1a66f78dfd6255c4d804586ee6863969be78d21acec5cd0ccf00476ddaa5c,f80984d28ef9a7550633fb3aea514f783f3db1fa655a6d3f49850b10857e6afc,last,texture,auroc,ood_metric/auroc_id_positive,identity,NC4,geometry/nc4_agreement_with_bias,GEO-9,up,id_train,raw_feature_and_logits,,id_test,ood_score/max_logit,OOD-1,up,,id_test_vs_texture,detector_declared,-0.41818181818181815,-0.38085704283263677,-0.786093559597693,0.3388547445133714,0.23167683231676833,0.3993446809165237,10,30,10000,20260805,float64,average,percentile_2.5_97.5,(extreme+1)/(resamples+1),dataset_checkpoint_endpoint_16x11,exploratory_association_not_causal
metric_contract_v1.2,c38b09694be88aa74de0741b39e9d3ba0d6ff61a,35a1a66f78dfd6255c4d804586ee6863969be78d21acec5cd0ccf00476ddaa5c,f80984d28ef9a7550633fb3aea514f783f3db1fa655a6d3f49850b10857e6afc,last,texture,auroc,ood_metric/auroc_id_positive,identity,NC4,geometry/nc4_agreement_with_bias,GEO-9,up,id_train,raw_feature_and_logits,,id_test,ood_score/msp,OOD-1,up,,id_test_vs_texture,detector_declared,-0.4666666666666667,-0.5099611251487848,-0.7401607414976252,0.01480842521996076,0.18398160183981602,0.3444761906788045,10,30,10000,20260805,float64,average,percentile_2.5_97.5,(extreme+1)/(resamples+1),dataset_checkpoint_endpoint_16x11,exploratory_association_not_causal
metric_contract_v1.2,c38b09694be88aa74de0741b39e9d3ba0d6ff61a,35a1a66f78dfd6255c4d804586ee6863969be78d21acec5cd0ccf00476ddaa5c,f80984d28ef9a7550633fb3aea514f783f3db1fa655a6d3f49850b10857e6afc,last,texture,auroc,ood_metric/auroc_id_positive,identity,RankMe,geometry/rankme_uncentered,GEO-10,descriptive,id_train,raw_feature_uncentered,,,detector/ctm_prototype_cosine,OOD-1,up,id_train,id_test_vs_texture,detector_declared,0.9151515151515152,0.8860956618464961,0.5642318117054237,0.9209291936564664,0.0005999400059994001,0.04692864046928641,10,30,10000,20260805,float64,average,percentile_2.5_97.5,(extreme+1)/(resamples+1),dataset_checkpoint_endpoint_16x11,exploratory_association_not_causal
metric_contract_v1.2,c38b09694be88aa74de0741b39e9d3ba0d6ff61a,35a1a66f78dfd6255c4d804586ee6863969be78d21acec5cd0ccf00476ddaa5c,f80984d28ef9a7550633fb3aea514f783f3db1fa655a6d3f49850b10857e6afc,last,texture,auroc,ood_metric/auroc_id_positive,identity,RankMe,geometry/rankme_uncentered,GEO-10,descriptive,id_train,raw_feature_uncentered,,,detector/knn_l2_k50,OOD-1,up,id_train,id_test_vs_texture,detector_declared,0.9272727272727272,0.9172413793103448,0.6038495971351835,0.9544947579745706,0.00029997000299970003,0.04692864046928641,10,30,10000,20260805,float64,average,percentile_2.5_97.5,(extreme+1)/(resamples+1),dataset_checkpoint_endpoint_16x11,exploratory_association_not_causal
metric_contract_v1.2,c38b09694be88aa74de0741b39e9d3ba0d6ff61a,35a1a66f78dfd6255c4d804586ee6863969be78d21acec5cd0ccf00476ddaa5c,f80984d28ef9a7550633fb3aea514f783f3db1fa655a6d3f49850b10857e6afc,last,texture,auroc,ood_metric/auroc_id_positive,identity,RankMe,geometry/rankme_uncentered,GEO-10,descriptive,id_train,raw_feature_uncentered,,,detector/mahalanobis_pp,OOD-1,up,id_train,id_test_vs_texture,detector_declared,0.7333333333333333,0.7223581757508343,0.08464655978939951,0.9115479115479116,0.019598040195980403,0.11126629272556615,10,30,10000,20260805,float64,average,percentile_2.5_97.5,(extreme+1)/(resamples+1),dataset_checkpoint_endpoint_16x11,exploratory_association_not_causal
metric_contract_v1.2,c38b09694be88aa74de0741b39e9d3ba0d6ff61a,35a1a66f78dfd6255c4d804586ee6863969be78d21acec5cd0ccf00476ddaa5c,f80984d28ef9a7550633fb3aea514f783f3db1fa655a6d3f49850b10857e6afc,last,texture,auroc,ood_metric/auroc_id_positive,identity,RankMe,geometry/rankme_uncentered,GEO-10,descriptive,id_train,raw_feature_uncentered,,,detector/mahalanobis_raw,OOD-1,up,id_train,id_test_vs_texture,detector_declared,-0.04242424242424243,0.03136818687430478,-0.6687529341799935,0.7173445411518374,0.9202079792020798,0.9495845737063722,10,30,10000,20260805,float64,average,percentile_2.5_97.5,(extreme+1)/(resamples+1),dataset_checkpoint_endpoint_16x11,exploratory_association_not_causal
metric_contract_v1.2,c38b09694be88aa74de0741b39e9d3ba0d6ff61a,35a1a66f78dfd6255c4d804586ee6863969be78d21acec5cd0ccf00476ddaa5c,f80984d28ef9a7550633fb3aea514f783f3db1fa655a6d3f49850b10857e6afc,last,texture,auroc,ood_metric/auroc_id_positive,identity,RankMe,geometry/rankme_uncentered,GEO-10,descriptive,id_train,raw_feature_uncentered,,,detector/neco_author_std_dim100,OOD-1,up,id_train,id_test_vs_texture,detector_declared,-0.5151515151515151,-0.5252502780867631,-0.842870925082056,0.16540290267176921,0.1381861813818618,0.3002431464170656,10,30,10000,20260805,float64,average,percentile_2.5_97.5,(extreme+1)/(resamples+1),dataset_checkpoint_endpoint_16x11,exploratory_association_not_causal
metric_contract_v1.2,c38b09694be88aa74de0741b39e9d3ba0d6ff61a,35a1a66f78dfd6255c4d804586ee6863969be78d21acec5cd0ccf00476ddaa5c,f80984d28ef9a7550633fb3aea514f783f3db1fa655a6d3f49850b10857e6afc,last,texture,auroc,ood_metric/auroc_id_positive,identity,RankMe,geometry/rankme_uncentered,GEO-10,descriptive,id_train,raw_feature_uncentered,,,detector/relative_mahalanobis_pp,OOD-1,up,id_train,id_test_vs_texture,detector_declared,0.38181818181818183,0.3050055617352614,-0.4699244073164958,0.7610414844049979,0.2860713928607139,0.4577142285771423,10,30,10000,20260805,float64,average,percentile_2.5_97.5,(extreme+1)/(resamples+1),dataset_checkpoint_endpoint_16x11,exploratory_association_not_causal
metric_contract_v1.2,c38b09694be88aa74de0741b39e9d3ba0d6ff61a,35a1a66f78dfd6255c4d804586ee6863969be78d21acec5cd0ccf00476ddaa5c,f80984d28ef9a7550633fb3aea514f783f3db1fa655a6d3f49850b10857e6afc,last,texture,auroc,ood_metric/auroc_id_positive,identity,RankMe,geometry/rankme_uncentered,GEO-10,descriptive,id_train,raw_feature_uncentered,,,detector/relative_mahalanobis_raw,OOD-1,up,id_train,id_test_vs_texture,detector_declared,0.15151515151515152,0.10478309232480534,-0.5926915746153131,0.7392881489878026,0.6857314268573143,0.7873498364449268,10,30,10000,20260805,float64,average,percentile_2.5_97.5,(extreme+1)/(resamples+1),dataset_checkpoint_endpoint_16x11,exploratory_association_not_causal
metric_contract_v1.2,c38b09694be88aa74de0741b39e9d3ba0d6ff61a,35a1a66f78dfd6255c4d804586ee6863969be78d21acec5cd0ccf00476ddaa5c,f80984d28ef9a7550633fb3aea514f783f3db1fa655a6d3f49850b10857e6afc,last,texture,auroc,ood_metric/auroc_id_positive,identity,RankMe,geometry/rankme_uncentered,GEO-10,descriptive,id_train,raw_feature_uncentered,,,detector/vim_author_dim,OOD-1,up,id_train,id_test_vs_texture,detector_declared,0.793939393939394,0.7477196885428253,0.2338619611346884,0.8996879179670084,0.008399160083991601,0.0838011436951543,10,30,10000,20260805,float64,average,percentile_2.5_97.5,(extreme+1)/(resamples+1),dataset_checkpoint_endpoint_16x11,exploratory_association_not_causal
metric_contract_v1.2,c38b09694be88aa74de0741b39e9d3ba0d6ff61a,35a1a66f78dfd6255c4d804586ee6863969be78d21acec5cd0ccf00476ddaa5c,f80984d28ef9a7550633fb3aea514f783f3db1fa655a6d3f49850b10857e6afc,last,texture,auroc,ood_metric/auroc_id_positive,identity,RankMe,geometry/rankme_uncentered,GEO-10,descriptive,id_train,raw_feature_uncentered,,,ood_score/energy_t1,OOD-1,up,,id_test_vs_texture,detector_declared,0.41818181818181815,0.38331479421579534,-0.371007371007371,0.8399465002229157,0.23377662233776622,0.3993446809165237,10,30,10000,20260805,float64,average,percentile_2.5_97.5,(extreme+1)/(resamples+1),dataset_checkpoint_endpoint_16x11,exploratory_association_not_causal
metric_contract_v1.2,c38b09694be88aa74de0741b39e9d3ba0d6ff61a,35a1a66f78dfd6255c4d804586ee6863969be78d21acec5cd0ccf00476ddaa5c,f80984d28ef9a7550633fb3aea514f783f3db1fa655a6d3f49850b10857e6afc,last,texture,auroc,ood_metric/auroc_id_positive,identity,RankMe,geometry/rankme_uncentered,GEO-10,descriptive,id_train,raw_feature_uncentered,,,ood_score/max_logit,OOD-1,up,,id_test_vs_texture,detector_declared,0.3939393939393939,0.39977753058954396,-0.3325848870945751,0.8428597718364615,0.26177382261773824,0.4265943775992771,10,30,10000,20260805,float64,average,percentile_2.5_97.5,(extreme+1)/(resamples+1),dataset_checkpoint_endpoint_16x11,exploratory_association_not_causal
metric_contract_v1.2,c38b09694be88aa74de0741b39e9d3ba0d6ff61a,35a1a66f78dfd6255c4d804586ee6863969be78d21acec5cd0ccf00476ddaa5c,f80984d28ef9a7550633fb3aea514f783f3db1fa655a6d3f49850b10857e6afc,last,texture,auroc,ood_metric/auroc_id_positive,identity,RankMe,geometry/rankme_uncentered,GEO-10,descriptive,id_train,raw_feature_uncentered,,,ood_score/msp,OOD-1,up,,id_test_vs_texture,detector_declared,0.8545454545454545,0.800222469410456,0.47460352914898374,0.8726046646637943,0.0025997400259974,0.07542102932563886,10,30,10000,20260805,float64,average,percentile_2.5_97.5,(extreme+1)/(resamples+1),dataset_checkpoint_endpoint_16x11,exploratory_association_not_causal
metric_contract_v1.2,c38b09694be88aa74de0741b39e9d3ba0d6ff61a,35a1a66f78dfd6255c4d804586ee6863969be78d21acec5cd0ccf00476ddaa5c,f80984d28ef9a7550633fb3aea514f783f3db1fa655a6d3f49850b10857e6afc,last,texture,auroc,ood_metric/auroc_id_positive,identity,SW entropy rank,geometry/spectrum/sw_entropy_rank,GEO-11,descriptive,id_train,raw_feature_covariance,,,detector/ctm_prototype_cosine,OOD-1,up,id_train,id_test_vs_texture,detector_declared,0.6,0.6093437152391546,-0.00044705732428432053,0.8441269101810271,0.07379262073792621,0.21645835416458356,10,30,10000,20260805,float64,average,percentile_2.5_97.5,(extreme+1)/(resamples+1),dataset_checkpoint_endpoint_16x11,exploratory_association_not_causal
metric_contract_v1.2,c38b09694be88aa74de0741b39e9d3ba0d6ff61a,35a1a66f78dfd6255c4d804586ee6863969be78d21acec5cd0ccf00476ddaa5c,f80984d28ef9a7550633fb3aea514f783f3db1fa655a6d3f49850b10857e6afc,last,texture,auroc,ood_metric/auroc_id_positive,identity,SW entropy rank,geometry/spectrum/sw_entropy_rank,GEO-11,descriptive,id_train,raw_feature_covariance,,,detector/knn_l2_k50,OOD-1,up,id_train,id_test_vs_texture,detector_declared,0.6606060606060606,0.6720800889877642,0.07623718234507357,0.8768681686370734,0.0456954304569543,0.18926409245867865,10,30,10000,20260805,float64,average,percentile_2.5_97.5,(extreme+1)/(resamples+1),dataset_checkpoint_endpoint_16x11,exploratory_association_not_causal
metric_contract_v1.2,c38b09694be88aa74de0741b39e9d3ba0d6ff61a,35a1a66f78dfd6255c4d804586ee6863969be78d21acec5cd0ccf00476ddaa5c,f80984d28ef9a7550633fb3aea514f783f3db1fa655a6d3f49850b10857e6afc,last,texture,auroc,ood_metric/auroc_id_positive,identity,SW entropy rank,geometry/spectrum/sw_entropy_rank,GEO-11,descriptive,id_train,raw_feature_covariance,,,detector/mahalanobis_pp,OOD-1,up,id_train,id_test_vs_texture,detector_declared,0.6242424242424243,0.6743047830923248,0.12144730506403087,0.8460149321039223,0.05699430056994301,0.18926409245867865,10,30,10000,20260805,float64,average,percentile_2.5_97.5,(extreme+1)/(resamples+1),dataset_checkpoint_endpoint_16x11,exploratory_association_not_causal
metric_contract_v1.2,c38b09694be88aa74de0741b39e9d3ba0d6ff61a,35a1a66f78dfd6255c4d804586ee6863969be78d21acec5cd0ccf00476ddaa5c,f80984d28ef9a7550633fb3aea514f783f3db1fa655a6d3f49850b10857e6afc,last,texture,auroc,ood_metric/auroc_id_positive,identity,SW entropy rank,geometry/spectrum/sw_entropy_rank,GEO-11,descriptive,id_train,raw_feature_covariance,,,detector/mahalanobis_raw,OOD-1,up,id_train,id_test_vs_texture,detector_declared,0.22424242424242424,0.24983314794215794,-0.4855181249863696,0.831136922046013,0.5346465353464653,0.68186804507955,10,30,10000,20260805,float64,average,percentile_2.5_97.5,(extreme+1)/(resamples+1),dataset_checkpoint_endpoint_16x11,exploratory_association_not_causal
metric_contract_v1.2,c38b09694be88aa74de0741b39e9d3ba0d6ff61a,35a1a66f78dfd6255c4d804586ee6863969be78d21acec5cd0ccf00476ddaa5c,f80984d28ef9a7550633fb3aea514f783f3db1fa655a6d3f49850b10857e6afc,last,texture,auroc,ood_metric/auroc_id_positive,identity,SW entropy rank,geometry/spectrum/sw_entropy_rank,GEO-11,descriptive,id_train,raw_feature_covariance,,,detector/neco_author_std_dim100,OOD-1,up,id_train,id_test_vs_texture,detector_declared,-0.22424242424242424,-0.21824249165739712,-0.7743996494916229,0.5517709265118583,0.5317468253174683,0.68186804507955,10,30,10000,20260805,float64,average,percentile_2.5_97.5,(extreme+1)/(resamples+1),dataset_checkpoint_endpoint_16x11,exploratory_association_not_causal
metric_contract_v1.2,c38b09694be88aa74de0741b39e9d3ba0d6ff61a,35a1a66f78dfd6255c4d804586ee6863969be78d21acec5cd0ccf00476ddaa5c,f80984d28ef9a7550633fb3aea514f783f3db1fa655a6d3f49850b10857e6afc,last,texture,auroc,ood_metric/auroc_id_positive,identity,SW entropy rank,geometry/spectrum/sw_entropy_rank,GEO-11,descriptive,id_train,raw_feature_covariance,,,detector/relative_mahalanobis_pp,OOD-1,up,id_train,id_test_vs_texture,detector_declared,0.38181818181818183,0.33659621802002226,-0.3943199680143017,0.7450955590733372,0.2940705929407059,0.45802145449171894,10,30,10000,20260805,float64,average,percentile_2.5_97.5,(extreme+1)/(resamples+1),dataset_checkpoint_endpoint_16x11,exploratory_association_not_causal
metric_contract_v1.2,c38b09694be88aa74de0741b39e9d3ba0d6ff61a,35a1a66f78dfd6255c4d804586ee6863969be78d21acec5cd0ccf00476ddaa5c,f80984d28ef9a7550633fb3aea514f783f3db1fa655a6d3f49850b10857e6afc,last,texture,auroc,ood_metric/auroc_id_positive,identity,SW entropy rank,geometry/spectrum/sw_entropy_rank,GEO-11,descriptive,id_train,raw_feature_covariance,,,detector/relative_mahalanobis_raw,OOD-1,up,id_train,id_test_vs_texture,detector_declared,0.2727272727272727,0.19866518353726362,-0.5063658700022337,0.7565760142666073,0.45335466453354667,0.6137724689069555,10,30,10000,20260805,float64,average,percentile_2.5_97.5,(extreme+1)/(resamples+1),dataset_checkpoint_endpoint_16x11,exploratory_association_not_causal
metric_contract_v1.2,c38b09694be88aa74de0741b39e9d3ba0d6ff61a,35a1a66f78dfd6255c4d804586ee6863969be78d21acec5cd0ccf00476ddaa5c,f80984d28ef9a7550633fb3aea514f783f3db1fa655a6d3f49850b10857e6afc,last,texture,auroc,ood_metric/auroc_id_positive,identity,SW entropy rank,geometry/spectrum/sw_entropy_rank,GEO-11,descriptive,id_train,raw_feature_covariance,,,detector/vim_author_dim,OOD-1,up,id_train,id_test_vs_texture,detector_declared,0.7818181818181819,0.7419354838709677,0.25055744040948963,0.8796377716483289,0.009999000099990002,0.0838011436951543,10,30,10000,20260805,float64,average,percentile_2.5_97.5,(extreme+1)/(resamples+1),dataset_checkpoint_endpoint_16x11,exploratory_association_not_causal
metric_contract_v1.2,c38b09694be88aa74de0741b39e9d3ba0d6ff61a,35a1a66f78dfd6255c4d804586ee6863969be78d21acec5cd0ccf00476ddaa5c,f80984d28ef9a7550633fb3aea514f783f3db1fa655a6d3f49850b10857e6afc,last,texture,auroc,ood_metric/auroc_id_positive,identity,SW entropy rank,geometry/spectrum/sw_entropy_rank,GEO-11,descriptive,id_train,raw_feature_covariance,,,ood_score/energy_t1,OOD-1,up,,id_test_vs_texture,detector_declared,0.3212121212121212,0.26229143492769746,-0.45163322996987326,0.7227697380500032,0.3732626737326267,0.5384772998110025,10,30,10000,20260805,float64,average,percentile_2.5_97.5,(extreme+1)/(resamples+1),dataset_checkpoint_endpoint_16x11,exploratory_association_not_causal
metric_contract_v1.2,c38b09694be88aa74de0741b39e9d3ba0d6ff61a,35a1a66f78dfd6255c4d804586ee6863969be78d21acec5cd0ccf00476ddaa5c,f80984d28ef9a7550633fb3aea514f783f3db1fa655a6d3f49850b10857e6afc,last,texture,auroc,ood_metric/auroc_id_positive,identity,SW entropy rank,geometry/spectrum/sw_entropy_rank,GEO-11,descriptive,id_train,raw_feature_covariance,,,ood_score/max_logit,OOD-1,up,,id_test_vs_texture,detector_declared,0.2727272727272727,0.26362625139043383,-0.4398079025448159,0.7203531292877883,0.44955504449555045,0.6133464172962548,10,30,10000,20260805,float64,average,percentile_2.5_97.5,(extreme+1)/(resamples+1),dataset_checkpoint_endpoint_16x11,exploratory_association_not_causal
metric_contract_v1.2,c38b09694be88aa74de0741b39e9d3ba0d6ff61a,35a1a66f78dfd6255c4d804586ee6863969be78d21acec5cd0ccf00476ddaa5c,f80984d28ef9a7550633fb3aea514f783f3db1fa655a6d3f49850b10857e6afc,last,texture,auroc,ood_metric/auroc_id_positive,identity,SW entropy rank,geometry/spectrum/sw_entropy_rank,GEO-11,descriptive,id_train,raw_feature_covariance,,,ood_score/msp,OOD-1,up,,id_test_vs_texture,detector_declared,0.5636363636363636,0.5657397107897664,0.007120986674320667,0.7831845305726721,0.09989001099890012,0.24786253768989297,10,30,10000,20260805,float64,average,percentile_2.5_97.5,(extreme+1)/(resamples+1),dataset_checkpoint_endpoint_16x11,exploratory_association_not_causal
metric_contract_v1.2,c38b09694be88aa74de0741b39e9d3ba0d6ff61a,35a1a66f78dfd6255c4d804586ee6863969be78d21acec5cd0ccf00476ddaa5c,f80984d28ef9a7550633fb3aea514f783f3db1fa655a6d3f49850b10857e6afc,last,texture,auroc,ood_metric/auroc_id_positive,identity,SW trace/top rank,geometry/spectrum/sw_trace_top_rank,GEO-11,descriptive,id_train,raw_feature_covariance,,,detector/ctm_prototype_cosine,OOD-1,up,id_train,id_test_vs_texture,detector_declared,0.6363636363636364,0.5421579532814238,-0.10252702517483904,0.8208703571994503,0.05579442055794421,0.18926409245867865,10,30,10000,20260805,float64,average,percentile_2.5_97.5,(extreme+1)/(resamples+1),dataset_checkpoint_endpoint_16x11,exploratory_association_not_causal
metric_contract_v1.2,c38b09694be88aa74de0741b39e9d3ba0d6ff61a,35a1a66f78dfd6255c4d804586ee6863969be78d21acec5cd0ccf00476ddaa5c,f80984d28ef9a7550633fb3aea514f783f3db1fa655a6d3f49850b10857e6afc,last,texture,auroc,ood_metric/auroc_id_positive,identity,SW trace/top rank,geometry/spectrum/sw_trace_top_rank,GEO-11,descriptive,id_train,raw_feature_covariance,,,detector/knn_l2_k50,OOD-1,up,id_train,id_test_vs_texture,detector_declared,0.6606060606060606,0.5884315906562848,0.009783338472751773,0.8912903048132679,0.045795420457954206,0.18926409245867865,10,30,10000,20260805,float64,average,percentile_2.5_97.5,(extreme+1)/(resamples+1),dataset_checkpoint_endpoint_16x11,exploratory_association_not_causal
metric_contract_v1.2,c38b09694be88aa74de0741b39e9d3ba0d6ff61a,35a1a66f78dfd6255c4d804586ee6863969be78d21acec5cd0ccf00476ddaa5c,f80984d28ef9a7550633fb3aea514f783f3db1fa655a6d3f49850b10857e6afc,last,texture,auroc,ood_metric/auroc_id_positive,identity,SW trace/top rank,geometry/spectrum/sw_trace_top_rank,GEO-11,descriptive,id_train,raw_feature_covariance,,,detector/mahalanobis_pp,OOD-1,up,id_train,id_test_vs_texture,detector_declared,0.806060606060606,0.7147942157953281,0.26324324873866367,0.8872046366473473,0.007499250074992501,0.0838011436951543,10,30,10000,20260805,float64,average,percentile_2.5_97.5,(extreme+1)/(resamples+1),dataset_checkpoint_endpoint_16x11,exploratory_association_not_causal
metric_contract_v1.2,c38b09694be88aa74de0741b39e9d3ba0d6ff61a,35a1a66f78dfd6255c4d804586ee6863969be78d21acec5cd0ccf00476ddaa5c,f80984d28ef9a7550633fb3aea514f783f3db1fa655a6d3f49850b10857e6afc,last,texture,auroc,ood_metric/auroc_id_positive,identity,SW trace/top rank,geometry/spectrum/sw_trace_top_rank,GEO-11,descriptive,id_train,raw_feature_covariance,,,detector/mahalanobis_raw,OOD-1,up,id_train,id_test_vs_texture,detector_declared,0.11515151515151516,0.1799777530589544,-0.5452109048755911,0.8171218788302744,0.7536246375362464,0.8342008566438954,10,30,10000,20260805,float64,average,percentile_2.5_97.5,(extreme+1)/(resamples+1),dataset_checkpoint_endpoint_16x11,exploratory_association_not_causal
metric_contract_v1.2,c38b09694be88aa74de0741b39e9d3ba0d6ff61a,35a1a66f78dfd6255c4d804586ee6863969be78d21acec5cd0ccf00476ddaa5c,f80984d28ef9a7550633fb3aea514f783f3db1fa655a6d3f49850b10857e6afc,last,texture,auroc,ood_metric/auroc_id_positive,identity,SW trace/top rank,geometry/spectrum/sw_trace_top_rank,GEO-11,descriptive,id_train,raw_feature_covariance,,,detector/neco_author_std_dim100,OOD-1,up,id_train,id_test_vs_texture,detector_declared,-0.21212121212121213,-0.1839822024471635,-0.7534150525801732,0.5953690289342144,0.5613438656134386,0.7006845414749305,10,30,10000,20260805,float64,average,percentile_2.5_97.5,(extreme+1)/(resamples+1),dataset_checkpoint_endpoint_16x11,exploratory_association_not_causal
metric_contract_v1.2,c38b09694be88aa74de0741b39e9d3ba0d6ff61a,35a1a66f78dfd6255c4d804586ee6863969be78d21acec5cd0ccf00476ddaa5c,f80984d28ef9a7550633fb3aea514f783f3db1fa655a6d3f49850b10857e6afc,last,texture,auroc,ood_metric/auroc_id_positive,identity,SW trace/top rank,geometry/spectrum/sw_trace_top_rank,GEO-11,descriptive,id_train,raw_feature_covariance,,,detector/relative_mahalanobis_pp,OOD-1,up,id_train,id_test_vs_texture,detector_declared,0.296969696969697,0.210678531701891,-0.47797933539699494,0.6649542677070915,0.42075792420757924,0.5885633658856336,10,30,10000,20260805,float64,average,percentile_2.5_97.5,(extreme+1)/(resamples+1),dataset_checkpoint_endpoint_16x11,exploratory_association_not_causal
metric_contract_v1.2,c38b09694be88aa74de0741b39e9d3ba0d6ff61a,35a1a66f78dfd6255c4d804586ee6863969be78d21acec5cd0ccf00476ddaa5c,f80984d28ef9a7550633fb3aea514f783f3db1fa655a6d3f49850b10857e6afc,last,texture,auroc,ood_metric/auroc_id_positive,identity,SW trace/top rank,geometry/spectrum/sw_trace_top_rank,GEO-11,descriptive,id_train,raw_feature_covariance,,,detector/relative_mahalanobis_raw,OOD-1,up,id_train,id_test_vs_texture,detector_declared,0.11515151515151516,0.040266963292547274,-0.5867768595041323,0.6938348581295466,0.7597240275972402,0.8356964303569642,10,30,10000,20260805,float64,average,percentile_2.5_97.5,(extreme+1)/(resamples+1),dataset_checkpoint_endpoint_16x11,exploratory_association_not_causal
metric_contract_v1.2,c38b09694be88aa74de0741b39e9d3ba0d6ff61a,35a1a66f78dfd6255c4d804586ee6863969be78d21acec5cd0ccf00476ddaa5c,f80984d28ef9a7550633fb3aea514f783f3db1fa655a6d3f49850b10857e6afc,last,texture,auroc,ood_metric/auroc_id_positive,identity,SW trace/top rank,geometry/spectrum/sw_trace_top_rank,GEO-11,descriptive,id_train,raw_feature_covariance,,,detector/vim_author_dim,OOD-1,up,id_train,id_test_vs_texture,detector_declared,0.7696969696969697,0.6484983314794216,0.1286952794639568,0.8751466509667231,0.013598640135986401,0.09776800097768001,10,30,10000,20260805,float64,average,percentile_2.5_97.5,(extreme+1)/(resamples+1),dataset_checkpoint_endpoint_16x11,exploratory_association_not_causal
metric_contract_v1.2,c38b09694be88aa74de0741b39e9d3ba0d6ff61a,35a1a66f78dfd6255c4d804586ee6863969be78d21acec5cd0ccf00476ddaa5c,f80984d28ef9a7550633fb3aea514f783f3db1fa655a6d3f49850b10857e6afc,last,texture,auroc,ood_metric/auroc_id_positive,identity,SW trace/top rank,geometry/spectrum/sw_trace_top_rank,GEO-11,descriptive,id_train,raw_feature_covariance,,,ood_score/energy_t1,OOD-1,up,,id_test_vs_texture,detector_declared,0.503030303030303,0.26184649610678534,-0.37944612788061777,0.7063030844881538,0.1463853614638536,0.30624983478663625,10,30,10000,20260805,float64,average,percentile_2.5_97.5,(extreme+1)/(resamples+1),dataset_checkpoint_endpoint_16x11,exploratory_association_not_causal
metric_contract_v1.2,c38b09694be88aa74de0741b39e9d3ba0d6ff61a,35a1a66f78dfd6255c4d804586ee6863969be78d21acec5cd0ccf00476ddaa5c,f80984d28ef9a7550633fb3aea514f783f3db1fa655a6d3f49850b10857e6afc,last,texture,auroc,ood_metric/auroc_id_positive,identity,SW trace/top rank,geometry/spectrum/sw_trace_top_rank,GEO-11,descriptive,id_train,raw_feature_covariance,,,ood_score/max_logit,OOD-1,up,,id_test_vs_texture,detector_declared,0.44242424242424244,0.26852057842046717,-0.3616358156331001,0.7067026832580808,0.20767923207679231,0.37682004995376744,10,30,10000,20260805,float64,average,percentile_2.5_97.5,(extreme+1)/(resamples+1),dataset_checkpoint_endpoint_16x11,exploratory_association_not_causal
metric_contract_v1.2,c38b09694be88aa74de0741b39e9d3ba0d6ff61a,35a1a66f78dfd6255c4d804586ee6863969be78d21acec5cd0ccf00476ddaa5c,f80984d28ef9a7550633fb3aea514f783f3db1fa655a6d3f49850b10857e6afc,last,texture,auroc,ood_metric/auroc_id_positive,identity,SW trace/top rank,geometry/spectrum/sw_trace_top_rank,GEO-11,descriptive,id_train,raw_feature_covariance,,,ood_score/msp,OOD-1,up,,id_test_vs_texture,detector_declared,0.6,0.46206896551724136,-0.18828676897755509,0.8061389598086001,0.0756924307569243,0.2183912756265357,10,30,10000,20260805,float64,average,percentile_2.5_97.5,(extreme+1)/(resamples+1),dataset_checkpoint_endpoint_16x11,exploratory_association_not_causal
metric_contract_v1.2,c38b09694be88aa74de0741b39e9d3ba0d6ff61a,35a1a66f78dfd6255c4d804586ee6863969be78d21acec5cd0ccf00476ddaa5c,f80984d28ef9a7550633fb3aea514f783f3db1fa655a6d3f49850b10857e6afc,last,texture,auroc,ood_metric/auroc_id_positive,identity,SW participation ratio,geometry/spectrum/sw_participation_ratio,GEO-11,descriptive,id_train,raw_feature_covariance,,,detector/ctm_prototype_cosine,OOD-1,up,id_train,id_test_vs_texture,detector_declared,0.6242424242424243,0.6102335928809789,0.005793861204228993,0.8535714285714285,0.063993600639936,0.19759427566015328,10,30,10000,20260805,float64,average,percentile_2.5_97.5,(extreme+1)/(resamples+1),dataset_checkpoint_endpoint_16x11,exploratory_association_not_causal
metric_contract_v1.2,c38b09694be88aa74de0741b39e9d3ba0d6ff61a,35a1a66f78dfd6255c4d804586ee6863969be78d21acec5cd0ccf00476ddaa5c,f80984d28ef9a7550633fb3aea514f783f3db1fa655a6d3f49850b10857e6afc,last,texture,auroc,ood_metric/auroc_id_positive,identity,SW participation ratio,geometry/spectrum/sw_participation_ratio,GEO-11,descriptive,id_train,raw_feature_covariance,,,detector/knn_l2_k50,OOD-1,up,id_train,id_test_vs_texture,detector_declared,0.696969696969697,0.681868743047831,0.0939896086463805,0.873301248318187,0.0306969303069693,0.1460178306493675,10,30,10000,20260805,float64,average,percentile_2.5_97.5,(extreme+1)/(resamples+1),dataset_checkpoint_endpoint_16x11,exploratory_association_not_causal
metric_contract_v1.2,c38b09694be88aa74de0741b39e9d3ba0d6ff61a,35a1a66f78dfd6255c4d804586ee6863969be78d21acec5cd0ccf00476ddaa5c,f80984d28ef9a7550633fb3aea514f783f3db1fa655a6d3f49850b10857e6afc,last,texture,auroc,ood_metric/auroc_id_positive,identity,SW participation ratio,geometry/spectrum/sw_participation_ratio,GEO-11,descriptive,id_train,raw_feature_covariance,,,detector/mahalanobis_pp,OOD-1,up,id_train,id_test_vs_texture,detector_declared,0.7090909090909091,0.7085650723025584,0.1686173777082868,0.8457781759230534,0.026497350264973504,0.12954260129542602,10,30,10000,20260805,float64,average,percentile_2.5_97.5,(extreme+1)/(resamples+1),dataset_checkpoint_endpoint_16x11,exploratory_association_not_causal
metric_contract_v1.2,c38b09694be88aa74de0741b39e9d3ba0d6ff61a,35a1a66f78dfd6255c4d804586ee6863969be78d21acec5cd0ccf00476ddaa5c,f80984d28ef9a7550633fb3aea514f783f3db1fa655a6d3f49850b10857e6afc,last,texture,auroc,ood_metric/auroc_id_positive,identity,SW participation ratio,geometry/spectrum/sw_participation_ratio,GEO-11,descriptive,id_train,raw_feature_covariance,,,detector/mahalanobis_raw,OOD-1,up,id_train,id_test_vs_texture,detector_declared,0.2,0.26095661846496104,-0.46857586019396363,0.8373061110171908,0.5816418358164184,0.7111399971114001,10,30,10000,20260805,float64,average,percentile_2.5_97.5,(extreme+1)/(resamples+1),dataset_checkpoint_endpoint_16x11,exploratory_association_not_causal
metric_contract_v1.2,c38b09694be88aa74de0741b39e9d3ba0d6ff61a,35a1a66f78dfd6255c4d804586ee6863969be78d21acec5cd0ccf00476ddaa5c,f80984d28ef9a7550633fb3aea514f783f3db1fa655a6d3f49850b10857e6afc,last,texture,auroc,ood_metric/auroc_id_positive,identity,SW participation ratio,geometry/spectrum/sw_participation_ratio,GEO-11,descriptive,id_train,raw_feature_covariance,,,detector/neco_author_std_dim100,OOD-1,up,id_train,id_test_vs_texture,detector_declared,-0.23636363636363636,-0.20088987764182425,-0.7551132540928459,0.5491787474360582,0.5077492250774922,0.6668945045793927,10,30,10000,20260805,float64,average,percentile_2.5_97.5,(extreme+1)/(resamples+1),dataset_checkpoint_endpoint_16x11,exploratory_association_not_causal
metric_contract_v1.2,c38b09694be88aa74de0741b39e9d3ba0d6ff61a,35a1a66f78dfd6255c4d804586ee6863969be78d21acec5cd0ccf00476ddaa5c,f80984d28ef9a7550633fb3aea514f783f3db1fa655a6d3f49850b10857e6afc,last,texture,auroc,ood_metric/auroc_id_positive,identity,SW participation ratio,geometry/spectrum/sw_participation_ratio,GEO-11,descriptive,id_train,raw_feature_covariance,,,detector/relative_mahalanobis_pp,OOD-1,up,id_train,id_test_vs_texture,detector_declared,0.3575757575757576,0.3459399332591769,-0.3584989948626312,0.7475988385079294,0.3281671832816718,0.4853565063661701,10,30,10000,20260805,float64,average,percentile_2.5_97.5,(extreme+1)/(resamples+1),dataset_checkpoint_endpoint_16x11,exploratory_association_not_causal
metric_contract_v1.2,c38b09694be88aa74de0741b39e9d3ba0d6ff61a,35a1a66f78dfd6255c4d804586ee6863969be78d21acec5cd0ccf00476ddaa5c,f80984d28ef9a7550633fb3aea514f783f3db1fa655a6d3f49850b10857e6afc,last,texture,auroc,ood_metric/auroc_id_positive,identity,SW participation ratio,geometry/spectrum/sw_participation_ratio,GEO-11,descriptive,id_train,raw_feature_covariance,,,detector/relative_mahalanobis_raw,OOD-1,up,id_train,id_test_vs_texture,detector_declared,0.23636363636363636,0.20088987764182425,-0.48331165845721674,0.758283065867709,0.5153484651534846,0.671861702718617,10,30,10000,20260805,float64,average,percentile_2.5_97.5,(extreme+1)/(resamples+1),dataset_checkpoint_endpoint_16x11,exploratory_association_not_causal
metric_contract_v1.2,c38b09694be88aa74de0741b39e9d3ba0d6ff61a,35a1a66f78dfd6255c4d804586ee6863969be78d21acec5cd0ccf00476ddaa5c,f80984d28ef9a7550633fb3aea514f783f3db1fa655a6d3f49850b10857e6afc,last,texture,auroc,ood_metric/auroc_id_positive,identity,SW participation ratio,geometry/spectrum/sw_participation_ratio,GEO-11,descriptive,id_train,raw_feature_covariance,,,detector/vim_author_dim,OOD-1,up,id_train,id_test_vs_texture,detector_declared,0.8181818181818182,0.768186874304783,0.3285682376591467,0.8928607254315012,0.005499450054994501,0.0838011436951543,10,30,10000,20260805,float64,average,percentile_2.5_97.5,(extreme+1)/(resamples+1),dataset_checkpoint_endpoint_16x11,exploratory_association_not_causal
metric_contract_v1.2,c38b09694be88aa74de0741b39e9d3ba0d6ff61a,35a1a66f78dfd6255c4d804586ee6863969be78d21acec5cd0ccf00476ddaa5c,f80984d28ef9a7550633fb3aea514f783f3db1fa655a6d3f49850b10857e6afc,last,texture,auroc,ood_metric/auroc_id_positive,identity,SW participation ratio,geometry/spectrum/sw_participation_ratio,GEO-11,descriptive,id_train,raw_feature_covariance,,,ood_score/energy_t1,OOD-1,up,,id_test_vs_texture,detector_declared,0.40606060606060607,0.307230255839822,-0.39877850023198946,0.7484004861300194,0.25347465253474655,0.42086357401995655,10,30,10000,20260805,float64,average,percentile_2.5_97.5,(extreme+1)/(resamples+1),dataset_checkpoint_endpoint_16x11,exploratory_association_not_causal
metric_contract_v1.2,c38b09694be88aa74de0741b39e9d3ba0d6ff61a,35a1a66f78dfd6255c4d804586ee6863969be78d21acec5cd0ccf00476ddaa5c,f80984d28ef9a7550633fb3aea514f783f3db1fa655a6d3f49850b10857e6afc,last,texture,auroc,ood_metric/auroc_id_positive,identity,SW participation ratio,geometry/spectrum/sw_participation_ratio,GEO-11,descriptive,id_train,raw_feature_covariance,,,ood_score/max_logit,OOD-1,up,,id_test_vs_texture,detector_declared,0.3575757575757576,0.3076751946607342,-0.37784842119289097,0.7467797163639145,0.32026797320267975,0.4806705770100956,10,30,10000,20260805,float64,average,percentile_2.5_97.5,(extreme+1)/(resamples+1),dataset_checkpoint_endpoint_16x11,exploratory_association_not_causal
metric_contract_v1.2,c38b09694be88aa74de0741b39e9d3ba0d6ff61a,35a1a66f78dfd6255c4d804586ee6863969be78d21acec5cd0ccf00476ddaa5c,f80984d28ef9a7550633fb3aea514f783f3db1fa655a6d3f49850b10857e6afc,last,texture,auroc,ood_metric/auroc_id_positive,identity,SW participation ratio,geometry/spectrum/sw_participation_ratio,GEO-11,descriptive,id_train,raw_feature_covariance,,,ood_score/msp,OOD-1,up,,id_test_vs_texture,detector_declared,0.5757575757575758,0.5617352614015573,0.019811517592121505,0.7940913160250671,0.09259074092590741,0.24322343885014483,10,30,10000,20260805,float64,average,percentile_2.5_97.5,(extreme+1)/(resamples+1),dataset_checkpoint_endpoint_16x11,exploratory_association_not_causal
metric_contract_v1.2,c38b09694be88aa74de0741b39e9d3ba0d6ff61a,35a1a66f78dfd6255c4d804586ee6863969be78d21acec5cd0ccf00476ddaa5c,f80984d28ef9a7550633fb3aea514f783f3db1fa655a6d3f49850b10857e6afc,last,texture,auroc,ood_metric/auroc_id_positive,identity,SW numerical rank,geometry/spectrum/sw_numerical_rank,GEO-12,descriptive,id_train,raw_feature_covariance,,,detector/ctm_prototype_cosine,OOD-1,up,id_train,id_test_vs_texture,detector_declared,-0.4642963445592649,-0.4195966176904206,-0.7451863819733204,0.09710307912485826,0.17488251174882513,0.3377726743454687,10,30,10000,20260805,float64,average,percentile_2.5_97.5,(extreme+1)/(resamples+1),dataset_checkpoint_endpoint_16x11,exploratory_association_not_causal
metric_contract_v1.2,c38b09694be88aa74de0741b39e9d3ba0d6ff61a,35a1a66f78dfd6255c4d804586ee6863969be78d21acec5cd0ccf00476ddaa5c,f80984d28ef9a7550633fb3aea514f783f3db1fa655a6d3f49850b10857e6afc,last,texture,auroc,ood_metric/auroc_id_positive,identity,SW numerical rank,geometry/spectrum/sw_numerical_rank,GEO-12,descriptive,id_train,raw_feature_covariance,,,detector/knn_l2_k50,OOD-1,up,id_train,id_test_vs_texture,detector_declared,-0.49160789423922163,-0.4322257542179579,-0.7850991265514872,0.11109753774818534,0.14488551144885511,0.30624983478663625,10,30,10000,20260805,float64,average,percentile_2.5_97.5,(extreme+1)/(resamples+1),dataset_checkpoint_endpoint_16x11,exploratory_association_not_causal
metric_contract_v1.2,c38b09694be88aa74de0741b39e9d3ba0d6ff61a,35a1a66f78dfd6255c4d804586ee6863969be78d21acec5cd0ccf00476ddaa5c,f80984d28ef9a7550633fb3aea514f783f3db1fa655a6d3f49850b10857e6afc,last,texture,auroc,ood_metric/auroc_id_positive,identity,SW numerical rank,geometry/spectrum/sw_numerical_rank,GEO-12,descriptive,id_train,raw_feature_covariance,,,detector/mahalanobis_pp,OOD-1,up,id_train,id_test_vs_texture,detector_declared,-0.19800873517968648,-0.20644772160321065,-0.7481190013552714,0.4994978852980446,0.5818418158184182,0.7111399971114001,10,30,10000,20260805,float64,average,percentile_2.5_97.5,(extreme+1)/(resamples+1),dataset_checkpoint_endpoint_16x11,exploratory_association_not_causal
metric_contract_v1.2,c38b09694be88aa74de0741b39e9d3ba0d6ff61a,35a1a66f78dfd6255c4d804586ee6863969be78d21acec5cd0ccf00476ddaa5c,f80984d28ef9a7550633fb3aea514f783f3db1fa655a6d3f49850b10857e6afc,last,texture,auroc,ood_metric/auroc_id_positive,identity,SW numerical rank,geometry/spectrum/sw_numerical_rank,GEO-12,descriptive,id_train,raw_feature_covariance,,,detector/mahalanobis_raw,OOD-1,up,id_train,id_test_vs_texture,detector_declared,-0.16386929807974054,-0.1384050268426019,-0.6605605320483833,0.40915836577482384,0.6436356364363564,0.7602675974013337,10,30,10000,20260805,float64,average,percentile_2.5_97.5,(extreme+1)/(resamples+1),dataset_checkpoint_endpoint_16x11,exploratory_association_not_causal
metric_contract_v1.2,c38b09694be88aa74de0741b39e9d3ba0d6ff61a,35a1a66f78dfd6255c4d804586ee6863969be78d21acec5cd0ccf00476ddaa5c,f80984d28ef9a7550633fb3aea514f783f3db1fa655a6d3f49850b10857e6afc,last,texture,auroc,ood_metric/auroc_id_positive,identity,SW numerical rank,geometry/spectrum/sw_numerical_rank,GEO-12,descriptive,id_train,raw_feature_covariance,,,detector/neco_author_std_dim100,OOD-1,up,id_train,id_test_vs_texture,detector_declared,0.21166451001966485,0.24923214330874494,-0.3098553115542913,0.6835919924914768,0.5540445955404459,0.7006845414749305,10,30,10000,20260805,float64,average,percentile_2.5_97.5,(extreme+1)/(resamples+1),dataset_checkpoint_endpoint_16x11,exploratory_association_not_causal
metric_contract_v1.2,c38b09694be88aa74de0741b39e9d3ba0d6ff61a,35a1a66f78dfd6255c4d804586ee6863969be78d21acec5cd0ccf00476ddaa5c,f80984d28ef9a7550633fb3aea514f783f3db1fa655a6d3f49850b10857e6afc,last,texture,auroc,ood_metric/auroc_id_positive,identity,SW numerical rank,geometry/spectrum/sw_numerical_rank,GEO-12,descriptive,id_train,raw_feature_covariance,,,detector/relative_mahalanobis_pp,OOD-1,up,id_train,id_test_vs_texture,detector_declared,-0.35505014583943784,-0.17062221186182952,-0.67272529935621,0.45037293736507555,0.3083691630836916,0.4760787079186818,10,30,10000,20260805,float64,average,percentile_2.5_97.5,(extreme+1)/(resamples+1),dataset_checkpoint_endpoint_16x11,exploratory_association_not_causal
metric_contract_v1.2,c38b09694be88aa74de0741b39e9d3ba0d6ff61a,35a1a66f78dfd6255c4d804586ee6863969be78d21acec5cd0ccf00476ddaa5c,f80984d28ef9a7550633fb3aea514f783f3db1fa655a6d3f49850b10857e6afc,last,texture,auroc,ood_metric/auroc_id_positive,identity,SW numerical rank,geometry/spectrum/sw_numerical_rank,GEO-12,descriptive,id_train,raw_feature_covariance,,,detector/relative_mahalanobis_raw,OOD-1,up,id_train,id_test_vs_texture,detector_declared,-0.3345664835794703,-0.15618891297321555,-0.7318955612609916,0.5835216441545198,0.34456554344565543,0.5011862450118624,10,30,10000,20260805,float64,average,percentile_2.5_97.5,(extreme+1)/(resamples+1),dataset_checkpoint_endpoint_16x11,exploratory_association_not_causal
metric_contract_v1.2,c38b09694be88aa74de0741b39e9d3ba0d6ff61a,35a1a66f78dfd6255c4d804586ee6863969be78d21acec5cd0ccf00476ddaa5c,f80984d28ef9a7550633fb3aea514f783f3db1fa655a6d3f49850b10857e6afc,last,texture,auroc,ood_metric/auroc_id_positive,identity,SW numerical rank,geometry/spectrum/sw_numerical_rank,GEO-12,descriptive,id_train,raw_feature_covariance,,,detector/vim_author_dim,OOD-1,up,id_train,id_test_vs_texture,detector_declared,-0.48478000681923245,-0.4987220240976437,-0.837180787230899,-0.00989951339812858,0.1551844815518448,0.3103689631036896,10,30,10000,20260805,float64,average,percentile_2.5_97.5,(extreme+1)/(resamples+1),dataset_checkpoint_endpoint_16x11,exploratory_association_not_causal
metric_contract_v1.2,c38b09694be88aa74de0741b39e9d3ba0d6ff61a,35a1a66f78dfd6255c4d804586ee6863969be78d21acec5cd0ccf00476ddaa5c,f80984d28ef9a7550633fb3aea514f783f3db1fa655a6d3f49850b10857e6afc,last,texture,auroc,ood_metric/auroc_id_positive,identity,SW numerical rank,geometry/spectrum/sw_numerical_rank,GEO-12,descriptive,id_train,raw_feature_covariance,,,ood_score/energy_t1,OOD-1,up,,id_test_vs_texture,detector_declared,-0.12972986097979458,-0.19098347279398137,-0.7193157793004032,0.40634438013845897,0.7170282971702829,0.8038024223055401,10,30,10000,20260805,float64,average,percentile_2.5_97.5,(extreme+1)/(resamples+1),dataset_checkpoint_endpoint_16x11,exploratory_association_not_causal
metric_contract_v1.2,c38b09694be88aa74de0741b39e9d3ba0d6ff61a,35a1a66f78dfd6255c4d804586ee6863969be78d21acec5cd0ccf00476ddaa5c,f80984d28ef9a7550633fb3aea514f783f3db1fa655a6d3f49850b10857e6afc,last,texture,auroc,ood_metric/auroc_id_positive,identity,SW numerical rank,geometry/spectrum/sw_numerical_rank,GEO-12,descriptive,id_train,raw_feature_covariance,,,ood_score/max_logit,OOD-1,up,,id_test_vs_texture,detector_declared,-0.12972986097979458,-0.205932246642903,-0.723684093749596,0.38797810416545103,0.7168283171682832,0.8038024223055401,10,30,10000,20260805,float64,average,percentile_2.5_97.5,(extreme+1)/(resamples+1),dataset_checkpoint_endpoint_16x11,exploratory_association_not_causal
metric_contract_v1.2,c38b09694be88aa74de0741b39e9d3ba0d6ff61a,35a1a66f78dfd6255c4d804586ee6863969be78d21acec5cd0ccf00476ddaa5c,f80984d28ef9a7550633fb3aea514f783f3db1fa655a6d3f49850b10857e6afc,last,texture,auroc,ood_metric/auroc_id_positive,identity,SW numerical rank,geometry/spectrum/sw_numerical_rank,GEO-12,descriptive,id_train,raw_feature_covariance,,,ood_score/msp,OOD-1,up,,id_test_vs_texture,detector_declared,-0.5667146558591027,-0.482484562847953,-0.7059408187164213,-0.04271240794766227,0.09169083091690831,0.24322343885014483,10,30,10000,20260805,float64,average,percentile_2.5_97.5,(extreme+1)/(resamples+1),dataset_checkpoint_endpoint_16x11,exploratory_association_not_causal
metric_contract_v1.2,c38b09694be88aa74de0741b39e9d3ba0d6ff61a,35a1a66f78dfd6255c4d804586ee6863969be78d21acec5cd0ccf00476ddaa5c,f80984d28ef9a7550633fb3aea514f783f3db1fa655a6d3f49850b10857e6afc,last,texture,auroc,ood_metric/auroc_id_positive,identity,SW condition number,geometry/spectrum/sw_condition_number_retained,GEO-12,descriptive,id_train,raw_feature_covariance,,,detector/ctm_prototype_cosine,OOD-1,up,id_train,id_test_vs_texture,detector_declared,0.17575757575757575,0.1021134593993326,-0.53635246817065,0.6377223738206118,0.6287371262873712,0.7476873934228199,10,30,10000,20260805,float64,average,percentile_2.5_97.5,(extreme+1)/(resamples+1),dataset_checkpoint_endpoint_16x11,exploratory_association_not_causal
metric_contract_v1.2,c38b09694be88aa74de0741b39e9d3ba0d6ff61a,35a1a66f78dfd6255c4d804586ee6863969be78d21acec5cd0ccf00476ddaa5c,f80984d28ef9a7550633fb3aea514f783f3db1fa655a6d3f49850b10857e6afc,last,texture,auroc,ood_metric/auroc_id_positive,identity,SW condition number,geometry/spectrum/sw_condition_number_retained,GEO-12,descriptive,id_train,raw_feature_covariance,,,detector/knn_l2_k50,OOD-1,up,id_train,id_test_vs_texture,detector_declared,0.15151515151515152,0.0967741935483871,-0.5441741346015592,0.6277008928571425,0.674932506749325,0.7873498364449268,10,30,10000,20260805,float64,average,percentile_2.5_97.5,(extreme+1)/(resamples+1),dataset_checkpoint_endpoint_16x11,exploratory_association_not_causal
metric_contract_v1.2,c38b09694be88aa74de0741b39e9d3ba0d6ff61a,35a1a66f78dfd6255c4d804586ee6863969be78d21acec5cd0ccf00476ddaa5c,f80984d28ef9a7550633fb3aea514f783f3db1fa655a6d3f49850b10857e6afc,last,texture,auroc,ood_metric/auroc_id_positive,identity,SW condition number,geometry/spectrum/sw_condition_number_retained,GEO-12,descriptive,id_train,raw_feature_covariance,,,detector/mahalanobis_pp,OOD-1,up,id_train,id_test_vs_texture,detector_declared,0.07878787878787878,-0.03136818687430478,-0.6091469620594553,0.5559750482371949,0.8397160283971603,0.9114376905867696,10,30,10000,20260805,float64,average,percentile_2.5_97.5,(extreme+1)/(resamples+1),dataset_checkpoint_endpoint_16x11,exploratory_association_not_causal
metric_contract_v1.2,c38b09694be88aa74de0741b39e9d3ba0d6ff61a,35a1a66f78dfd6255c4d804586ee6863969be78d21acec5cd0ccf00476ddaa5c,f80984d28ef9a7550633fb3aea514f783f3db1fa655a6d3f49850b10857e6afc,last,texture,auroc,ood_metric/auroc_id_positive,identity,SW condition number,geometry/spectrum/sw_condition_number_retained,GEO-12,descriptive,id_train,raw_feature_covariance,,,detector/mahalanobis_raw,OOD-1,up,id_train,id_test_vs_texture,detector_declared,-0.15151515151515152,-0.2471635150166852,-0.7632382724002041,0.3496623029131493,0.686031396860314,0.7873498364449268,10,30,10000,20260805,float64,average,percentile_2.5_97.5,(extreme+1)/(resamples+1),dataset_checkpoint_endpoint_16x11,exploratory_association_not_causal
metric_contract_v1.2,c38b09694be88aa74de0741b39e9d3ba0d6ff61a,35a1a66f78dfd6255c4d804586ee6863969be78d21acec5cd0ccf00476ddaa5c,f80984d28ef9a7550633fb3aea514f783f3db1fa655a6d3f49850b10857e6afc,last,texture,auroc,ood_metric/auroc_id_positive,identity,SW condition number,geometry/spectrum/sw_condition_number_retained,GEO-12,descriptive,id_train,raw_feature_covariance,,,detector/neco_author_std_dim100,OOD-1,up,id_train,id_test_vs_texture,detector_declared,-0.24848484848484848,-0.28587319243604004,-0.746875,0.32129471557620737,0.49165083491650835,0.6506056161301164,10,30,10000,20260805,float64,average,percentile_2.5_97.5,(extreme+1)/(resamples+1),dataset_checkpoint_endpoint_16x11,exploratory_association_not_causal
metric_contract_v1.2,c38b09694be88aa74de0741b39e9d3ba0d6ff61a,35a1a66f78dfd6255c4d804586ee6863969be78d21acec5cd0ccf00476ddaa5c,f80984d28ef9a7550633fb3aea514f783f3db1fa655a6d3f49850b10857e6afc,last,texture,auroc,ood_metric/auroc_id_positive,identity,SW condition number,geometry/spectrum/sw_condition_number_retained,GEO-12,descriptive,id_train,raw_feature_covariance,,,detector/relative_mahalanobis_pp,OOD-1,up,id_train,id_test_vs_texture,detector_declared,-0.04242424242424243,-0.20311457174638486,-0.7293673635405181,0.4552000610242412,0.9183081691830817,0.9495845737063722,10,30,10000,20260805,float64,average,percentile_2.5_97.5,(extreme+1)/(resamples+1),dataset_checkpoint_endpoint_16x11,exploratory_association_not_causal
metric_contract_v1.2,c38b09694be88aa74de0741b39e9d3ba0d6ff61a,35a1a66f78dfd6255c4d804586ee6863969be78d21acec5cd0ccf00476ddaa5c,f80984d28ef9a7550633fb3aea514f783f3db1fa655a6d3f49850b10857e6afc,last,texture,auroc,ood_metric/auroc_id_positive,identity,SW condition number,geometry/spectrum/sw_condition_number_retained,GEO-12,descriptive,id_train,raw_feature_covariance,,,detector/relative_mahalanobis_raw,OOD-1,up,id_train,id_test_vs_texture,detector_declared,0.030303030303030304,-0.040266963292547274,-0.6957394268115409,0.45389744732382653,0.9437056294370563,0.965652271982104,10,30,10000,20260805,float64,average,percentile_2.5_97.5,(extreme+1)/(resamples+1),dataset_checkpoint_endpoint_16x11,exploratory_association_not_causal
metric_contract_v1.2,c38b09694be88aa74de0741b39e9d3ba0d6ff61a,35a1a66f78dfd6255c4d804586ee6863969be78d21acec5cd0ccf00476ddaa5c,f80984d28ef9a7550633fb3aea514f783f3db1fa655a6d3f49850b10857e6afc,last,texture,auroc,ood_metric/auroc_id_positive,identity,SW condition number,geometry/spectrum/sw_condition_number_retained,GEO-12,descriptive,id_train,raw_feature_covariance,,,detector/vim_author_dim,OOD-1,up,id_train,id_test_vs_texture,detector_declared,0.06666666666666667,-0.03181312569521691,-0.6118159481795845,0.5185565908582923,0.8575142485751425,0.9202591935928358,10,30,10000,20260805,float64,average,percentile_2.5_97.5,(extreme+1)/(resamples+1),dataset_checkpoint_endpoint_16x11,exploratory_association_not_causal
metric_contract_v1.2,c38b09694be88aa74de0741b39e9d3ba0d6ff61a,35a1a66f78dfd6255c4d804586ee6863969be78d21acec5cd0ccf00476ddaa5c,f80984d28ef9a7550633fb3aea514f783f3db1fa655a6d3f49850b10857e6afc,last,texture,auroc,ood_metric/auroc_id_positive,identity,SW condition number,geometry/spectrum/sw_condition_number_retained,GEO-12,descriptive,id_train,raw_feature_covariance,,,ood_score/energy_t1,OOD-1,up,,id_test_vs_texture,detector_declared,0.11515151515151516,0.002447163515016685,-0.5791357126830895,0.5959909486956382,0.7649235076492351,0.8361896729581699,10,30,10000,20260805,float64,average,percentile_2.5_97.5,(extreme+1)/(resamples+1),dataset_checkpoint_endpoint_16x11,exploratory_association_not_causal
metric_contract_v1.2,c38b09694be88aa74de0741b39e9d3ba0d6ff61a,35a1a66f78dfd6255c4d804586ee6863969be78d21acec5cd0ccf00476ddaa5c,f80984d28ef9a7550633fb3aea514f783f3db1fa655a6d3f49850b10857e6afc,last,texture,auroc,ood_metric/auroc_id_positive,identity,SW condition number,geometry/spectrum/sw_condition_number_retained,GEO-12,descriptive,id_train,raw_feature_covariance,,,ood_score/max_logit,OOD-1,up,,id_test_vs_texture,detector_declared,0.15151515151515152,0.015795328142380424,-0.5726611559316757,0.6090107953182866,0.688931106889311,0.7873498364449268,10,30,10000,20260805,float64,average,percentile_2.5_97.5,(extreme+1)/(resamples+1),dataset_checkpoint_endpoint_16x11,exploratory_association_not_causal
metric_contract_v1.2,c38b09694be88aa74de0741b39e9d3ba0d6ff61a,35a1a66f78dfd6255c4d804586ee6863969be78d21acec5cd0ccf00476ddaa5c,f80984d28ef9a7550633fb3aea514f783f3db1fa655a6d3f49850b10857e6afc,last,texture,auroc,ood_metric/auroc_id_positive,identity,SW condition number,geometry/spectrum/sw_condition_number_retained,GEO-12,descriptive,id_train,raw_feature_covariance,,,ood_score/msp,OOD-1,up,,id_test_vs_texture,detector_declared,0.296969696969697,0.22936596218020022,-0.42399028929852095,0.6964735694253718,0.39906009399060094,0.5710128174174453,10,30,10000,20260805,float64,average,percentile_2.5_97.5,(extreme+1)/(resamples+1),dataset_checkpoint_endpoint_16x11,exploratory_association_not_causal
metric_contract_v1.2,c38b09694be88aa74de0741b39e9d3ba0d6ff61a,35a1a66f78dfd6255c4d804586ee6863969be78d21acec5cd0ccf00476ddaa5c,f80984d28ef9a7550633fb3aea514f783f3db1fa655a6d3f49850b10857e6afc,last,texture,auroc,ood_metric/auroc_id_positive,identity,LID-50,geometry/lid_k50,GEO-14,descriptive,id_train,raw_feature_exact_neighbors,,,detector/ctm_prototype_cosine,OOD-1,up,id_train,id_test_vs_texture,detector_declared,0.8787878787878788,0.8705228031145718,0.5436988419817866,0.9254975650321734,0.0023997600239976003,0.07542102932563886,10,30,10000,20260805,float64,average,percentile_2.5_97.5,(extreme+1)/(resamples+1),dataset_checkpoint_endpoint_16x11,exploratory_association_not_causal
metric_contract_v1.2,c38b09694be88aa74de0741b39e9d3ba0d6ff61a,35a1a66f78dfd6255c4d804586ee6863969be78d21acec5cd0ccf00476ddaa5c,f80984d28ef9a7550633fb3aea514f783f3db1fa655a6d3f49850b10857e6afc,last,texture,auroc,ood_metric/auroc_id_positive,identity,LID-50,geometry/lid_k50,GEO-14,descriptive,id_train,raw_feature_exact_neighbors,,,detector/knn_l2_k50,OOD-1,up,id_train,id_test_vs_texture,detector_declared,0.9151515151515152,0.9078976640711902,0.6136261766024205,0.9531257842125809,0.0007999200079992001,0.04692864046928641,10,30,10000,20260805,float64,average,percentile_2.5_97.5,(extreme+1)/(resamples+1),dataset_checkpoint_endpoint_16x11,exploratory_association_not_causal
metric_contract_v1.2,c38b09694be88aa74de0741b39e9d3ba0d6ff61a,35a1a66f78dfd6255c4d804586ee6863969be78d21acec5cd0ccf00476ddaa5c,f80984d28ef9a7550633fb3aea514f783f3db1fa655a6d3f49850b10857e6afc,last,texture,auroc,ood_metric/auroc_id_positive,identity,LID-50,geometry/lid_k50,GEO-14,descriptive,id_train,raw_feature_exact_neighbors,,,detector/mahalanobis_pp,OOD-1,up,id_train,id_test_vs_texture,detector_declared,0.7090909090909091,0.6925472747497219,0.03937943885696449,0.9011105152836304,0.024297570242975703,0.12218206750753495,10,30,10000,20260805,float64,average,percentile_2.5_97.5,(extreme+1)/(resamples+1),dataset_checkpoint_endpoint_16x11,exploratory_association_not_causal
metric_contract_v1.2,c38b09694be88aa74de0741b39e9d3ba0d6ff61a,35a1a66f78dfd6255c4d804586ee6863969be78d21acec5cd0ccf00476ddaa5c,f80984d28ef9a7550633fb3aea514f783f3db1fa655a6d3f49850b10857e6afc,last,texture,auroc,ood_metric/auroc_id_positive,identity,LID-50,geometry/lid_k50,GEO-14,descriptive,id_train,raw_feature_exact_neighbors,,,detector/mahalanobis_raw,OOD-1,up,id_train,id_test_vs_texture,detector_declared,-0.01818181818181818,0.001557285873192436,-0.6712486104879425,0.6830750771801902,0.9701029897010299,0.985703728477727,10,30,10000,20260805,float64,average,percentile_2.5_97.5,(extreme+1)/(resamples+1),dataset_checkpoint_endpoint_16x11,exploratory_association_not_causal
metric_contract_v1.2,c38b09694be88aa74de0741b39e9d3ba0d6ff61a,35a1a66f78dfd6255c4d804586ee6863969be78d21acec5cd0ccf00476ddaa5c,f80984d28ef9a7550633fb3aea514f783f3db1fa655a6d3f49850b10857e6afc,last,texture,auroc,ood_metric/auroc_id_positive,identity,LID-50,geometry/lid_k50,GEO-14,descriptive,id_train,raw_feature_exact_neighbors,,,detector/neco_author_std_dim100,OOD-1,up,id_train,id_test_vs_texture,detector_declared,-0.503030303030303,-0.5368186874304783,-0.8292248384861024,0.12086926457984756,0.14908509149085092,0.30624983478663625,10,30,10000,20260805,float64,average,percentile_2.5_97.5,(extreme+1)/(resamples+1),dataset_checkpoint_endpoint_16x11,exploratory_association_not_causal
metric_contract_v1.2,c38b09694be88aa74de0741b39e9d3ba0d6ff61a,35a1a66f78dfd6255c4d804586ee6863969be78d21acec5cd0ccf00476ddaa5c,f80984d28ef9a7550633fb3aea514f783f3db1fa655a6d3f49850b10857e6afc,last,texture,auroc,ood_metric/auroc_id_positive,identity,LID-50,geometry/lid_k50,GEO-14,descriptive,id_train,raw_feature_exact_neighbors,,,detector/relative_mahalanobis_pp,OOD-1,up,id_train,id_test_vs_texture,detector_declared,0.34545454545454546,0.2738598442714127,-0.45586146405038447,0.7346549028367209,0.33826617338266174,0.4961237209612372,10,30,10000,20260805,float64,average,percentile_2.5_97.5,(extreme+1)/(resamples+1),dataset_checkpoint_endpoint_16x11,exploratory_association_not_causal
metric_contract_v1.2,c38b09694be88aa74de0741b39e9d3ba0d6ff61a,35a1a66f78dfd6255c4d804586ee6863969be78d21acec5cd0ccf00476ddaa5c,f80984d28ef9a7550633fb3aea514f783f3db1fa655a6d3f49850b10857e6afc,last,texture,auroc,ood_metric/auroc_id_positive,identity,LID-50,geometry/lid_k50,GEO-14,descriptive,id_train,raw_feature_exact_neighbors,,,detector/relative_mahalanobis_raw,OOD-1,up,id_train,id_test_vs_texture,detector_declared,0.1393939393939394,0.07541713014460512,-0.5817518945586695,0.6967570515237375,0.7065293470652935,0.8022526779580107,10,30,10000,20260805,float64,average,percentile_2.5_97.5,(extreme+1)/(resamples+1),dataset_checkpoint_endpoint_16x11,exploratory_association_not_causal
metric_contract_v1.2,c38b09694be88aa74de0741b39e9d3ba0d6ff61a,35a1a66f78dfd6255c4d804586ee6863969be78d21acec5cd0ccf00476ddaa5c,f80984d28ef9a7550633fb3aea514f783f3db1fa655a6d3f49850b10857e6afc,last,texture,auroc,ood_metric/auroc_id_positive,identity,LID-50,geometry/lid_k50,GEO-14,descriptive,id_train,raw_feature_exact_neighbors,,,detector/vim_author_dim,OOD-1,up,id_train,id_test_vs_texture,detector_declared,0.806060606060606,0.7254727474972191,0.23352308281706124,0.8966032270978554,0.0066993300669933005,0.0838011436951543,10,30,10000,20260805,float64,average,percentile_2.5_97.5,(extreme+1)/(resamples+1),dataset_checkpoint_endpoint_16x11,exploratory_association_not_causal
metric_contract_v1.2,c38b09694be88aa74de0741b39e9d3ba0d6ff61a,35a1a66f78dfd6255c4d804586ee6863969be78d21acec5cd0ccf00476ddaa5c,f80984d28ef9a7550633fb3aea514f783f3db1fa655a6d3f49850b10857e6afc,last,texture,auroc,ood_metric/auroc_id_positive,identity,LID-50,geometry/lid_k50,GEO-14,descriptive,id_train,raw_feature_exact_neighbors,,,ood_score/energy_t1,OOD-1,up,,id_test_vs_texture,detector_declared,0.4303030303030303,0.36729699666295884,-0.3902370661338884,0.8445387536296627,0.21737826217378262,0.38893888388938885,10,30,10000,20260805,float64,average,percentile_2.5_97.5,(extreme+1)/(resamples+1),dataset_checkpoint_endpoint_16x11,exploratory_association_not_causal
metric_contract_v1.2,c38b09694be88aa74de0741b39e9d3ba0d6ff61a,35a1a66f78dfd6255c4d804586ee6863969be78d21acec5cd0ccf00476ddaa5c,f80984d28ef9a7550633fb3aea514f783f3db1fa655a6d3f49850b10857e6afc,last,texture,auroc,ood_metric/auroc_id_positive,identity,LID-50,geometry/lid_k50,GEO-14,descriptive,id_train,raw_feature_exact_neighbors,,,ood_score/max_logit,OOD-1,up,,id_test_vs_texture,detector_declared,0.41818181818181815,0.38064516129032255,-0.35755724876928935,0.8482300543843909,0.22667733226677333,0.3989521047895211,10,30,10000,20260805,float64,average,percentile_2.5_97.5,(extreme+1)/(resamples+1),dataset_checkpoint_endpoint_16x11,exploratory_association_not_causal
metric_contract_v1.2,c38b09694be88aa74de0741b39e9d3ba0d6ff61a,35a1a66f78dfd6255c4d804586ee6863969be78d21acec5cd0ccf00476ddaa5c,f80984d28ef9a7550633fb3aea514f783f3db1fa655a6d3f49850b10857e6afc,last,texture,auroc,ood_metric/auroc_id_positive,identity,LID-50,geometry/lid_k50,GEO-14,descriptive,id_train,raw_feature_exact_neighbors,,,ood_score/msp,OOD-1,up,,id_test_vs_texture,detector_declared,0.793939393939394,0.7548387096774194,0.3736127412764405,0.8676854685203479,0.0105989401059894,0.0847915208479152,10,30,10000,20260805,float64,average,percentile_2.5_97.5,(extreme+1)/(resamples+1),dataset_checkpoint_endpoint_16x11,exploratory_association_not_causal
