definition_version,evaluation_git_sha,inventory_hash,dataset_policy_hash,checkpoint_role,ood_dataset,endpoint,ood_artifact_key,performance_transform,geometry_name,geometry_artifact_key,geometry_formula_id,geometry_direction,geometry_fit_split,geometry_transform,geometry_statistic,geometry_query_split,detector,ood_formula_id,ood_direction,ood_fit_split,ood_query_split,ood_transform,config_mean_spearman_rho,seed_level_clustered_rho,cluster_bootstrap_ci_low,cluster_bootstrap_ci_high,permutation_pvalue,bh_fdr_qvalue,config_count,seed_observation_count,resamples,random_seed,analysis_dtype,rank_tie_method,bootstrap_ci_method,permutation_pvalue_rule,bh_fdr_scope,interpretation
metric_contract_v1.2,c38b09694be88aa74de0741b39e9d3ba0d6ff61a,35a1a66f78dfd6255c4d804586ee6863969be78d21acec5cd0ccf00476ddaa5c,f80984d28ef9a7550633fb3aea514f783f3db1fa655a6d3f49850b10857e6afc,last,tin,auroc,ood_metric/auroc_id_positive,identity,Feature norm mean,geometry/feature_norm/global,GEO-1,descriptive,id_train,raw_feature,mean,,detector/ctm_prototype_cosine,OOD-1,up,id_train,id_test_vs_tin,detector_declared,-0.3939393939393939,-0.3775305895439377,-0.7794718594129684,0.3603611760617129,0.2638736126387361,0.589101089891011,10,30,10000,20260805,float64,average,percentile_2.5_97.5,(extreme+1)/(resamples+1),dataset_checkpoint_endpoint_16x11,exploratory_association_not_causal
metric_contract_v1.2,c38b09694be88aa74de0741b39e9d3ba0d6ff61a,35a1a66f78dfd6255c4d804586ee6863969be78d21acec5cd0ccf00476ddaa5c,f80984d28ef9a7550633fb3aea514f783f3db1fa655a6d3f49850b10857e6afc,last,tin,auroc,ood_metric/auroc_id_positive,identity,Feature norm mean,geometry/feature_norm/global,GEO-1,descriptive,id_train,raw_feature,mean,,detector/knn_l2_k50,OOD-1,up,id_train,id_test_vs_tin,detector_declared,-0.7696969696969697,-0.7076751946607341,-0.8978362703546732,-0.032587516119085023,0.013498650134986502,0.23825309776714637,10,30,10000,20260805,float64,average,percentile_2.5_97.5,(extreme+1)/(resamples+1),dataset_checkpoint_endpoint_16x11,exploratory_association_not_causal
metric_contract_v1.2,c38b09694be88aa74de0741b39e9d3ba0d6ff61a,35a1a66f78dfd6255c4d804586ee6863969be78d21acec5cd0ccf00476ddaa5c,f80984d28ef9a7550633fb3aea514f783f3db1fa655a6d3f49850b10857e6afc,last,tin,auroc,ood_metric/auroc_id_positive,identity,Feature norm mean,geometry/feature_norm/global,GEO-1,descriptive,id_train,raw_feature,mean,,detector/mahalanobis_pp,OOD-1,up,id_train,id_test_vs_tin,detector_declared,-0.6363636363636364,-0.5715239154616241,-0.810142348967937,-0.017692859715123518,0.05299470052994701,0.2922374429223744,10,30,10000,20260805,float64,average,percentile_2.5_97.5,(extreme+1)/(resamples+1),dataset_checkpoint_endpoint_16x11,exploratory_association_not_causal
metric_contract_v1.2,c38b09694be88aa74de0741b39e9d3ba0d6ff61a,35a1a66f78dfd6255c4d804586ee6863969be78d21acec5cd0ccf00476ddaa5c,f80984d28ef9a7550633fb3aea514f783f3db1fa655a6d3f49850b10857e6afc,last,tin,auroc,ood_metric/auroc_id_positive,identity,Feature norm mean,geometry/feature_norm/global,GEO-1,descriptive,id_train,raw_feature,mean,,detector/mahalanobis_raw,OOD-1,up,id_train,id_test_vs_tin,detector_declared,0.40606060606060607,0.37886540600667407,-0.463027619613508,0.7989735935725599,0.25837416258374163,0.589101089891011,10,30,10000,20260805,float64,average,percentile_2.5_97.5,(extreme+1)/(resamples+1),dataset_checkpoint_endpoint_16x11,exploratory_association_not_causal
metric_contract_v1.2,c38b09694be88aa74de0741b39e9d3ba0d6ff61a,35a1a66f78dfd6255c4d804586ee6863969be78d21acec5cd0ccf00476ddaa5c,f80984d28ef9a7550633fb3aea514f783f3db1fa655a6d3f49850b10857e6afc,last,tin,auroc,ood_metric/auroc_id_positive,identity,Feature norm mean,geometry/feature_norm/global,GEO-1,descriptive,id_train,raw_feature,mean,,detector/neco_author_std_dim100,OOD-1,up,id_train,id_test_vs_tin,detector_declared,0.5151515151515151,0.5012235817575084,-0.20982142857142858,0.8909385998672851,0.1332866713328667,0.49911604584222424,10,30,10000,20260805,float64,average,percentile_2.5_97.5,(extreme+1)/(resamples+1),dataset_checkpoint_endpoint_16x11,exploratory_association_not_causal
metric_contract_v1.2,c38b09694be88aa74de0741b39e9d3ba0d6ff61a,35a1a66f78dfd6255c4d804586ee6863969be78d21acec5cd0ccf00476ddaa5c,f80984d28ef9a7550633fb3aea514f783f3db1fa655a6d3f49850b10857e6afc,last,tin,auroc,ood_metric/auroc_id_positive,identity,Feature norm mean,geometry/feature_norm/global,GEO-1,descriptive,id_train,raw_feature,mean,,detector/relative_mahalanobis_pp,OOD-1,up,id_train,id_test_vs_tin,detector_declared,-0.23636363636363636,-0.2689655172413793,-0.8398793379312859,0.5303571428571429,0.5146485351464853,0.7516756521069206,10,30,10000,20260805,float64,average,percentile_2.5_97.5,(extreme+1)/(resamples+1),dataset_checkpoint_endpoint_16x11,exploratory_association_not_causal
metric_contract_v1.2,c38b09694be88aa74de0741b39e9d3ba0d6ff61a,35a1a66f78dfd6255c4d804586ee6863969be78d21acec5cd0ccf00476ddaa5c,f80984d28ef9a7550633fb3aea514f783f3db1fa655a6d3f49850b10857e6afc,last,tin,auroc,ood_metric/auroc_id_positive,identity,Feature norm mean,geometry/feature_norm/global,GEO-1,descriptive,id_train,raw_feature,mean,,detector/relative_mahalanobis_raw,OOD-1,up,id_train,id_test_vs_tin,detector_declared,-0.16363636363636364,-0.2075639599555061,-0.8208621844985481,0.5256449743480099,0.6553344665533447,0.8221600375173751,10,30,10000,20260805,float64,average,percentile_2.5_97.5,(extreme+1)/(resamples+1),dataset_checkpoint_endpoint_16x11,exploratory_association_not_causal
metric_contract_v1.2,c38b09694be88aa74de0741b39e9d3ba0d6ff61a,35a1a66f78dfd6255c4d804586ee6863969be78d21acec5cd0ccf00476ddaa5c,f80984d28ef9a7550633fb3aea514f783f3db1fa655a6d3f49850b10857e6afc,last,tin,auroc,ood_metric/auroc_id_positive,identity,Feature norm mean,geometry/feature_norm/global,GEO-1,descriptive,id_train,raw_feature,mean,,detector/vim_author_dim,OOD-1,up,id_train,id_test_vs_tin,detector_declared,-0.7696969696969697,-0.7098998887652948,-0.9400983459991059,-0.12662076438869613,0.014298570142985701,0.23825309776714637,10,30,10000,20260805,float64,average,percentile_2.5_97.5,(extreme+1)/(resamples+1),dataset_checkpoint_endpoint_16x11,exploratory_association_not_causal
metric_contract_v1.2,c38b09694be88aa74de0741b39e9d3ba0d6ff61a,35a1a66f78dfd6255c4d804586ee6863969be78d21acec5cd0ccf00476ddaa5c,f80984d28ef9a7550633fb3aea514f783f3db1fa655a6d3f49850b10857e6afc,last,tin,auroc,ood_metric/auroc_id_positive,identity,Feature norm mean,geometry/feature_norm/global,GEO-1,descriptive,id_train,raw_feature,mean,,ood_score/energy_t1,OOD-1,up,,id_test_vs_tin,detector_declared,-0.21212121212121213,-0.3103448275862069,-0.6979045271178843,0.37906846864107807,0.5574442555744425,0.7532580075325801,10,30,10000,20260805,float64,average,percentile_2.5_97.5,(extreme+1)/(resamples+1),dataset_checkpoint_endpoint_16x11,exploratory_association_not_causal
metric_contract_v1.2,c38b09694be88aa74de0741b39e9d3ba0d6ff61a,35a1a66f78dfd6255c4d804586ee6863969be78d21acec5cd0ccf00476ddaa5c,f80984d28ef9a7550633fb3aea514f783f3db1fa655a6d3f49850b10857e6afc,last,tin,auroc,ood_metric/auroc_id_positive,identity,Feature norm mean,geometry/feature_norm/global,GEO-1,descriptive,id_train,raw_feature,mean,,ood_score/max_logit,OOD-1,up,,id_test_vs_tin,detector_declared,-0.28484848484848485,-0.3210233592880979,-0.7076248039800986,0.383080187625642,0.42285771422857715,0.6740281724039986,10,30,10000,20260805,float64,average,percentile_2.5_97.5,(extreme+1)/(resamples+1),dataset_checkpoint_endpoint_16x11,exploratory_association_not_causal
metric_contract_v1.2,c38b09694be88aa74de0741b39e9d3ba0d6ff61a,35a1a66f78dfd6255c4d804586ee6863969be78d21acec5cd0ccf00476ddaa5c,f80984d28ef9a7550633fb3aea514f783f3db1fa655a6d3f49850b10857e6afc,last,tin,auroc,ood_metric/auroc_id_positive,identity,Feature norm mean,geometry/feature_norm/global,GEO-1,descriptive,id_train,raw_feature,mean,,ood_score/msp,OOD-1,up,,id_test_vs_tin,detector_declared,-0.296969696969697,-0.26585094549499444,-0.7057512260365582,0.35634353361625976,0.41725827417258277,0.6740281724039986,10,30,10000,20260805,float64,average,percentile_2.5_97.5,(extreme+1)/(resamples+1),dataset_checkpoint_endpoint_16x11,exploratory_association_not_causal
metric_contract_v1.2,c38b09694be88aa74de0741b39e9d3ba0d6ff61a,35a1a66f78dfd6255c4d804586ee6863969be78d21acec5cd0ccf00476ddaa5c,f80984d28ef9a7550633fb3aea514f783f3db1fa655a6d3f49850b10857e6afc,last,tin,auroc,ood_metric/auroc_id_positive,identity,Feature norm CV,geometry/feature_norm/global,GEO-1,descriptive,id_train,raw_feature,cv,,detector/ctm_prototype_cosine,OOD-1,up,id_train,id_test_vs_tin,detector_declared,-0.11515151515151516,-0.08164627363737487,-0.6743406807728131,0.7078463495285944,0.7616238376162384,0.8761163099376337,10,30,10000,20260805,float64,average,percentile_2.5_97.5,(extreme+1)/(resamples+1),dataset_checkpoint_endpoint_16x11,exploratory_association_not_causal
metric_contract_v1.2,c38b09694be88aa74de0741b39e9d3ba0d6ff61a,35a1a66f78dfd6255c4d804586ee6863969be78d21acec5cd0ccf00476ddaa5c,f80984d28ef9a7550633fb3aea514f783f3db1fa655a6d3f49850b10857e6afc,last,tin,auroc,ood_metric/auroc_id_positive,identity,Feature norm CV,geometry/feature_norm/global,GEO-1,descriptive,id_train,raw_feature,cv,,detector/knn_l2_k50,OOD-1,up,id_train,id_test_vs_tin,detector_declared,0.18787878787878787,0.1332591768631813,-0.5041356671928684,0.7284907012292211,0.603039696030397,0.7805337113347489,10,30,10000,20260805,float64,average,percentile_2.5_97.5,(extreme+1)/(resamples+1),dataset_checkpoint_endpoint_16x11,exploratory_association_not_causal
metric_contract_v1.2,c38b09694be88aa74de0741b39e9d3ba0d6ff61a,35a1a66f78dfd6255c4d804586ee6863969be78d21acec5cd0ccf00476ddaa5c,f80984d28ef9a7550633fb3aea514f783f3db1fa655a6d3f49850b10857e6afc,last,tin,auroc,ood_metric/auroc_id_positive,identity,Feature norm CV,geometry/feature_norm/global,GEO-1,descriptive,id_train,raw_feature,cv,,detector/mahalanobis_pp,OOD-1,up,id_train,id_test_vs_tin,detector_declared,0.5636363636363636,0.4812013348164627,-0.244375139229227,0.8864681440899588,0.098990100989901,0.4313714969966418,10,30,10000,20260805,float64,average,percentile_2.5_97.5,(extreme+1)/(resamples+1),dataset_checkpoint_endpoint_16x11,exploratory_association_not_causal
metric_contract_v1.2,c38b09694be88aa74de0741b39e9d3ba0d6ff61a,35a1a66f78dfd6255c4d804586ee6863969be78d21acec5cd0ccf00476ddaa5c,f80984d28ef9a7550633fb3aea514f783f3db1fa655a6d3f49850b10857e6afc,last,tin,auroc,ood_metric/auroc_id_positive,identity,Feature norm CV,geometry/feature_norm/global,GEO-1,descriptive,id_train,raw_feature,cv,,detector/mahalanobis_raw,OOD-1,up,id_train,id_test_vs_tin,detector_declared,-0.8303030303030303,-0.8144605116796441,-0.9207739012827724,-0.4388392857142857,0.007099290070992901,0.23825309776714637,10,30,10000,20260805,float64,average,percentile_2.5_97.5,(extreme+1)/(resamples+1),dataset_checkpoint_endpoint_16x11,exploratory_association_not_causal
metric_contract_v1.2,c38b09694be88aa74de0741b39e9d3ba0d6ff61a,35a1a66f78dfd6255c4d804586ee6863969be78d21acec5cd0ccf00476ddaa5c,f80984d28ef9a7550633fb3aea514f783f3db1fa655a6d3f49850b10857e6afc,last,tin,auroc,ood_metric/auroc_id_positive,identity,Feature norm CV,geometry/feature_norm/global,GEO-1,descriptive,id_train,raw_feature,cv,,detector/neco_author_std_dim100,OOD-1,up,id_train,id_test_vs_tin,detector_declared,-0.38181818181818183,-0.45272525027808674,-0.9206673722112351,0.23439567860732605,0.27417258274172585,0.5957330192906635,10,30,10000,20260805,float64,average,percentile_2.5_97.5,(extreme+1)/(resamples+1),dataset_checkpoint_endpoint_16x11,exploratory_association_not_causal
metric_contract_v1.2,c38b09694be88aa74de0741b39e9d3ba0d6ff61a,35a1a66f78dfd6255c4d804586ee6863969be78d21acec5cd0ccf00476ddaa5c,f80984d28ef9a7550633fb3aea514f783f3db1fa655a6d3f49850b10857e6afc,last,tin,auroc,ood_metric/auroc_id_positive,identity,Feature norm CV,geometry/feature_norm/global,GEO-1,descriptive,id_train,raw_feature,cv,,detector/relative_mahalanobis_pp,OOD-1,up,id_train,id_test_vs_tin,detector_declared,-0.5515151515151515,-0.51412680756396,-0.8641970468106832,0.1414068988491552,0.1004899510048995,0.4313714969966418,10,30,10000,20260805,float64,average,percentile_2.5_97.5,(extreme+1)/(resamples+1),dataset_checkpoint_endpoint_16x11,exploratory_association_not_causal
metric_contract_v1.2,c38b09694be88aa74de0741b39e9d3ba0d6ff61a,35a1a66f78dfd6255c4d804586ee6863969be78d21acec5cd0ccf00476ddaa5c,f80984d28ef9a7550633fb3aea514f783f3db1fa655a6d3f49850b10857e6afc,last,tin,auroc,ood_metric/auroc_id_positive,identity,Feature norm CV,geometry/feature_norm/global,GEO-1,descriptive,id_train,raw_feature,cv,,detector/relative_mahalanobis_raw,OOD-1,up,id_train,id_test_vs_tin,detector_declared,-0.47878787878787876,-0.4095661846496107,-0.7829443116265754,0.2055735067013819,0.17018298170182983,0.5348607996343223,10,30,10000,20260805,float64,average,percentile_2.5_97.5,(extreme+1)/(resamples+1),dataset_checkpoint_endpoint_16x11,exploratory_association_not_causal
metric_contract_v1.2,c38b09694be88aa74de0741b39e9d3ba0d6ff61a,35a1a66f78dfd6255c4d804586ee6863969be78d21acec5cd0ccf00476ddaa5c,f80984d28ef9a7550633fb3aea514f783f3db1fa655a6d3f49850b10857e6afc,last,tin,auroc,ood_metric/auroc_id_positive,identity,Feature norm CV,geometry/feature_norm/global,GEO-1,descriptive,id_train,raw_feature,cv,,detector/vim_author_dim,OOD-1,up,id_train,id_test_vs_tin,detector_declared,0.22424242424242424,0.18264738598442715,-0.5675748069498069,0.6627209303046394,0.5375462453754625,0.7532580075325801,10,30,10000,20260805,float64,average,percentile_2.5_97.5,(extreme+1)/(resamples+1),dataset_checkpoint_endpoint_16x11,exploratory_association_not_causal
metric_contract_v1.2,c38b09694be88aa74de0741b39e9d3ba0d6ff61a,35a1a66f78dfd6255c4d804586ee6863969be78d21acec5cd0ccf00476ddaa5c,f80984d28ef9a7550633fb3aea514f783f3db1fa655a6d3f49850b10857e6afc,last,tin,auroc,ood_metric/auroc_id_positive,identity,Feature norm CV,geometry/feature_norm/global,GEO-1,descriptive,id_train,raw_feature,cv,,ood_score/energy_t1,OOD-1,up,,id_test_vs_tin,detector_declared,0.696969696969697,0.7014460511679644,0.11415084940131323,0.8968758054123711,0.0326967303269673,0.23825309776714637,10,30,10000,20260805,float64,average,percentile_2.5_97.5,(extreme+1)/(resamples+1),dataset_checkpoint_endpoint_16x11,exploratory_association_not_causal
metric_contract_v1.2,c38b09694be88aa74de0741b39e9d3ba0d6ff61a,35a1a66f78dfd6255c4d804586ee6863969be78d21acec5cd0ccf00476ddaa5c,f80984d28ef9a7550633fb3aea514f783f3db1fa655a6d3f49850b10857e6afc,last,tin,auroc,ood_metric/auroc_id_positive,identity,Feature norm CV,geometry/feature_norm/global,GEO-1,descriptive,id_train,raw_feature,cv,,ood_score/max_logit,OOD-1,up,,id_test_vs_tin,detector_declared,0.7454545454545455,0.7010011123470523,0.11694229129389401,0.9000531953396547,0.018098190180981903,0.23825309776714637,10,30,10000,20260805,float64,average,percentile_2.5_97.5,(extreme+1)/(resamples+1),dataset_checkpoint_endpoint_16x11,exploratory_association_not_causal
metric_contract_v1.2,c38b09694be88aa74de0741b39e9d3ba0d6ff61a,35a1a66f78dfd6255c4d804586ee6863969be78d21acec5cd0ccf00476ddaa5c,f80984d28ef9a7550633fb3aea514f783f3db1fa655a6d3f49850b10857e6afc,last,tin,auroc,ood_metric/auroc_id_positive,identity,Feature norm CV,geometry/feature_norm/global,GEO-1,descriptive,id_train,raw_feature,cv,,ood_score/msp,OOD-1,up,,id_test_vs_tin,detector_declared,-0.030303030303030304,-0.05005561735261402,-0.5437070911868189,0.5233463189630935,0.9448055194480552,0.9828099542986879,10,30,10000,20260805,float64,average,percentile_2.5_97.5,(extreme+1)/(resamples+1),dataset_checkpoint_endpoint_16x11,exploratory_association_not_causal
metric_contract_v1.2,c38b09694be88aa74de0741b39e9d3ba0d6ff61a,35a1a66f78dfd6255c4d804586ee6863969be78d21acec5cd0ccf00476ddaa5c,f80984d28ef9a7550633fb3aea514f783f3db1fa655a6d3f49850b10857e6afc,last,tin,auroc,ood_metric/auroc_id_positive,identity,CDNV,geometry/cdnv/mean,GEO-2,down,id_train,raw_feature,,,detector/ctm_prototype_cosine,OOD-1,up,id_train,id_test_vs_tin,detector_declared,-0.006060606060606061,-0.014015572858731925,-0.6386159496442656,0.7176167356498231,1.0,1.0,10,30,10000,20260805,float64,average,percentile_2.5_97.5,(extreme+1)/(resamples+1),dataset_checkpoint_endpoint_16x11,exploratory_association_not_causal
metric_contract_v1.2,c38b09694be88aa74de0741b39e9d3ba0d6ff61a,35a1a66f78dfd6255c4d804586ee6863969be78d21acec5cd0ccf00476ddaa5c,f80984d28ef9a7550633fb3aea514f783f3db1fa655a6d3f49850b10857e6afc,last,tin,auroc,ood_metric/auroc_id_positive,identity,CDNV,geometry/cdnv/mean,GEO-2,down,id_train,raw_feature,,,detector/knn_l2_k50,OOD-1,up,id_train,id_test_vs_tin,detector_declared,0.3575757575757576,0.29833147942157956,-0.388104297224709,0.8502006241640659,0.3134686531346865,0.6028333336879078,10,30,10000,20260805,float64,average,percentile_2.5_97.5,(extreme+1)/(resamples+1),dataset_checkpoint_endpoint_16x11,exploratory_association_not_causal
metric_contract_v1.2,c38b09694be88aa74de0741b39e9d3ba0d6ff61a,35a1a66f78dfd6255c4d804586ee6863969be78d21acec5cd0ccf00476ddaa5c,f80984d28ef9a7550633fb3aea514f783f3db1fa655a6d3f49850b10857e6afc,last,tin,auroc,ood_metric/auroc_id_positive,identity,CDNV,geometry/cdnv/mean,GEO-2,down,id_train,raw_feature,,,detector/mahalanobis_pp,OOD-1,up,id_train,id_test_vs_tin,detector_declared,0.34545454545454546,0.2889877641824249,-0.46812304948729383,0.7304425569959767,0.33056694330566944,0.6060393960603939,10,30,10000,20260805,float64,average,percentile_2.5_97.5,(extreme+1)/(resamples+1),dataset_checkpoint_endpoint_16x11,exploratory_association_not_causal
metric_contract_v1.2,c38b09694be88aa74de0741b39e9d3ba0d6ff61a,35a1a66f78dfd6255c4d804586ee6863969be78d21acec5cd0ccf00476ddaa5c,f80984d28ef9a7550633fb3aea514f783f3db1fa655a6d3f49850b10857e6afc,last,tin,auroc,ood_metric/auroc_id_positive,identity,CDNV,geometry/cdnv/mean,GEO-2,down,id_train,raw_feature,,,detector/mahalanobis_raw,OOD-1,up,id_train,id_test_vs_tin,detector_declared,-0.7333333333333333,-0.7014460511679644,-0.9289702926066562,-0.023560078788430902,0.023397660233976603,0.23825309776714637,10,30,10000,20260805,float64,average,percentile_2.5_97.5,(extreme+1)/(resamples+1),dataset_checkpoint_endpoint_16x11,exploratory_association_not_causal
metric_contract_v1.2,c38b09694be88aa74de0741b39e9d3ba0d6ff61a,35a1a66f78dfd6255c4d804586ee6863969be78d21acec5cd0ccf00476ddaa5c,f80984d28ef9a7550633fb3aea514f783f3db1fa655a6d3f49850b10857e6afc,last,tin,auroc,ood_metric/auroc_id_positive,identity,CDNV,geometry/cdnv/mean,GEO-2,down,id_train,raw_feature,,,detector/neco_author_std_dim100,OOD-1,up,id_train,id_test_vs_tin,detector_declared,-0.793939393939394,-0.7810901001112347,-0.9727678571428572,-0.22617344658024172,0.0112988701129887,0.23825309776714637,10,30,10000,20260805,float64,average,percentile_2.5_97.5,(extreme+1)/(resamples+1),dataset_checkpoint_endpoint_16x11,exploratory_association_not_causal
metric_contract_v1.2,c38b09694be88aa74de0741b39e9d3ba0d6ff61a,35a1a66f78dfd6255c4d804586ee6863969be78d21acec5cd0ccf00476ddaa5c,f80984d28ef9a7550633fb3aea514f783f3db1fa655a6d3f49850b10857e6afc,last,tin,auroc,ood_metric/auroc_id_positive,identity,CDNV,geometry/cdnv/mean,GEO-2,down,id_train,raw_feature,,,detector/relative_mahalanobis_pp,OOD-1,up,id_train,id_test_vs_tin,detector_declared,-0.15151515151515152,-0.12880978865406006,-0.782890585803217,0.6656417348391778,0.6778322167783222,0.8342550360348581,10,30,10000,20260805,float64,average,percentile_2.5_97.5,(extreme+1)/(resamples+1),dataset_checkpoint_endpoint_16x11,exploratory_association_not_causal
metric_contract_v1.2,c38b09694be88aa74de0741b39e9d3ba0d6ff61a,35a1a66f78dfd6255c4d804586ee6863969be78d21acec5cd0ccf00476ddaa5c,f80984d28ef9a7550633fb3aea514f783f3db1fa655a6d3f49850b10857e6afc,last,tin,auroc,ood_metric/auroc_id_positive,identity,CDNV,geometry/cdnv/mean,GEO-2,down,id_train,raw_feature,,,detector/relative_mahalanobis_raw,OOD-1,up,id_train,id_test_vs_tin,detector_declared,-0.07878787878787878,-0.08031145717463849,-0.7021450642303327,0.637109413886253,0.83991600839916,0.929718348919825,10,30,10000,20260805,float64,average,percentile_2.5_97.5,(extreme+1)/(resamples+1),dataset_checkpoint_endpoint_16x11,exploratory_association_not_causal
metric_contract_v1.2,c38b09694be88aa74de0741b39e9d3ba0d6ff61a,35a1a66f78dfd6255c4d804586ee6863969be78d21acec5cd0ccf00476ddaa5c,f80984d28ef9a7550633fb3aea514f783f3db1fa655a6d3f49850b10857e6afc,last,tin,auroc,ood_metric/auroc_id_positive,identity,CDNV,geometry/cdnv/mean,GEO-2,down,id_train,raw_feature,,,detector/vim_author_dim,OOD-1,up,id_train,id_test_vs_tin,detector_declared,0.4666666666666667,0.4353726362625139,-0.21883401025919225,0.8671482669917023,0.1775822417758224,0.5388702509059439,10,30,10000,20260805,float64,average,percentile_2.5_97.5,(extreme+1)/(resamples+1),dataset_checkpoint_endpoint_16x11,exploratory_association_not_causal
metric_contract_v1.2,c38b09694be88aa74de0741b39e9d3ba0d6ff61a,35a1a66f78dfd6255c4d804586ee6863969be78d21acec5cd0ccf00476ddaa5c,f80984d28ef9a7550633fb3aea514f783f3db1fa655a6d3f49850b10857e6afc,last,tin,auroc,ood_metric/auroc_id_positive,identity,CDNV,geometry/cdnv/mean,GEO-2,down,id_train,raw_feature,,,ood_score/energy_t1,OOD-1,up,,id_test_vs_tin,detector_declared,0.4909090909090909,0.5617352614015573,-0.07038195220013399,0.8353944781588565,0.15808419158084192,0.526987301269873,10,30,10000,20260805,float64,average,percentile_2.5_97.5,(extreme+1)/(resamples+1),dataset_checkpoint_endpoint_16x11,exploratory_association_not_causal
metric_contract_v1.2,c38b09694be88aa74de0741b39e9d3ba0d6ff61a,35a1a66f78dfd6255c4d804586ee6863969be78d21acec5cd0ccf00476ddaa5c,f80984d28ef9a7550633fb3aea514f783f3db1fa655a6d3f49850b10857e6afc,last,tin,auroc,ood_metric/auroc_id_positive,identity,CDNV,geometry/cdnv/mean,GEO-2,down,id_train,raw_feature,,,ood_score/max_logit,OOD-1,up,,id_test_vs_tin,detector_declared,0.5515151515151515,0.575083426028921,-0.047514418129671714,0.8431985704712978,0.10838916108389161,0.45420219882773627,10,30,10000,20260805,float64,average,percentile_2.5_97.5,(extreme+1)/(resamples+1),dataset_checkpoint_endpoint_16x11,exploratory_association_not_causal
metric_contract_v1.2,c38b09694be88aa74de0741b39e9d3ba0d6ff61a,35a1a66f78dfd6255c4d804586ee6863969be78d21acec5cd0ccf00476ddaa5c,f80984d28ef9a7550633fb3aea514f783f3db1fa655a6d3f49850b10857e6afc,last,tin,auroc,ood_metric/auroc_id_positive,identity,CDNV,geometry/cdnv/mean,GEO-2,down,id_train,raw_feature,,,ood_score/msp,OOD-1,up,,id_test_vs_tin,detector_declared,-0.01818181818181818,-0.05761957730812013,-0.5891861461085227,0.4613411651805197,0.9707029297070293,0.9863105643458643,10,30,10000,20260805,float64,average,percentile_2.5_97.5,(extreme+1)/(resamples+1),dataset_checkpoint_endpoint_16x11,exploratory_association_not_causal
metric_contract_v1.2,c38b09694be88aa74de0741b39e9d3ba0d6ff61a,35a1a66f78dfd6255c4d804586ee6863969be78d21acec5cd0ccf00476ddaa5c,f80984d28ef9a7550633fb3aea514f783f3db1fa655a6d3f49850b10857e6afc,last,tin,auroc,ood_metric/auroc_id_positive,identity,NC1,geometry/nc1_pinv,GEO-5,down,id_train,raw_feature,,,detector/ctm_prototype_cosine,OOD-1,up,id_train,id_test_vs_tin,detector_declared,-0.23636363636363636,-0.1746384872080089,-0.7076525717221671,0.6088200611943233,0.5148485151484852,0.7516756521069206,10,30,10000,20260805,float64,average,percentile_2.5_97.5,(extreme+1)/(resamples+1),dataset_checkpoint_endpoint_16x11,exploratory_association_not_causal
metric_contract_v1.2,c38b09694be88aa74de0741b39e9d3ba0d6ff61a,35a1a66f78dfd6255c4d804586ee6863969be78d21acec5cd0ccf00476ddaa5c,f80984d28ef9a7550633fb3aea514f783f3db1fa655a6d3f49850b10857e6afc,last,tin,auroc,ood_metric/auroc_id_positive,identity,NC1,geometry/nc1_pinv,GEO-5,down,id_train,raw_feature,,,detector/knn_l2_k50,OOD-1,up,id_train,id_test_vs_tin,detector_declared,0.07878787878787878,0.07719688542825362,-0.5747242918059103,0.8370535714285714,0.838016198380162,0.929718348919825,10,30,10000,20260805,float64,average,percentile_2.5_97.5,(extreme+1)/(resamples+1),dataset_checkpoint_endpoint_16x11,exploratory_association_not_causal
metric_contract_v1.2,c38b09694be88aa74de0741b39e9d3ba0d6ff61a,35a1a66f78dfd6255c4d804586ee6863969be78d21acec5cd0ccf00476ddaa5c,f80984d28ef9a7550633fb3aea514f783f3db1fa655a6d3f49850b10857e6afc,last,tin,auroc,ood_metric/auroc_id_positive,identity,NC1,geometry/nc1_pinv,GEO-5,down,id_train,raw_feature,,,detector/mahalanobis_pp,OOD-1,up,id_train,id_test_vs_tin,detector_declared,0.38181818181818183,0.3526140155728587,-0.40357851219824553,0.7577515056881553,0.2810718928107189,0.5960078690926088,10,30,10000,20260805,float64,average,percentile_2.5_97.5,(extreme+1)/(resamples+1),dataset_checkpoint_endpoint_16x11,exploratory_association_not_causal
metric_contract_v1.2,c38b09694be88aa74de0741b39e9d3ba0d6ff61a,35a1a66f78dfd6255c4d804586ee6863969be78d21acec5cd0ccf00476ddaa5c,f80984d28ef9a7550633fb3aea514f783f3db1fa655a6d3f49850b10857e6afc,last,tin,auroc,ood_metric/auroc_id_positive,identity,NC1,geometry/nc1_pinv,GEO-5,down,id_train,raw_feature,,,detector/mahalanobis_raw,OOD-1,up,id_train,id_test_vs_tin,detector_declared,-0.8666666666666667,-0.796218020022247,-0.9444960417876448,-0.3325147884008616,0.0027997200279972004,0.23825309776714637,10,30,10000,20260805,float64,average,percentile_2.5_97.5,(extreme+1)/(resamples+1),dataset_checkpoint_endpoint_16x11,exploratory_association_not_causal
metric_contract_v1.2,c38b09694be88aa74de0741b39e9d3ba0d6ff61a,35a1a66f78dfd6255c4d804586ee6863969be78d21acec5cd0ccf00476ddaa5c,f80984d28ef9a7550633fb3aea514f783f3db1fa655a6d3f49850b10857e6afc,last,tin,auroc,ood_metric/auroc_id_positive,identity,NC1,geometry/nc1_pinv,GEO-5,down,id_train,raw_feature,,,detector/neco_author_std_dim100,OOD-1,up,id_train,id_test_vs_tin,detector_declared,-0.696969696969697,-0.6636262513904339,-0.9212743633575103,-0.09534686961533596,0.0301969803019698,0.23825309776714637,10,30,10000,20260805,float64,average,percentile_2.5_97.5,(extreme+1)/(resamples+1),dataset_checkpoint_endpoint_16x11,exploratory_association_not_causal
metric_contract_v1.2,c38b09694be88aa74de0741b39e9d3ba0d6ff61a,35a1a66f78dfd6255c4d804586ee6863969be78d21acec5cd0ccf00476ddaa5c,f80984d28ef9a7550633fb3aea514f783f3db1fa655a6d3f49850b10857e6afc,last,tin,auroc,ood_metric/auroc_id_positive,identity,NC1,geometry/nc1_pinv,GEO-5,down,id_train,raw_feature,,,detector/relative_mahalanobis_pp,OOD-1,up,id_train,id_test_vs_tin,detector_declared,-0.3939393939393939,-0.3753058954393771,-0.8641968468426781,0.4168663868941467,0.26777322267773224,0.589101089891011,10,30,10000,20260805,float64,average,percentile_2.5_97.5,(extreme+1)/(resamples+1),dataset_checkpoint_endpoint_16x11,exploratory_association_not_causal
metric_contract_v1.2,c38b09694be88aa74de0741b39e9d3ba0d6ff61a,35a1a66f78dfd6255c4d804586ee6863969be78d21acec5cd0ccf00476ddaa5c,f80984d28ef9a7550633fb3aea514f783f3db1fa655a6d3f49850b10857e6afc,last,tin,auroc,ood_metric/auroc_id_positive,identity,NC1,geometry/nc1_pinv,GEO-5,down,id_train,raw_feature,,,detector/relative_mahalanobis_raw,OOD-1,up,id_train,id_test_vs_tin,detector_declared,-0.3575757575757576,-0.3628476084538376,-0.8016173589867507,0.3446874207442133,0.31956804319568044,0.6028333336879078,10,30,10000,20260805,float64,average,percentile_2.5_97.5,(extreme+1)/(resamples+1),dataset_checkpoint_endpoint_16x11,exploratory_association_not_causal
metric_contract_v1.2,c38b09694be88aa74de0741b39e9d3ba0d6ff61a,35a1a66f78dfd6255c4d804586ee6863969be78d21acec5cd0ccf00476ddaa5c,f80984d28ef9a7550633fb3aea514f783f3db1fa655a6d3f49850b10857e6afc,last,tin,auroc,ood_metric/auroc_id_positive,identity,NC1,geometry/nc1_pinv,GEO-5,down,id_train,raw_feature,,,detector/vim_author_dim,OOD-1,up,id_train,id_test_vs_tin,detector_declared,0.16363636363636364,0.19733036707452725,-0.47127694136091686,0.7784379837062781,0.6539346065393461,0.8221600375173751,10,30,10000,20260805,float64,average,percentile_2.5_97.5,(extreme+1)/(resamples+1),dataset_checkpoint_endpoint_16x11,exploratory_association_not_causal
metric_contract_v1.2,c38b09694be88aa74de0741b39e9d3ba0d6ff61a,35a1a66f78dfd6255c4d804586ee6863969be78d21acec5cd0ccf00476ddaa5c,f80984d28ef9a7550633fb3aea514f783f3db1fa655a6d3f49850b10857e6afc,last,tin,auroc,ood_metric/auroc_id_positive,identity,NC1,geometry/nc1_pinv,GEO-5,down,id_train,raw_feature,,,ood_score/energy_t1,OOD-1,up,,id_test_vs_tin,detector_declared,0.6121212121212121,0.6614015572858732,0.12908828820356022,0.8563485984452683,0.07279272072792721,0.33714523284513653,10,30,10000,20260805,float64,average,percentile_2.5_97.5,(extreme+1)/(resamples+1),dataset_checkpoint_endpoint_16x11,exploratory_association_not_causal
metric_contract_v1.2,c38b09694be88aa74de0741b39e9d3ba0d6ff61a,35a1a66f78dfd6255c4d804586ee6863969be78d21acec5cd0ccf00476ddaa5c,f80984d28ef9a7550633fb3aea514f783f3db1fa655a6d3f49850b10857e6afc,last,tin,auroc,ood_metric/auroc_id_positive,identity,NC1,geometry/nc1_pinv,GEO-5,down,id_train,raw_feature,,,ood_score/max_logit,OOD-1,up,,id_test_vs_tin,detector_declared,0.6484848484848484,0.6796440489432704,0.1623737207929683,0.8639349505150195,0.05089491050894911,0.2922374429223744,10,30,10000,20260805,float64,average,percentile_2.5_97.5,(extreme+1)/(resamples+1),dataset_checkpoint_endpoint_16x11,exploratory_association_not_causal
metric_contract_v1.2,c38b09694be88aa74de0741b39e9d3ba0d6ff61a,35a1a66f78dfd6255c4d804586ee6863969be78d21acec5cd0ccf00476ddaa5c,f80984d28ef9a7550633fb3aea514f783f3db1fa655a6d3f49850b10857e6afc,last,tin,auroc,ood_metric/auroc_id_positive,identity,NC1,geometry/nc1_pinv,GEO-5,down,id_train,raw_feature,,,ood_score/msp,OOD-1,up,,id_test_vs_tin,detector_declared,-0.3696969696969697,-0.31301446051167964,-0.7140375829510092,0.26879429785222203,0.29687031296870314,0.6011720667013759,10,30,10000,20260805,float64,average,percentile_2.5_97.5,(extreme+1)/(resamples+1),dataset_checkpoint_endpoint_16x11,exploratory_association_not_causal
metric_contract_v1.2,c38b09694be88aa74de0741b39e9d3ba0d6ff61a,35a1a66f78dfd6255c4d804586ee6863969be78d21acec5cd0ccf00476ddaa5c,f80984d28ef9a7550633fb3aea514f783f3db1fa655a6d3f49850b10857e6afc,last,tin,auroc,ood_metric/auroc_id_positive,identity,NC2 equinorm,geometry/nc2_equinorm,GEO-6,down,id_train,raw_feature,,,detector/ctm_prototype_cosine,OOD-1,up,id_train,id_test_vs_tin,detector_declared,0.17575757575757575,0.22091212458286985,-0.5690616196626584,0.8466722154829197,0.6266373362663734,0.8050231473203046,10,30,10000,20260805,float64,average,percentile_2.5_97.5,(extreme+1)/(resamples+1),dataset_checkpoint_endpoint_16x11,exploratory_association_not_causal
metric_contract_v1.2,c38b09694be88aa74de0741b39e9d3ba0d6ff61a,35a1a66f78dfd6255c4d804586ee6863969be78d21acec5cd0ccf00476ddaa5c,f80984d28ef9a7550633fb3aea514f783f3db1fa655a6d3f49850b10857e6afc,last,tin,auroc,ood_metric/auroc_id_positive,identity,NC2 equinorm,geometry/nc2_equinorm,GEO-6,down,id_train,raw_feature,,,detector/knn_l2_k50,OOD-1,up,id_train,id_test_vs_tin,detector_declared,0.4303030303030303,0.4068965517241379,-0.28863198879756535,0.8379467383137229,0.21537846215378462,0.5574501373392072,10,30,10000,20260805,float64,average,percentile_2.5_97.5,(extreme+1)/(resamples+1),dataset_checkpoint_endpoint_16x11,exploratory_association_not_causal
metric_contract_v1.2,c38b09694be88aa74de0741b39e9d3ba0d6ff61a,35a1a66f78dfd6255c4d804586ee6863969be78d21acec5cd0ccf00476ddaa5c,f80984d28ef9a7550633fb3aea514f783f3db1fa655a6d3f49850b10857e6afc,last,tin,auroc,ood_metric/auroc_id_positive,identity,NC2 equinorm,geometry/nc2_equinorm,GEO-6,down,id_train,raw_feature,,,detector/mahalanobis_pp,OOD-1,up,id_train,id_test_vs_tin,detector_declared,0.5878787878787879,0.5595105672969967,-0.059621700919722034,0.865163599052481,0.07979202079792021,0.3600870682162553,10,30,10000,20260805,float64,average,percentile_2.5_97.5,(extreme+1)/(resamples+1),dataset_checkpoint_endpoint_16x11,exploratory_association_not_causal
metric_contract_v1.2,c38b09694be88aa74de0741b39e9d3ba0d6ff61a,35a1a66f78dfd6255c4d804586ee6863969be78d21acec5cd0ccf00476ddaa5c,f80984d28ef9a7550633fb3aea514f783f3db1fa655a6d3f49850b10857e6afc,last,tin,auroc,ood_metric/auroc_id_positive,identity,NC2 equinorm,geometry/nc2_equinorm,GEO-6,down,id_train,raw_feature,,,detector/mahalanobis_raw,OOD-1,up,id_train,id_test_vs_tin,detector_declared,-0.7090909090909091,-0.7112347052280311,-0.8701762212803926,-0.1859018401459985,0.030596940305969402,0.23825309776714637,10,30,10000,20260805,float64,average,percentile_2.5_97.5,(extreme+1)/(resamples+1),dataset_checkpoint_endpoint_16x11,exploratory_association_not_causal
metric_contract_v1.2,c38b09694be88aa74de0741b39e9d3ba0d6ff61a,35a1a66f78dfd6255c4d804586ee6863969be78d21acec5cd0ccf00476ddaa5c,f80984d28ef9a7550633fb3aea514f783f3db1fa655a6d3f49850b10857e6afc,last,tin,auroc,ood_metric/auroc_id_positive,identity,NC2 equinorm,geometry/nc2_equinorm,GEO-6,down,id_train,raw_feature,,,detector/neco_author_std_dim100,OOD-1,up,id_train,id_test_vs_tin,detector_declared,-0.47878787878787876,-0.4967741935483871,-0.8229257101841372,0.14273269727815177,0.1628837116288371,0.526987301269873,10,30,10000,20260805,float64,average,percentile_2.5_97.5,(extreme+1)/(resamples+1),dataset_checkpoint_endpoint_16x11,exploratory_association_not_causal
metric_contract_v1.2,c38b09694be88aa74de0741b39e9d3ba0d6ff61a,35a1a66f78dfd6255c4d804586ee6863969be78d21acec5cd0ccf00476ddaa5c,f80984d28ef9a7550633fb3aea514f783f3db1fa655a6d3f49850b10857e6afc,last,tin,auroc,ood_metric/auroc_id_positive,identity,NC2 equinorm,geometry/nc2_equinorm,GEO-6,down,id_train,raw_feature,,,detector/relative_mahalanobis_pp,OOD-1,up,id_train,id_test_vs_tin,detector_declared,-0.28484848484848485,-0.21468298109010012,-0.7351762579931321,0.4521563175878806,0.42825717428257176,0.6740281724039986,10,30,10000,20260805,float64,average,percentile_2.5_97.5,(extreme+1)/(resamples+1),dataset_checkpoint_endpoint_16x11,exploratory_association_not_causal
metric_contract_v1.2,c38b09694be88aa74de0741b39e9d3ba0d6ff61a,35a1a66f78dfd6255c4d804586ee6863969be78d21acec5cd0ccf00476ddaa5c,f80984d28ef9a7550633fb3aea514f783f3db1fa655a6d3f49850b10857e6afc,last,tin,auroc,ood_metric/auroc_id_positive,identity,NC2 equinorm,geometry/nc2_equinorm,GEO-6,down,id_train,raw_feature,,,detector/relative_mahalanobis_raw,OOD-1,up,id_train,id_test_vs_tin,detector_declared,-0.21212121212121213,-0.12836484983314794,-0.6741039227270769,0.5460879912757409,0.5648435156484352,0.7532580075325801,10,30,10000,20260805,float64,average,percentile_2.5_97.5,(extreme+1)/(resamples+1),dataset_checkpoint_endpoint_16x11,exploratory_association_not_causal
metric_contract_v1.2,c38b09694be88aa74de0741b39e9d3ba0d6ff61a,35a1a66f78dfd6255c4d804586ee6863969be78d21acec5cd0ccf00476ddaa5c,f80984d28ef9a7550633fb3aea514f783f3db1fa655a6d3f49850b10857e6afc,last,tin,auroc,ood_metric/auroc_id_positive,identity,NC2 equinorm,geometry/nc2_equinorm,GEO-6,down,id_train,raw_feature,,,detector/vim_author_dim,OOD-1,up,id_train,id_test_vs_tin,detector_declared,0.3939393939393939,0.3775305895439377,-0.28374704968872727,0.7900497799456047,0.2663733626637336,0.589101089891011,10,30,10000,20260805,float64,average,percentile_2.5_97.5,(extreme+1)/(resamples+1),dataset_checkpoint_endpoint_16x11,exploratory_association_not_causal
metric_contract_v1.2,c38b09694be88aa74de0741b39e9d3ba0d6ff61a,35a1a66f78dfd6255c4d804586ee6863969be78d21acec5cd0ccf00476ddaa5c,f80984d28ef9a7550633fb3aea514f783f3db1fa655a6d3f49850b10857e6afc,last,tin,auroc,ood_metric/auroc_id_positive,identity,NC2 equinorm,geometry/nc2_equinorm,GEO-6,down,id_train,raw_feature,,,ood_score/energy_t1,OOD-1,up,,id_test_vs_tin,detector_declared,0.696969696969697,0.6458286985539489,0.08812749452823665,0.8653610417827997,0.028597140285971403,0.23825309776714637,10,30,10000,20260805,float64,average,percentile_2.5_97.5,(extreme+1)/(resamples+1),dataset_checkpoint_endpoint_16x11,exploratory_association_not_causal
metric_contract_v1.2,c38b09694be88aa74de0741b39e9d3ba0d6ff61a,35a1a66f78dfd6255c4d804586ee6863969be78d21acec5cd0ccf00476ddaa5c,f80984d28ef9a7550633fb3aea514f783f3db1fa655a6d3f49850b10857e6afc,last,tin,auroc,ood_metric/auroc_id_positive,identity,NC2 equinorm,geometry/nc2_equinorm,GEO-6,down,id_train,raw_feature,,,ood_score/max_logit,OOD-1,up,,id_test_vs_tin,detector_declared,0.7696969696969697,0.6578420467185762,0.10353705097009673,0.8667915151356319,0.013298670132986702,0.23825309776714637,10,30,10000,20260805,float64,average,percentile_2.5_97.5,(extreme+1)/(resamples+1),dataset_checkpoint_endpoint_16x11,exploratory_association_not_causal
metric_contract_v1.2,c38b09694be88aa74de0741b39e9d3ba0d6ff61a,35a1a66f78dfd6255c4d804586ee6863969be78d21acec5cd0ccf00476ddaa5c,f80984d28ef9a7550633fb3aea514f783f3db1fa655a6d3f49850b10857e6afc,last,tin,auroc,ood_metric/auroc_id_positive,identity,NC2 equinorm,geometry/nc2_equinorm,GEO-6,down,id_train,raw_feature,,,ood_score/msp,OOD-1,up,,id_test_vs_tin,detector_declared,0.2606060606060606,0.20845383759733035,-0.45753973233719464,0.701234489981603,0.46665333466653336,0.708025749149223,10,30,10000,20260805,float64,average,percentile_2.5_97.5,(extreme+1)/(resamples+1),dataset_checkpoint_endpoint_16x11,exploratory_association_not_causal
metric_contract_v1.2,c38b09694be88aa74de0741b39e9d3ba0d6ff61a,35a1a66f78dfd6255c4d804586ee6863969be78d21acec5cd0ccf00476ddaa5c,f80984d28ef9a7550633fb3aea514f783f3db1fa655a6d3f49850b10857e6afc,last,tin,auroc,ood_metric/auroc_id_positive,identity,NC2 equiangular,geometry/nc2_equiangular,GEO-6,down,id_train,raw_feature,,,detector/ctm_prototype_cosine,OOD-1,up,id_train,id_test_vs_tin,detector_declared,0.2,0.1799777530589544,-0.5192706162379506,0.72035493535778,0.579042095790421,0.7662511944294292,10,30,10000,20260805,float64,average,percentile_2.5_97.5,(extreme+1)/(resamples+1),dataset_checkpoint_endpoint_16x11,exploratory_association_not_causal
metric_contract_v1.2,c38b09694be88aa74de0741b39e9d3ba0d6ff61a,35a1a66f78dfd6255c4d804586ee6863969be78d21acec5cd0ccf00476ddaa5c,f80984d28ef9a7550633fb3aea514f783f3db1fa655a6d3f49850b10857e6afc,last,tin,auroc,ood_metric/auroc_id_positive,identity,NC2 equiangular,geometry/nc2_equiangular,GEO-6,down,id_train,raw_feature,,,detector/knn_l2_k50,OOD-1,up,id_train,id_test_vs_tin,detector_declared,0.3575757575757576,0.2716351501668521,-0.34599061871789144,0.6834885806746652,0.31026897310268975,0.6028333336879078,10,30,10000,20260805,float64,average,percentile_2.5_97.5,(extreme+1)/(resamples+1),dataset_checkpoint_endpoint_16x11,exploratory_association_not_causal
metric_contract_v1.2,c38b09694be88aa74de0741b39e9d3ba0d6ff61a,35a1a66f78dfd6255c4d804586ee6863969be78d21acec5cd0ccf00476ddaa5c,f80984d28ef9a7550633fb3aea514f783f3db1fa655a6d3f49850b10857e6afc,last,tin,auroc,ood_metric/auroc_id_positive,identity,NC2 equiangular,geometry/nc2_equiangular,GEO-6,down,id_train,raw_feature,,,detector/mahalanobis_pp,OOD-1,up,id_train,id_test_vs_tin,detector_declared,0.47878787878787876,0.30055617352614017,-0.24698168446385715,0.6234104998234414,0.1630836916308369,0.526987301269873,10,30,10000,20260805,float64,average,percentile_2.5_97.5,(extreme+1)/(resamples+1),dataset_checkpoint_endpoint_16x11,exploratory_association_not_causal
metric_contract_v1.2,c38b09694be88aa74de0741b39e9d3ba0d6ff61a,35a1a66f78dfd6255c4d804586ee6863969be78d21acec5cd0ccf00476ddaa5c,f80984d28ef9a7550633fb3aea514f783f3db1fa655a6d3f49850b10857e6afc,last,tin,auroc,ood_metric/auroc_id_positive,identity,NC2 equiangular,geometry/nc2_equiangular,GEO-6,down,id_train,raw_feature,,,detector/mahalanobis_raw,OOD-1,up,id_train,id_test_vs_tin,detector_declared,-0.4909090909090909,-0.5995550611790879,-0.8945722582086219,0.04192357023601905,0.15458454154584542,0.526987301269873,10,30,10000,20260805,float64,average,percentile_2.5_97.5,(extreme+1)/(resamples+1),dataset_checkpoint_endpoint_16x11,exploratory_association_not_causal
metric_contract_v1.2,c38b09694be88aa74de0741b39e9d3ba0d6ff61a,35a1a66f78dfd6255c4d804586ee6863969be78d21acec5cd0ccf00476ddaa5c,f80984d28ef9a7550633fb3aea514f783f3db1fa655a6d3f49850b10857e6afc,last,tin,auroc,ood_metric/auroc_id_positive,identity,NC2 equiangular,geometry/nc2_equiangular,GEO-6,down,id_train,raw_feature,,,detector/neco_author_std_dim100,OOD-1,up,id_train,id_test_vs_tin,detector_declared,-0.3696969696969697,-0.49632925472747497,-0.8557178806169274,0.08736650953719553,0.29017098290170984,0.600824623420011,10,30,10000,20260805,float64,average,percentile_2.5_97.5,(extreme+1)/(resamples+1),dataset_checkpoint_endpoint_16x11,exploratory_association_not_causal
metric_contract_v1.2,c38b09694be88aa74de0741b39e9d3ba0d6ff61a,35a1a66f78dfd6255c4d804586ee6863969be78d21acec5cd0ccf00476ddaa5c,f80984d28ef9a7550633fb3aea514f783f3db1fa655a6d3f49850b10857e6afc,last,tin,auroc,ood_metric/auroc_id_positive,identity,NC2 equiangular,geometry/nc2_equiangular,GEO-6,down,id_train,raw_feature,,,detector/relative_mahalanobis_pp,OOD-1,up,id_train,id_test_vs_tin,detector_declared,-0.15151515151515152,-0.1546162402669633,-0.6656696179781543,0.5578853446352888,0.6867313268673133,0.839338288393383,10,30,10000,20260805,float64,average,percentile_2.5_97.5,(extreme+1)/(resamples+1),dataset_checkpoint_endpoint_16x11,exploratory_association_not_causal
metric_contract_v1.2,c38b09694be88aa74de0741b39e9d3ba0d6ff61a,35a1a66f78dfd6255c4d804586ee6863969be78d21acec5cd0ccf00476ddaa5c,f80984d28ef9a7550633fb3aea514f783f3db1fa655a6d3f49850b10857e6afc,last,tin,auroc,ood_metric/auroc_id_positive,identity,NC2 equiangular,geometry/nc2_equiangular,GEO-6,down,id_train,raw_feature,,,detector/relative_mahalanobis_raw,OOD-1,up,id_train,id_test_vs_tin,detector_declared,-0.17575757575757575,-0.07942157953281424,-0.6388444036384378,0.6185908934210594,0.6380361963803619,0.8137273229198818,10,30,10000,20260805,float64,average,percentile_2.5_97.5,(extreme+1)/(resamples+1),dataset_checkpoint_endpoint_16x11,exploratory_association_not_causal
metric_contract_v1.2,c38b09694be88aa74de0741b39e9d3ba0d6ff61a,35a1a66f78dfd6255c4d804586ee6863969be78d21acec5cd0ccf00476ddaa5c,f80984d28ef9a7550633fb3aea514f783f3db1fa655a6d3f49850b10857e6afc,last,tin,auroc,ood_metric/auroc_id_positive,identity,NC2 equiangular,geometry/nc2_equiangular,GEO-6,down,id_train,raw_feature,,,detector/vim_author_dim,OOD-1,up,id_train,id_test_vs_tin,detector_declared,0.34545454545454546,0.24271412680756396,-0.3182449587171244,0.709626982354255,0.3281671832816718,0.6060393960603939,10,30,10000,20260805,float64,average,percentile_2.5_97.5,(extreme+1)/(resamples+1),dataset_checkpoint_endpoint_16x11,exploratory_association_not_causal
metric_contract_v1.2,c38b09694be88aa74de0741b39e9d3ba0d6ff61a,35a1a66f78dfd6255c4d804586ee6863969be78d21acec5cd0ccf00476ddaa5c,f80984d28ef9a7550633fb3aea514f783f3db1fa655a6d3f49850b10857e6afc,last,tin,auroc,ood_metric/auroc_id_positive,identity,NC2 equiangular,geometry/nc2_equiangular,GEO-6,down,id_train,raw_feature,,,ood_score/energy_t1,OOD-1,up,,id_test_vs_tin,detector_declared,0.5272727272727272,0.5132369299221357,0.06273174000446731,0.7435454047015077,0.1166883311668833,0.47760805314817356,10,30,10000,20260805,float64,average,percentile_2.5_97.5,(extreme+1)/(resamples+1),dataset_checkpoint_endpoint_16x11,exploratory_association_not_causal
metric_contract_v1.2,c38b09694be88aa74de0741b39e9d3ba0d6ff61a,35a1a66f78dfd6255c4d804586ee6863969be78d21acec5cd0ccf00476ddaa5c,f80984d28ef9a7550633fb3aea514f783f3db1fa655a6d3f49850b10857e6afc,last,tin,auroc,ood_metric/auroc_id_positive,identity,NC2 equiangular,geometry/nc2_equiangular,GEO-6,down,id_train,raw_feature,,,ood_score/max_logit,OOD-1,up,,id_test_vs_tin,detector_declared,0.6242424242424243,0.5225806451612903,0.06570980040367795,0.7507830213839882,0.05469453054694531,0.2922374429223744,10,30,10000,20260805,float64,average,percentile_2.5_97.5,(extreme+1)/(resamples+1),dataset_checkpoint_endpoint_16x11,exploratory_association_not_causal
metric_contract_v1.2,c38b09694be88aa74de0741b39e9d3ba0d6ff61a,35a1a66f78dfd6255c4d804586ee6863969be78d21acec5cd0ccf00476ddaa5c,f80984d28ef9a7550633fb3aea514f783f3db1fa655a6d3f49850b10857e6afc,last,tin,auroc,ood_metric/auroc_id_positive,identity,NC2 equiangular,geometry/nc2_equiangular,GEO-6,down,id_train,raw_feature,,,ood_score/msp,OOD-1,up,,id_test_vs_tin,detector_declared,0.28484848484848485,0.27030033370411566,-0.45636094079977857,0.6014314471035562,0.43275672432756723,0.6740281724039986,10,30,10000,20260805,float64,average,percentile_2.5_97.5,(extreme+1)/(resamples+1),dataset_checkpoint_endpoint_16x11,exploratory_association_not_causal
metric_contract_v1.2,c38b09694be88aa74de0741b39e9d3ba0d6ff61a,35a1a66f78dfd6255c4d804586ee6863969be78d21acec5cd0ccf00476ddaa5c,f80984d28ef9a7550633fb3aea514f783f3db1fa655a6d3f49850b10857e6afc,last,tin,auroc,ood_metric/auroc_id_positive,identity,NC2 ETF,geometry/nc2_etf_raw,GEO-6,down,id_train,raw_feature,,,detector/ctm_prototype_cosine,OOD-1,up,id_train,id_test_vs_tin,detector_declared,0.22424242424242424,0.1982202447163515,-0.5319724590154087,0.7878155014518649,0.531046895310469,0.7532580075325801,10,30,10000,20260805,float64,average,percentile_2.5_97.5,(extreme+1)/(resamples+1),dataset_checkpoint_endpoint_16x11,exploratory_association_not_causal
metric_contract_v1.2,c38b09694be88aa74de0741b39e9d3ba0d6ff61a,35a1a66f78dfd6255c4d804586ee6863969be78d21acec5cd0ccf00476ddaa5c,f80984d28ef9a7550633fb3aea514f783f3db1fa655a6d3f49850b10857e6afc,last,tin,auroc,ood_metric/auroc_id_positive,identity,NC2 ETF,geometry/nc2_etf_raw,GEO-6,down,id_train,raw_feature,,,detector/knn_l2_k50,OOD-1,up,id_train,id_test_vs_tin,detector_declared,0.4303030303030303,0.3303670745272525,-0.3151766819128665,0.7297360940218082,0.21347865213478653,0.5574501373392072,10,30,10000,20260805,float64,average,percentile_2.5_97.5,(extreme+1)/(resamples+1),dataset_checkpoint_endpoint_16x11,exploratory_association_not_causal
metric_contract_v1.2,c38b09694be88aa74de0741b39e9d3ba0d6ff61a,35a1a66f78dfd6255c4d804586ee6863969be78d21acec5cd0ccf00476ddaa5c,f80984d28ef9a7550633fb3aea514f783f3db1fa655a6d3f49850b10857e6afc,last,tin,auroc,ood_metric/auroc_id_positive,identity,NC2 ETF,geometry/nc2_etf_raw,GEO-6,down,id_train,raw_feature,,,detector/mahalanobis_pp,OOD-1,up,id_train,id_test_vs_tin,detector_declared,0.4909090909090909,0.39488320355951056,-0.2119021010281627,0.7269497345329525,0.1494850514948505,0.5261873812618737,10,30,10000,20260805,float64,average,percentile_2.5_97.5,(extreme+1)/(resamples+1),dataset_checkpoint_endpoint_16x11,exploratory_association_not_causal
metric_contract_v1.2,c38b09694be88aa74de0741b39e9d3ba0d6ff61a,35a1a66f78dfd6255c4d804586ee6863969be78d21acec5cd0ccf00476ddaa5c,f80984d28ef9a7550633fb3aea514f783f3db1fa655a6d3f49850b10857e6afc,last,tin,auroc,ood_metric/auroc_id_positive,identity,NC2 ETF,geometry/nc2_etf_raw,GEO-6,down,id_train,raw_feature,,,detector/mahalanobis_raw,OOD-1,up,id_train,id_test_vs_tin,detector_declared,-0.6242424242424243,-0.6293659621802002,-0.9026133571588117,-0.016054945515173027,0.06329367063293671,0.3109022431090225,10,30,10000,20260805,float64,average,percentile_2.5_97.5,(extreme+1)/(resamples+1),dataset_checkpoint_endpoint_16x11,exploratory_association_not_causal
metric_contract_v1.2,c38b09694be88aa74de0741b39e9d3ba0d6ff61a,35a1a66f78dfd6255c4d804586ee6863969be78d21acec5cd0ccf00476ddaa5c,f80984d28ef9a7550633fb3aea514f783f3db1fa655a6d3f49850b10857e6afc,last,tin,auroc,ood_metric/auroc_id_positive,identity,NC2 ETF,geometry/nc2_etf_raw,GEO-6,down,id_train,raw_feature,,,detector/neco_author_std_dim100,OOD-1,up,id_train,id_test_vs_tin,detector_declared,-0.5272727272727272,-0.5261401557285873,-0.8606751605136437,0.04197858915678168,0.12098790120987901,0.483951604839516,10,30,10000,20260805,float64,average,percentile_2.5_97.5,(extreme+1)/(resamples+1),dataset_checkpoint_endpoint_16x11,exploratory_association_not_causal
metric_contract_v1.2,c38b09694be88aa74de0741b39e9d3ba0d6ff61a,35a1a66f78dfd6255c4d804586ee6863969be78d21acec5cd0ccf00476ddaa5c,f80984d28ef9a7550633fb3aea514f783f3db1fa655a6d3f49850b10857e6afc,last,tin,auroc,ood_metric/auroc_id_positive,identity,NC2 ETF,geometry/nc2_etf_raw,GEO-6,down,id_train,raw_feature,,,detector/relative_mahalanobis_pp,OOD-1,up,id_train,id_test_vs_tin,detector_declared,-0.16363636363636364,-0.1621802002224694,-0.6984659857035131,0.5428854754428378,0.6596340365963403,0.8221600375173751,10,30,10000,20260805,float64,average,percentile_2.5_97.5,(extreme+1)/(resamples+1),dataset_checkpoint_endpoint_16x11,exploratory_association_not_causal
metric_contract_v1.2,c38b09694be88aa74de0741b39e9d3ba0d6ff61a,35a1a66f78dfd6255c4d804586ee6863969be78d21acec5cd0ccf00476ddaa5c,f80984d28ef9a7550633fb3aea514f783f3db1fa655a6d3f49850b10857e6afc,last,tin,auroc,ood_metric/auroc_id_positive,identity,NC2 ETF,geometry/nc2_etf_raw,GEO-6,down,id_train,raw_feature,,,detector/relative_mahalanobis_raw,OOD-1,up,id_train,id_test_vs_tin,detector_declared,-0.12727272727272726,-0.1003337041156841,-0.6554863719536691,0.5925342248103969,0.7353264673532647,0.8627830550278306,10,30,10000,20260805,float64,average,percentile_2.5_97.5,(extreme+1)/(resamples+1),dataset_checkpoint_endpoint_16x11,exploratory_association_not_causal
metric_contract_v1.2,c38b09694be88aa74de0741b39e9d3ba0d6ff61a,35a1a66f78dfd6255c4d804586ee6863969be78d21acec5cd0ccf00476ddaa5c,f80984d28ef9a7550633fb3aea514f783f3db1fa655a6d3f49850b10857e6afc,last,tin,auroc,ood_metric/auroc_id_positive,identity,NC2 ETF,geometry/nc2_etf_raw,GEO-6,down,id_train,raw_feature,,,detector/vim_author_dim,OOD-1,up,id_train,id_test_vs_tin,detector_declared,0.41818181818181815,0.3303670745272525,-0.24924210147891748,0.7448137407985724,0.23207679232076792,0.5698936955619507,10,30,10000,20260805,float64,average,percentile_2.5_97.5,(extreme+1)/(resamples+1),dataset_checkpoint_endpoint_16x11,exploratory_association_not_causal
metric_contract_v1.2,c38b09694be88aa74de0741b39e9d3ba0d6ff61a,35a1a66f78dfd6255c4d804586ee6863969be78d21acec5cd0ccf00476ddaa5c,f80984d28ef9a7550633fb3aea514f783f3db1fa655a6d3f49850b10857e6afc,last,tin,auroc,ood_metric/auroc_id_positive,identity,NC2 ETF,geometry/nc2_etf_raw,GEO-6,down,id_train,raw_feature,,,ood_score/energy_t1,OOD-1,up,,id_test_vs_tin,detector_declared,0.6121212121212121,0.578642936596218,0.05730726670945276,0.7956123967928109,0.06359364063593641,0.3109022431090225,10,30,10000,20260805,float64,average,percentile_2.5_97.5,(extreme+1)/(resamples+1),dataset_checkpoint_endpoint_16x11,exploratory_association_not_causal
metric_contract_v1.2,c38b09694be88aa74de0741b39e9d3ba0d6ff61a,35a1a66f78dfd6255c4d804586ee6863969be78d21acec5cd0ccf00476ddaa5c,f80984d28ef9a7550633fb3aea514f783f3db1fa655a6d3f49850b10857e6afc,last,tin,auroc,ood_metric/auroc_id_positive,identity,NC2 ETF,geometry/nc2_etf_raw,GEO-6,down,id_train,raw_feature,,,ood_score/max_logit,OOD-1,up,,id_test_vs_tin,detector_declared,0.7090909090909091,0.5911012235817575,0.07475312835059174,0.8039443697677349,0.026197380261973803,0.23825309776714637,10,30,10000,20260805,float64,average,percentile_2.5_97.5,(extreme+1)/(resamples+1),dataset_checkpoint_endpoint_16x11,exploratory_association_not_causal
metric_contract_v1.2,c38b09694be88aa74de0741b39e9d3ba0d6ff61a,35a1a66f78dfd6255c4d804586ee6863969be78d21acec5cd0ccf00476ddaa5c,f80984d28ef9a7550633fb3aea514f783f3db1fa655a6d3f49850b10857e6afc,last,tin,auroc,ood_metric/auroc_id_positive,identity,NC2 ETF,geometry/nc2_etf_raw,GEO-6,down,id_train,raw_feature,,,ood_score/msp,OOD-1,up,,id_test_vs_tin,detector_declared,0.3090909090909091,0.2538375973303671,-0.4868873692621373,0.6206792269662076,0.38586141385861417,0.6575650127294962,10,30,10000,20260805,float64,average,percentile_2.5_97.5,(extreme+1)/(resamples+1),dataset_checkpoint_endpoint_16x11,exploratory_association_not_causal
metric_contract_v1.2,c38b09694be88aa74de0741b39e9d3ba0d6ff61a,35a1a66f78dfd6255c4d804586ee6863969be78d21acec5cd0ccf00476ddaa5c,f80984d28ef9a7550633fb3aea514f783f3db1fa655a6d3f49850b10857e6afc,last,tin,auroc,ood_metric/auroc_id_positive,identity,NC3,geometry/nc3_self_duality_raw,GEO-8,down,id_train,raw_feature,,,detector/ctm_prototype_cosine,OOD-1,up,id_train,id_test_vs_tin,detector_declared,-0.296969696969697,-0.3170189098998888,-0.7851239669421488,0.42825371562046854,0.4092590740925907,0.6740281724039986,10,30,10000,20260805,float64,average,percentile_2.5_97.5,(extreme+1)/(resamples+1),dataset_checkpoint_endpoint_16x11,exploratory_association_not_causal
metric_contract_v1.2,c38b09694be88aa74de0741b39e9d3ba0d6ff61a,35a1a66f78dfd6255c4d804586ee6863969be78d21acec5cd0ccf00476ddaa5c,f80984d28ef9a7550633fb3aea514f783f3db1fa655a6d3f49850b10857e6afc,last,tin,auroc,ood_metric/auroc_id_positive,identity,NC3,geometry/nc3_self_duality_raw,GEO-8,down,id_train,raw_feature,,,detector/knn_l2_k50,OOD-1,up,id_train,id_test_vs_tin,detector_declared,-0.21212121212121213,-0.2400444938820912,-0.714100649972279,0.6316210212187666,0.559044095590441,0.7532580075325801,10,30,10000,20260805,float64,average,percentile_2.5_97.5,(extreme+1)/(resamples+1),dataset_checkpoint_endpoint_16x11,exploratory_association_not_causal
metric_contract_v1.2,c38b09694be88aa74de0741b39e9d3ba0d6ff61a,35a1a66f78dfd6255c4d804586ee6863969be78d21acec5cd0ccf00476ddaa5c,f80984d28ef9a7550633fb3aea514f783f3db1fa655a6d3f49850b10857e6afc,last,tin,auroc,ood_metric/auroc_id_positive,identity,NC3,geometry/nc3_self_duality_raw,GEO-8,down,id_train,raw_feature,,,detector/mahalanobis_pp,OOD-1,up,id_train,id_test_vs_tin,detector_declared,-0.16363636363636364,-0.22981090100111234,-0.7061974349542476,0.3687143753749861,0.6633336666333367,0.8221600375173751,10,30,10000,20260805,float64,average,percentile_2.5_97.5,(extreme+1)/(resamples+1),dataset_checkpoint_endpoint_16x11,exploratory_association_not_causal
metric_contract_v1.2,c38b09694be88aa74de0741b39e9d3ba0d6ff61a,35a1a66f78dfd6255c4d804586ee6863969be78d21acec5cd0ccf00476ddaa5c,f80984d28ef9a7550633fb3aea514f783f3db1fa655a6d3f49850b10857e6afc,last,tin,auroc,ood_metric/auroc_id_positive,identity,NC3,geometry/nc3_self_duality_raw,GEO-8,down,id_train,raw_feature,,,detector/mahalanobis_raw,OOD-1,up,id_train,id_test_vs_tin,detector_declared,-0.6363636363636364,-0.6075639599555062,-0.943712307348671,0.1828056756328549,0.05679432056794321,0.29399412999876484,10,30,10000,20260805,float64,average,percentile_2.5_97.5,(extreme+1)/(resamples+1),dataset_checkpoint_endpoint_16x11,exploratory_association_not_causal
metric_contract_v1.2,c38b09694be88aa74de0741b39e9d3ba0d6ff61a,35a1a66f78dfd6255c4d804586ee6863969be78d21acec5cd0ccf00476ddaa5c,f80984d28ef9a7550633fb3aea514f783f3db1fa655a6d3f49850b10857e6afc,last,tin,auroc,ood_metric/auroc_id_positive,identity,NC3,geometry/nc3_self_duality_raw,GEO-8,down,id_train,raw_feature,,,detector/neco_author_std_dim100,OOD-1,up,id_train,id_test_vs_tin,detector_declared,-0.8181818181818182,-0.7744160177975529,-0.9344627730717788,-0.23080731467369117,0.006199380061993801,0.23825309776714637,10,30,10000,20260805,float64,average,percentile_2.5_97.5,(extreme+1)/(resamples+1),dataset_checkpoint_endpoint_16x11,exploratory_association_not_causal
metric_contract_v1.2,c38b09694be88aa74de0741b39e9d3ba0d6ff61a,35a1a66f78dfd6255c4d804586ee6863969be78d21acec5cd0ccf00476ddaa5c,f80984d28ef9a7550633fb3aea514f783f3db1fa655a6d3f49850b10857e6afc,last,tin,auroc,ood_metric/auroc_id_positive,identity,NC3,geometry/nc3_self_duality_raw,GEO-8,down,id_train,raw_feature,,,detector/relative_mahalanobis_pp,OOD-1,up,id_train,id_test_vs_tin,detector_declared,-0.21212121212121213,-0.22135706340378197,-0.8515943955962978,0.6178050933639113,0.5577442255774423,0.7532580075325801,10,30,10000,20260805,float64,average,percentile_2.5_97.5,(extreme+1)/(resamples+1),dataset_checkpoint_endpoint_16x11,exploratory_association_not_causal
metric_contract_v1.2,c38b09694be88aa74de0741b39e9d3ba0d6ff61a,35a1a66f78dfd6255c4d804586ee6863969be78d21acec5cd0ccf00476ddaa5c,f80984d28ef9a7550633fb3aea514f783f3db1fa655a6d3f49850b10857e6afc,last,tin,auroc,ood_metric/auroc_id_positive,identity,NC3,geometry/nc3_self_duality_raw,GEO-8,down,id_train,raw_feature,,,detector/relative_mahalanobis_raw,OOD-1,up,id_train,id_test_vs_tin,detector_declared,-0.12727272727272726,-0.17775305895439378,-0.7685770067403094,0.5423884181117665,0.7327267273272673,0.8627830550278306,10,30,10000,20260805,float64,average,percentile_2.5_97.5,(extreme+1)/(resamples+1),dataset_checkpoint_endpoint_16x11,exploratory_association_not_causal
metric_contract_v1.2,c38b09694be88aa74de0741b39e9d3ba0d6ff61a,35a1a66f78dfd6255c4d804586ee6863969be78d21acec5cd0ccf00476ddaa5c,f80984d28ef9a7550633fb3aea514f783f3db1fa655a6d3f49850b10857e6afc,last,tin,auroc,ood_metric/auroc_id_positive,identity,NC3,geometry/nc3_self_duality_raw,GEO-8,down,id_train,raw_feature,,,detector/vim_author_dim,OOD-1,up,id_train,id_test_vs_tin,detector_declared,-0.1393939393939394,-0.12347052280311457,-0.5907204755916657,0.6170976171499232,0.7090290970902909,0.848905585631913,10,30,10000,20260805,float64,average,percentile_2.5_97.5,(extreme+1)/(resamples+1),dataset_checkpoint_endpoint_16x11,exploratory_association_not_causal
metric_contract_v1.2,c38b09694be88aa74de0741b39e9d3ba0d6ff61a,35a1a66f78dfd6255c4d804586ee6863969be78d21acec5cd0ccf00476ddaa5c,f80984d28ef9a7550633fb3aea514f783f3db1fa655a6d3f49850b10857e6afc,last,tin,auroc,ood_metric/auroc_id_positive,identity,NC3,geometry/nc3_self_duality_raw,GEO-8,down,id_train,raw_feature,,,ood_score/energy_t1,OOD-1,up,,id_test_vs_tin,detector_declared,0.3333333333333333,0.35839822024471635,-0.28077251742707104,0.7992410393998699,0.34826517348265174,0.6268924127995363,10,30,10000,20260805,float64,average,percentile_2.5_97.5,(extreme+1)/(resamples+1),dataset_checkpoint_endpoint_16x11,exploratory_association_not_causal
metric_contract_v1.2,c38b09694be88aa74de0741b39e9d3ba0d6ff61a,35a1a66f78dfd6255c4d804586ee6863969be78d21acec5cd0ccf00476ddaa5c,f80984d28ef9a7550633fb3aea514f783f3db1fa655a6d3f49850b10857e6afc,last,tin,auroc,ood_metric/auroc_id_positive,identity,NC3,geometry/nc3_self_duality_raw,GEO-8,down,id_train,raw_feature,,,ood_score/max_logit,OOD-1,up,,id_test_vs_tin,detector_declared,0.38181818181818183,0.38954393770856505,-0.253978517409053,0.8185941363981448,0.2796720327967203,0.5960078690926088,10,30,10000,20260805,float64,average,percentile_2.5_97.5,(extreme+1)/(resamples+1),dataset_checkpoint_endpoint_16x11,exploratory_association_not_causal
metric_contract_v1.2,c38b09694be88aa74de0741b39e9d3ba0d6ff61a,35a1a66f78dfd6255c4d804586ee6863969be78d21acec5cd0ccf00476ddaa5c,f80984d28ef9a7550633fb3aea514f783f3db1fa655a6d3f49850b10857e6afc,last,tin,auroc,ood_metric/auroc_id_positive,identity,NC3,geometry/nc3_self_duality_raw,GEO-8,down,id_train,raw_feature,,,ood_score/msp,OOD-1,up,,id_test_vs_tin,detector_declared,-0.4666666666666667,-0.3699666295884316,-0.7748583060866859,0.32415166106927407,0.1852814718528147,0.5464109326772241,10,30,10000,20260805,float64,average,percentile_2.5_97.5,(extreme+1)/(resamples+1),dataset_checkpoint_endpoint_16x11,exploratory_association_not_causal
metric_contract_v1.2,c38b09694be88aa74de0741b39e9d3ba0d6ff61a,35a1a66f78dfd6255c4d804586ee6863969be78d21acec5cd0ccf00476ddaa5c,f80984d28ef9a7550633fb3aea514f783f3db1fa655a6d3f49850b10857e6afc,last,tin,auroc,ood_metric/auroc_id_positive,identity,NC4,geometry/nc4_agreement_with_bias,GEO-9,up,id_train,raw_feature_and_logits,,id_test,detector/ctm_prototype_cosine,OOD-1,up,id_train,id_test_vs_tin,detector_declared,0.28484848484848485,0.26288262278512214,-0.5330084526781828,0.8050412670086995,0.43215678432156784,0.6740281724039986,10,30,10000,20260805,float64,average,percentile_2.5_97.5,(extreme+1)/(resamples+1),dataset_checkpoint_endpoint_16x11,exploratory_association_not_causal
metric_contract_v1.2,c38b09694be88aa74de0741b39e9d3ba0d6ff61a,35a1a66f78dfd6255c4d804586ee6863969be78d21acec5cd0ccf00476ddaa5c,f80984d28ef9a7550633fb3aea514f783f3db1fa655a6d3f49850b10857e6afc,last,tin,auroc,ood_metric/auroc_id_positive,identity,NC4,geometry/nc4_agreement_with_bias,GEO-9,up,id_train,raw_feature_and_logits,,id_test,detector/knn_l2_k50,OOD-1,up,id_train,id_test_vs_tin,detector_declared,-0.030303030303030304,-0.005787424379689396,-0.737875041375915,0.6185138030679768,0.9452054794520548,0.9828099542986879,10,30,10000,20260805,float64,average,percentile_2.5_97.5,(extreme+1)/(resamples+1),dataset_checkpoint_endpoint_16x11,exploratory_association_not_causal
metric_contract_v1.2,c38b09694be88aa74de0741b39e9d3ba0d6ff61a,35a1a66f78dfd6255c4d804586ee6863969be78d21acec5cd0ccf00476ddaa5c,f80984d28ef9a7550633fb3aea514f783f3db1fa655a6d3f49850b10857e6afc,last,tin,auroc,ood_metric/auroc_id_positive,identity,NC4,geometry/nc4_agreement_with_bias,GEO-9,up,id_train,raw_feature_and_logits,,id_test,detector/mahalanobis_pp,OOD-1,up,id_train,id_test_vs_tin,detector_declared,-0.47878787878787876,-0.41046194446720174,-0.8122070193124389,0.3635151377611841,0.16468353164683533,0.526987301269873,10,30,10000,20260805,float64,average,percentile_2.5_97.5,(extreme+1)/(resamples+1),dataset_checkpoint_endpoint_16x11,exploratory_association_not_causal
metric_contract_v1.2,c38b09694be88aa74de0741b39e9d3ba0d6ff61a,35a1a66f78dfd6255c4d804586ee6863969be78d21acec5cd0ccf00476ddaa5c,f80984d28ef9a7550633fb3aea514f783f3db1fa655a6d3f49850b10857e6afc,last,tin,auroc,ood_metric/auroc_id_positive,identity,NC4,geometry/nc4_agreement_with_bias,GEO-9,up,id_train,raw_feature_and_logits,,id_test,detector/mahalanobis_raw,OOD-1,up,id_train,id_test_vs_tin,detector_declared,0.8909090909090909,0.8309405849761736,0.4638948783160024,0.9504689193460275,0.0018998100189981002,0.23825309776714637,10,30,10000,20260805,float64,average,percentile_2.5_97.5,(extreme+1)/(resamples+1),dataset_checkpoint_endpoint_16x11,exploratory_association_not_causal
metric_contract_v1.2,c38b09694be88aa74de0741b39e9d3ba0d6ff61a,35a1a66f78dfd6255c4d804586ee6863969be78d21acec5cd0ccf00476ddaa5c,f80984d28ef9a7550633fb3aea514f783f3db1fa655a6d3f49850b10857e6afc,last,tin,auroc,ood_metric/auroc_id_positive,identity,NC4,geometry/nc4_agreement_with_bias,GEO-9,up,id_train,raw_feature_and_logits,,id_test,detector/neco_author_std_dim100,OOD-1,up,id_train,id_test_vs_tin,detector_declared,0.503030303030303,0.5157485495284743,-0.1721192420409305,0.9068736033947034,0.146985301469853,0.5261873812618737,10,30,10000,20260805,float64,average,percentile_2.5_97.5,(extreme+1)/(resamples+1),dataset_checkpoint_endpoint_16x11,exploratory_association_not_causal
metric_contract_v1.2,c38b09694be88aa74de0741b39e9d3ba0d6ff61a,35a1a66f78dfd6255c4d804586ee6863969be78d21acec5cd0ccf00476ddaa5c,f80984d28ef9a7550633fb3aea514f783f3db1fa655a6d3f49850b10857e6afc,last,tin,auroc,ood_metric/auroc_id_positive,identity,NC4,geometry/nc4_agreement_with_bias,GEO-9,up,id_train,raw_feature_and_logits,,id_test,detector/relative_mahalanobis_pp,OOD-1,up,id_train,id_test_vs_tin,detector_declared,0.5272727272727272,0.48436290193092785,-0.2960088984162432,0.8726766354940466,0.1267873212678732,0.4850993161553409,10,30,10000,20260805,float64,average,percentile_2.5_97.5,(extreme+1)/(resamples+1),dataset_checkpoint_endpoint_16x11,exploratory_association_not_causal
metric_contract_v1.2,c38b09694be88aa74de0741b39e9d3ba0d6ff61a,35a1a66f78dfd6255c4d804586ee6863969be78d21acec5cd0ccf00476ddaa5c,f80984d28ef9a7550633fb3aea514f783f3db1fa655a6d3f49850b10857e6afc,last,tin,auroc,ood_metric/auroc_id_positive,identity,NC4,geometry/nc4_agreement_with_bias,GEO-9,up,id_train,raw_feature_and_logits,,id_test,detector/relative_mahalanobis_raw,OOD-1,up,id_train,id_test_vs_tin,detector_declared,0.5272727272727272,0.491040699292108,-0.2668626474946619,0.7913056844041038,0.12618738126187382,0.4850993161553409,10,30,10000,20260805,float64,average,percentile_2.5_97.5,(extreme+1)/(resamples+1),dataset_checkpoint_endpoint_16x11,exploratory_association_not_causal
metric_contract_v1.2,c38b09694be88aa74de0741b39e9d3ba0d6ff61a,35a1a66f78dfd6255c4d804586ee6863969be78d21acec5cd0ccf00476ddaa5c,f80984d28ef9a7550633fb3aea514f783f3db1fa655a6d3f49850b10857e6afc,last,tin,auroc,ood_metric/auroc_id_positive,identity,NC4,geometry/nc4_agreement_with_bias,GEO-9,up,id_train,raw_feature_and_logits,,id_test,detector/vim_author_dim,OOD-1,up,id_train,id_test_vs_tin,detector_declared,-0.11515151515151516,-0.12109072548273196,-0.7168844991484057,0.5687629001022326,0.7673232676732327,0.8769408773408374,10,30,10000,20260805,float64,average,percentile_2.5_97.5,(extreme+1)/(resamples+1),dataset_checkpoint_endpoint_16x11,exploratory_association_not_causal
metric_contract_v1.2,c38b09694be88aa74de0741b39e9d3ba0d6ff61a,35a1a66f78dfd6255c4d804586ee6863969be78d21acec5cd0ccf00476ddaa5c,f80984d28ef9a7550633fb3aea514f783f3db1fa655a6d3f49850b10857e6afc,last,tin,auroc,ood_metric/auroc_id_positive,identity,NC4,geometry/nc4_agreement_with_bias,GEO-9,up,id_train,raw_feature_and_logits,,id_test,ood_score/energy_t1,OOD-1,up,,id_test_vs_tin,detector_declared,-0.6242424242424243,-0.6553145143771377,-0.8727148811677181,-0.08495870582348841,0.0668933106689331,0.3181952075062764,10,30,10000,20260805,float64,average,percentile_2.5_97.5,(extreme+1)/(resamples+1),dataset_checkpoint_endpoint_16x11,exploratory_association_not_causal
metric_contract_v1.2,c38b09694be88aa74de0741b39e9d3ba0d6ff61a,35a1a66f78dfd6255c4d804586ee6863969be78d21acec5cd0ccf00476ddaa5c,f80984d28ef9a7550633fb3aea514f783f3db1fa655a6d3f49850b10857e6afc,last,tin,auroc,ood_metric/auroc_id_positive,identity,NC4,geometry/nc4_agreement_with_bias,GEO-9,up,id_train,raw_feature_and_logits,,id_test,ood_score/max_logit,OOD-1,up,,id_test_vs_tin,detector_declared,-0.6484848484848484,-0.6546467346410197,-0.8751420398495007,-0.06550582613120602,0.053094690530946904,0.2922374429223744,10,30,10000,20260805,float64,average,percentile_2.5_97.5,(extreme+1)/(resamples+1),dataset_checkpoint_endpoint_16x11,exploratory_association_not_causal
metric_contract_v1.2,c38b09694be88aa74de0741b39e9d3ba0d6ff61a,35a1a66f78dfd6255c4d804586ee6863969be78d21acec5cd0ccf00476ddaa5c,f80984d28ef9a7550633fb3aea514f783f3db1fa655a6d3f49850b10857e6afc,last,tin,auroc,ood_metric/auroc_id_positive,identity,NC4,geometry/nc4_agreement_with_bias,GEO-9,up,id_train,raw_feature_and_logits,,id_test,ood_score/msp,OOD-1,up,,id_test_vs_tin,detector_declared,0.40606060606060607,0.3835281617771088,-0.21061617044609623,0.7228226462737136,0.2505749425057494,0.589101089891011,10,30,10000,20260805,float64,average,percentile_2.5_97.5,(extreme+1)/(resamples+1),dataset_checkpoint_endpoint_16x11,exploratory_association_not_causal
metric_contract_v1.2,c38b09694be88aa74de0741b39e9d3ba0d6ff61a,35a1a66f78dfd6255c4d804586ee6863969be78d21acec5cd0ccf00476ddaa5c,f80984d28ef9a7550633fb3aea514f783f3db1fa655a6d3f49850b10857e6afc,last,tin,auroc,ood_metric/auroc_id_positive,identity,RankMe,geometry/rankme_uncentered,GEO-10,descriptive,id_train,raw_feature_uncentered,,,detector/ctm_prototype_cosine,OOD-1,up,id_train,id_test_vs_tin,detector_declared,0.296969696969697,0.29477196885428253,-0.4439760088503737,0.8054145277971259,0.40985901409859016,0.6740281724039986,10,30,10000,20260805,float64,average,percentile_2.5_97.5,(extreme+1)/(resamples+1),dataset_checkpoint_endpoint_16x11,exploratory_association_not_causal
metric_contract_v1.2,c38b09694be88aa74de0741b39e9d3ba0d6ff61a,35a1a66f78dfd6255c4d804586ee6863969be78d21acec5cd0ccf00476ddaa5c,f80984d28ef9a7550633fb3aea514f783f3db1fa655a6d3f49850b10857e6afc,last,tin,auroc,ood_metric/auroc_id_positive,identity,RankMe,geometry/rankme_uncentered,GEO-10,descriptive,id_train,raw_feature_uncentered,,,detector/knn_l2_k50,OOD-1,up,id_train,id_test_vs_tin,detector_declared,0.6727272727272727,0.6351501668520578,-0.0663502345320527,0.9217203593385451,0.0408959104089591,0.2570600082848858,10,30,10000,20260805,float64,average,percentile_2.5_97.5,(extreme+1)/(resamples+1),dataset_checkpoint_endpoint_16x11,exploratory_association_not_causal
metric_contract_v1.2,c38b09694be88aa74de0741b39e9d3ba0d6ff61a,35a1a66f78dfd6255c4d804586ee6863969be78d21acec5cd0ccf00476ddaa5c,f80984d28ef9a7550633fb3aea514f783f3db1fa655a6d3f49850b10857e6afc,last,tin,auroc,ood_metric/auroc_id_positive,identity,RankMe,geometry/rankme_uncentered,GEO-10,descriptive,id_train,raw_feature_uncentered,,,detector/mahalanobis_pp,OOD-1,up,id_train,id_test_vs_tin,detector_declared,0.4666666666666667,0.425139043381535,-0.23604643469577763,0.7660945817030721,0.17588241175882413,0.5388702509059439,10,30,10000,20260805,float64,average,percentile_2.5_97.5,(extreme+1)/(resamples+1),dataset_checkpoint_endpoint_16x11,exploratory_association_not_causal
metric_contract_v1.2,c38b09694be88aa74de0741b39e9d3ba0d6ff61a,35a1a66f78dfd6255c4d804586ee6863969be78d21acec5cd0ccf00476ddaa5c,f80984d28ef9a7550633fb3aea514f783f3db1fa655a6d3f49850b10857e6afc,last,tin,auroc,ood_metric/auroc_id_positive,identity,RankMe,geometry/rankme_uncentered,GEO-10,descriptive,id_train,raw_feature_uncentered,,,detector/mahalanobis_raw,OOD-1,up,id_train,id_test_vs_tin,detector_declared,-0.45454545454545453,-0.41045606229143494,-0.7906326606823766,0.38628761721419425,0.19608039196080393,0.5566153062113144,10,30,10000,20260805,float64,average,percentile_2.5_97.5,(extreme+1)/(resamples+1),dataset_checkpoint_endpoint_16x11,exploratory_association_not_causal
metric_contract_v1.2,c38b09694be88aa74de0741b39e9d3ba0d6ff61a,35a1a66f78dfd6255c4d804586ee6863969be78d21acec5cd0ccf00476ddaa5c,f80984d28ef9a7550633fb3aea514f783f3db1fa655a6d3f49850b10857e6afc,last,tin,auroc,ood_metric/auroc_id_positive,identity,RankMe,geometry/rankme_uncentered,GEO-10,descriptive,id_train,raw_feature_uncentered,,,detector/neco_author_std_dim100,OOD-1,up,id_train,id_test_vs_tin,detector_declared,-0.7333333333333333,-0.7010011123470523,-0.8765084131568978,-0.1857642444181254,0.019598040195980403,0.23825309776714637,10,30,10000,20260805,float64,average,percentile_2.5_97.5,(extreme+1)/(resamples+1),dataset_checkpoint_endpoint_16x11,exploratory_association_not_causal
metric_contract_v1.2,c38b09694be88aa74de0741b39e9d3ba0d6ff61a,35a1a66f78dfd6255c4d804586ee6863969be78d21acec5cd0ccf00476ddaa5c,f80984d28ef9a7550633fb3aea514f783f3db1fa655a6d3f49850b10857e6afc,last,tin,auroc,ood_metric/auroc_id_positive,identity,RankMe,geometry/rankme_uncentered,GEO-10,descriptive,id_train,raw_feature_uncentered,,,detector/relative_mahalanobis_pp,OOD-1,up,id_train,id_test_vs_tin,detector_declared,0.21212121212121213,0.23381535038932147,-0.5848214285714286,0.7998227065314057,0.561043895610439,0.7532580075325801,10,30,10000,20260805,float64,average,percentile_2.5_97.5,(extreme+1)/(resamples+1),dataset_checkpoint_endpoint_16x11,exploratory_association_not_causal
metric_contract_v1.2,c38b09694be88aa74de0741b39e9d3ba0d6ff61a,35a1a66f78dfd6255c4d804586ee6863969be78d21acec5cd0ccf00476ddaa5c,f80984d28ef9a7550633fb3aea514f783f3db1fa655a6d3f49850b10857e6afc,last,tin,auroc,ood_metric/auroc_id_positive,identity,RankMe,geometry/rankme_uncentered,GEO-10,descriptive,id_train,raw_feature_uncentered,,,detector/relative_mahalanobis_raw,OOD-1,up,id_train,id_test_vs_tin,detector_declared,0.21212121212121213,0.23737486095661847,-0.47171819830730416,0.817743210742154,0.563943605639436,0.7532580075325801,10,30,10000,20260805,float64,average,percentile_2.5_97.5,(extreme+1)/(resamples+1),dataset_checkpoint_endpoint_16x11,exploratory_association_not_causal
metric_contract_v1.2,c38b09694be88aa74de0741b39e9d3ba0d6ff61a,35a1a66f78dfd6255c4d804586ee6863969be78d21acec5cd0ccf00476ddaa5c,f80984d28ef9a7550633fb3aea514f783f3db1fa655a6d3f49850b10857e6afc,last,tin,auroc,ood_metric/auroc_id_positive,identity,RankMe,geometry/rankme_uncentered,GEO-10,descriptive,id_train,raw_feature_uncentered,,,detector/vim_author_dim,OOD-1,up,id_train,id_test_vs_tin,detector_declared,0.7454545454545455,0.7232480533926585,0.16504891087451387,0.9382273948075202,0.0183981601839816,0.23825309776714637,10,30,10000,20260805,float64,average,percentile_2.5_97.5,(extreme+1)/(resamples+1),dataset_checkpoint_endpoint_16x11,exploratory_association_not_causal
metric_contract_v1.2,c38b09694be88aa74de0741b39e9d3ba0d6ff61a,35a1a66f78dfd6255c4d804586ee6863969be78d21acec5cd0ccf00476ddaa5c,f80984d28ef9a7550633fb3aea514f783f3db1fa655a6d3f49850b10857e6afc,last,tin,auroc,ood_metric/auroc_id_positive,identity,RankMe,geometry/rankme_uncentered,GEO-10,descriptive,id_train,raw_feature_uncentered,,,ood_score/energy_t1,OOD-1,up,,id_test_vs_tin,detector_declared,0.3575757575757576,0.4117908787541713,-0.2403366027641551,0.7526943050571875,0.31556844315568444,0.6028333336879078,10,30,10000,20260805,float64,average,percentile_2.5_97.5,(extreme+1)/(resamples+1),dataset_checkpoint_endpoint_16x11,exploratory_association_not_causal
metric_contract_v1.2,c38b09694be88aa74de0741b39e9d3ba0d6ff61a,35a1a66f78dfd6255c4d804586ee6863969be78d21acec5cd0ccf00476ddaa5c,f80984d28ef9a7550633fb3aea514f783f3db1fa655a6d3f49850b10857e6afc,last,tin,auroc,ood_metric/auroc_id_positive,identity,RankMe,geometry/rankme_uncentered,GEO-10,descriptive,id_train,raw_feature_uncentered,,,ood_score/max_logit,OOD-1,up,,id_test_vs_tin,detector_declared,0.4303030303030303,0.4295884315906563,-0.21952391595887347,0.7654679472861291,0.22397760223977603,0.5631436856314369,10,30,10000,20260805,float64,average,percentile_2.5_97.5,(extreme+1)/(resamples+1),dataset_checkpoint_endpoint_16x11,exploratory_association_not_causal
metric_contract_v1.2,c38b09694be88aa74de0741b39e9d3ba0d6ff61a,35a1a66f78dfd6255c4d804586ee6863969be78d21acec5cd0ccf00476ddaa5c,f80984d28ef9a7550633fb3aea514f783f3db1fa655a6d3f49850b10857e6afc,last,tin,auroc,ood_metric/auroc_id_positive,identity,RankMe,geometry/rankme_uncentered,GEO-10,descriptive,id_train,raw_feature_uncentered,,,ood_score/msp,OOD-1,up,,id_test_vs_tin,detector_declared,0.2727272727272727,0.25205784204671855,-0.3856871620736787,0.6607222469906375,0.4550544945505449,0.6964312264425732,10,30,10000,20260805,float64,average,percentile_2.5_97.5,(extreme+1)/(resamples+1),dataset_checkpoint_endpoint_16x11,exploratory_association_not_causal
metric_contract_v1.2,c38b09694be88aa74de0741b39e9d3ba0d6ff61a,35a1a66f78dfd6255c4d804586ee6863969be78d21acec5cd0ccf00476ddaa5c,f80984d28ef9a7550633fb3aea514f783f3db1fa655a6d3f49850b10857e6afc,last,tin,auroc,ood_metric/auroc_id_positive,identity,SW entropy rank,geometry/spectrum/sw_entropy_rank,GEO-11,descriptive,id_train,raw_feature_covariance,,,detector/ctm_prototype_cosine,OOD-1,up,id_train,id_test_vs_tin,detector_declared,0.3696969696969697,0.3704115684093437,-0.377767837172892,0.79764012637382,0.3017698230176982,0.6028333336879078,10,30,10000,20260805,float64,average,percentile_2.5_97.5,(extreme+1)/(resamples+1),dataset_checkpoint_endpoint_16x11,exploratory_association_not_causal
metric_contract_v1.2,c38b09694be88aa74de0741b39e9d3ba0d6ff61a,35a1a66f78dfd6255c4d804586ee6863969be78d21acec5cd0ccf00476ddaa5c,f80984d28ef9a7550633fb3aea514f783f3db1fa655a6d3f49850b10857e6afc,last,tin,auroc,ood_metric/auroc_id_positive,identity,SW entropy rank,geometry/spectrum/sw_entropy_rank,GEO-11,descriptive,id_train,raw_feature_covariance,,,detector/knn_l2_k50,OOD-1,up,id_train,id_test_vs_tin,detector_declared,0.6727272727272727,0.6796440489432704,0.012731740004467277,0.8709828701845906,0.0400959904009599,0.2570600082848858,10,30,10000,20260805,float64,average,percentile_2.5_97.5,(extreme+1)/(resamples+1),dataset_checkpoint_endpoint_16x11,exploratory_association_not_causal
metric_contract_v1.2,c38b09694be88aa74de0741b39e9d3ba0d6ff61a,35a1a66f78dfd6255c4d804586ee6863969be78d21acec5cd0ccf00476ddaa5c,f80984d28ef9a7550633fb3aea514f783f3db1fa655a6d3f49850b10857e6afc,last,tin,auroc,ood_metric/auroc_id_positive,identity,SW entropy rank,geometry/spectrum/sw_entropy_rank,GEO-11,descriptive,id_train,raw_feature_covariance,,,detector/mahalanobis_pp,OOD-1,up,id_train,id_test_vs_tin,detector_declared,0.3212121212121212,0.3664071190211346,-0.18811470623729518,0.6712079761639207,0.3595640435956404,0.6392249663922496,10,30,10000,20260805,float64,average,percentile_2.5_97.5,(extreme+1)/(resamples+1),dataset_checkpoint_endpoint_16x11,exploratory_association_not_causal
metric_contract_v1.2,c38b09694be88aa74de0741b39e9d3ba0d6ff61a,35a1a66f78dfd6255c4d804586ee6863969be78d21acec5cd0ccf00476ddaa5c,f80984d28ef9a7550633fb3aea514f783f3db1fa655a6d3f49850b10857e6afc,last,tin,auroc,ood_metric/auroc_id_positive,identity,SW entropy rank,geometry/spectrum/sw_entropy_rank,GEO-11,descriptive,id_train,raw_feature_covariance,,,detector/mahalanobis_raw,OOD-1,up,id_train,id_test_vs_tin,detector_declared,-0.07878787878787878,-0.09588431590656285,-0.6989177818664816,0.6820430191177095,0.8343165683431657,0.929718348919825,10,30,10000,20260805,float64,average,percentile_2.5_97.5,(extreme+1)/(resamples+1),dataset_checkpoint_endpoint_16x11,exploratory_association_not_causal
metric_contract_v1.2,c38b09694be88aa74de0741b39e9d3ba0d6ff61a,35a1a66f78dfd6255c4d804586ee6863969be78d21acec5cd0ccf00476ddaa5c,f80984d28ef9a7550633fb3aea514f783f3db1fa655a6d3f49850b10857e6afc,last,tin,auroc,ood_metric/auroc_id_positive,identity,SW entropy rank,geometry/spectrum/sw_entropy_rank,GEO-11,descriptive,id_train,raw_feature_covariance,,,detector/neco_author_std_dim100,OOD-1,up,id_train,id_test_vs_tin,detector_declared,-0.503030303030303,-0.4674082313681869,-0.8500123097582811,0.2018058469478921,0.14558544145585442,0.5261873812618737,10,30,10000,20260805,float64,average,percentile_2.5_97.5,(extreme+1)/(resamples+1),dataset_checkpoint_endpoint_16x11,exploratory_association_not_causal
metric_contract_v1.2,c38b09694be88aa74de0741b39e9d3ba0d6ff61a,35a1a66f78dfd6255c4d804586ee6863969be78d21acec5cd0ccf00476ddaa5c,f80984d28ef9a7550633fb3aea514f783f3db1fa655a6d3f49850b10857e6afc,last,tin,auroc,ood_metric/auroc_id_positive,identity,SW entropy rank,geometry/spectrum/sw_entropy_rank,GEO-11,descriptive,id_train,raw_feature_covariance,,,detector/relative_mahalanobis_pp,OOD-1,up,id_train,id_test_vs_tin,detector_declared,0.41818181818181815,0.42380422691879865,-0.3736074504078368,0.9174218749999998,0.23577642235776422,0.5698936955619507,10,30,10000,20260805,float64,average,percentile_2.5_97.5,(extreme+1)/(resamples+1),dataset_checkpoint_endpoint_16x11,exploratory_association_not_causal
metric_contract_v1.2,c38b09694be88aa74de0741b39e9d3ba0d6ff61a,35a1a66f78dfd6255c4d804586ee6863969be78d21acec5cd0ccf00476ddaa5c,f80984d28ef9a7550633fb3aea514f783f3db1fa655a6d3f49850b10857e6afc,last,tin,auroc,ood_metric/auroc_id_positive,identity,SW entropy rank,geometry/spectrum/sw_entropy_rank,GEO-11,descriptive,id_train,raw_feature_covariance,,,detector/relative_mahalanobis_raw,OOD-1,up,id_train,id_test_vs_tin,detector_declared,0.3212121212121212,0.3597330367074527,-0.35995466950940047,0.9048485887193273,0.37446255374462556,0.6575650127294962,10,30,10000,20260805,float64,average,percentile_2.5_97.5,(extreme+1)/(resamples+1),dataset_checkpoint_endpoint_16x11,exploratory_association_not_causal
metric_contract_v1.2,c38b09694be88aa74de0741b39e9d3ba0d6ff61a,35a1a66f78dfd6255c4d804586ee6863969be78d21acec5cd0ccf00476ddaa5c,f80984d28ef9a7550633fb3aea514f783f3db1fa655a6d3f49850b10857e6afc,last,tin,auroc,ood_metric/auroc_id_positive,identity,SW entropy rank,geometry/spectrum/sw_entropy_rank,GEO-11,descriptive,id_train,raw_feature_covariance,,,detector/vim_author_dim,OOD-1,up,id_train,id_test_vs_tin,detector_declared,0.7333333333333333,0.7196885428253615,0.10084540201826253,0.9151217333035515,0.019598040195980403,0.23825309776714637,10,30,10000,20260805,float64,average,percentile_2.5_97.5,(extreme+1)/(resamples+1),dataset_checkpoint_endpoint_16x11,exploratory_association_not_causal
metric_contract_v1.2,c38b09694be88aa74de0741b39e9d3ba0d6ff61a,35a1a66f78dfd6255c4d804586ee6863969be78d21acec5cd0ccf00476ddaa5c,f80984d28ef9a7550633fb3aea514f783f3db1fa655a6d3f49850b10857e6afc,last,tin,auroc,ood_metric/auroc_id_positive,identity,SW entropy rank,geometry/spectrum/sw_entropy_rank,GEO-11,descriptive,id_train,raw_feature_covariance,,,ood_score/energy_t1,OOD-1,up,,id_test_vs_tin,detector_declared,-0.05454545454545454,0.08698553948832036,-0.488204416470132,0.6082224421088668,0.8851114888511149,0.9496650334966503,10,30,10000,20260805,float64,average,percentile_2.5_97.5,(extreme+1)/(resamples+1),dataset_checkpoint_endpoint_16x11,exploratory_association_not_causal
metric_contract_v1.2,c38b09694be88aa74de0741b39e9d3ba0d6ff61a,35a1a66f78dfd6255c4d804586ee6863969be78d21acec5cd0ccf00476ddaa5c,f80984d28ef9a7550633fb3aea514f783f3db1fa655a6d3f49850b10857e6afc,last,tin,auroc,ood_metric/auroc_id_positive,identity,SW entropy rank,geometry/spectrum/sw_entropy_rank,GEO-11,descriptive,id_train,raw_feature_covariance,,,ood_score/max_logit,OOD-1,up,,id_test_vs_tin,detector_declared,0.01818181818181818,0.0967741935483871,-0.4999275524826596,0.6229349753250104,0.969003099690031,0.9863105643458643,10,30,10000,20260805,float64,average,percentile_2.5_97.5,(extreme+1)/(resamples+1),dataset_checkpoint_endpoint_16x11,exploratory_association_not_causal
metric_contract_v1.2,c38b09694be88aa74de0741b39e9d3ba0d6ff61a,35a1a66f78dfd6255c4d804586ee6863969be78d21acec5cd0ccf00476ddaa5c,f80984d28ef9a7550633fb3aea514f783f3db1fa655a6d3f49850b10857e6afc,last,tin,auroc,ood_metric/auroc_id_positive,identity,SW entropy rank,geometry/spectrum/sw_entropy_rank,GEO-11,descriptive,id_train,raw_feature_covariance,,,ood_score/msp,OOD-1,up,,id_test_vs_tin,detector_declared,0.3575757575757576,0.3890989988876529,-0.2687935908532499,0.8112452347512037,0.32196780321967805,0.6028333336879078,10,30,10000,20260805,float64,average,percentile_2.5_97.5,(extreme+1)/(resamples+1),dataset_checkpoint_endpoint_16x11,exploratory_association_not_causal
metric_contract_v1.2,c38b09694be88aa74de0741b39e9d3ba0d6ff61a,35a1a66f78dfd6255c4d804586ee6863969be78d21acec5cd0ccf00476ddaa5c,f80984d28ef9a7550633fb3aea514f783f3db1fa655a6d3f49850b10857e6afc,last,tin,auroc,ood_metric/auroc_id_positive,identity,SW trace/top rank,geometry/spectrum/sw_trace_top_rank,GEO-11,descriptive,id_train,raw_feature_covariance,,,detector/ctm_prototype_cosine,OOD-1,up,id_train,id_test_vs_tin,detector_declared,0.2727272727272727,0.2436040044493882,-0.3688998620516993,0.6833317580885846,0.44995500449955006,0.6946673753677265,10,30,10000,20260805,float64,average,percentile_2.5_97.5,(extreme+1)/(resamples+1),dataset_checkpoint_endpoint_16x11,exploratory_association_not_causal
metric_contract_v1.2,c38b09694be88aa74de0741b39e9d3ba0d6ff61a,35a1a66f78dfd6255c4d804586ee6863969be78d21acec5cd0ccf00476ddaa5c,f80984d28ef9a7550633fb3aea514f783f3db1fa655a6d3f49850b10857e6afc,last,tin,auroc,ood_metric/auroc_id_positive,identity,SW trace/top rank,geometry/spectrum/sw_trace_top_rank,GEO-11,descriptive,id_train,raw_feature_covariance,,,detector/knn_l2_k50,OOD-1,up,id_train,id_test_vs_tin,detector_declared,0.696969696969697,0.5817575083426029,0.03666452767942151,0.806298303839479,0.031996800319968,0.23825309776714637,10,30,10000,20260805,float64,average,percentile_2.5_97.5,(extreme+1)/(resamples+1),dataset_checkpoint_endpoint_16x11,exploratory_association_not_causal
metric_contract_v1.2,c38b09694be88aa74de0741b39e9d3ba0d6ff61a,35a1a66f78dfd6255c4d804586ee6863969be78d21acec5cd0ccf00476ddaa5c,f80984d28ef9a7550633fb3aea514f783f3db1fa655a6d3f49850b10857e6afc,last,tin,auroc,ood_metric/auroc_id_positive,identity,SW trace/top rank,geometry/spectrum/sw_trace_top_rank,GEO-11,descriptive,id_train,raw_feature_covariance,,,detector/mahalanobis_pp,OOD-1,up,id_train,id_test_vs_tin,detector_declared,0.6363636363636364,0.48876529477196884,-0.0020321717759382517,0.7386837190378432,0.0547945205479452,0.2922374429223744,10,30,10000,20260805,float64,average,percentile_2.5_97.5,(extreme+1)/(resamples+1),dataset_checkpoint_endpoint_16x11,exploratory_association_not_causal
metric_contract_v1.2,c38b09694be88aa74de0741b39e9d3ba0d6ff61a,35a1a66f78dfd6255c4d804586ee6863969be78d21acec5cd0ccf00476ddaa5c,f80984d28ef9a7550633fb3aea514f783f3db1fa655a6d3f49850b10857e6afc,last,tin,auroc,ood_metric/auroc_id_positive,identity,SW trace/top rank,geometry/spectrum/sw_trace_top_rank,GEO-11,descriptive,id_train,raw_feature_covariance,,,detector/mahalanobis_raw,OOD-1,up,id_train,id_test_vs_tin,detector_declared,-0.23636363636363636,-0.14126807563959956,-0.7054623605602989,0.6953580144462692,0.5176482351764824,0.7516756521069206,10,30,10000,20260805,float64,average,percentile_2.5_97.5,(extreme+1)/(resamples+1),dataset_checkpoint_endpoint_16x11,exploratory_association_not_causal
metric_contract_v1.2,c38b09694be88aa74de0741b39e9d3ba0d6ff61a,35a1a66f78dfd6255c4d804586ee6863969be78d21acec5cd0ccf00476ddaa5c,f80984d28ef9a7550633fb3aea514f783f3db1fa655a6d3f49850b10857e6afc,last,tin,auroc,ood_metric/auroc_id_positive,identity,SW trace/top rank,geometry/spectrum/sw_trace_top_rank,GEO-11,descriptive,id_train,raw_feature_covariance,,,detector/neco_author_std_dim100,OOD-1,up,id_train,id_test_vs_tin,detector_declared,-0.3090909090909091,-0.24760845383759733,-0.7947880061781014,0.4577011914472234,0.385961403859614,0.6575650127294962,10,30,10000,20260805,float64,average,percentile_2.5_97.5,(extreme+1)/(resamples+1),dataset_checkpoint_endpoint_16x11,exploratory_association_not_causal
metric_contract_v1.2,c38b09694be88aa74de0741b39e9d3ba0d6ff61a,35a1a66f78dfd6255c4d804586ee6863969be78d21acec5cd0ccf00476ddaa5c,f80984d28ef9a7550633fb3aea514f783f3db1fa655a6d3f49850b10857e6afc,last,tin,auroc,ood_metric/auroc_id_positive,identity,SW trace/top rank,geometry/spectrum/sw_trace_top_rank,GEO-11,descriptive,id_train,raw_feature_covariance,,,detector/relative_mahalanobis_pp,OOD-1,up,id_train,id_test_vs_tin,detector_declared,0.2,0.26407119021134595,-0.4372700435092416,0.8012073446516353,0.5864413558644136,0.7702513330756476,10,30,10000,20260805,float64,average,percentile_2.5_97.5,(extreme+1)/(resamples+1),dataset_checkpoint_endpoint_16x11,exploratory_association_not_causal
metric_contract_v1.2,c38b09694be88aa74de0741b39e9d3ba0d6ff61a,35a1a66f78dfd6255c4d804586ee6863969be78d21acec5cd0ccf00476ddaa5c,f80984d28ef9a7550633fb3aea514f783f3db1fa655a6d3f49850b10857e6afc,last,tin,auroc,ood_metric/auroc_id_positive,identity,SW trace/top rank,geometry/spectrum/sw_trace_top_rank,GEO-11,descriptive,id_train,raw_feature_covariance,,,detector/relative_mahalanobis_raw,OOD-1,up,id_train,id_test_vs_tin,detector_declared,0.11515151515151516,0.17152391546162402,-0.47091848192229957,0.7895793041782583,0.7603239676032397,0.8761163099376337,10,30,10000,20260805,float64,average,percentile_2.5_97.5,(extreme+1)/(resamples+1),dataset_checkpoint_endpoint_16x11,exploratory_association_not_causal
metric_contract_v1.2,c38b09694be88aa74de0741b39e9d3ba0d6ff61a,35a1a66f78dfd6255c4d804586ee6863969be78d21acec5cd0ccf00476ddaa5c,f80984d28ef9a7550633fb3aea514f783f3db1fa655a6d3f49850b10857e6afc,last,tin,auroc,ood_metric/auroc_id_positive,identity,SW trace/top rank,geometry/spectrum/sw_trace_top_rank,GEO-11,descriptive,id_train,raw_feature_covariance,,,detector/vim_author_dim,OOD-1,up,id_train,id_test_vs_tin,detector_declared,0.7090909090909091,0.5604004449388209,-0.09630139928438226,0.8779268017375309,0.027997200279972004,0.23825309776714637,10,30,10000,20260805,float64,average,percentile_2.5_97.5,(extreme+1)/(resamples+1),dataset_checkpoint_endpoint_16x11,exploratory_association_not_causal
metric_contract_v1.2,c38b09694be88aa74de0741b39e9d3ba0d6ff61a,35a1a66f78dfd6255c4d804586ee6863969be78d21acec5cd0ccf00476ddaa5c,f80984d28ef9a7550633fb3aea514f783f3db1fa655a6d3f49850b10857e6afc,last,tin,auroc,ood_metric/auroc_id_positive,identity,SW trace/top rank,geometry/spectrum/sw_trace_top_rank,GEO-11,descriptive,id_train,raw_feature_covariance,,,ood_score/energy_t1,OOD-1,up,,id_test_vs_tin,detector_declared,0.030303030303030304,0.05272525027808676,-0.4630344613993385,0.5552160020184241,0.9423057694230577,0.9828099542986879,10,30,10000,20260805,float64,average,percentile_2.5_97.5,(extreme+1)/(resamples+1),dataset_checkpoint_endpoint_16x11,exploratory_association_not_causal
metric_contract_v1.2,c38b09694be88aa74de0741b39e9d3ba0d6ff61a,35a1a66f78dfd6255c4d804586ee6863969be78d21acec5cd0ccf00476ddaa5c,f80984d28ef9a7550633fb3aea514f783f3db1fa655a6d3f49850b10857e6afc,last,tin,auroc,ood_metric/auroc_id_positive,identity,SW trace/top rank,geometry/spectrum/sw_trace_top_rank,GEO-11,descriptive,id_train,raw_feature_covariance,,,ood_score/max_logit,OOD-1,up,,id_test_vs_tin,detector_declared,0.07878787878787878,0.04916573971078977,-0.4816021122857048,0.5496872494193613,0.8316168383161684,0.929718348919825,10,30,10000,20260805,float64,average,percentile_2.5_97.5,(extreme+1)/(resamples+1),dataset_checkpoint_endpoint_16x11,exploratory_association_not_causal
metric_contract_v1.2,c38b09694be88aa74de0741b39e9d3ba0d6ff61a,35a1a66f78dfd6255c4d804586ee6863969be78d21acec5cd0ccf00476ddaa5c,f80984d28ef9a7550633fb3aea514f783f3db1fa655a6d3f49850b10857e6afc,last,tin,auroc,ood_metric/auroc_id_positive,identity,SW trace/top rank,geometry/spectrum/sw_trace_top_rank,GEO-11,descriptive,id_train,raw_feature_covariance,,,ood_score/msp,OOD-1,up,,id_test_vs_tin,detector_declared,0.21212121212121213,0.20578420467185762,-0.33796077283296366,0.6741039227270768,0.5649435056494351,0.7532580075325801,10,30,10000,20260805,float64,average,percentile_2.5_97.5,(extreme+1)/(resamples+1),dataset_checkpoint_endpoint_16x11,exploratory_association_not_causal
metric_contract_v1.2,c38b09694be88aa74de0741b39e9d3ba0d6ff61a,35a1a66f78dfd6255c4d804586ee6863969be78d21acec5cd0ccf00476ddaa5c,f80984d28ef9a7550633fb3aea514f783f3db1fa655a6d3f49850b10857e6afc,last,tin,auroc,ood_metric/auroc_id_positive,identity,SW participation ratio,geometry/spectrum/sw_participation_ratio,GEO-11,descriptive,id_train,raw_feature_covariance,,,detector/ctm_prototype_cosine,OOD-1,up,id_train,id_test_vs_tin,detector_declared,0.40606060606060607,0.39666295884315905,-0.3424501270381952,0.8181007579135087,0.2521747825217478,0.589101089891011,10,30,10000,20260805,float64,average,percentile_2.5_97.5,(extreme+1)/(resamples+1),dataset_checkpoint_endpoint_16x11,exploratory_association_not_causal
metric_contract_v1.2,c38b09694be88aa74de0741b39e9d3ba0d6ff61a,35a1a66f78dfd6255c4d804586ee6863969be78d21acec5cd0ccf00476ddaa5c,f80984d28ef9a7550633fb3aea514f783f3db1fa655a6d3f49850b10857e6afc,last,tin,auroc,ood_metric/auroc_id_positive,identity,SW participation ratio,geometry/spectrum/sw_participation_ratio,GEO-11,descriptive,id_train,raw_feature_covariance,,,detector/knn_l2_k50,OOD-1,up,id_train,id_test_vs_tin,detector_declared,0.7333333333333333,0.7090100111234705,0.05802916673305504,0.8912171199286669,0.0206979302069793,0.23825309776714637,10,30,10000,20260805,float64,average,percentile_2.5_97.5,(extreme+1)/(resamples+1),dataset_checkpoint_endpoint_16x11,exploratory_association_not_causal
metric_contract_v1.2,c38b09694be88aa74de0741b39e9d3ba0d6ff61a,35a1a66f78dfd6255c4d804586ee6863969be78d21acec5cd0ccf00476ddaa5c,f80984d28ef9a7550633fb3aea514f783f3db1fa655a6d3f49850b10857e6afc,last,tin,auroc,ood_metric/auroc_id_positive,identity,SW participation ratio,geometry/spectrum/sw_participation_ratio,GEO-11,descriptive,id_train,raw_feature_covariance,,,detector/mahalanobis_pp,OOD-1,up,id_train,id_test_vs_tin,detector_declared,0.4303030303030303,0.4135706340378198,-0.12816126417583648,0.6813126920135462,0.2121787821217878,0.5574501373392072,10,30,10000,20260805,float64,average,percentile_2.5_97.5,(extreme+1)/(resamples+1),dataset_checkpoint_endpoint_16x11,exploratory_association_not_causal
metric_contract_v1.2,c38b09694be88aa74de0741b39e9d3ba0d6ff61a,35a1a66f78dfd6255c4d804586ee6863969be78d21acec5cd0ccf00476ddaa5c,f80984d28ef9a7550633fb3aea514f783f3db1fa655a6d3f49850b10857e6afc,last,tin,auroc,ood_metric/auroc_id_positive,identity,SW participation ratio,geometry/spectrum/sw_participation_ratio,GEO-11,descriptive,id_train,raw_feature_covariance,,,detector/mahalanobis_raw,OOD-1,up,id_train,id_test_vs_tin,detector_declared,-0.12727272727272726,-0.0878754171301446,-0.6978116602584743,0.6885974531500569,0.7275272472752725,0.8627830550278306,10,30,10000,20260805,float64,average,percentile_2.5_97.5,(extreme+1)/(resamples+1),dataset_checkpoint_endpoint_16x11,exploratory_association_not_causal
metric_contract_v1.2,c38b09694be88aa74de0741b39e9d3ba0d6ff61a,35a1a66f78dfd6255c4d804586ee6863969be78d21acec5cd0ccf00476ddaa5c,f80984d28ef9a7550633fb3aea514f783f3db1fa655a6d3f49850b10857e6afc,last,tin,auroc,ood_metric/auroc_id_positive,identity,SW participation ratio,geometry/spectrum/sw_participation_ratio,GEO-11,descriptive,id_train,raw_feature_covariance,,,detector/neco_author_std_dim100,OOD-1,up,id_train,id_test_vs_tin,detector_declared,-0.45454545454545453,-0.4295884315906563,-0.8268026519011528,0.26539105895794646,0.18938106189381063,0.5464109326772241,10,30,10000,20260805,float64,average,percentile_2.5_97.5,(extreme+1)/(resamples+1),dataset_checkpoint_endpoint_16x11,exploratory_association_not_causal
metric_contract_v1.2,c38b09694be88aa74de0741b39e9d3ba0d6ff61a,35a1a66f78dfd6255c4d804586ee6863969be78d21acec5cd0ccf00476ddaa5c,f80984d28ef9a7550633fb3aea514f783f3db1fa655a6d3f49850b10857e6afc,last,tin,auroc,ood_metric/auroc_id_positive,identity,SW participation ratio,geometry/spectrum/sw_participation_ratio,GEO-11,descriptive,id_train,raw_feature_covariance,,,detector/relative_mahalanobis_pp,OOD-1,up,id_train,id_test_vs_tin,detector_declared,0.3939393939393939,0.4353726362625139,-0.3352901785714285,0.9195404727089155,0.26417358264173585,0.589101089891011,10,30,10000,20260805,float64,average,percentile_2.5_97.5,(extreme+1)/(resamples+1),dataset_checkpoint_endpoint_16x11,exploratory_association_not_causal
metric_contract_v1.2,c38b09694be88aa74de0741b39e9d3ba0d6ff61a,35a1a66f78dfd6255c4d804586ee6863969be78d21acec5cd0ccf00476ddaa5c,f80984d28ef9a7550633fb3aea514f783f3db1fa655a6d3f49850b10857e6afc,last,tin,auroc,ood_metric/auroc_id_positive,identity,SW participation ratio,geometry/spectrum/sw_participation_ratio,GEO-11,descriptive,id_train,raw_feature_covariance,,,detector/relative_mahalanobis_raw,OOD-1,up,id_train,id_test_vs_tin,detector_declared,0.28484848484848485,0.37219132369299224,-0.33615882221726523,0.9111011838284565,0.43115688431156884,0.6740281724039986,10,30,10000,20260805,float64,average,percentile_2.5_97.5,(extreme+1)/(resamples+1),dataset_checkpoint_endpoint_16x11,exploratory_association_not_causal
metric_contract_v1.2,c38b09694be88aa74de0741b39e9d3ba0d6ff61a,35a1a66f78dfd6255c4d804586ee6863969be78d21acec5cd0ccf00476ddaa5c,f80984d28ef9a7550633fb3aea514f783f3db1fa655a6d3f49850b10857e6afc,last,tin,auroc,ood_metric/auroc_id_positive,identity,SW participation ratio,geometry/spectrum/sw_participation_ratio,GEO-11,descriptive,id_train,raw_feature_covariance,,,detector/vim_author_dim,OOD-1,up,id_train,id_test_vs_tin,detector_declared,0.7818181818181819,0.746384872080089,0.17756904283815084,0.929957617666741,0.0108989101089891,0.23825309776714637,10,30,10000,20260805,float64,average,percentile_2.5_97.5,(extreme+1)/(resamples+1),dataset_checkpoint_endpoint_16x11,exploratory_association_not_causal
metric_contract_v1.2,c38b09694be88aa74de0741b39e9d3ba0d6ff61a,35a1a66f78dfd6255c4d804586ee6863969be78d21acec5cd0ccf00476ddaa5c,f80984d28ef9a7550633fb3aea514f783f3db1fa655a6d3f49850b10857e6afc,last,tin,auroc,ood_metric/auroc_id_positive,identity,SW participation ratio,geometry/spectrum/sw_participation_ratio,GEO-11,descriptive,id_train,raw_feature_covariance,,,ood_score/energy_t1,OOD-1,up,,id_test_vs_tin,detector_declared,-0.01818181818181818,0.09721913236929922,-0.47362799890309437,0.6433043526288135,0.9709029097090291,0.9863105643458643,10,30,10000,20260805,float64,average,percentile_2.5_97.5,(extreme+1)/(resamples+1),dataset_checkpoint_endpoint_16x11,exploratory_association_not_causal
metric_contract_v1.2,c38b09694be88aa74de0741b39e9d3ba0d6ff61a,35a1a66f78dfd6255c4d804586ee6863969be78d21acec5cd0ccf00476ddaa5c,f80984d28ef9a7550633fb3aea514f783f3db1fa655a6d3f49850b10857e6afc,last,tin,auroc,ood_metric/auroc_id_positive,identity,SW participation ratio,geometry/spectrum/sw_participation_ratio,GEO-11,descriptive,id_train,raw_feature_covariance,,,ood_score/max_logit,OOD-1,up,,id_test_vs_tin,detector_declared,0.05454545454545454,0.10433815350389321,-0.4864519079198777,0.6581865117478868,0.8903109689031097,0.9496650334966503,10,30,10000,20260805,float64,average,percentile_2.5_97.5,(extreme+1)/(resamples+1),dataset_checkpoint_endpoint_16x11,exploratory_association_not_causal
metric_contract_v1.2,c38b09694be88aa74de0741b39e9d3ba0d6ff61a,35a1a66f78dfd6255c4d804586ee6863969be78d21acec5cd0ccf00476ddaa5c,f80984d28ef9a7550633fb3aea514f783f3db1fa655a6d3f49850b10857e6afc,last,tin,auroc,ood_metric/auroc_id_positive,identity,SW participation ratio,geometry/spectrum/sw_participation_ratio,GEO-11,descriptive,id_train,raw_feature_covariance,,,ood_score/msp,OOD-1,up,,id_test_vs_tin,detector_declared,0.38181818181818183,0.4091212458286986,-0.23839285714285716,0.8329266299578799,0.28957104289571045,0.600824623420011,10,30,10000,20260805,float64,average,percentile_2.5_97.5,(extreme+1)/(resamples+1),dataset_checkpoint_endpoint_16x11,exploratory_association_not_causal
metric_contract_v1.2,c38b09694be88aa74de0741b39e9d3ba0d6ff61a,35a1a66f78dfd6255c4d804586ee6863969be78d21acec5cd0ccf00476ddaa5c,f80984d28ef9a7550633fb3aea514f783f3db1fa655a6d3f49850b10857e6afc,last,tin,auroc,ood_metric/auroc_id_positive,identity,SW numerical rank,geometry/spectrum/sw_numerical_rank,GEO-12,descriptive,id_train,raw_feature_covariance,,,detector/ctm_prototype_cosine,OOD-1,up,id_train,id_test_vs_tin,detector_declared,-0.061450986779902704,-0.009278549285537558,-0.5439170325506788,0.5237727498050873,0.8686131386861314,0.9495398286258331,10,30,10000,20260805,float64,average,percentile_2.5_97.5,(extreme+1)/(resamples+1),dataset_checkpoint_endpoint_16x11,exploratory_association_not_causal
metric_contract_v1.2,c38b09694be88aa74de0741b39e9d3ba0d6ff61a,35a1a66f78dfd6255c4d804586ee6863969be78d21acec5cd0ccf00476ddaa5c,f80984d28ef9a7550633fb3aea514f783f3db1fa655a6d3f49850b10857e6afc,last,tin,auroc,ood_metric/auroc_id_positive,identity,SW numerical rank,geometry/spectrum/sw_numerical_rank,GEO-12,descriptive,id_train,raw_feature_covariance,,,detector/knn_l2_k50,OOD-1,up,id_train,id_test_vs_tin,detector_declared,-0.24580394711961082,-0.21314889608721,-0.7047094011452223,0.41242827784270264,0.4821517848215178,0.7252881549451892,10,30,10000,20260805,float64,average,percentile_2.5_97.5,(extreme+1)/(resamples+1),dataset_checkpoint_endpoint_16x11,exploratory_association_not_causal
metric_contract_v1.2,c38b09694be88aa74de0741b39e9d3ba0d6ff61a,35a1a66f78dfd6255c4d804586ee6863969be78d21acec5cd0ccf00476ddaa5c,f80984d28ef9a7550633fb3aea514f783f3db1fa655a6d3f49850b10857e6afc,last,tin,auroc,ood_metric/auroc_id_positive,identity,SW numerical rank,geometry/spectrum/sw_numerical_rank,GEO-12,descriptive,id_train,raw_feature_covariance,,,detector/mahalanobis_pp,OOD-1,up,id_train,id_test_vs_tin,detector_declared,0.22532028485964326,0.14613715124721652,-0.5391442412526145,0.6751929605957583,0.521047895210479,0.7516756521069206,10,30,10000,20260805,float64,average,percentile_2.5_97.5,(extreme+1)/(resamples+1),dataset_checkpoint_endpoint_16x11,exploratory_association_not_causal
metric_contract_v1.2,c38b09694be88aa74de0741b39e9d3ba0d6ff61a,35a1a66f78dfd6255c4d804586ee6863969be78d21acec5cd0ccf00476ddaa5c,f80984d28ef9a7550633fb3aea514f783f3db1fa655a6d3f49850b10857e6afc,last,tin,auroc,ood_metric/auroc_id_positive,identity,SW numerical rank,geometry/spectrum/sw_numerical_rank,GEO-12,descriptive,id_train,raw_feature_covariance,,,detector/mahalanobis_raw,OOD-1,up,id_train,id_test_vs_tin,detector_declared,-0.05462309935991351,0.021907685813074788,-0.6182520336435,0.66784270320011,0.8875112488751125,0.9496650334966503,10,30,10000,20260805,float64,average,percentile_2.5_97.5,(extreme+1)/(resamples+1),dataset_checkpoint_endpoint_16x11,exploratory_association_not_causal
metric_contract_v1.2,c38b09694be88aa74de0741b39e9d3ba0d6ff61a,35a1a66f78dfd6255c4d804586ee6863969be78d21acec5cd0ccf00476ddaa5c,f80984d28ef9a7550633fb3aea514f783f3db1fa655a6d3f49850b10857e6afc,last,tin,auroc,ood_metric/auroc_id_positive,identity,SW numerical rank,geometry/spectrum/sw_numerical_rank,GEO-12,descriptive,id_train,raw_feature_covariance,,,detector/neco_author_std_dim100,OOD-1,up,id_train,id_test_vs_tin,detector_declared,0.6964445168388973,0.6237247019722469,0.1832736741858343,0.8095810591227596,0.034896510348965105,0.23825309776714637,10,30,10000,20260805,float64,average,percentile_2.5_97.5,(extreme+1)/(resamples+1),dataset_checkpoint_endpoint_16x11,exploratory_association_not_causal
metric_contract_v1.2,c38b09694be88aa74de0741b39e9d3ba0d6ff61a,35a1a66f78dfd6255c4d804586ee6863969be78d21acec5cd0ccf00476ddaa5c,f80984d28ef9a7550633fb3aea514f783f3db1fa655a6d3f49850b10857e6afc,last,tin,auroc,ood_metric/auroc_id_positive,identity,SW numerical rank,geometry/spectrum/sw_numerical_rank,GEO-12,descriptive,id_train,raw_feature_covariance,,,detector/relative_mahalanobis_pp,OOD-1,up,id_train,id_test_vs_tin,detector_declared,-0.3072549338995135,-0.22758219497582396,-0.7892084861092863,0.44704834855161624,0.3802619738026197,0.6575650127294962,10,30,10000,20260805,float64,average,percentile_2.5_97.5,(extreme+1)/(resamples+1),dataset_checkpoint_endpoint_16x11,exploratory_association_not_causal
metric_contract_v1.2,c38b09694be88aa74de0741b39e9d3ba0d6ff61a,35a1a66f78dfd6255c4d804586ee6863969be78d21acec5cd0ccf00476ddaa5c,f80984d28ef9a7550633fb3aea514f783f3db1fa655a6d3f49850b10857e6afc,last,tin,auroc,ood_metric/auroc_id_positive,identity,SW numerical rank,geometry/spectrum/sw_numerical_rank,GEO-12,descriptive,id_train,raw_feature_covariance,,,detector/relative_mahalanobis_raw,OOD-1,up,id_train,id_test_vs_tin,detector_declared,-0.40967324519935133,-0.3146974632678155,-0.7778905184638686,0.4576614364589171,0.23637636236376364,0.5698936955619507,10,30,10000,20260805,float64,average,percentile_2.5_97.5,(extreme+1)/(resamples+1),dataset_checkpoint_endpoint_16x11,exploratory_association_not_causal
metric_contract_v1.2,c38b09694be88aa74de0741b39e9d3ba0d6ff61a,35a1a66f78dfd6255c4d804586ee6863969be78d21acec5cd0ccf00476ddaa5c,f80984d28ef9a7550633fb3aea514f783f3db1fa655a6d3f49850b10857e6afc,last,tin,auroc,ood_metric/auroc_id_positive,identity,SW numerical rank,geometry/spectrum/sw_numerical_rank,GEO-12,descriptive,id_train,raw_feature_covariance,,,detector/vim_author_dim,OOD-1,up,id_train,id_test_vs_tin,detector_declared,-0.4369847948793081,-0.5012993988991818,-0.8427167644648993,-0.010168677845071639,0.202979702029797,0.5574501373392072,10,30,10000,20260805,float64,average,percentile_2.5_97.5,(extreme+1)/(resamples+1),dataset_checkpoint_endpoint_16x11,exploratory_association_not_causal
metric_contract_v1.2,c38b09694be88aa74de0741b39e9d3ba0d6ff61a,35a1a66f78dfd6255c4d804586ee6863969be78d21acec5cd0ccf00476ddaa5c,f80984d28ef9a7550633fb3aea514f783f3db1fa655a6d3f49850b10857e6afc,last,tin,auroc,ood_metric/auroc_id_positive,identity,SW numerical rank,geometry/spectrum/sw_numerical_rank,GEO-12,descriptive,id_train,raw_feature_covariance,,,ood_score/energy_t1,OOD-1,up,,id_test_vs_tin,detector_declared,-0.1365577483997838,-0.2953671522562789,-0.7295661488395622,0.2383672939122021,0.7073292670732927,0.848905585631913,10,30,10000,20260805,float64,average,percentile_2.5_97.5,(extreme+1)/(resamples+1),dataset_checkpoint_endpoint_16x11,exploratory_association_not_causal
metric_contract_v1.2,c38b09694be88aa74de0741b39e9d3ba0d6ff61a,35a1a66f78dfd6255c4d804586ee6863969be78d21acec5cd0ccf00476ddaa5c,f80984d28ef9a7550633fb3aea514f783f3db1fa655a6d3f49850b10857e6afc,last,tin,auroc,ood_metric/auroc_id_positive,identity,SW numerical rank,geometry/spectrum/sw_numerical_rank,GEO-12,descriptive,id_train,raw_feature_covariance,,,ood_score/max_logit,OOD-1,up,,id_test_vs_tin,detector_declared,-0.1843529603397081,-0.31701710058919985,-0.7533829288811119,0.24099775383505043,0.6031396860313969,0.7805337113347489,10,30,10000,20260805,float64,average,percentile_2.5_97.5,(extreme+1)/(resamples+1),dataset_checkpoint_endpoint_16x11,exploratory_association_not_causal
metric_contract_v1.2,c38b09694be88aa74de0741b39e9d3ba0d6ff61a,35a1a66f78dfd6255c4d804586ee6863969be78d21acec5cd0ccf00476ddaa5c,f80984d28ef9a7550633fb3aea514f783f3db1fa655a6d3f49850b10857e6afc,last,tin,auroc,ood_metric/auroc_id_positive,identity,SW numerical rank,geometry/spectrum/sw_numerical_rank,GEO-12,descriptive,id_train,raw_feature_covariance,,,ood_score/msp,OOD-1,up,,id_test_vs_tin,detector_declared,-0.29359915905953515,-0.36237889709627236,-0.7475203659047545,0.20321347295474398,0.40755924407559246,0.6740281724039986,10,30,10000,20260805,float64,average,percentile_2.5_97.5,(extreme+1)/(resamples+1),dataset_checkpoint_endpoint_16x11,exploratory_association_not_causal
metric_contract_v1.2,c38b09694be88aa74de0741b39e9d3ba0d6ff61a,35a1a66f78dfd6255c4d804586ee6863969be78d21acec5cd0ccf00476ddaa5c,f80984d28ef9a7550633fb3aea514f783f3db1fa655a6d3f49850b10857e6afc,last,tin,auroc,ood_metric/auroc_id_positive,identity,SW condition number,geometry/spectrum/sw_condition_number_retained,GEO-12,descriptive,id_train,raw_feature_covariance,,,detector/ctm_prototype_cosine,OOD-1,up,id_train,id_test_vs_tin,detector_declared,-0.1393939393939394,-0.196440489432703,-0.6604536267684707,0.5954447186442765,0.7001299870012999,0.848905585631913,10,30,10000,20260805,float64,average,percentile_2.5_97.5,(extreme+1)/(resamples+1),dataset_checkpoint_endpoint_16x11,exploratory_association_not_causal
metric_contract_v1.2,c38b09694be88aa74de0741b39e9d3ba0d6ff61a,35a1a66f78dfd6255c4d804586ee6863969be78d21acec5cd0ccf00476ddaa5c,f80984d28ef9a7550633fb3aea514f783f3db1fa655a6d3f49850b10857e6afc,last,tin,auroc,ood_metric/auroc_id_positive,identity,SW condition number,geometry/spectrum/sw_condition_number_retained,GEO-12,descriptive,id_train,raw_feature_covariance,,,detector/knn_l2_k50,OOD-1,up,id_train,id_test_vs_tin,detector_declared,-0.10303030303030303,-0.1621802002224694,-0.6696623882188446,0.6176058374751835,0.7852214778522147,0.8916063232386439,10,30,10000,20260805,float64,average,percentile_2.5_97.5,(extreme+1)/(resamples+1),dataset_checkpoint_endpoint_16x11,exploratory_association_not_causal
metric_contract_v1.2,c38b09694be88aa74de0741b39e9d3ba0d6ff61a,35a1a66f78dfd6255c4d804586ee6863969be78d21acec5cd0ccf00476ddaa5c,f80984d28ef9a7550633fb3aea514f783f3db1fa655a6d3f49850b10857e6afc,last,tin,auroc,ood_metric/auroc_id_positive,identity,SW condition number,geometry/spectrum/sw_condition_number_retained,GEO-12,descriptive,id_train,raw_feature_covariance,,,detector/mahalanobis_pp,OOD-1,up,id_train,id_test_vs_tin,detector_declared,-0.3575757575757576,-0.4460511679644049,-0.8325892857142857,0.2154262861024747,0.3080691930806919,0.6028333336879078,10,30,10000,20260805,float64,average,percentile_2.5_97.5,(extreme+1)/(resamples+1),dataset_checkpoint_endpoint_16x11,exploratory_association_not_causal
metric_contract_v1.2,c38b09694be88aa74de0741b39e9d3ba0d6ff61a,35a1a66f78dfd6255c4d804586ee6863969be78d21acec5cd0ccf00476ddaa5c,f80984d28ef9a7550633fb3aea514f783f3db1fa655a6d3f49850b10857e6afc,last,tin,auroc,ood_metric/auroc_id_positive,identity,SW condition number,geometry/spectrum/sw_condition_number_retained,GEO-12,descriptive,id_train,raw_feature_covariance,,,detector/mahalanobis_raw,OOD-1,up,id_train,id_test_vs_tin,detector_declared,-0.05454545454545454,-0.16840934371523916,-0.7458188422243366,0.48033422692542677,0.8876112388761124,0.9496650334966503,10,30,10000,20260805,float64,average,percentile_2.5_97.5,(extreme+1)/(resamples+1),dataset_checkpoint_endpoint_16x11,exploratory_association_not_causal
metric_contract_v1.2,c38b09694be88aa74de0741b39e9d3ba0d6ff61a,35a1a66f78dfd6255c4d804586ee6863969be78d21acec5cd0ccf00476ddaa5c,f80984d28ef9a7550633fb3aea514f783f3db1fa655a6d3f49850b10857e6afc,last,tin,auroc,ood_metric/auroc_id_positive,identity,SW condition number,geometry/spectrum/sw_condition_number_retained,GEO-12,descriptive,id_train,raw_feature_covariance,,,detector/neco_author_std_dim100,OOD-1,up,id_train,id_test_vs_tin,detector_declared,-0.4303030303030303,-0.46651835372636263,-0.7970152973103514,0.11086698061503257,0.21537846215378462,0.5574501373392072,10,30,10000,20260805,float64,average,percentile_2.5_97.5,(extreme+1)/(resamples+1),dataset_checkpoint_endpoint_16x11,exploratory_association_not_causal
metric_contract_v1.2,c38b09694be88aa74de0741b39e9d3ba0d6ff61a,35a1a66f78dfd6255c4d804586ee6863969be78d21acec5cd0ccf00476ddaa5c,f80984d28ef9a7550633fb3aea514f783f3db1fa655a6d3f49850b10857e6afc,last,tin,auroc,ood_metric/auroc_id_positive,identity,SW condition number,geometry/spectrum/sw_condition_number_retained,GEO-12,descriptive,id_train,raw_feature_covariance,,,detector/relative_mahalanobis_pp,OOD-1,up,id_train,id_test_vs_tin,detector_declared,-0.006060606060606061,-0.06162402669632926,-0.7739719178094946,0.5534425886371618,1.0,1.0,10,30,10000,20260805,float64,average,percentile_2.5_97.5,(extreme+1)/(resamples+1),dataset_checkpoint_endpoint_16x11,exploratory_association_not_causal
metric_contract_v1.2,c38b09694be88aa74de0741b39e9d3ba0d6ff61a,35a1a66f78dfd6255c4d804586ee6863969be78d21acec5cd0ccf00476ddaa5c,f80984d28ef9a7550633fb3aea514f783f3db1fa655a6d3f49850b10857e6afc,last,tin,auroc,ood_metric/auroc_id_positive,identity,SW condition number,geometry/spectrum/sw_condition_number_retained,GEO-12,descriptive,id_train,raw_feature_covariance,,,detector/relative_mahalanobis_raw,OOD-1,up,id_train,id_test_vs_tin,detector_declared,0.11515151515151516,0.08164627363737487,-0.7013045472697328,0.5186015239802779,0.7608239176082392,0.8761163099376337,10,30,10000,20260805,float64,average,percentile_2.5_97.5,(extreme+1)/(resamples+1),dataset_checkpoint_endpoint_16x11,exploratory_association_not_causal
metric_contract_v1.2,c38b09694be88aa74de0741b39e9d3ba0d6ff61a,35a1a66f78dfd6255c4d804586ee6863969be78d21acec5cd0ccf00476ddaa5c,f80984d28ef9a7550633fb3aea514f783f3db1fa655a6d3f49850b10857e6afc,last,tin,auroc,ood_metric/auroc_id_positive,identity,SW condition number,geometry/spectrum/sw_condition_number_retained,GEO-12,descriptive,id_train,raw_feature_covariance,,,detector/vim_author_dim,OOD-1,up,id_train,id_test_vs_tin,detector_declared,0.01818181818181818,-0.058954393770856504,-0.6494851129221313,0.5425769059295587,0.9751024897510249,0.9863105643458643,10,30,10000,20260805,float64,average,percentile_2.5_97.5,(extreme+1)/(resamples+1),dataset_checkpoint_endpoint_16x11,exploratory_association_not_causal
metric_contract_v1.2,c38b09694be88aa74de0741b39e9d3ba0d6ff61a,35a1a66f78dfd6255c4d804586ee6863969be78d21acec5cd0ccf00476ddaa5c,f80984d28ef9a7550633fb3aea514f783f3db1fa655a6d3f49850b10857e6afc,last,tin,auroc,ood_metric/auroc_id_positive,identity,SW condition number,geometry/spectrum/sw_condition_number_retained,GEO-12,descriptive,id_train,raw_feature_covariance,,,ood_score/energy_t1,OOD-1,up,,id_test_vs_tin,detector_declared,-0.030303030303030304,0.1003337041156841,-0.47563265447806446,0.719909996062637,0.9488051194880512,0.9828099542986879,10,30,10000,20260805,float64,average,percentile_2.5_97.5,(extreme+1)/(resamples+1),dataset_checkpoint_endpoint_16x11,exploratory_association_not_causal
metric_contract_v1.2,c38b09694be88aa74de0741b39e9d3ba0d6ff61a,35a1a66f78dfd6255c4d804586ee6863969be78d21acec5cd0ccf00476ddaa5c,f80984d28ef9a7550633fb3aea514f783f3db1fa655a6d3f49850b10857e6afc,last,tin,auroc,ood_metric/auroc_id_positive,identity,SW condition number,geometry/spectrum/sw_condition_number_retained,GEO-12,descriptive,id_train,raw_feature_covariance,,,ood_score/max_logit,OOD-1,up,,id_test_vs_tin,detector_declared,0.030303030303030304,0.1132369299221357,-0.4737803328840352,0.7403777984819727,0.9493050694930507,0.9828099542986879,10,30,10000,20260805,float64,average,percentile_2.5_97.5,(extreme+1)/(resamples+1),dataset_checkpoint_endpoint_16x11,exploratory_association_not_causal
metric_contract_v1.2,c38b09694be88aa74de0741b39e9d3ba0d6ff61a,35a1a66f78dfd6255c4d804586ee6863969be78d21acec5cd0ccf00476ddaa5c,f80984d28ef9a7550633fb3aea514f783f3db1fa655a6d3f49850b10857e6afc,last,tin,auroc,ood_metric/auroc_id_positive,identity,SW condition number,geometry/spectrum/sw_condition_number_retained,GEO-12,descriptive,id_train,raw_feature_covariance,,,ood_score/msp,OOD-1,up,,id_test_vs_tin,detector_declared,0.06666666666666667,0.2289210233592881,-0.3913438499652954,0.768167632634864,0.8584141585841416,0.9442555744425558,10,30,10000,20260805,float64,average,percentile_2.5_97.5,(extreme+1)/(resamples+1),dataset_checkpoint_endpoint_16x11,exploratory_association_not_causal
metric_contract_v1.2,c38b09694be88aa74de0741b39e9d3ba0d6ff61a,35a1a66f78dfd6255c4d804586ee6863969be78d21acec5cd0ccf00476ddaa5c,f80984d28ef9a7550633fb3aea514f783f3db1fa655a6d3f49850b10857e6afc,last,tin,auroc,ood_metric/auroc_id_positive,identity,LID-50,geometry/lid_k50,GEO-14,descriptive,id_train,raw_feature_exact_neighbors,,,detector/ctm_prototype_cosine,OOD-1,up,id_train,id_test_vs_tin,detector_declared,0.3333333333333333,0.3103448275862069,-0.44428002050161136,0.832924927600802,0.34906509349065096,0.6268924127995363,10,30,10000,20260805,float64,average,percentile_2.5_97.5,(extreme+1)/(resamples+1),dataset_checkpoint_endpoint_16x11,exploratory_association_not_causal
metric_contract_v1.2,c38b09694be88aa74de0741b39e9d3ba0d6ff61a,35a1a66f78dfd6255c4d804586ee6863969be78d21acec5cd0ccf00476ddaa5c,f80984d28ef9a7550633fb3aea514f783f3db1fa655a6d3f49850b10857e6afc,last,tin,auroc,ood_metric/auroc_id_positive,identity,LID-50,geometry/lid_k50,GEO-14,descriptive,id_train,raw_feature_exact_neighbors,,,detector/knn_l2_k50,OOD-1,up,id_train,id_test_vs_tin,detector_declared,0.6848484848484848,0.6231368186874304,-0.07891364489764385,0.9013252201871794,0.03519648035196481,0.23825309776714637,10,30,10000,20260805,float64,average,percentile_2.5_97.5,(extreme+1)/(resamples+1),dataset_checkpoint_endpoint_16x11,exploratory_association_not_causal
metric_contract_v1.2,c38b09694be88aa74de0741b39e9d3ba0d6ff61a,35a1a66f78dfd6255c4d804586ee6863969be78d21acec5cd0ccf00476ddaa5c,f80984d28ef9a7550633fb3aea514f783f3db1fa655a6d3f49850b10857e6afc,last,tin,auroc,ood_metric/auroc_id_positive,identity,LID-50,geometry/lid_k50,GEO-14,descriptive,id_train,raw_feature_exact_neighbors,,,detector/mahalanobis_pp,OOD-1,up,id_train,id_test_vs_tin,detector_declared,0.45454545454545453,0.3939933259176863,-0.3089468802302669,0.7388553223717864,0.1862813718628137,0.5464109326772241,10,30,10000,20260805,float64,average,percentile_2.5_97.5,(extreme+1)/(resamples+1),dataset_checkpoint_endpoint_16x11,exploratory_association_not_causal
metric_contract_v1.2,c38b09694be88aa74de0741b39e9d3ba0d6ff61a,35a1a66f78dfd6255c4d804586ee6863969be78d21acec5cd0ccf00476ddaa5c,f80984d28ef9a7550633fb3aea514f783f3db1fa655a6d3f49850b10857e6afc,last,tin,auroc,ood_metric/auroc_id_positive,identity,LID-50,geometry/lid_k50,GEO-14,descriptive,id_train,raw_feature_exact_neighbors,,,detector/mahalanobis_raw,OOD-1,up,id_train,id_test_vs_tin,detector_declared,-0.4303030303030303,-0.43759733036707454,-0.7851239669421488,0.3065186569231311,0.21927807219278073,0.5593179812453537,10,30,10000,20260805,float64,average,percentile_2.5_97.5,(extreme+1)/(resamples+1),dataset_checkpoint_endpoint_16x11,exploratory_association_not_causal
metric_contract_v1.2,c38b09694be88aa74de0741b39e9d3ba0d6ff61a,35a1a66f78dfd6255c4d804586ee6863969be78d21acec5cd0ccf00476ddaa5c,f80984d28ef9a7550633fb3aea514f783f3db1fa655a6d3f49850b10857e6afc,last,tin,auroc,ood_metric/auroc_id_positive,identity,LID-50,geometry/lid_k50,GEO-14,descriptive,id_train,raw_feature_exact_neighbors,,,detector/neco_author_std_dim100,OOD-1,up,id_train,id_test_vs_tin,detector_declared,-0.7212121212121212,-0.7179087875417131,-0.9072850485535001,-0.22679071036615572,0.0245975402459754,0.23825309776714637,10,30,10000,20260805,float64,average,percentile_2.5_97.5,(extreme+1)/(resamples+1),dataset_checkpoint_endpoint_16x11,exploratory_association_not_causal
metric_contract_v1.2,c38b09694be88aa74de0741b39e9d3ba0d6ff61a,35a1a66f78dfd6255c4d804586ee6863969be78d21acec5cd0ccf00476ddaa5c,f80984d28ef9a7550633fb3aea514f783f3db1fa655a6d3f49850b10857e6afc,last,tin,auroc,ood_metric/auroc_id_positive,identity,LID-50,geometry/lid_k50,GEO-14,descriptive,id_train,raw_feature_exact_neighbors,,,detector/relative_mahalanobis_pp,OOD-1,up,id_train,id_test_vs_tin,detector_declared,0.24848484848484848,0.23826473859844272,-0.592586184555339,0.8004640275335146,0.48955104489551043,0.7301778296746596,10,30,10000,20260805,float64,average,percentile_2.5_97.5,(extreme+1)/(resamples+1),dataset_checkpoint_endpoint_16x11,exploratory_association_not_causal
metric_contract_v1.2,c38b09694be88aa74de0741b39e9d3ba0d6ff61a,35a1a66f78dfd6255c4d804586ee6863969be78d21acec5cd0ccf00476ddaa5c,f80984d28ef9a7550633fb3aea514f783f3db1fa655a6d3f49850b10857e6afc,last,tin,auroc,ood_metric/auroc_id_positive,identity,LID-50,geometry/lid_k50,GEO-14,descriptive,id_train,raw_feature_exact_neighbors,,,detector/relative_mahalanobis_raw,OOD-1,up,id_train,id_test_vs_tin,detector_declared,0.21212121212121213,0.23025583982202447,-0.47591758172724075,0.8043398058363685,0.5563443655634437,0.7532580075325801,10,30,10000,20260805,float64,average,percentile_2.5_97.5,(extreme+1)/(resamples+1),dataset_checkpoint_endpoint_16x11,exploratory_association_not_causal
metric_contract_v1.2,c38b09694be88aa74de0741b39e9d3ba0d6ff61a,35a1a66f78dfd6255c4d804586ee6863969be78d21acec5cd0ccf00476ddaa5c,f80984d28ef9a7550633fb3aea514f783f3db1fa655a6d3f49850b10857e6afc,last,tin,auroc,ood_metric/auroc_id_positive,identity,LID-50,geometry/lid_k50,GEO-14,descriptive,id_train,raw_feature_exact_neighbors,,,detector/vim_author_dim,OOD-1,up,id_train,id_test_vs_tin,detector_declared,0.7818181818181819,0.7170189098998888,0.2094855412882766,0.9088675452311816,0.0122987701229877,0.23825309776714637,10,30,10000,20260805,float64,average,percentile_2.5_97.5,(extreme+1)/(resamples+1),dataset_checkpoint_endpoint_16x11,exploratory_association_not_causal
metric_contract_v1.2,c38b09694be88aa74de0741b39e9d3ba0d6ff61a,35a1a66f78dfd6255c4d804586ee6863969be78d21acec5cd0ccf00476ddaa5c,f80984d28ef9a7550633fb3aea514f783f3db1fa655a6d3f49850b10857e6afc,last,tin,auroc,ood_metric/auroc_id_positive,identity,LID-50,geometry/lid_k50,GEO-14,descriptive,id_train,raw_feature_exact_neighbors,,,ood_score/energy_t1,OOD-1,up,,id_test_vs_tin,detector_declared,0.3696969696969697,0.4153503893214683,-0.2749638390541402,0.7575933412136324,0.29717028297170284,0.6011720667013759,10,30,10000,20260805,float64,average,percentile_2.5_97.5,(extreme+1)/(resamples+1),dataset_checkpoint_endpoint_16x11,exploratory_association_not_causal
metric_contract_v1.2,c38b09694be88aa74de0741b39e9d3ba0d6ff61a,35a1a66f78dfd6255c4d804586ee6863969be78d21acec5cd0ccf00476ddaa5c,f80984d28ef9a7550633fb3aea514f783f3db1fa655a6d3f49850b10857e6afc,last,tin,auroc,ood_metric/auroc_id_positive,identity,LID-50,geometry/lid_k50,GEO-14,descriptive,id_train,raw_feature_exact_neighbors,,,ood_score/max_logit,OOD-1,up,,id_test_vs_tin,detector_declared,0.44242424242424244,0.4318131256952169,-0.2532332677266975,0.7690246118178079,0.20737926207379262,0.5574501373392072,10,30,10000,20260805,float64,average,percentile_2.5_97.5,(extreme+1)/(resamples+1),dataset_checkpoint_endpoint_16x11,exploratory_association_not_causal
metric_contract_v1.2,c38b09694be88aa74de0741b39e9d3ba0d6ff61a,35a1a66f78dfd6255c4d804586ee6863969be78d21acec5cd0ccf00476ddaa5c,f80984d28ef9a7550633fb3aea514f783f3db1fa655a6d3f49850b10857e6afc,last,tin,auroc,ood_metric/auroc_id_positive,identity,LID-50,geometry/lid_k50,GEO-14,descriptive,id_train,raw_feature_exact_neighbors,,,ood_score/msp,OOD-1,up,,id_test_vs_tin,detector_declared,0.3090909090909091,0.23737486095661847,-0.39131066028299233,0.6281814819525767,0.3885611438856114,0.6575650127294962,10,30,10000,20260805,float64,average,percentile_2.5_97.5,(extreme+1)/(resamples+1),dataset_checkpoint_endpoint_16x11,exploratory_association_not_causal
