definition_version,evaluation_git_sha,inventory_hash,dataset_policy_hash,config_hash,checkpoint_role,artifact_key,formula_id,reporting_tier,direction,fit_split,query_split,transform,detector,ood_dataset,ood_group,class_index,statistic,quantile_probability,sample_count,role,optimizer,lr,weight_decay,mean,sample_sd_ddof1,formatted,seed0,seed1,seed2
metric_contract_v1.2,c38b09694be88aa74de0741b39e9d3ba0d6ff61a,35a1a66f78dfd6255c4d804586ee6863969be78d21acec5cd0ccf00476ddaa5c,f80984d28ef9a7550633fb3aea514f783f3db1fa655a6d3f49850b10857e6afc,188f2e248d512bb338cd5c33c140337ac59206948aa209631ca797a09d4b9eb2,last,analysis/angular_control_gap_ctm_ncp,OOD-7,exploratory,descriptive,id_train,id_test_vs_places365,paired_auroc_difference,,places365,,,,,45195,C1,sgd,0.1,0.0005,-0.004366425155088338,0.0025141130286767386,-0.004366 ± 0.002514,-0.0029989970166217628,-0.007267878960079521,-0.0028323994885637305
metric_contract_v1.2,c38b09694be88aa74de0741b39e9d3ba0d6ff61a,35a1a66f78dfd6255c4d804586ee6863969be78d21acec5cd0ccf00476ddaa5c,f80984d28ef9a7550633fb3aea514f783f3db1fa655a6d3f49850b10857e6afc,188f2e248d512bb338cd5c33c140337ac59206948aa209631ca797a09d4b9eb2,last,analysis/restoration_gap_mahalanobis,OOD-7,exploratory,descriptive,id_train,id_test_vs_places365,paired_auroc_difference,,places365,,,,,45195,C1,sgd,0.1,0.0005,-0.0055554368518256165,0.005000495999902269,-0.005555 ± 0.005000,-0.0037643557323483456,-0.011204816025003672,-0.001697138798124831
metric_contract_v1.2,c38b09694be88aa74de0741b39e9d3ba0d6ff61a,35a1a66f78dfd6255c4d804586ee6863969be78d21acec5cd0ccf00476ddaa5c,f80984d28ef9a7550633fb3aea514f783f3db1fa655a6d3f49850b10857e6afc,188f2e248d512bb338cd5c33c140337ac59206948aa209631ca797a09d4b9eb2,last,analysis/restoration_gap_relative_mahalanobis,OOD-7,exploratory,descriptive,id_train,id_test_vs_places365,paired_auroc_difference,,places365,,,,,45195,C1,sgd,0.1,0.0005,-0.0006660434720839881,0.0013164863045374304,-0.000666 ± 0.001316,0.00048311123739186446,-0.00037880948998436637,-0.0021024321636594623
metric_contract_v1.2,c38b09694be88aa74de0741b39e9d3ba0d6ff61a,35a1a66f78dfd6255c4d804586ee6863969be78d21acec5cd0ccf00476ddaa5c,f80984d28ef9a7550633fb3aea514f783f3db1fa655a6d3f49850b10857e6afc,188f2e248d512bb338cd5c33c140337ac59206948aa209631ca797a09d4b9eb2,last,ood_metric/ap_in,OOD-2,appendix,up,id_train,id_test_vs_places365,detector_declared,detector/ctm_prototype_cosine,places365,far,,,,45195,C1,sgd,0.1,0.0005,0.7945114340080388,0.003819034340088695,0.794511 ± 0.003819,0.7982992154700471,0.7945731907370402,0.7906618958170291
metric_contract_v1.2,c38b09694be88aa74de0741b39e9d3ba0d6ff61a,35a1a66f78dfd6255c4d804586ee6863969be78d21acec5cd0ccf00476ddaa5c,f80984d28ef9a7550633fb3aea514f783f3db1fa655a6d3f49850b10857e6afc,188f2e248d512bb338cd5c33c140337ac59206948aa209631ca797a09d4b9eb2,last,ood_metric/ap_in,OOD-2,appendix,up,id_train,id_test_vs_places365,detector_declared,detector/gda_class_density,places365,far,,,,45195,C1,sgd,0.1,0.0005,0.8477079457375482,0.004369289723440347,0.847708 ± 0.004369,0.8430652188304297,0.851739428437476,0.8483191899447389
metric_contract_v1.2,c38b09694be88aa74de0741b39e9d3ba0d6ff61a,35a1a66f78dfd6255c4d804586ee6863969be78d21acec5cd0ccf00476ddaa5c,f80984d28ef9a7550633fb3aea514f783f3db1fa655a6d3f49850b10857e6afc,188f2e248d512bb338cd5c33c140337ac59206948aa209631ca797a09d4b9eb2,last,ood_metric/ap_in,OOD-2,appendix,up,id_train,id_test_vs_places365,detector_declared,detector/knn_l2_k50,places365,far,,,,45195,C1,sgd,0.1,0.0005,0.8105567292285167,0.005838839661928014,0.810557 ± 0.005839,0.8171264465811453,0.8059599410466146,0.8085838000577903
metric_contract_v1.2,c38b09694be88aa74de0741b39e9d3ba0d6ff61a,35a1a66f78dfd6255c4d804586ee6863969be78d21acec5cd0ccf00476ddaa5c,f80984d28ef9a7550633fb3aea514f783f3db1fa655a6d3f49850b10857e6afc,188f2e248d512bb338cd5c33c140337ac59206948aa209631ca797a09d4b9eb2,last,ood_metric/ap_in,OOD-2,appendix,up,id_train,id_test_vs_places365,detector_declared,detector/mahalanobis_pp,places365,far,,,,45195,C1,sgd,0.1,0.0005,0.741316594137655,0.01194030433832606,0.741317 ± 0.011940,0.744213028532893,0.7281945228833241,0.751542230996748
metric_contract_v1.2,c38b09694be88aa74de0741b39e9d3ba0d6ff61a,35a1a66f78dfd6255c4d804586ee6863969be78d21acec5cd0ccf00476ddaa5c,f80984d28ef9a7550633fb3aea514f783f3db1fa655a6d3f49850b10857e6afc,188f2e248d512bb338cd5c33c140337ac59206948aa209631ca797a09d4b9eb2,last,ood_metric/ap_in,OOD-2,appendix,up,id_train,id_test_vs_places365,detector_declared,detector/mahalanobis_raw,places365,far,,,,45195,C1,sgd,0.1,0.0005,0.7722813756651316,0.010351453096404575,0.772281 ± 0.010351,0.7633392183325056,0.7836212932352177,0.7698836154276716
metric_contract_v1.2,c38b09694be88aa74de0741b39e9d3ba0d6ff61a,35a1a66f78dfd6255c4d804586ee6863969be78d21acec5cd0ccf00476ddaa5c,f80984d28ef9a7550633fb3aea514f783f3db1fa655a6d3f49850b10857e6afc,188f2e248d512bb338cd5c33c140337ac59206948aa209631ca797a09d4b9eb2,last,ood_metric/ap_in,OOD-2,appendix,up,id_train,id_test_vs_places365,detector_declared,detector/marginal_mahalanobis_raw,places365,far,,,,45195,C1,sgd,0.1,0.0005,0.6987528616627365,0.011219336452222655,0.698753 ± 0.011219,0.6905989757334432,0.7115481254873439,0.6941114837674225
metric_contract_v1.2,c38b09694be88aa74de0741b39e9d3ba0d6ff61a,35a1a66f78dfd6255c4d804586ee6863969be78d21acec5cd0ccf00476ddaa5c,f80984d28ef9a7550633fb3aea514f783f3db1fa655a6d3f49850b10857e6afc,188f2e248d512bb338cd5c33c140337ac59206948aa209631ca797a09d4b9eb2,last,ood_metric/ap_in,OOD-2,appendix,up,id_train,id_test_vs_places365,detector_declared,detector/ncp_euclidean_raw,places365,far,,,,45195,C1,sgd,0.1,0.0005,0.8067985712905518,0.009275117114437601,0.806799 ± 0.009275,0.805677593485408,0.816583232462591,0.7981348879236558
metric_contract_v1.2,c38b09694be88aa74de0741b39e9d3ba0d6ff61a,35a1a66f78dfd6255c4d804586ee6863969be78d21acec5cd0ccf00476ddaa5c,f80984d28ef9a7550633fb3aea514f783f3db1fa655a6d3f49850b10857e6afc,188f2e248d512bb338cd5c33c140337ac59206948aa209631ca797a09d4b9eb2,last,ood_metric/ap_in,OOD-2,appendix,up,id_train,id_test_vs_places365,detector_declared,detector/neco_author_std_dim100,places365,far,,,,45195,C1,sgd,0.1,0.0005,0.7479909337616141,0.012149690718013102,0.747991 ± 0.012150,0.7407014758202648,0.7412547746809537,0.7620165507836236
metric_contract_v1.2,c38b09694be88aa74de0741b39e9d3ba0d6ff61a,35a1a66f78dfd6255c4d804586ee6863969be78d21acec5cd0ccf00476ddaa5c,f80984d28ef9a7550633fb3aea514f783f3db1fa655a6d3f49850b10857e6afc,188f2e248d512bb338cd5c33c140337ac59206948aa209631ca797a09d4b9eb2,last,ood_metric/ap_in,OOD-2,appendix,up,id_train,id_test_vs_places365,detector_declared,detector/relative_mahalanobis_pp,places365,far,,,,45195,C1,sgd,0.1,0.0005,0.8160337945965114,0.0033768661770740625,0.816034 ± 0.003377,0.8173841561250663,0.8121907094800611,0.8185265181844069
metric_contract_v1.2,c38b09694be88aa74de0741b39e9d3ba0d6ff61a,35a1a66f78dfd6255c4d804586ee6863969be78d21acec5cd0ccf00476ddaa5c,f80984d28ef9a7550633fb3aea514f783f3db1fa655a6d3f49850b10857e6afc,188f2e248d512bb338cd5c33c140337ac59206948aa209631ca797a09d4b9eb2,last,ood_metric/ap_in,OOD-2,appendix,up,id_train,id_test_vs_places365,detector_declared,detector/relative_mahalanobis_raw,places365,far,,,,45195,C1,sgd,0.1,0.0005,0.8127625831416205,0.005303836109158817,0.812763 ± 0.005304,0.8119122994776902,0.80793525500785,0.8184401949393216
metric_contract_v1.2,c38b09694be88aa74de0741b39e9d3ba0d6ff61a,35a1a66f78dfd6255c4d804586ee6863969be78d21acec5cd0ccf00476ddaa5c,f80984d28ef9a7550633fb3aea514f783f3db1fa655a6d3f49850b10857e6afc,188f2e248d512bb338cd5c33c140337ac59206948aa209631ca797a09d4b9eb2,last,ood_metric/ap_in,OOD-2,appendix,up,id_train,id_test_vs_places365,detector_declared,detector/vim_author_dim,places365,far,,,,45195,C1,sgd,0.1,0.0005,0.7881576815503127,0.014407457858445182,0.788158 ± 0.014407,0.7950966898701324,0.771593809723502,0.7977825450573037
metric_contract_v1.2,c38b09694be88aa74de0741b39e9d3ba0d6ff61a,35a1a66f78dfd6255c4d804586ee6863969be78d21acec5cd0ccf00476ddaa5c,f80984d28ef9a7550633fb3aea514f783f3db1fa655a6d3f49850b10857e6afc,188f2e248d512bb338cd5c33c140337ac59206948aa209631ca797a09d4b9eb2,last,ood_metric/ap_in,OOD-2,appendix,up,id_train,id_test_vs_places365,detector_declared,detector/vim_dim128,places365,far,,,,45195,C1,sgd,0.1,0.0005,0.7731035863278595,0.014557296969790488,0.773104 ± 0.014557,0.7813554588950934,0.756295187963981,0.7816601121245039
metric_contract_v1.2,c38b09694be88aa74de0741b39e9d3ba0d6ff61a,35a1a66f78dfd6255c4d804586ee6863969be78d21acec5cd0ccf00476ddaa5c,f80984d28ef9a7550633fb3aea514f783f3db1fa655a6d3f49850b10857e6afc,188f2e248d512bb338cd5c33c140337ac59206948aa209631ca797a09d4b9eb2,last,ood_metric/ap_in,OOD-2,appendix,up,id_train,id_test_vs_places365,detector_declared,detector/vim_dim256,places365,far,,,,45195,C1,sgd,0.1,0.0005,0.7874571893569304,0.011668539299512877,0.787457 ± 0.011669,0.7918374238233297,0.7742323555936698,0.7963017886537919
metric_contract_v1.2,c38b09694be88aa74de0741b39e9d3ba0d6ff61a,35a1a66f78dfd6255c4d804586ee6863969be78d21acec5cd0ccf00476ddaa5c,f80984d28ef9a7550633fb3aea514f783f3db1fa655a6d3f49850b10857e6afc,188f2e248d512bb338cd5c33c140337ac59206948aa209631ca797a09d4b9eb2,last,ood_metric/ap_in,OOD-2,appendix,up,id_train,id_test_vs_places365,detector_declared,detector/vim_dim320,places365,far,,,,45195,C1,sgd,0.1,0.0005,0.7881576815503127,0.014407457858445182,0.788158 ± 0.014407,0.7950966898701324,0.771593809723502,0.7977825450573037
metric_contract_v1.2,c38b09694be88aa74de0741b39e9d3ba0d6ff61a,35a1a66f78dfd6255c4d804586ee6863969be78d21acec5cd0ccf00476ddaa5c,f80984d28ef9a7550633fb3aea514f783f3db1fa655a6d3f49850b10857e6afc,188f2e248d512bb338cd5c33c140337ac59206948aa209631ca797a09d4b9eb2,last,ood_metric/ap_in,OOD-2,appendix,up,id_train,id_test_vs_places365,detector_declared,detector/vim_dim64,places365,far,,,,45195,C1,sgd,0.1,0.0005,0.7629098544082386,0.014650787046336657,0.762910 ± 0.014651,0.773817575648489,0.7462572539444592,0.7686547336317677
metric_contract_v1.2,c38b09694be88aa74de0741b39e9d3ba0d6ff61a,35a1a66f78dfd6255c4d804586ee6863969be78d21acec5cd0ccf00476ddaa5c,f80984d28ef9a7550633fb3aea514f783f3db1fa655a6d3f49850b10857e6afc,188f2e248d512bb338cd5c33c140337ac59206948aa209631ca797a09d4b9eb2,last,ood_metric/ap_in,OOD-2,appendix,up,id_train,id_test_vs_places365,detector_declared,detector/weight_cosine_appendix,places365,far,,,,45195,C1,sgd,0.1,0.0005,0.7596038339023677,0.008500648583209916,0.759604 ± 0.008501,0.7672126499864773,0.7504290939633186,0.7611697577573074
metric_contract_v1.2,c38b09694be88aa74de0741b39e9d3ba0d6ff61a,35a1a66f78dfd6255c4d804586ee6863969be78d21acec5cd0ccf00476ddaa5c,f80984d28ef9a7550633fb3aea514f783f3db1fa655a6d3f49850b10857e6afc,188f2e248d512bb338cd5c33c140337ac59206948aa209631ca797a09d4b9eb2,last,ood_metric/ap_in,OOD-2,appendix,up,,id_test_vs_places365,detector_declared,ood_score/energy_t1,places365,far,,,,45195,C1,sgd,0.1,0.0005,0.647871950750583,0.044827979978777674,0.647872 ± 0.044828,0.6741146767901404,0.596110747067478,0.6733904283941307
metric_contract_v1.2,c38b09694be88aa74de0741b39e9d3ba0d6ff61a,35a1a66f78dfd6255c4d804586ee6863969be78d21acec5cd0ccf00476ddaa5c,f80984d28ef9a7550633fb3aea514f783f3db1fa655a6d3f49850b10857e6afc,188f2e248d512bb338cd5c33c140337ac59206948aa209631ca797a09d4b9eb2,last,ood_metric/ap_in,OOD-2,appendix,up,,id_test_vs_places365,detector_declared,ood_score/max_logit,places365,far,,,,45195,C1,sgd,0.1,0.0005,0.6475941083144204,0.04473447205424397,0.647594 ± 0.044734,0.673769149702364,0.5959407556415257,0.6730724195993716
metric_contract_v1.2,c38b09694be88aa74de0741b39e9d3ba0d6ff61a,35a1a66f78dfd6255c4d804586ee6863969be78d21acec5cd0ccf00476ddaa5c,f80984d28ef9a7550633fb3aea514f783f3db1fa655a6d3f49850b10857e6afc,188f2e248d512bb338cd5c33c140337ac59206948aa209631ca797a09d4b9eb2,last,ood_metric/ap_in,OOD-2,appendix,up,,id_test_vs_places365,detector_declared,ood_score/msp,places365,far,,,,45195,C1,sgd,0.1,0.0005,0.7023000567943819,0.03436577702926634,0.702300 ± 0.034366,0.7265604718655737,0.6629746138993454,0.7173650846182266
metric_contract_v1.2,c38b09694be88aa74de0741b39e9d3ba0d6ff61a,35a1a66f78dfd6255c4d804586ee6863969be78d21acec5cd0ccf00476ddaa5c,f80984d28ef9a7550633fb3aea514f783f3db1fa655a6d3f49850b10857e6afc,188f2e248d512bb338cd5c33c140337ac59206948aa209631ca797a09d4b9eb2,last,ood_metric/ap_out,OOD-3,appendix,up,id_train,id_test_vs_places365,detector_declared,detector/ctm_prototype_cosine,places365,far,,,,45195,C1,sgd,0.1,0.0005,0.9678297726844214,0.0004434780778297071,0.967830 ± 0.000443,0.9681783170955789,0.9679804010799559,0.9673305998777295
metric_contract_v1.2,c38b09694be88aa74de0741b39e9d3ba0d6ff61a,35a1a66f78dfd6255c4d804586ee6863969be78d21acec5cd0ccf00476ddaa5c,f80984d28ef9a7550633fb3aea514f783f3db1fa655a6d3f49850b10857e6afc,188f2e248d512bb338cd5c33c140337ac59206948aa209631ca797a09d4b9eb2,last,ood_metric/ap_out,OOD-3,appendix,up,id_train,id_test_vs_places365,detector_declared,detector/gda_class_density,places365,far,,,,45195,C1,sgd,0.1,0.0005,0.973936406797289,0.0003021347316469246,0.973936 ± 0.000302,0.9738588746384805,0.9736805935676265,0.97426975218576
metric_contract_v1.2,c38b09694be88aa74de0741b39e9d3ba0d6ff61a,35a1a66f78dfd6255c4d804586ee6863969be78d21acec5cd0ccf00476ddaa5c,f80984d28ef9a7550633fb3aea514f783f3db1fa655a6d3f49850b10857e6afc,188f2e248d512bb338cd5c33c140337ac59206948aa209631ca797a09d4b9eb2,last,ood_metric/ap_out,OOD-3,appendix,up,id_train,id_test_vs_places365,detector_declared,detector/knn_l2_k50,places365,far,,,,45195,C1,sgd,0.1,0.0005,0.970830379282502,0.0004254071501234477,0.970830 ± 0.000425,0.9713215896590579,0.9705871231044438,0.9705824250840043
metric_contract_v1.2,c38b09694be88aa74de0741b39e9d3ba0d6ff61a,35a1a66f78dfd6255c4d804586ee6863969be78d21acec5cd0ccf00476ddaa5c,f80984d28ef9a7550633fb3aea514f783f3db1fa655a6d3f49850b10857e6afc,188f2e248d512bb338cd5c33c140337ac59206948aa209631ca797a09d4b9eb2,last,ood_metric/ap_out,OOD-3,appendix,up,id_train,id_test_vs_places365,detector_declared,detector/mahalanobis_pp,places365,far,,,,45195,C1,sgd,0.1,0.0005,0.9621289654861789,0.0013519419722295334,0.962129 ± 0.001352,0.9613977407469039,0.9613001198692049,0.9636890358424279
metric_contract_v1.2,c38b09694be88aa74de0741b39e9d3ba0d6ff61a,35a1a66f78dfd6255c4d804586ee6863969be78d21acec5cd0ccf00476ddaa5c,f80984d28ef9a7550633fb3aea514f783f3db1fa655a6d3f49850b10857e6afc,188f2e248d512bb338cd5c33c140337ac59206948aa209631ca797a09d4b9eb2,last,ood_metric/ap_out,OOD-3,appendix,up,id_train,id_test_vs_places365,detector_declared,detector/mahalanobis_raw,places365,far,,,,45195,C1,sgd,0.1,0.0005,0.9619087556675803,0.0006644802495102473,0.961909 ± 0.000664,0.9611430130363235,0.9623336111349354,0.9622496428314818
metric_contract_v1.2,c38b09694be88aa74de0741b39e9d3ba0d6ff61a,35a1a66f78dfd6255c4d804586ee6863969be78d21acec5cd0ccf00476ddaa5c,f80984d28ef9a7550633fb3aea514f783f3db1fa655a6d3f49850b10857e6afc,188f2e248d512bb338cd5c33c140337ac59206948aa209631ca797a09d4b9eb2,last,ood_metric/ap_out,OOD-3,appendix,up,id_train,id_test_vs_places365,detector_declared,detector/marginal_mahalanobis_raw,places365,far,,,,45195,C1,sgd,0.1,0.0005,0.9388358506606687,0.0004301167665936238,0.938836 ± 0.000430,0.9383968875289437,0.939256538487976,0.9388541259650864
metric_contract_v1.2,c38b09694be88aa74de0741b39e9d3ba0d6ff61a,35a1a66f78dfd6255c4d804586ee6863969be78d21acec5cd0ccf00476ddaa5c,f80984d28ef9a7550633fb3aea514f783f3db1fa655a6d3f49850b10857e6afc,188f2e248d512bb338cd5c33c140337ac59206948aa209631ca797a09d4b9eb2,last,ood_metric/ap_out,OOD-3,appendix,up,id_train,id_test_vs_places365,detector_declared,detector/ncp_euclidean_raw,places365,far,,,,45195,C1,sgd,0.1,0.0005,0.9689919425896077,0.0009653568927256471,0.968992 ± 0.000965,0.9690267678649758,0.9699394156086103,0.9680096442952371
metric_contract_v1.2,c38b09694be88aa74de0741b39e9d3ba0d6ff61a,35a1a66f78dfd6255c4d804586ee6863969be78d21acec5cd0ccf00476ddaa5c,f80984d28ef9a7550633fb3aea514f783f3db1fa655a6d3f49850b10857e6afc,188f2e248d512bb338cd5c33c140337ac59206948aa209631ca797a09d4b9eb2,last,ood_metric/ap_out,OOD-3,appendix,up,id_train,id_test_vs_places365,detector_declared,detector/neco_author_std_dim100,places365,far,,,,45195,C1,sgd,0.1,0.0005,0.9642913376500495,0.002468098459930872,0.964291 ± 0.002468,0.9626289251672551,0.963117849759989,0.9671272380229041
metric_contract_v1.2,c38b09694be88aa74de0741b39e9d3ba0d6ff61a,35a1a66f78dfd6255c4d804586ee6863969be78d21acec5cd0ccf00476ddaa5c,f80984d28ef9a7550633fb3aea514f783f3db1fa655a6d3f49850b10857e6afc,188f2e248d512bb338cd5c33c140337ac59206948aa209631ca797a09d4b9eb2,last,ood_metric/ap_out,OOD-3,appendix,up,id_train,id_test_vs_places365,detector_declared,detector/relative_mahalanobis_pp,places365,far,,,,45195,C1,sgd,0.1,0.0005,0.9697870818776607,0.00022680810450197375,0.969787 ± 0.000227,0.9700489325773975,0.9696603487292774,0.9696519643263073
metric_contract_v1.2,c38b09694be88aa74de0741b39e9d3ba0d6ff61a,35a1a66f78dfd6255c4d804586ee6863969be78d21acec5cd0ccf00476ddaa5c,f80984d28ef9a7550633fb3aea514f783f3db1fa655a6d3f49850b10857e6afc,188f2e248d512bb338cd5c33c140337ac59206948aa209631ca797a09d4b9eb2,last,ood_metric/ap_out,OOD-3,appendix,up,id_train,id_test_vs_places365,detector_declared,detector/relative_mahalanobis_raw,places365,far,,,,45195,C1,sgd,0.1,0.0005,0.9709464134941067,0.0004691657878707904,0.970946 ± 0.000469,0.9707312675577284,0.9706234046395801,0.9714845682850118
metric_contract_v1.2,c38b09694be88aa74de0741b39e9d3ba0d6ff61a,35a1a66f78dfd6255c4d804586ee6863969be78d21acec5cd0ccf00476ddaa5c,f80984d28ef9a7550633fb3aea514f783f3db1fa655a6d3f49850b10857e6afc,188f2e248d512bb338cd5c33c140337ac59206948aa209631ca797a09d4b9eb2,last,ood_metric/ap_out,OOD-3,appendix,up,id_train,id_test_vs_places365,detector_declared,detector/vim_author_dim,places365,far,,,,45195,C1,sgd,0.1,0.0005,0.9710158280698474,0.0007162376524468898,0.971016 ± 0.000716,0.9709709720405504,0.9703230726623869,0.9717534395066048
metric_contract_v1.2,c38b09694be88aa74de0741b39e9d3ba0d6ff61a,35a1a66f78dfd6255c4d804586ee6863969be78d21acec5cd0ccf00476ddaa5c,f80984d28ef9a7550633fb3aea514f783f3db1fa655a6d3f49850b10857e6afc,188f2e248d512bb338cd5c33c140337ac59206948aa209631ca797a09d4b9eb2,last,ood_metric/ap_out,OOD-3,appendix,up,id_train,id_test_vs_places365,detector_declared,detector/vim_dim128,places365,far,,,,45195,C1,sgd,0.1,0.0005,0.9710755605366571,0.0013665469081642647,0.971076 ± 0.001367,0.9719566849752008,0.9695013470283796,0.9717686496063909
metric_contract_v1.2,c38b09694be88aa74de0741b39e9d3ba0d6ff61a,35a1a66f78dfd6255c4d804586ee6863969be78d21acec5cd0ccf00476ddaa5c,f80984d28ef9a7550633fb3aea514f783f3db1fa655a6d3f49850b10857e6afc,188f2e248d512bb338cd5c33c140337ac59206948aa209631ca797a09d4b9eb2,last,ood_metric/ap_out,OOD-3,appendix,up,id_train,id_test_vs_places365,detector_declared,detector/vim_dim256,places365,far,,,,45195,C1,sgd,0.1,0.0005,0.9713133987442958,0.0010266703231434228,0.971313 ± 0.001027,0.9706749315760926,0.9707675764291814,0.9724976882276134
metric_contract_v1.2,c38b09694be88aa74de0741b39e9d3ba0d6ff61a,35a1a66f78dfd6255c4d804586ee6863969be78d21acec5cd0ccf00476ddaa5c,f80984d28ef9a7550633fb3aea514f783f3db1fa655a6d3f49850b10857e6afc,188f2e248d512bb338cd5c33c140337ac59206948aa209631ca797a09d4b9eb2,last,ood_metric/ap_out,OOD-3,appendix,up,id_train,id_test_vs_places365,detector_declared,detector/vim_dim320,places365,far,,,,45195,C1,sgd,0.1,0.0005,0.9710158280698474,0.0007162376524468898,0.971016 ± 0.000716,0.9709709720405504,0.9703230726623869,0.9717534395066048
metric_contract_v1.2,c38b09694be88aa74de0741b39e9d3ba0d6ff61a,35a1a66f78dfd6255c4d804586ee6863969be78d21acec5cd0ccf00476ddaa5c,f80984d28ef9a7550633fb3aea514f783f3db1fa655a6d3f49850b10857e6afc,188f2e248d512bb338cd5c33c140337ac59206948aa209631ca797a09d4b9eb2,last,ood_metric/ap_out,OOD-3,appendix,up,id_train,id_test_vs_places365,detector_declared,detector/vim_dim64,places365,far,,,,45195,C1,sgd,0.1,0.0005,0.9713297258400759,0.0015676323426125464,0.971330 ± 0.001568,0.9728471969568349,0.9697163370075808,0.9714256435558122
metric_contract_v1.2,c38b09694be88aa74de0741b39e9d3ba0d6ff61a,35a1a66f78dfd6255c4d804586ee6863969be78d21acec5cd0ccf00476ddaa5c,f80984d28ef9a7550633fb3aea514f783f3db1fa655a6d3f49850b10857e6afc,188f2e248d512bb338cd5c33c140337ac59206948aa209631ca797a09d4b9eb2,last,ood_metric/ap_out,OOD-3,appendix,up,id_train,id_test_vs_places365,detector_declared,detector/weight_cosine_appendix,places365,far,,,,45195,C1,sgd,0.1,0.0005,0.9668090906048216,0.0015733931247689597,0.966809 ± 0.001573,0.9684193745650702,0.9652753849002402,0.9667325123491541
metric_contract_v1.2,c38b09694be88aa74de0741b39e9d3ba0d6ff61a,35a1a66f78dfd6255c4d804586ee6863969be78d21acec5cd0ccf00476ddaa5c,f80984d28ef9a7550633fb3aea514f783f3db1fa655a6d3f49850b10857e6afc,188f2e248d512bb338cd5c33c140337ac59206948aa209631ca797a09d4b9eb2,last,ood_metric/ap_out,OOD-3,appendix,up,,id_test_vs_places365,detector_declared,ood_score/energy_t1,places365,far,,,,45195,C1,sgd,0.1,0.0005,0.9645310272981656,0.0028037721253392524,0.964531 ± 0.002804,0.9659223927382716,0.9613037018723012,0.9663669872839241
metric_contract_v1.2,c38b09694be88aa74de0741b39e9d3ba0d6ff61a,35a1a66f78dfd6255c4d804586ee6863969be78d21acec5cd0ccf00476ddaa5c,f80984d28ef9a7550633fb3aea514f783f3db1fa655a6d3f49850b10857e6afc,188f2e248d512bb338cd5c33c140337ac59206948aa209631ca797a09d4b9eb2,last,ood_metric/ap_out,OOD-3,appendix,up,,id_test_vs_places365,detector_declared,ood_score/max_logit,places365,far,,,,45195,C1,sgd,0.1,0.0005,0.9640623644277874,0.0026650549534685524,0.964062 ± 0.002665,0.9653653922721506,0.9609964961959366,0.9658252048152749
metric_contract_v1.2,c38b09694be88aa74de0741b39e9d3ba0d6ff61a,35a1a66f78dfd6255c4d804586ee6863969be78d21acec5cd0ccf00476ddaa5c,f80984d28ef9a7550633fb3aea514f783f3db1fa655a6d3f49850b10857e6afc,188f2e248d512bb338cd5c33c140337ac59206948aa209631ca797a09d4b9eb2,last,ood_metric/ap_out,OOD-3,appendix,up,,id_test_vs_places365,detector_declared,ood_score/msp,places365,far,,,,45195,C1,sgd,0.1,0.0005,0.9587670393901639,0.0012729070375113762,0.958767 ± 0.001273,0.9590944982226753,0.9573623948434888,0.9598442251043275
metric_contract_v1.2,c38b09694be88aa74de0741b39e9d3ba0d6ff61a,35a1a66f78dfd6255c4d804586ee6863969be78d21acec5cd0ccf00476ddaa5c,f80984d28ef9a7550633fb3aea514f783f3db1fa655a6d3f49850b10857e6afc,188f2e248d512bb338cd5c33c140337ac59206948aa209631ca797a09d4b9eb2,last,ood_metric/aupr_in_openood_auc,OOD-2,primary,up,id_train,id_test_vs_places365,detector_declared,detector/ctm_prototype_cosine,places365,far,,,,45195,C1,sgd,0.1,0.0005,0.7944957972632004,0.0038189576072692115,0.794496 ± 0.003819,0.798283442524446,0.7945576700938757,0.7906462791712795
metric_contract_v1.2,c38b09694be88aa74de0741b39e9d3ba0d6ff61a,35a1a66f78dfd6255c4d804586ee6863969be78d21acec5cd0ccf00476ddaa5c,f80984d28ef9a7550633fb3aea514f783f3db1fa655a6d3f49850b10857e6afc,188f2e248d512bb338cd5c33c140337ac59206948aa209631ca797a09d4b9eb2,last,ood_metric/aupr_in_openood_auc,OOD-2,primary,up,id_train,id_test_vs_places365,detector_declared,detector/gda_class_density,places365,far,,,,45195,C1,sgd,0.1,0.0005,0.8476957940040482,0.004369396005031755,0.847696 ± 0.004369,0.8430522415704906,0.8517262793963126,0.8483088610453411
metric_contract_v1.2,c38b09694be88aa74de0741b39e9d3ba0d6ff61a,35a1a66f78dfd6255c4d804586ee6863969be78d21acec5cd0ccf00476ddaa5c,f80984d28ef9a7550633fb3aea514f783f3db1fa655a6d3f49850b10857e6afc,188f2e248d512bb338cd5c33c140337ac59206948aa209631ca797a09d4b9eb2,last,ood_metric/aupr_in_openood_auc,OOD-2,primary,up,id_train,id_test_vs_places365,detector_declared,detector/knn_l2_k50,places365,far,,,,45195,C1,sgd,0.1,0.0005,0.8105403500447824,0.00583770117886265,0.810540 ± 0.005838,0.8171081178529211,0.8059422840500281,0.8085706482313981
metric_contract_v1.2,c38b09694be88aa74de0741b39e9d3ba0d6ff61a,35a1a66f78dfd6255c4d804586ee6863969be78d21acec5cd0ccf00476ddaa5c,f80984d28ef9a7550633fb3aea514f783f3db1fa655a6d3f49850b10857e6afc,188f2e248d512bb338cd5c33c140337ac59206948aa209631ca797a09d4b9eb2,last,ood_metric/aupr_in_openood_auc,OOD-2,primary,up,id_train,id_test_vs_places365,detector_declared,detector/mahalanobis_pp,places365,far,,,,45195,C1,sgd,0.1,0.0005,0.741293507350982,0.011941254395859526,0.741294 ± 0.011941,0.7441914143661204,0.7281700021284498,0.7515191055583756
metric_contract_v1.2,c38b09694be88aa74de0741b39e9d3ba0d6ff61a,35a1a66f78dfd6255c4d804586ee6863969be78d21acec5cd0ccf00476ddaa5c,f80984d28ef9a7550633fb3aea514f783f3db1fa655a6d3f49850b10857e6afc,188f2e248d512bb338cd5c33c140337ac59206948aa209631ca797a09d4b9eb2,last,ood_metric/aupr_in_openood_auc,OOD-2,primary,up,id_train,id_test_vs_places365,detector_declared,detector/mahalanobis_raw,places365,far,,,,45195,C1,sgd,0.1,0.0005,0.7722641050827955,0.010353702891744983,0.772264 ± 0.010354,0.7633193072966054,0.783606155203839,0.7698668527479419
metric_contract_v1.2,c38b09694be88aa74de0741b39e9d3ba0d6ff61a,35a1a66f78dfd6255c4d804586ee6863969be78d21acec5cd0ccf00476ddaa5c,f80984d28ef9a7550633fb3aea514f783f3db1fa655a6d3f49850b10857e6afc,188f2e248d512bb338cd5c33c140337ac59206948aa209631ca797a09d4b9eb2,last,ood_metric/aupr_in_openood_auc,OOD-2,primary,up,id_train,id_test_vs_places365,detector_declared,detector/marginal_mahalanobis_raw,places365,far,,,,45195,C1,sgd,0.1,0.0005,0.6987328948005712,0.01122173928395887,0.698733 ± 0.011222,0.690576185785357,0.7115306819782543,0.6940918166381025
metric_contract_v1.2,c38b09694be88aa74de0741b39e9d3ba0d6ff61a,35a1a66f78dfd6255c4d804586ee6863969be78d21acec5cd0ccf00476ddaa5c,f80984d28ef9a7550633fb3aea514f783f3db1fa655a6d3f49850b10857e6afc,188f2e248d512bb338cd5c33c140337ac59206948aa209631ca797a09d4b9eb2,last,ood_metric/aupr_in_openood_auc,OOD-2,primary,up,id_train,id_test_vs_places365,detector_declared,detector/ncp_euclidean_raw,places365,far,,,,45195,C1,sgd,0.1,0.0005,0.8067848686179282,0.009276185947029131,0.806785 ± 0.009276,0.8056636885734965,0.8165706872121004,0.798120230068188
metric_contract_v1.2,c38b09694be88aa74de0741b39e9d3ba0d6ff61a,35a1a66f78dfd6255c4d804586ee6863969be78d21acec5cd0ccf00476ddaa5c,f80984d28ef9a7550633fb3aea514f783f3db1fa655a6d3f49850b10857e6afc,188f2e248d512bb338cd5c33c140337ac59206948aa209631ca797a09d4b9eb2,last,ood_metric/aupr_in_openood_auc,OOD-2,primary,up,id_train,id_test_vs_places365,detector_declared,detector/neco_author_std_dim100,places365,far,,,,45195,C1,sgd,0.1,0.0005,0.7479679461410594,0.012146151167297788,0.747968 ± 0.012146,0.7406809668920624,0.7412333849732673,0.7619894865578486
metric_contract_v1.2,c38b09694be88aa74de0741b39e9d3ba0d6ff61a,35a1a66f78dfd6255c4d804586ee6863969be78d21acec5cd0ccf00476ddaa5c,f80984d28ef9a7550633fb3aea514f783f3db1fa655a6d3f49850b10857e6afc,188f2e248d512bb338cd5c33c140337ac59206948aa209631ca797a09d4b9eb2,last,ood_metric/aupr_in_openood_auc,OOD-2,primary,up,id_train,id_test_vs_places365,detector_declared,detector/relative_mahalanobis_pp,places365,far,,,,45195,C1,sgd,0.1,0.0005,0.8159943414618148,0.003372571877654908,0.815994 ± 0.003373,0.8173177975984887,0.8121607702446647,0.8185044565422914
metric_contract_v1.2,c38b09694be88aa74de0741b39e9d3ba0d6ff61a,35a1a66f78dfd6255c4d804586ee6863969be78d21acec5cd0ccf00476ddaa5c,f80984d28ef9a7550633fb3aea514f783f3db1fa655a6d3f49850b10857e6afc,188f2e248d512bb338cd5c33c140337ac59206948aa209631ca797a09d4b9eb2,last,ood_metric/aupr_in_openood_auc,OOD-2,primary,up,id_train,id_test_vs_places365,detector_declared,detector/relative_mahalanobis_raw,places365,far,,,,45195,C1,sgd,0.1,0.0005,0.8127407312498264,0.0053093335339131804,0.812741 ± 0.005309,0.8118943607444662,0.8079054219175442,0.8184224110874687
metric_contract_v1.2,c38b09694be88aa74de0741b39e9d3ba0d6ff61a,35a1a66f78dfd6255c4d804586ee6863969be78d21acec5cd0ccf00476ddaa5c,f80984d28ef9a7550633fb3aea514f783f3db1fa655a6d3f49850b10857e6afc,188f2e248d512bb338cd5c33c140337ac59206948aa209631ca797a09d4b9eb2,last,ood_metric/aupr_in_openood_auc,OOD-2,primary,up,id_train,id_test_vs_places365,detector_declared,detector/vim_author_dim,places365,far,,,,45195,C1,sgd,0.1,0.0005,0.7881333742485678,0.014417215615210994,0.788133 ± 0.014417,0.7950790279334967,0.7715580847649712,0.797763010047235
metric_contract_v1.2,c38b09694be88aa74de0741b39e9d3ba0d6ff61a,35a1a66f78dfd6255c4d804586ee6863969be78d21acec5cd0ccf00476ddaa5c,f80984d28ef9a7550633fb3aea514f783f3db1fa655a6d3f49850b10857e6afc,188f2e248d512bb338cd5c33c140337ac59206948aa209631ca797a09d4b9eb2,last,ood_metric/aupr_in_openood_auc,OOD-2,primary,up,id_train,id_test_vs_places365,detector_declared,detector/vim_dim128,places365,far,,,,45195,C1,sgd,0.1,0.0005,0.7730482201546952,0.01454995805689111,0.773048 ± 0.014550,0.7813079045221583,0.7562481573702913,0.7815885985716363
metric_contract_v1.2,c38b09694be88aa74de0741b39e9d3ba0d6ff61a,35a1a66f78dfd6255c4d804586ee6863969be78d21acec5cd0ccf00476ddaa5c,f80984d28ef9a7550633fb3aea514f783f3db1fa655a6d3f49850b10857e6afc,188f2e248d512bb338cd5c33c140337ac59206948aa209631ca797a09d4b9eb2,last,ood_metric/aupr_in_openood_auc,OOD-2,primary,up,id_train,id_test_vs_places365,detector_declared,detector/vim_dim256,places365,far,,,,45195,C1,sgd,0.1,0.0005,0.7874305424556202,0.011677685724909539,0.787431 ± 0.011678,0.7918183703425028,0.7741945015107323,0.7962787555136257
metric_contract_v1.2,c38b09694be88aa74de0741b39e9d3ba0d6ff61a,35a1a66f78dfd6255c4d804586ee6863969be78d21acec5cd0ccf00476ddaa5c,f80984d28ef9a7550633fb3aea514f783f3db1fa655a6d3f49850b10857e6afc,188f2e248d512bb338cd5c33c140337ac59206948aa209631ca797a09d4b9eb2,last,ood_metric/aupr_in_openood_auc,OOD-2,primary,up,id_train,id_test_vs_places365,detector_declared,detector/vim_dim320,places365,far,,,,45195,C1,sgd,0.1,0.0005,0.7881333742485678,0.014417215615210994,0.788133 ± 0.014417,0.7950790279334967,0.7715580847649712,0.797763010047235
metric_contract_v1.2,c38b09694be88aa74de0741b39e9d3ba0d6ff61a,35a1a66f78dfd6255c4d804586ee6863969be78d21acec5cd0ccf00476ddaa5c,f80984d28ef9a7550633fb3aea514f783f3db1fa655a6d3f49850b10857e6afc,188f2e248d512bb338cd5c33c140337ac59206948aa209631ca797a09d4b9eb2,last,ood_metric/aupr_in_openood_auc,OOD-2,primary,up,id_train,id_test_vs_places365,detector_declared,detector/vim_dim64,places365,far,,,,45195,C1,sgd,0.1,0.0005,0.7628758799198566,0.01466191770594147,0.762876 ± 0.014662,0.7737915253065253,0.7462105443373852,0.7686255701156595
metric_contract_v1.2,c38b09694be88aa74de0741b39e9d3ba0d6ff61a,35a1a66f78dfd6255c4d804586ee6863969be78d21acec5cd0ccf00476ddaa5c,f80984d28ef9a7550633fb3aea514f783f3db1fa655a6d3f49850b10857e6afc,188f2e248d512bb338cd5c33c140337ac59206948aa209631ca797a09d4b9eb2,last,ood_metric/aupr_in_openood_auc,OOD-2,primary,up,id_train,id_test_vs_places365,detector_declared,detector/weight_cosine_appendix,places365,far,,,,45195,C1,sgd,0.1,0.0005,0.7595873122996731,0.00850094287104748,0.759587 ± 0.008501,0.7671967084889604,0.7504124329303742,0.7611527954796847
metric_contract_v1.2,c38b09694be88aa74de0741b39e9d3ba0d6ff61a,35a1a66f78dfd6255c4d804586ee6863969be78d21acec5cd0ccf00476ddaa5c,f80984d28ef9a7550633fb3aea514f783f3db1fa655a6d3f49850b10857e6afc,188f2e248d512bb338cd5c33c140337ac59206948aa209631ca797a09d4b9eb2,last,ood_metric/aupr_in_openood_auc,OOD-2,primary,up,,id_test_vs_places365,detector_declared,ood_score/energy_t1,places365,far,,,,45195,C1,sgd,0.1,0.0005,0.6477924612131108,0.04487086804133093,0.647792 ± 0.044871,0.6740624173549128,0.5959817562322554,0.6733332100521646
metric_contract_v1.2,c38b09694be88aa74de0741b39e9d3ba0d6ff61a,35a1a66f78dfd6255c4d804586ee6863969be78d21acec5cd0ccf00476ddaa5c,f80984d28ef9a7550633fb3aea514f783f3db1fa655a6d3f49850b10857e6afc,188f2e248d512bb338cd5c33c140337ac59206948aa209631ca797a09d4b9eb2,last,ood_metric/aupr_in_openood_auc,OOD-2,primary,up,,id_test_vs_places365,detector_declared,ood_score/max_logit,places365,far,,,,45195,C1,sgd,0.1,0.0005,0.647514616464533,0.04477736519634432,0.647515 ± 0.044777,0.6737168894874281,0.5958117558950589,0.6730152040111123
metric_contract_v1.2,c38b09694be88aa74de0741b39e9d3ba0d6ff61a,35a1a66f78dfd6255c4d804586ee6863969be78d21acec5cd0ccf00476ddaa5c,f80984d28ef9a7550633fb3aea514f783f3db1fa655a6d3f49850b10857e6afc,188f2e248d512bb338cd5c33c140337ac59206948aa209631ca797a09d4b9eb2,last,ood_metric/aupr_in_openood_auc,OOD-2,primary,up,,id_test_vs_places365,detector_declared,ood_score/msp,places365,far,,,,45195,C1,sgd,0.1,0.0005,0.7022427409744089,0.03438395675282408,0.702243 ± 0.034384,0.7265187663145127,0.6628969642057572,0.7173124924029566
metric_contract_v1.2,c38b09694be88aa74de0741b39e9d3ba0d6ff61a,35a1a66f78dfd6255c4d804586ee6863969be78d21acec5cd0ccf00476ddaa5c,f80984d28ef9a7550633fb3aea514f783f3db1fa655a6d3f49850b10857e6afc,188f2e248d512bb338cd5c33c140337ac59206948aa209631ca797a09d4b9eb2,last,ood_metric/aupr_out_openood_auc,OOD-3,primary,up,id_train,id_test_vs_places365,detector_declared,detector/ctm_prototype_cosine,places365,far,,,,45195,C1,sgd,0.1,0.0005,0.9678288767052049,0.0004435177919358847,0.967829 ± 0.000444,0.9681774250096455,0.9679795542284186,0.9673296508775506
metric_contract_v1.2,c38b09694be88aa74de0741b39e9d3ba0d6ff61a,35a1a66f78dfd6255c4d804586ee6863969be78d21acec5cd0ccf00476ddaa5c,f80984d28ef9a7550633fb3aea514f783f3db1fa655a6d3f49850b10857e6afc,188f2e248d512bb338cd5c33c140337ac59206948aa209631ca797a09d4b9eb2,last,ood_metric/aupr_out_openood_auc,OOD-3,primary,up,id_train,id_test_vs_places365,detector_declared,detector/gda_class_density,places365,far,,,,45195,C1,sgd,0.1,0.0005,0.9739348822590342,0.00030268722543514917,0.973935 ± 0.000303,0.973857695221561,0.9736782619952739,0.9742686895602679
metric_contract_v1.2,c38b09694be88aa74de0741b39e9d3ba0d6ff61a,35a1a66f78dfd6255c4d804586ee6863969be78d21acec5cd0ccf00476ddaa5c,f80984d28ef9a7550633fb3aea514f783f3db1fa655a6d3f49850b10857e6afc,188f2e248d512bb338cd5c33c140337ac59206948aa209631ca797a09d4b9eb2,last,ood_metric/aupr_out_openood_auc,OOD-3,primary,up,id_train,id_test_vs_places365,detector_declared,detector/knn_l2_k50,places365,far,,,,45195,C1,sgd,0.1,0.0005,0.9708295718455554,0.00042543070623677395,0.970830 ± 0.000425,0.9713208096007846,0.9705862738917197,0.970581632044162
metric_contract_v1.2,c38b09694be88aa74de0741b39e9d3ba0d6ff61a,35a1a66f78dfd6255c4d804586ee6863969be78d21acec5cd0ccf00476ddaa5c,f80984d28ef9a7550633fb3aea514f783f3db1fa655a6d3f49850b10857e6afc,188f2e248d512bb338cd5c33c140337ac59206948aa209631ca797a09d4b9eb2,last,ood_metric/aupr_out_openood_auc,OOD-3,primary,up,id_train,id_test_vs_places365,detector_declared,detector/mahalanobis_pp,places365,far,,,,45195,C1,sgd,0.1,0.0005,0.9621278796297689,0.0013519714557175544,0.962128 ± 0.001352,0.961396579678676,0.9612990727818079,0.9636879864288229
metric_contract_v1.2,c38b09694be88aa74de0741b39e9d3ba0d6ff61a,35a1a66f78dfd6255c4d804586ee6863969be78d21acec5cd0ccf00476ddaa5c,f80984d28ef9a7550633fb3aea514f783f3db1fa655a6d3f49850b10857e6afc,188f2e248d512bb338cd5c33c140337ac59206948aa209631ca797a09d4b9eb2,last,ood_metric/aupr_out_openood_auc,OOD-3,primary,up,id_train,id_test_vs_places365,detector_declared,detector/mahalanobis_raw,places365,far,,,,45195,C1,sgd,0.1,0.0005,0.9619071784006312,0.000664351815687319,0.961907 ± 0.000664,0.9611415842770195,0.9623319583568755,0.9622479925679986
metric_contract_v1.2,c38b09694be88aa74de0741b39e9d3ba0d6ff61a,35a1a66f78dfd6255c4d804586ee6863969be78d21acec5cd0ccf00476ddaa5c,f80984d28ef9a7550633fb3aea514f783f3db1fa655a6d3f49850b10857e6afc,188f2e248d512bb338cd5c33c140337ac59206948aa209631ca797a09d4b9eb2,last,ood_metric/aupr_out_openood_auc,OOD-3,primary,up,id_train,id_test_vs_places365,detector_declared,detector/marginal_mahalanobis_raw,places365,far,,,,45195,C1,sgd,0.1,0.0005,0.9388332185314426,0.00042999316630893075,0.938833 ± 0.000430,0.9383944279633551,0.9392538381954468,0.9388513894355263
metric_contract_v1.2,c38b09694be88aa74de0741b39e9d3ba0d6ff61a,35a1a66f78dfd6255c4d804586ee6863969be78d21acec5cd0ccf00476ddaa5c,f80984d28ef9a7550633fb3aea514f783f3db1fa655a6d3f49850b10857e6afc,188f2e248d512bb338cd5c33c140337ac59206948aa209631ca797a09d4b9eb2,last,ood_metric/aupr_out_openood_auc,OOD-3,primary,up,id_train,id_test_vs_places365,detector_declared,detector/ncp_euclidean_raw,places365,far,,,,45195,C1,sgd,0.1,0.0005,0.9689884165952787,0.0009671672517734583,0.968988 ± 0.000967,0.9690234447180213,0.9699375939354754,0.968004211132339
metric_contract_v1.2,c38b09694be88aa74de0741b39e9d3ba0d6ff61a,35a1a66f78dfd6255c4d804586ee6863969be78d21acec5cd0ccf00476ddaa5c,f80984d28ef9a7550633fb3aea514f783f3db1fa655a6d3f49850b10857e6afc,188f2e248d512bb338cd5c33c140337ac59206948aa209631ca797a09d4b9eb2,last,ood_metric/aupr_out_openood_auc,OOD-3,primary,up,id_train,id_test_vs_places365,detector_declared,detector/neco_author_std_dim100,places365,far,,,,45195,C1,sgd,0.1,0.0005,0.9642902086038013,0.0024683107023282837,0.964290 ± 0.002468,0.9626277953034753,0.9631164603324256,0.9671263701755032
metric_contract_v1.2,c38b09694be88aa74de0741b39e9d3ba0d6ff61a,35a1a66f78dfd6255c4d804586ee6863969be78d21acec5cd0ccf00476ddaa5c,f80984d28ef9a7550633fb3aea514f783f3db1fa655a6d3f49850b10857e6afc,188f2e248d512bb338cd5c33c140337ac59206948aa209631ca797a09d4b9eb2,last,ood_metric/aupr_out_openood_auc,OOD-3,primary,up,id_train,id_test_vs_places365,detector_declared,detector/relative_mahalanobis_pp,places365,far,,,,45195,C1,sgd,0.1,0.0005,0.9697857288901237,0.00022665720007672204,0.969786 ± 0.000227,0.9700474107448589,0.9696588175331378,0.9696509583923745
metric_contract_v1.2,c38b09694be88aa74de0741b39e9d3ba0d6ff61a,35a1a66f78dfd6255c4d804586ee6863969be78d21acec5cd0ccf00476ddaa5c,f80984d28ef9a7550633fb3aea514f783f3db1fa655a6d3f49850b10857e6afc,188f2e248d512bb338cd5c33c140337ac59206948aa209631ca797a09d4b9eb2,last,ood_metric/aupr_out_openood_auc,OOD-3,primary,up,id_train,id_test_vs_places365,detector_declared,detector/relative_mahalanobis_raw,places365,far,,,,45195,C1,sgd,0.1,0.0005,0.9709447530818837,0.0004699961876494825,0.970945 ± 0.000470,0.9707303774443987,0.9706201669656268,0.9714837148356253
metric_contract_v1.2,c38b09694be88aa74de0741b39e9d3ba0d6ff61a,35a1a66f78dfd6255c4d804586ee6863969be78d21acec5cd0ccf00476ddaa5c,f80984d28ef9a7550633fb3aea514f783f3db1fa655a6d3f49850b10857e6afc,188f2e248d512bb338cd5c33c140337ac59206948aa209631ca797a09d4b9eb2,last,ood_metric/aupr_out_openood_auc,OOD-3,primary,up,id_train,id_test_vs_places365,detector_declared,detector/vim_author_dim,places365,far,,,,45195,C1,sgd,0.1,0.0005,0.9710149874958143,0.0007161998889132459,0.971015 ± 0.000716,0.9709701917966972,0.9703222369063164,0.9717525337844292
metric_contract_v1.2,c38b09694be88aa74de0741b39e9d3ba0d6ff61a,35a1a66f78dfd6255c4d804586ee6863969be78d21acec5cd0ccf00476ddaa5c,f80984d28ef9a7550633fb3aea514f783f3db1fa655a6d3f49850b10857e6afc,188f2e248d512bb338cd5c33c140337ac59206948aa209631ca797a09d4b9eb2,last,ood_metric/aupr_out_openood_auc,OOD-3,primary,up,id_train,id_test_vs_places365,detector_declared,detector/vim_dim128,places365,far,,,,45195,C1,sgd,0.1,0.0005,0.9710747747060205,0.0013665784775909828,0.971075 ± 0.001367,0.9719559433713758,0.9695005268108996,0.9717678539357866
metric_contract_v1.2,c38b09694be88aa74de0741b39e9d3ba0d6ff61a,35a1a66f78dfd6255c4d804586ee6863969be78d21acec5cd0ccf00476ddaa5c,f80984d28ef9a7550633fb3aea514f783f3db1fa655a6d3f49850b10857e6afc,188f2e248d512bb338cd5c33c140337ac59206948aa209631ca797a09d4b9eb2,last,ood_metric/aupr_out_openood_auc,OOD-3,primary,up,id_train,id_test_vs_places365,detector_declared,detector/vim_dim256,places365,far,,,,45195,C1,sgd,0.1,0.0005,0.9713125783778684,0.0010266891455182451,0.971313 ± 0.001027,0.9706741234889397,0.9707667207874215,0.9724968908572439
metric_contract_v1.2,c38b09694be88aa74de0741b39e9d3ba0d6ff61a,35a1a66f78dfd6255c4d804586ee6863969be78d21acec5cd0ccf00476ddaa5c,f80984d28ef9a7550633fb3aea514f783f3db1fa655a6d3f49850b10857e6afc,188f2e248d512bb338cd5c33c140337ac59206948aa209631ca797a09d4b9eb2,last,ood_metric/aupr_out_openood_auc,OOD-3,primary,up,id_train,id_test_vs_places365,detector_declared,detector/vim_dim320,places365,far,,,,45195,C1,sgd,0.1,0.0005,0.9710149874958143,0.0007161998889132459,0.971015 ± 0.000716,0.9709701917966972,0.9703222369063164,0.9717525337844292
metric_contract_v1.2,c38b09694be88aa74de0741b39e9d3ba0d6ff61a,35a1a66f78dfd6255c4d804586ee6863969be78d21acec5cd0ccf00476ddaa5c,f80984d28ef9a7550633fb3aea514f783f3db1fa655a6d3f49850b10857e6afc,188f2e248d512bb338cd5c33c140337ac59206948aa209631ca797a09d4b9eb2,last,ood_metric/aupr_out_openood_auc,OOD-3,primary,up,id_train,id_test_vs_places365,detector_declared,detector/vim_dim64,places365,far,,,,45195,C1,sgd,0.1,0.0005,0.9713288930193188,0.001567707996189238,0.971329 ± 0.001568,0.9728464018382553,0.9697153967776854,0.9714248804420158
metric_contract_v1.2,c38b09694be88aa74de0741b39e9d3ba0d6ff61a,35a1a66f78dfd6255c4d804586ee6863969be78d21acec5cd0ccf00476ddaa5c,f80984d28ef9a7550633fb3aea514f783f3db1fa655a6d3f49850b10857e6afc,188f2e248d512bb338cd5c33c140337ac59206948aa209631ca797a09d4b9eb2,last,ood_metric/aupr_out_openood_auc,OOD-3,primary,up,id_train,id_test_vs_places365,detector_declared,detector/weight_cosine_appendix,places365,far,,,,45195,C1,sgd,0.1,0.0005,0.9668078771054622,0.001573795644539443,0.966808 ± 0.001574,0.9684185066502526,0.9652737022073519,0.9667314224587824
metric_contract_v1.2,c38b09694be88aa74de0741b39e9d3ba0d6ff61a,35a1a66f78dfd6255c4d804586ee6863969be78d21acec5cd0ccf00476ddaa5c,f80984d28ef9a7550633fb3aea514f783f3db1fa655a6d3f49850b10857e6afc,188f2e248d512bb338cd5c33c140337ac59206948aa209631ca797a09d4b9eb2,last,ood_metric/aupr_out_openood_auc,OOD-3,primary,up,,id_test_vs_places365,detector_declared,ood_score/energy_t1,places365,far,,,,45195,C1,sgd,0.1,0.0005,0.9645300799305002,0.0028040432746318177,0.964530 ± 0.002804,0.965921568148745,0.9613024434283499,0.9663662282144057
metric_contract_v1.2,c38b09694be88aa74de0741b39e9d3ba0d6ff61a,35a1a66f78dfd6255c4d804586ee6863969be78d21acec5cd0ccf00476ddaa5c,f80984d28ef9a7550633fb3aea514f783f3db1fa655a6d3f49850b10857e6afc,188f2e248d512bb338cd5c33c140337ac59206948aa209631ca797a09d4b9eb2,last,ood_metric/aupr_out_openood_auc,OOD-3,primary,up,,id_test_vs_places365,detector_declared,ood_score/max_logit,places365,far,,,,45195,C1,sgd,0.1,0.0005,0.9640614299454212,0.002665189840849969,0.964061 ± 0.002665,0.9653644894014479,0.960995409809824,0.9658243906249917
metric_contract_v1.2,c38b09694be88aa74de0741b39e9d3ba0d6ff61a,35a1a66f78dfd6255c4d804586ee6863969be78d21acec5cd0ccf00476ddaa5c,f80984d28ef9a7550633fb3aea514f783f3db1fa655a6d3f49850b10857e6afc,188f2e248d512bb338cd5c33c140337ac59206948aa209631ca797a09d4b9eb2,last,ood_metric/aupr_out_openood_auc,OOD-3,primary,up,,id_test_vs_places365,detector_declared,ood_score/msp,places365,far,,,,45195,C1,sgd,0.1,0.0005,0.9587652856178223,0.001272582262900262,0.958765 ± 0.001273,0.9590927513662206,0.957360972132148,0.959842133355098
metric_contract_v1.2,c38b09694be88aa74de0741b39e9d3ba0d6ff61a,35a1a66f78dfd6255c4d804586ee6863969be78d21acec5cd0ccf00476ddaa5c,f80984d28ef9a7550633fb3aea514f783f3db1fa655a6d3f49850b10857e6afc,188f2e248d512bb338cd5c33c140337ac59206948aa209631ca797a09d4b9eb2,last,ood_metric/auroc_id_positive,OOD-1,primary,up,id_train,id_test_vs_places365,detector_declared,detector/ctm_prototype_cosine,places365,far,,,,45195,C1,sgd,0.1,0.0005,0.9123245839844675,0.001302993936495644,0.912325 ± 0.001303,0.9137137405881517,0.9121304816025003,0.9111295297627503
metric_contract_v1.2,c38b09694be88aa74de0741b39e9d3ba0d6ff61a,35a1a66f78dfd6255c4d804586ee6863969be78d21acec5cd0ccf00476ddaa5c,f80984d28ef9a7550633fb3aea514f783f3db1fa655a6d3f49850b10857e6afc,188f2e248d512bb338cd5c33c140337ac59206948aa209631ca797a09d4b9eb2,last,ood_metric/auroc_id_positive,OOD-1,primary,up,id_train,id_test_vs_places365,detector_declared,detector/gda_class_density,places365,far,,,,45195,C1,sgd,0.1,0.0005,0.9334831765875835,0.0009223648735428589,0.933483 ± 0.000922,0.9324318596391532,0.9341565051853957,0.9338611649382015
metric_contract_v1.2,c38b09694be88aa74de0741b39e9d3ba0d6ff61a,35a1a66f78dfd6255c4d804586ee6863969be78d21acec5cd0ccf00476ddaa5c,f80984d28ef9a7550633fb3aea514f783f3db1fa655a6d3f49850b10857e6afc,188f2e248d512bb338cd5c33c140337ac59206948aa209631ca797a09d4b9eb2,last,ood_metric/auroc_id_positive,OOD-1,primary,up,id_train,id_test_vs_places365,detector_declared,detector/knn_l2_k50,places365,far,,,,45195,C1,sgd,0.1,0.0005,0.9194428015343089,0.0016675455775607047,0.919443 ± 0.001668,0.9213521778661742,0.9182726608893309,0.9187035658474216
metric_contract_v1.2,c38b09694be88aa74de0741b39e9d3ba0d6ff61a,35a1a66f78dfd6255c4d804586ee6863969be78d21acec5cd0ccf00476ddaa5c,f80984d28ef9a7550633fb3aea514f783f3db1fa655a6d3f49850b10857e6afc,188f2e248d512bb338cd5c33c140337ac59206948aa209631ca797a09d4b9eb2,last,ood_metric/auroc_id_positive,OOD-1,primary,up,id_train,id_test_vs_places365,detector_declared,detector/mahalanobis_pp,places365,far,,,,45195,C1,sgd,0.1,0.0005,0.8956993597575412,0.0036335362157441666,0.895699 ± 0.003634,0.8948454411137947,0.8925688336411421,0.8996838045176871
metric_contract_v1.2,c38b09694be88aa74de0741b39e9d3ba0d6ff61a,35a1a66f78dfd6255c4d804586ee6863969be78d21acec5cd0ccf00476ddaa5c,f80984d28ef9a7550633fb3aea514f783f3db1fa655a6d3f49850b10857e6afc,188f2e248d512bb338cd5c33c140337ac59206948aa209631ca797a09d4b9eb2,last,ood_metric/auroc_id_positive,OOD-1,primary,up,id_train,id_test_vs_places365,detector_declared,detector/mahalanobis_raw,places365,far,,,,45195,C1,sgd,0.1,0.0005,0.901254796609367,0.0025842365855940517,0.901255 ± 0.002584,0.8986097968461431,0.9037736496661458,0.901380943315812
metric_contract_v1.2,c38b09694be88aa74de0741b39e9d3ba0d6ff61a,35a1a66f78dfd6255c4d804586ee6863969be78d21acec5cd0ccf00476ddaa5c,f80984d28ef9a7550633fb3aea514f783f3db1fa655a6d3f49850b10857e6afc,188f2e248d512bb338cd5c33c140337ac59206948aa209631ca797a09d4b9eb2,last,ood_metric/auroc_id_positive,OOD-1,primary,up,id_train,id_test_vs_places365,detector_declared,detector/marginal_mahalanobis_raw,places365,far,,,,45195,C1,sgd,0.1,0.0005,0.8497004612397593,0.002102271388966541,0.849700 ± 0.002102,0.8482096547805086,0.8521049808211394,0.8487867481176303
metric_contract_v1.2,c38b09694be88aa74de0741b39e9d3ba0d6ff61a,35a1a66f78dfd6255c4d804586ee6863969be78d21acec5cd0ccf00476ddaa5c,f80984d28ef9a7550633fb3aea514f783f3db1fa655a6d3f49850b10857e6afc,188f2e248d512bb338cd5c33c140337ac59206948aa209631ca797a09d4b9eb2,last,ood_metric/auroc_id_positive,OOD-1,primary,up,id_train,id_test_vs_places365,detector_declared,detector/ncp_euclidean_raw,places365,far,,,,45195,C1,sgd,0.1,0.0005,0.9166910091395558,0.00271828078850923,0.916691 ± 0.002718,0.9167127376047735,0.9193983605625798,0.913961929251314
metric_contract_v1.2,c38b09694be88aa74de0741b39e9d3ba0d6ff61a,35a1a66f78dfd6255c4d804586ee6863969be78d21acec5cd0ccf00476ddaa5c,f80984d28ef9a7550633fb3aea514f783f3db1fa655a6d3f49850b10857e6afc,188f2e248d512bb338cd5c33c140337ac59206948aa209631ca797a09d4b9eb2,last,ood_metric/auroc_id_positive,OOD-1,primary,up,id_train,id_test_vs_places365,detector_declared,detector/neco_author_std_dim100,places365,far,,,,45195,C1,sgd,0.1,0.0005,0.8994455168821328,0.005726279368450985,0.899446 ± 0.005726,0.8954784344367097,0.8968479045318938,0.9060102116777952
metric_contract_v1.2,c38b09694be88aa74de0741b39e9d3ba0d6ff61a,35a1a66f78dfd6255c4d804586ee6863969be78d21acec5cd0ccf00476ddaa5c,f80984d28ef9a7550633fb3aea514f783f3db1fa655a6d3f49850b10857e6afc,188f2e248d512bb338cd5c33c140337ac59206948aa209631ca797a09d4b9eb2,last,ood_metric/auroc_id_positive,OOD-1,primary,up,id_train,id_test_vs_places365,detector_declared,detector/relative_mahalanobis_pp,places365,far,,,,45195,C1,sgd,0.1,0.0005,0.9217151896576219,0.0005112100650980161,0.921715 ± 0.000511,0.922183798835062,0.9211700156272198,0.9217917545105839
metric_contract_v1.2,c38b09694be88aa74de0741b39e9d3ba0d6ff61a,35a1a66f78dfd6255c4d804586ee6863969be78d21acec5cd0ccf00476ddaa5c,f80984d28ef9a7550633fb3aea514f783f3db1fa655a6d3f49850b10857e6afc,188f2e248d512bb338cd5c33c140337ac59206948aa209631ca797a09d4b9eb2,last,ood_metric/auroc_id_positive,OOD-1,primary,up,id_train,id_test_vs_places365,detector_declared,detector/relative_mahalanobis_raw,places365,far,,,,45195,C1,sgd,0.1,0.0005,0.9223812331297059,0.0013124545227129884,0.922381 ± 0.001312,0.9217006875976701,0.9215488251172042,0.9238941866742434
metric_contract_v1.2,c38b09694be88aa74de0741b39e9d3ba0d6ff61a,35a1a66f78dfd6255c4d804586ee6863969be78d21acec5cd0ccf00476ddaa5c,f80984d28ef9a7550633fb3aea514f783f3db1fa655a6d3f49850b10857e6afc,188f2e248d512bb338cd5c33c140337ac59206948aa209631ca797a09d4b9eb2,last,ood_metric/auroc_id_positive,OOD-1,primary,up,id_train,id_test_vs_places365,detector_declared,detector/vim_author_dim,places365,far,,,,45195,C1,sgd,0.1,0.0005,0.9185149386750012,0.0027106781017827582,0.918515 ± 0.002711,0.9187635715300468,0.915688509731496,0.9210927347634607
metric_contract_v1.2,c38b09694be88aa74de0741b39e9d3ba0d6ff61a,35a1a66f78dfd6255c4d804586ee6863969be78d21acec5cd0ccf00476ddaa5c,f80984d28ef9a7550633fb3aea514f783f3db1fa655a6d3f49850b10857e6afc,188f2e248d512bb338cd5c33c140337ac59206948aa209631ca797a09d4b9eb2,last,ood_metric/auroc_id_positive,OOD-1,primary,up,id_train,id_test_vs_places365,detector_declared,detector/vim_dim128,places365,far,,,,45195,C1,sgd,0.1,0.0005,0.9167423554482171,0.003425429794204547,0.916742 ± 0.003425,0.9186454496377328,0.9127879357863332,0.9187936809205852
metric_contract_v1.2,c38b09694be88aa74de0741b39e9d3ba0d6ff61a,35a1a66f78dfd6255c4d804586ee6863969be78d21acec5cd0ccf00476ddaa5c,f80984d28ef9a7550633fb3aea514f783f3db1fa655a6d3f49850b10857e6afc,188f2e248d512bb338cd5c33c140337ac59206948aa209631ca797a09d4b9eb2,last,ood_metric/auroc_id_positive,OOD-1,primary,up,id_train,id_test_vs_places365,detector_declared,detector/vim_dim256,places365,far,,,,45195,C1,sgd,0.1,0.0005,0.9188345266846617,0.0028118241670459622,0.918835 ± 0.002812,0.9178307515272057,0.9166623384003412,0.9220104901264384
metric_contract_v1.2,c38b09694be88aa74de0741b39e9d3ba0d6ff61a,35a1a66f78dfd6255c4d804586ee6863969be78d21acec5cd0ccf00476ddaa5c,f80984d28ef9a7550633fb3aea514f783f3db1fa655a6d3f49850b10857e6afc,188f2e248d512bb338cd5c33c140337ac59206948aa209631ca797a09d4b9eb2,last,ood_metric/auroc_id_positive,OOD-1,primary,up,id_train,id_test_vs_places365,detector_declared,detector/vim_dim320,places365,far,,,,45195,C1,sgd,0.1,0.0005,0.9185149386750012,0.0027106781017827582,0.918515 ± 0.002711,0.9187635715300468,0.915688509731496,0.9210927347634607
metric_contract_v1.2,c38b09694be88aa74de0741b39e9d3ba0d6ff61a,35a1a66f78dfd6255c4d804586ee6863969be78d21acec5cd0ccf00476ddaa5c,f80984d28ef9a7550633fb3aea514f783f3db1fa655a6d3f49850b10857e6afc,188f2e248d512bb338cd5c33c140337ac59206948aa209631ca797a09d4b9eb2,last,ood_metric/auroc_id_positive,OOD-1,primary,up,id_train,id_test_vs_places365,detector_declared,detector/vim_dim64,places365,far,,,,45195,C1,sgd,0.1,0.0005,0.9155854221717098,0.003823520083810053,0.915585 ± 0.003824,0.9193113368376188,0.9116712515982384,0.9157736780792726
metric_contract_v1.2,c38b09694be88aa74de0741b39e9d3ba0d6ff61a,35a1a66f78dfd6255c4d804586ee6863969be78d21acec5cd0ccf00476ddaa5c,f80984d28ef9a7550633fb3aea514f783f3db1fa655a6d3f49850b10857e6afc,188f2e248d512bb338cd5c33c140337ac59206948aa209631ca797a09d4b9eb2,last,ood_metric/auroc_id_positive,OOD-1,primary,up,id_train,id_test_vs_places365,detector_declared,detector/weight_cosine_appendix,places365,far,,,,45195,C1,sgd,0.1,0.0005,0.9065961282379126,0.004020427462540951,0.906596 ± 0.004020,0.9105851029975848,0.9025449694558887,0.9066583122602643
metric_contract_v1.2,c38b09694be88aa74de0741b39e9d3ba0d6ff61a,35a1a66f78dfd6255c4d804586ee6863969be78d21acec5cd0ccf00476ddaa5c,f80984d28ef9a7550633fb3aea514f783f3db1fa655a6d3f49850b10857e6afc,188f2e248d512bb338cd5c33c140337ac59206948aa209631ca797a09d4b9eb2,last,ood_metric/auroc_id_positive,OOD-1,primary,up,,id_test_vs_places365,detector_declared,ood_score/energy_t1,places365,far,,,,45195,C1,sgd,0.1,0.0005,0.8905422313775629,0.01007409170161065,0.890542 ± 0.010074,0.8960253359852252,0.8789159170336694,0.8966854411137946
metric_contract_v1.2,c38b09694be88aa74de0741b39e9d3ba0d6ff61a,35a1a66f78dfd6255c4d804586ee6863969be78d21acec5cd0ccf00476ddaa5c,f80984d28ef9a7550633fb3aea514f783f3db1fa655a6d3f49850b10857e6afc,188f2e248d512bb338cd5c33c140337ac59206948aa209631ca797a09d4b9eb2,last,ood_metric/auroc_id_positive,OOD-1,primary,up,,id_test_vs_places365,detector_declared,ood_score/max_logit,places365,far,,,,45195,C1,sgd,0.1,0.0005,0.8899094928256854,0.0099880637288379,0.889909 ± 0.009988,0.8953271913624095,0.8783831709049581,0.8960181162096889
metric_contract_v1.2,c38b09694be88aa74de0741b39e9d3ba0d6ff61a,35a1a66f78dfd6255c4d804586ee6863969be78d21acec5cd0ccf00476ddaa5c,f80984d28ef9a7550633fb3aea514f783f3db1fa655a6d3f49850b10857e6afc,188f2e248d512bb338cd5c33c140337ac59206948aa209631ca797a09d4b9eb2,last,ood_metric/auroc_id_positive,OOD-1,primary,up,,id_test_vs_places365,detector_declared,ood_score/msp,places365,far,,,,45195,C1,sgd,0.1,0.0005,0.8916837817871857,0.0057616128403793375,0.891684 ± 0.005762,0.8949939678931668,0.8850308708623383,0.895026506606052
metric_contract_v1.2,c38b09694be88aa74de0741b39e9d3ba0d6ff61a,35a1a66f78dfd6255c4d804586ee6863969be78d21acec5cd0ccf00476ddaa5c,f80984d28ef9a7550633fb3aea514f783f3db1fa655a6d3f49850b10857e6afc,188f2e248d512bb338cd5c33c140337ac59206948aa209631ca797a09d4b9eb2,last,ood_metric/fpr95_achieved_id_tpr,OOD-4,appendix,descriptive,id_train,id_test_vs_places365,detector_declared,detector/ctm_prototype_cosine,places365,far,,,,45195,C1,sgd,0.1,0.0005,0.9499999999999998,1.3597399555105182e-16,0.950000 ± 0.000000,0.95,0.95,0.95
metric_contract_v1.2,c38b09694be88aa74de0741b39e9d3ba0d6ff61a,35a1a66f78dfd6255c4d804586ee6863969be78d21acec5cd0ccf00476ddaa5c,f80984d28ef9a7550633fb3aea514f783f3db1fa655a6d3f49850b10857e6afc,188f2e248d512bb338cd5c33c140337ac59206948aa209631ca797a09d4b9eb2,last,ood_metric/fpr95_achieved_id_tpr,OOD-4,appendix,descriptive,id_train,id_test_vs_places365,detector_declared,detector/gda_class_density,places365,far,,,,45195,C1,sgd,0.1,0.0005,0.9499999999999998,1.3597399555105182e-16,0.950000 ± 0.000000,0.95,0.95,0.95
metric_contract_v1.2,c38b09694be88aa74de0741b39e9d3ba0d6ff61a,35a1a66f78dfd6255c4d804586ee6863969be78d21acec5cd0ccf00476ddaa5c,f80984d28ef9a7550633fb3aea514f783f3db1fa655a6d3f49850b10857e6afc,188f2e248d512bb338cd5c33c140337ac59206948aa209631ca797a09d4b9eb2,last,ood_metric/fpr95_achieved_id_tpr,OOD-4,appendix,descriptive,id_train,id_test_vs_places365,detector_declared,detector/knn_l2_k50,places365,far,,,,45195,C1,sgd,0.1,0.0005,0.9499999999999998,1.3597399555105182e-16,0.950000 ± 0.000000,0.95,0.95,0.95
metric_contract_v1.2,c38b09694be88aa74de0741b39e9d3ba0d6ff61a,35a1a66f78dfd6255c4d804586ee6863969be78d21acec5cd0ccf00476ddaa5c,f80984d28ef9a7550633fb3aea514f783f3db1fa655a6d3f49850b10857e6afc,188f2e248d512bb338cd5c33c140337ac59206948aa209631ca797a09d4b9eb2,last,ood_metric/fpr95_achieved_id_tpr,OOD-4,appendix,descriptive,id_train,id_test_vs_places365,detector_declared,detector/mahalanobis_pp,places365,far,,,,45195,C1,sgd,0.1,0.0005,0.9499999999999998,1.3597399555105182e-16,0.950000 ± 0.000000,0.95,0.95,0.95
metric_contract_v1.2,c38b09694be88aa74de0741b39e9d3ba0d6ff61a,35a1a66f78dfd6255c4d804586ee6863969be78d21acec5cd0ccf00476ddaa5c,f80984d28ef9a7550633fb3aea514f783f3db1fa655a6d3f49850b10857e6afc,188f2e248d512bb338cd5c33c140337ac59206948aa209631ca797a09d4b9eb2,last,ood_metric/fpr95_achieved_id_tpr,OOD-4,appendix,descriptive,id_train,id_test_vs_places365,detector_declared,detector/mahalanobis_raw,places365,far,,,,45195,C1,sgd,0.1,0.0005,0.9499999999999998,1.3597399555105182e-16,0.950000 ± 0.000000,0.95,0.95,0.95
metric_contract_v1.2,c38b09694be88aa74de0741b39e9d3ba0d6ff61a,35a1a66f78dfd6255c4d804586ee6863969be78d21acec5cd0ccf00476ddaa5c,f80984d28ef9a7550633fb3aea514f783f3db1fa655a6d3f49850b10857e6afc,188f2e248d512bb338cd5c33c140337ac59206948aa209631ca797a09d4b9eb2,last,ood_metric/fpr95_achieved_id_tpr,OOD-4,appendix,descriptive,id_train,id_test_vs_places365,detector_declared,detector/marginal_mahalanobis_raw,places365,far,,,,45195,C1,sgd,0.1,0.0005,0.9499999999999998,1.3597399555105182e-16,0.950000 ± 0.000000,0.95,0.95,0.95
metric_contract_v1.2,c38b09694be88aa74de0741b39e9d3ba0d6ff61a,35a1a66f78dfd6255c4d804586ee6863969be78d21acec5cd0ccf00476ddaa5c,f80984d28ef9a7550633fb3aea514f783f3db1fa655a6d3f49850b10857e6afc,188f2e248d512bb338cd5c33c140337ac59206948aa209631ca797a09d4b9eb2,last,ood_metric/fpr95_achieved_id_tpr,OOD-4,appendix,descriptive,id_train,id_test_vs_places365,detector_declared,detector/ncp_euclidean_raw,places365,far,,,,45195,C1,sgd,0.1,0.0005,0.9499999999999998,1.3597399555105182e-16,0.950000 ± 0.000000,0.95,0.95,0.95
metric_contract_v1.2,c38b09694be88aa74de0741b39e9d3ba0d6ff61a,35a1a66f78dfd6255c4d804586ee6863969be78d21acec5cd0ccf00476ddaa5c,f80984d28ef9a7550633fb3aea514f783f3db1fa655a6d3f49850b10857e6afc,188f2e248d512bb338cd5c33c140337ac59206948aa209631ca797a09d4b9eb2,last,ood_metric/fpr95_achieved_id_tpr,OOD-4,appendix,descriptive,id_train,id_test_vs_places365,detector_declared,detector/neco_author_std_dim100,places365,far,,,,45195,C1,sgd,0.1,0.0005,0.9499999999999998,1.3597399555105182e-16,0.950000 ± 0.000000,0.95,0.95,0.95
metric_contract_v1.2,c38b09694be88aa74de0741b39e9d3ba0d6ff61a,35a1a66f78dfd6255c4d804586ee6863969be78d21acec5cd0ccf00476ddaa5c,f80984d28ef9a7550633fb3aea514f783f3db1fa655a6d3f49850b10857e6afc,188f2e248d512bb338cd5c33c140337ac59206948aa209631ca797a09d4b9eb2,last,ood_metric/fpr95_achieved_id_tpr,OOD-4,appendix,descriptive,id_train,id_test_vs_places365,detector_declared,detector/relative_mahalanobis_pp,places365,far,,,,45195,C1,sgd,0.1,0.0005,0.9499999999999998,1.3597399555105182e-16,0.950000 ± 0.000000,0.95,0.95,0.95
metric_contract_v1.2,c38b09694be88aa74de0741b39e9d3ba0d6ff61a,35a1a66f78dfd6255c4d804586ee6863969be78d21acec5cd0ccf00476ddaa5c,f80984d28ef9a7550633fb3aea514f783f3db1fa655a6d3f49850b10857e6afc,188f2e248d512bb338cd5c33c140337ac59206948aa209631ca797a09d4b9eb2,last,ood_metric/fpr95_achieved_id_tpr,OOD-4,appendix,descriptive,id_train,id_test_vs_places365,detector_declared,detector/relative_mahalanobis_raw,places365,far,,,,45195,C1,sgd,0.1,0.0005,0.9499999999999998,1.3597399555105182e-16,0.950000 ± 0.000000,0.95,0.95,0.95
metric_contract_v1.2,c38b09694be88aa74de0741b39e9d3ba0d6ff61a,35a1a66f78dfd6255c4d804586ee6863969be78d21acec5cd0ccf00476ddaa5c,f80984d28ef9a7550633fb3aea514f783f3db1fa655a6d3f49850b10857e6afc,188f2e248d512bb338cd5c33c140337ac59206948aa209631ca797a09d4b9eb2,last,ood_metric/fpr95_achieved_id_tpr,OOD-4,appendix,descriptive,id_train,id_test_vs_places365,detector_declared,detector/vim_author_dim,places365,far,,,,45195,C1,sgd,0.1,0.0005,0.9499999999999998,1.3597399555105182e-16,0.950000 ± 0.000000,0.95,0.95,0.95
metric_contract_v1.2,c38b09694be88aa74de0741b39e9d3ba0d6ff61a,35a1a66f78dfd6255c4d804586ee6863969be78d21acec5cd0ccf00476ddaa5c,f80984d28ef9a7550633fb3aea514f783f3db1fa655a6d3f49850b10857e6afc,188f2e248d512bb338cd5c33c140337ac59206948aa209631ca797a09d4b9eb2,last,ood_metric/fpr95_achieved_id_tpr,OOD-4,appendix,descriptive,id_train,id_test_vs_places365,detector_declared,detector/vim_dim128,places365,far,,,,45195,C1,sgd,0.1,0.0005,0.9499999999999998,1.3597399555105182e-16,0.950000 ± 0.000000,0.95,0.95,0.95
metric_contract_v1.2,c38b09694be88aa74de0741b39e9d3ba0d6ff61a,35a1a66f78dfd6255c4d804586ee6863969be78d21acec5cd0ccf00476ddaa5c,f80984d28ef9a7550633fb3aea514f783f3db1fa655a6d3f49850b10857e6afc,188f2e248d512bb338cd5c33c140337ac59206948aa209631ca797a09d4b9eb2,last,ood_metric/fpr95_achieved_id_tpr,OOD-4,appendix,descriptive,id_train,id_test_vs_places365,detector_declared,detector/vim_dim256,places365,far,,,,45195,C1,sgd,0.1,0.0005,0.9499999999999998,1.3597399555105182e-16,0.950000 ± 0.000000,0.95,0.95,0.95
metric_contract_v1.2,c38b09694be88aa74de0741b39e9d3ba0d6ff61a,35a1a66f78dfd6255c4d804586ee6863969be78d21acec5cd0ccf00476ddaa5c,f80984d28ef9a7550633fb3aea514f783f3db1fa655a6d3f49850b10857e6afc,188f2e248d512bb338cd5c33c140337ac59206948aa209631ca797a09d4b9eb2,last,ood_metric/fpr95_achieved_id_tpr,OOD-4,appendix,descriptive,id_train,id_test_vs_places365,detector_declared,detector/vim_dim320,places365,far,,,,45195,C1,sgd,0.1,0.0005,0.9499999999999998,1.3597399555105182e-16,0.950000 ± 0.000000,0.95,0.95,0.95
metric_contract_v1.2,c38b09694be88aa74de0741b39e9d3ba0d6ff61a,35a1a66f78dfd6255c4d804586ee6863969be78d21acec5cd0ccf00476ddaa5c,f80984d28ef9a7550633fb3aea514f783f3db1fa655a6d3f49850b10857e6afc,188f2e248d512bb338cd5c33c140337ac59206948aa209631ca797a09d4b9eb2,last,ood_metric/fpr95_achieved_id_tpr,OOD-4,appendix,descriptive,id_train,id_test_vs_places365,detector_declared,detector/vim_dim64,places365,far,,,,45195,C1,sgd,0.1,0.0005,0.9499999999999998,1.3597399555105182e-16,0.950000 ± 0.000000,0.95,0.95,0.95
metric_contract_v1.2,c38b09694be88aa74de0741b39e9d3ba0d6ff61a,35a1a66f78dfd6255c4d804586ee6863969be78d21acec5cd0ccf00476ddaa5c,f80984d28ef9a7550633fb3aea514f783f3db1fa655a6d3f49850b10857e6afc,188f2e248d512bb338cd5c33c140337ac59206948aa209631ca797a09d4b9eb2,last,ood_metric/fpr95_achieved_id_tpr,OOD-4,appendix,descriptive,id_train,id_test_vs_places365,detector_declared,detector/weight_cosine_appendix,places365,far,,,,45195,C1,sgd,0.1,0.0005,0.9499999999999998,1.3597399555105182e-16,0.950000 ± 0.000000,0.95,0.95,0.95
metric_contract_v1.2,c38b09694be88aa74de0741b39e9d3ba0d6ff61a,35a1a66f78dfd6255c4d804586ee6863969be78d21acec5cd0ccf00476ddaa5c,f80984d28ef9a7550633fb3aea514f783f3db1fa655a6d3f49850b10857e6afc,188f2e248d512bb338cd5c33c140337ac59206948aa209631ca797a09d4b9eb2,last,ood_metric/fpr95_achieved_id_tpr,OOD-4,appendix,descriptive,,id_test_vs_places365,detector_declared,ood_score/energy_t1,places365,far,,,,45195,C1,sgd,0.1,0.0005,0.9499999999999998,1.3597399555105182e-16,0.950000 ± 0.000000,0.95,0.95,0.95
metric_contract_v1.2,c38b09694be88aa74de0741b39e9d3ba0d6ff61a,35a1a66f78dfd6255c4d804586ee6863969be78d21acec5cd0ccf00476ddaa5c,f80984d28ef9a7550633fb3aea514f783f3db1fa655a6d3f49850b10857e6afc,188f2e248d512bb338cd5c33c140337ac59206948aa209631ca797a09d4b9eb2,last,ood_metric/fpr95_achieved_id_tpr,OOD-4,appendix,descriptive,,id_test_vs_places365,detector_declared,ood_score/max_logit,places365,far,,,,45195,C1,sgd,0.1,0.0005,0.9499999999999998,1.3597399555105182e-16,0.950000 ± 0.000000,0.95,0.95,0.95
metric_contract_v1.2,c38b09694be88aa74de0741b39e9d3ba0d6ff61a,35a1a66f78dfd6255c4d804586ee6863969be78d21acec5cd0ccf00476ddaa5c,f80984d28ef9a7550633fb3aea514f783f3db1fa655a6d3f49850b10857e6afc,188f2e248d512bb338cd5c33c140337ac59206948aa209631ca797a09d4b9eb2,last,ood_metric/fpr95_achieved_id_tpr,OOD-4,appendix,descriptive,,id_test_vs_places365,detector_declared,ood_score/msp,places365,far,,,,45195,C1,sgd,0.1,0.0005,0.9499999999999998,1.3597399555105182e-16,0.950000 ± 0.000000,0.95,0.95,0.95
metric_contract_v1.2,c38b09694be88aa74de0741b39e9d3ba0d6ff61a,35a1a66f78dfd6255c4d804586ee6863969be78d21acec5cd0ccf00476ddaa5c,f80984d28ef9a7550633fb3aea514f783f3db1fa655a6d3f49850b10857e6afc,188f2e248d512bb338cd5c33c140337ac59206948aa209631ca797a09d4b9eb2,last,ood_metric/fpr95_id_tpr,OOD-4,primary,down,id_train,id_test_vs_places365,detector_declared,detector/ctm_prototype_cosine,places365,far,,,,45195,C1,sgd,0.1,0.0005,0.4778803807359,0.00328561909941156,0.477880 ± 0.003286,0.47481176303452194,0.47748259695979545,0.48134678221338256
metric_contract_v1.2,c38b09694be88aa74de0741b39e9d3ba0d6ff61a,35a1a66f78dfd6255c4d804586ee6863969be78d21acec5cd0ccf00476ddaa5c,f80984d28ef9a7550633fb3aea514f783f3db1fa655a6d3f49850b10857e6afc,188f2e248d512bb338cd5c33c140337ac59206948aa209631ca797a09d4b9eb2,last,ood_metric/fpr95_id_tpr,OOD-4,primary,down,id_train,id_test_vs_places365,detector_declared,detector/gda_class_density,places365,far,,,,45195,C1,sgd,0.1,0.0005,0.36730596202112037,0.00884927889127025,0.367306 ± 0.008849,0.3756215371501634,0.3682909504190936,0.3580053984941043
metric_contract_v1.2,c38b09694be88aa74de0741b39e9d3ba0d6ff61a,35a1a66f78dfd6255c4d804586ee6863969be78d21acec5cd0ccf00476ddaa5c,f80984d28ef9a7550633fb3aea514f783f3db1fa655a6d3f49850b10857e6afc,188f2e248d512bb338cd5c33c140337ac59206948aa209631ca797a09d4b9eb2,last,ood_metric/fpr95_id_tpr,OOD-4,primary,down,id_train,id_test_vs_places365,detector_declared,detector/knn_l2_k50,places365,far,,,,45195,C1,sgd,0.1,0.0005,0.4279964010039305,0.0023465068739334915,0.427996 ± 0.002347,0.42787327745418385,0.43040204574513424,0.4257138798124734
metric_contract_v1.2,c38b09694be88aa74de0741b39e9d3ba0d6ff61a,35a1a66f78dfd6255c4d804586ee6863969be78d21acec5cd0ccf00476ddaa5c,f80984d28ef9a7550633fb3aea514f783f3db1fa655a6d3f49850b10857e6afc,188f2e248d512bb338cd5c33c140337ac59206948aa209631ca797a09d4b9eb2,last,ood_metric/fpr95_id_tpr,OOD-4,primary,down,id_train,id_test_vs_places365,detector_declared,detector/mahalanobis_pp,places365,far,,,,45195,C1,sgd,0.1,0.0005,0.4865179713027419,0.01577936756699151,0.486518 ± 0.015779,0.49211535729507033,0.4987356158545248,0.4687029407586305
metric_contract_v1.2,c38b09694be88aa74de0741b39e9d3ba0d6ff61a,35a1a66f78dfd6255c4d804586ee6863969be78d21acec5cd0ccf00476ddaa5c,f80984d28ef9a7550633fb3aea514f783f3db1fa655a6d3f49850b10857e6afc,188f2e248d512bb338cd5c33c140337ac59206948aa209631ca797a09d4b9eb2,last,ood_metric/fpr95_id_tpr,OOD-4,primary,down,id_train,id_test_vs_places365,detector_declared,detector/mahalanobis_raw,places365,far,,,,45195,C1,sgd,0.1,0.0005,0.4966141023819672,0.010355886407875754,0.496614 ± 0.010356,0.5082540133541696,0.49316664298906093,0.48842165080267086
metric_contract_v1.2,c38b09694be88aa74de0741b39e9d3ba0d6ff61a,35a1a66f78dfd6255c4d804586ee6863969be78d21acec5cd0ccf00476ddaa5c,f80984d28ef9a7550633fb3aea514f783f3db1fa655a6d3f49850b10857e6afc,188f2e248d512bb338cd5c33c140337ac59206948aa209631ca797a09d4b9eb2,last,ood_metric/fpr95_id_tpr,OOD-4,primary,down,id_train,id_test_vs_places365,detector_declared,detector/marginal_mahalanobis_raw,places365,far,,,,45195,C1,sgd,0.1,0.0005,0.6867263342330823,0.0029748874000242427,0.686726 ± 0.002975,0.6875692569967324,0.6834209404744992,0.6891888052280153
metric_contract_v1.2,c38b09694be88aa74de0741b39e9d3ba0d6ff61a,35a1a66f78dfd6255c4d804586ee6863969be78d21acec5cd0ccf00476ddaa5c,f80984d28ef9a7550633fb3aea514f783f3db1fa655a6d3f49850b10857e6afc,188f2e248d512bb338cd5c33c140337ac59206948aa209631ca797a09d4b9eb2,last,ood_metric/fpr95_id_tpr,OOD-4,primary,down,id_train,id_test_vs_places365,detector_declared,detector/ncp_euclidean_raw,places365,far,,,,45195,C1,sgd,0.1,0.0005,0.45029123455036224,0.010999844004482704,0.450291 ± 0.011000,0.45225174030402043,0.4384429606478193,0.46017900269924705
metric_contract_v1.2,c38b09694be88aa74de0741b39e9d3ba0d6ff61a,35a1a66f78dfd6255c4d804586ee6863969be78d21acec5cd0ccf00476ddaa5c,f80984d28ef9a7550633fb3aea514f783f3db1fa655a6d3f49850b10857e6afc,188f2e248d512bb338cd5c33c140337ac59206948aa209631ca797a09d4b9eb2,last,ood_metric/fpr95_id_tpr,OOD-4,primary,down,id_train,id_test_vs_places365,detector_declared,detector/neco_author_std_dim100,places365,far,,,,45195,C1,sgd,0.1,0.0005,0.45974333475398965,0.021005917761438425,0.459743 ± 0.021006,0.47358999857934364,0.4700667708481318,0.43557323483449356
metric_contract_v1.2,c38b09694be88aa74de0741b39e9d3ba0d6ff61a,35a1a66f78dfd6255c4d804586ee6863969be78d21acec5cd0ccf00476ddaa5c,f80984d28ef9a7550633fb3aea514f783f3db1fa655a6d3f49850b10857e6afc,188f2e248d512bb338cd5c33c140337ac59206948aa209631ca797a09d4b9eb2,last,ood_metric/fpr95_id_tpr,OOD-4,primary,down,id_train,id_test_vs_places365,detector_declared,detector/relative_mahalanobis_pp,places365,far,,,,45195,C1,sgd,0.1,0.0005,0.4625278211867216,0.00200314223651288,0.462528 ± 0.002003,0.4632476204006251,0.4640716010796988,0.4602642420798409
metric_contract_v1.2,c38b09694be88aa74de0741b39e9d3ba0d6ff61a,35a1a66f78dfd6255c4d804586ee6863969be78d21acec5cd0ccf00476ddaa5c,f80984d28ef9a7550633fb3aea514f783f3db1fa655a6d3f49850b10857e6afc,188f2e248d512bb338cd5c33c140337ac59206948aa209631ca797a09d4b9eb2,last,ood_metric/fpr95_id_tpr,OOD-4,primary,down,id_train,id_test_vs_places365,detector_declared,detector/relative_mahalanobis_raw,places365,far,,,,45195,C1,sgd,0.1,0.0005,0.44027087180944263,0.008030734617777422,0.440271 ± 0.008031,0.447165790595255,0.442193493393948,0.4314533314391249
metric_contract_v1.2,c38b09694be88aa74de0741b39e9d3ba0d6ff61a,35a1a66f78dfd6255c4d804586ee6863969be78d21acec5cd0ccf00476ddaa5c,f80984d28ef9a7550633fb3aea514f783f3db1fa655a6d3f49850b10857e6afc,188f2e248d512bb338cd5c33c140337ac59206948aa209631ca797a09d4b9eb2,last,ood_metric/fpr95_id_tpr,OOD-4,primary,down,id_train,id_test_vs_places365,detector_declared,detector/vim_author_dim,places365,far,,,,45195,C1,sgd,0.1,0.0005,0.3958990386892078,0.011354815970285415,0.395899 ± 0.011355,0.4079840886489558,0.3942605483733485,0.38545247904531893
metric_contract_v1.2,c38b09694be88aa74de0741b39e9d3ba0d6ff61a,35a1a66f78dfd6255c4d804586ee6863969be78d21acec5cd0ccf00476ddaa5c,f80984d28ef9a7550633fb3aea514f783f3db1fa655a6d3f49850b10857e6afc,188f2e248d512bb338cd5c33c140337ac59206948aa209631ca797a09d4b9eb2,last,ood_metric/fpr95_id_tpr,OOD-4,primary,down,id_train,id_test_vs_places365,detector_declared,detector/vim_dim128,places365,far,,,,45195,C1,sgd,0.1,0.0005,0.38977127432873987,0.009049346729226308,0.389771 ± 0.009049,0.3878391817019463,0.39963062935076005,0.3818440119335133
metric_contract_v1.2,c38b09694be88aa74de0741b39e9d3ba0d6ff61a,35a1a66f78dfd6255c4d804586ee6863969be78d21acec5cd0ccf00476ddaa5c,f80984d28ef9a7550633fb3aea514f783f3db1fa655a6d3f49850b10857e6afc,188f2e248d512bb338cd5c33c140337ac59206948aa209631ca797a09d4b9eb2,last,ood_metric/fpr95_id_tpr,OOD-4,primary,down,id_train,id_test_vs_places365,detector_declared,detector/vim_dim256,places365,far,,,,45195,C1,sgd,0.1,0.0005,0.39247999242316617,0.017537053605187515,0.392480 ± 0.017537,0.4088933087086234,0.3945446796419946,0.37400198891888053
metric_contract_v1.2,c38b09694be88aa74de0741b39e9d3ba0d6ff61a,35a1a66f78dfd6255c4d804586ee6863969be78d21acec5cd0ccf00476ddaa5c,f80984d28ef9a7550633fb3aea514f783f3db1fa655a6d3f49850b10857e6afc,188f2e248d512bb338cd5c33c140337ac59206948aa209631ca797a09d4b9eb2,last,ood_metric/fpr95_id_tpr,OOD-4,primary,down,id_train,id_test_vs_places365,detector_declared,detector/vim_dim320,places365,far,,,,45195,C1,sgd,0.1,0.0005,0.3958990386892078,0.011354815970285415,0.395899 ± 0.011355,0.4079840886489558,0.3942605483733485,0.38545247904531893
metric_contract_v1.2,c38b09694be88aa74de0741b39e9d3ba0d6ff61a,35a1a66f78dfd6255c4d804586ee6863969be78d21acec5cd0ccf00476ddaa5c,f80984d28ef9a7550633fb3aea514f783f3db1fa655a6d3f49850b10857e6afc,188f2e248d512bb338cd5c33c140337ac59206948aa209631ca797a09d4b9eb2,last,ood_metric/fpr95_id_tpr,OOD-4,primary,down,id_train,id_test_vs_places365,detector_declared,detector/vim_dim64,places365,far,,,,45195,C1,sgd,0.1,0.0005,0.3709523133020789,0.01573793154029405,0.370952 ± 0.015738,0.3535445375763603,0.3841738883364114,0.375138513993465
metric_contract_v1.2,c38b09694be88aa74de0741b39e9d3ba0d6ff61a,35a1a66f78dfd6255c4d804586ee6863969be78d21acec5cd0ccf00476ddaa5c,f80984d28ef9a7550633fb3aea514f783f3db1fa655a6d3f49850b10857e6afc,188f2e248d512bb338cd5c33c140337ac59206948aa209631ca797a09d4b9eb2,last,ood_metric/fpr95_id_tpr,OOD-4,primary,down,id_train,id_test_vs_places365,detector_declared,detector/weight_cosine_appendix,places365,far,,,,45195,C1,sgd,0.1,0.0005,0.4334233082350713,0.007713592694902307,0.433423 ± 0.007714,0.42463418099161815,0.43906804943884076,0.43656769427475495
metric_contract_v1.2,c38b09694be88aa74de0741b39e9d3ba0d6ff61a,35a1a66f78dfd6255c4d804586ee6863969be78d21acec5cd0ccf00476ddaa5c,f80984d28ef9a7550633fb3aea514f783f3db1fa655a6d3f49850b10857e6afc,188f2e248d512bb338cd5c33c140337ac59206948aa209631ca797a09d4b9eb2,last,ood_metric/fpr95_id_tpr,OOD-4,primary,down,,id_test_vs_places365,detector_declared,ood_score/energy_t1,places365,far,,,,45195,C1,sgd,0.1,0.0005,0.4046597528057963,0.010249068183959934,0.404660 ± 0.010249,0.3957380309703083,0.4158545247904532,0.40238670265662735
metric_contract_v1.2,c38b09694be88aa74de0741b39e9d3ba0d6ff61a,35a1a66f78dfd6255c4d804586ee6863969be78d21acec5cd0ccf00476ddaa5c,f80984d28ef9a7550633fb3aea514f783f3db1fa655a6d3f49850b10857e6afc,188f2e248d512bb338cd5c33c140337ac59206948aa209631ca797a09d4b9eb2,last,ood_metric/fpr95_id_tpr,OOD-4,primary,down,,id_test_vs_places365,detector_declared,ood_score/max_logit,places365,far,,,,45195,C1,sgd,0.1,0.0005,0.41086328550456974,0.008207869942255584,0.410863 ± 0.008208,0.4072453473504759,0.42025855945446794,0.40508594970876544
metric_contract_v1.2,c38b09694be88aa74de0741b39e9d3ba0d6ff61a,35a1a66f78dfd6255c4d804586ee6863969be78d21acec5cd0ccf00476ddaa5c,f80984d28ef9a7550633fb3aea514f783f3db1fa655a6d3f49850b10857e6afc,188f2e248d512bb338cd5c33c140337ac59206948aa209631ca797a09d4b9eb2,last,ood_metric/fpr95_id_tpr,OOD-4,primary,down,,id_test_vs_places365,detector_declared,ood_score/msp,places365,far,,,,45195,C1,sgd,0.1,0.0005,0.5408059856987261,0.013116969587854129,0.540806 ± 0.013117,0.5517545105838898,0.5443955107259554,0.5262679357863332
metric_contract_v1.2,c38b09694be88aa74de0741b39e9d3ba0d6ff61a,35a1a66f78dfd6255c4d804586ee6863969be78d21acec5cd0ccf00476ddaa5c,f80984d28ef9a7550633fb3aea514f783f3db1fa655a6d3f49850b10857e6afc,188f2e248d512bb338cd5c33c140337ac59206948aa209631ca797a09d4b9eb2,last,ood_metric/fpr95_threshold,OOD-4,appendix,descriptive,id_train,id_test_vs_places365,detector_declared,detector/ctm_prototype_cosine,places365,far,,,,45195,C1,sgd,0.1,0.0005,0.803949071701822,0.0004930652307855278,0.803949 ± 0.000493,0.8040611363967487,0.8034096198161489,0.8043764588925681
metric_contract_v1.2,c38b09694be88aa74de0741b39e9d3ba0d6ff61a,35a1a66f78dfd6255c4d804586ee6863969be78d21acec5cd0ccf00476ddaa5c,f80984d28ef9a7550633fb3aea514f783f3db1fa655a6d3f49850b10857e6afc,188f2e248d512bb338cd5c33c140337ac59206948aa209631ca797a09d4b9eb2,last,ood_metric/fpr95_threshold,OOD-4,appendix,descriptive,id_train,id_test_vs_places365,detector_declared,detector/gda_class_density,places365,far,,,,45195,C1,sgd,0.1,0.0005,288.95088312619,39.477264834509675,288.950883 ± 39.477265,248.34807079198745,327.1970144717152,291.3075641148673
metric_contract_v1.2,c38b09694be88aa74de0741b39e9d3ba0d6ff61a,35a1a66f78dfd6255c4d804586ee6863969be78d21acec5cd0ccf00476ddaa5c,f80984d28ef9a7550633fb3aea514f783f3db1fa655a6d3f49850b10857e6afc,188f2e248d512bb338cd5c33c140337ac59206948aa209631ca797a09d4b9eb2,last,ood_metric/fpr95_threshold,OOD-4,appendix,descriptive,id_train,id_test_vs_places365,detector_declared,detector/knn_l2_k50,places365,far,,,,45195,C1,sgd,0.1,0.0005,-0.232724443773592,0.0014145792834014256,-0.232724 ± 0.001415,-0.23435149100815075,-0.23178613024720726,-0.23203571006541798
metric_contract_v1.2,c38b09694be88aa74de0741b39e9d3ba0d6ff61a,35a1a66f78dfd6255c4d804586ee6863969be78d21acec5cd0ccf00476ddaa5c,f80984d28ef9a7550633fb3aea514f783f3db1fa655a6d3f49850b10857e6afc,188f2e248d512bb338cd5c33c140337ac59206948aa209631ca797a09d4b9eb2,last,ood_metric/fpr95_threshold,OOD-4,appendix,descriptive,id_train,id_test_vs_places365,detector_declared,detector/mahalanobis_pp,places365,far,,,,45195,C1,sgd,0.1,0.0005,-1401.1418268932541,18.386698524871996,-1401.141827 ± 18.386699,-1380.0283931734998,-1413.6319009538788,-1409.7651865523842
metric_contract_v1.2,c38b09694be88aa74de0741b39e9d3ba0d6ff61a,35a1a66f78dfd6255c4d804586ee6863969be78d21acec5cd0ccf00476ddaa5c,f80984d28ef9a7550633fb3aea514f783f3db1fa655a6d3f49850b10857e6afc,188f2e248d512bb338cd5c33c140337ac59206948aa209631ca797a09d4b9eb2,last,ood_metric/fpr95_threshold,OOD-4,appendix,descriptive,id_train,id_test_vs_places365,detector_declared,detector/mahalanobis_raw,places365,far,,,,45195,C1,sgd,0.1,0.0005,-1178.4676636409101,8.783435101382713,-1178.467664 ± 8.783435,-1187.6543965285982,-1170.152511830081,-1177.5960825640507
metric_contract_v1.2,c38b09694be88aa74de0741b39e9d3ba0d6ff61a,35a1a66f78dfd6255c4d804586ee6863969be78d21acec5cd0ccf00476ddaa5c,f80984d28ef9a7550633fb3aea514f783f3db1fa655a6d3f49850b10857e6afc,188f2e248d512bb338cd5c33c140337ac59206948aa209631ca797a09d4b9eb2,last,ood_metric/fpr95_threshold,OOD-4,appendix,descriptive,id_train,id_test_vs_places365,detector_declared,detector/marginal_mahalanobis_raw,places365,far,,,,45195,C1,sgd,0.1,0.0005,-1064.5443618052725,9.171152110273523,-1064.544362 ± 9.171152,-1068.27323834412,-1054.096122463579,-1071.2637246081183
metric_contract_v1.2,c38b09694be88aa74de0741b39e9d3ba0d6ff61a,35a1a66f78dfd6255c4d804586ee6863969be78d21acec5cd0ccf00476ddaa5c,f80984d28ef9a7550633fb3aea514f783f3db1fa655a6d3f49850b10857e6afc,188f2e248d512bb338cd5c33c140337ac59206948aa209631ca797a09d4b9eb2,last,ood_metric/fpr95_threshold,OOD-4,appendix,descriptive,id_train,id_test_vs_places365,detector_declared,detector/ncp_euclidean_raw,places365,far,,,,45195,C1,sgd,0.1,0.0005,-8.078603809744026,0.11206608009453747,-8.078604 ± 0.112066,-8.207926574833445,-8.01000248684756,-8.017882367551072
metric_contract_v1.2,c38b09694be88aa74de0741b39e9d3ba0d6ff61a,35a1a66f78dfd6255c4d804586ee6863969be78d21acec5cd0ccf00476ddaa5c,f80984d28ef9a7550633fb3aea514f783f3db1fa655a6d3f49850b10857e6afc,188f2e248d512bb338cd5c33c140337ac59206948aa209631ca797a09d4b9eb2,last,ood_metric/fpr95_threshold,OOD-4,appendix,descriptive,id_train,id_test_vs_places365,detector_declared,detector/neco_author_std_dim100,places365,far,,,,45195,C1,sgd,0.1,0.0005,0.9917731934554155,0.0006404732070736203,0.991773 ± 0.000640,0.9920766448105605,0.9922055430172383,0.9910373925384477
metric_contract_v1.2,c38b09694be88aa74de0741b39e9d3ba0d6ff61a,35a1a66f78dfd6255c4d804586ee6863969be78d21acec5cd0ccf00476ddaa5c,f80984d28ef9a7550633fb3aea514f783f3db1fa655a6d3f49850b10857e6afc,188f2e248d512bb338cd5c33c140337ac59206948aa209631ca797a09d4b9eb2,last,ood_metric/fpr95_threshold,OOD-4,appendix,descriptive,id_train,id_test_vs_places365,detector_declared,detector/relative_mahalanobis_pp,places365,far,,,,45195,C1,sgd,0.1,0.0005,-280.048140195385,3.7193916869754347,-280.048140 ± 3.719392,-279.01525685446666,-284.17480880111873,-276.9543549305696
metric_contract_v1.2,c38b09694be88aa74de0741b39e9d3ba0d6ff61a,35a1a66f78dfd6255c4d804586ee6863969be78d21acec5cd0ccf00476ddaa5c,f80984d28ef9a7550633fb3aea514f783f3db1fa655a6d3f49850b10857e6afc,188f2e248d512bb338cd5c33c140337ac59206948aa209631ca797a09d4b9eb2,last,ood_metric/fpr95_threshold,OOD-4,appendix,descriptive,id_train,id_test_vs_places365,detector_declared,detector/relative_mahalanobis_raw,places365,far,,,,45195,C1,sgd,0.1,0.0005,-186.09552494003626,1.6568930969377251,-186.095525 ± 1.656893,-187.0853340424266,-187.01854252714725,-184.18269825053488
metric_contract_v1.2,c38b09694be88aa74de0741b39e9d3ba0d6ff61a,35a1a66f78dfd6255c4d804586ee6863969be78d21acec5cd0ccf00476ddaa5c,f80984d28ef9a7550633fb3aea514f783f3db1fa655a6d3f49850b10857e6afc,188f2e248d512bb338cd5c33c140337ac59206948aa209631ca797a09d4b9eb2,last,ood_metric/fpr95_threshold,OOD-4,appendix,descriptive,id_train,id_test_vs_places365,detector_declared,detector/vim_author_dim,places365,far,,,,45195,C1,sgd,0.1,0.0005,-7.738926372514474,0.15020703114081205,-7.738926 ± 0.150207,-7.91058235536202,-7.631585132414147,-7.674611629767257
metric_contract_v1.2,c38b09694be88aa74de0741b39e9d3ba0d6ff61a,35a1a66f78dfd6255c4d804586ee6863969be78d21acec5cd0ccf00476ddaa5c,f80984d28ef9a7550633fb3aea514f783f3db1fa655a6d3f49850b10857e6afc,188f2e248d512bb338cd5c33c140337ac59206948aa209631ca797a09d4b9eb2,last,ood_metric/fpr95_threshold,OOD-4,appendix,descriptive,id_train,id_test_vs_places365,detector_declared,detector/vim_dim128,places365,far,,,,45195,C1,sgd,0.1,0.0005,-7.126895277873818,0.04263547636722701,-7.126895 ± 0.042635,-7.172688096727023,-7.088344886488347,-7.119652850406089
metric_contract_v1.2,c38b09694be88aa74de0741b39e9d3ba0d6ff61a,35a1a66f78dfd6255c4d804586ee6863969be78d21acec5cd0ccf00476ddaa5c,f80984d28ef9a7550633fb3aea514f783f3db1fa655a6d3f49850b10857e6afc,188f2e248d512bb338cd5c33c140337ac59206948aa209631ca797a09d4b9eb2,last,ood_metric/fpr95_threshold,OOD-4,appendix,descriptive,id_train,id_test_vs_places365,detector_declared,detector/vim_dim256,places365,far,,,,45195,C1,sgd,0.1,0.0005,-7.6096128696260825,0.12893962368647352,-7.609613 ± 0.128940,-7.758499304385565,-7.535390366693215,-7.5349489377994665
metric_contract_v1.2,c38b09694be88aa74de0741b39e9d3ba0d6ff61a,35a1a66f78dfd6255c4d804586ee6863969be78d21acec5cd0ccf00476ddaa5c,f80984d28ef9a7550633fb3aea514f783f3db1fa655a6d3f49850b10857e6afc,188f2e248d512bb338cd5c33c140337ac59206948aa209631ca797a09d4b9eb2,last,ood_metric/fpr95_threshold,OOD-4,appendix,descriptive,id_train,id_test_vs_places365,detector_declared,detector/vim_dim320,places365,far,,,,45195,C1,sgd,0.1,0.0005,-7.738926372514474,0.15020703114081205,-7.738926 ± 0.150207,-7.91058235536202,-7.631585132414147,-7.674611629767257
metric_contract_v1.2,c38b09694be88aa74de0741b39e9d3ba0d6ff61a,35a1a66f78dfd6255c4d804586ee6863969be78d21acec5cd0ccf00476ddaa5c,f80984d28ef9a7550633fb3aea514f783f3db1fa655a6d3f49850b10857e6afc,188f2e248d512bb338cd5c33c140337ac59206948aa209631ca797a09d4b9eb2,last,ood_metric/fpr95_threshold,OOD-4,appendix,descriptive,id_train,id_test_vs_places365,detector_declared,detector/vim_dim64,places365,far,,,,45195,C1,sgd,0.1,0.0005,-7.139234004437071,0.08071566278859096,-7.139234 ± 0.080716,-7.2312576416149295,-7.080425472605282,-7.106018899091003
metric_contract_v1.2,c38b09694be88aa74de0741b39e9d3ba0d6ff61a,35a1a66f78dfd6255c4d804586ee6863969be78d21acec5cd0ccf00476ddaa5c,f80984d28ef9a7550633fb3aea514f783f3db1fa655a6d3f49850b10857e6afc,188f2e248d512bb338cd5c33c140337ac59206948aa209631ca797a09d4b9eb2,last,ood_metric/fpr95_threshold,OOD-4,appendix,descriptive,id_train,id_test_vs_places365,detector_declared,detector/weight_cosine_appendix,places365,far,,,,45195,C1,sgd,0.1,0.0005,0.4952581920871304,0.004310499683158773,0.495258 ± 0.004310,0.4908999165310632,0.49951927202371504,0.4953553877066129
metric_contract_v1.2,c38b09694be88aa74de0741b39e9d3ba0d6ff61a,35a1a66f78dfd6255c4d804586ee6863969be78d21acec5cd0ccf00476ddaa5c,f80984d28ef9a7550633fb3aea514f783f3db1fa655a6d3f49850b10857e6afc,188f2e248d512bb338cd5c33c140337ac59206948aa209631ca797a09d4b9eb2,last,ood_metric/fpr95_threshold,OOD-4,appendix,descriptive,,id_test_vs_places365,detector_declared,ood_score/energy_t1,places365,far,,,,45195,C1,sgd,0.1,0.0005,7.944451196150529,0.13117482813208298,7.944451 ± 0.131175,8.094580139260186,7.886788186202835,7.851985262988567
metric_contract_v1.2,c38b09694be88aa74de0741b39e9d3ba0d6ff61a,35a1a66f78dfd6255c4d804586ee6863969be78d21acec5cd0ccf00476ddaa5c,f80984d28ef9a7550633fb3aea514f783f3db1fa655a6d3f49850b10857e6afc,188f2e248d512bb338cd5c33c140337ac59206948aa209631ca797a09d4b9eb2,last,ood_metric/fpr95_threshold,OOD-4,appendix,descriptive,,id_test_vs_places365,detector_declared,ood_score/max_logit,places365,far,,,,45195,C1,sgd,0.1,0.0005,7.822102824846904,0.09579346313703246,7.822103 ± 0.095793,7.931537294387818,7.781330490112305,7.753440690040589
metric_contract_v1.2,c38b09694be88aa74de0741b39e9d3ba0d6ff61a,35a1a66f78dfd6255c4d804586ee6863969be78d21acec5cd0ccf00476ddaa5c,f80984d28ef9a7550633fb3aea514f783f3db1fa655a6d3f49850b10857e6afc,188f2e248d512bb338cd5c33c140337ac59206948aa209631ca797a09d4b9eb2,last,ood_metric/fpr95_threshold,OOD-4,appendix,descriptive,,id_test_vs_places365,detector_declared,ood_score/msp,places365,far,,,,45195,C1,sgd,0.1,0.0005,0.928607011049623,0.006292161776210185,0.928607 ± 0.006292,0.9226853552968527,0.927922047560987,0.9352136302910292
metric_contract_v1.2,c38b09694be88aa74de0741b39e9d3ba0d6ff61a,35a1a66f78dfd6255c4d804586ee6863969be78d21acec5cd0ccf00476ddaa5c,f80984d28ef9a7550633fb3aea514f783f3db1fa655a6d3f49850b10857e6afc,b701f780ad99d469949a985b0472b8d1f26be0545e531d92895b7559ca142328,last,analysis/angular_control_gap_ctm_ncp,OOD-7,exploratory,descriptive,id_train,id_test_vs_places365,paired_auroc_difference,,places365,,,,,45195,C1,adam,0.0003,0.0,0.015546338968603505,0.0024662942864692975,0.015546 ± 0.002466,0.01412413126864609,0.014120716010797119,0.018394169626367307
metric_contract_v1.2,c38b09694be88aa74de0741b39e9d3ba0d6ff61a,35a1a66f78dfd6255c4d804586ee6863969be78d21acec5cd0ccf00476ddaa5c,f80984d28ef9a7550633fb3aea514f783f3db1fa655a6d3f49850b10857e6afc,b701f780ad99d469949a985b0472b8d1f26be0545e531d92895b7559ca142328,last,analysis/restoration_gap_mahalanobis,OOD-7,exploratory,descriptive,id_train,id_test_vs_places365,paired_auroc_difference,,places365,,,,,45195,C1,adam,0.0003,0.0,0.16528441161149787,0.003171632140724306,0.165284 ± 0.003172,0.1620510072453475,0.16839043330018466,0.16541179428896147
metric_contract_v1.2,c38b09694be88aa74de0741b39e9d3ba0d6ff61a,35a1a66f78dfd6255c4d804586ee6863969be78d21acec5cd0ccf00476ddaa5c,f80984d28ef9a7550633fb3aea514f783f3db1fa655a6d3f49850b10857e6afc,b701f780ad99d469949a985b0472b8d1f26be0545e531d92895b7559ca142328,last,analysis/restoration_gap_relative_mahalanobis,OOD-7,exploratory,descriptive,id_train,id_test_vs_places365,paired_auroc_difference,,places365,,,,,45195,C1,adam,0.0003,0.0,-0.007204516740067353,0.0005285477729232442,-0.007205 ± 0.000529,-0.007388168773973747,-0.006608640431879587,-0.007616741014348727
metric_contract_v1.2,c38b09694be88aa74de0741b39e9d3ba0d6ff61a,35a1a66f78dfd6255c4d804586ee6863969be78d21acec5cd0ccf00476ddaa5c,f80984d28ef9a7550633fb3aea514f783f3db1fa655a6d3f49850b10857e6afc,b701f780ad99d469949a985b0472b8d1f26be0545e531d92895b7559ca142328,last,ood_metric/ap_in,OOD-2,appendix,up,id_train,id_test_vs_places365,detector_declared,detector/ctm_prototype_cosine,places365,far,,,,45195,C1,adam,0.0003,0.0,0.786221795966839,0.0029441118995736553,0.786222 ± 0.002944,0.7849618344317584,0.7895862177329748,0.7841173357357841
metric_contract_v1.2,c38b09694be88aa74de0741b39e9d3ba0d6ff61a,35a1a66f78dfd6255c4d804586ee6863969be78d21acec5cd0ccf00476ddaa5c,f80984d28ef9a7550633fb3aea514f783f3db1fa655a6d3f49850b10857e6afc,b701f780ad99d469949a985b0472b8d1f26be0545e531d92895b7559ca142328,last,ood_metric/ap_in,OOD-2,appendix,up,id_train,id_test_vs_places365,detector_declared,detector/gda_class_density,places365,far,,,,45195,C1,adam,0.0003,0.0,0.7721023358994955,0.0019330461980069835,0.772102 ± 0.001933,0.7722430718148421,0.7701027679378756,0.773961167945769
metric_contract_v1.2,c38b09694be88aa74de0741b39e9d3ba0d6ff61a,35a1a66f78dfd6255c4d804586ee6863969be78d21acec5cd0ccf00476ddaa5c,f80984d28ef9a7550633fb3aea514f783f3db1fa655a6d3f49850b10857e6afc,b701f780ad99d469949a985b0472b8d1f26be0545e531d92895b7559ca142328,last,ood_metric/ap_in,OOD-2,appendix,up,id_train,id_test_vs_places365,detector_declared,detector/knn_l2_k50,places365,far,,,,45195,C1,adam,0.0003,0.0,0.8189065555259489,0.00258051511081902,0.818907 ± 0.002581,0.8167993714362218,0.8217846720694603,0.8181356230721646
metric_contract_v1.2,c38b09694be88aa74de0741b39e9d3ba0d6ff61a,35a1a66f78dfd6255c4d804586ee6863969be78d21acec5cd0ccf00476ddaa5c,f80984d28ef9a7550633fb3aea514f783f3db1fa655a6d3f49850b10857e6afc,b701f780ad99d469949a985b0472b8d1f26be0545e531d92895b7559ca142328,last,ood_metric/ap_in,OOD-2,appendix,up,id_train,id_test_vs_places365,detector_declared,detector/mahalanobis_pp,places365,far,,,,45195,C1,adam,0.0003,0.0,0.8226009592743836,0.0015833235916183387,0.822601 ± 0.001583,0.8209917794295152,0.8241570934509553,0.8226540049426803
metric_contract_v1.2,c38b09694be88aa74de0741b39e9d3ba0d6ff61a,35a1a66f78dfd6255c4d804586ee6863969be78d21acec5cd0ccf00476ddaa5c,f80984d28ef9a7550633fb3aea514f783f3db1fa655a6d3f49850b10857e6afc,b701f780ad99d469949a985b0472b8d1f26be0545e531d92895b7559ca142328,last,ood_metric/ap_in,OOD-2,appendix,up,id_train,id_test_vs_places365,detector_declared,detector/mahalanobis_raw,places365,far,,,,45195,C1,adam,0.0003,0.0,0.5280052726454233,0.007998453539603403,0.528005 ± 0.007998,0.5286078166843213,0.5197225869331448,0.5356854143188037
metric_contract_v1.2,c38b09694be88aa74de0741b39e9d3ba0d6ff61a,35a1a66f78dfd6255c4d804586ee6863969be78d21acec5cd0ccf00476ddaa5c,f80984d28ef9a7550633fb3aea514f783f3db1fa655a6d3f49850b10857e6afc,b701f780ad99d469949a985b0472b8d1f26be0545e531d92895b7559ca142328,last,ood_metric/ap_in,OOD-2,appendix,up,id_train,id_test_vs_places365,detector_declared,detector/marginal_mahalanobis_raw,places365,far,,,,45195,C1,adam,0.0003,0.0,0.3683815024686549,0.008398358310650436,0.368382 ± 0.008398,0.37343275211723154,0.35868677169907,0.3730249835896632
metric_contract_v1.2,c38b09694be88aa74de0741b39e9d3ba0d6ff61a,35a1a66f78dfd6255c4d804586ee6863969be78d21acec5cd0ccf00476ddaa5c,f80984d28ef9a7550633fb3aea514f783f3db1fa655a6d3f49850b10857e6afc,b701f780ad99d469949a985b0472b8d1f26be0545e531d92895b7559ca142328,last,ood_metric/ap_in,OOD-2,appendix,up,id_train,id_test_vs_places365,detector_declared,detector/ncp_euclidean_raw,places365,far,,,,45195,C1,adam,0.0003,0.0,0.7398647048932397,0.00749953768981818,0.739865 ± 0.007500,0.7428459427161425,0.7454151960749111,0.7313329758886657
metric_contract_v1.2,c38b09694be88aa74de0741b39e9d3ba0d6ff61a,35a1a66f78dfd6255c4d804586ee6863969be78d21acec5cd0ccf00476ddaa5c,f80984d28ef9a7550633fb3aea514f783f3db1fa655a6d3f49850b10857e6afc,b701f780ad99d469949a985b0472b8d1f26be0545e531d92895b7559ca142328,last,ood_metric/ap_in,OOD-2,appendix,up,id_train,id_test_vs_places365,detector_declared,detector/neco_author_std_dim100,places365,far,,,,45195,C1,adam,0.0003,0.0,0.8142395749751863,0.00386349390695646,0.814240 ± 0.003863,0.8138671091645515,0.8105758030644,0.8182758126966072
metric_contract_v1.2,c38b09694be88aa74de0741b39e9d3ba0d6ff61a,35a1a66f78dfd6255c4d804586ee6863969be78d21acec5cd0ccf00476ddaa5c,f80984d28ef9a7550633fb3aea514f783f3db1fa655a6d3f49850b10857e6afc,b701f780ad99d469949a985b0472b8d1f26be0545e531d92895b7559ca142328,last,ood_metric/ap_in,OOD-2,appendix,up,id_train,id_test_vs_places365,detector_declared,detector/relative_mahalanobis_pp,places365,far,,,,45195,C1,adam,0.0003,0.0,0.7826480998742033,0.0006457960380291103,0.782648 ± 0.000646,0.782046607387498,0.7833305627848131,0.7825671294502986
metric_contract_v1.2,c38b09694be88aa74de0741b39e9d3ba0d6ff61a,35a1a66f78dfd6255c4d804586ee6863969be78d21acec5cd0ccf00476ddaa5c,f80984d28ef9a7550633fb3aea514f783f3db1fa655a6d3f49850b10857e6afc,b701f780ad99d469949a985b0472b8d1f26be0545e531d92895b7559ca142328,last,ood_metric/ap_in,OOD-2,appendix,up,id_train,id_test_vs_places365,detector_declared,detector/relative_mahalanobis_raw,places365,far,,,,45195,C1,adam,0.0003,0.0,0.7912626602750935,0.0054755574025925026,0.791263 ± 0.005476,0.7954148085849428,0.7850572426882361,0.793315929552102
metric_contract_v1.2,c38b09694be88aa74de0741b39e9d3ba0d6ff61a,35a1a66f78dfd6255c4d804586ee6863969be78d21acec5cd0ccf00476ddaa5c,f80984d28ef9a7550633fb3aea514f783f3db1fa655a6d3f49850b10857e6afc,b701f780ad99d469949a985b0472b8d1f26be0545e531d92895b7559ca142328,last,ood_metric/ap_in,OOD-2,appendix,up,id_train,id_test_vs_places365,detector_declared,detector/vim_author_dim,places365,far,,,,45195,C1,adam,0.0003,0.0,0.8255980408856655,0.0027229761596879345,0.825598 ± 0.002723,0.8285712573522153,0.823225663467723,0.8249972018370582
metric_contract_v1.2,c38b09694be88aa74de0741b39e9d3ba0d6ff61a,35a1a66f78dfd6255c4d804586ee6863969be78d21acec5cd0ccf00476ddaa5c,f80984d28ef9a7550633fb3aea514f783f3db1fa655a6d3f49850b10857e6afc,b701f780ad99d469949a985b0472b8d1f26be0545e531d92895b7559ca142328,last,ood_metric/ap_in,OOD-2,appendix,up,id_train,id_test_vs_places365,detector_declared,detector/vim_dim128,places365,far,,,,45195,C1,adam,0.0003,0.0,0.822398696164158,0.0013099448608883926,0.822399 ± 0.001310,0.8238763673492401,0.8219397202510123,0.8213800008922214
metric_contract_v1.2,c38b09694be88aa74de0741b39e9d3ba0d6ff61a,35a1a66f78dfd6255c4d804586ee6863969be78d21acec5cd0ccf00476ddaa5c,f80984d28ef9a7550633fb3aea514f783f3db1fa655a6d3f49850b10857e6afc,b701f780ad99d469949a985b0472b8d1f26be0545e531d92895b7559ca142328,last,ood_metric/ap_in,OOD-2,appendix,up,id_train,id_test_vs_places365,detector_declared,detector/vim_dim256,places365,far,,,,45195,C1,adam,0.0003,0.0,0.8254402647875901,0.001695915661184911,0.825440 ± 0.001696,0.8271453406422251,0.8237536602098736,0.8254217935106718
metric_contract_v1.2,c38b09694be88aa74de0741b39e9d3ba0d6ff61a,35a1a66f78dfd6255c4d804586ee6863969be78d21acec5cd0ccf00476ddaa5c,f80984d28ef9a7550633fb3aea514f783f3db1fa655a6d3f49850b10857e6afc,b701f780ad99d469949a985b0472b8d1f26be0545e531d92895b7559ca142328,last,ood_metric/ap_in,OOD-2,appendix,up,id_train,id_test_vs_places365,detector_declared,detector/vim_dim320,places365,far,,,,45195,C1,adam,0.0003,0.0,0.8255980408856655,0.0027229761596879345,0.825598 ± 0.002723,0.8285712573522153,0.823225663467723,0.8249972018370582
metric_contract_v1.2,c38b09694be88aa74de0741b39e9d3ba0d6ff61a,35a1a66f78dfd6255c4d804586ee6863969be78d21acec5cd0ccf00476ddaa5c,f80984d28ef9a7550633fb3aea514f783f3db1fa655a6d3f49850b10857e6afc,b701f780ad99d469949a985b0472b8d1f26be0545e531d92895b7559ca142328,last,ood_metric/ap_in,OOD-2,appendix,up,id_train,id_test_vs_places365,detector_declared,detector/vim_dim64,places365,far,,,,45195,C1,adam,0.0003,0.0,0.8173656480281338,0.002836447886929314,0.817366 ± 0.002836,0.8180222822990211,0.8142584713800505,0.8198161904053298
metric_contract_v1.2,c38b09694be88aa74de0741b39e9d3ba0d6ff61a,35a1a66f78dfd6255c4d804586ee6863969be78d21acec5cd0ccf00476ddaa5c,f80984d28ef9a7550633fb3aea514f783f3db1fa655a6d3f49850b10857e6afc,b701f780ad99d469949a985b0472b8d1f26be0545e531d92895b7559ca142328,last,ood_metric/ap_in,OOD-2,appendix,up,id_train,id_test_vs_places365,detector_declared,detector/weight_cosine_appendix,places365,far,,,,45195,C1,adam,0.0003,0.0,0.7897261111063942,0.013437017501237283,0.789726 ± 0.013437,0.7993525319610996,0.7743747577935695,0.7954510435645139
metric_contract_v1.2,c38b09694be88aa74de0741b39e9d3ba0d6ff61a,35a1a66f78dfd6255c4d804586ee6863969be78d21acec5cd0ccf00476ddaa5c,f80984d28ef9a7550633fb3aea514f783f3db1fa655a6d3f49850b10857e6afc,b701f780ad99d469949a985b0472b8d1f26be0545e531d92895b7559ca142328,last,ood_metric/ap_in,OOD-2,appendix,up,,id_test_vs_places365,detector_declared,ood_score/energy_t1,places365,far,,,,45195,C1,adam,0.0003,0.0,0.8180410999330187,0.004939021737553357,0.818041 ± 0.004939,0.8198831430373581,0.8124457769757893,0.8217943797859083
metric_contract_v1.2,c38b09694be88aa74de0741b39e9d3ba0d6ff61a,35a1a66f78dfd6255c4d804586ee6863969be78d21acec5cd0ccf00476ddaa5c,f80984d28ef9a7550633fb3aea514f783f3db1fa655a6d3f49850b10857e6afc,b701f780ad99d469949a985b0472b8d1f26be0545e531d92895b7559ca142328,last,ood_metric/ap_in,OOD-2,appendix,up,,id_test_vs_places365,detector_declared,ood_score/max_logit,places365,far,,,,45195,C1,adam,0.0003,0.0,0.8178603187160208,0.004953831436679087,0.817860 ± 0.004954,0.8196853047784981,0.8122528799655164,0.8216427714040482
metric_contract_v1.2,c38b09694be88aa74de0741b39e9d3ba0d6ff61a,35a1a66f78dfd6255c4d804586ee6863969be78d21acec5cd0ccf00476ddaa5c,f80984d28ef9a7550633fb3aea514f783f3db1fa655a6d3f49850b10857e6afc,b701f780ad99d469949a985b0472b8d1f26be0545e531d92895b7559ca142328,last,ood_metric/ap_in,OOD-2,appendix,up,,id_test_vs_places365,detector_declared,ood_score/msp,places365,far,,,,45195,C1,adam,0.0003,0.0,0.8092147365334613,0.0023961162815171653,0.809215 ± 0.002396,0.808692061638231,0.8071231010849356,0.8118290468772174
metric_contract_v1.2,c38b09694be88aa74de0741b39e9d3ba0d6ff61a,35a1a66f78dfd6255c4d804586ee6863969be78d21acec5cd0ccf00476ddaa5c,f80984d28ef9a7550633fb3aea514f783f3db1fa655a6d3f49850b10857e6afc,b701f780ad99d469949a985b0472b8d1f26be0545e531d92895b7559ca142328,last,ood_metric/ap_out,OOD-3,appendix,up,id_train,id_test_vs_places365,detector_declared,detector/ctm_prototype_cosine,places365,far,,,,45195,C1,adam,0.0003,0.0,0.9598275100513188,0.0012439523478870653,0.959828 ± 0.001244,0.9608152559820076,0.9602367904096797,0.9584304837622694
metric_contract_v1.2,c38b09694be88aa74de0741b39e9d3ba0d6ff61a,35a1a66f78dfd6255c4d804586ee6863969be78d21acec5cd0ccf00476ddaa5c,f80984d28ef9a7550633fb3aea514f783f3db1fa655a6d3f49850b10857e6afc,b701f780ad99d469949a985b0472b8d1f26be0545e531d92895b7559ca142328,last,ood_metric/ap_out,OOD-3,appendix,up,id_train,id_test_vs_places365,detector_declared,detector/gda_class_density,places365,far,,,,45195,C1,adam,0.0003,0.0,0.955128862312221,0.0011003152524688932,0.955129 ± 0.001100,0.9553633646904638,0.9560930222987238,0.9539301999474757
metric_contract_v1.2,c38b09694be88aa74de0741b39e9d3ba0d6ff61a,35a1a66f78dfd6255c4d804586ee6863969be78d21acec5cd0ccf00476ddaa5c,f80984d28ef9a7550633fb3aea514f783f3db1fa655a6d3f49850b10857e6afc,b701f780ad99d469949a985b0472b8d1f26be0545e531d92895b7559ca142328,last,ood_metric/ap_out,OOD-3,appendix,up,id_train,id_test_vs_places365,detector_declared,detector/knn_l2_k50,places365,far,,,,45195,C1,adam,0.0003,0.0,0.9664108106813893,0.0007714939397884203,0.966411 ± 0.000771,0.9663465505450065,0.967212424911396,0.9656734565877658
metric_contract_v1.2,c38b09694be88aa74de0741b39e9d3ba0d6ff61a,35a1a66f78dfd6255c4d804586ee6863969be78d21acec5cd0ccf00476ddaa5c,f80984d28ef9a7550633fb3aea514f783f3db1fa655a6d3f49850b10857e6afc,b701f780ad99d469949a985b0472b8d1f26be0545e531d92895b7559ca142328,last,ood_metric/ap_out,OOD-3,appendix,up,id_train,id_test_vs_places365,detector_declared,detector/mahalanobis_pp,places365,far,,,,45195,C1,adam,0.0003,0.0,0.9679001697240057,0.0007964668458403193,0.967900 ± 0.000796,0.9679249703090399,0.9686839466320913,0.9670915922308863
metric_contract_v1.2,c38b09694be88aa74de0741b39e9d3ba0d6ff61a,35a1a66f78dfd6255c4d804586ee6863969be78d21acec5cd0ccf00476ddaa5c,f80984d28ef9a7550633fb3aea514f783f3db1fa655a6d3f49850b10857e6afc,b701f780ad99d469949a985b0472b8d1f26be0545e531d92895b7559ca142328,last,ood_metric/ap_out,OOD-3,appendix,up,id_train,id_test_vs_places365,detector_declared,detector/mahalanobis_raw,places365,far,,,,45195,C1,adam,0.0003,0.0,0.8951951671400908,0.002126582903931009,0.895195 ± 0.002127,0.8969225851577425,0.8958428730615574,0.8928200432009725
metric_contract_v1.2,c38b09694be88aa74de0741b39e9d3ba0d6ff61a,35a1a66f78dfd6255c4d804586ee6863969be78d21acec5cd0ccf00476ddaa5c,f80984d28ef9a7550633fb3aea514f783f3db1fa655a6d3f49850b10857e6afc,b701f780ad99d469949a985b0472b8d1f26be0545e531d92895b7559ca142328,last,ood_metric/ap_out,OOD-3,appendix,up,id_train,id_test_vs_places365,detector_declared,detector/marginal_mahalanobis_raw,places365,far,,,,45195,C1,adam,0.0003,0.0,0.8545912016012132,0.0032324559589762204,0.854591 ± 0.003232,0.8577139906671019,0.8548003755826716,0.8512592385538658
metric_contract_v1.2,c38b09694be88aa74de0741b39e9d3ba0d6ff61a,35a1a66f78dfd6255c4d804586ee6863969be78d21acec5cd0ccf00476ddaa5c,f80984d28ef9a7550633fb3aea514f783f3db1fa655a6d3f49850b10857e6afc,b701f780ad99d469949a985b0472b8d1f26be0545e531d92895b7559ca142328,last,ood_metric/ap_out,OOD-3,appendix,up,id_train,id_test_vs_places365,detector_declared,detector/ncp_euclidean_raw,places365,far,,,,45195,C1,adam,0.0003,0.0,0.9525691897716828,0.0020341513282621823,0.952569 ± 0.002034,0.9533984068594443,0.9540577551274481,0.9502514073281559
metric_contract_v1.2,c38b09694be88aa74de0741b39e9d3ba0d6ff61a,35a1a66f78dfd6255c4d804586ee6863969be78d21acec5cd0ccf00476ddaa5c,f80984d28ef9a7550633fb3aea514f783f3db1fa655a6d3f49850b10857e6afc,b701f780ad99d469949a985b0472b8d1f26be0545e531d92895b7559ca142328,last,ood_metric/ap_out,OOD-3,appendix,up,id_train,id_test_vs_places365,detector_declared,detector/neco_author_std_dim100,places365,far,,,,45195,C1,adam,0.0003,0.0,0.961661373633007,0.0007935247773587821,0.961661 ± 0.000794,0.9620693073398193,0.9607468618194348,0.9621679517397663
metric_contract_v1.2,c38b09694be88aa74de0741b39e9d3ba0d6ff61a,35a1a66f78dfd6255c4d804586ee6863969be78d21acec5cd0ccf00476ddaa5c,f80984d28ef9a7550633fb3aea514f783f3db1fa655a6d3f49850b10857e6afc,b701f780ad99d469949a985b0472b8d1f26be0545e531d92895b7559ca142328,last,ood_metric/ap_out,OOD-3,appendix,up,id_train,id_test_vs_places365,detector_declared,detector/relative_mahalanobis_pp,places365,far,,,,45195,C1,adam,0.0003,0.0,0.961825272361383,0.0006842697424813011,0.961825 ± 0.000684,0.9624585604748384,0.9619178161643148,0.9610994404449961
metric_contract_v1.2,c38b09694be88aa74de0741b39e9d3ba0d6ff61a,35a1a66f78dfd6255c4d804586ee6863969be78d21acec5cd0ccf00476ddaa5c,f80984d28ef9a7550633fb3aea514f783f3db1fa655a6d3f49850b10857e6afc,b701f780ad99d469949a985b0472b8d1f26be0545e531d92895b7559ca142328,last,ood_metric/ap_out,OOD-3,appendix,up,id_train,id_test_vs_places365,detector_declared,detector/relative_mahalanobis_raw,places365,far,,,,45195,C1,adam,0.0003,0.0,0.9650557287073859,0.0007049755896822534,0.965056 ± 0.000705,0.9658610926468562,0.9647556736142405,0.964550419861061
metric_contract_v1.2,c38b09694be88aa74de0741b39e9d3ba0d6ff61a,35a1a66f78dfd6255c4d804586ee6863969be78d21acec5cd0ccf00476ddaa5c,f80984d28ef9a7550633fb3aea514f783f3db1fa655a6d3f49850b10857e6afc,b701f780ad99d469949a985b0472b8d1f26be0545e531d92895b7559ca142328,last,ood_metric/ap_out,OOD-3,appendix,up,id_train,id_test_vs_places365,detector_declared,detector/vim_author_dim,places365,far,,,,45195,C1,adam,0.0003,0.0,0.9646857816139334,0.0011054549388252843,0.964686 ± 0.001105,0.9656963333409352,0.9648558719674314,0.9635051395334335
metric_contract_v1.2,c38b09694be88aa74de0741b39e9d3ba0d6ff61a,35a1a66f78dfd6255c4d804586ee6863969be78d21acec5cd0ccf00476ddaa5c,f80984d28ef9a7550633fb3aea514f783f3db1fa655a6d3f49850b10857e6afc,b701f780ad99d469949a985b0472b8d1f26be0545e531d92895b7559ca142328,last,ood_metric/ap_out,OOD-3,appendix,up,id_train,id_test_vs_places365,detector_declared,detector/vim_dim128,places365,far,,,,45195,C1,adam,0.0003,0.0,0.9646751132828228,0.0012345539845064217,0.964675 ± 0.001235,0.9647267369368636,0.9658830456713587,0.9634155572402464
metric_contract_v1.2,c38b09694be88aa74de0741b39e9d3ba0d6ff61a,35a1a66f78dfd6255c4d804586ee6863969be78d21acec5cd0ccf00476ddaa5c,f80984d28ef9a7550633fb3aea514f783f3db1fa655a6d3f49850b10857e6afc,b701f780ad99d469949a985b0472b8d1f26be0545e531d92895b7559ca142328,last,ood_metric/ap_out,OOD-3,appendix,up,id_train,id_test_vs_places365,detector_declared,detector/vim_dim256,places365,far,,,,45195,C1,adam,0.0003,0.0,0.9645945966453287,0.0007053201372052933,0.964595 ± 0.000705,0.9651032630124957,0.9648910995454689,0.9637894273780214
metric_contract_v1.2,c38b09694be88aa74de0741b39e9d3ba0d6ff61a,35a1a66f78dfd6255c4d804586ee6863969be78d21acec5cd0ccf00476ddaa5c,f80984d28ef9a7550633fb3aea514f783f3db1fa655a6d3f49850b10857e6afc,b701f780ad99d469949a985b0472b8d1f26be0545e531d92895b7559ca142328,last,ood_metric/ap_out,OOD-3,appendix,up,id_train,id_test_vs_places365,detector_declared,detector/vim_dim320,places365,far,,,,45195,C1,adam,0.0003,0.0,0.9646857816139334,0.0011054549388252843,0.964686 ± 0.001105,0.9656963333409352,0.9648558719674314,0.9635051395334335
metric_contract_v1.2,c38b09694be88aa74de0741b39e9d3ba0d6ff61a,35a1a66f78dfd6255c4d804586ee6863969be78d21acec5cd0ccf00476ddaa5c,f80984d28ef9a7550633fb3aea514f783f3db1fa655a6d3f49850b10857e6afc,b701f780ad99d469949a985b0472b8d1f26be0545e531d92895b7559ca142328,last,ood_metric/ap_out,OOD-3,appendix,up,id_train,id_test_vs_places365,detector_declared,detector/vim_dim64,places365,far,,,,45195,C1,adam,0.0003,0.0,0.9655454421095667,7.340967980632658e-05,0.965545 ± 0.000073,0.9656212400129102,0.9655404063512245,0.9654746799645654
metric_contract_v1.2,c38b09694be88aa74de0741b39e9d3ba0d6ff61a,35a1a66f78dfd6255c4d804586ee6863969be78d21acec5cd0ccf00476ddaa5c,f80984d28ef9a7550633fb3aea514f783f3db1fa655a6d3f49850b10857e6afc,b701f780ad99d469949a985b0472b8d1f26be0545e531d92895b7559ca142328,last,ood_metric/ap_out,OOD-3,appendix,up,id_train,id_test_vs_places365,detector_declared,detector/weight_cosine_appendix,places365,far,,,,45195,C1,adam,0.0003,0.0,0.9626003811760512,0.0010460855026951275,0.962600 ± 0.001046,0.9634849397993195,0.961445738256103,0.9628704654727311
metric_contract_v1.2,c38b09694be88aa74de0741b39e9d3ba0d6ff61a,35a1a66f78dfd6255c4d804586ee6863969be78d21acec5cd0ccf00476ddaa5c,f80984d28ef9a7550633fb3aea514f783f3db1fa655a6d3f49850b10857e6afc,b701f780ad99d469949a985b0472b8d1f26be0545e531d92895b7559ca142328,last,ood_metric/ap_out,OOD-3,appendix,up,,id_test_vs_places365,detector_declared,ood_score/energy_t1,places365,far,,,,45195,C1,adam,0.0003,0.0,0.9659175350177064,0.00037723112820215035,0.965918 ± 0.000377,0.9662104905312836,0.9654918868391622,0.9660502276826735
metric_contract_v1.2,c38b09694be88aa74de0741b39e9d3ba0d6ff61a,35a1a66f78dfd6255c4d804586ee6863969be78d21acec5cd0ccf00476ddaa5c,f80984d28ef9a7550633fb3aea514f783f3db1fa655a6d3f49850b10857e6afc,b701f780ad99d469949a985b0472b8d1f26be0545e531d92895b7559ca142328,last,ood_metric/ap_out,OOD-3,appendix,up,,id_test_vs_places365,detector_declared,ood_score/max_logit,places365,far,,,,45195,C1,adam,0.0003,0.0,0.9658571643313647,0.0003839364361393248,0.965857 ± 0.000384,0.9661361689881014,0.9654192922858085,0.9660160317201844
metric_contract_v1.2,c38b09694be88aa74de0741b39e9d3ba0d6ff61a,35a1a66f78dfd6255c4d804586ee6863969be78d21acec5cd0ccf00476ddaa5c,f80984d28ef9a7550633fb3aea514f783f3db1fa655a6d3f49850b10857e6afc,b701f780ad99d469949a985b0472b8d1f26be0545e531d92895b7559ca142328,last,ood_metric/ap_out,OOD-3,appendix,up,,id_test_vs_places365,detector_declared,ood_score/msp,places365,far,,,,45195,C1,adam,0.0003,0.0,0.9538964268095187,0.0008645859510611101,0.953896 ± 0.000865,0.9537203495150764,0.9531334328741916,0.954835498039288
metric_contract_v1.2,c38b09694be88aa74de0741b39e9d3ba0d6ff61a,35a1a66f78dfd6255c4d804586ee6863969be78d21acec5cd0ccf00476ddaa5c,f80984d28ef9a7550633fb3aea514f783f3db1fa655a6d3f49850b10857e6afc,b701f780ad99d469949a985b0472b8d1f26be0545e531d92895b7559ca142328,last,ood_metric/aupr_in_openood_auc,OOD-2,primary,up,id_train,id_test_vs_places365,detector_declared,detector/ctm_prototype_cosine,places365,far,,,,45195,C1,adam,0.0003,0.0,0.7862098247200954,0.0029438506453057767,0.786210 ± 0.002944,0.784949645400162,0.7895739988123861,0.7841058299477381
metric_contract_v1.2,c38b09694be88aa74de0741b39e9d3ba0d6ff61a,35a1a66f78dfd6255c4d804586ee6863969be78d21acec5cd0ccf00476ddaa5c,f80984d28ef9a7550633fb3aea514f783f3db1fa655a6d3f49850b10857e6afc,b701f780ad99d469949a985b0472b8d1f26be0545e531d92895b7559ca142328,last,ood_metric/aupr_in_openood_auc,OOD-2,primary,up,id_train,id_test_vs_places365,detector_declared,detector/gda_class_density,places365,far,,,,45195,C1,adam,0.0003,0.0,0.7720860971182297,0.0019334705207326374,0.772086 ± 0.001933,0.7722269819609242,0.7700860376752001,0.7739452717185649
metric_contract_v1.2,c38b09694be88aa74de0741b39e9d3ba0d6ff61a,35a1a66f78dfd6255c4d804586ee6863969be78d21acec5cd0ccf00476ddaa5c,f80984d28ef9a7550633fb3aea514f783f3db1fa655a6d3f49850b10857e6afc,b701f780ad99d469949a985b0472b8d1f26be0545e531d92895b7559ca142328,last,ood_metric/aupr_in_openood_auc,OOD-2,primary,up,id_train,id_test_vs_places365,detector_declared,detector/knn_l2_k50,places365,far,,,,45195,C1,adam,0.0003,0.0,0.8188961843489952,0.0025822200813962024,0.818896 ± 0.002582,0.816786209406359,0.8217756895250373,0.8181266541155893
metric_contract_v1.2,c38b09694be88aa74de0741b39e9d3ba0d6ff61a,35a1a66f78dfd6255c4d804586ee6863969be78d21acec5cd0ccf00476ddaa5c,f80984d28ef9a7550633fb3aea514f783f3db1fa655a6d3f49850b10857e6afc,b701f780ad99d469949a985b0472b8d1f26be0545e531d92895b7559ca142328,last,ood_metric/aupr_in_openood_auc,OOD-2,primary,up,id_train,id_test_vs_places365,detector_declared,detector/mahalanobis_pp,places365,far,,,,45195,C1,adam,0.0003,0.0,0.8225927379426142,0.0015838398887784806,0.822593 ± 0.001584,0.8209828332353447,0.8241491581388207,0.8226462224536771
metric_contract_v1.2,c38b09694be88aa74de0741b39e9d3ba0d6ff61a,35a1a66f78dfd6255c4d804586ee6863969be78d21acec5cd0ccf00476ddaa5c,f80984d28ef9a7550633fb3aea514f783f3db1fa655a6d3f49850b10857e6afc,b701f780ad99d469949a985b0472b8d1f26be0545e531d92895b7559ca142328,last,ood_metric/aupr_in_openood_auc,OOD-2,primary,up,id_train,id_test_vs_places365,detector_declared,detector/mahalanobis_raw,places365,far,,,,45195,C1,adam,0.0003,0.0,0.5279647456091824,0.008001180464439307,0.527965 ± 0.008001,0.5285571016113677,0.5196838494164733,0.5356532857997063
metric_contract_v1.2,c38b09694be88aa74de0741b39e9d3ba0d6ff61a,35a1a66f78dfd6255c4d804586ee6863969be78d21acec5cd0ccf00476ddaa5c,f80984d28ef9a7550633fb3aea514f783f3db1fa655a6d3f49850b10857e6afc,b701f780ad99d469949a985b0472b8d1f26be0545e531d92895b7559ca142328,last,ood_metric/aupr_in_openood_auc,OOD-2,primary,up,id_train,id_test_vs_places365,detector_declared,detector/marginal_mahalanobis_raw,places365,far,,,,45195,C1,adam,0.0003,0.0,0.36832390586066305,0.008397496193689657,0.368324 ± 0.008397,0.37336498028643644,0.35862990234490766,0.372976834950645
metric_contract_v1.2,c38b09694be88aa74de0741b39e9d3ba0d6ff61a,35a1a66f78dfd6255c4d804586ee6863969be78d21acec5cd0ccf00476ddaa5c,f80984d28ef9a7550633fb3aea514f783f3db1fa655a6d3f49850b10857e6afc,b701f780ad99d469949a985b0472b8d1f26be0545e531d92895b7559ca142328,last,ood_metric/aupr_in_openood_auc,OOD-2,primary,up,id_train,id_test_vs_places365,detector_declared,detector/ncp_euclidean_raw,places365,far,,,,45195,C1,adam,0.0003,0.0,0.7398448862371088,0.007497460458438736,0.739845 ± 0.007497,0.7428277241830391,0.7453918564027953,0.7313150781254918
metric_contract_v1.2,c38b09694be88aa74de0741b39e9d3ba0d6ff61a,35a1a66f78dfd6255c4d804586ee6863969be78d21acec5cd0ccf00476ddaa5c,f80984d28ef9a7550633fb3aea514f783f3db1fa655a6d3f49850b10857e6afc,b701f780ad99d469949a985b0472b8d1f26be0545e531d92895b7559ca142328,last,ood_metric/aupr_in_openood_auc,OOD-2,primary,up,id_train,id_test_vs_places365,detector_declared,detector/neco_author_std_dim100,places365,far,,,,45195,C1,adam,0.0003,0.0,0.8142308947140898,0.003863542415502456,0.814231 ± 0.003864,0.8138579106008202,0.810567370909092,0.8182674026323573
metric_contract_v1.2,c38b09694be88aa74de0741b39e9d3ba0d6ff61a,35a1a66f78dfd6255c4d804586ee6863969be78d21acec5cd0ccf00476ddaa5c,f80984d28ef9a7550633fb3aea514f783f3db1fa655a6d3f49850b10857e6afc,b701f780ad99d469949a985b0472b8d1f26be0545e531d92895b7559ca142328,last,ood_metric/aupr_in_openood_auc,OOD-2,primary,up,id_train,id_test_vs_places365,detector_declared,detector/relative_mahalanobis_pp,places365,far,,,,45195,C1,adam,0.0003,0.0,0.782613845494267,0.0006584061028632645,0.782614 ± 0.000658,0.782002217806659,0.783310724901757,0.7825285937743849
metric_contract_v1.2,c38b09694be88aa74de0741b39e9d3ba0d6ff61a,35a1a66f78dfd6255c4d804586ee6863969be78d21acec5cd0ccf00476ddaa5c,f80984d28ef9a7550633fb3aea514f783f3db1fa655a6d3f49850b10857e6afc,b701f780ad99d469949a985b0472b8d1f26be0545e531d92895b7559ca142328,last,ood_metric/aupr_in_openood_auc,OOD-2,primary,up,id_train,id_test_vs_places365,detector_declared,detector/relative_mahalanobis_raw,places365,far,,,,45195,C1,adam,0.0003,0.0,0.7912384067894592,0.005481336530893289,0.791238 ± 0.005481,0.795396246763082,0.7850267727754965,0.7932922008297993
metric_contract_v1.2,c38b09694be88aa74de0741b39e9d3ba0d6ff61a,35a1a66f78dfd6255c4d804586ee6863969be78d21acec5cd0ccf00476ddaa5c,f80984d28ef9a7550633fb3aea514f783f3db1fa655a6d3f49850b10857e6afc,b701f780ad99d469949a985b0472b8d1f26be0545e531d92895b7559ca142328,last,ood_metric/aupr_in_openood_auc,OOD-2,primary,up,id_train,id_test_vs_places365,detector_declared,detector/vim_author_dim,places365,far,,,,45195,C1,adam,0.0003,0.0,0.8255897650692262,0.0027233103882821834,0.825590 ± 0.002723,0.8285631510127506,0.8232167022570112,0.8249894419379169
metric_contract_v1.2,c38b09694be88aa74de0741b39e9d3ba0d6ff61a,35a1a66f78dfd6255c4d804586ee6863969be78d21acec5cd0ccf00476ddaa5c,f80984d28ef9a7550633fb3aea514f783f3db1fa655a6d3f49850b10857e6afc,b701f780ad99d469949a985b0472b8d1f26be0545e531d92895b7559ca142328,last,ood_metric/aupr_in_openood_auc,OOD-2,primary,up,id_train,id_test_vs_places365,detector_declared,detector/vim_dim128,places365,far,,,,45195,C1,adam,0.0003,0.0,0.8223898641375254,0.0013098198362092041,0.822390 ± 0.001310,0.8238676211232973,0.8219299188294326,0.8213720524598462
metric_contract_v1.2,c38b09694be88aa74de0741b39e9d3ba0d6ff61a,35a1a66f78dfd6255c4d804586ee6863969be78d21acec5cd0ccf00476ddaa5c,f80984d28ef9a7550633fb3aea514f783f3db1fa655a6d3f49850b10857e6afc,b701f780ad99d469949a985b0472b8d1f26be0545e531d92895b7559ca142328,last,ood_metric/aupr_in_openood_auc,OOD-2,primary,up,id_train,id_test_vs_places365,detector_declared,detector/vim_dim256,places365,far,,,,45195,C1,adam,0.0003,0.0,0.8254319462426137,0.0016964635173959903,0.825432 ± 0.001696,0.8271372359087723,0.8237444488287005,0.8254141539903688
metric_contract_v1.2,c38b09694be88aa74de0741b39e9d3ba0d6ff61a,35a1a66f78dfd6255c4d804586ee6863969be78d21acec5cd0ccf00476ddaa5c,f80984d28ef9a7550633fb3aea514f783f3db1fa655a6d3f49850b10857e6afc,b701f780ad99d469949a985b0472b8d1f26be0545e531d92895b7559ca142328,last,ood_metric/aupr_in_openood_auc,OOD-2,primary,up,id_train,id_test_vs_places365,detector_declared,detector/vim_dim320,places365,far,,,,45195,C1,adam,0.0003,0.0,0.8255897650692262,0.0027233103882821834,0.825590 ± 0.002723,0.8285631510127506,0.8232167022570112,0.8249894419379169
metric_contract_v1.2,c38b09694be88aa74de0741b39e9d3ba0d6ff61a,35a1a66f78dfd6255c4d804586ee6863969be78d21acec5cd0ccf00476ddaa5c,f80984d28ef9a7550633fb3aea514f783f3db1fa655a6d3f49850b10857e6afc,b701f780ad99d469949a985b0472b8d1f26be0545e531d92895b7559ca142328,last,ood_metric/aupr_in_openood_auc,OOD-2,primary,up,id_train,id_test_vs_places365,detector_declared,detector/vim_dim64,places365,far,,,,45195,C1,adam,0.0003,0.0,0.8173560425359181,0.002837939463072747,0.817356 ± 0.002838,0.8180128798728009,0.814247277858304,0.8198079698766496
metric_contract_v1.2,c38b09694be88aa74de0741b39e9d3ba0d6ff61a,35a1a66f78dfd6255c4d804586ee6863969be78d21acec5cd0ccf00476ddaa5c,f80984d28ef9a7550633fb3aea514f783f3db1fa655a6d3f49850b10857e6afc,b701f780ad99d469949a985b0472b8d1f26be0545e531d92895b7559ca142328,last,ood_metric/aupr_in_openood_auc,OOD-2,primary,up,id_train,id_test_vs_places365,detector_declared,detector/weight_cosine_appendix,places365,far,,,,45195,C1,adam,0.0003,0.0,0.7897144000851655,0.01343879258568485,0.789714 ± 0.013439,0.7993417342986345,0.7743609524722874,0.7954405134845747
metric_contract_v1.2,c38b09694be88aa74de0741b39e9d3ba0d6ff61a,35a1a66f78dfd6255c4d804586ee6863969be78d21acec5cd0ccf00476ddaa5c,f80984d28ef9a7550633fb3aea514f783f3db1fa655a6d3f49850b10857e6afc,b701f780ad99d469949a985b0472b8d1f26be0545e531d92895b7559ca142328,last,ood_metric/aupr_in_openood_auc,OOD-2,primary,up,,id_test_vs_places365,detector_declared,ood_score/energy_t1,places365,far,,,,45195,C1,adam,0.0003,0.0,0.8180309097149748,0.00494074338551665,0.818031 ± 0.004941,0.8198737103174716,0.8124336127450538,0.8217854060823993
metric_contract_v1.2,c38b09694be88aa74de0741b39e9d3ba0d6ff61a,35a1a66f78dfd6255c4d804586ee6863969be78d21acec5cd0ccf00476ddaa5c,f80984d28ef9a7550633fb3aea514f783f3db1fa655a6d3f49850b10857e6afc,b701f780ad99d469949a985b0472b8d1f26be0545e531d92895b7559ca142328,last,ood_metric/aupr_in_openood_auc,OOD-2,primary,up,,id_test_vs_places365,detector_declared,ood_score/max_logit,places365,far,,,,45195,C1,adam,0.0003,0.0,0.8178501570416764,0.004955574383202569,0.817850 ± 0.004956,0.8196758904261949,0.8122407234464608,0.8216338572523734
metric_contract_v1.2,c38b09694be88aa74de0741b39e9d3ba0d6ff61a,35a1a66f78dfd6255c4d804586ee6863969be78d21acec5cd0ccf00476ddaa5c,f80984d28ef9a7550633fb3aea514f783f3db1fa655a6d3f49850b10857e6afc,b701f780ad99d469949a985b0472b8d1f26be0545e531d92895b7559ca142328,last,ood_metric/aupr_in_openood_auc,OOD-2,primary,up,,id_test_vs_places365,detector_declared,ood_score/msp,places365,far,,,,45195,C1,adam,0.0003,0.0,0.8092825989327707,0.0023960562745374823,0.809283 ± 0.002396,0.8087895355039691,0.8071714300698856,0.8118868312244574
metric_contract_v1.2,c38b09694be88aa74de0741b39e9d3ba0d6ff61a,35a1a66f78dfd6255c4d804586ee6863969be78d21acec5cd0ccf00476ddaa5c,f80984d28ef9a7550633fb3aea514f783f3db1fa655a6d3f49850b10857e6afc,b701f780ad99d469949a985b0472b8d1f26be0545e531d92895b7559ca142328,last,ood_metric/aupr_out_openood_auc,OOD-3,primary,up,id_train,id_test_vs_places365,detector_declared,detector/ctm_prototype_cosine,places365,far,,,,45195,C1,adam,0.0003,0.0,0.9598262759267131,0.001244123447922139,0.959826 ± 0.001244,0.9608142240259919,0.9602355250325109,0.9584290787216363
metric_contract_v1.2,c38b09694be88aa74de0741b39e9d3ba0d6ff61a,35a1a66f78dfd6255c4d804586ee6863969be78d21acec5cd0ccf00476ddaa5c,f80984d28ef9a7550633fb3aea514f783f3db1fa655a6d3f49850b10857e6afc,b701f780ad99d469949a985b0472b8d1f26be0545e531d92895b7559ca142328,last,ood_metric/aupr_out_openood_auc,OOD-3,primary,up,id_train,id_test_vs_places365,detector_declared,detector/gda_class_density,places365,far,,,,45195,C1,adam,0.0003,0.0,0.9551258243028702,0.0010998782415521282,0.955126 ± 0.001100,0.9553612248361165,0.9560889441359632,0.953927303936531
metric_contract_v1.2,c38b09694be88aa74de0741b39e9d3ba0d6ff61a,35a1a66f78dfd6255c4d804586ee6863969be78d21acec5cd0ccf00476ddaa5c,f80984d28ef9a7550633fb3aea514f783f3db1fa655a6d3f49850b10857e6afc,b701f780ad99d469949a985b0472b8d1f26be0545e531d92895b7559ca142328,last,ood_metric/aupr_out_openood_auc,OOD-3,primary,up,id_train,id_test_vs_places365,detector_declared,detector/knn_l2_k50,places365,far,,,,45195,C1,adam,0.0003,0.0,0.9664098169429142,0.0007715181703550291,0.966410 ± 0.000772,0.9663455806786309,0.967211445025577,0.9656724251245346
metric_contract_v1.2,c38b09694be88aa74de0741b39e9d3ba0d6ff61a,35a1a66f78dfd6255c4d804586ee6863969be78d21acec5cd0ccf00476ddaa5c,f80984d28ef9a7550633fb3aea514f783f3db1fa655a6d3f49850b10857e6afc,b701f780ad99d469949a985b0472b8d1f26be0545e531d92895b7559ca142328,last,ood_metric/aupr_out_openood_auc,OOD-3,primary,up,id_train,id_test_vs_places365,detector_declared,detector/mahalanobis_pp,places365,far,,,,45195,C1,adam,0.0003,0.0,0.9678993944358587,0.0007964989411669084,0.967899 ± 0.000796,0.9679241786513826,0.9686832120179873,0.9670907926382062
metric_contract_v1.2,c38b09694be88aa74de0741b39e9d3ba0d6ff61a,35a1a66f78dfd6255c4d804586ee6863969be78d21acec5cd0ccf00476ddaa5c,f80984d28ef9a7550633fb3aea514f783f3db1fa655a6d3f49850b10857e6afc,b701f780ad99d469949a985b0472b8d1f26be0545e531d92895b7559ca142328,last,ood_metric/aupr_out_openood_auc,OOD-3,primary,up,id_train,id_test_vs_places365,detector_declared,detector/mahalanobis_raw,places365,far,,,,45195,C1,adam,0.0003,0.0,0.8951906639516838,0.0021269125130662786,0.895191 ± 0.002127,0.8969181914997264,0.8958386849726327,0.8928151153826922
metric_contract_v1.2,c38b09694be88aa74de0741b39e9d3ba0d6ff61a,35a1a66f78dfd6255c4d804586ee6863969be78d21acec5cd0ccf00476ddaa5c,f80984d28ef9a7550633fb3aea514f783f3db1fa655a6d3f49850b10857e6afc,b701f780ad99d469949a985b0472b8d1f26be0545e531d92895b7559ca142328,last,ood_metric/aupr_out_openood_auc,OOD-3,primary,up,id_train,id_test_vs_places365,detector_declared,detector/marginal_mahalanobis_raw,places365,far,,,,45195,C1,adam,0.0003,0.0,0.854585006001666,0.0032327524678963165,0.854585 ± 0.003233,0.8577078861025844,0.8547945553428054,0.851252576559608
metric_contract_v1.2,c38b09694be88aa74de0741b39e9d3ba0d6ff61a,35a1a66f78dfd6255c4d804586ee6863969be78d21acec5cd0ccf00476ddaa5c,f80984d28ef9a7550633fb3aea514f783f3db1fa655a6d3f49850b10857e6afc,b701f780ad99d469949a985b0472b8d1f26be0545e531d92895b7559ca142328,last,ood_metric/aupr_out_openood_auc,OOD-3,primary,up,id_train,id_test_vs_places365,detector_declared,detector/ncp_euclidean_raw,places365,far,,,,45195,C1,adam,0.0003,0.0,0.9525649508305524,0.002036973870999633,0.952565 ± 0.002037,0.9533955613405756,0.9540553809156692,0.9502439102354123
metric_contract_v1.2,c38b09694be88aa74de0741b39e9d3ba0d6ff61a,35a1a66f78dfd6255c4d804586ee6863969be78d21acec5cd0ccf00476ddaa5c,f80984d28ef9a7550633fb3aea514f783f3db1fa655a6d3f49850b10857e6afc,b701f780ad99d469949a985b0472b8d1f26be0545e531d92895b7559ca142328,last,ood_metric/aupr_out_openood_auc,OOD-3,primary,up,id_train,id_test_vs_places365,detector_declared,detector/neco_author_std_dim100,places365,far,,,,45195,C1,adam,0.0003,0.0,0.9616594991566491,0.0007935508780213614,0.961659 ± 0.000794,0.9620673744814792,0.9607449622502473,0.9621661607382208
metric_contract_v1.2,c38b09694be88aa74de0741b39e9d3ba0d6ff61a,35a1a66f78dfd6255c4d804586ee6863969be78d21acec5cd0ccf00476ddaa5c,f80984d28ef9a7550633fb3aea514f783f3db1fa655a6d3f49850b10857e6afc,b701f780ad99d469949a985b0472b8d1f26be0545e531d92895b7559ca142328,last,ood_metric/aupr_out_openood_auc,OOD-3,primary,up,id_train,id_test_vs_places365,detector_declared,detector/relative_mahalanobis_pp,places365,far,,,,45195,C1,adam,0.0003,0.0,0.9618237887062353,0.0006843371612722712,0.961824 ± 0.000684,0.9624573875429248,0.9619159290584038,0.9610980495173772
metric_contract_v1.2,c38b09694be88aa74de0741b39e9d3ba0d6ff61a,35a1a66f78dfd6255c4d804586ee6863969be78d21acec5cd0ccf00476ddaa5c,f80984d28ef9a7550633fb3aea514f783f3db1fa655a6d3f49850b10857e6afc,b701f780ad99d469949a985b0472b8d1f26be0545e531d92895b7559ca142328,last,ood_metric/aupr_out_openood_auc,OOD-3,primary,up,id_train,id_test_vs_places365,detector_declared,detector/relative_mahalanobis_raw,places365,far,,,,45195,C1,adam,0.0003,0.0,0.9650543280362774,0.0007053659542993382,0.965054 ± 0.000705,0.9658601345310399,0.9647541284851952,0.964548721092597
metric_contract_v1.2,c38b09694be88aa74de0741b39e9d3ba0d6ff61a,35a1a66f78dfd6255c4d804586ee6863969be78d21acec5cd0ccf00476ddaa5c,f80984d28ef9a7550633fb3aea514f783f3db1fa655a6d3f49850b10857e6afc,b701f780ad99d469949a985b0472b8d1f26be0545e531d92895b7559ca142328,last,ood_metric/aupr_out_openood_auc,OOD-3,primary,up,id_train,id_test_vs_places365,detector_declared,detector/vim_author_dim,places365,far,,,,45195,C1,adam,0.0003,0.0,0.9646844979447994,0.0011056425609513021,0.964684 ± 0.001106,0.9656951658721352,0.9648547068947042,0.963503621067559
metric_contract_v1.2,c38b09694be88aa74de0741b39e9d3ba0d6ff61a,35a1a66f78dfd6255c4d804586ee6863969be78d21acec5cd0ccf00476ddaa5c,f80984d28ef9a7550633fb3aea514f783f3db1fa655a6d3f49850b10857e6afc,b701f780ad99d469949a985b0472b8d1f26be0545e531d92895b7559ca142328,last,ood_metric/aupr_out_openood_auc,OOD-3,primary,up,id_train,id_test_vs_places365,detector_declared,detector/vim_dim128,places365,far,,,,45195,C1,adam,0.0003,0.0,0.9646738661896466,0.001234817694029079,0.964674 ± 0.001235,0.9647255042824879,0.965882054788264,0.9634140394981874
metric_contract_v1.2,c38b09694be88aa74de0741b39e9d3ba0d6ff61a,35a1a66f78dfd6255c4d804586ee6863969be78d21acec5cd0ccf00476ddaa5c,f80984d28ef9a7550633fb3aea514f783f3db1fa655a6d3f49850b10857e6afc,b701f780ad99d469949a985b0472b8d1f26be0545e531d92895b7559ca142328,last,ood_metric/aupr_out_openood_auc,OOD-3,primary,up,id_train,id_test_vs_places365,detector_declared,detector/vim_dim256,places365,far,,,,45195,C1,adam,0.0003,0.0,0.9645932665910101,0.000705463176778445,0.964593 ± 0.000705,0.965101957492184,0.96488992338097,0.9637879188998765
metric_contract_v1.2,c38b09694be88aa74de0741b39e9d3ba0d6ff61a,35a1a66f78dfd6255c4d804586ee6863969be78d21acec5cd0ccf00476ddaa5c,f80984d28ef9a7550633fb3aea514f783f3db1fa655a6d3f49850b10857e6afc,b701f780ad99d469949a985b0472b8d1f26be0545e531d92895b7559ca142328,last,ood_metric/aupr_out_openood_auc,OOD-3,primary,up,id_train,id_test_vs_places365,detector_declared,detector/vim_dim320,places365,far,,,,45195,C1,adam,0.0003,0.0,0.9646844979447994,0.0011056425609513021,0.964684 ± 0.001106,0.9656951658721352,0.9648547068947042,0.963503621067559
metric_contract_v1.2,c38b09694be88aa74de0741b39e9d3ba0d6ff61a,35a1a66f78dfd6255c4d804586ee6863969be78d21acec5cd0ccf00476ddaa5c,f80984d28ef9a7550633fb3aea514f783f3db1fa655a6d3f49850b10857e6afc,b701f780ad99d469949a985b0472b8d1f26be0545e531d92895b7559ca142328,last,ood_metric/aupr_out_openood_auc,OOD-3,primary,up,id_train,id_test_vs_places365,detector_declared,detector/vim_dim64,places365,far,,,,45195,C1,adam,0.0003,0.0,0.9655442700742213,7.354185824073111e-05,0.965544 ± 0.000074,0.9656201938141258,0.9655392489723642,0.9654733674361741
metric_contract_v1.2,c38b09694be88aa74de0741b39e9d3ba0d6ff61a,35a1a66f78dfd6255c4d804586ee6863969be78d21acec5cd0ccf00476ddaa5c,f80984d28ef9a7550633fb3aea514f783f3db1fa655a6d3f49850b10857e6afc,b701f780ad99d469949a985b0472b8d1f26be0545e531d92895b7559ca142328,last,ood_metric/aupr_out_openood_auc,OOD-3,primary,up,id_train,id_test_vs_places365,detector_declared,detector/weight_cosine_appendix,places365,far,,,,45195,C1,adam,0.0003,0.0,0.9625987496985635,0.0010459109072831875,0.962599 ± 0.001046,0.9634830008540434,0.9614442305873757,0.9628690176542715
metric_contract_v1.2,c38b09694be88aa74de0741b39e9d3ba0d6ff61a,35a1a66f78dfd6255c4d804586ee6863969be78d21acec5cd0ccf00476ddaa5c,f80984d28ef9a7550633fb3aea514f783f3db1fa655a6d3f49850b10857e6afc,b701f780ad99d469949a985b0472b8d1f26be0545e531d92895b7559ca142328,last,ood_metric/aupr_out_openood_auc,OOD-3,primary,up,,id_test_vs_places365,detector_declared,ood_score/energy_t1,places365,far,,,,45195,C1,adam,0.0003,0.0,0.9659160175048713,0.00037719453117125837,0.965916 ± 0.000377,0.9662088762802721,0.9654903910226327,0.966048785211709
metric_contract_v1.2,c38b09694be88aa74de0741b39e9d3ba0d6ff61a,35a1a66f78dfd6255c4d804586ee6863969be78d21acec5cd0ccf00476ddaa5c,f80984d28ef9a7550633fb3aea514f783f3db1fa655a6d3f49850b10857e6afc,b701f780ad99d469949a985b0472b8d1f26be0545e531d92895b7559ca142328,last,ood_metric/aupr_out_openood_auc,OOD-3,primary,up,,id_test_vs_places365,detector_declared,ood_score/max_logit,places365,far,,,,45195,C1,adam,0.0003,0.0,0.9658556379984677,0.000383753631046391,0.965856 ± 0.000384,0.9661343441661562,0.965417941147451,0.9660146286817957
metric_contract_v1.2,c38b09694be88aa74de0741b39e9d3ba0d6ff61a,35a1a66f78dfd6255c4d804586ee6863969be78d21acec5cd0ccf00476ddaa5c,f80984d28ef9a7550633fb3aea514f783f3db1fa655a6d3f49850b10857e6afc,b701f780ad99d469949a985b0472b8d1f26be0545e531d92895b7559ca142328,last,ood_metric/aupr_out_openood_auc,OOD-3,primary,up,,id_test_vs_places365,detector_declared,ood_score/msp,places365,far,,,,45195,C1,adam,0.0003,0.0,0.9538945485379173,0.0008647112123145406,0.953895 ± 0.000865,0.9537182043540846,0.9531316022318868,0.9548338390277806
metric_contract_v1.2,c38b09694be88aa74de0741b39e9d3ba0d6ff61a,35a1a66f78dfd6255c4d804586ee6863969be78d21acec5cd0ccf00476ddaa5c,f80984d28ef9a7550633fb3aea514f783f3db1fa655a6d3f49850b10857e6afc,b701f780ad99d469949a985b0472b8d1f26be0545e531d92895b7559ca142328,last,ood_metric/auroc_id_positive,OOD-1,primary,up,id_train,id_test_vs_places365,detector_declared,detector/ctm_prototype_cosine,places365,far,,,,45195,C1,adam,0.0003,0.0,0.8957222484254391,0.0015737908470175427,0.895722 ± 0.001574,0.8965463616991048,0.8967128484159682,0.8939075351612444
metric_contract_v1.2,c38b09694be88aa74de0741b39e9d3ba0d6ff61a,35a1a66f78dfd6255c4d804586ee6863969be78d21acec5cd0ccf00476ddaa5c,f80984d28ef9a7550633fb3aea514f783f3db1fa655a6d3f49850b10857e6afc,b701f780ad99d469949a985b0472b8d1f26be0545e531d92895b7559ca142328,last,ood_metric/auroc_id_positive,OOD-1,primary,up,id_train,id_test_vs_places365,detector_declared,detector/gda_class_density,places365,far,,,,45195,C1,adam,0.0003,0.0,0.8904180432826632,0.0011817453497790626,0.890418 ± 0.001182,0.891244014774826,0.8909457224037505,0.8890643926694133
metric_contract_v1.2,c38b09694be88aa74de0741b39e9d3ba0d6ff61a,35a1a66f78dfd6255c4d804586ee6863969be78d21acec5cd0ccf00476ddaa5c,f80984d28ef9a7550633fb3aea514f783f3db1fa655a6d3f49850b10857e6afc,b701f780ad99d469949a985b0472b8d1f26be0545e531d92895b7559ca142328,last,ood_metric/auroc_id_positive,OOD-1,primary,up,id_train,id_test_vs_places365,detector_declared,detector/knn_l2_k50,places365,far,,,,45195,C1,adam,0.0003,0.0,0.911526001799498,0.0013288432287611677,0.911526 ± 0.001329,0.9110981588293793,0.9130160647819292,0.9104637817871856
metric_contract_v1.2,c38b09694be88aa74de0741b39e9d3ba0d6ff61a,35a1a66f78dfd6255c4d804586ee6863969be78d21acec5cd0ccf00476ddaa5c,f80984d28ef9a7550633fb3aea514f783f3db1fa655a6d3f49850b10857e6afc,b701f780ad99d469949a985b0472b8d1f26be0545e531d92895b7559ca142328,last,ood_metric/auroc_id_positive,OOD-1,primary,up,id_train,id_test_vs_places365,detector_declared,detector/mahalanobis_pp,places365,far,,,,45195,C1,adam,0.0003,0.0,0.9128922242742815,0.0010492722533038885,0.912892 ± 0.001049,0.913049933229152,0.9138537150163376,0.9117730245773548
metric_contract_v1.2,c38b09694be88aa74de0741b39e9d3ba0d6ff61a,35a1a66f78dfd6255c4d804586ee6863969be78d21acec5cd0ccf00476ddaa5c,f80984d28ef9a7550633fb3aea514f783f3db1fa655a6d3f49850b10857e6afc,b701f780ad99d469949a985b0472b8d1f26be0545e531d92895b7559ca142328,last,ood_metric/auroc_id_positive,OOD-1,primary,up,id_train,id_test_vs_places365,detector_declared,detector/mahalanobis_raw,places365,far,,,,45195,C1,adam,0.0003,0.0,0.7476078126627836,0.0029709114891900007,0.747608 ± 0.002971,0.7509989259838045,0.745463281716153,0.7463612302883933
metric_contract_v1.2,c38b09694be88aa74de0741b39e9d3ba0d6ff61a,35a1a66f78dfd6255c4d804586ee6863969be78d21acec5cd0ccf00476ddaa5c,f80984d28ef9a7550633fb3aea514f783f3db1fa655a6d3f49850b10857e6afc,b701f780ad99d469949a985b0472b8d1f26be0545e531d92895b7559ca142328,last,ood_metric/auroc_id_positive,OOD-1,primary,up,id_train,id_test_vs_places365,detector_declared,detector/marginal_mahalanobis_raw,places365,far,,,,45195,C1,adam,0.0003,0.0,0.6448668437751575,0.005857172929094653,0.644867 ± 0.005857,0.6516046313396789,0.6409898764028982,0.6420060235828953
metric_contract_v1.2,c38b09694be88aa74de0741b39e9d3ba0d6ff61a,35a1a66f78dfd6255c4d804586ee6863969be78d21acec5cd0ccf00476ddaa5c,f80984d28ef9a7550633fb3aea514f783f3db1fa655a6d3f49850b10857e6afc,b701f780ad99d469949a985b0472b8d1f26be0545e531d92895b7559ca142328,last,ood_metric/auroc_id_positive,OOD-1,primary,up,id_train,id_test_vs_places365,detector_declared,detector/ncp_euclidean_raw,places365,far,,,,45195,C1,adam,0.0003,0.0,0.8801759094568357,0.004038775004676183,0.880176 ± 0.004039,0.8824222304304588,0.8825921324051711,0.8755133655348771
metric_contract_v1.2,c38b09694be88aa74de0741b39e9d3ba0d6ff61a,35a1a66f78dfd6255c4d804586ee6863969be78d21acec5cd0ccf00476ddaa5c,f80984d28ef9a7550633fb3aea514f783f3db1fa655a6d3f49850b10857e6afc,b701f780ad99d469949a985b0472b8d1f26be0545e531d92895b7559ca142328,last,ood_metric/auroc_id_positive,OOD-1,primary,up,id_train,id_test_vs_places365,detector_declared,detector/neco_author_std_dim100,places365,far,,,,45195,C1,adam,0.0003,0.0,0.9043435847895062,0.0024434774248423457,0.904344 ± 0.002443,0.9050993805938343,0.9016115073163802,0.9063198664583039
metric_contract_v1.2,c38b09694be88aa74de0741b39e9d3ba0d6ff61a,35a1a66f78dfd6255c4d804586ee6863969be78d21acec5cd0ccf00476ddaa5c,f80984d28ef9a7550633fb3aea514f783f3db1fa655a6d3f49850b10857e6afc,b701f780ad99d469949a985b0472b8d1f26be0545e531d92895b7559ca142328,last,ood_metric/auroc_id_positive,OOD-1,primary,up,id_train,id_test_vs_places365,detector_declared,detector/relative_mahalanobis_pp,places365,far,,,,45195,C1,adam,0.0003,0.0,0.9015614509636785,0.0005997851910469994,0.901561 ± 0.000600,0.9022498962920869,0.9012826083250461,0.9011518482739024
metric_contract_v1.2,c38b09694be88aa74de0741b39e9d3ba0d6ff61a,35a1a66f78dfd6255c4d804586ee6863969be78d21acec5cd0ccf00476ddaa5c,f80984d28ef9a7550633fb3aea514f783f3db1fa655a6d3f49850b10857e6afc,b701f780ad99d469949a985b0472b8d1f26be0545e531d92895b7559ca142328,last,ood_metric/auroc_id_positive,OOD-1,primary,up,id_train,id_test_vs_places365,detector_declared,detector/relative_mahalanobis_raw,places365,far,,,,45195,C1,adam,0.0003,0.0,0.9087659677037457,0.0008734111053758591,0.908766 ± 0.000873,0.9096380650660606,0.9078912487569257,0.9087685892882511
metric_contract_v1.2,c38b09694be88aa74de0741b39e9d3ba0d6ff61a,35a1a66f78dfd6255c4d804586ee6863969be78d21acec5cd0ccf00476ddaa5c,f80984d28ef9a7550633fb3aea514f783f3db1fa655a6d3f49850b10857e6afc,b701f780ad99d469949a985b0472b8d1f26be0545e531d92895b7559ca142328,last,ood_metric/auroc_id_positive,OOD-1,primary,up,id_train,id_test_vs_places365,detector_declared,detector/vim_author_dim,places365,far,,,,45195,C1,adam,0.0003,0.0,0.911197371785765,0.0017989702690186591,0.911197 ± 0.001799,0.9132208239806789,0.9105924932518823,0.9097787981247336
metric_contract_v1.2,c38b09694be88aa74de0741b39e9d3ba0d6ff61a,35a1a66f78dfd6255c4d804586ee6863969be78d21acec5cd0ccf00476ddaa5c,f80984d28ef9a7550633fb3aea514f783f3db1fa655a6d3f49850b10857e6afc,b701f780ad99d469949a985b0472b8d1f26be0545e531d92895b7559ca142328,last,ood_metric/auroc_id_positive,OOD-1,primary,up,id_train,id_test_vs_places365,detector_declared,detector/vim_dim128,places365,far,,,,45195,C1,adam,0.0003,0.0,0.9104716749538286,0.0015003639014075864,0.910472 ± 0.001500,0.9111070095183975,0.9115498423071459,0.9087581730359426
metric_contract_v1.2,c38b09694be88aa74de0741b39e9d3ba0d6ff61a,35a1a66f78dfd6255c4d804586ee6863969be78d21acec5cd0ccf00476ddaa5c,f80984d28ef9a7550633fb3aea514f783f3db1fa655a6d3f49850b10857e6afc,b701f780ad99d469949a985b0472b8d1f26be0545e531d92895b7559ca142328,last,ood_metric/auroc_id_positive,OOD-1,primary,up,id_train,id_test_vs_places365,detector_declared,detector/vim_dim256,places365,far,,,,45195,C1,adam,0.0003,0.0,0.9111033783207843,0.0010386746753152975,0.911103 ± 0.001039,0.9122452734763461,0.9108500809774116,0.9102147805085951
metric_contract_v1.2,c38b09694be88aa74de0741b39e9d3ba0d6ff61a,35a1a66f78dfd6255c4d804586ee6863969be78d21acec5cd0ccf00476ddaa5c,f80984d28ef9a7550633fb3aea514f783f3db1fa655a6d3f49850b10857e6afc,b701f780ad99d469949a985b0472b8d1f26be0545e531d92895b7559ca142328,last,ood_metric/auroc_id_positive,OOD-1,primary,up,id_train,id_test_vs_places365,detector_declared,detector/vim_dim320,places365,far,,,,45195,C1,adam,0.0003,0.0,0.911197371785765,0.0017989702690186591,0.911197 ± 0.001799,0.9132208239806789,0.9105924932518823,0.9097787981247336
metric_contract_v1.2,c38b09694be88aa74de0741b39e9d3ba0d6ff61a,35a1a66f78dfd6255c4d804586ee6863969be78d21acec5cd0ccf00476ddaa5c,f80984d28ef9a7550633fb3aea514f783f3db1fa655a6d3f49850b10857e6afc,b701f780ad99d469949a985b0472b8d1f26be0545e531d92895b7559ca142328,last,ood_metric/auroc_id_positive,OOD-1,primary,up,id_train,id_test_vs_places365,detector_declared,detector/vim_dim64,places365,far,,,,45195,C1,adam,0.0003,0.0,0.9110812890088553,0.0002708139046706798,0.911081 ± 0.000271,0.910984168205711,0.9108724279016907,0.9113872709191646
metric_contract_v1.2,c38b09694be88aa74de0741b39e9d3ba0d6ff61a,35a1a66f78dfd6255c4d804586ee6863969be78d21acec5cd0ccf00476ddaa5c,f80984d28ef9a7550633fb3aea514f783f3db1fa655a6d3f49850b10857e6afc,b701f780ad99d469949a985b0472b8d1f26be0545e531d92895b7559ca142328,last,ood_metric/auroc_id_positive,OOD-1,primary,up,id_train,id_test_vs_places365,detector_declared,detector/weight_cosine_appendix,places365,far,,,,45195,C1,adam,0.0003,0.0,0.9027270218307525,0.003486899843923462,0.902727 ± 0.003487,0.9054637903111238,0.8988010910640716,0.9039161841170622
metric_contract_v1.2,c38b09694be88aa74de0741b39e9d3ba0d6ff61a,35a1a66f78dfd6255c4d804586ee6863969be78d21acec5cd0ccf00476ddaa5c,f80984d28ef9a7550633fb3aea514f783f3db1fa655a6d3f49850b10857e6afc,b701f780ad99d469949a985b0472b8d1f26be0545e531d92895b7559ca142328,last,ood_metric/auroc_id_positive,OOD-1,primary,up,,id_test_vs_places365,detector_declared,ood_score/energy_t1,places365,far,,,,45195,C1,adam,0.0003,0.0,0.912963438935455,0.0012581642559827018,0.912963 ± 0.001258,0.913478522517403,0.9115294644125584,0.9138823298764029
metric_contract_v1.2,c38b09694be88aa74de0741b39e9d3ba0d6ff61a,35a1a66f78dfd6255c4d804586ee6863969be78d21acec5cd0ccf00476ddaa5c,f80984d28ef9a7550633fb3aea514f783f3db1fa655a6d3f49850b10857e6afc,b701f780ad99d469949a985b0472b8d1f26be0545e531d92895b7559ca142328,last,ood_metric/auroc_id_positive,OOD-1,primary,up,,id_test_vs_places365,detector_declared,ood_score/max_logit,places365,far,,,,45195,C1,adam,0.0003,0.0,0.9127305033858977,0.001284822050631674,0.912731 ± 0.001285,0.9132255348771132,0.9112717999715869,0.9136941753089928
metric_contract_v1.2,c38b09694be88aa74de0741b39e9d3ba0d6ff61a,35a1a66f78dfd6255c4d804586ee6863969be78d21acec5cd0ccf00476ddaa5c,f80984d28ef9a7550633fb3aea514f783f3db1fa655a6d3f49850b10857e6afc,b701f780ad99d469949a985b0472b8d1f26be0545e531d92895b7559ca142328,last,ood_metric/auroc_id_positive,OOD-1,primary,up,,id_test_vs_places365,detector_declared,ood_score/msp,places365,far,,,,45195,C1,adam,0.0003,0.0,0.8936352540607094,0.001407872031731499,0.893635 ± 0.001408,0.8936773703651089,0.8922067964199459,0.8950215953970735
metric_contract_v1.2,c38b09694be88aa74de0741b39e9d3ba0d6ff61a,35a1a66f78dfd6255c4d804586ee6863969be78d21acec5cd0ccf00476ddaa5c,f80984d28ef9a7550633fb3aea514f783f3db1fa655a6d3f49850b10857e6afc,b701f780ad99d469949a985b0472b8d1f26be0545e531d92895b7559ca142328,last,ood_metric/fpr95_achieved_id_tpr,OOD-4,appendix,descriptive,id_train,id_test_vs_places365,detector_declared,detector/ctm_prototype_cosine,places365,far,,,,45195,C1,adam,0.0003,0.0,0.9499999999999998,1.3597399555105182e-16,0.950000 ± 0.000000,0.95,0.95,0.95
metric_contract_v1.2,c38b09694be88aa74de0741b39e9d3ba0d6ff61a,35a1a66f78dfd6255c4d804586ee6863969be78d21acec5cd0ccf00476ddaa5c,f80984d28ef9a7550633fb3aea514f783f3db1fa655a6d3f49850b10857e6afc,b701f780ad99d469949a985b0472b8d1f26be0545e531d92895b7559ca142328,last,ood_metric/fpr95_achieved_id_tpr,OOD-4,appendix,descriptive,id_train,id_test_vs_places365,detector_declared,detector/gda_class_density,places365,far,,,,45195,C1,adam,0.0003,0.0,0.9499999999999998,1.3597399555105182e-16,0.950000 ± 0.000000,0.95,0.95,0.95
metric_contract_v1.2,c38b09694be88aa74de0741b39e9d3ba0d6ff61a,35a1a66f78dfd6255c4d804586ee6863969be78d21acec5cd0ccf00476ddaa5c,f80984d28ef9a7550633fb3aea514f783f3db1fa655a6d3f49850b10857e6afc,b701f780ad99d469949a985b0472b8d1f26be0545e531d92895b7559ca142328,last,ood_metric/fpr95_achieved_id_tpr,OOD-4,appendix,descriptive,id_train,id_test_vs_places365,detector_declared,detector/knn_l2_k50,places365,far,,,,45195,C1,adam,0.0003,0.0,0.9499999999999998,1.3597399555105182e-16,0.950000 ± 0.000000,0.95,0.95,0.95
metric_contract_v1.2,c38b09694be88aa74de0741b39e9d3ba0d6ff61a,35a1a66f78dfd6255c4d804586ee6863969be78d21acec5cd0ccf00476ddaa5c,f80984d28ef9a7550633fb3aea514f783f3db1fa655a6d3f49850b10857e6afc,b701f780ad99d469949a985b0472b8d1f26be0545e531d92895b7559ca142328,last,ood_metric/fpr95_achieved_id_tpr,OOD-4,appendix,descriptive,id_train,id_test_vs_places365,detector_declared,detector/mahalanobis_pp,places365,far,,,,45195,C1,adam,0.0003,0.0,0.9499999999999998,1.3597399555105182e-16,0.950000 ± 0.000000,0.95,0.95,0.95
metric_contract_v1.2,c38b09694be88aa74de0741b39e9d3ba0d6ff61a,35a1a66f78dfd6255c4d804586ee6863969be78d21acec5cd0ccf00476ddaa5c,f80984d28ef9a7550633fb3aea514f783f3db1fa655a6d3f49850b10857e6afc,b701f780ad99d469949a985b0472b8d1f26be0545e531d92895b7559ca142328,last,ood_metric/fpr95_achieved_id_tpr,OOD-4,appendix,descriptive,id_train,id_test_vs_places365,detector_declared,detector/mahalanobis_raw,places365,far,,,,45195,C1,adam,0.0003,0.0,0.9499999999999998,1.3597399555105182e-16,0.950000 ± 0.000000,0.95,0.95,0.95
metric_contract_v1.2,c38b09694be88aa74de0741b39e9d3ba0d6ff61a,35a1a66f78dfd6255c4d804586ee6863969be78d21acec5cd0ccf00476ddaa5c,f80984d28ef9a7550633fb3aea514f783f3db1fa655a6d3f49850b10857e6afc,b701f780ad99d469949a985b0472b8d1f26be0545e531d92895b7559ca142328,last,ood_metric/fpr95_achieved_id_tpr,OOD-4,appendix,descriptive,id_train,id_test_vs_places365,detector_declared,detector/marginal_mahalanobis_raw,places365,far,,,,45195,C1,adam,0.0003,0.0,0.9499999999999998,1.3597399555105182e-16,0.950000 ± 0.000000,0.95,0.95,0.95
metric_contract_v1.2,c38b09694be88aa74de0741b39e9d3ba0d6ff61a,35a1a66f78dfd6255c4d804586ee6863969be78d21acec5cd0ccf00476ddaa5c,f80984d28ef9a7550633fb3aea514f783f3db1fa655a6d3f49850b10857e6afc,b701f780ad99d469949a985b0472b8d1f26be0545e531d92895b7559ca142328,last,ood_metric/fpr95_achieved_id_tpr,OOD-4,appendix,descriptive,id_train,id_test_vs_places365,detector_declared,detector/ncp_euclidean_raw,places365,far,,,,45195,C1,adam,0.0003,0.0,0.9499999999999998,1.3597399555105182e-16,0.950000 ± 0.000000,0.95,0.95,0.95
metric_contract_v1.2,c38b09694be88aa74de0741b39e9d3ba0d6ff61a,35a1a66f78dfd6255c4d804586ee6863969be78d21acec5cd0ccf00476ddaa5c,f80984d28ef9a7550633fb3aea514f783f3db1fa655a6d3f49850b10857e6afc,b701f780ad99d469949a985b0472b8d1f26be0545e531d92895b7559ca142328,last,ood_metric/fpr95_achieved_id_tpr,OOD-4,appendix,descriptive,id_train,id_test_vs_places365,detector_declared,detector/neco_author_std_dim100,places365,far,,,,45195,C1,adam,0.0003,0.0,0.9499999999999998,1.3597399555105182e-16,0.950000 ± 0.000000,0.95,0.95,0.95
metric_contract_v1.2,c38b09694be88aa74de0741b39e9d3ba0d6ff61a,35a1a66f78dfd6255c4d804586ee6863969be78d21acec5cd0ccf00476ddaa5c,f80984d28ef9a7550633fb3aea514f783f3db1fa655a6d3f49850b10857e6afc,b701f780ad99d469949a985b0472b8d1f26be0545e531d92895b7559ca142328,last,ood_metric/fpr95_achieved_id_tpr,OOD-4,appendix,descriptive,id_train,id_test_vs_places365,detector_declared,detector/relative_mahalanobis_pp,places365,far,,,,45195,C1,adam,0.0003,0.0,0.9499999999999998,1.3597399555105182e-16,0.950000 ± 0.000000,0.95,0.95,0.95
metric_contract_v1.2,c38b09694be88aa74de0741b39e9d3ba0d6ff61a,35a1a66f78dfd6255c4d804586ee6863969be78d21acec5cd0ccf00476ddaa5c,f80984d28ef9a7550633fb3aea514f783f3db1fa655a6d3f49850b10857e6afc,b701f780ad99d469949a985b0472b8d1f26be0545e531d92895b7559ca142328,last,ood_metric/fpr95_achieved_id_tpr,OOD-4,appendix,descriptive,id_train,id_test_vs_places365,detector_declared,detector/relative_mahalanobis_raw,places365,far,,,,45195,C1,adam,0.0003,0.0,0.9499999999999998,1.3597399555105182e-16,0.950000 ± 0.000000,0.95,0.95,0.95
metric_contract_v1.2,c38b09694be88aa74de0741b39e9d3ba0d6ff61a,35a1a66f78dfd6255c4d804586ee6863969be78d21acec5cd0ccf00476ddaa5c,f80984d28ef9a7550633fb3aea514f783f3db1fa655a6d3f49850b10857e6afc,b701f780ad99d469949a985b0472b8d1f26be0545e531d92895b7559ca142328,last,ood_metric/fpr95_achieved_id_tpr,OOD-4,appendix,descriptive,id_train,id_test_vs_places365,detector_declared,detector/vim_author_dim,places365,far,,,,45195,C1,adam,0.0003,0.0,0.9499999999999998,1.3597399555105182e-16,0.950000 ± 0.000000,0.95,0.95,0.95
metric_contract_v1.2,c38b09694be88aa74de0741b39e9d3ba0d6ff61a,35a1a66f78dfd6255c4d804586ee6863969be78d21acec5cd0ccf00476ddaa5c,f80984d28ef9a7550633fb3aea514f783f3db1fa655a6d3f49850b10857e6afc,b701f780ad99d469949a985b0472b8d1f26be0545e531d92895b7559ca142328,last,ood_metric/fpr95_achieved_id_tpr,OOD-4,appendix,descriptive,id_train,id_test_vs_places365,detector_declared,detector/vim_dim128,places365,far,,,,45195,C1,adam,0.0003,0.0,0.9499999999999998,1.3597399555105182e-16,0.950000 ± 0.000000,0.95,0.95,0.95
metric_contract_v1.2,c38b09694be88aa74de0741b39e9d3ba0d6ff61a,35a1a66f78dfd6255c4d804586ee6863969be78d21acec5cd0ccf00476ddaa5c,f80984d28ef9a7550633fb3aea514f783f3db1fa655a6d3f49850b10857e6afc,b701f780ad99d469949a985b0472b8d1f26be0545e531d92895b7559ca142328,last,ood_metric/fpr95_achieved_id_tpr,OOD-4,appendix,descriptive,id_train,id_test_vs_places365,detector_declared,detector/vim_dim256,places365,far,,,,45195,C1,adam,0.0003,0.0,0.9499999999999998,1.3597399555105182e-16,0.950000 ± 0.000000,0.95,0.95,0.95
metric_contract_v1.2,c38b09694be88aa74de0741b39e9d3ba0d6ff61a,35a1a66f78dfd6255c4d804586ee6863969be78d21acec5cd0ccf00476ddaa5c,f80984d28ef9a7550633fb3aea514f783f3db1fa655a6d3f49850b10857e6afc,b701f780ad99d469949a985b0472b8d1f26be0545e531d92895b7559ca142328,last,ood_metric/fpr95_achieved_id_tpr,OOD-4,appendix,descriptive,id_train,id_test_vs_places365,detector_declared,detector/vim_dim320,places365,far,,,,45195,C1,adam,0.0003,0.0,0.9499999999999998,1.3597399555105182e-16,0.950000 ± 0.000000,0.95,0.95,0.95
metric_contract_v1.2,c38b09694be88aa74de0741b39e9d3ba0d6ff61a,35a1a66f78dfd6255c4d804586ee6863969be78d21acec5cd0ccf00476ddaa5c,f80984d28ef9a7550633fb3aea514f783f3db1fa655a6d3f49850b10857e6afc,b701f780ad99d469949a985b0472b8d1f26be0545e531d92895b7559ca142328,last,ood_metric/fpr95_achieved_id_tpr,OOD-4,appendix,descriptive,id_train,id_test_vs_places365,detector_declared,detector/vim_dim64,places365,far,,,,45195,C1,adam,0.0003,0.0,0.9499999999999998,1.3597399555105182e-16,0.950000 ± 0.000000,0.95,0.95,0.95
metric_contract_v1.2,c38b09694be88aa74de0741b39e9d3ba0d6ff61a,35a1a66f78dfd6255c4d804586ee6863969be78d21acec5cd0ccf00476ddaa5c,f80984d28ef9a7550633fb3aea514f783f3db1fa655a6d3f49850b10857e6afc,b701f780ad99d469949a985b0472b8d1f26be0545e531d92895b7559ca142328,last,ood_metric/fpr95_achieved_id_tpr,OOD-4,appendix,descriptive,id_train,id_test_vs_places365,detector_declared,detector/weight_cosine_appendix,places365,far,,,,45195,C1,adam,0.0003,0.0,0.9499999999999998,1.3597399555105182e-16,0.950000 ± 0.000000,0.95,0.95,0.95
metric_contract_v1.2,c38b09694be88aa74de0741b39e9d3ba0d6ff61a,35a1a66f78dfd6255c4d804586ee6863969be78d21acec5cd0ccf00476ddaa5c,f80984d28ef9a7550633fb3aea514f783f3db1fa655a6d3f49850b10857e6afc,b701f780ad99d469949a985b0472b8d1f26be0545e531d92895b7559ca142328,last,ood_metric/fpr95_achieved_id_tpr,OOD-4,appendix,descriptive,,id_test_vs_places365,detector_declared,ood_score/energy_t1,places365,far,,,,45195,C1,adam,0.0003,0.0,0.9499999999999998,1.3597399555105182e-16,0.950000 ± 0.000000,0.95,0.95,0.95
metric_contract_v1.2,c38b09694be88aa74de0741b39e9d3ba0d6ff61a,35a1a66f78dfd6255c4d804586ee6863969be78d21acec5cd0ccf00476ddaa5c,f80984d28ef9a7550633fb3aea514f783f3db1fa655a6d3f49850b10857e6afc,b701f780ad99d469949a985b0472b8d1f26be0545e531d92895b7559ca142328,last,ood_metric/fpr95_achieved_id_tpr,OOD-4,appendix,descriptive,,id_test_vs_places365,detector_declared,ood_score/max_logit,places365,far,,,,45195,C1,adam,0.0003,0.0,0.9499999999999998,1.3597399555105182e-16,0.950000 ± 0.000000,0.95,0.95,0.95
metric_contract_v1.2,c38b09694be88aa74de0741b39e9d3ba0d6ff61a,35a1a66f78dfd6255c4d804586ee6863969be78d21acec5cd0ccf00476ddaa5c,f80984d28ef9a7550633fb3aea514f783f3db1fa655a6d3f49850b10857e6afc,b701f780ad99d469949a985b0472b8d1f26be0545e531d92895b7559ca142328,last,ood_metric/fpr95_achieved_id_tpr,OOD-4,appendix,descriptive,,id_test_vs_places365,detector_declared,ood_score/msp,places365,far,,,,45195,C1,adam,0.0003,0.0,0.9499999999999998,1.3597399555105182e-16,0.950000 ± 0.000000,0.95,0.95,0.95
metric_contract_v1.2,c38b09694be88aa74de0741b39e9d3ba0d6ff61a,35a1a66f78dfd6255c4d804586ee6863969be78d21acec5cd0ccf00476ddaa5c,f80984d28ef9a7550633fb3aea514f783f3db1fa655a6d3f49850b10857e6afc,b701f780ad99d469949a985b0472b8d1f26be0545e531d92895b7559ca142328,last,ood_metric/fpr95_id_tpr,OOD-4,primary,down,id_train,id_test_vs_places365,detector_declared,detector/ctm_prototype_cosine,places365,far,,,,45195,C1,adam,0.0003,0.0,0.5495666998153147,0.006917239779680058,0.549567 ± 0.006917,0.5416962636738173,0.5523227731211819,0.5546810626509447
metric_contract_v1.2,c38b09694be88aa74de0741b39e9d3ba0d6ff61a,35a1a66f78dfd6255c4d804586ee6863969be78d21acec5cd0ccf00476ddaa5c,f80984d28ef9a7550633fb3aea514f783f3db1fa655a6d3f49850b10857e6afc,b701f780ad99d469949a985b0472b8d1f26be0545e531d92895b7559ca142328,last,ood_metric/fpr95_id_tpr,OOD-4,primary,down,id_train,id_test_vs_places365,detector_declared,detector/gda_class_density,places365,far,,,,45195,C1,adam,0.0003,0.0,0.5833877918264905,0.020210988990919606,0.583388 ± 0.020211,0.5739451626651513,0.5696263673817303,0.6065918454325898
metric_contract_v1.2,c38b09694be88aa74de0741b39e9d3ba0d6ff61a,35a1a66f78dfd6255c4d804586ee6863969be78d21acec5cd0ccf00476ddaa5c,f80984d28ef9a7550633fb3aea514f783f3db1fa655a6d3f49850b10857e6afc,b701f780ad99d469949a985b0472b8d1f26be0545e531d92895b7559ca142328,last,ood_metric/fpr95_id_tpr,OOD-4,primary,down,id_train,id_test_vs_places365,detector_declared,detector/knn_l2_k50,places365,far,,,,45195,C1,adam,0.0003,0.0,0.4815267320168584,0.005828593617279515,0.481527 ± 0.005829,0.48018184401193353,0.476488137519534,0.4879102145191078
metric_contract_v1.2,c38b09694be88aa74de0741b39e9d3ba0d6ff61a,35a1a66f78dfd6255c4d804586ee6863969be78d21acec5cd0ccf00476ddaa5c,f80984d28ef9a7550633fb3aea514f783f3db1fa655a6d3f49850b10857e6afc,b701f780ad99d469949a985b0472b8d1f26be0545e531d92895b7559ca142328,last,ood_metric/fpr95_id_tpr,OOD-4,primary,down,id_train,id_test_vs_places365,detector_declared,detector/mahalanobis_pp,places365,far,,,,45195,C1,adam,0.0003,0.0,0.48188663162381024,0.008912894921576814,0.481887 ± 0.008913,0.48256854666856086,0.47265236539281147,0.49043898281005827
metric_contract_v1.2,c38b09694be88aa74de0741b39e9d3ba0d6ff61a,35a1a66f78dfd6255c4d804586ee6863969be78d21acec5cd0ccf00476ddaa5c,f80984d28ef9a7550633fb3aea514f783f3db1fa655a6d3f49850b10857e6afc,b701f780ad99d469949a985b0472b8d1f26be0545e531d92895b7559ca142328,last,ood_metric/fpr95_id_tpr,OOD-4,primary,down,id_train,id_test_vs_places365,detector_declared,detector/mahalanobis_raw,places365,far,,,,45195,C1,adam,0.0003,0.0,0.8258085902353555,0.007491067597232799,0.825809 ± 0.007491,0.8252024435289104,0.8186390112231852,0.8335843159539708
metric_contract_v1.2,c38b09694be88aa74de0741b39e9d3ba0d6ff61a,35a1a66f78dfd6255c4d804586ee6863969be78d21acec5cd0ccf00476ddaa5c,f80984d28ef9a7550633fb3aea514f783f3db1fa655a6d3f49850b10857e6afc,b701f780ad99d469949a985b0472b8d1f26be0545e531d92895b7559ca142328,last,ood_metric/fpr95_id_tpr,OOD-4,primary,down,id_train,id_test_vs_places365,detector_declared,detector/marginal_mahalanobis_raw,places365,far,,,,45195,C1,adam,0.0003,0.0,0.8726523653928114,0.008308155712549791,0.872652 ± 0.008308,0.8689302457735474,0.8668560875124307,0.8821707628924563
metric_contract_v1.2,c38b09694be88aa74de0741b39e9d3ba0d6ff61a,35a1a66f78dfd6255c4d804586ee6863969be78d21acec5cd0ccf00476ddaa5c,f80984d28ef9a7550633fb3aea514f783f3db1fa655a6d3f49850b10857e6afc,b701f780ad99d469949a985b0472b8d1f26be0545e531d92895b7559ca142328,last,ood_metric/fpr95_id_tpr,OOD-4,primary,down,id_train,id_test_vs_places365,detector_declared,detector/ncp_euclidean_raw,places365,far,,,,45195,C1,adam,0.0003,0.0,0.5877350002367762,0.022341072600380065,0.587735 ± 0.022341,0.5678931666429891,0.5833783207842023,0.6119335132831368
metric_contract_v1.2,c38b09694be88aa74de0741b39e9d3ba0d6ff61a,35a1a66f78dfd6255c4d804586ee6863969be78d21acec5cd0ccf00476ddaa5c,f80984d28ef9a7550633fb3aea514f783f3db1fa655a6d3f49850b10857e6afc,b701f780ad99d469949a985b0472b8d1f26be0545e531d92895b7559ca142328,last,ood_metric/fpr95_id_tpr,OOD-4,primary,down,id_train,id_test_vs_places365,detector_declared,detector/neco_author_std_dim100,places365,far,,,,45195,C1,adam,0.0003,0.0,0.5223563953213052,0.008180826249025037,0.522356 ± 0.008181,0.5195056115925558,0.5315811905100156,0.515982383861344
metric_contract_v1.2,c38b09694be88aa74de0741b39e9d3ba0d6ff61a,35a1a66f78dfd6255c4d804586ee6863969be78d21acec5cd0ccf00476ddaa5c,f80984d28ef9a7550633fb3aea514f783f3db1fa655a6d3f49850b10857e6afc,b701f780ad99d469949a985b0472b8d1f26be0545e531d92895b7559ca142328,last,ood_metric/fpr95_id_tpr,OOD-4,primary,down,id_train,id_test_vs_places365,detector_declared,detector/relative_mahalanobis_pp,places365,far,,,,45195,C1,adam,0.0003,0.0,0.543543116920017,0.009970983597124469,0.543543 ± 0.009971,0.5320358005398494,0.5489700241511578,0.5496235260690439
metric_contract_v1.2,c38b09694be88aa74de0741b39e9d3ba0d6ff61a,35a1a66f78dfd6255c4d804586ee6863969be78d21acec5cd0ccf00476ddaa5c,f80984d28ef9a7550633fb3aea514f783f3db1fa655a6d3f49850b10857e6afc,b701f780ad99d469949a985b0472b8d1f26be0545e531d92895b7559ca142328,last,ood_metric/fpr95_id_tpr,OOD-4,primary,down,id_train,id_test_vs_places365,detector_declared,detector/relative_mahalanobis_raw,places365,far,,,,45195,C1,adam,0.0003,0.0,0.5040204574513425,0.0163904342991267,0.504020 ± 0.016390,0.4862622531609604,0.5072311407870436,0.5185679784060235
metric_contract_v1.2,c38b09694be88aa74de0741b39e9d3ba0d6ff61a,35a1a66f78dfd6255c4d804586ee6863969be78d21acec5cd0ccf00476ddaa5c,f80984d28ef9a7550633fb3aea514f783f3db1fa655a6d3f49850b10857e6afc,b701f780ad99d469949a985b0472b8d1f26be0545e531d92895b7559ca142328,last,ood_metric/fpr95_id_tpr,OOD-4,primary,down,id_train,id_test_vs_places365,detector_declared,detector/vim_author_dim,places365,far,,,,45195,C1,adam,0.0003,0.0,0.4970781834540891,0.009064737493230151,0.497078 ± 0.009065,0.48793862764597246,0.4972297201307004,0.5060662025855945
metric_contract_v1.2,c38b09694be88aa74de0741b39e9d3ba0d6ff61a,35a1a66f78dfd6255c4d804586ee6863969be78d21acec5cd0ccf00476ddaa5c,f80984d28ef9a7550633fb3aea514f783f3db1fa655a6d3f49850b10857e6afc,b701f780ad99d469949a985b0472b8d1f26be0545e531d92895b7559ca142328,last,ood_metric/fpr95_id_tpr,OOD-4,primary,down,id_train,id_test_vs_places365,detector_declared,detector/vim_dim128,places365,far,,,,45195,C1,adam,0.0003,0.0,0.4999384382251266,0.013139967880128176,0.499938 ± 0.013140,0.49822417957096177,0.4877397357579202,0.513851399346498
metric_contract_v1.2,c38b09694be88aa74de0741b39e9d3ba0d6ff61a,35a1a66f78dfd6255c4d804586ee6863969be78d21acec5cd0ccf00476ddaa5c,f80984d28ef9a7550633fb3aea514f783f3db1fa655a6d3f49850b10857e6afc,b701f780ad99d469949a985b0472b8d1f26be0545e531d92895b7559ca142328,last,ood_metric/fpr95_id_tpr,OOD-4,primary,down,id_train,id_test_vs_places365,detector_declared,detector/vim_dim256,places365,far,,,,45195,C1,adam,0.0003,0.0,0.4959227162949283,0.012337089619760449,0.495923 ± 0.012337,0.49822417957096177,0.4825969597954255,0.5069470095183976
metric_contract_v1.2,c38b09694be88aa74de0741b39e9d3ba0d6ff61a,35a1a66f78dfd6255c4d804586ee6863969be78d21acec5cd0ccf00476ddaa5c,f80984d28ef9a7550633fb3aea514f783f3db1fa655a6d3f49850b10857e6afc,b701f780ad99d469949a985b0472b8d1f26be0545e531d92895b7559ca142328,last,ood_metric/fpr95_id_tpr,OOD-4,primary,down,id_train,id_test_vs_places365,detector_declared,detector/vim_dim320,places365,far,,,,45195,C1,adam,0.0003,0.0,0.4970781834540891,0.009064737493230151,0.497078 ± 0.009065,0.48793862764597246,0.4972297201307004,0.5060662025855945
metric_contract_v1.2,c38b09694be88aa74de0741b39e9d3ba0d6ff61a,35a1a66f78dfd6255c4d804586ee6863969be78d21acec5cd0ccf00476ddaa5c,f80984d28ef9a7550633fb3aea514f783f3db1fa655a6d3f49850b10857e6afc,b701f780ad99d469949a985b0472b8d1f26be0545e531d92895b7559ca142328,last,ood_metric/fpr95_id_tpr,OOD-4,primary,down,id_train,id_test_vs_places365,detector_declared,detector/vim_dim64,places365,far,,,,45195,C1,adam,0.0003,0.0,0.4870483496708813,0.007656393163256696,0.487048 ± 0.007656,0.4943031680636454,0.47904531893734903,0.4877965620116494
metric_contract_v1.2,c38b09694be88aa74de0741b39e9d3ba0d6ff61a,35a1a66f78dfd6255c4d804586ee6863969be78d21acec5cd0ccf00476ddaa5c,f80984d28ef9a7550633fb3aea514f783f3db1fa655a6d3f49850b10857e6afc,b701f780ad99d469949a985b0472b8d1f26be0545e531d92895b7559ca142328,last,ood_metric/fpr95_id_tpr,OOD-4,primary,down,id_train,id_test_vs_places365,detector_declared,detector/weight_cosine_appendix,places365,far,,,,45195,C1,adam,0.0003,0.0,0.5071837855756026,0.01382538297398931,0.507184 ± 0.013825,0.5011507316380167,0.523000426196903,0.4974001988918881
metric_contract_v1.2,c38b09694be88aa74de0741b39e9d3ba0d6ff61a,35a1a66f78dfd6255c4d804586ee6863969be78d21acec5cd0ccf00476ddaa5c,f80984d28ef9a7550633fb3aea514f783f3db1fa655a6d3f49850b10857e6afc,b701f780ad99d469949a985b0472b8d1f26be0545e531d92895b7559ca142328,last,ood_metric/fpr95_id_tpr,OOD-4,primary,down,,id_test_vs_places365,detector_declared,ood_score/energy_t1,places365,far,,,,45195,C1,adam,0.0003,0.0,0.4723871762087417,0.008299178807383772,0.472387 ± 0.008299,0.47634607188521094,0.4779656201164938,0.4628498366245205
metric_contract_v1.2,c38b09694be88aa74de0741b39e9d3ba0d6ff61a,35a1a66f78dfd6255c4d804586ee6863969be78d21acec5cd0ccf00476ddaa5c,f80984d28ef9a7550633fb3aea514f783f3db1fa655a6d3f49850b10857e6afc,b701f780ad99d469949a985b0472b8d1f26be0545e531d92895b7559ca142328,last,ood_metric/fpr95_id_tpr,OOD-4,primary,down,,id_test_vs_places365,detector_declared,ood_score/max_logit,places365,far,,,,45195,C1,adam,0.0003,0.0,0.4752853151489322,0.0077335047529793095,0.475285 ± 0.007734,0.4783634038925984,0.4810058246910072,0.4664867168631908
metric_contract_v1.2,c38b09694be88aa74de0741b39e9d3ba0d6ff61a,35a1a66f78dfd6255c4d804586ee6863969be78d21acec5cd0ccf00476ddaa5c,f80984d28ef9a7550633fb3aea514f783f3db1fa655a6d3f49850b10857e6afc,b701f780ad99d469949a985b0472b8d1f26be0545e531d92895b7559ca142328,last,ood_metric/fpr95_id_tpr,OOD-4,primary,down,,id_test_vs_places365,detector_declared,ood_score/msp,places365,far,,,,45195,C1,adam,0.0003,0.0,0.6351091537623715,0.008221677560733203,0.635109 ± 0.008222,0.6371643699389118,0.6421082540133541,0.6260548373348487
metric_contract_v1.2,c38b09694be88aa74de0741b39e9d3ba0d6ff61a,35a1a66f78dfd6255c4d804586ee6863969be78d21acec5cd0ccf00476ddaa5c,f80984d28ef9a7550633fb3aea514f783f3db1fa655a6d3f49850b10857e6afc,b701f780ad99d469949a985b0472b8d1f26be0545e531d92895b7559ca142328,last,ood_metric/fpr95_threshold,OOD-4,appendix,descriptive,id_train,id_test_vs_places365,detector_declared,detector/ctm_prototype_cosine,places365,far,,,,45195,C1,adam,0.0003,0.0,0.8217472957298053,0.0004828025056351837,0.821747 ± 0.000483,0.8213143006876535,0.8216596802298649,0.8222679062718974
metric_contract_v1.2,c38b09694be88aa74de0741b39e9d3ba0d6ff61a,35a1a66f78dfd6255c4d804586ee6863969be78d21acec5cd0ccf00476ddaa5c,f80984d28ef9a7550633fb3aea514f783f3db1fa655a6d3f49850b10857e6afc,b701f780ad99d469949a985b0472b8d1f26be0545e531d92895b7559ca142328,last,ood_metric/fpr95_threshold,OOD-4,appendix,descriptive,id_train,id_test_vs_places365,detector_declared,detector/gda_class_density,places365,far,,,,45195,C1,adam,0.0003,0.0,639.9392419473724,28.896494945826213,639.939242 ± 28.896495,632.9878550281851,671.6773854967754,615.1524853171563
metric_contract_v1.2,c38b09694be88aa74de0741b39e9d3ba0d6ff61a,35a1a66f78dfd6255c4d804586ee6863969be78d21acec5cd0ccf00476ddaa5c,f80984d28ef9a7550633fb3aea514f783f3db1fa655a6d3f49850b10857e6afc,b701f780ad99d469949a985b0472b8d1f26be0545e531d92895b7559ca142328,last,ood_metric/fpr95_threshold,OOD-4,appendix,descriptive,id_train,id_test_vs_places365,detector_declared,detector/knn_l2_k50,places365,far,,,,45195,C1,adam,0.0003,0.0,-0.19686452867364398,0.0008763302002147784,-0.196865 ± 0.000876,-0.19731319555345503,-0.195854715671287,-0.19742567479618994
metric_contract_v1.2,c38b09694be88aa74de0741b39e9d3ba0d6ff61a,35a1a66f78dfd6255c4d804586ee6863969be78d21acec5cd0ccf00476ddaa5c,f80984d28ef9a7550633fb3aea514f783f3db1fa655a6d3f49850b10857e6afc,b701f780ad99d469949a985b0472b8d1f26be0545e531d92895b7559ca142328,last,ood_metric/fpr95_threshold,OOD-4,appendix,descriptive,id_train,id_test_vs_places365,detector_declared,detector/mahalanobis_pp,places365,far,,,,45195,C1,adam,0.0003,0.0,-1371.994737007553,20.508611504821125,-1371.994737 ± 20.508612,-1386.8267767834884,-1348.5908750851054,-1380.5665591540653
metric_contract_v1.2,c38b09694be88aa74de0741b39e9d3ba0d6ff61a,35a1a66f78dfd6255c4d804586ee6863969be78d21acec5cd0ccf00476ddaa5c,f80984d28ef9a7550633fb3aea514f783f3db1fa655a6d3f49850b10857e6afc,b701f780ad99d469949a985b0472b8d1f26be0545e531d92895b7559ca142328,last,ood_metric/fpr95_threshold,OOD-4,appendix,descriptive,id_train,id_test_vs_places365,detector_declared,detector/mahalanobis_raw,places365,far,,,,45195,C1,adam,0.0003,0.0,-1045.5231149289082,5.911939527613473,-1045.523115 ± 5.911940,-1051.331732427213,-1039.5130049873178,-1045.724607372194
metric_contract_v1.2,c38b09694be88aa74de0741b39e9d3ba0d6ff61a,35a1a66f78dfd6255c4d804586ee6863969be78d21acec5cd0ccf00476ddaa5c,f80984d28ef9a7550633fb3aea514f783f3db1fa655a6d3f49850b10857e6afc,b701f780ad99d469949a985b0472b8d1f26be0545e531d92895b7559ca142328,last,ood_metric/fpr95_threshold,OOD-4,appendix,descriptive,id_train,id_test_vs_places365,detector_declared,detector/marginal_mahalanobis_raw,places365,far,,,,45195,C1,adam,0.0003,0.0,-1004.6571486540664,5.758239805575564,-1004.657149 ± 5.758240,-1007.8438608620588,-998.0099846158399,-1008.1176004843005
metric_contract_v1.2,c38b09694be88aa74de0741b39e9d3ba0d6ff61a,35a1a66f78dfd6255c4d804586ee6863969be78d21acec5cd0ccf00476ddaa5c,f80984d28ef9a7550633fb3aea514f783f3db1fa655a6d3f49850b10857e6afc,b701f780ad99d469949a985b0472b8d1f26be0545e531d92895b7559ca142328,last,ood_metric/fpr95_threshold,OOD-4,appendix,descriptive,id_train,id_test_vs_places365,detector_declared,detector/ncp_euclidean_raw,places365,far,,,,45195,C1,adam,0.0003,0.0,-10.987117602598596,0.061612147019298076,-10.987118 ± 0.061612,-11.04424786056878,-10.921835217744869,-10.995269729482139
metric_contract_v1.2,c38b09694be88aa74de0741b39e9d3ba0d6ff61a,35a1a66f78dfd6255c4d804586ee6863969be78d21acec5cd0ccf00476ddaa5c,f80984d28ef9a7550633fb3aea514f783f3db1fa655a6d3f49850b10857e6afc,b701f780ad99d469949a985b0472b8d1f26be0545e531d92895b7559ca142328,last,ood_metric/fpr95_threshold,OOD-4,appendix,descriptive,id_train,id_test_vs_places365,detector_declared,detector/neco_author_std_dim100,places365,far,,,,45195,C1,adam,0.0003,0.0,0.9952880339607866,1.5412961479507736e-05,0.995288 ± 0.000015,0.9952930389739647,0.9952707405190045,0.9953003223893906
metric_contract_v1.2,c38b09694be88aa74de0741b39e9d3ba0d6ff61a,35a1a66f78dfd6255c4d804586ee6863969be78d21acec5cd0ccf00476ddaa5c,f80984d28ef9a7550633fb3aea514f783f3db1fa655a6d3f49850b10857e6afc,b701f780ad99d469949a985b0472b8d1f26be0545e531d92895b7559ca142328,last,ood_metric/fpr95_threshold,OOD-4,appendix,descriptive,id_train,id_test_vs_places365,detector_declared,detector/relative_mahalanobis_pp,places365,far,,,,45195,C1,adam,0.0003,0.0,-162.4192266710341,1.0214448877042512,-162.419227 ± 1.021445,-161.42159879338993,-162.37315197726457,-163.46292924244779
metric_contract_v1.2,c38b09694be88aa74de0741b39e9d3ba0d6ff61a,35a1a66f78dfd6255c4d804586ee6863969be78d21acec5cd0ccf00476ddaa5c,f80984d28ef9a7550633fb3aea514f783f3db1fa655a6d3f49850b10857e6afc,b701f780ad99d469949a985b0472b8d1f26be0545e531d92895b7559ca142328,last,ood_metric/fpr95_threshold,OOD-4,appendix,descriptive,id_train,id_test_vs_places365,detector_declared,detector/relative_mahalanobis_raw,places365,far,,,,45195,C1,adam,0.0003,0.0,-101.99813689857245,2.6433213174972563,-101.998137 ± 2.643321,-99.05977069169414,-102.75202243229528,-104.18261757172795
metric_contract_v1.2,c38b09694be88aa74de0741b39e9d3ba0d6ff61a,35a1a66f78dfd6255c4d804586ee6863969be78d21acec5cd0ccf00476ddaa5c,f80984d28ef9a7550633fb3aea514f783f3db1fa655a6d3f49850b10857e6afc,b701f780ad99d469949a985b0472b8d1f26be0545e531d92895b7559ca142328,last,ood_metric/fpr95_threshold,OOD-4,appendix,descriptive,id_train,id_test_vs_places365,detector_declared,detector/vim_author_dim,places365,far,,,,45195,C1,adam,0.0003,0.0,-15.091722292669482,0.22728033476277273,-15.091722 ± 0.227280,-15.239336072352446,-14.829995261263399,-15.205835544392604
metric_contract_v1.2,c38b09694be88aa74de0741b39e9d3ba0d6ff61a,35a1a66f78dfd6255c4d804586ee6863969be78d21acec5cd0ccf00476ddaa5c,f80984d28ef9a7550633fb3aea514f783f3db1fa655a6d3f49850b10857e6afc,b701f780ad99d469949a985b0472b8d1f26be0545e531d92895b7559ca142328,last,ood_metric/fpr95_threshold,OOD-4,appendix,descriptive,id_train,id_test_vs_places365,detector_declared,detector/vim_dim128,places365,far,,,,45195,C1,adam,0.0003,0.0,-14.257266454859504,0.2963525906436438,-14.257266 ± 0.296353,-14.479344822126363,-13.920759408604228,-14.37169513384792
metric_contract_v1.2,c38b09694be88aa74de0741b39e9d3ba0d6ff61a,35a1a66f78dfd6255c4d804586ee6863969be78d21acec5cd0ccf00476ddaa5c,f80984d28ef9a7550633fb3aea514f783f3db1fa655a6d3f49850b10857e6afc,b701f780ad99d469949a985b0472b8d1f26be0545e531d92895b7559ca142328,last,ood_metric/fpr95_threshold,OOD-4,appendix,descriptive,id_train,id_test_vs_places365,detector_declared,detector/vim_dim256,places365,far,,,,45195,C1,adam,0.0003,0.0,-15.008174595725068,0.3457222997498006,-15.008175 ± 0.345722,-15.229261150468668,-14.609769441704076,-15.185493195002461
metric_contract_v1.2,c38b09694be88aa74de0741b39e9d3ba0d6ff61a,35a1a66f78dfd6255c4d804586ee6863969be78d21acec5cd0ccf00476ddaa5c,f80984d28ef9a7550633fb3aea514f783f3db1fa655a6d3f49850b10857e6afc,b701f780ad99d469949a985b0472b8d1f26be0545e531d92895b7559ca142328,last,ood_metric/fpr95_threshold,OOD-4,appendix,descriptive,id_train,id_test_vs_places365,detector_declared,detector/vim_dim320,places365,far,,,,45195,C1,adam,0.0003,0.0,-15.091722292669482,0.22728033476277273,-15.091722 ± 0.227280,-15.239336072352446,-14.829995261263399,-15.205835544392604
metric_contract_v1.2,c38b09694be88aa74de0741b39e9d3ba0d6ff61a,35a1a66f78dfd6255c4d804586ee6863969be78d21acec5cd0ccf00476ddaa5c,f80984d28ef9a7550633fb3aea514f783f3db1fa655a6d3f49850b10857e6afc,b701f780ad99d469949a985b0472b8d1f26be0545e531d92895b7559ca142328,last,ood_metric/fpr95_threshold,OOD-4,appendix,descriptive,id_train,id_test_vs_places365,detector_declared,detector/vim_dim64,places365,far,,,,45195,C1,adam,0.0003,0.0,-13.539073910310412,0.3240185359682242,-13.539074 ± 0.324019,-13.863011678323772,-13.214974666741178,-13.539235385866283
metric_contract_v1.2,c38b09694be88aa74de0741b39e9d3ba0d6ff61a,35a1a66f78dfd6255c4d804586ee6863969be78d21acec5cd0ccf00476ddaa5c,f80984d28ef9a7550633fb3aea514f783f3db1fa655a6d3f49850b10857e6afc,b701f780ad99d469949a985b0472b8d1f26be0545e531d92895b7559ca142328,last,ood_metric/fpr95_threshold,OOD-4,appendix,descriptive,id_train,id_test_vs_places365,detector_declared,detector/weight_cosine_appendix,places365,far,,,,45195,C1,adam,0.0003,0.0,0.11473631197960484,0.002451884440007303,0.114736 ± 0.002452,0.11670964342989137,0.11199146266119481,0.11550782984772837
metric_contract_v1.2,c38b09694be88aa74de0741b39e9d3ba0d6ff61a,35a1a66f78dfd6255c4d804586ee6863969be78d21acec5cd0ccf00476ddaa5c,f80984d28ef9a7550633fb3aea514f783f3db1fa655a6d3f49850b10857e6afc,b701f780ad99d469949a985b0472b8d1f26be0545e531d92895b7559ca142328,last,ood_metric/fpr95_threshold,OOD-4,appendix,descriptive,,id_test_vs_places365,detector_declared,ood_score/energy_t1,places365,far,,,,45195,C1,adam,0.0003,0.0,4.593110724614186,0.025902172610035863,4.593111 ± 0.025902,4.586182751295584,4.571376994408806,4.6217724281381685
metric_contract_v1.2,c38b09694be88aa74de0741b39e9d3ba0d6ff61a,35a1a66f78dfd6255c4d804586ee6863969be78d21acec5cd0ccf00476ddaa5c,f80984d28ef9a7550633fb3aea514f783f3db1fa655a6d3f49850b10857e6afc,b701f780ad99d469949a985b0472b8d1f26be0545e531d92895b7559ca142328,last,ood_metric/fpr95_threshold,OOD-4,appendix,descriptive,,id_test_vs_places365,detector_declared,ood_score/max_logit,places365,far,,,,45195,C1,adam,0.0003,0.0,4.494941306114197,0.02020227880821581,4.494941 ± 0.020202,4.493599224090576,4.4754435300827025,4.5157811641693115
metric_contract_v1.2,c38b09694be88aa74de0741b39e9d3ba0d6ff61a,35a1a66f78dfd6255c4d804586ee6863969be78d21acec5cd0ccf00476ddaa5c,f80984d28ef9a7550633fb3aea514f783f3db1fa655a6d3f49850b10857e6afc,b701f780ad99d469949a985b0472b8d1f26be0545e531d92895b7559ca142328,last,ood_metric/fpr95_threshold,OOD-4,appendix,descriptive,,id_test_vs_places365,detector_declared,ood_score/msp,places365,far,,,,45195,C1,adam,0.0003,0.0,0.9475326066846833,0.005336261289199259,0.947533 ± 0.005336,0.9463391490062487,0.9428941250578406,0.9533645459899609
metric_contract_v1.2,c38b09694be88aa74de0741b39e9d3ba0d6ff61a,35a1a66f78dfd6255c4d804586ee6863969be78d21acec5cd0ccf00476ddaa5c,f80984d28ef9a7550633fb3aea514f783f3db1fa655a6d3f49850b10857e6afc,61d7d1f20bc593cc2d106f24f0343084f56f811c8ebc63c856eaced34c50b65f,last,analysis/angular_control_gap_ctm_ncp,OOD-7,exploratory,descriptive,id_train,id_test_vs_places365,paired_auroc_difference,,places365,,,,,45195,C1,adamw,0.003,0.1,0.04104084576407633,0.0059009302151463066,0.041041 ± 0.005901,0.04773041056968319,0.03657433726381587,0.038817789458729934
metric_contract_v1.2,c38b09694be88aa74de0741b39e9d3ba0d6ff61a,35a1a66f78dfd6255c4d804586ee6863969be78d21acec5cd0ccf00476ddaa5c,f80984d28ef9a7550633fb3aea514f783f3db1fa655a6d3f49850b10857e6afc,61d7d1f20bc593cc2d106f24f0343084f56f811c8ebc63c856eaced34c50b65f,last,analysis/restoration_gap_mahalanobis,OOD-7,exploratory,descriptive,id_train,id_test_vs_places365,paired_auroc_difference,,places365,,,,,45195,C1,adamw,0.003,0.1,0.09087769474830705,0.029659342613301148,0.090878 ± 0.029659,0.11961888904673956,0.06037841454752102,0.09263578065066058
metric_contract_v1.2,c38b09694be88aa74de0741b39e9d3ba0d6ff61a,35a1a66f78dfd6255c4d804586ee6863969be78d21acec5cd0ccf00476ddaa5c,f80984d28ef9a7550633fb3aea514f783f3db1fa655a6d3f49850b10857e6afc,61d7d1f20bc593cc2d106f24f0343084f56f811c8ebc63c856eaced34c50b65f,last,analysis/restoration_gap_relative_mahalanobis,OOD-7,exploratory,descriptive,id_train,id_test_vs_places365,paired_auroc_difference,,places365,,,,,45195,C1,adamw,0.003,0.1,-0.006875486101245591,0.0018168122535483248,-0.006875 ± 0.001817,-0.008528833641142208,-0.004930492967751388,-0.007167131694843176
metric_contract_v1.2,c38b09694be88aa74de0741b39e9d3ba0d6ff61a,35a1a66f78dfd6255c4d804586ee6863969be78d21acec5cd0ccf00476ddaa5c,f80984d28ef9a7550633fb3aea514f783f3db1fa655a6d3f49850b10857e6afc,61d7d1f20bc593cc2d106f24f0343084f56f811c8ebc63c856eaced34c50b65f,last,ood_metric/ap_in,OOD-2,appendix,up,id_train,id_test_vs_places365,detector_declared,detector/ctm_prototype_cosine,places365,far,,,,45195,C1,adamw,0.003,0.1,0.7771624354763381,0.01731658046207494,0.777162 ± 0.017317,0.7957767681127282,0.7615311941842136,0.7741793441320725
metric_contract_v1.2,c38b09694be88aa74de0741b39e9d3ba0d6ff61a,35a1a66f78dfd6255c4d804586ee6863969be78d21acec5cd0ccf00476ddaa5c,f80984d28ef9a7550633fb3aea514f783f3db1fa655a6d3f49850b10857e6afc,61d7d1f20bc593cc2d106f24f0343084f56f811c8ebc63c856eaced34c50b65f,last,ood_metric/ap_in,OOD-2,appendix,up,id_train,id_test_vs_places365,detector_declared,detector/gda_class_density,places365,far,,,,45195,C1,adamw,0.003,0.1,0.4482088284641847,0.1264330452483695,0.448209 ± 0.126433,0.4830743852565936,0.30800142059208757,0.5535506795438729
metric_contract_v1.2,c38b09694be88aa74de0741b39e9d3ba0d6ff61a,35a1a66f78dfd6255c4d804586ee6863969be78d21acec5cd0ccf00476ddaa5c,f80984d28ef9a7550633fb3aea514f783f3db1fa655a6d3f49850b10857e6afc,61d7d1f20bc593cc2d106f24f0343084f56f811c8ebc63c856eaced34c50b65f,last,ood_metric/ap_in,OOD-2,appendix,up,id_train,id_test_vs_places365,detector_declared,detector/knn_l2_k50,places365,far,,,,45195,C1,adamw,0.003,0.1,0.7925948283660783,0.02024327139743653,0.792595 ± 0.020243,0.8145149773845344,0.7746047938906213,0.7886647138230793
metric_contract_v1.2,c38b09694be88aa74de0741b39e9d3ba0d6ff61a,35a1a66f78dfd6255c4d804586ee6863969be78d21acec5cd0ccf00476ddaa5c,f80984d28ef9a7550633fb3aea514f783f3db1fa655a6d3f49850b10857e6afc,61d7d1f20bc593cc2d106f24f0343084f56f811c8ebc63c856eaced34c50b65f,last,ood_metric/ap_in,OOD-2,appendix,up,id_train,id_test_vs_places365,detector_declared,detector/mahalanobis_pp,places365,far,,,,45195,C1,adamw,0.003,0.1,0.6414150748233337,0.05447729233723934,0.641415 ± 0.054477,0.6851159362647448,0.5803798075921107,0.6587494806131455
metric_contract_v1.2,c38b09694be88aa74de0741b39e9d3ba0d6ff61a,35a1a66f78dfd6255c4d804586ee6863969be78d21acec5cd0ccf00476ddaa5c,f80984d28ef9a7550633fb3aea514f783f3db1fa655a6d3f49850b10857e6afc,61d7d1f20bc593cc2d106f24f0343084f56f811c8ebc63c856eaced34c50b65f,last,ood_metric/ap_in,OOD-2,appendix,up,id_train,id_test_vs_places365,detector_declared,detector/mahalanobis_raw,places365,far,,,,45195,C1,adamw,0.003,0.1,0.5387103976771713,0.02320127052986363,0.538710 ± 0.023201,0.5321980070337391,0.5194612485162889,0.5644719374814857
metric_contract_v1.2,c38b09694be88aa74de0741b39e9d3ba0d6ff61a,35a1a66f78dfd6255c4d804586ee6863969be78d21acec5cd0ccf00476ddaa5c,f80984d28ef9a7550633fb3aea514f783f3db1fa655a6d3f49850b10857e6afc,61d7d1f20bc593cc2d106f24f0343084f56f811c8ebc63c856eaced34c50b65f,last,ood_metric/ap_in,OOD-2,appendix,up,id_train,id_test_vs_places365,detector_declared,detector/marginal_mahalanobis_raw,places365,far,,,,45195,C1,adamw,0.003,0.1,0.3600046083725874,0.028008098308009696,0.360005 ± 0.028008,0.3506523352207035,0.33786927704763764,0.39149221284942115
metric_contract_v1.2,c38b09694be88aa74de0741b39e9d3ba0d6ff61a,35a1a66f78dfd6255c4d804586ee6863969be78d21acec5cd0ccf00476ddaa5c,f80984d28ef9a7550633fb3aea514f783f3db1fa655a6d3f49850b10857e6afc,61d7d1f20bc593cc2d106f24f0343084f56f811c8ebc63c856eaced34c50b65f,last,ood_metric/ap_in,OOD-2,appendix,up,id_train,id_test_vs_places365,detector_declared,detector/ncp_euclidean_raw,places365,far,,,,45195,C1,adamw,0.003,0.1,0.7284848928680282,0.011368573221146568,0.728485 ± 0.011369,0.7361046323030767,0.7154176404053083,0.7339324058956996
metric_contract_v1.2,c38b09694be88aa74de0741b39e9d3ba0d6ff61a,35a1a66f78dfd6255c4d804586ee6863969be78d21acec5cd0ccf00476ddaa5c,f80984d28ef9a7550633fb3aea514f783f3db1fa655a6d3f49850b10857e6afc,61d7d1f20bc593cc2d106f24f0343084f56f811c8ebc63c856eaced34c50b65f,last,ood_metric/ap_in,OOD-2,appendix,up,id_train,id_test_vs_places365,detector_declared,detector/neco_author_std_dim100,places365,far,,,,45195,C1,adamw,0.003,0.1,0.6259616956170666,0.04438958013256413,0.625962 ± 0.044390,0.5747134820832417,0.6507794020250117,0.6523922027429465
metric_contract_v1.2,c38b09694be88aa74de0741b39e9d3ba0d6ff61a,35a1a66f78dfd6255c4d804586ee6863969be78d21acec5cd0ccf00476ddaa5c,f80984d28ef9a7550633fb3aea514f783f3db1fa655a6d3f49850b10857e6afc,61d7d1f20bc593cc2d106f24f0343084f56f811c8ebc63c856eaced34c50b65f,last,ood_metric/ap_in,OOD-2,appendix,up,id_train,id_test_vs_places365,detector_declared,detector/relative_mahalanobis_pp,places365,far,,,,45195,C1,adamw,0.003,0.1,0.8244387127641805,0.003231326124504823,0.824439 ± 0.003231,0.8213147411300277,0.8242337607089296,0.827767636453584
metric_contract_v1.2,c38b09694be88aa74de0741b39e9d3ba0d6ff61a,35a1a66f78dfd6255c4d804586ee6863969be78d21acec5cd0ccf00476ddaa5c,f80984d28ef9a7550633fb3aea514f783f3db1fa655a6d3f49850b10857e6afc,61d7d1f20bc593cc2d106f24f0343084f56f811c8ebc63c856eaced34c50b65f,last,ood_metric/ap_in,OOD-2,appendix,up,id_train,id_test_vs_places365,detector_declared,detector/relative_mahalanobis_raw,places365,far,,,,45195,C1,adamw,0.003,0.1,0.8412062526664014,0.005715016763309573,0.841206 ± 0.005715,0.8460917789205045,0.8349215965788079,0.8426053824998918
metric_contract_v1.2,c38b09694be88aa74de0741b39e9d3ba0d6ff61a,35a1a66f78dfd6255c4d804586ee6863969be78d21acec5cd0ccf00476ddaa5c,f80984d28ef9a7550633fb3aea514f783f3db1fa655a6d3f49850b10857e6afc,61d7d1f20bc593cc2d106f24f0343084f56f811c8ebc63c856eaced34c50b65f,last,ood_metric/ap_in,OOD-2,appendix,up,id_train,id_test_vs_places365,detector_declared,detector/vim_author_dim,places365,far,,,,45195,C1,adamw,0.003,0.1,0.7913963934615138,0.0038632798040495724,0.791396 ± 0.003863,0.788262562087777,0.7902138989325148,0.7957127193642493
metric_contract_v1.2,c38b09694be88aa74de0741b39e9d3ba0d6ff61a,35a1a66f78dfd6255c4d804586ee6863969be78d21acec5cd0ccf00476ddaa5c,f80984d28ef9a7550633fb3aea514f783f3db1fa655a6d3f49850b10857e6afc,61d7d1f20bc593cc2d106f24f0343084f56f811c8ebc63c856eaced34c50b65f,last,ood_metric/ap_in,OOD-2,appendix,up,id_train,id_test_vs_places365,detector_declared,detector/vim_dim128,places365,far,,,,45195,C1,adamw,0.003,0.1,0.779333684995774,0.007162407093902211,0.779334 ± 0.007162,0.7716720185708821,0.7858615955289587,0.7804674408874813
metric_contract_v1.2,c38b09694be88aa74de0741b39e9d3ba0d6ff61a,35a1a66f78dfd6255c4d804586ee6863969be78d21acec5cd0ccf00476ddaa5c,f80984d28ef9a7550633fb3aea514f783f3db1fa655a6d3f49850b10857e6afc,61d7d1f20bc593cc2d106f24f0343084f56f811c8ebc63c856eaced34c50b65f,last,ood_metric/ap_in,OOD-2,appendix,up,id_train,id_test_vs_places365,detector_declared,detector/vim_dim256,places365,far,,,,45195,C1,adamw,0.003,0.1,0.789457120510121,0.004132641072253788,0.789457 ± 0.004133,0.7851245695979212,0.7898912082809577,0.7933555836514838
metric_contract_v1.2,c38b09694be88aa74de0741b39e9d3ba0d6ff61a,35a1a66f78dfd6255c4d804586ee6863969be78d21acec5cd0ccf00476ddaa5c,f80984d28ef9a7550633fb3aea514f783f3db1fa655a6d3f49850b10857e6afc,61d7d1f20bc593cc2d106f24f0343084f56f811c8ebc63c856eaced34c50b65f,last,ood_metric/ap_in,OOD-2,appendix,up,id_train,id_test_vs_places365,detector_declared,detector/vim_dim320,places365,far,,,,45195,C1,adamw,0.003,0.1,0.7913963934615138,0.0038632798040495724,0.791396 ± 0.003863,0.788262562087777,0.7902138989325148,0.7957127193642493
metric_contract_v1.2,c38b09694be88aa74de0741b39e9d3ba0d6ff61a,35a1a66f78dfd6255c4d804586ee6863969be78d21acec5cd0ccf00476ddaa5c,f80984d28ef9a7550633fb3aea514f783f3db1fa655a6d3f49850b10857e6afc,61d7d1f20bc593cc2d106f24f0343084f56f811c8ebc63c856eaced34c50b65f,last,ood_metric/ap_in,OOD-2,appendix,up,id_train,id_test_vs_places365,detector_declared,detector/vim_dim64,places365,far,,,,45195,C1,adamw,0.003,0.1,0.7693350723962661,0.010760646208176875,0.769335 ± 0.010761,0.758630822293766,0.7692231532378766,0.7801512416571558
metric_contract_v1.2,c38b09694be88aa74de0741b39e9d3ba0d6ff61a,35a1a66f78dfd6255c4d804586ee6863969be78d21acec5cd0ccf00476ddaa5c,f80984d28ef9a7550633fb3aea514f783f3db1fa655a6d3f49850b10857e6afc,61d7d1f20bc593cc2d106f24f0343084f56f811c8ebc63c856eaced34c50b65f,last,ood_metric/ap_in,OOD-2,appendix,up,id_train,id_test_vs_places365,detector_declared,detector/weight_cosine_appendix,places365,far,,,,45195,C1,adamw,0.003,0.1,0.7648739562400868,0.010318469295290575,0.764874 ± 0.010318,0.7584772121809727,0.7593670392061206,0.776777617333167
metric_contract_v1.2,c38b09694be88aa74de0741b39e9d3ba0d6ff61a,35a1a66f78dfd6255c4d804586ee6863969be78d21acec5cd0ccf00476ddaa5c,f80984d28ef9a7550633fb3aea514f783f3db1fa655a6d3f49850b10857e6afc,61d7d1f20bc593cc2d106f24f0343084f56f811c8ebc63c856eaced34c50b65f,last,ood_metric/ap_in,OOD-2,appendix,up,,id_test_vs_places365,detector_declared,ood_score/energy_t1,places365,far,,,,45195,C1,adamw,0.003,0.1,0.7497512703196723,0.012930280605096848,0.749751 ± 0.012930,0.7363165741199008,0.7621098824659778,0.7508273543731383
metric_contract_v1.2,c38b09694be88aa74de0741b39e9d3ba0d6ff61a,35a1a66f78dfd6255c4d804586ee6863969be78d21acec5cd0ccf00476ddaa5c,f80984d28ef9a7550633fb3aea514f783f3db1fa655a6d3f49850b10857e6afc,61d7d1f20bc593cc2d106f24f0343084f56f811c8ebc63c856eaced34c50b65f,last,ood_metric/ap_in,OOD-2,appendix,up,,id_test_vs_places365,detector_declared,ood_score/max_logit,places365,far,,,,45195,C1,adamw,0.003,0.1,0.7497422062740701,0.012888206840160607,0.749742 ± 0.012888,0.7363492795385767,0.7620581011653823,0.7508192381182511
metric_contract_v1.2,c38b09694be88aa74de0741b39e9d3ba0d6ff61a,35a1a66f78dfd6255c4d804586ee6863969be78d21acec5cd0ccf00476ddaa5c,f80984d28ef9a7550633fb3aea514f783f3db1fa655a6d3f49850b10857e6afc,61d7d1f20bc593cc2d106f24f0343084f56f811c8ebc63c856eaced34c50b65f,last,ood_metric/ap_in,OOD-2,appendix,up,,id_test_vs_places365,detector_declared,ood_score/msp,places365,far,,,,45195,C1,adamw,0.003,0.1,0.7658924973206164,0.008507470748469734,0.765892 ± 0.008507,0.7642133461823888,0.7751143397148383,0.7583498060646219
metric_contract_v1.2,c38b09694be88aa74de0741b39e9d3ba0d6ff61a,35a1a66f78dfd6255c4d804586ee6863969be78d21acec5cd0ccf00476ddaa5c,f80984d28ef9a7550633fb3aea514f783f3db1fa655a6d3f49850b10857e6afc,61d7d1f20bc593cc2d106f24f0343084f56f811c8ebc63c856eaced34c50b65f,last,ood_metric/ap_out,OOD-3,appendix,up,id_train,id_test_vs_places365,detector_declared,detector/ctm_prototype_cosine,places365,far,,,,45195,C1,adamw,0.003,0.1,0.9693625725954287,0.002596344105080739,0.969363 ± 0.002596,0.9723410351369296,0.9675774133289688,0.9681692693203877
metric_contract_v1.2,c38b09694be88aa74de0741b39e9d3ba0d6ff61a,35a1a66f78dfd6255c4d804586ee6863969be78d21acec5cd0ccf00476ddaa5c,f80984d28ef9a7550633fb3aea514f783f3db1fa655a6d3f49850b10857e6afc,61d7d1f20bc593cc2d106f24f0343084f56f811c8ebc63c856eaced34c50b65f,last,ood_metric/ap_out,OOD-3,appendix,up,id_train,id_test_vs_places365,detector_declared,detector/gda_class_density,places365,far,,,,45195,C1,adamw,0.003,0.1,0.866863977239992,0.06545730158715225,0.866864 ± 0.065457,0.8811853040602281,0.7954317569041824,0.9239748707555653
metric_contract_v1.2,c38b09694be88aa74de0741b39e9d3ba0d6ff61a,35a1a66f78dfd6255c4d804586ee6863969be78d21acec5cd0ccf00476ddaa5c,f80984d28ef9a7550633fb3aea514f783f3db1fa655a6d3f49850b10857e6afc,61d7d1f20bc593cc2d106f24f0343084f56f811c8ebc63c856eaced34c50b65f,last,ood_metric/ap_out,OOD-3,appendix,up,id_train,id_test_vs_places365,detector_declared,detector/knn_l2_k50,places365,far,,,,45195,C1,adamw,0.003,0.1,0.9723535197170317,0.0028410535903112535,0.972354 ± 0.002841,0.975450951542187,0.9698688430310203,0.9717407645778876
metric_contract_v1.2,c38b09694be88aa74de0741b39e9d3ba0d6ff61a,35a1a66f78dfd6255c4d804586ee6863969be78d21acec5cd0ccf00476ddaa5c,f80984d28ef9a7550633fb3aea514f783f3db1fa655a6d3f49850b10857e6afc,61d7d1f20bc593cc2d106f24f0343084f56f811c8ebc63c856eaced34c50b65f,last,ood_metric/ap_out,OOD-3,appendix,up,id_train,id_test_vs_places365,detector_declared,detector/mahalanobis_pp,places365,far,,,,45195,C1,adamw,0.003,0.1,0.9370811626840828,0.01773080681473042,0.937081 ± 0.017731,0.9495376557314059,0.91678137232107,0.9449244599997726
metric_contract_v1.2,c38b09694be88aa74de0741b39e9d3ba0d6ff61a,35a1a66f78dfd6255c4d804586ee6863969be78d21acec5cd0ccf00476ddaa5c,f80984d28ef9a7550633fb3aea514f783f3db1fa655a6d3f49850b10857e6afc,61d7d1f20bc593cc2d106f24f0343084f56f811c8ebc63c856eaced34c50b65f,last,ood_metric/ap_out,OOD-3,appendix,up,id_train,id_test_vs_places365,detector_declared,detector/mahalanobis_raw,places365,far,,,,45195,C1,adamw,0.003,0.1,0.8878842518485409,0.006014833947627542,0.887884 ± 0.006015,0.8887105564177671,0.8814989857851483,0.8934432133427076
metric_contract_v1.2,c38b09694be88aa74de0741b39e9d3ba0d6ff61a,35a1a66f78dfd6255c4d804586ee6863969be78d21acec5cd0ccf00476ddaa5c,f80984d28ef9a7550633fb3aea514f783f3db1fa655a6d3f49850b10857e6afc,61d7d1f20bc593cc2d106f24f0343084f56f811c8ebc63c856eaced34c50b65f,last,ood_metric/ap_out,OOD-3,appendix,up,id_train,id_test_vs_places365,detector_declared,detector/marginal_mahalanobis_raw,places365,far,,,,45195,C1,adamw,0.003,0.1,0.8406047101778165,0.009595948224490433,0.840605 ± 0.009596,0.8425661740038444,0.8301795769035997,0.8490683796260052
metric_contract_v1.2,c38b09694be88aa74de0741b39e9d3ba0d6ff61a,35a1a66f78dfd6255c4d804586ee6863969be78d21acec5cd0ccf00476ddaa5c,f80984d28ef9a7550633fb3aea514f783f3db1fa655a6d3f49850b10857e6afc,61d7d1f20bc593cc2d106f24f0343084f56f811c8ebc63c856eaced34c50b65f,last,ood_metric/ap_out,OOD-3,appendix,up,id_train,id_test_vs_places365,detector_declared,detector/ncp_euclidean_raw,places365,far,,,,45195,C1,adamw,0.003,0.1,0.9440241379487156,0.001162084674340571,0.944024 ± 0.001162,0.9445295277289285,0.9448479543998776,0.9426949317173408
metric_contract_v1.2,c38b09694be88aa74de0741b39e9d3ba0d6ff61a,35a1a66f78dfd6255c4d804586ee6863969be78d21acec5cd0ccf00476ddaa5c,f80984d28ef9a7550633fb3aea514f783f3db1fa655a6d3f49850b10857e6afc,61d7d1f20bc593cc2d106f24f0343084f56f811c8ebc63c856eaced34c50b65f,last,ood_metric/ap_out,OOD-3,appendix,up,id_train,id_test_vs_places365,detector_declared,detector/neco_author_std_dim100,places365,far,,,,45195,C1,adamw,0.003,0.1,0.9438314798760885,0.006181342718125038,0.943831 ± 0.006181,0.937367396714909,0.9444423157297401,0.9496847271836165
metric_contract_v1.2,c38b09694be88aa74de0741b39e9d3ba0d6ff61a,35a1a66f78dfd6255c4d804586ee6863969be78d21acec5cd0ccf00476ddaa5c,f80984d28ef9a7550633fb3aea514f783f3db1fa655a6d3f49850b10857e6afc,61d7d1f20bc593cc2d106f24f0343084f56f811c8ebc63c856eaced34c50b65f,last,ood_metric/ap_out,OOD-3,appendix,up,id_train,id_test_vs_places365,detector_declared,detector/relative_mahalanobis_pp,places365,far,,,,45195,C1,adamw,0.003,0.1,0.969897988988496,0.0005409491438342311,0.969898 ± 0.000541,0.9702915450865506,0.9692811381190221,0.9701212837599155
metric_contract_v1.2,c38b09694be88aa74de0741b39e9d3ba0d6ff61a,35a1a66f78dfd6255c4d804586ee6863969be78d21acec5cd0ccf00476ddaa5c,f80984d28ef9a7550633fb3aea514f783f3db1fa655a6d3f49850b10857e6afc,61d7d1f20bc593cc2d106f24f0343084f56f811c8ebc63c856eaced34c50b65f,last,ood_metric/ap_out,OOD-3,appendix,up,id_train,id_test_vs_places365,detector_declared,detector/relative_mahalanobis_raw,places365,far,,,,45195,C1,adamw,0.003,0.1,0.9725382039408276,0.0010705958836003803,0.972538 ± 0.001071,0.9734187561579161,0.9713464982675752,0.9728493573969917
metric_contract_v1.2,c38b09694be88aa74de0741b39e9d3ba0d6ff61a,35a1a66f78dfd6255c4d804586ee6863969be78d21acec5cd0ccf00476ddaa5c,f80984d28ef9a7550633fb3aea514f783f3db1fa655a6d3f49850b10857e6afc,61d7d1f20bc593cc2d106f24f0343084f56f811c8ebc63c856eaced34c50b65f,last,ood_metric/ap_out,OOD-3,appendix,up,id_train,id_test_vs_places365,detector_declared,detector/vim_author_dim,places365,far,,,,45195,C1,adamw,0.003,0.1,0.9666218284531265,0.0012200500060320872,0.966622 ± 0.001220,0.9655410812814051,0.9663795711040435,0.9679448329739311
metric_contract_v1.2,c38b09694be88aa74de0741b39e9d3ba0d6ff61a,35a1a66f78dfd6255c4d804586ee6863969be78d21acec5cd0ccf00476ddaa5c,f80984d28ef9a7550633fb3aea514f783f3db1fa655a6d3f49850b10857e6afc,61d7d1f20bc593cc2d106f24f0343084f56f811c8ebc63c856eaced34c50b65f,last,ood_metric/ap_out,OOD-3,appendix,up,id_train,id_test_vs_places365,detector_declared,detector/vim_dim128,places365,far,,,,45195,C1,adamw,0.003,0.1,0.966171711295955,0.0010757509814889176,0.966172 ± 0.001076,0.9652294039850142,0.965941949212563,0.9673437806902878
metric_contract_v1.2,c38b09694be88aa74de0741b39e9d3ba0d6ff61a,35a1a66f78dfd6255c4d804586ee6863969be78d21acec5cd0ccf00476ddaa5c,f80984d28ef9a7550633fb3aea514f783f3db1fa655a6d3f49850b10857e6afc,61d7d1f20bc593cc2d106f24f0343084f56f811c8ebc63c856eaced34c50b65f,last,ood_metric/ap_out,OOD-3,appendix,up,id_train,id_test_vs_places365,detector_declared,detector/vim_dim256,places365,far,,,,45195,C1,adamw,0.003,0.1,0.9667018917763975,0.0012906199155402847,0.966702 ± 0.001291,0.9655893541376458,0.9663994436644392,0.9681168775271074
metric_contract_v1.2,c38b09694be88aa74de0741b39e9d3ba0d6ff61a,35a1a66f78dfd6255c4d804586ee6863969be78d21acec5cd0ccf00476ddaa5c,f80984d28ef9a7550633fb3aea514f783f3db1fa655a6d3f49850b10857e6afc,61d7d1f20bc593cc2d106f24f0343084f56f811c8ebc63c856eaced34c50b65f,last,ood_metric/ap_out,OOD-3,appendix,up,id_train,id_test_vs_places365,detector_declared,detector/vim_dim320,places365,far,,,,45195,C1,adamw,0.003,0.1,0.9666218284531265,0.0012200500060320872,0.966622 ± 0.001220,0.9655410812814051,0.9663795711040435,0.9679448329739311
metric_contract_v1.2,c38b09694be88aa74de0741b39e9d3ba0d6ff61a,35a1a66f78dfd6255c4d804586ee6863969be78d21acec5cd0ccf00476ddaa5c,f80984d28ef9a7550633fb3aea514f783f3db1fa655a6d3f49850b10857e6afc,61d7d1f20bc593cc2d106f24f0343084f56f811c8ebc63c856eaced34c50b65f,last,ood_metric/ap_out,OOD-3,appendix,up,id_train,id_test_vs_places365,detector_declared,detector/vim_dim64,places365,far,,,,45195,C1,adamw,0.003,0.1,0.9654338650527189,0.001700591231177722,0.965434 ± 0.001701,0.9641214230332908,0.964825122626286,0.9673550494985796
metric_contract_v1.2,c38b09694be88aa74de0741b39e9d3ba0d6ff61a,35a1a66f78dfd6255c4d804586ee6863969be78d21acec5cd0ccf00476ddaa5c,f80984d28ef9a7550633fb3aea514f783f3db1fa655a6d3f49850b10857e6afc,61d7d1f20bc593cc2d106f24f0343084f56f811c8ebc63c856eaced34c50b65f,last,ood_metric/ap_out,OOD-3,appendix,up,id_train,id_test_vs_places365,detector_declared,detector/weight_cosine_appendix,places365,far,,,,45195,C1,adamw,0.003,0.1,0.9646845772083773,0.001451790817844623,0.964685 ± 0.001452,0.963598061586724,0.9641222539811497,0.9663334160572584
metric_contract_v1.2,c38b09694be88aa74de0741b39e9d3ba0d6ff61a,35a1a66f78dfd6255c4d804586ee6863969be78d21acec5cd0ccf00476ddaa5c,f80984d28ef9a7550633fb3aea514f783f3db1fa655a6d3f49850b10857e6afc,61d7d1f20bc593cc2d106f24f0343084f56f811c8ebc63c856eaced34c50b65f,last,ood_metric/ap_out,OOD-3,appendix,up,,id_test_vs_places365,detector_declared,ood_score/energy_t1,places365,far,,,,45195,C1,adamw,0.003,0.1,0.9648813419013527,0.0011034183328314823,0.964881 ± 0.001103,0.9636954753874932,0.9650707624872188,0.9658777878293459
metric_contract_v1.2,c38b09694be88aa74de0741b39e9d3ba0d6ff61a,35a1a66f78dfd6255c4d804586ee6863969be78d21acec5cd0ccf00476ddaa5c,f80984d28ef9a7550633fb3aea514f783f3db1fa655a6d3f49850b10857e6afc,61d7d1f20bc593cc2d106f24f0343084f56f811c8ebc63c856eaced34c50b65f,last,ood_metric/ap_out,OOD-3,appendix,up,,id_test_vs_places365,detector_declared,ood_score/max_logit,places365,far,,,,45195,C1,adamw,0.003,0.1,0.9649868642901778,0.0011013749137996237,0.964987 ± 0.001101,0.9638505847204968,0.9650603544460974,0.9660496537039389
metric_contract_v1.2,c38b09694be88aa74de0741b39e9d3ba0d6ff61a,35a1a66f78dfd6255c4d804586ee6863969be78d21acec5cd0ccf00476ddaa5c,f80984d28ef9a7550633fb3aea514f783f3db1fa655a6d3f49850b10857e6afc,61d7d1f20bc593cc2d106f24f0343084f56f811c8ebc63c856eaced34c50b65f,last,ood_metric/ap_out,OOD-3,appendix,up,,id_test_vs_places365,detector_declared,ood_score/msp,places365,far,,,,45195,C1,adamw,0.003,0.1,0.9600721355173757,0.0011279370708084501,0.960072 ± 0.001128,0.9601659352192711,0.9589002275563917,0.9611502437764641
metric_contract_v1.2,c38b09694be88aa74de0741b39e9d3ba0d6ff61a,35a1a66f78dfd6255c4d804586ee6863969be78d21acec5cd0ccf00476ddaa5c,f80984d28ef9a7550633fb3aea514f783f3db1fa655a6d3f49850b10857e6afc,61d7d1f20bc593cc2d106f24f0343084f56f811c8ebc63c856eaced34c50b65f,last,ood_metric/aupr_in_openood_auc,OOD-2,primary,up,id_train,id_test_vs_places365,detector_declared,detector/ctm_prototype_cosine,places365,far,,,,45195,C1,adamw,0.003,0.1,0.7771434388663833,0.017317356071715483,0.777143 ± 0.017317,0.7957588409179028,0.761511899911028,0.7741595757702187
metric_contract_v1.2,c38b09694be88aa74de0741b39e9d3ba0d6ff61a,35a1a66f78dfd6255c4d804586ee6863969be78d21acec5cd0ccf00476ddaa5c,f80984d28ef9a7550633fb3aea514f783f3db1fa655a6d3f49850b10857e6afc,61d7d1f20bc593cc2d106f24f0343084f56f811c8ebc63c856eaced34c50b65f,last,ood_metric/aupr_in_openood_auc,OOD-2,primary,up,id_train,id_test_vs_places365,detector_declared,detector/gda_class_density,places365,far,,,,45195,C1,adamw,0.003,0.1,0.44816096652216925,0.12642605515994007,0.448161 ± 0.126426,0.4830227231095858,0.307961847754656,0.5534983287022659
metric_contract_v1.2,c38b09694be88aa74de0741b39e9d3ba0d6ff61a,35a1a66f78dfd6255c4d804586ee6863969be78d21acec5cd0ccf00476ddaa5c,f80984d28ef9a7550633fb3aea514f783f3db1fa655a6d3f49850b10857e6afc,61d7d1f20bc593cc2d106f24f0343084f56f811c8ebc63c856eaced34c50b65f,last,ood_metric/aupr_in_openood_auc,OOD-2,primary,up,id_train,id_test_vs_places365,detector_declared,detector/knn_l2_k50,places365,far,,,,45195,C1,adamw,0.003,0.1,0.7925789736605923,0.020243399742591428,0.792579 ± 0.020243,0.8144991878233832,0.7745886893814736,0.78864904377692
metric_contract_v1.2,c38b09694be88aa74de0741b39e9d3ba0d6ff61a,35a1a66f78dfd6255c4d804586ee6863969be78d21acec5cd0ccf00476ddaa5c,f80984d28ef9a7550633fb3aea514f783f3db1fa655a6d3f49850b10857e6afc,61d7d1f20bc593cc2d106f24f0343084f56f811c8ebc63c856eaced34c50b65f,last,ood_metric/aupr_in_openood_auc,OOD-2,primary,up,id_train,id_test_vs_places365,detector_declared,detector/mahalanobis_pp,places365,far,,,,45195,C1,adamw,0.003,0.1,0.6413797430120457,0.05448239359391213,0.641380 ± 0.054482,0.6850844456055171,0.5803386759908298,0.65871610743979
metric_contract_v1.2,c38b09694be88aa74de0741b39e9d3ba0d6ff61a,35a1a66f78dfd6255c4d804586ee6863969be78d21acec5cd0ccf00476ddaa5c,f80984d28ef9a7550633fb3aea514f783f3db1fa655a6d3f49850b10857e6afc,61d7d1f20bc593cc2d106f24f0343084f56f811c8ebc63c856eaced34c50b65f,last,ood_metric/aupr_in_openood_auc,OOD-2,primary,up,id_train,id_test_vs_places365,detector_declared,detector/mahalanobis_raw,places365,far,,,,45195,C1,adamw,0.003,0.1,0.53867248231451,0.023208321476694313,0.538672 ± 0.023208,0.5321638200581151,0.5194133913907464,0.5644402354946685
metric_contract_v1.2,c38b09694be88aa74de0741b39e9d3ba0d6ff61a,35a1a66f78dfd6255c4d804586ee6863969be78d21acec5cd0ccf00476ddaa5c,f80984d28ef9a7550633fb3aea514f783f3db1fa655a6d3f49850b10857e6afc,61d7d1f20bc593cc2d106f24f0343084f56f811c8ebc63c856eaced34c50b65f,last,ood_metric/aupr_in_openood_auc,OOD-2,primary,up,id_train,id_test_vs_places365,detector_declared,detector/marginal_mahalanobis_raw,places365,far,,,,45195,C1,adamw,0.003,0.1,0.35994346996133,0.028016768028535807,0.359943 ± 0.028017,0.350591700943817,0.3377986981964771,0.3914400107436958
metric_contract_v1.2,c38b09694be88aa74de0741b39e9d3ba0d6ff61a,35a1a66f78dfd6255c4d804586ee6863969be78d21acec5cd0ccf00476ddaa5c,f80984d28ef9a7550633fb3aea514f783f3db1fa655a6d3f49850b10857e6afc,61d7d1f20bc593cc2d106f24f0343084f56f811c8ebc63c856eaced34c50b65f,last,ood_metric/aupr_in_openood_auc,OOD-2,primary,up,id_train,id_test_vs_places365,detector_declared,detector/ncp_euclidean_raw,places365,far,,,,45195,C1,adamw,0.003,0.1,0.7284583472362942,0.011367720686941054,0.728458 ± 0.011368,0.7360705000369805,0.7153912546432991,0.7339132870286028
metric_contract_v1.2,c38b09694be88aa74de0741b39e9d3ba0d6ff61a,35a1a66f78dfd6255c4d804586ee6863969be78d21acec5cd0ccf00476ddaa5c,f80984d28ef9a7550633fb3aea514f783f3db1fa655a6d3f49850b10857e6afc,61d7d1f20bc593cc2d106f24f0343084f56f811c8ebc63c856eaced34c50b65f,last,ood_metric/aupr_in_openood_auc,OOD-2,primary,up,id_train,id_test_vs_places365,detector_declared,detector/neco_author_std_dim100,places365,far,,,,45195,C1,adamw,0.003,0.1,0.625897429003912,0.044395500965209674,0.625897 ± 0.044396,0.574642774376513,0.6506996561894619,0.6523498564457609
metric_contract_v1.2,c38b09694be88aa74de0741b39e9d3ba0d6ff61a,35a1a66f78dfd6255c4d804586ee6863969be78d21acec5cd0ccf00476ddaa5c,f80984d28ef9a7550633fb3aea514f783f3db1fa655a6d3f49850b10857e6afc,61d7d1f20bc593cc2d106f24f0343084f56f811c8ebc63c856eaced34c50b65f,last,ood_metric/aupr_in_openood_auc,OOD-2,primary,up,id_train,id_test_vs_places365,detector_declared,detector/relative_mahalanobis_pp,places365,far,,,,45195,C1,adamw,0.003,0.1,0.8244187086365372,0.0032361905478372013,0.824419 ± 0.003236,0.8212901392877905,0.8242132561455461,0.8277527304762752
metric_contract_v1.2,c38b09694be88aa74de0741b39e9d3ba0d6ff61a,35a1a66f78dfd6255c4d804586ee6863969be78d21acec5cd0ccf00476ddaa5c,f80984d28ef9a7550633fb3aea514f783f3db1fa655a6d3f49850b10857e6afc,61d7d1f20bc593cc2d106f24f0343084f56f811c8ebc63c856eaced34c50b65f,last,ood_metric/aupr_in_openood_auc,OOD-2,primary,up,id_train,id_test_vs_places365,detector_declared,detector/relative_mahalanobis_raw,places365,far,,,,45195,C1,adamw,0.003,0.1,0.8411915421139909,0.005714581083790602,0.841192 ± 0.005715,0.8460767241140086,0.8349073779227953,0.842590524305169
metric_contract_v1.2,c38b09694be88aa74de0741b39e9d3ba0d6ff61a,35a1a66f78dfd6255c4d804586ee6863969be78d21acec5cd0ccf00476ddaa5c,f80984d28ef9a7550633fb3aea514f783f3db1fa655a6d3f49850b10857e6afc,61d7d1f20bc593cc2d106f24f0343084f56f811c8ebc63c856eaced34c50b65f,last,ood_metric/aupr_in_openood_auc,OOD-2,primary,up,id_train,id_test_vs_places365,detector_declared,detector/vim_author_dim,places365,far,,,,45195,C1,adamw,0.003,0.1,0.7913762410447793,0.0038693300019937123,0.791376 ± 0.003869,0.78823172427651,0.7901997314530957,0.7956972674047321
metric_contract_v1.2,c38b09694be88aa74de0741b39e9d3ba0d6ff61a,35a1a66f78dfd6255c4d804586ee6863969be78d21acec5cd0ccf00476ddaa5c,f80984d28ef9a7550633fb3aea514f783f3db1fa655a6d3f49850b10857e6afc,61d7d1f20bc593cc2d106f24f0343084f56f811c8ebc63c856eaced34c50b65f,last,ood_metric/aupr_in_openood_auc,OOD-2,primary,up,id_train,id_test_vs_places365,detector_declared,detector/vim_dim128,places365,far,,,,45195,C1,adamw,0.003,0.1,0.7793126736183309,0.007171129955817705,0.779313 ± 0.007171,0.77164098629298,0.7858474087256115,0.7804496258364014
metric_contract_v1.2,c38b09694be88aa74de0741b39e9d3ba0d6ff61a,35a1a66f78dfd6255c4d804586ee6863969be78d21acec5cd0ccf00476ddaa5c,f80984d28ef9a7550633fb3aea514f783f3db1fa655a6d3f49850b10857e6afc,61d7d1f20bc593cc2d106f24f0343084f56f811c8ebc63c856eaced34c50b65f,last,ood_metric/aupr_in_openood_auc,OOD-2,primary,up,id_train,id_test_vs_places365,detector_declared,detector/vim_dim256,places365,far,,,,45195,C1,adamw,0.003,0.1,0.7894378751587219,0.004138849558109905,0.789438 ± 0.004139,0.785097087012977,0.7898767253049248,0.7933398131582641
metric_contract_v1.2,c38b09694be88aa74de0741b39e9d3ba0d6ff61a,35a1a66f78dfd6255c4d804586ee6863969be78d21acec5cd0ccf00476ddaa5c,f80984d28ef9a7550633fb3aea514f783f3db1fa655a6d3f49850b10857e6afc,61d7d1f20bc593cc2d106f24f0343084f56f811c8ebc63c856eaced34c50b65f,last,ood_metric/aupr_in_openood_auc,OOD-2,primary,up,id_train,id_test_vs_places365,detector_declared,detector/vim_dim320,places365,far,,,,45195,C1,adamw,0.003,0.1,0.7913762410447793,0.0038693300019937123,0.791376 ± 0.003869,0.78823172427651,0.7901997314530957,0.7956972674047321
metric_contract_v1.2,c38b09694be88aa74de0741b39e9d3ba0d6ff61a,35a1a66f78dfd6255c4d804586ee6863969be78d21acec5cd0ccf00476ddaa5c,f80984d28ef9a7550633fb3aea514f783f3db1fa655a6d3f49850b10857e6afc,61d7d1f20bc593cc2d106f24f0343084f56f811c8ebc63c856eaced34c50b65f,last,ood_metric/aupr_in_openood_auc,OOD-2,primary,up,id_train,id_test_vs_places365,detector_declared,detector/vim_dim64,places365,far,,,,45195,C1,adamw,0.003,0.1,0.7693142335003929,0.010766901311791074,0.769314 ± 0.010767,0.7586014368718976,0.7692068277226889,0.7801344359065918
metric_contract_v1.2,c38b09694be88aa74de0741b39e9d3ba0d6ff61a,35a1a66f78dfd6255c4d804586ee6863969be78d21acec5cd0ccf00476ddaa5c,f80984d28ef9a7550633fb3aea514f783f3db1fa655a6d3f49850b10857e6afc,61d7d1f20bc593cc2d106f24f0343084f56f811c8ebc63c856eaced34c50b65f,last,ood_metric/aupr_in_openood_auc,OOD-2,primary,up,id_train,id_test_vs_places365,detector_declared,detector/weight_cosine_appendix,places365,far,,,,45195,C1,adamw,0.003,0.1,0.7648460127817905,0.0103269800924592,0.764846 ± 0.010327,0.7584478731687311,0.7593304756006873,0.776759689575953
metric_contract_v1.2,c38b09694be88aa74de0741b39e9d3ba0d6ff61a,35a1a66f78dfd6255c4d804586ee6863969be78d21acec5cd0ccf00476ddaa5c,f80984d28ef9a7550633fb3aea514f783f3db1fa655a6d3f49850b10857e6afc,61d7d1f20bc593cc2d106f24f0343084f56f811c8ebc63c856eaced34c50b65f,last,ood_metric/aupr_in_openood_auc,OOD-2,primary,up,,id_test_vs_places365,detector_declared,ood_score/energy_t1,places365,far,,,,45195,C1,adamw,0.003,0.1,0.7497150928593935,0.012935415732255609,0.749715 ± 0.012935,0.7362749753137706,0.7620785026257341,0.7507918006386756
metric_contract_v1.2,c38b09694be88aa74de0741b39e9d3ba0d6ff61a,35a1a66f78dfd6255c4d804586ee6863969be78d21acec5cd0ccf00476ddaa5c,f80984d28ef9a7550633fb3aea514f783f3db1fa655a6d3f49850b10857e6afc,61d7d1f20bc593cc2d106f24f0343084f56f811c8ebc63c856eaced34c50b65f,last,ood_metric/aupr_in_openood_auc,OOD-2,primary,up,,id_test_vs_places365,detector_declared,ood_score/max_logit,places365,far,,,,45195,C1,adamw,0.003,0.1,0.749706010723184,0.012893330493790118,0.749706 ± 0.012893,0.7363076798053668,0.7620266989014807,0.7507836534627045
metric_contract_v1.2,c38b09694be88aa74de0741b39e9d3ba0d6ff61a,35a1a66f78dfd6255c4d804586ee6863969be78d21acec5cd0ccf00476ddaa5c,f80984d28ef9a7550633fb3aea514f783f3db1fa655a6d3f49850b10857e6afc,61d7d1f20bc593cc2d106f24f0343084f56f811c8ebc63c856eaced34c50b65f,last,ood_metric/aupr_in_openood_auc,OOD-2,primary,up,,id_test_vs_places365,detector_declared,ood_score/msp,places365,far,,,,45195,C1,adamw,0.003,0.1,0.7658674711336388,0.00851696874720238,0.765867 ± 0.008517,0.7641895528851445,0.7750985217376275,0.7583143387781446
metric_contract_v1.2,c38b09694be88aa74de0741b39e9d3ba0d6ff61a,35a1a66f78dfd6255c4d804586ee6863969be78d21acec5cd0ccf00476ddaa5c,f80984d28ef9a7550633fb3aea514f783f3db1fa655a6d3f49850b10857e6afc,61d7d1f20bc593cc2d106f24f0343084f56f811c8ebc63c856eaced34c50b65f,last,ood_metric/aupr_out_openood_auc,OOD-3,primary,up,id_train,id_test_vs_places365,detector_declared,detector/ctm_prototype_cosine,places365,far,,,,45195,C1,adamw,0.003,0.1,0.9693618593687959,0.002596432839687727,0.969362 ± 0.002596,0.972340433040242,0.9675767049041657,0.9681684401619801
metric_contract_v1.2,c38b09694be88aa74de0741b39e9d3ba0d6ff61a,35a1a66f78dfd6255c4d804586ee6863969be78d21acec5cd0ccf00476ddaa5c,f80984d28ef9a7550633fb3aea514f783f3db1fa655a6d3f49850b10857e6afc,61d7d1f20bc593cc2d106f24f0343084f56f811c8ebc63c856eaced34c50b65f,last,ood_metric/aupr_out_openood_auc,OOD-3,primary,up,id_train,id_test_vs_places365,detector_declared,detector/gda_class_density,places365,far,,,,45195,C1,adamw,0.003,0.1,0.866845581525919,0.06546466438617782,0.866846 ± 0.065465,0.8811771417654864,0.7954024564934863,0.9239571463187841
metric_contract_v1.2,c38b09694be88aa74de0741b39e9d3ba0d6ff61a,35a1a66f78dfd6255c4d804586ee6863969be78d21acec5cd0ccf00476ddaa5c,f80984d28ef9a7550633fb3aea514f783f3db1fa655a6d3f49850b10857e6afc,61d7d1f20bc593cc2d106f24f0343084f56f811c8ebc63c856eaced34c50b65f,last,ood_metric/aupr_out_openood_auc,OOD-3,primary,up,id_train,id_test_vs_places365,detector_declared,detector/knn_l2_k50,places365,far,,,,45195,C1,adamw,0.003,0.1,0.9723528929521904,0.002841096823235915,0.972353 ± 0.002841,0.9754503787468859,0.9698681920041021,0.9717401081055833
metric_contract_v1.2,c38b09694be88aa74de0741b39e9d3ba0d6ff61a,35a1a66f78dfd6255c4d804586ee6863969be78d21acec5cd0ccf00476ddaa5c,f80984d28ef9a7550633fb3aea514f783f3db1fa655a6d3f49850b10857e6afc,61d7d1f20bc593cc2d106f24f0343084f56f811c8ebc63c856eaced34c50b65f,last,ood_metric/aupr_out_openood_auc,OOD-3,primary,up,id_train,id_test_vs_places365,detector_declared,detector/mahalanobis_pp,places365,far,,,,45195,C1,adamw,0.003,0.1,0.9370710540649028,0.017736522696259683,0.937071 ± 0.017737,0.9495346735982768,0.9167652300005674,0.9449132585958638
metric_contract_v1.2,c38b09694be88aa74de0741b39e9d3ba0d6ff61a,35a1a66f78dfd6255c4d804586ee6863969be78d21acec5cd0ccf00476ddaa5c,f80984d28ef9a7550633fb3aea514f783f3db1fa655a6d3f49850b10857e6afc,61d7d1f20bc593cc2d106f24f0343084f56f811c8ebc63c856eaced34c50b65f,last,ood_metric/aupr_out_openood_auc,OOD-3,primary,up,id_train,id_test_vs_places365,detector_declared,detector/mahalanobis_raw,places365,far,,,,45195,C1,adamw,0.003,0.1,0.8878656598713706,0.006019326235090232,0.887866 ± 0.006019,0.8886995426298764,0.8814728697671879,0.8934245672170475
metric_contract_v1.2,c38b09694be88aa74de0741b39e9d3ba0d6ff61a,35a1a66f78dfd6255c4d804586ee6863969be78d21acec5cd0ccf00476ddaa5c,f80984d28ef9a7550633fb3aea514f783f3db1fa655a6d3f49850b10857e6afc,61d7d1f20bc593cc2d106f24f0343084f56f811c8ebc63c856eaced34c50b65f,last,ood_metric/aupr_out_openood_auc,OOD-3,primary,up,id_train,id_test_vs_places365,detector_declared,detector/marginal_mahalanobis_raw,places365,far,,,,45195,C1,adamw,0.003,0.1,0.840583764151471,0.009600852894470664,0.840584 ± 0.009601,0.8425527534784029,0.8301510587010842,0.8490474802749258
metric_contract_v1.2,c38b09694be88aa74de0741b39e9d3ba0d6ff61a,35a1a66f78dfd6255c4d804586ee6863969be78d21acec5cd0ccf00476ddaa5c,f80984d28ef9a7550633fb3aea514f783f3db1fa655a6d3f49850b10857e6afc,61d7d1f20bc593cc2d106f24f0343084f56f811c8ebc63c856eaced34c50b65f,last,ood_metric/aupr_out_openood_auc,OOD-3,primary,up,id_train,id_test_vs_places365,detector_declared,detector/ncp_euclidean_raw,places365,far,,,,45195,C1,adamw,0.003,0.1,0.9440127322060757,0.001161412673288929,0.944013 ± 0.001161,0.944507652196422,0.9448447026394359,0.9426858417823698
metric_contract_v1.2,c38b09694be88aa74de0741b39e9d3ba0d6ff61a,35a1a66f78dfd6255c4d804586ee6863969be78d21acec5cd0ccf00476ddaa5c,f80984d28ef9a7550633fb3aea514f783f3db1fa655a6d3f49850b10857e6afc,61d7d1f20bc593cc2d106f24f0343084f56f811c8ebc63c856eaced34c50b65f,last,ood_metric/aupr_out_openood_auc,OOD-3,primary,up,id_train,id_test_vs_places365,detector_declared,detector/neco_author_std_dim100,places365,far,,,,45195,C1,adamw,0.003,0.1,0.9438296743272082,0.006181768983121412,0.943830 ± 0.006182,0.9373652563109383,0.9444402917302538,0.9496834749404326
metric_contract_v1.2,c38b09694be88aa74de0741b39e9d3ba0d6ff61a,35a1a66f78dfd6255c4d804586ee6863969be78d21acec5cd0ccf00476ddaa5c,f80984d28ef9a7550633fb3aea514f783f3db1fa655a6d3f49850b10857e6afc,61d7d1f20bc593cc2d106f24f0343084f56f811c8ebc63c856eaced34c50b65f,last,ood_metric/aupr_out_openood_auc,OOD-3,primary,up,id_train,id_test_vs_places365,detector_declared,detector/relative_mahalanobis_pp,places365,far,,,,45195,C1,adamw,0.003,0.1,0.9698962172931932,0.0005402921084567998,0.969896 ± 0.000540,0.9702884295287171,0.969279941288136,0.9701202810627265
metric_contract_v1.2,c38b09694be88aa74de0741b39e9d3ba0d6ff61a,35a1a66f78dfd6255c4d804586ee6863969be78d21acec5cd0ccf00476ddaa5c,f80984d28ef9a7550633fb3aea514f783f3db1fa655a6d3f49850b10857e6afc,61d7d1f20bc593cc2d106f24f0343084f56f811c8ebc63c856eaced34c50b65f,last,ood_metric/aupr_out_openood_auc,OOD-3,primary,up,id_train,id_test_vs_places365,detector_declared,detector/relative_mahalanobis_raw,places365,far,,,,45195,C1,adamw,0.003,0.1,0.9725364646354762,0.0010700724904266345,0.972536 ± 0.001070,0.9734160641479604,0.9713451439826544,0.9728481857758138
metric_contract_v1.2,c38b09694be88aa74de0741b39e9d3ba0d6ff61a,35a1a66f78dfd6255c4d804586ee6863969be78d21acec5cd0ccf00476ddaa5c,f80984d28ef9a7550633fb3aea514f783f3db1fa655a6d3f49850b10857e6afc,61d7d1f20bc593cc2d106f24f0343084f56f811c8ebc63c856eaced34c50b65f,last,ood_metric/aupr_out_openood_auc,OOD-3,primary,up,id_train,id_test_vs_places365,detector_declared,detector/vim_author_dim,places365,far,,,,45195,C1,adamw,0.003,0.1,0.9666204588606888,0.0012200107220657593,0.966620 ± 0.001220,0.9655397073573511,0.9663782694055023,0.9679433998192128
metric_contract_v1.2,c38b09694be88aa74de0741b39e9d3ba0d6ff61a,35a1a66f78dfd6255c4d804586ee6863969be78d21acec5cd0ccf00476ddaa5c,f80984d28ef9a7550633fb3aea514f783f3db1fa655a6d3f49850b10857e6afc,61d7d1f20bc593cc2d106f24f0343084f56f811c8ebc63c856eaced34c50b65f,last,ood_metric/aupr_out_openood_auc,OOD-3,primary,up,id_train,id_test_vs_places365,detector_declared,detector/vim_dim128,places365,far,,,,45195,C1,adamw,0.003,0.1,0.9661704408001617,0.001075697306307399,0.966170 ± 0.001076,0.9652281991214875,0.9659406621038849,0.9673424611751128
metric_contract_v1.2,c38b09694be88aa74de0741b39e9d3ba0d6ff61a,35a1a66f78dfd6255c4d804586ee6863969be78d21acec5cd0ccf00476ddaa5c,f80984d28ef9a7550633fb3aea514f783f3db1fa655a6d3f49850b10857e6afc,61d7d1f20bc593cc2d106f24f0343084f56f811c8ebc63c856eaced34c50b65f,last,ood_metric/aupr_out_openood_auc,OOD-3,primary,up,id_train,id_test_vs_places365,detector_declared,detector/vim_dim256,places365,far,,,,45195,C1,adamw,0.003,0.1,0.9667006221354041,0.0012906182792080383,0.966701 ± 0.001291,0.9655880868548176,0.9663981730123152,0.9681156065390796
metric_contract_v1.2,c38b09694be88aa74de0741b39e9d3ba0d6ff61a,35a1a66f78dfd6255c4d804586ee6863969be78d21acec5cd0ccf00476ddaa5c,f80984d28ef9a7550633fb3aea514f783f3db1fa655a6d3f49850b10857e6afc,61d7d1f20bc593cc2d106f24f0343084f56f811c8ebc63c856eaced34c50b65f,last,ood_metric/aupr_out_openood_auc,OOD-3,primary,up,id_train,id_test_vs_places365,detector_declared,detector/vim_dim320,places365,far,,,,45195,C1,adamw,0.003,0.1,0.9666204588606888,0.0012200107220657593,0.966620 ± 0.001220,0.9655397073573511,0.9663782694055023,0.9679433998192128
metric_contract_v1.2,c38b09694be88aa74de0741b39e9d3ba0d6ff61a,35a1a66f78dfd6255c4d804586ee6863969be78d21acec5cd0ccf00476ddaa5c,f80984d28ef9a7550633fb3aea514f783f3db1fa655a6d3f49850b10857e6afc,61d7d1f20bc593cc2d106f24f0343084f56f811c8ebc63c856eaced34c50b65f,last,ood_metric/aupr_out_openood_auc,OOD-3,primary,up,id_train,id_test_vs_places365,detector_declared,detector/vim_dim64,places365,far,,,,45195,C1,adamw,0.003,0.1,0.9654323518812523,0.0017005345024597067,0.965432 ± 0.001701,0.9641197488012845,0.9648238916018015,0.9673534152406711
metric_contract_v1.2,c38b09694be88aa74de0741b39e9d3ba0d6ff61a,35a1a66f78dfd6255c4d804586ee6863969be78d21acec5cd0ccf00476ddaa5c,f80984d28ef9a7550633fb3aea514f783f3db1fa655a6d3f49850b10857e6afc,61d7d1f20bc593cc2d106f24f0343084f56f811c8ebc63c856eaced34c50b65f,last,ood_metric/aupr_out_openood_auc,OOD-3,primary,up,id_train,id_test_vs_places365,detector_declared,detector/weight_cosine_appendix,places365,far,,,,45195,C1,adamw,0.003,0.1,0.9646830385621953,0.001451933858943786,0.964683 ± 0.001452,0.9635964760294475,0.9641205855351835,0.9663320541219548
metric_contract_v1.2,c38b09694be88aa74de0741b39e9d3ba0d6ff61a,35a1a66f78dfd6255c4d804586ee6863969be78d21acec5cd0ccf00476ddaa5c,f80984d28ef9a7550633fb3aea514f783f3db1fa655a6d3f49850b10857e6afc,61d7d1f20bc593cc2d106f24f0343084f56f811c8ebc63c856eaced34c50b65f,last,ood_metric/aupr_out_openood_auc,OOD-3,primary,up,,id_test_vs_places365,detector_declared,ood_score/energy_t1,places365,far,,,,45195,C1,adamw,0.003,0.1,0.9648786478765122,0.0011033220083975551,0.964879 ± 0.001103,0.9636927683957566,0.965068367023348,0.9658748082104321
metric_contract_v1.2,c38b09694be88aa74de0741b39e9d3ba0d6ff61a,35a1a66f78dfd6255c4d804586ee6863969be78d21acec5cd0ccf00476ddaa5c,f80984d28ef9a7550633fb3aea514f783f3db1fa655a6d3f49850b10857e6afc,61d7d1f20bc593cc2d106f24f0343084f56f811c8ebc63c856eaced34c50b65f,last,ood_metric/aupr_out_openood_auc,OOD-3,primary,up,,id_test_vs_places365,detector_declared,ood_score/max_logit,places365,far,,,,45195,C1,adamw,0.003,0.1,0.9649840842288938,0.0011012644426982793,0.964984 ± 0.001101,0.9638481140460662,0.9650571327783687,0.9660470058622466
metric_contract_v1.2,c38b09694be88aa74de0741b39e9d3ba0d6ff61a,35a1a66f78dfd6255c4d804586ee6863969be78d21acec5cd0ccf00476ddaa5c,f80984d28ef9a7550633fb3aea514f783f3db1fa655a6d3f49850b10857e6afc,61d7d1f20bc593cc2d106f24f0343084f56f811c8ebc63c856eaced34c50b65f,last,ood_metric/aupr_out_openood_auc,OOD-3,primary,up,,id_test_vs_places365,detector_declared,ood_score/msp,places365,far,,,,45195,C1,adamw,0.003,0.1,0.9600704099588615,0.0011280835942536435,0.960070 ± 0.001128,0.9601643226486883,0.9588983056678355,0.9611486015600607
metric_contract_v1.2,c38b09694be88aa74de0741b39e9d3ba0d6ff61a,35a1a66f78dfd6255c4d804586ee6863969be78d21acec5cd0ccf00476ddaa5c,f80984d28ef9a7550633fb3aea514f783f3db1fa655a6d3f49850b10857e6afc,61d7d1f20bc593cc2d106f24f0343084f56f811c8ebc63c856eaced34c50b65f,last,ood_metric/auroc_id_positive,OOD-1,primary,up,id_train,id_test_vs_places365,detector_declared,detector/ctm_prototype_cosine,places365,far,,,,45195,C1,adamw,0.003,0.1,0.9112539129611213,0.0070962891543976435,0.911254 ± 0.007096,0.9191435914192356,0.9053928143202159,0.9092253331439125
metric_contract_v1.2,c38b09694be88aa74de0741b39e9d3ba0d6ff61a,35a1a66f78dfd6255c4d804586ee6863969be78d21acec5cd0ccf00476ddaa5c,f80984d28ef9a7550633fb3aea514f783f3db1fa655a6d3f49850b10857e6afc,61d7d1f20bc593cc2d106f24f0343084f56f811c8ebc63c856eaced34c50b65f,last,ood_metric/auroc_id_positive,OOD-1,primary,up,id_train,id_test_vs_places365,detector_declared,detector/gda_class_density,places365,far,,,,45195,C1,adamw,0.003,0.1,0.6910114400719799,0.13079849469450366,0.691011 ± 0.130798,0.7212483051569825,0.5477425287682909,0.8040434862906662
metric_contract_v1.2,c38b09694be88aa74de0741b39e9d3ba0d6ff61a,35a1a66f78dfd6255c4d804586ee6863969be78d21acec5cd0ccf00476ddaa5c,f80984d28ef9a7550633fb3aea514f783f3db1fa655a6d3f49850b10857e6afc,61d7d1f20bc593cc2d106f24f0343084f56f811c8ebc63c856eaced34c50b65f,last,ood_metric/auroc_id_positive,OOD-1,primary,up,id_train,id_test_vs_places365,detector_declared,detector/knn_l2_k50,places365,far,,,,45195,C1,adamw,0.003,0.1,0.9188629483354642,0.008427448523058392,0.918863 ± 0.008427,0.9279246057678647,0.9112602045745134,0.9174040346640148
metric_contract_v1.2,c38b09694be88aa74de0741b39e9d3ba0d6ff61a,35a1a66f78dfd6255c4d804586ee6863969be78d21acec5cd0ccf00476ddaa5c,f80984d28ef9a7550633fb3aea514f783f3db1fa655a6d3f49850b10857e6afc,61d7d1f20bc593cc2d106f24f0343084f56f811c8ebc63c856eaced34c50b65f,last,ood_metric/auroc_id_positive,OOD-1,primary,up,id_train,id_test_vs_places365,detector_declared,detector/mahalanobis_pp,places365,far,,,,45195,C1,adamw,0.003,0.1,0.8357284784770563,0.03823799268898122,0.835728 ± 0.038238,0.8638107628924563,0.7921799971586874,0.8511946753800256
metric_contract_v1.2,c38b09694be88aa74de0741b39e9d3ba0d6ff61a,35a1a66f78dfd6255c4d804586ee6863969be78d21acec5cd0ccf00476ddaa5c,f80984d28ef9a7550633fb3aea514f783f3db1fa655a6d3f49850b10857e6afc,61d7d1f20bc593cc2d106f24f0343084f56f811c8ebc63c856eaced34c50b65f,last,ood_metric/auroc_id_positive,OOD-1,primary,up,id_train,id_test_vs_places365,detector_declared,detector/mahalanobis_raw,places365,far,,,,45195,C1,adamw,0.003,0.1,0.7448507837287494,0.013390819975757409,0.744851 ± 0.013391,0.7441918738457167,0.7318015826111663,0.758558894729365
metric_contract_v1.2,c38b09694be88aa74de0741b39e9d3ba0d6ff61a,35a1a66f78dfd6255c4d804586ee6863969be78d21acec5cd0ccf00476ddaa5c,f80984d28ef9a7550633fb3aea514f783f3db1fa655a6d3f49850b10857e6afc,61d7d1f20bc593cc2d106f24f0343084f56f811c8ebc63c856eaced34c50b65f,last,ood_metric/auroc_id_positive,OOD-1,primary,up,id_train,id_test_vs_places365,detector_declared,detector/marginal_mahalanobis_raw,places365,far,,,,45195,C1,adamw,0.003,0.1,0.6295647781408343,0.020916356293103348,0.629565 ± 0.020916,0.6305838300895014,0.6081575223753374,0.6499529819576644
metric_contract_v1.2,c38b09694be88aa74de0741b39e9d3ba0d6ff61a,35a1a66f78dfd6255c4d804586ee6863969be78d21acec5cd0ccf00476ddaa5c,f80984d28ef9a7550633fb3aea514f783f3db1fa655a6d3f49850b10857e6afc,61d7d1f20bc593cc2d106f24f0343084f56f811c8ebc63c856eaced34c50b65f,last,ood_metric/auroc_id_positive,OOD-1,primary,up,id_train,id_test_vs_places365,detector_declared,detector/ncp_euclidean_raw,places365,far,,,,45195,C1,adamw,0.003,0.1,0.8702130671970449,0.0013082384231777537,0.870213 ± 0.001308,0.8714131808495524,0.8688184770564,0.8704075436851826
metric_contract_v1.2,c38b09694be88aa74de0741b39e9d3ba0d6ff61a,35a1a66f78dfd6255c4d804586ee6863969be78d21acec5cd0ccf00476ddaa5c,f80984d28ef9a7550633fb3aea514f783f3db1fa655a6d3f49850b10857e6afc,61d7d1f20bc593cc2d106f24f0343084f56f811c8ebc63c856eaced34c50b65f,last,ood_metric/auroc_id_positive,OOD-1,primary,up,id_train,id_test_vs_places365,detector_declared,detector/neco_author_std_dim100,places365,far,,,,45195,C1,adamw,0.003,0.1,0.8415982014490696,0.015420911022824174,0.841598 ± 0.015421,0.8248274698110527,0.8448007671544253,0.8551663673817305
metric_contract_v1.2,c38b09694be88aa74de0741b39e9d3ba0d6ff61a,35a1a66f78dfd6255c4d804586ee6863969be78d21acec5cd0ccf00476ddaa5c,f80984d28ef9a7550633fb3aea514f783f3db1fa655a6d3f49850b10857e6afc,61d7d1f20bc593cc2d106f24f0343084f56f811c8ebc63c856eaced34c50b65f,last,ood_metric/auroc_id_positive,OOD-1,primary,up,id_train,id_test_vs_places365,detector_declared,detector/relative_mahalanobis_pp,places365,far,,,,45195,C1,adamw,0.003,0.1,0.9223509428422597,0.0007521440483757962,0.922351 ± 0.000752,0.9228672794431027,0.9214879869299615,0.922697562153715
metric_contract_v1.2,c38b09694be88aa74de0741b39e9d3ba0d6ff61a,35a1a66f78dfd6255c4d804586ee6863969be78d21acec5cd0ccf00476ddaa5c,f80984d28ef9a7550633fb3aea514f783f3db1fa655a6d3f49850b10857e6afc,61d7d1f20bc593cc2d106f24f0343084f56f811c8ebc63c856eaced34c50b65f,last,ood_metric/auroc_id_positive,OOD-1,primary,up,id_train,id_test_vs_places365,detector_declared,detector/relative_mahalanobis_raw,places365,far,,,,45195,C1,adamw,0.003,0.1,0.9292264289435052,0.002549459668573478,0.929226 ± 0.002549,0.9313961130842449,0.9264184798977129,0.9298646938485582
metric_contract_v1.2,c38b09694be88aa74de0741b39e9d3ba0d6ff61a,35a1a66f78dfd6255c4d804586ee6863969be78d21acec5cd0ccf00476ddaa5c,f80984d28ef9a7550633fb3aea514f783f3db1fa655a6d3f49850b10857e6afc,61d7d1f20bc593cc2d106f24f0343084f56f811c8ebc63c856eaced34c50b65f,last,ood_metric/auroc_id_positive,OOD-1,primary,up,id_train,id_test_vs_places365,detector_declared,detector/vim_author_dim,places365,far,,,,45195,C1,adamw,0.003,0.1,0.9126839086991524,0.002449170252717297,0.912684 ± 0.002449,0.9114243614149736,0.9111208325046173,0.9155065321778662
metric_contract_v1.2,c38b09694be88aa74de0741b39e9d3ba0d6ff61a,35a1a66f78dfd6255c4d804586ee6863969be78d21acec5cd0ccf00476ddaa5c,f80984d28ef9a7550633fb3aea514f783f3db1fa655a6d3f49850b10857e6afc,61d7d1f20bc593cc2d106f24f0343084f56f811c8ebc63c856eaced34c50b65f,last,ood_metric/auroc_id_positive,OOD-1,primary,up,id_train,id_test_vs_places365,detector_declared,detector/vim_dim128,places365,far,,,,45195,C1,adamw,0.003,0.1,0.9102048785338827,0.001982631082959668,0.910205 ± 0.001983,0.9084395595965336,0.909825174030402,0.9123499019747123
metric_contract_v1.2,c38b09694be88aa74de0741b39e9d3ba0d6ff61a,35a1a66f78dfd6255c4d804586ee6863969be78d21acec5cd0ccf00476ddaa5c,f80984d28ef9a7550633fb3aea514f783f3db1fa655a6d3f49850b10857e6afc,61d7d1f20bc593cc2d106f24f0343084f56f811c8ebc63c856eaced34c50b65f,last,ood_metric/auroc_id_positive,OOD-1,primary,up,id_train,id_test_vs_places365,detector_declared,detector/vim_dim256,places365,far,,,,45195,C1,adamw,0.003,0.1,0.9125097144480749,0.0025405112585086933,0.912510 ± 0.002541,0.9109222133825827,0.911167094757778,0.9154398352038642
metric_contract_v1.2,c38b09694be88aa74de0741b39e9d3ba0d6ff61a,35a1a66f78dfd6255c4d804586ee6863969be78d21acec5cd0ccf00476ddaa5c,f80984d28ef9a7550633fb3aea514f783f3db1fa655a6d3f49850b10857e6afc,61d7d1f20bc593cc2d106f24f0343084f56f811c8ebc63c856eaced34c50b65f,last,ood_metric/auroc_id_positive,OOD-1,primary,up,id_train,id_test_vs_places365,detector_declared,detector/vim_dim320,places365,far,,,,45195,C1,adamw,0.003,0.1,0.9126839086991524,0.002449170252717297,0.912684 ± 0.002449,0.9114243614149736,0.9111208325046173,0.9155065321778662
metric_contract_v1.2,c38b09694be88aa74de0741b39e9d3ba0d6ff61a,35a1a66f78dfd6255c4d804586ee6863969be78d21acec5cd0ccf00476ddaa5c,f80984d28ef9a7550633fb3aea514f783f3db1fa655a6d3f49850b10857e6afc,61d7d1f20bc593cc2d106f24f0343084f56f811c8ebc63c856eaced34c50b65f,last,ood_metric/auroc_id_positive,OOD-1,primary,up,id_train,id_test_vs_places365,detector_declared,detector/vim_dim64,places365,far,,,,45195,C1,adamw,0.003,0.1,0.9075663399157077,0.003926544133459507,0.907566 ± 0.003927,0.9051975536297769,0.9054026907231141,0.912098775394232
metric_contract_v1.2,c38b09694be88aa74de0741b39e9d3ba0d6ff61a,35a1a66f78dfd6255c4d804586ee6863969be78d21acec5cd0ccf00476ddaa5c,f80984d28ef9a7550633fb3aea514f783f3db1fa655a6d3f49850b10857e6afc,61d7d1f20bc593cc2d106f24f0343084f56f811c8ebc63c856eaced34c50b65f,last,ood_metric/auroc_id_positive,OOD-1,primary,up,id_train,id_test_vs_places365,detector_declared,detector/weight_cosine_appendix,places365,far,,,,45195,C1,adamw,0.003,0.1,0.9056667869489038,0.0036445462106198625,0.905667 ± 0.003645,0.9031751498792443,0.9039755107259553,0.9098497002415116
metric_contract_v1.2,c38b09694be88aa74de0741b39e9d3ba0d6ff61a,35a1a66f78dfd6255c4d804586ee6863969be78d21acec5cd0ccf00476ddaa5c,f80984d28ef9a7550633fb3aea514f783f3db1fa655a6d3f49850b10857e6afc,61d7d1f20bc593cc2d106f24f0343084f56f811c8ebc63c856eaced34c50b65f,last,ood_metric/auroc_id_positive,OOD-1,primary,up,,id_test_vs_places365,detector_declared,ood_score/energy_t1,places365,far,,,,45195,C1,adamw,0.003,0.1,0.9069339025429747,0.002428877639829799,0.906934 ± 0.002429,0.9041832419377752,0.9078350532746128,0.9087834124165364
metric_contract_v1.2,c38b09694be88aa74de0741b39e9d3ba0d6ff61a,35a1a66f78dfd6255c4d804586ee6863969be78d21acec5cd0ccf00476ddaa5c,f80984d28ef9a7550633fb3aea514f783f3db1fa655a6d3f49850b10857e6afc,61d7d1f20bc593cc2d106f24f0343084f56f811c8ebc63c856eaced34c50b65f,last,ood_metric/auroc_id_positive,OOD-1,primary,up,,id_test_vs_places365,detector_declared,ood_score/max_logit,places365,far,,,,45195,C1,adamw,0.003,0.1,0.9069854865747976,0.0024116967520900778,0.906985 ± 0.002412,0.9042684585878675,0.9078152280153431,0.9088727731211821
metric_contract_v1.2,c38b09694be88aa74de0741b39e9d3ba0d6ff61a,35a1a66f78dfd6255c4d804586ee6863969be78d21acec5cd0ccf00476ddaa5c,f80984d28ef9a7550633fb3aea514f783f3db1fa655a6d3f49850b10857e6afc,61d7d1f20bc593cc2d106f24f0343084f56f811c8ebc63c856eaced34c50b65f,last,ood_metric/auroc_id_positive,OOD-1,primary,up,,id_test_vs_places365,detector_declared,ood_score/msp,places365,far,,,,45195,C1,adamw,0.003,0.1,0.900470608514467,0.0004915739304891604,0.900471 ± 0.000492,0.9007713141071175,0.8999033300184685,0.9007371814178151
metric_contract_v1.2,c38b09694be88aa74de0741b39e9d3ba0d6ff61a,35a1a66f78dfd6255c4d804586ee6863969be78d21acec5cd0ccf00476ddaa5c,f80984d28ef9a7550633fb3aea514f783f3db1fa655a6d3f49850b10857e6afc,61d7d1f20bc593cc2d106f24f0343084f56f811c8ebc63c856eaced34c50b65f,last,ood_metric/fpr95_achieved_id_tpr,OOD-4,appendix,descriptive,id_train,id_test_vs_places365,detector_declared,detector/ctm_prototype_cosine,places365,far,,,,45195,C1,adamw,0.003,0.1,0.9499999999999998,1.3597399555105182e-16,0.950000 ± 0.000000,0.95,0.95,0.95
metric_contract_v1.2,c38b09694be88aa74de0741b39e9d3ba0d6ff61a,35a1a66f78dfd6255c4d804586ee6863969be78d21acec5cd0ccf00476ddaa5c,f80984d28ef9a7550633fb3aea514f783f3db1fa655a6d3f49850b10857e6afc,61d7d1f20bc593cc2d106f24f0343084f56f811c8ebc63c856eaced34c50b65f,last,ood_metric/fpr95_achieved_id_tpr,OOD-4,appendix,descriptive,id_train,id_test_vs_places365,detector_declared,detector/gda_class_density,places365,far,,,,45195,C1,adamw,0.003,0.1,0.9499999999999998,1.3597399555105182e-16,0.950000 ± 0.000000,0.95,0.95,0.95
metric_contract_v1.2,c38b09694be88aa74de0741b39e9d3ba0d6ff61a,35a1a66f78dfd6255c4d804586ee6863969be78d21acec5cd0ccf00476ddaa5c,f80984d28ef9a7550633fb3aea514f783f3db1fa655a6d3f49850b10857e6afc,61d7d1f20bc593cc2d106f24f0343084f56f811c8ebc63c856eaced34c50b65f,last,ood_metric/fpr95_achieved_id_tpr,OOD-4,appendix,descriptive,id_train,id_test_vs_places365,detector_declared,detector/knn_l2_k50,places365,far,,,,45195,C1,adamw,0.003,0.1,0.9499999999999998,1.3597399555105182e-16,0.950000 ± 0.000000,0.95,0.95,0.95
metric_contract_v1.2,c38b09694be88aa74de0741b39e9d3ba0d6ff61a,35a1a66f78dfd6255c4d804586ee6863969be78d21acec5cd0ccf00476ddaa5c,f80984d28ef9a7550633fb3aea514f783f3db1fa655a6d3f49850b10857e6afc,61d7d1f20bc593cc2d106f24f0343084f56f811c8ebc63c856eaced34c50b65f,last,ood_metric/fpr95_achieved_id_tpr,OOD-4,appendix,descriptive,id_train,id_test_vs_places365,detector_declared,detector/mahalanobis_pp,places365,far,,,,45195,C1,adamw,0.003,0.1,0.9499999999999998,1.3597399555105182e-16,0.950000 ± 0.000000,0.95,0.95,0.95
metric_contract_v1.2,c38b09694be88aa74de0741b39e9d3ba0d6ff61a,35a1a66f78dfd6255c4d804586ee6863969be78d21acec5cd0ccf00476ddaa5c,f80984d28ef9a7550633fb3aea514f783f3db1fa655a6d3f49850b10857e6afc,61d7d1f20bc593cc2d106f24f0343084f56f811c8ebc63c856eaced34c50b65f,last,ood_metric/fpr95_achieved_id_tpr,OOD-4,appendix,descriptive,id_train,id_test_vs_places365,detector_declared,detector/mahalanobis_raw,places365,far,,,,45195,C1,adamw,0.003,0.1,0.9499999999999998,1.3597399555105182e-16,0.950000 ± 0.000000,0.95,0.95,0.95
metric_contract_v1.2,c38b09694be88aa74de0741b39e9d3ba0d6ff61a,35a1a66f78dfd6255c4d804586ee6863969be78d21acec5cd0ccf00476ddaa5c,f80984d28ef9a7550633fb3aea514f783f3db1fa655a6d3f49850b10857e6afc,61d7d1f20bc593cc2d106f24f0343084f56f811c8ebc63c856eaced34c50b65f,last,ood_metric/fpr95_achieved_id_tpr,OOD-4,appendix,descriptive,id_train,id_test_vs_places365,detector_declared,detector/marginal_mahalanobis_raw,places365,far,,,,45195,C1,adamw,0.003,0.1,0.9499999999999998,1.3597399555105182e-16,0.950000 ± 0.000000,0.95,0.95,0.95
metric_contract_v1.2,c38b09694be88aa74de0741b39e9d3ba0d6ff61a,35a1a66f78dfd6255c4d804586ee6863969be78d21acec5cd0ccf00476ddaa5c,f80984d28ef9a7550633fb3aea514f783f3db1fa655a6d3f49850b10857e6afc,61d7d1f20bc593cc2d106f24f0343084f56f811c8ebc63c856eaced34c50b65f,last,ood_metric/fpr95_achieved_id_tpr,OOD-4,appendix,descriptive,id_train,id_test_vs_places365,detector_declared,detector/ncp_euclidean_raw,places365,far,,,,45195,C1,adamw,0.003,0.1,0.9499999999999998,1.3597399555105182e-16,0.950000 ± 0.000000,0.95,0.95,0.95
metric_contract_v1.2,c38b09694be88aa74de0741b39e9d3ba0d6ff61a,35a1a66f78dfd6255c4d804586ee6863969be78d21acec5cd0ccf00476ddaa5c,f80984d28ef9a7550633fb3aea514f783f3db1fa655a6d3f49850b10857e6afc,61d7d1f20bc593cc2d106f24f0343084f56f811c8ebc63c856eaced34c50b65f,last,ood_metric/fpr95_achieved_id_tpr,OOD-4,appendix,descriptive,id_train,id_test_vs_places365,detector_declared,detector/neco_author_std_dim100,places365,far,,,,45195,C1,adamw,0.003,0.1,0.9499999999999998,1.3597399555105182e-16,0.950000 ± 0.000000,0.95,0.95,0.95
metric_contract_v1.2,c38b09694be88aa74de0741b39e9d3ba0d6ff61a,35a1a66f78dfd6255c4d804586ee6863969be78d21acec5cd0ccf00476ddaa5c,f80984d28ef9a7550633fb3aea514f783f3db1fa655a6d3f49850b10857e6afc,61d7d1f20bc593cc2d106f24f0343084f56f811c8ebc63c856eaced34c50b65f,last,ood_metric/fpr95_achieved_id_tpr,OOD-4,appendix,descriptive,id_train,id_test_vs_places365,detector_declared,detector/relative_mahalanobis_pp,places365,far,,,,45195,C1,adamw,0.003,0.1,0.9499999999999998,1.3597399555105182e-16,0.950000 ± 0.000000,0.95,0.95,0.95
metric_contract_v1.2,c38b09694be88aa74de0741b39e9d3ba0d6ff61a,35a1a66f78dfd6255c4d804586ee6863969be78d21acec5cd0ccf00476ddaa5c,f80984d28ef9a7550633fb3aea514f783f3db1fa655a6d3f49850b10857e6afc,61d7d1f20bc593cc2d106f24f0343084f56f811c8ebc63c856eaced34c50b65f,last,ood_metric/fpr95_achieved_id_tpr,OOD-4,appendix,descriptive,id_train,id_test_vs_places365,detector_declared,detector/relative_mahalanobis_raw,places365,far,,,,45195,C1,adamw,0.003,0.1,0.9499999999999998,1.3597399555105182e-16,0.950000 ± 0.000000,0.95,0.95,0.95
metric_contract_v1.2,c38b09694be88aa74de0741b39e9d3ba0d6ff61a,35a1a66f78dfd6255c4d804586ee6863969be78d21acec5cd0ccf00476ddaa5c,f80984d28ef9a7550633fb3aea514f783f3db1fa655a6d3f49850b10857e6afc,61d7d1f20bc593cc2d106f24f0343084f56f811c8ebc63c856eaced34c50b65f,last,ood_metric/fpr95_achieved_id_tpr,OOD-4,appendix,descriptive,id_train,id_test_vs_places365,detector_declared,detector/vim_author_dim,places365,far,,,,45195,C1,adamw,0.003,0.1,0.9499999999999998,1.3597399555105182e-16,0.950000 ± 0.000000,0.95,0.95,0.95
metric_contract_v1.2,c38b09694be88aa74de0741b39e9d3ba0d6ff61a,35a1a66f78dfd6255c4d804586ee6863969be78d21acec5cd0ccf00476ddaa5c,f80984d28ef9a7550633fb3aea514f783f3db1fa655a6d3f49850b10857e6afc,61d7d1f20bc593cc2d106f24f0343084f56f811c8ebc63c856eaced34c50b65f,last,ood_metric/fpr95_achieved_id_tpr,OOD-4,appendix,descriptive,id_train,id_test_vs_places365,detector_declared,detector/vim_dim128,places365,far,,,,45195,C1,adamw,0.003,0.1,0.9499999999999998,1.3597399555105182e-16,0.950000 ± 0.000000,0.95,0.95,0.95
metric_contract_v1.2,c38b09694be88aa74de0741b39e9d3ba0d6ff61a,35a1a66f78dfd6255c4d804586ee6863969be78d21acec5cd0ccf00476ddaa5c,f80984d28ef9a7550633fb3aea514f783f3db1fa655a6d3f49850b10857e6afc,61d7d1f20bc593cc2d106f24f0343084f56f811c8ebc63c856eaced34c50b65f,last,ood_metric/fpr95_achieved_id_tpr,OOD-4,appendix,descriptive,id_train,id_test_vs_places365,detector_declared,detector/vim_dim256,places365,far,,,,45195,C1,adamw,0.003,0.1,0.9499999999999998,1.3597399555105182e-16,0.950000 ± 0.000000,0.95,0.95,0.95
metric_contract_v1.2,c38b09694be88aa74de0741b39e9d3ba0d6ff61a,35a1a66f78dfd6255c4d804586ee6863969be78d21acec5cd0ccf00476ddaa5c,f80984d28ef9a7550633fb3aea514f783f3db1fa655a6d3f49850b10857e6afc,61d7d1f20bc593cc2d106f24f0343084f56f811c8ebc63c856eaced34c50b65f,last,ood_metric/fpr95_achieved_id_tpr,OOD-4,appendix,descriptive,id_train,id_test_vs_places365,detector_declared,detector/vim_dim320,places365,far,,,,45195,C1,adamw,0.003,0.1,0.9499999999999998,1.3597399555105182e-16,0.950000 ± 0.000000,0.95,0.95,0.95
metric_contract_v1.2,c38b09694be88aa74de0741b39e9d3ba0d6ff61a,35a1a66f78dfd6255c4d804586ee6863969be78d21acec5cd0ccf00476ddaa5c,f80984d28ef9a7550633fb3aea514f783f3db1fa655a6d3f49850b10857e6afc,61d7d1f20bc593cc2d106f24f0343084f56f811c8ebc63c856eaced34c50b65f,last,ood_metric/fpr95_achieved_id_tpr,OOD-4,appendix,descriptive,id_train,id_test_vs_places365,detector_declared,detector/vim_dim64,places365,far,,,,45195,C1,adamw,0.003,0.1,0.9499999999999998,1.3597399555105182e-16,0.950000 ± 0.000000,0.95,0.95,0.95
metric_contract_v1.2,c38b09694be88aa74de0741b39e9d3ba0d6ff61a,35a1a66f78dfd6255c4d804586ee6863969be78d21acec5cd0ccf00476ddaa5c,f80984d28ef9a7550633fb3aea514f783f3db1fa655a6d3f49850b10857e6afc,61d7d1f20bc593cc2d106f24f0343084f56f811c8ebc63c856eaced34c50b65f,last,ood_metric/fpr95_achieved_id_tpr,OOD-4,appendix,descriptive,id_train,id_test_vs_places365,detector_declared,detector/weight_cosine_appendix,places365,far,,,,45195,C1,adamw,0.003,0.1,0.9499999999999998,1.3597399555105182e-16,0.950000 ± 0.000000,0.95,0.95,0.95
metric_contract_v1.2,c38b09694be88aa74de0741b39e9d3ba0d6ff61a,35a1a66f78dfd6255c4d804586ee6863969be78d21acec5cd0ccf00476ddaa5c,f80984d28ef9a7550633fb3aea514f783f3db1fa655a6d3f49850b10857e6afc,61d7d1f20bc593cc2d106f24f0343084f56f811c8ebc63c856eaced34c50b65f,last,ood_metric/fpr95_achieved_id_tpr,OOD-4,appendix,descriptive,,id_test_vs_places365,detector_declared,ood_score/energy_t1,places365,far,,,,45195,C1,adamw,0.003,0.1,0.9499999999999998,1.3597399555105182e-16,0.950000 ± 0.000000,0.95,0.95,0.95
metric_contract_v1.2,c38b09694be88aa74de0741b39e9d3ba0d6ff61a,35a1a66f78dfd6255c4d804586ee6863969be78d21acec5cd0ccf00476ddaa5c,f80984d28ef9a7550633fb3aea514f783f3db1fa655a6d3f49850b10857e6afc,61d7d1f20bc593cc2d106f24f0343084f56f811c8ebc63c856eaced34c50b65f,last,ood_metric/fpr95_achieved_id_tpr,OOD-4,appendix,descriptive,,id_test_vs_places365,detector_declared,ood_score/max_logit,places365,far,,,,45195,C1,adamw,0.003,0.1,0.9499999999999998,1.3597399555105182e-16,0.950000 ± 0.000000,0.95,0.95,0.95
metric_contract_v1.2,c38b09694be88aa74de0741b39e9d3ba0d6ff61a,35a1a66f78dfd6255c4d804586ee6863969be78d21acec5cd0ccf00476ddaa5c,f80984d28ef9a7550633fb3aea514f783f3db1fa655a6d3f49850b10857e6afc,61d7d1f20bc593cc2d106f24f0343084f56f811c8ebc63c856eaced34c50b65f,last,ood_metric/fpr95_achieved_id_tpr,OOD-4,appendix,descriptive,,id_test_vs_places365,detector_declared,ood_score/msp,places365,far,,,,45195,C1,adamw,0.003,0.1,0.9499999999999998,1.3597399555105182e-16,0.950000 ± 0.000000,0.95,0.95,0.95
metric_contract_v1.2,c38b09694be88aa74de0741b39e9d3ba0d6ff61a,35a1a66f78dfd6255c4d804586ee6863969be78d21acec5cd0ccf00476ddaa5c,f80984d28ef9a7550633fb3aea514f783f3db1fa655a6d3f49850b10857e6afc,61d7d1f20bc593cc2d106f24f0343084f56f811c8ebc63c856eaced34c50b65f,last,ood_metric/fpr95_id_tpr,OOD-4,primary,down,id_train,id_test_vs_places365,detector_declared,detector/ctm_prototype_cosine,places365,far,,,,45195,C1,adamw,0.003,0.1,0.4248898991333996,0.02035213058793395,0.424890 ± 0.020352,0.4017616138656059,0.43284557465549084,0.44006250887910214
metric_contract_v1.2,c38b09694be88aa74de0741b39e9d3ba0d6ff61a,35a1a66f78dfd6255c4d804586ee6863969be78d21acec5cd0ccf00476ddaa5c,f80984d28ef9a7550633fb3aea514f783f3db1fa655a6d3f49850b10857e6afc,61d7d1f20bc593cc2d106f24f0343084f56f811c8ebc63c856eaced34c50b65f,last,ood_metric/fpr95_id_tpr,OOD-4,primary,down,id_train,id_test_vs_places365,detector_declared,detector/gda_class_density,places365,far,,,,45195,C1,adamw,0.003,0.1,0.8295307098546195,0.12347770034504803,0.829531 ± 0.123478,0.845631481744566,0.9441682057110385,0.698792442108254
metric_contract_v1.2,c38b09694be88aa74de0741b39e9d3ba0d6ff61a,35a1a66f78dfd6255c4d804586ee6863969be78d21acec5cd0ccf00476ddaa5c,f80984d28ef9a7550633fb3aea514f783f3db1fa655a6d3f49850b10857e6afc,61d7d1f20bc593cc2d106f24f0343084f56f811c8ebc63c856eaced34c50b65f,last,ood_metric/fpr95_id_tpr,OOD-4,primary,down,id_train,id_test_vs_places365,detector_declared,detector/knn_l2_k50,places365,far,,,,45195,C1,adamw,0.003,0.1,0.38549983425675993,0.02553417591766506,0.385500 ± 0.025534,0.3591135104418241,0.41008666003693706,0.3872993322915187
metric_contract_v1.2,c38b09694be88aa74de0741b39e9d3ba0d6ff61a,35a1a66f78dfd6255c4d804586ee6863969be78d21acec5cd0ccf00476ddaa5c,f80984d28ef9a7550633fb3aea514f783f3db1fa655a6d3f49850b10857e6afc,61d7d1f20bc593cc2d106f24f0343084f56f811c8ebc63c856eaced34c50b65f,last,ood_metric/fpr95_id_tpr,OOD-4,primary,down,id_train,id_test_vs_places365,detector_declared,detector/mahalanobis_pp,places365,far,,,,45195,C1,adamw,0.003,0.1,0.6389070417199413,0.09130049052855396,0.638907 ± 0.091300,0.5794004830231567,0.7440261400767154,0.5932945020599517
metric_contract_v1.2,c38b09694be88aa74de0741b39e9d3ba0d6ff61a,35a1a66f78dfd6255c4d804586ee6863969be78d21acec5cd0ccf00476ddaa5c,f80984d28ef9a7550633fb3aea514f783f3db1fa655a6d3f49850b10857e6afc,61d7d1f20bc593cc2d106f24f0343084f56f811c8ebc63c856eaced34c50b65f,last,ood_metric/fpr95_id_tpr,OOD-4,primary,down,id_train,id_test_vs_places365,detector_declared,detector/mahalanobis_raw,places365,far,,,,45195,C1,adamw,0.003,0.1,0.8485959179807737,0.008226781978003282,0.848596 ± 0.008227,0.8477908793862765,0.8571956243784629,0.840801250177582
metric_contract_v1.2,c38b09694be88aa74de0741b39e9d3ba0d6ff61a,35a1a66f78dfd6255c4d804586ee6863969be78d21acec5cd0ccf00476ddaa5c,f80984d28ef9a7550633fb3aea514f783f3db1fa655a6d3f49850b10857e6afc,61d7d1f20bc593cc2d106f24f0343084f56f811c8ebc63c856eaced34c50b65f,last,ood_metric/fpr95_id_tpr,OOD-4,primary,down,id_train,id_test_vs_places365,detector_declared,detector/marginal_mahalanobis_raw,places365,far,,,,45195,C1,adamw,0.003,0.1,0.8981105270635034,0.008165351327789127,0.898111 ± 0.008165,0.8945020599516977,0.9074584458019606,0.8923710754368518
metric_contract_v1.2,c38b09694be88aa74de0741b39e9d3ba0d6ff61a,35a1a66f78dfd6255c4d804586ee6863969be78d21acec5cd0ccf00476ddaa5c,f80984d28ef9a7550633fb3aea514f783f3db1fa655a6d3f49850b10857e6afc,61d7d1f20bc593cc2d106f24f0343084f56f811c8ebc63c856eaced34c50b65f,last,ood_metric/fpr95_id_tpr,OOD-4,primary,down,id_train,id_test_vs_places365,detector_declared,detector/ncp_euclidean_raw,places365,far,,,,45195,C1,adamw,0.003,0.1,0.6512193966946063,0.009557727090220871,0.651219 ± 0.009558,0.6532746128711465,0.640801250177582,0.6595823270350902
metric_contract_v1.2,c38b09694be88aa74de0741b39e9d3ba0d6ff61a,35a1a66f78dfd6255c4d804586ee6863969be78d21acec5cd0ccf00476ddaa5c,f80984d28ef9a7550633fb3aea514f783f3db1fa655a6d3f49850b10857e6afc,61d7d1f20bc593cc2d106f24f0343084f56f811c8ebc63c856eaced34c50b65f,last,ood_metric/fpr95_id_tpr,OOD-4,primary,down,id_train,id_test_vs_places365,detector_declared,detector/neco_author_std_dim100,places365,far,,,,45195,C1,adamw,0.003,0.1,0.59135293839087,0.03512228353210909,0.591353 ± 0.035122,0.6240090922005966,0.5958516834777667,0.5541980394942464
metric_contract_v1.2,c38b09694be88aa74de0741b39e9d3ba0d6ff61a,35a1a66f78dfd6255c4d804586ee6863969be78d21acec5cd0ccf00476ddaa5c,f80984d28ef9a7550633fb3aea514f783f3db1fa655a6d3f49850b10857e6afc,61d7d1f20bc593cc2d106f24f0343084f56f811c8ebc63c856eaced34c50b65f,last,ood_metric/fpr95_id_tpr,OOD-4,primary,down,id_train,id_test_vs_places365,detector_declared,detector/relative_mahalanobis_pp,places365,far,,,,45195,C1,adamw,0.003,0.1,0.4576502344082966,0.011550171970400322,0.457650 ± 0.011550,0.44946725387128855,0.470862338400341,0.4526211109532604
metric_contract_v1.2,c38b09694be88aa74de0741b39e9d3ba0d6ff61a,35a1a66f78dfd6255c4d804586ee6863969be78d21acec5cd0ccf00476ddaa5c,f80984d28ef9a7550633fb3aea514f783f3db1fa655a6d3f49850b10857e6afc,61d7d1f20bc593cc2d106f24f0343084f56f811c8ebc63c856eaced34c50b65f,last,ood_metric/fpr95_id_tpr,OOD-4,primary,down,id_train,id_test_vs_places365,detector_declared,detector/relative_mahalanobis_raw,places365,far,,,,45195,C1,adamw,0.003,0.1,0.4216792157976985,0.0216555749535914,0.421679 ± 0.021656,0.4088933087086234,0.4466827674385566,0.4094615712459156
metric_contract_v1.2,c38b09694be88aa74de0741b39e9d3ba0d6ff61a,35a1a66f78dfd6255c4d804586ee6863969be78d21acec5cd0ccf00476ddaa5c,f80984d28ef9a7550633fb3aea514f783f3db1fa655a6d3f49850b10857e6afc,61d7d1f20bc593cc2d106f24f0343084f56f811c8ebc63c856eaced34c50b65f,last,ood_metric/fpr95_id_tpr,OOD-4,primary,down,id_train,id_test_vs_places365,detector_declared,detector/vim_author_dim,places365,far,,,,45195,C1,adamw,0.003,0.1,0.4513330492020647,0.017945995743034945,0.451333 ± 0.017946,0.4604631339678932,0.46287824975138514,0.43065776388691573
metric_contract_v1.2,c38b09694be88aa74de0741b39e9d3ba0d6ff61a,35a1a66f78dfd6255c4d804586ee6863969be78d21acec5cd0ccf00476ddaa5c,f80984d28ef9a7550633fb3aea514f783f3db1fa655a6d3f49850b10857e6afc,61d7d1f20bc593cc2d106f24f0343084f56f811c8ebc63c856eaced34c50b65f,last,ood_metric/fpr95_id_tpr,OOD-4,primary,down,id_train,id_test_vs_places365,detector_declared,detector/vim_dim128,places365,far,,,,45195,C1,adamw,0.003,0.1,0.44971350097078183,0.018641097334509454,0.449714 ± 0.018641,0.45003551640858075,0.46819150447506747,0.4309134820286973
metric_contract_v1.2,c38b09694be88aa74de0741b39e9d3ba0d6ff61a,35a1a66f78dfd6255c4d804586ee6863969be78d21acec5cd0ccf00476ddaa5c,f80984d28ef9a7550633fb3aea514f783f3db1fa655a6d3f49850b10857e6afc,61d7d1f20bc593cc2d106f24f0343084f56f811c8ebc63c856eaced34c50b65f,last,ood_metric/fpr95_id_tpr,OOD-4,primary,down,id_train,id_test_vs_places365,detector_declared,detector/vim_dim256,places365,far,,,,45195,C1,adamw,0.003,0.1,0.4521759719657148,0.020511155325314345,0.452176 ± 0.020511,0.45645688307998294,0.4702088364824549,0.4298621963347066
metric_contract_v1.2,c38b09694be88aa74de0741b39e9d3ba0d6ff61a,35a1a66f78dfd6255c4d804586ee6863969be78d21acec5cd0ccf00476ddaa5c,f80984d28ef9a7550633fb3aea514f783f3db1fa655a6d3f49850b10857e6afc,61d7d1f20bc593cc2d106f24f0343084f56f811c8ebc63c856eaced34c50b65f,last,ood_metric/fpr95_id_tpr,OOD-4,primary,down,id_train,id_test_vs_places365,detector_declared,detector/vim_dim320,places365,far,,,,45195,C1,adamw,0.003,0.1,0.4513330492020647,0.017945995743034945,0.451333 ± 0.017946,0.4604631339678932,0.46287824975138514,0.43065776388691573
metric_contract_v1.2,c38b09694be88aa74de0741b39e9d3ba0d6ff61a,35a1a66f78dfd6255c4d804586ee6863969be78d21acec5cd0ccf00476ddaa5c,f80984d28ef9a7550633fb3aea514f783f3db1fa655a6d3f49850b10857e6afc,61d7d1f20bc593cc2d106f24f0343084f56f811c8ebc63c856eaced34c50b65f,last,ood_metric/fpr95_id_tpr,OOD-4,primary,down,id_train,id_test_vs_places365,detector_declared,detector/vim_dim64,places365,far,,,,45195,C1,adamw,0.003,0.1,0.451626651512999,0.01624299215279537,0.451627 ± 0.016243,0.45253587157266656,0.46739593692285836,0.4349481460434721
metric_contract_v1.2,c38b09694be88aa74de0741b39e9d3ba0d6ff61a,35a1a66f78dfd6255c4d804586ee6863969be78d21acec5cd0ccf00476ddaa5c,f80984d28ef9a7550633fb3aea514f783f3db1fa655a6d3f49850b10857e6afc,61d7d1f20bc593cc2d106f24f0343084f56f811c8ebc63c856eaced34c50b65f,last,ood_metric/fpr95_id_tpr,OOD-4,primary,down,id_train,id_test_vs_places365,detector_declared,detector/weight_cosine_appendix,places365,far,,,,45195,C1,adamw,0.003,0.1,0.46230998721409294,0.017942704017607836,0.462310 ± 0.017943,0.4784486432731922,0.4654922574229294,0.44298906094615714
metric_contract_v1.2,c38b09694be88aa74de0741b39e9d3ba0d6ff61a,35a1a66f78dfd6255c4d804586ee6863969be78d21acec5cd0ccf00476ddaa5c,f80984d28ef9a7550633fb3aea514f783f3db1fa655a6d3f49850b10857e6afc,61d7d1f20bc593cc2d106f24f0343084f56f811c8ebc63c856eaced34c50b65f,last,ood_metric/fpr95_id_tpr,OOD-4,primary,down,,id_test_vs_places365,detector_declared,ood_score/energy_t1,places365,far,,,,45195,C1,adamw,0.003,0.1,0.4450348060804092,0.01775493079645433,0.445035 ± 0.017755,0.4635317516692712,0.4434436709759909,0.42812899559596534
metric_contract_v1.2,c38b09694be88aa74de0741b39e9d3ba0d6ff61a,35a1a66f78dfd6255c4d804586ee6863969be78d21acec5cd0ccf00476ddaa5c,f80984d28ef9a7550633fb3aea514f783f3db1fa655a6d3f49850b10857e6afc,61d7d1f20bc593cc2d106f24f0343084f56f811c8ebc63c856eaced34c50b65f,last,ood_metric/fpr95_id_tpr,OOD-4,primary,down,,id_test_vs_places365,detector_declared,ood_score/max_logit,places365,far,,,,45195,C1,adamw,0.003,0.1,0.44648387555050434,0.017951700470283348,0.446484 ± 0.017952,0.4654638442960648,0.44421082540133544,0.4297769569541128
metric_contract_v1.2,c38b09694be88aa74de0741b39e9d3ba0d6ff61a,35a1a66f78dfd6255c4d804586ee6863969be78d21acec5cd0ccf00476ddaa5c,f80984d28ef9a7550633fb3aea514f783f3db1fa655a6d3f49850b10857e6afc,61d7d1f20bc593cc2d106f24f0343084f56f811c8ebc63c856eaced34c50b65f,last,ood_metric/fpr95_id_tpr,OOD-4,primary,down,,id_test_vs_places365,detector_declared,ood_score/msp,places365,far,,,,45195,C1,adamw,0.003,0.1,0.5373111710943789,0.0060791698209302445,0.537311 ± 0.006079,0.5349055263531751,0.5442250319647677,0.5328029549651939
metric_contract_v1.2,c38b09694be88aa74de0741b39e9d3ba0d6ff61a,35a1a66f78dfd6255c4d804586ee6863969be78d21acec5cd0ccf00476ddaa5c,f80984d28ef9a7550633fb3aea514f783f3db1fa655a6d3f49850b10857e6afc,61d7d1f20bc593cc2d106f24f0343084f56f811c8ebc63c856eaced34c50b65f,last,ood_metric/fpr95_threshold,OOD-4,appendix,descriptive,id_train,id_test_vs_places365,detector_declared,detector/ctm_prototype_cosine,places365,far,,,,45195,C1,adamw,0.003,0.1,0.8396766996022187,0.001829472844028767,0.839677 ± 0.001829,0.838054880768987,0.8416598925345294,0.8393153255031396
metric_contract_v1.2,c38b09694be88aa74de0741b39e9d3ba0d6ff61a,35a1a66f78dfd6255c4d804586ee6863969be78d21acec5cd0ccf00476ddaa5c,f80984d28ef9a7550633fb3aea514f783f3db1fa655a6d3f49850b10857e6afc,61d7d1f20bc593cc2d106f24f0343084f56f811c8ebc63c856eaced34c50b65f,last,ood_metric/fpr95_threshold,OOD-4,appendix,descriptive,id_train,id_test_vs_places365,detector_declared,detector/gda_class_density,places365,far,,,,45195,C1,adamw,0.003,0.1,3936.991639555404,1471.4647765468487,3936.991640 ± 1471.464777,2453.4595914681067,3961.430621489598,5396.0847057085075
metric_contract_v1.2,c38b09694be88aa74de0741b39e9d3ba0d6ff61a,35a1a66f78dfd6255c4d804586ee6863969be78d21acec5cd0ccf00476ddaa5c,f80984d28ef9a7550633fb3aea514f783f3db1fa655a6d3f49850b10857e6afc,61d7d1f20bc593cc2d106f24f0343084f56f811c8ebc63c856eaced34c50b65f,last,ood_metric/fpr95_threshold,OOD-4,appendix,descriptive,id_train,id_test_vs_places365,detector_declared,detector/knn_l2_k50,places365,far,,,,45195,C1,adamw,0.003,0.1,-0.20899529404331554,0.0030217668714410365,-0.208995 ± 0.003022,-0.21180300156847578,-0.20579737816776178,-0.2093855023937091
metric_contract_v1.2,c38b09694be88aa74de0741b39e9d3ba0d6ff61a,35a1a66f78dfd6255c4d804586ee6863969be78d21acec5cd0ccf00476ddaa5c,f80984d28ef9a7550633fb3aea514f783f3db1fa655a6d3f49850b10857e6afc,61d7d1f20bc593cc2d106f24f0343084f56f811c8ebc63c856eaced34c50b65f,last,ood_metric/fpr95_threshold,OOD-4,appendix,descriptive,id_train,id_test_vs_places365,detector_declared,detector/mahalanobis_pp,places365,far,,,,45195,C1,adamw,0.003,0.1,-986.4696279871129,12.775219284153312,-986.469628 ± 12.775219,-998.3698687020873,-972.9700420225478,-988.0689732367034
metric_contract_v1.2,c38b09694be88aa74de0741b39e9d3ba0d6ff61a,35a1a66f78dfd6255c4d804586ee6863969be78d21acec5cd0ccf00476ddaa5c,f80984d28ef9a7550633fb3aea514f783f3db1fa655a6d3f49850b10857e6afc,61d7d1f20bc593cc2d106f24f0343084f56f811c8ebc63c856eaced34c50b65f,last,ood_metric/fpr95_threshold,OOD-4,appendix,descriptive,id_train,id_test_vs_places365,detector_declared,detector/mahalanobis_raw,places365,far,,,,45195,C1,adamw,0.003,0.1,-977.9992625491041,8.389452120758724,-977.999263 ± 8.389452,-984.7068908700503,-968.5924575066344,-980.6984392706275
metric_contract_v1.2,c38b09694be88aa74de0741b39e9d3ba0d6ff61a,35a1a66f78dfd6255c4d804586ee6863969be78d21acec5cd0ccf00476ddaa5c,f80984d28ef9a7550633fb3aea514f783f3db1fa655a6d3f49850b10857e6afc,61d7d1f20bc593cc2d106f24f0343084f56f811c8ebc63c856eaced34c50b65f,last,ood_metric/fpr95_threshold,OOD-4,appendix,descriptive,id_train,id_test_vs_places365,detector_declared,detector/marginal_mahalanobis_raw,places365,far,,,,45195,C1,adamw,0.003,0.1,-952.3886685044821,6.4364671405527965,-952.388669 ± 6.436467,-957.980289767358,-945.3527590545222,-953.8329566915659
metric_contract_v1.2,c38b09694be88aa74de0741b39e9d3ba0d6ff61a,35a1a66f78dfd6255c4d804586ee6863969be78d21acec5cd0ccf00476ddaa5c,f80984d28ef9a7550633fb3aea514f783f3db1fa655a6d3f49850b10857e6afc,61d7d1f20bc593cc2d106f24f0343084f56f811c8ebc63c856eaced34c50b65f,last,ood_metric/fpr95_threshold,OOD-4,appendix,descriptive,id_train,id_test_vs_places365,detector_declared,detector/ncp_euclidean_raw,places365,far,,,,45195,C1,adamw,0.003,0.1,-9.492255194876762,0.09772854637657638,-9.492255 ± 0.097729,-9.567774813288427,-9.381876798497286,-9.527113972844573
metric_contract_v1.2,c38b09694be88aa74de0741b39e9d3ba0d6ff61a,35a1a66f78dfd6255c4d804586ee6863969be78d21acec5cd0ccf00476ddaa5c,f80984d28ef9a7550633fb3aea514f783f3db1fa655a6d3f49850b10857e6afc,61d7d1f20bc593cc2d106f24f0343084f56f811c8ebc63c856eaced34c50b65f,last,ood_metric/fpr95_threshold,OOD-4,appendix,descriptive,id_train,id_test_vs_places365,detector_declared,detector/neco_author_std_dim100,places365,far,,,,45195,C1,adamw,0.003,0.1,0.9591320719794781,0.003078874811045684,0.959132 ± 0.003079,0.9578636300882339,0.9568900520661849,0.9626425337840157
metric_contract_v1.2,c38b09694be88aa74de0741b39e9d3ba0d6ff61a,35a1a66f78dfd6255c4d804586ee6863969be78d21acec5cd0ccf00476ddaa5c,f80984d28ef9a7550633fb3aea514f783f3db1fa655a6d3f49850b10857e6afc,61d7d1f20bc593cc2d106f24f0343084f56f811c8ebc63c856eaced34c50b65f,last,ood_metric/fpr95_threshold,OOD-4,appendix,descriptive,id_train,id_test_vs_places365,detector_declared,detector/relative_mahalanobis_pp,places365,far,,,,45195,C1,adamw,0.003,0.1,-105.39081247118065,1.860442220390879,-105.390812 ± 1.860442,-107.52706213693345,-104.12628682468264,-104.51908845192587
metric_contract_v1.2,c38b09694be88aa74de0741b39e9d3ba0d6ff61a,35a1a66f78dfd6255c4d804586ee6863969be78d21acec5cd0ccf00476ddaa5c,f80984d28ef9a7550633fb3aea514f783f3db1fa655a6d3f49850b10857e6afc,61d7d1f20bc593cc2d106f24f0343084f56f811c8ebc63c856eaced34c50b65f,last,ood_metric/fpr95_threshold,OOD-4,appendix,descriptive,id_train,id_test_vs_places365,detector_declared,detector/relative_mahalanobis_raw,places365,far,,,,45195,C1,adamw,0.003,0.1,-90.81326395007015,3.3315333487603787,-90.813264 ± 3.331533,-89.10075432606722,-94.65273808767869,-88.68629943646452
metric_contract_v1.2,c38b09694be88aa74de0741b39e9d3ba0d6ff61a,35a1a66f78dfd6255c4d804586ee6863969be78d21acec5cd0ccf00476ddaa5c,f80984d28ef9a7550633fb3aea514f783f3db1fa655a6d3f49850b10857e6afc,61d7d1f20bc593cc2d106f24f0343084f56f811c8ebc63c856eaced34c50b65f,last,ood_metric/fpr95_threshold,OOD-4,appendix,descriptive,id_train,id_test_vs_places365,detector_declared,detector/vim_author_dim,places365,far,,,,45195,C1,adamw,0.003,0.1,-10.53592570298966,0.11451110531434718,-10.535926 ± 0.114511,-10.466300228927754,-10.473388487470269,-10.66808839257096
metric_contract_v1.2,c38b09694be88aa74de0741b39e9d3ba0d6ff61a,35a1a66f78dfd6255c4d804586ee6863969be78d21acec5cd0ccf00476ddaa5c,f80984d28ef9a7550633fb3aea514f783f3db1fa655a6d3f49850b10857e6afc,61d7d1f20bc593cc2d106f24f0343084f56f811c8ebc63c856eaced34c50b65f,last,ood_metric/fpr95_threshold,OOD-4,appendix,descriptive,id_train,id_test_vs_places365,detector_declared,detector/vim_dim128,places365,far,,,,45195,C1,adamw,0.003,0.1,-9.975605490018237,0.1421238836433124,-9.975605 ± 0.142124,-9.811509040749916,-10.055792315983355,-10.059515113321437
metric_contract_v1.2,c38b09694be88aa74de0741b39e9d3ba0d6ff61a,35a1a66f78dfd6255c4d804586ee6863969be78d21acec5cd0ccf00476ddaa5c,f80984d28ef9a7550633fb3aea514f783f3db1fa655a6d3f49850b10857e6afc,61d7d1f20bc593cc2d106f24f0343084f56f811c8ebc63c856eaced34c50b65f,last,ood_metric/fpr95_threshold,OOD-4,appendix,descriptive,id_train,id_test_vs_places365,detector_declared,detector/vim_dim256,places365,far,,,,45195,C1,adamw,0.003,0.1,-10.403663013208588,0.12236202131147707,-10.403663 ± 0.122362,-10.279978919678012,-10.406351463168015,-10.524658656779735
metric_contract_v1.2,c38b09694be88aa74de0741b39e9d3ba0d6ff61a,35a1a66f78dfd6255c4d804586ee6863969be78d21acec5cd0ccf00476ddaa5c,f80984d28ef9a7550633fb3aea514f783f3db1fa655a6d3f49850b10857e6afc,61d7d1f20bc593cc2d106f24f0343084f56f811c8ebc63c856eaced34c50b65f,last,ood_metric/fpr95_threshold,OOD-4,appendix,descriptive,id_train,id_test_vs_places365,detector_declared,detector/vim_dim320,places365,far,,,,45195,C1,adamw,0.003,0.1,-10.53592570298966,0.11451110531434718,-10.535926 ± 0.114511,-10.466300228927754,-10.473388487470269,-10.66808839257096
metric_contract_v1.2,c38b09694be88aa74de0741b39e9d3ba0d6ff61a,35a1a66f78dfd6255c4d804586ee6863969be78d21acec5cd0ccf00476ddaa5c,f80984d28ef9a7550633fb3aea514f783f3db1fa655a6d3f49850b10857e6afc,61d7d1f20bc593cc2d106f24f0343084f56f811c8ebc63c856eaced34c50b65f,last,ood_metric/fpr95_threshold,OOD-4,appendix,descriptive,id_train,id_test_vs_places365,detector_declared,detector/vim_dim64,places365,far,,,,45195,C1,adamw,0.003,0.1,-9.769856779138768,0.13068715394437333,-9.769857 ± 0.130687,-9.649056701327261,-9.751932887431769,-9.90858074865727
metric_contract_v1.2,c38b09694be88aa74de0741b39e9d3ba0d6ff61a,35a1a66f78dfd6255c4d804586ee6863969be78d21acec5cd0ccf00476ddaa5c,f80984d28ef9a7550633fb3aea514f783f3db1fa655a6d3f49850b10857e6afc,61d7d1f20bc593cc2d106f24f0343084f56f811c8ebc63c856eaced34c50b65f,last,ood_metric/fpr95_threshold,OOD-4,appendix,descriptive,id_train,id_test_vs_places365,detector_declared,detector/weight_cosine_appendix,places365,far,,,,45195,C1,adamw,0.003,0.1,0.03960778372402316,0.0036482664405346333,0.039608 ± 0.003648,0.04280536991526642,0.03563382117480268,0.04038416008200039
metric_contract_v1.2,c38b09694be88aa74de0741b39e9d3ba0d6ff61a,35a1a66f78dfd6255c4d804586ee6863969be78d21acec5cd0ccf00476ddaa5c,f80984d28ef9a7550633fb3aea514f783f3db1fa655a6d3f49850b10857e6afc,61d7d1f20bc593cc2d106f24f0343084f56f811c8ebc63c856eaced34c50b65f,last,ood_metric/fpr95_threshold,OOD-4,appendix,descriptive,,id_test_vs_places365,detector_declared,ood_score/energy_t1,places365,far,,,,45195,C1,adamw,0.003,0.1,1.8602449129781216,0.07941016058471291,1.860245 ± 0.079410,1.9291417369309687,1.7733952191376283,1.878197782865768
metric_contract_v1.2,c38b09694be88aa74de0741b39e9d3ba0d6ff61a,35a1a66f78dfd6255c4d804586ee6863969be78d21acec5cd0ccf00476ddaa5c,f80984d28ef9a7550633fb3aea514f783f3db1fa655a6d3f49850b10857e6afc,61d7d1f20bc593cc2d106f24f0343084f56f811c8ebc63c856eaced34c50b65f,last,ood_metric/fpr95_threshold,OOD-4,appendix,descriptive,,id_test_vs_places365,detector_declared,ood_score/max_logit,places365,far,,,,45195,C1,adamw,0.003,0.1,1.7737750848134362,0.0659377253226084,1.773775 ± 0.065938,1.8261765718460088,1.6997376739978793,1.7954110085964203
metric_contract_v1.2,c38b09694be88aa74de0741b39e9d3ba0d6ff61a,35a1a66f78dfd6255c4d804586ee6863969be78d21acec5cd0ccf00476ddaa5c,f80984d28ef9a7550633fb3aea514f783f3db1fa655a6d3f49850b10857e6afc,61d7d1f20bc593cc2d106f24f0343084f56f811c8ebc63c856eaced34c50b65f,last,ood_metric/fpr95_threshold,OOD-4,appendix,descriptive,,id_test_vs_places365,detector_declared,ood_score/msp,places365,far,,,,45195,C1,adamw,0.003,0.1,0.9732697118581907,0.0008467067267261607,0.973270 ± 0.000847,0.9724084924421506,0.9732995247109836,0.9741011184214379
metric_contract_v1.2,c38b09694be88aa74de0741b39e9d3ba0d6ff61a,35a1a66f78dfd6255c4d804586ee6863969be78d21acec5cd0ccf00476ddaa5c,f80984d28ef9a7550633fb3aea514f783f3db1fa655a6d3f49850b10857e6afc,86af0abedd46c2a0c8eddb4fea4739037bd2bfd7259cc44a9b8303088bfee3b9,last,analysis/angular_control_gap_ctm_ncp,OOD-7,exploratory,descriptive,id_train,id_test_vs_places365,paired_auroc_difference,,places365,,,,,45195,C2,sgd,0.3,0.0001,0.02506728323151967,0.003604063733060617,0.025067 ± 0.003604,0.024961838329308095,0.028722912345503504,0.02151709901974741
metric_contract_v1.2,c38b09694be88aa74de0741b39e9d3ba0d6ff61a,35a1a66f78dfd6255c4d804586ee6863969be78d21acec5cd0ccf00476ddaa5c,f80984d28ef9a7550633fb3aea514f783f3db1fa655a6d3f49850b10857e6afc,86af0abedd46c2a0c8eddb4fea4739037bd2bfd7259cc44a9b8303088bfee3b9,last,analysis/restoration_gap_mahalanobis,OOD-7,exploratory,descriptive,id_train,id_test_vs_places365,paired_auroc_difference,,places365,,,,,45195,C2,sgd,0.3,0.0001,0.0905951025240328,0.008270333344749825,0.090595 ± 0.008270,0.0810460264242081,0.09527078278164502,0.09546849836624527
metric_contract_v1.2,c38b09694be88aa74de0741b39e9d3ba0d6ff61a,35a1a66f78dfd6255c4d804586ee6863969be78d21acec5cd0ccf00476ddaa5c,f80984d28ef9a7550633fb3aea514f783f3db1fa655a6d3f49850b10857e6afc,86af0abedd46c2a0c8eddb4fea4739037bd2bfd7259cc44a9b8303088bfee3b9,last,analysis/restoration_gap_relative_mahalanobis,OOD-7,exploratory,descriptive,id_train,id_test_vs_places365,paired_auroc_difference,,places365,,,,,45195,C2,sgd,0.3,0.0001,-0.011812883458824697,0.0006889241681419739,-0.011813 ± 0.000689,-0.011149839465833367,-0.01252505753658184,-0.011763753374058883
metric_contract_v1.2,c38b09694be88aa74de0741b39e9d3ba0d6ff61a,35a1a66f78dfd6255c4d804586ee6863969be78d21acec5cd0ccf00476ddaa5c,f80984d28ef9a7550633fb3aea514f783f3db1fa655a6d3f49850b10857e6afc,86af0abedd46c2a0c8eddb4fea4739037bd2bfd7259cc44a9b8303088bfee3b9,last,ood_metric/ap_in,OOD-2,appendix,up,id_train,id_test_vs_places365,detector_declared,detector/ctm_prototype_cosine,places365,far,,,,45195,C2,sgd,0.3,0.0001,0.7769598869205346,0.011851006078693195,0.776960 ± 0.011851,0.7677758121231288,0.7903374762463486,0.7727663723921266
metric_contract_v1.2,c38b09694be88aa74de0741b39e9d3ba0d6ff61a,35a1a66f78dfd6255c4d804586ee6863969be78d21acec5cd0ccf00476ddaa5c,f80984d28ef9a7550633fb3aea514f783f3db1fa655a6d3f49850b10857e6afc,86af0abedd46c2a0c8eddb4fea4739037bd2bfd7259cc44a9b8303088bfee3b9,last,ood_metric/ap_in,OOD-2,appendix,up,id_train,id_test_vs_places365,detector_declared,detector/gda_class_density,places365,far,,,,45195,C2,sgd,0.3,0.0001,0.5542608162795954,0.2069547219234706,0.554261 ± 0.206955,0.42388618721565385,0.7928900490399772,0.4460062125831554
metric_contract_v1.2,c38b09694be88aa74de0741b39e9d3ba0d6ff61a,35a1a66f78dfd6255c4d804586ee6863969be78d21acec5cd0ccf00476ddaa5c,f80984d28ef9a7550633fb3aea514f783f3db1fa655a6d3f49850b10857e6afc,86af0abedd46c2a0c8eddb4fea4739037bd2bfd7259cc44a9b8303088bfee3b9,last,ood_metric/ap_in,OOD-2,appendix,up,id_train,id_test_vs_places365,detector_declared,detector/knn_l2_k50,places365,far,,,,45195,C2,sgd,0.3,0.0001,0.8073210775648963,0.00873445323034388,0.807321 ± 0.008734,0.8013114710997659,0.817340447486414,0.8033113141085091
metric_contract_v1.2,c38b09694be88aa74de0741b39e9d3ba0d6ff61a,35a1a66f78dfd6255c4d804586ee6863969be78d21acec5cd0ccf00476ddaa5c,f80984d28ef9a7550633fb3aea514f783f3db1fa655a6d3f49850b10857e6afc,86af0abedd46c2a0c8eddb4fea4739037bd2bfd7259cc44a9b8303088bfee3b9,last,ood_metric/ap_in,OOD-2,appendix,up,id_train,id_test_vs_places365,detector_declared,detector/mahalanobis_pp,places365,far,,,,45195,C2,sgd,0.3,0.0001,0.7274161756763423,0.04372022896172953,0.727416 ± 0.043720,0.7003977660357825,0.7778572444603763,0.7039935165328683
metric_contract_v1.2,c38b09694be88aa74de0741b39e9d3ba0d6ff61a,35a1a66f78dfd6255c4d804586ee6863969be78d21acec5cd0ccf00476ddaa5c,f80984d28ef9a7550633fb3aea514f783f3db1fa655a6d3f49850b10857e6afc,86af0abedd46c2a0c8eddb4fea4739037bd2bfd7259cc44a9b8303088bfee3b9,last,ood_metric/ap_in,OOD-2,appendix,up,id_train,id_test_vs_places365,detector_declared,detector/mahalanobis_raw,places365,far,,,,45195,C2,sgd,0.3,0.0001,0.6006367678108476,0.03655921218937189,0.600637 ± 0.036559,0.5862149271427011,0.6422073138663176,0.5734880624235242
metric_contract_v1.2,c38b09694be88aa74de0741b39e9d3ba0d6ff61a,35a1a66f78dfd6255c4d804586ee6863969be78d21acec5cd0ccf00476ddaa5c,f80984d28ef9a7550633fb3aea514f783f3db1fa655a6d3f49850b10857e6afc,86af0abedd46c2a0c8eddb4fea4739037bd2bfd7259cc44a9b8303088bfee3b9,last,ood_metric/ap_in,OOD-2,appendix,up,id_train,id_test_vs_places365,detector_declared,detector/marginal_mahalanobis_raw,places365,far,,,,45195,C2,sgd,0.3,0.0001,0.44681293520936594,0.04392118816360436,0.446813 ± 0.043921,0.43124092572977285,0.49639852320400296,0.4127993566943221
metric_contract_v1.2,c38b09694be88aa74de0741b39e9d3ba0d6ff61a,35a1a66f78dfd6255c4d804586ee6863969be78d21acec5cd0ccf00476ddaa5c,f80984d28ef9a7550633fb3aea514f783f3db1fa655a6d3f49850b10857e6afc,86af0abedd46c2a0c8eddb4fea4739037bd2bfd7259cc44a9b8303088bfee3b9,last,ood_metric/ap_in,OOD-2,appendix,up,id_train,id_test_vs_places365,detector_declared,detector/ncp_euclidean_raw,places365,far,,,,45195,C2,sgd,0.3,0.0001,0.752654198100605,0.006497179910645134,0.752654 ± 0.006497,0.7452227396401255,0.757260666155595,0.7554791885060943
metric_contract_v1.2,c38b09694be88aa74de0741b39e9d3ba0d6ff61a,35a1a66f78dfd6255c4d804586ee6863969be78d21acec5cd0ccf00476ddaa5c,f80984d28ef9a7550633fb3aea514f783f3db1fa655a6d3f49850b10857e6afc,86af0abedd46c2a0c8eddb4fea4739037bd2bfd7259cc44a9b8303088bfee3b9,last,ood_metric/ap_in,OOD-2,appendix,up,id_train,id_test_vs_places365,detector_declared,detector/neco_author_std_dim100,places365,far,,,,45195,C2,sgd,0.3,0.0001,0.7211680162277677,0.04730864605770575,0.721168 ± 0.047309,0.676050246803596,0.7703989491074341,0.7170548527722729
metric_contract_v1.2,c38b09694be88aa74de0741b39e9d3ba0d6ff61a,35a1a66f78dfd6255c4d804586ee6863969be78d21acec5cd0ccf00476ddaa5c,f80984d28ef9a7550633fb3aea514f783f3db1fa655a6d3f49850b10857e6afc,86af0abedd46c2a0c8eddb4fea4739037bd2bfd7259cc44a9b8303088bfee3b9,last,ood_metric/ap_in,OOD-2,appendix,up,id_train,id_test_vs_places365,detector_declared,detector/relative_mahalanobis_pp,places365,far,,,,45195,C2,sgd,0.3,0.0001,0.8255796450972935,0.004539351952389963,0.825580 ± 0.004539,0.8242637091260434,0.830631580599565,0.8218436455662721
metric_contract_v1.2,c38b09694be88aa74de0741b39e9d3ba0d6ff61a,35a1a66f78dfd6255c4d804586ee6863969be78d21acec5cd0ccf00476ddaa5c,f80984d28ef9a7550633fb3aea514f783f3db1fa655a6d3f49850b10857e6afc,86af0abedd46c2a0c8eddb4fea4739037bd2bfd7259cc44a9b8303088bfee3b9,last,ood_metric/ap_in,OOD-2,appendix,up,id_train,id_test_vs_places365,detector_declared,detector/relative_mahalanobis_raw,places365,far,,,,45195,C2,sgd,0.3,0.0001,0.8471617561135357,0.00774019137376324,0.847162 ± 0.007740,0.8472559498672321,0.8548544207417376,0.8393748977316378
metric_contract_v1.2,c38b09694be88aa74de0741b39e9d3ba0d6ff61a,35a1a66f78dfd6255c4d804586ee6863969be78d21acec5cd0ccf00476ddaa5c,f80984d28ef9a7550633fb3aea514f783f3db1fa655a6d3f49850b10857e6afc,86af0abedd46c2a0c8eddb4fea4739037bd2bfd7259cc44a9b8303088bfee3b9,last,ood_metric/ap_in,OOD-2,appendix,up,id_train,id_test_vs_places365,detector_declared,detector/vim_author_dim,places365,far,,,,45195,C2,sgd,0.3,0.0001,0.8227241776713075,0.01639211057751479,0.822724 ± 0.016392,0.8140684457577189,0.8416297669745484,0.8124743202816551
metric_contract_v1.2,c38b09694be88aa74de0741b39e9d3ba0d6ff61a,35a1a66f78dfd6255c4d804586ee6863969be78d21acec5cd0ccf00476ddaa5c,f80984d28ef9a7550633fb3aea514f783f3db1fa655a6d3f49850b10857e6afc,86af0abedd46c2a0c8eddb4fea4739037bd2bfd7259cc44a9b8303088bfee3b9,last,ood_metric/ap_in,OOD-2,appendix,up,id_train,id_test_vs_places365,detector_declared,detector/vim_dim128,places365,far,,,,45195,C2,sgd,0.3,0.0001,0.8228484547927731,0.01480282504232082,0.822848 ± 0.014803,0.8159919758355563,0.8398363827436692,0.8127170057990938
metric_contract_v1.2,c38b09694be88aa74de0741b39e9d3ba0d6ff61a,35a1a66f78dfd6255c4d804586ee6863969be78d21acec5cd0ccf00476ddaa5c,f80984d28ef9a7550633fb3aea514f783f3db1fa655a6d3f49850b10857e6afc,86af0abedd46c2a0c8eddb4fea4739037bd2bfd7259cc44a9b8303088bfee3b9,last,ood_metric/ap_in,OOD-2,appendix,up,id_train,id_test_vs_places365,detector_declared,detector/vim_dim256,places365,far,,,,45195,C2,sgd,0.3,0.0001,0.8263138897491885,0.015476572582840117,0.826314 ± 0.015477,0.8208386886368202,0.8437837993062136,0.8143191813045317
metric_contract_v1.2,c38b09694be88aa74de0741b39e9d3ba0d6ff61a,35a1a66f78dfd6255c4d804586ee6863969be78d21acec5cd0ccf00476ddaa5c,f80984d28ef9a7550633fb3aea514f783f3db1fa655a6d3f49850b10857e6afc,86af0abedd46c2a0c8eddb4fea4739037bd2bfd7259cc44a9b8303088bfee3b9,last,ood_metric/ap_in,OOD-2,appendix,up,id_train,id_test_vs_places365,detector_declared,detector/vim_dim320,places365,far,,,,45195,C2,sgd,0.3,0.0001,0.8227241776713075,0.01639211057751479,0.822724 ± 0.016392,0.8140684457577189,0.8416297669745484,0.8124743202816551
metric_contract_v1.2,c38b09694be88aa74de0741b39e9d3ba0d6ff61a,35a1a66f78dfd6255c4d804586ee6863969be78d21acec5cd0ccf00476ddaa5c,f80984d28ef9a7550633fb3aea514f783f3db1fa655a6d3f49850b10857e6afc,86af0abedd46c2a0c8eddb4fea4739037bd2bfd7259cc44a9b8303088bfee3b9,last,ood_metric/ap_in,OOD-2,appendix,up,id_train,id_test_vs_places365,detector_declared,detector/vim_dim64,places365,far,,,,45195,C2,sgd,0.3,0.0001,0.8043532174401364,0.01927456320043119,0.804353 ± 0.019275,0.7984979888101699,0.825876422894837,0.7886852406154025
metric_contract_v1.2,c38b09694be88aa74de0741b39e9d3ba0d6ff61a,35a1a66f78dfd6255c4d804586ee6863969be78d21acec5cd0ccf00476ddaa5c,f80984d28ef9a7550633fb3aea514f783f3db1fa655a6d3f49850b10857e6afc,86af0abedd46c2a0c8eddb4fea4739037bd2bfd7259cc44a9b8303088bfee3b9,last,ood_metric/ap_in,OOD-2,appendix,up,id_train,id_test_vs_places365,detector_declared,detector/weight_cosine_appendix,places365,far,,,,45195,C2,sgd,0.3,0.0001,0.7660612624128321,0.012279117147478544,0.766061 ± 0.012279,0.7728109519656586,0.7518878998618885,0.7734849354109495
metric_contract_v1.2,c38b09694be88aa74de0741b39e9d3ba0d6ff61a,35a1a66f78dfd6255c4d804586ee6863969be78d21acec5cd0ccf00476ddaa5c,f80984d28ef9a7550633fb3aea514f783f3db1fa655a6d3f49850b10857e6afc,86af0abedd46c2a0c8eddb4fea4739037bd2bfd7259cc44a9b8303088bfee3b9,last,ood_metric/ap_in,OOD-2,appendix,up,,id_test_vs_places365,detector_declared,ood_score/energy_t1,places365,far,,,,45195,C2,sgd,0.3,0.0001,0.7696905136829065,0.020590042404854653,0.769691 ± 0.020590,0.7552913865362695,0.7932744814045286,0.7605056731079214
metric_contract_v1.2,c38b09694be88aa74de0741b39e9d3ba0d6ff61a,35a1a66f78dfd6255c4d804586ee6863969be78d21acec5cd0ccf00476ddaa5c,f80984d28ef9a7550633fb3aea514f783f3db1fa655a6d3f49850b10857e6afc,86af0abedd46c2a0c8eddb4fea4739037bd2bfd7259cc44a9b8303088bfee3b9,last,ood_metric/ap_in,OOD-2,appendix,up,,id_test_vs_places365,detector_declared,ood_score/max_logit,places365,far,,,,45195,C2,sgd,0.3,0.0001,0.7694070711750745,0.020476643082972867,0.769407 ± 0.020477,0.7551190514063331,0.7928661746927499,0.7602359874261403
metric_contract_v1.2,c38b09694be88aa74de0741b39e9d3ba0d6ff61a,35a1a66f78dfd6255c4d804586ee6863969be78d21acec5cd0ccf00476ddaa5c,f80984d28ef9a7550633fb3aea514f783f3db1fa655a6d3f49850b10857e6afc,86af0abedd46c2a0c8eddb4fea4739037bd2bfd7259cc44a9b8303088bfee3b9,last,ood_metric/ap_in,OOD-2,appendix,up,,id_test_vs_places365,detector_declared,ood_score/msp,places365,far,,,,45195,C2,sgd,0.3,0.0001,0.7906736844068168,0.012646802462334385,0.790674 ± 0.012647,0.7861934372626402,0.8049507158736524,0.7808769000841578
metric_contract_v1.2,c38b09694be88aa74de0741b39e9d3ba0d6ff61a,35a1a66f78dfd6255c4d804586ee6863969be78d21acec5cd0ccf00476ddaa5c,f80984d28ef9a7550633fb3aea514f783f3db1fa655a6d3f49850b10857e6afc,86af0abedd46c2a0c8eddb4fea4739037bd2bfd7259cc44a9b8303088bfee3b9,last,ood_metric/ap_out,OOD-3,appendix,up,id_train,id_test_vs_places365,detector_declared,detector/ctm_prototype_cosine,places365,far,,,,45195,C2,sgd,0.3,0.0001,0.965154194313712,0.0030066320095638553,0.965154 ± 0.003007,0.9628189269131682,0.9685466270311767,0.9640970289967911
metric_contract_v1.2,c38b09694be88aa74de0741b39e9d3ba0d6ff61a,35a1a66f78dfd6255c4d804586ee6863969be78d21acec5cd0ccf00476ddaa5c,f80984d28ef9a7550633fb3aea514f783f3db1fa655a6d3f49850b10857e6afc,86af0abedd46c2a0c8eddb4fea4739037bd2bfd7259cc44a9b8303088bfee3b9,last,ood_metric/ap_out,OOD-3,appendix,up,id_train,id_test_vs_places365,detector_declared,detector/gda_class_density,places365,far,,,,45195,C2,sgd,0.3,0.0001,0.889794169659018,0.05698713894024577,0.889794 ± 0.056987,0.8657167268828192,0.954868177099085,0.8487976049951498
metric_contract_v1.2,c38b09694be88aa74de0741b39e9d3ba0d6ff61a,35a1a66f78dfd6255c4d804586ee6863969be78d21acec5cd0ccf00476ddaa5c,f80984d28ef9a7550633fb3aea514f783f3db1fa655a6d3f49850b10857e6afc,86af0abedd46c2a0c8eddb4fea4739037bd2bfd7259cc44a9b8303088bfee3b9,last,ood_metric/ap_out,OOD-3,appendix,up,id_train,id_test_vs_places365,detector_declared,detector/knn_l2_k50,places365,far,,,,45195,C2,sgd,0.3,0.0001,0.970159823244943,0.002100237526224238,0.970160 ± 0.002100,0.968339387896528,0.9724576680388196,0.9696824137994812
metric_contract_v1.2,c38b09694be88aa74de0741b39e9d3ba0d6ff61a,35a1a66f78dfd6255c4d804586ee6863969be78d21acec5cd0ccf00476ddaa5c,f80984d28ef9a7550633fb3aea514f783f3db1fa655a6d3f49850b10857e6afc,86af0abedd46c2a0c8eddb4fea4739037bd2bfd7259cc44a9b8303088bfee3b9,last,ood_metric/ap_out,OOD-3,appendix,up,id_train,id_test_vs_places365,detector_declared,detector/mahalanobis_pp,places365,far,,,,45195,C2,sgd,0.3,0.0001,0.9548378036899404,0.009897316605883227,0.954838 ± 0.009897,0.94922477307854,0.9662656467074089,0.9490229912838724
metric_contract_v1.2,c38b09694be88aa74de0741b39e9d3ba0d6ff61a,35a1a66f78dfd6255c4d804586ee6863969be78d21acec5cd0ccf00476ddaa5c,f80984d28ef9a7550633fb3aea514f783f3db1fa655a6d3f49850b10857e6afc,86af0abedd46c2a0c8eddb4fea4739037bd2bfd7259cc44a9b8303088bfee3b9,last,ood_metric/ap_out,OOD-3,appendix,up,id_train,id_test_vs_places365,detector_declared,detector/mahalanobis_raw,places365,far,,,,45195,C2,sgd,0.3,0.0001,0.9098210913598935,0.009808718033895077,0.909821 ± 0.009809,0.9090120469094721,0.9200092752092811,0.9004419519609275
metric_contract_v1.2,c38b09694be88aa74de0741b39e9d3ba0d6ff61a,35a1a66f78dfd6255c4d804586ee6863969be78d21acec5cd0ccf00476ddaa5c,f80984d28ef9a7550633fb3aea514f783f3db1fa655a6d3f49850b10857e6afc,86af0abedd46c2a0c8eddb4fea4739037bd2bfd7259cc44a9b8303088bfee3b9,last,ood_metric/ap_out,OOD-3,appendix,up,id_train,id_test_vs_places365,detector_declared,detector/marginal_mahalanobis_raw,places365,far,,,,45195,C2,sgd,0.3,0.0001,0.8704446720391571,0.011977897550194426,0.870445 ± 0.011978,0.8683448843256673,0.8833336198442401,0.8596555119475637
metric_contract_v1.2,c38b09694be88aa74de0741b39e9d3ba0d6ff61a,35a1a66f78dfd6255c4d804586ee6863969be78d21acec5cd0ccf00476ddaa5c,f80984d28ef9a7550633fb3aea514f783f3db1fa655a6d3f49850b10857e6afc,86af0abedd46c2a0c8eddb4fea4739037bd2bfd7259cc44a9b8303088bfee3b9,last,ood_metric/ap_out,OOD-3,appendix,up,id_train,id_test_vs_places365,detector_declared,detector/ncp_euclidean_raw,places365,far,,,,45195,C2,sgd,0.3,0.0001,0.9457957932322331,0.0024519489487430674,0.945796 ± 0.002452,0.9434921276361824,0.9483730723685755,0.9455221796919412
metric_contract_v1.2,c38b09694be88aa74de0741b39e9d3ba0d6ff61a,35a1a66f78dfd6255c4d804586ee6863969be78d21acec5cd0ccf00476ddaa5c,f80984d28ef9a7550633fb3aea514f783f3db1fa655a6d3f49850b10857e6afc,86af0abedd46c2a0c8eddb4fea4739037bd2bfd7259cc44a9b8303088bfee3b9,last,ood_metric/ap_out,OOD-3,appendix,up,id_train,id_test_vs_places365,detector_declared,detector/neco_author_std_dim100,places365,far,,,,45195,C2,sgd,0.3,0.0001,0.9543602180744686,0.0069976286617215834,0.954360 ± 0.006998,0.948721200222861,0.9621915046429144,0.9521679493576306
metric_contract_v1.2,c38b09694be88aa74de0741b39e9d3ba0d6ff61a,35a1a66f78dfd6255c4d804586ee6863969be78d21acec5cd0ccf00476ddaa5c,f80984d28ef9a7550633fb3aea514f783f3db1fa655a6d3f49850b10857e6afc,86af0abedd46c2a0c8eddb4fea4739037bd2bfd7259cc44a9b8303088bfee3b9,last,ood_metric/ap_out,OOD-3,appendix,up,id_train,id_test_vs_places365,detector_declared,detector/relative_mahalanobis_pp,places365,far,,,,45195,C2,sgd,0.3,0.0001,0.9686556464676196,0.0021110383446990917,0.968656 ± 0.002111,0.9699492724198308,0.9697980740607539,0.966219592922274
metric_contract_v1.2,c38b09694be88aa74de0741b39e9d3ba0d6ff61a,35a1a66f78dfd6255c4d804586ee6863969be78d21acec5cd0ccf00476ddaa5c,f80984d28ef9a7550633fb3aea514f783f3db1fa655a6d3f49850b10857e6afc,86af0abedd46c2a0c8eddb4fea4739037bd2bfd7259cc44a9b8303088bfee3b9,last,ood_metric/ap_out,OOD-3,appendix,up,id_train,id_test_vs_places365,detector_declared,detector/relative_mahalanobis_raw,places365,far,,,,45195,C2,sgd,0.3,0.0001,0.9742006075309808,0.0016004232762376455,0.974201 ± 0.001600,0.9747145588983389,0.975480916842713,0.9724063468518906
metric_contract_v1.2,c38b09694be88aa74de0741b39e9d3ba0d6ff61a,35a1a66f78dfd6255c4d804586ee6863969be78d21acec5cd0ccf00476ddaa5c,f80984d28ef9a7550633fb3aea514f783f3db1fa655a6d3f49850b10857e6afc,86af0abedd46c2a0c8eddb4fea4739037bd2bfd7259cc44a9b8303088bfee3b9,last,ood_metric/ap_out,OOD-3,appendix,up,id_train,id_test_vs_places365,detector_declared,detector/vim_author_dim,places365,far,,,,45195,C2,sgd,0.3,0.0001,0.97355832056734,0.0019204746546683212,0.973558 ± 0.001920,0.9719585158924875,0.9756881445757543,0.9730283012337784
metric_contract_v1.2,c38b09694be88aa74de0741b39e9d3ba0d6ff61a,35a1a66f78dfd6255c4d804586ee6863969be78d21acec5cd0ccf00476ddaa5c,f80984d28ef9a7550633fb3aea514f783f3db1fa655a6d3f49850b10857e6afc,86af0abedd46c2a0c8eddb4fea4739037bd2bfd7259cc44a9b8303088bfee3b9,last,ood_metric/ap_out,OOD-3,appendix,up,id_train,id_test_vs_places365,detector_declared,detector/vim_dim128,places365,far,,,,45195,C2,sgd,0.3,0.0001,0.9745199713283829,0.0013446946958256434,0.974520 ± 0.001345,0.9737908736432986,0.9760717506663155,0.9736972896755344
metric_contract_v1.2,c38b09694be88aa74de0741b39e9d3ba0d6ff61a,35a1a66f78dfd6255c4d804586ee6863969be78d21acec5cd0ccf00476ddaa5c,f80984d28ef9a7550633fb3aea514f783f3db1fa655a6d3f49850b10857e6afc,86af0abedd46c2a0c8eddb4fea4739037bd2bfd7259cc44a9b8303088bfee3b9,last,ood_metric/ap_out,OOD-3,appendix,up,id_train,id_test_vs_places365,detector_declared,detector/vim_dim256,places365,far,,,,45195,C2,sgd,0.3,0.0001,0.9744971753223992,0.0016750686751100393,0.974497 ± 0.001675,0.9736075929961312,0.9764293593488779,0.9734545736221886
metric_contract_v1.2,c38b09694be88aa74de0741b39e9d3ba0d6ff61a,35a1a66f78dfd6255c4d804586ee6863969be78d21acec5cd0ccf00476ddaa5c,f80984d28ef9a7550633fb3aea514f783f3db1fa655a6d3f49850b10857e6afc,86af0abedd46c2a0c8eddb4fea4739037bd2bfd7259cc44a9b8303088bfee3b9,last,ood_metric/ap_out,OOD-3,appendix,up,id_train,id_test_vs_places365,detector_declared,detector/vim_dim320,places365,far,,,,45195,C2,sgd,0.3,0.0001,0.97355832056734,0.0019204746546683212,0.973558 ± 0.001920,0.9719585158924875,0.9756881445757543,0.9730283012337784
metric_contract_v1.2,c38b09694be88aa74de0741b39e9d3ba0d6ff61a,35a1a66f78dfd6255c4d804586ee6863969be78d21acec5cd0ccf00476ddaa5c,f80984d28ef9a7550633fb3aea514f783f3db1fa655a6d3f49850b10857e6afc,86af0abedd46c2a0c8eddb4fea4739037bd2bfd7259cc44a9b8303088bfee3b9,last,ood_metric/ap_out,OOD-3,appendix,up,id_train,id_test_vs_places365,detector_declared,detector/vim_dim64,places365,far,,,,45195,C2,sgd,0.3,0.0001,0.9720076380311409,0.0019104212514400724,0.972008 ± 0.001910,0.9706727378434598,0.9741960222046346,0.9711541540453282
metric_contract_v1.2,c38b09694be88aa74de0741b39e9d3ba0d6ff61a,35a1a66f78dfd6255c4d804586ee6863969be78d21acec5cd0ccf00476ddaa5c,f80984d28ef9a7550633fb3aea514f783f3db1fa655a6d3f49850b10857e6afc,86af0abedd46c2a0c8eddb4fea4739037bd2bfd7259cc44a9b8303088bfee3b9,last,ood_metric/ap_out,OOD-3,appendix,up,id_train,id_test_vs_places365,detector_declared,detector/weight_cosine_appendix,places365,far,,,,45195,C2,sgd,0.3,0.0001,0.9613598074231394,0.0007647675041297006,0.961360 ± 0.000765,0.96164669309318,0.9604930791710002,0.961939650005238
metric_contract_v1.2,c38b09694be88aa74de0741b39e9d3ba0d6ff61a,35a1a66f78dfd6255c4d804586ee6863969be78d21acec5cd0ccf00476ddaa5c,f80984d28ef9a7550633fb3aea514f783f3db1fa655a6d3f49850b10857e6afc,86af0abedd46c2a0c8eddb4fea4739037bd2bfd7259cc44a9b8303088bfee3b9,last,ood_metric/ap_out,OOD-3,appendix,up,,id_test_vs_places365,detector_declared,ood_score/energy_t1,places365,far,,,,45195,C2,sgd,0.3,0.0001,0.9717671665503632,0.002232291061359358,0.971767 ± 0.002232,0.9702865389981612,0.9743347542307736,0.9706802064221549
metric_contract_v1.2,c38b09694be88aa74de0741b39e9d3ba0d6ff61a,35a1a66f78dfd6255c4d804586ee6863969be78d21acec5cd0ccf00476ddaa5c,f80984d28ef9a7550633fb3aea514f783f3db1fa655a6d3f49850b10857e6afc,86af0abedd46c2a0c8eddb4fea4739037bd2bfd7259cc44a9b8303088bfee3b9,last,ood_metric/ap_out,OOD-3,appendix,up,,id_test_vs_places365,detector_declared,ood_score/max_logit,places365,far,,,,45195,C2,sgd,0.3,0.0001,0.9713910921138392,0.002206021478421388,0.971391 ± 0.002206,0.9699163252979428,0.9739271772458942,0.9703297737976807
metric_contract_v1.2,c38b09694be88aa74de0741b39e9d3ba0d6ff61a,35a1a66f78dfd6255c4d804586ee6863969be78d21acec5cd0ccf00476ddaa5c,f80984d28ef9a7550633fb3aea514f783f3db1fa655a6d3f49850b10857e6afc,86af0abedd46c2a0c8eddb4fea4739037bd2bfd7259cc44a9b8303088bfee3b9,last,ood_metric/ap_out,OOD-3,appendix,up,,id_test_vs_places365,detector_declared,ood_score/msp,places365,far,,,,45195,C2,sgd,0.3,0.0001,0.9609351079370704,0.001066472376072508,0.960935 ± 0.001066,0.960770225166593,0.9620744190318405,0.9599606796127772
metric_contract_v1.2,c38b09694be88aa74de0741b39e9d3ba0d6ff61a,35a1a66f78dfd6255c4d804586ee6863969be78d21acec5cd0ccf00476ddaa5c,f80984d28ef9a7550633fb3aea514f783f3db1fa655a6d3f49850b10857e6afc,86af0abedd46c2a0c8eddb4fea4739037bd2bfd7259cc44a9b8303088bfee3b9,last,ood_metric/aupr_in_openood_auc,OOD-2,primary,up,id_train,id_test_vs_places365,detector_declared,detector/ctm_prototype_cosine,places365,far,,,,45195,C2,sgd,0.3,0.0001,0.7769445571285409,0.01185035900660694,0.776945 ± 0.011850,0.7677612987451278,0.7903215054768333,0.7727508671636616
metric_contract_v1.2,c38b09694be88aa74de0741b39e9d3ba0d6ff61a,35a1a66f78dfd6255c4d804586ee6863969be78d21acec5cd0ccf00476ddaa5c,f80984d28ef9a7550633fb3aea514f783f3db1fa655a6d3f49850b10857e6afc,86af0abedd46c2a0c8eddb4fea4739037bd2bfd7259cc44a9b8303088bfee3b9,last,ood_metric/aupr_in_openood_auc,OOD-2,primary,up,id_train,id_test_vs_places365,detector_declared,detector/gda_class_density,places365,far,,,,45195,C2,sgd,0.3,0.0001,0.5542128720815761,0.20698499975498297,0.554213 ± 0.206985,0.42379713717918305,0.7928756102945125,0.44596586877103295
metric_contract_v1.2,c38b09694be88aa74de0741b39e9d3ba0d6ff61a,35a1a66f78dfd6255c4d804586ee6863969be78d21acec5cd0ccf00476ddaa5c,f80984d28ef9a7550633fb3aea514f783f3db1fa655a6d3f49850b10857e6afc,86af0abedd46c2a0c8eddb4fea4739037bd2bfd7259cc44a9b8303088bfee3b9,last,ood_metric/aupr_in_openood_auc,OOD-2,primary,up,id_train,id_test_vs_places365,detector_declared,detector/knn_l2_k50,places365,far,,,,45195,C2,sgd,0.3,0.0001,0.8073092935303433,0.008734777663578552,0.807309 ± 0.008735,0.8012997858077513,0.8173290814992707,0.8032990132840082
metric_contract_v1.2,c38b09694be88aa74de0741b39e9d3ba0d6ff61a,35a1a66f78dfd6255c4d804586ee6863969be78d21acec5cd0ccf00476ddaa5c,f80984d28ef9a7550633fb3aea514f783f3db1fa655a6d3f49850b10857e6afc,86af0abedd46c2a0c8eddb4fea4739037bd2bfd7259cc44a9b8303088bfee3b9,last,ood_metric/aupr_in_openood_auc,OOD-2,primary,up,id_train,id_test_vs_places365,detector_declared,detector/mahalanobis_pp,places365,far,,,,45195,C2,sgd,0.3,0.0001,0.7273970223696212,0.04372490284090279,0.727397 ± 0.043725,0.7003760982251368,0.7778435017180927,0.7039714671656343
metric_contract_v1.2,c38b09694be88aa74de0741b39e9d3ba0d6ff61a,35a1a66f78dfd6255c4d804586ee6863969be78d21acec5cd0ccf00476ddaa5c,f80984d28ef9a7550633fb3aea514f783f3db1fa655a6d3f49850b10857e6afc,86af0abedd46c2a0c8eddb4fea4739037bd2bfd7259cc44a9b8303088bfee3b9,last,ood_metric/aupr_in_openood_auc,OOD-2,primary,up,id_train,id_test_vs_places365,detector_declared,detector/mahalanobis_raw,places365,far,,,,45195,C2,sgd,0.3,0.0001,0.6006077906164061,0.03656560019627571,0.600608 ± 0.036566,0.586177995994293,0.6421866063316057,0.5734587695233195
metric_contract_v1.2,c38b09694be88aa74de0741b39e9d3ba0d6ff61a,35a1a66f78dfd6255c4d804586ee6863969be78d21acec5cd0ccf00476ddaa5c,f80984d28ef9a7550633fb3aea514f783f3db1fa655a6d3f49850b10857e6afc,86af0abedd46c2a0c8eddb4fea4739037bd2bfd7259cc44a9b8303088bfee3b9,last,ood_metric/aupr_in_openood_auc,OOD-2,primary,up,id_train,id_test_vs_places365,detector_declared,detector/marginal_mahalanobis_raw,places365,far,,,,45195,C2,sgd,0.3,0.0001,0.446766125533747,0.04393029150856704,0.446766 ± 0.043930,0.4311831540350196,0.4963636965038063,0.41275152606241505
metric_contract_v1.2,c38b09694be88aa74de0741b39e9d3ba0d6ff61a,35a1a66f78dfd6255c4d804586ee6863969be78d21acec5cd0ccf00476ddaa5c,f80984d28ef9a7550633fb3aea514f783f3db1fa655a6d3f49850b10857e6afc,86af0abedd46c2a0c8eddb4fea4739037bd2bfd7259cc44a9b8303088bfee3b9,last,ood_metric/aupr_in_openood_auc,OOD-2,primary,up,id_train,id_test_vs_places365,detector_declared,detector/ncp_euclidean_raw,places365,far,,,,45195,C2,sgd,0.3,0.0001,0.7526370119717267,0.0064939923491601015,0.752637 ± 0.006494,0.7452087949852021,0.7572388878510652,0.7554633530789128
metric_contract_v1.2,c38b09694be88aa74de0741b39e9d3ba0d6ff61a,35a1a66f78dfd6255c4d804586ee6863969be78d21acec5cd0ccf00476ddaa5c,f80984d28ef9a7550633fb3aea514f783f3db1fa655a6d3f49850b10857e6afc,86af0abedd46c2a0c8eddb4fea4739037bd2bfd7259cc44a9b8303088bfee3b9,last,ood_metric/aupr_in_openood_auc,OOD-2,primary,up,id_train,id_test_vs_places365,detector_declared,detector/neco_author_std_dim100,places365,far,,,,45195,C2,sgd,0.3,0.0001,0.7211283344925246,0.047315437874868416,0.721128 ± 0.047315,0.6760253965174068,0.7703826947242922,0.7169769122358746
metric_contract_v1.2,c38b09694be88aa74de0741b39e9d3ba0d6ff61a,35a1a66f78dfd6255c4d804586ee6863969be78d21acec5cd0ccf00476ddaa5c,f80984d28ef9a7550633fb3aea514f783f3db1fa655a6d3f49850b10857e6afc,86af0abedd46c2a0c8eddb4fea4739037bd2bfd7259cc44a9b8303088bfee3b9,last,ood_metric/aupr_in_openood_auc,OOD-2,primary,up,id_train,id_test_vs_places365,detector_declared,detector/relative_mahalanobis_pp,places365,far,,,,45195,C2,sgd,0.3,0.0001,0.8255626508435033,0.004541483127265053,0.825563 ± 0.004541,0.8242420755583428,0.8306180641591903,0.8218278128129771
metric_contract_v1.2,c38b09694be88aa74de0741b39e9d3ba0d6ff61a,35a1a66f78dfd6255c4d804586ee6863969be78d21acec5cd0ccf00476ddaa5c,f80984d28ef9a7550633fb3aea514f783f3db1fa655a6d3f49850b10857e6afc,86af0abedd46c2a0c8eddb4fea4739037bd2bfd7259cc44a9b8303088bfee3b9,last,ood_metric/aupr_in_openood_auc,OOD-2,primary,up,id_train,id_test_vs_places365,detector_declared,detector/relative_mahalanobis_raw,places365,far,,,,45195,C2,sgd,0.3,0.0001,0.847150551457633,0.0077436807962931765,0.847151 ± 0.007744,0.8472466527860898,0.8548457343347542,0.839359267252055
metric_contract_v1.2,c38b09694be88aa74de0741b39e9d3ba0d6ff61a,35a1a66f78dfd6255c4d804586ee6863969be78d21acec5cd0ccf00476ddaa5c,f80984d28ef9a7550633fb3aea514f783f3db1fa655a6d3f49850b10857e6afc,86af0abedd46c2a0c8eddb4fea4739037bd2bfd7259cc44a9b8303088bfee3b9,last,ood_metric/aupr_in_openood_auc,OOD-2,primary,up,id_train,id_test_vs_places365,detector_declared,detector/vim_author_dim,places365,far,,,,45195,C2,sgd,0.3,0.0001,0.8227100979802696,0.01639341742411469,0.822710 ± 0.016393,0.8140556370613485,0.8416170871652174,0.8124575697142433
metric_contract_v1.2,c38b09694be88aa74de0741b39e9d3ba0d6ff61a,35a1a66f78dfd6255c4d804586ee6863969be78d21acec5cd0ccf00476ddaa5c,f80984d28ef9a7550633fb3aea514f783f3db1fa655a6d3f49850b10857e6afc,86af0abedd46c2a0c8eddb4fea4739037bd2bfd7259cc44a9b8303088bfee3b9,last,ood_metric/aupr_in_openood_auc,OOD-2,primary,up,id_train,id_test_vs_places365,detector_declared,detector/vim_dim128,places365,far,,,,45195,C2,sgd,0.3,0.0001,0.822831790086379,0.014807632817134197,0.822832 ± 0.014808,0.8159773453512563,0.8398247203299389,0.8126933045779416
metric_contract_v1.2,c38b09694be88aa74de0741b39e9d3ba0d6ff61a,35a1a66f78dfd6255c4d804586ee6863969be78d21acec5cd0ccf00476ddaa5c,f80984d28ef9a7550633fb3aea514f783f3db1fa655a6d3f49850b10857e6afc,86af0abedd46c2a0c8eddb4fea4739037bd2bfd7259cc44a9b8303088bfee3b9,last,ood_metric/aupr_in_openood_auc,OOD-2,primary,up,id_train,id_test_vs_places365,detector_declared,detector/vim_dim256,places365,far,,,,45195,C2,sgd,0.3,0.0001,0.826300170971849,0.015478711355942379,0.826300 ± 0.015479,0.8208256042779862,0.8437721869215941,0.8143027217159671
metric_contract_v1.2,c38b09694be88aa74de0741b39e9d3ba0d6ff61a,35a1a66f78dfd6255c4d804586ee6863969be78d21acec5cd0ccf00476ddaa5c,f80984d28ef9a7550633fb3aea514f783f3db1fa655a6d3f49850b10857e6afc,86af0abedd46c2a0c8eddb4fea4739037bd2bfd7259cc44a9b8303088bfee3b9,last,ood_metric/aupr_in_openood_auc,OOD-2,primary,up,id_train,id_test_vs_places365,detector_declared,detector/vim_dim320,places365,far,,,,45195,C2,sgd,0.3,0.0001,0.8227100979802696,0.01639341742411469,0.822710 ± 0.016393,0.8140556370613485,0.8416170871652174,0.8124575697142433
metric_contract_v1.2,c38b09694be88aa74de0741b39e9d3ba0d6ff61a,35a1a66f78dfd6255c4d804586ee6863969be78d21acec5cd0ccf00476ddaa5c,f80984d28ef9a7550633fb3aea514f783f3db1fa655a6d3f49850b10857e6afc,86af0abedd46c2a0c8eddb4fea4739037bd2bfd7259cc44a9b8303088bfee3b9,last,ood_metric/aupr_in_openood_auc,OOD-2,primary,up,id_train,id_test_vs_places365,detector_declared,detector/vim_dim64,places365,far,,,,45195,C2,sgd,0.3,0.0001,0.8043319718667009,0.01928199516971944,0.804332 ± 0.019282,0.7984787419859718,0.8258623528961558,0.7886548207179751
metric_contract_v1.2,c38b09694be88aa74de0741b39e9d3ba0d6ff61a,35a1a66f78dfd6255c4d804586ee6863969be78d21acec5cd0ccf00476ddaa5c,f80984d28ef9a7550633fb3aea514f783f3db1fa655a6d3f49850b10857e6afc,86af0abedd46c2a0c8eddb4fea4739037bd2bfd7259cc44a9b8303088bfee3b9,last,ood_metric/aupr_in_openood_auc,OOD-2,primary,up,id_train,id_test_vs_places365,detector_declared,detector/weight_cosine_appendix,places365,far,,,,45195,C2,sgd,0.3,0.0001,0.7660474886129908,0.012280120730743683,0.766047 ± 0.012280,0.7727983296911012,0.7518729489563771,0.7734711871914937
metric_contract_v1.2,c38b09694be88aa74de0741b39e9d3ba0d6ff61a,35a1a66f78dfd6255c4d804586ee6863969be78d21acec5cd0ccf00476ddaa5c,f80984d28ef9a7550633fb3aea514f783f3db1fa655a6d3f49850b10857e6afc,86af0abedd46c2a0c8eddb4fea4739037bd2bfd7259cc44a9b8303088bfee3b9,last,ood_metric/aupr_in_openood_auc,OOD-2,primary,up,,id_test_vs_places365,detector_declared,ood_score/energy_t1,places365,far,,,,45195,C2,sgd,0.3,0.0001,0.7696608598713283,0.020593849667179892,0.769661 ± 0.020594,0.7552642120421674,0.7932500056864951,0.7604683618853221
metric_contract_v1.2,c38b09694be88aa74de0741b39e9d3ba0d6ff61a,35a1a66f78dfd6255c4d804586ee6863969be78d21acec5cd0ccf00476ddaa5c,f80984d28ef9a7550633fb3aea514f783f3db1fa655a6d3f49850b10857e6afc,86af0abedd46c2a0c8eddb4fea4739037bd2bfd7259cc44a9b8303088bfee3b9,last,ood_metric/aupr_in_openood_auc,OOD-2,primary,up,,id_test_vs_places365,detector_declared,ood_score/max_logit,places365,far,,,,45195,C2,sgd,0.3,0.0001,0.7693774333186125,0.020480454620984453,0.769377 ± 0.020480,0.7550918900599692,0.7928417079987036,0.7601987018971645
metric_contract_v1.2,c38b09694be88aa74de0741b39e9d3ba0d6ff61a,35a1a66f78dfd6255c4d804586ee6863969be78d21acec5cd0ccf00476ddaa5c,f80984d28ef9a7550633fb3aea514f783f3db1fa655a6d3f49850b10857e6afc,86af0abedd46c2a0c8eddb4fea4739037bd2bfd7259cc44a9b8303088bfee3b9,last,ood_metric/aupr_in_openood_auc,OOD-2,primary,up,,id_test_vs_places365,detector_declared,ood_score/msp,places365,far,,,,45195,C2,sgd,0.3,0.0001,0.7906530610229626,0.01265192912920013,0.790653 ± 0.012652,0.7861751072613374,0.8049349718599117,0.780849103947639
metric_contract_v1.2,c38b09694be88aa74de0741b39e9d3ba0d6ff61a,35a1a66f78dfd6255c4d804586ee6863969be78d21acec5cd0ccf00476ddaa5c,f80984d28ef9a7550633fb3aea514f783f3db1fa655a6d3f49850b10857e6afc,86af0abedd46c2a0c8eddb4fea4739037bd2bfd7259cc44a9b8303088bfee3b9,last,ood_metric/aupr_out_openood_auc,OOD-3,primary,up,id_train,id_test_vs_places365,detector_declared,detector/ctm_prototype_cosine,places365,far,,,,45195,C2,sgd,0.3,0.0001,0.9651532434707709,0.0030067460003732763,0.965153 ± 0.003007,0.9628178597981699,0.9685457968391835,0.9640960737749593
metric_contract_v1.2,c38b09694be88aa74de0741b39e9d3ba0d6ff61a,35a1a66f78dfd6255c4d804586ee6863969be78d21acec5cd0ccf00476ddaa5c,f80984d28ef9a7550633fb3aea514f783f3db1fa655a6d3f49850b10857e6afc,86af0abedd46c2a0c8eddb4fea4739037bd2bfd7259cc44a9b8303088bfee3b9,last,ood_metric/aupr_out_openood_auc,OOD-3,primary,up,id_train,id_test_vs_places365,detector_declared,detector/gda_class_density,places365,far,,,,45195,C2,sgd,0.3,0.0001,0.8897826379029073,0.056994310734419025,0.889783 ± 0.056994,0.8656969971949888,0.9548656589527379,0.8487852575609953
metric_contract_v1.2,c38b09694be88aa74de0741b39e9d3ba0d6ff61a,35a1a66f78dfd6255c4d804586ee6863969be78d21acec5cd0ccf00476ddaa5c,f80984d28ef9a7550633fb3aea514f783f3db1fa655a6d3f49850b10857e6afc,86af0abedd46c2a0c8eddb4fea4739037bd2bfd7259cc44a9b8303088bfee3b9,last,ood_metric/aupr_out_openood_auc,OOD-3,primary,up,id_train,id_test_vs_places365,detector_declared,detector/knn_l2_k50,places365,far,,,,45195,C2,sgd,0.3,0.0001,0.9701590666068167,0.0021003646392579135,0.970159 ± 0.002100,0.9683384917934752,0.9724570363004735,0.9696816717265013
metric_contract_v1.2,c38b09694be88aa74de0741b39e9d3ba0d6ff61a,35a1a66f78dfd6255c4d804586ee6863969be78d21acec5cd0ccf00476ddaa5c,f80984d28ef9a7550633fb3aea514f783f3db1fa655a6d3f49850b10857e6afc,86af0abedd46c2a0c8eddb4fea4739037bd2bfd7259cc44a9b8303088bfee3b9,last,ood_metric/aupr_out_openood_auc,OOD-3,primary,up,id_train,id_test_vs_places365,detector_declared,detector/mahalanobis_pp,places365,far,,,,45195,C2,sgd,0.3,0.0001,0.9548308672320173,0.009902538866276385,0.954831 ± 0.009903,0.949208340370027,0.9662648141062778,0.9490194472197472
metric_contract_v1.2,c38b09694be88aa74de0741b39e9d3ba0d6ff61a,35a1a66f78dfd6255c4d804586ee6863969be78d21acec5cd0ccf00476ddaa5c,f80984d28ef9a7550633fb3aea514f783f3db1fa655a6d3f49850b10857e6afc,86af0abedd46c2a0c8eddb4fea4739037bd2bfd7259cc44a9b8303088bfee3b9,last,ood_metric/aupr_out_openood_auc,OOD-3,primary,up,id_train,id_test_vs_places365,detector_declared,detector/mahalanobis_raw,places365,far,,,,45195,C2,sgd,0.3,0.0001,0.9098080005736405,0.009814152106488798,0.909808 ± 0.009814,0.9089922605883143,0.9200045634196192,0.9004271777129879
metric_contract_v1.2,c38b09694be88aa74de0741b39e9d3ba0d6ff61a,35a1a66f78dfd6255c4d804586ee6863969be78d21acec5cd0ccf00476ddaa5c,f80984d28ef9a7550633fb3aea514f783f3db1fa655a6d3f49850b10857e6afc,86af0abedd46c2a0c8eddb4fea4739037bd2bfd7259cc44a9b8303088bfee3b9,last,ood_metric/aupr_out_openood_auc,OOD-3,primary,up,id_train,id_test_vs_places365,detector_declared,detector/marginal_mahalanobis_raw,places365,far,,,,45195,C2,sgd,0.3,0.0001,0.870429661089446,0.011983943829548802,0.870430 ± 0.011984,0.8683231492892385,0.8833271926422215,0.8596386413368782
metric_contract_v1.2,c38b09694be88aa74de0741b39e9d3ba0d6ff61a,35a1a66f78dfd6255c4d804586ee6863969be78d21acec5cd0ccf00476ddaa5c,f80984d28ef9a7550633fb3aea514f783f3db1fa655a6d3f49850b10857e6afc,86af0abedd46c2a0c8eddb4fea4739037bd2bfd7259cc44a9b8303088bfee3b9,last,ood_metric/aupr_out_openood_auc,OOD-3,primary,up,id_train,id_test_vs_places365,detector_declared,detector/ncp_euclidean_raw,places365,far,,,,45195,C2,sgd,0.3,0.0001,0.9457800300135125,0.002443984558881978,0.945780 ± 0.002444,0.9434841197037196,0.9483491316812969,0.9455068386555209
metric_contract_v1.2,c38b09694be88aa74de0741b39e9d3ba0d6ff61a,35a1a66f78dfd6255c4d804586ee6863969be78d21acec5cd0ccf00476ddaa5c,f80984d28ef9a7550633fb3aea514f783f3db1fa655a6d3f49850b10857e6afc,86af0abedd46c2a0c8eddb4fea4739037bd2bfd7259cc44a9b8303088bfee3b9,last,ood_metric/aupr_out_openood_auc,OOD-3,primary,up,id_train,id_test_vs_places365,detector_declared,detector/neco_author_std_dim100,places365,far,,,,45195,C2,sgd,0.3,0.0001,0.9543583229295057,0.00699825177735539,0.954358 ± 0.006998,0.9487191346043097,0.9621904208790337,0.9521654133051738
metric_contract_v1.2,c38b09694be88aa74de0741b39e9d3ba0d6ff61a,35a1a66f78dfd6255c4d804586ee6863969be78d21acec5cd0ccf00476ddaa5c,f80984d28ef9a7550633fb3aea514f783f3db1fa655a6d3f49850b10857e6afc,86af0abedd46c2a0c8eddb4fea4739037bd2bfd7259cc44a9b8303088bfee3b9,last,ood_metric/aupr_out_openood_auc,OOD-3,primary,up,id_train,id_test_vs_places365,detector_declared,detector/relative_mahalanobis_pp,places365,far,,,,45195,C2,sgd,0.3,0.0001,0.9686545890437035,0.0021113003648140136,0.968655 ± 0.002111,0.9699484228295094,0.9697971091660358,0.9662182351355653
metric_contract_v1.2,c38b09694be88aa74de0741b39e9d3ba0d6ff61a,35a1a66f78dfd6255c4d804586ee6863969be78d21acec5cd0ccf00476ddaa5c,f80984d28ef9a7550633fb3aea514f783f3db1fa655a6d3f49850b10857e6afc,86af0abedd46c2a0c8eddb4fea4739037bd2bfd7259cc44a9b8303088bfee3b9,last,ood_metric/aupr_out_openood_auc,OOD-3,primary,up,id_train,id_test_vs_places365,detector_declared,detector/relative_mahalanobis_raw,places365,far,,,,45195,C2,sgd,0.3,0.0001,0.9741998337559918,0.001600467053298478,0.974200 ± 0.001600,0.9747138901377208,0.9754801098017692,0.9724055013284857
metric_contract_v1.2,c38b09694be88aa74de0741b39e9d3ba0d6ff61a,35a1a66f78dfd6255c4d804586ee6863969be78d21acec5cd0ccf00476ddaa5c,f80984d28ef9a7550633fb3aea514f783f3db1fa655a6d3f49850b10857e6afc,86af0abedd46c2a0c8eddb4fea4739037bd2bfd7259cc44a9b8303088bfee3b9,last,ood_metric/aupr_out_openood_auc,OOD-3,primary,up,id_train,id_test_vs_places365,detector_declared,detector/vim_author_dim,places365,far,,,,45195,C2,sgd,0.3,0.0001,0.973557534703741,0.0019206159744156995,0.973558 ± 0.001921,0.9719575960555711,0.9756875089010313,0.9730274991546206
metric_contract_v1.2,c38b09694be88aa74de0741b39e9d3ba0d6ff61a,35a1a66f78dfd6255c4d804586ee6863969be78d21acec5cd0ccf00476ddaa5c,f80984d28ef9a7550633fb3aea514f783f3db1fa655a6d3f49850b10857e6afc,86af0abedd46c2a0c8eddb4fea4739037bd2bfd7259cc44a9b8303088bfee3b9,last,ood_metric/aupr_out_openood_auc,OOD-3,primary,up,id_train,id_test_vs_places365,detector_declared,detector/vim_dim128,places365,far,,,,45195,C2,sgd,0.3,0.0001,0.9745191510213717,0.0013448224275168015,0.974519 ± 0.001345,0.9737899052841507,0.9760710808648673,0.9736964669150969
metric_contract_v1.2,c38b09694be88aa74de0741b39e9d3ba0d6ff61a,35a1a66f78dfd6255c4d804586ee6863969be78d21acec5cd0ccf00476ddaa5c,f80984d28ef9a7550633fb3aea514f783f3db1fa655a6d3f49850b10857e6afc,86af0abedd46c2a0c8eddb4fea4739037bd2bfd7259cc44a9b8303088bfee3b9,last,ood_metric/aupr_out_openood_auc,OOD-3,primary,up,id_train,id_test_vs_places365,detector_declared,detector/vim_dim256,places365,far,,,,45195,C2,sgd,0.3,0.0001,0.9744963698639664,0.0016752262584229852,0.974496 ± 0.001675,0.9736066133659349,0.9764287403138248,0.9734537559121392
metric_contract_v1.2,c38b09694be88aa74de0741b39e9d3ba0d6ff61a,35a1a66f78dfd6255c4d804586ee6863969be78d21acec5cd0ccf00476ddaa5c,f80984d28ef9a7550633fb3aea514f783f3db1fa655a6d3f49850b10857e6afc,86af0abedd46c2a0c8eddb4fea4739037bd2bfd7259cc44a9b8303088bfee3b9,last,ood_metric/aupr_out_openood_auc,OOD-3,primary,up,id_train,id_test_vs_places365,detector_declared,detector/vim_dim320,places365,far,,,,45195,C2,sgd,0.3,0.0001,0.973557534703741,0.0019206159744156995,0.973558 ± 0.001921,0.9719575960555711,0.9756875089010313,0.9730274991546206
metric_contract_v1.2,c38b09694be88aa74de0741b39e9d3ba0d6ff61a,35a1a66f78dfd6255c4d804586ee6863969be78d21acec5cd0ccf00476ddaa5c,f80984d28ef9a7550633fb3aea514f783f3db1fa655a6d3f49850b10857e6afc,86af0abedd46c2a0c8eddb4fea4739037bd2bfd7259cc44a9b8303088bfee3b9,last,ood_metric/aupr_out_openood_auc,OOD-3,primary,up,id_train,id_test_vs_places365,detector_declared,detector/vim_dim64,places365,far,,,,45195,C2,sgd,0.3,0.0001,0.9720065626097735,0.0019106813553426364,0.972007 ± 0.001911,0.9706713220473147,0.9741952196170314,0.9711531461649744
metric_contract_v1.2,c38b09694be88aa74de0741b39e9d3ba0d6ff61a,35a1a66f78dfd6255c4d804586ee6863969be78d21acec5cd0ccf00476ddaa5c,f80984d28ef9a7550633fb3aea514f783f3db1fa655a6d3f49850b10857e6afc,86af0abedd46c2a0c8eddb4fea4739037bd2bfd7259cc44a9b8303088bfee3b9,last,ood_metric/aupr_out_openood_auc,OOD-3,primary,up,id_train,id_test_vs_places365,detector_declared,detector/weight_cosine_appendix,places365,far,,,,45195,C2,sgd,0.3,0.0001,0.9613575669130543,0.0007641729513616625,0.961358 ± 0.000764,0.9616428886859247,0.9604917850726721,0.9619380269805663
metric_contract_v1.2,c38b09694be88aa74de0741b39e9d3ba0d6ff61a,35a1a66f78dfd6255c4d804586ee6863969be78d21acec5cd0ccf00476ddaa5c,f80984d28ef9a7550633fb3aea514f783f3db1fa655a6d3f49850b10857e6afc,86af0abedd46c2a0c8eddb4fea4739037bd2bfd7259cc44a9b8303088bfee3b9,last,ood_metric/aupr_out_openood_auc,OOD-3,primary,up,,id_test_vs_places365,detector_declared,ood_score/energy_t1,places365,far,,,,45195,C2,sgd,0.3,0.0001,0.9717661627501909,0.0022326452164554396,0.971766 ± 0.002233,0.9702850359304422,0.9743341292821014,0.9706793230380293
metric_contract_v1.2,c38b09694be88aa74de0741b39e9d3ba0d6ff61a,35a1a66f78dfd6255c4d804586ee6863969be78d21acec5cd0ccf00476ddaa5c,f80984d28ef9a7550633fb3aea514f783f3db1fa655a6d3f49850b10857e6afc,86af0abedd46c2a0c8eddb4fea4739037bd2bfd7259cc44a9b8303088bfee3b9,last,ood_metric/aupr_out_openood_auc,OOD-3,primary,up,,id_test_vs_places365,detector_declared,ood_score/max_logit,places365,far,,,,45195,C2,sgd,0.3,0.0001,0.9713902039547789,0.002206209678084286,0.971390 ± 0.002206,0.9699152585566598,0.9739264993794283,0.9703288539282489
metric_contract_v1.2,c38b09694be88aa74de0741b39e9d3ba0d6ff61a,35a1a66f78dfd6255c4d804586ee6863969be78d21acec5cd0ccf00476ddaa5c,f80984d28ef9a7550633fb3aea514f783f3db1fa655a6d3f49850b10857e6afc,86af0abedd46c2a0c8eddb4fea4739037bd2bfd7259cc44a9b8303088bfee3b9,last,ood_metric/aupr_out_openood_auc,OOD-3,primary,up,,id_test_vs_places365,detector_declared,ood_score/msp,places365,far,,,,45195,C2,sgd,0.3,0.0001,0.9609335095497183,0.0010664274068391624,0.960934 ± 0.001066,0.9607685253297207,0.9620728141167887,0.9599591892026457
metric_contract_v1.2,c38b09694be88aa74de0741b39e9d3ba0d6ff61a,35a1a66f78dfd6255c4d804586ee6863969be78d21acec5cd0ccf00476ddaa5c,f80984d28ef9a7550633fb3aea514f783f3db1fa655a6d3f49850b10857e6afc,86af0abedd46c2a0c8eddb4fea4739037bd2bfd7259cc44a9b8303088bfee3b9,last,ood_metric/auroc_id_positive,OOD-1,primary,up,id_train,id_test_vs_places365,detector_declared,detector/ctm_prototype_cosine,places365,far,,,,45195,C2,sgd,0.3,0.0001,0.9030824482644314,0.00704211402683512,0.903082 ± 0.007042,0.8975752209120613,0.9110172013070038,0.9006549225742294
metric_contract_v1.2,c38b09694be88aa74de0741b39e9d3ba0d6ff61a,35a1a66f78dfd6255c4d804586ee6863969be78d21acec5cd0ccf00476ddaa5c,f80984d28ef9a7550633fb3aea514f783f3db1fa655a6d3f49850b10857e6afc,86af0abedd46c2a0c8eddb4fea4739037bd2bfd7259cc44a9b8303088bfee3b9,last,ood_metric/auroc_id_positive,OOD-1,primary,up,id_train,id_test_vs_places365,detector_declared,detector/gda_class_density,places365,far,,,,45195,C2,sgd,0.3,0.0001,0.7410456987261448,0.13329188377608372,0.741046 ± 0.133292,0.6566079443102714,0.8947070521380878,0.6718220997300753
metric_contract_v1.2,c38b09694be88aa74de0741b39e9d3ba0d6ff61a,35a1a66f78dfd6255c4d804586ee6863969be78d21acec5cd0ccf00476ddaa5c,f80984d28ef9a7550633fb3aea514f783f3db1fa655a6d3f49850b10857e6afc,86af0abedd46c2a0c8eddb4fea4739037bd2bfd7259cc44a9b8303088bfee3b9,last,ood_metric/auroc_id_positive,OOD-1,primary,up,id_train,id_test_vs_places365,detector_declared,detector/knn_l2_k50,places365,far,,,,45195,C2,sgd,0.3,0.0001,0.9167865596438888,0.004906707668232889,0.916787 ± 0.004907,0.9126243955107259,0.9221967665861628,0.9155385168347777
metric_contract_v1.2,c38b09694be88aa74de0741b39e9d3ba0d6ff61a,35a1a66f78dfd6255c4d804586ee6863969be78d21acec5cd0ccf00476ddaa5c,f80984d28ef9a7550633fb3aea514f783f3db1fa655a6d3f49850b10857e6afc,86af0abedd46c2a0c8eddb4fea4739037bd2bfd7259cc44a9b8303088bfee3b9,last,ood_metric/auroc_id_positive,OOD-1,primary,up,id_train,id_test_vs_places365,detector_declared,detector/mahalanobis_pp,places365,far,,,,45195,C2,sgd,0.3,0.0001,0.8787968537197518,0.022262170982391305,0.878797 ± 0.022262,0.8654925273476346,0.9044976502344082,0.8664003835772127
metric_contract_v1.2,c38b09694be88aa74de0741b39e9d3ba0d6ff61a,35a1a66f78dfd6255c4d804586ee6863969be78d21acec5cd0ccf00476ddaa5c,f80984d28ef9a7550633fb3aea514f783f3db1fa655a6d3f49850b10857e6afc,86af0abedd46c2a0c8eddb4fea4739037bd2bfd7259cc44a9b8303088bfee3b9,last,ood_metric/auroc_id_positive,OOD-1,primary,up,id_train,id_test_vs_places365,detector_declared,detector/mahalanobis_raw,places365,far,,,,45195,C2,sgd,0.3,0.0001,0.788201751195719,0.019421710652785647,0.788202 ± 0.019422,0.7844465009234265,0.8092268674527632,0.7709318852109674
metric_contract_v1.2,c38b09694be88aa74de0741b39e9d3ba0d6ff61a,35a1a66f78dfd6255c4d804586ee6863969be78d21acec5cd0ccf00476ddaa5c,f80984d28ef9a7550633fb3aea514f783f3db1fa655a6d3f49850b10857e6afc,86af0abedd46c2a0c8eddb4fea4739037bd2bfd7259cc44a9b8303088bfee3b9,last,ood_metric/auroc_id_positive,OOD-1,primary,up,id_train,id_test_vs_places365,detector_declared,detector/marginal_mahalanobis_raw,places365,far,,,,45195,C2,sgd,0.3,0.0001,0.6941225145617276,0.02470095553957304,0.694123 ± 0.024701,0.6882504475067481,0.7212303565847422,0.6728867395936923
metric_contract_v1.2,c38b09694be88aa74de0741b39e9d3ba0d6ff61a,35a1a66f78dfd6255c4d804586ee6863969be78d21acec5cd0ccf00476ddaa5c,f80984d28ef9a7550633fb3aea514f783f3db1fa655a6d3f49850b10857e6afc,86af0abedd46c2a0c8eddb4fea4739037bd2bfd7259cc44a9b8303088bfee3b9,last,ood_metric/auroc_id_positive,OOD-1,primary,up,id_train,id_test_vs_places365,detector_declared,detector/ncp_euclidean_raw,places365,far,,,,45195,C2,sgd,0.3,0.0001,0.8780151650329119,0.004937130613580831,0.878015 ± 0.004937,0.8726133825827532,0.8822942889615003,0.879137823554482
metric_contract_v1.2,c38b09694be88aa74de0741b39e9d3ba0d6ff61a,35a1a66f78dfd6255c4d804586ee6863969be78d21acec5cd0ccf00476ddaa5c,f80984d28ef9a7550633fb3aea514f783f3db1fa655a6d3f49850b10857e6afc,86af0abedd46c2a0c8eddb4fea4739037bd2bfd7259cc44a9b8303088bfee3b9,last,ood_metric/auroc_id_positive,OOD-1,primary,up,id_train,id_test_vs_places365,detector_declared,detector/neco_author_std_dim100,places365,far,,,,45195,C2,sgd,0.3,0.0001,0.8774139489510819,0.018464350978433307,0.877414 ± 0.018464,0.8612104077283704,0.8975163943742009,0.8735150447506748
metric_contract_v1.2,c38b09694be88aa74de0741b39e9d3ba0d6ff61a,35a1a66f78dfd6255c4d804586ee6863969be78d21acec5cd0ccf00476ddaa5c,f80984d28ef9a7550633fb3aea514f783f3db1fa655a6d3f49850b10857e6afc,86af0abedd46c2a0c8eddb4fea4739037bd2bfd7259cc44a9b8303088bfee3b9,last,ood_metric/auroc_id_positive,OOD-1,primary,up,id_train,id_test_vs_places365,detector_declared,detector/relative_mahalanobis_pp,places365,far,,,,45195,C2,sgd,0.3,0.0001,0.9193228839323767,0.0029447067734463097,0.919323 ± 0.002945,0.9203589316664298,0.9216095439693138,0.9160001761613864
metric_contract_v1.2,c38b09694be88aa74de0741b39e9d3ba0d6ff61a,35a1a66f78dfd6255c4d804586ee6863969be78d21acec5cd0ccf00476ddaa5c,f80984d28ef9a7550633fb3aea514f783f3db1fa655a6d3f49850b10857e6afc,86af0abedd46c2a0c8eddb4fea4739037bd2bfd7259cc44a9b8303088bfee3b9,last,ood_metric/auroc_id_positive,OOD-1,primary,up,id_train,id_test_vs_places365,detector_declared,detector/relative_mahalanobis_raw,places365,far,,,,45195,C2,sgd,0.3,0.0001,0.9311357673912014,0.0032016736532484227,0.931136 ± 0.003202,0.9315087711322632,0.9341346015058957,0.9277639295354453
metric_contract_v1.2,c38b09694be88aa74de0741b39e9d3ba0d6ff61a,35a1a66f78dfd6255c4d804586ee6863969be78d21acec5cd0ccf00476ddaa5c,f80984d28ef9a7550633fb3aea514f783f3db1fa655a6d3f49850b10857e6afc,86af0abedd46c2a0c8eddb4fea4739037bd2bfd7259cc44a9b8303088bfee3b9,last,ood_metric/auroc_id_positive,OOD-1,primary,up,id_train,id_test_vs_places365,detector_declared,detector/vim_author_dim,places365,far,,,,45195,C2,sgd,0.3,0.0001,0.9268861211346309,0.0056288703571368975,0.926886 ± 0.005629,0.9227167609035375,0.9332889615002131,0.924652641000142
metric_contract_v1.2,c38b09694be88aa74de0741b39e9d3ba0d6ff61a,35a1a66f78dfd6255c4d804586ee6863969be78d21acec5cd0ccf00476ddaa5c,f80984d28ef9a7550633fb3aea514f783f3db1fa655a6d3f49850b10857e6afc,86af0abedd46c2a0c8eddb4fea4739037bd2bfd7259cc44a9b8303088bfee3b9,last,ood_metric/auroc_id_positive,OOD-1,primary,up,id_train,id_test_vs_places365,detector_declared,detector/vim_dim128,places365,far,,,,45195,C2,sgd,0.3,0.0001,0.9286604025192972,0.004344085595599757,0.928660 ± 0.004344,0.9263184543258985,0.933672930814036,0.925989822417957
metric_contract_v1.2,c38b09694be88aa74de0741b39e9d3ba0d6ff61a,35a1a66f78dfd6255c4d804586ee6863969be78d21acec5cd0ccf00476ddaa5c,f80984d28ef9a7550633fb3aea514f783f3db1fa655a6d3f49850b10857e6afc,86af0abedd46c2a0c8eddb4fea4739037bd2bfd7259cc44a9b8303088bfee3b9,last,ood_metric/auroc_id_positive,OOD-1,primary,up,id_train,id_test_vs_places365,detector_declared,detector/vim_dim256,places365,far,,,,45195,C2,sgd,0.3,0.0001,0.9288944547047403,0.005128718281900445,0.928894 ± 0.005129,0.9264837988350618,0.9347843642562864,0.9254152010228726
metric_contract_v1.2,c38b09694be88aa74de0741b39e9d3ba0d6ff61a,35a1a66f78dfd6255c4d804586ee6863969be78d21acec5cd0ccf00476ddaa5c,f80984d28ef9a7550633fb3aea514f783f3db1fa655a6d3f49850b10857e6afc,86af0abedd46c2a0c8eddb4fea4739037bd2bfd7259cc44a9b8303088bfee3b9,last,ood_metric/auroc_id_positive,OOD-1,primary,up,id_train,id_test_vs_places365,detector_declared,detector/vim_dim320,places365,far,,,,45195,C2,sgd,0.3,0.0001,0.9268861211346309,0.0056288703571368975,0.926886 ± 0.005629,0.9227167609035375,0.9332889615002131,0.924652641000142
metric_contract_v1.2,c38b09694be88aa74de0741b39e9d3ba0d6ff61a,35a1a66f78dfd6255c4d804586ee6863969be78d21acec5cd0ccf00476ddaa5c,f80984d28ef9a7550633fb3aea514f783f3db1fa655a6d3f49850b10857e6afc,86af0abedd46c2a0c8eddb4fea4739037bd2bfd7259cc44a9b8303088bfee3b9,last,ood_metric/auroc_id_positive,OOD-1,primary,up,id_train,id_test_vs_places365,detector_declared,detector/vim_dim64,places365,far,,,,45195,C2,sgd,0.3,0.0001,0.9220658190083819,0.005986605713355659,0.922066 ± 0.005987,0.9189244637022304,0.9289692598380451,0.91830373348487
metric_contract_v1.2,c38b09694be88aa74de0741b39e9d3ba0d6ff61a,35a1a66f78dfd6255c4d804586ee6863969be78d21acec5cd0ccf00476ddaa5c,f80984d28ef9a7550633fb3aea514f783f3db1fa655a6d3f49850b10857e6afc,86af0abedd46c2a0c8eddb4fea4739037bd2bfd7259cc44a9b8303088bfee3b9,last,ood_metric/auroc_id_positive,OOD-1,primary,up,id_train,id_test_vs_places365,detector_declared,detector/weight_cosine_appendix,places365,far,,,,45195,C2,sgd,0.3,0.0001,0.8979847544632286,0.0036441672656123696,0.897985 ± 0.003644,0.8995509362125302,0.8938193180849552,0.9005840090922006
metric_contract_v1.2,c38b09694be88aa74de0741b39e9d3ba0d6ff61a,35a1a66f78dfd6255c4d804586ee6863969be78d21acec5cd0ccf00476ddaa5c,f80984d28ef9a7550633fb3aea514f783f3db1fa655a6d3f49850b10857e6afc,86af0abedd46c2a0c8eddb4fea4739037bd2bfd7259cc44a9b8303088bfee3b9,last,ood_metric/auroc_id_positive,OOD-1,primary,up,,id_test_vs_places365,detector_declared,ood_score/energy_t1,places365,far,,,,45195,C2,sgd,0.3,0.0001,0.9175803864185254,0.006359587183881563,0.917580 ± 0.006360,0.9130959369228584,0.9248586446938485,0.9147865776388692
metric_contract_v1.2,c38b09694be88aa74de0741b39e9d3ba0d6ff61a,35a1a66f78dfd6255c4d804586ee6863969be78d21acec5cd0ccf00476ddaa5c,f80984d28ef9a7550633fb3aea514f783f3db1fa655a6d3f49850b10857e6afc,86af0abedd46c2a0c8eddb4fea4739037bd2bfd7259cc44a9b8303088bfee3b9,last,ood_metric/auroc_id_positive,OOD-1,primary,up,,id_test_vs_places365,detector_declared,ood_score/max_logit,places365,far,,,,45195,C2,sgd,0.3,0.0001,0.9170780745371028,0.006283322270593591,0.917078 ± 0.006283,0.9126855434010513,0.9242752791589715,0.9142734010512856
metric_contract_v1.2,c38b09694be88aa74de0741b39e9d3ba0d6ff61a,35a1a66f78dfd6255c4d804586ee6863969be78d21acec5cd0ccf00476ddaa5c,f80984d28ef9a7550633fb3aea514f783f3db1fa655a6d3f49850b10857e6afc,86af0abedd46c2a0c8eddb4fea4739037bd2bfd7259cc44a9b8303088bfee3b9,last,ood_metric/auroc_id_positive,OOD-1,primary,up,,id_test_vs_places365,detector_declared,ood_score/msp,places365,far,,,,45195,C2,sgd,0.3,0.0001,0.9049158081166832,0.0031804250579588788,0.904916 ± 0.003180,0.9038918369086517,0.9084820883648246,0.9023734990765733
metric_contract_v1.2,c38b09694be88aa74de0741b39e9d3ba0d6ff61a,35a1a66f78dfd6255c4d804586ee6863969be78d21acec5cd0ccf00476ddaa5c,f80984d28ef9a7550633fb3aea514f783f3db1fa655a6d3f49850b10857e6afc,86af0abedd46c2a0c8eddb4fea4739037bd2bfd7259cc44a9b8303088bfee3b9,last,ood_metric/fpr95_achieved_id_tpr,OOD-4,appendix,descriptive,id_train,id_test_vs_places365,detector_declared,detector/ctm_prototype_cosine,places365,far,,,,45195,C2,sgd,0.3,0.0001,0.9499999999999998,1.3597399555105182e-16,0.950000 ± 0.000000,0.95,0.95,0.95
metric_contract_v1.2,c38b09694be88aa74de0741b39e9d3ba0d6ff61a,35a1a66f78dfd6255c4d804586ee6863969be78d21acec5cd0ccf00476ddaa5c,f80984d28ef9a7550633fb3aea514f783f3db1fa655a6d3f49850b10857e6afc,86af0abedd46c2a0c8eddb4fea4739037bd2bfd7259cc44a9b8303088bfee3b9,last,ood_metric/fpr95_achieved_id_tpr,OOD-4,appendix,descriptive,id_train,id_test_vs_places365,detector_declared,detector/gda_class_density,places365,far,,,,45195,C2,sgd,0.3,0.0001,0.9499999999999998,1.3597399555105182e-16,0.950000 ± 0.000000,0.95,0.95,0.95
metric_contract_v1.2,c38b09694be88aa74de0741b39e9d3ba0d6ff61a,35a1a66f78dfd6255c4d804586ee6863969be78d21acec5cd0ccf00476ddaa5c,f80984d28ef9a7550633fb3aea514f783f3db1fa655a6d3f49850b10857e6afc,86af0abedd46c2a0c8eddb4fea4739037bd2bfd7259cc44a9b8303088bfee3b9,last,ood_metric/fpr95_achieved_id_tpr,OOD-4,appendix,descriptive,id_train,id_test_vs_places365,detector_declared,detector/knn_l2_k50,places365,far,,,,45195,C2,sgd,0.3,0.0001,0.9499999999999998,1.3597399555105182e-16,0.950000 ± 0.000000,0.95,0.95,0.95
metric_contract_v1.2,c38b09694be88aa74de0741b39e9d3ba0d6ff61a,35a1a66f78dfd6255c4d804586ee6863969be78d21acec5cd0ccf00476ddaa5c,f80984d28ef9a7550633fb3aea514f783f3db1fa655a6d3f49850b10857e6afc,86af0abedd46c2a0c8eddb4fea4739037bd2bfd7259cc44a9b8303088bfee3b9,last,ood_metric/fpr95_achieved_id_tpr,OOD-4,appendix,descriptive,id_train,id_test_vs_places365,detector_declared,detector/mahalanobis_pp,places365,far,,,,45195,C2,sgd,0.3,0.0001,0.9499999999999998,1.3597399555105182e-16,0.950000 ± 0.000000,0.95,0.95,0.95
metric_contract_v1.2,c38b09694be88aa74de0741b39e9d3ba0d6ff61a,35a1a66f78dfd6255c4d804586ee6863969be78d21acec5cd0ccf00476ddaa5c,f80984d28ef9a7550633fb3aea514f783f3db1fa655a6d3f49850b10857e6afc,86af0abedd46c2a0c8eddb4fea4739037bd2bfd7259cc44a9b8303088bfee3b9,last,ood_metric/fpr95_achieved_id_tpr,OOD-4,appendix,descriptive,id_train,id_test_vs_places365,detector_declared,detector/mahalanobis_raw,places365,far,,,,45195,C2,sgd,0.3,0.0001,0.9499999999999998,1.3597399555105182e-16,0.950000 ± 0.000000,0.95,0.95,0.95
metric_contract_v1.2,c38b09694be88aa74de0741b39e9d3ba0d6ff61a,35a1a66f78dfd6255c4d804586ee6863969be78d21acec5cd0ccf00476ddaa5c,f80984d28ef9a7550633fb3aea514f783f3db1fa655a6d3f49850b10857e6afc,86af0abedd46c2a0c8eddb4fea4739037bd2bfd7259cc44a9b8303088bfee3b9,last,ood_metric/fpr95_achieved_id_tpr,OOD-4,appendix,descriptive,id_train,id_test_vs_places365,detector_declared,detector/marginal_mahalanobis_raw,places365,far,,,,45195,C2,sgd,0.3,0.0001,0.9499999999999998,1.3597399555105182e-16,0.950000 ± 0.000000,0.95,0.95,0.95
metric_contract_v1.2,c38b09694be88aa74de0741b39e9d3ba0d6ff61a,35a1a66f78dfd6255c4d804586ee6863969be78d21acec5cd0ccf00476ddaa5c,f80984d28ef9a7550633fb3aea514f783f3db1fa655a6d3f49850b10857e6afc,86af0abedd46c2a0c8eddb4fea4739037bd2bfd7259cc44a9b8303088bfee3b9,last,ood_metric/fpr95_achieved_id_tpr,OOD-4,appendix,descriptive,id_train,id_test_vs_places365,detector_declared,detector/ncp_euclidean_raw,places365,far,,,,45195,C2,sgd,0.3,0.0001,0.9499999999999998,1.3597399555105182e-16,0.950000 ± 0.000000,0.95,0.95,0.95
metric_contract_v1.2,c38b09694be88aa74de0741b39e9d3ba0d6ff61a,35a1a66f78dfd6255c4d804586ee6863969be78d21acec5cd0ccf00476ddaa5c,f80984d28ef9a7550633fb3aea514f783f3db1fa655a6d3f49850b10857e6afc,86af0abedd46c2a0c8eddb4fea4739037bd2bfd7259cc44a9b8303088bfee3b9,last,ood_metric/fpr95_achieved_id_tpr,OOD-4,appendix,descriptive,id_train,id_test_vs_places365,detector_declared,detector/neco_author_std_dim100,places365,far,,,,45195,C2,sgd,0.3,0.0001,0.9499999999999998,1.3597399555105182e-16,0.950000 ± 0.000000,0.95,0.95,0.95
metric_contract_v1.2,c38b09694be88aa74de0741b39e9d3ba0d6ff61a,35a1a66f78dfd6255c4d804586ee6863969be78d21acec5cd0ccf00476ddaa5c,f80984d28ef9a7550633fb3aea514f783f3db1fa655a6d3f49850b10857e6afc,86af0abedd46c2a0c8eddb4fea4739037bd2bfd7259cc44a9b8303088bfee3b9,last,ood_metric/fpr95_achieved_id_tpr,OOD-4,appendix,descriptive,id_train,id_test_vs_places365,detector_declared,detector/relative_mahalanobis_pp,places365,far,,,,45195,C2,sgd,0.3,0.0001,0.9499999999999998,1.3597399555105182e-16,0.950000 ± 0.000000,0.95,0.95,0.95
metric_contract_v1.2,c38b09694be88aa74de0741b39e9d3ba0d6ff61a,35a1a66f78dfd6255c4d804586ee6863969be78d21acec5cd0ccf00476ddaa5c,f80984d28ef9a7550633fb3aea514f783f3db1fa655a6d3f49850b10857e6afc,86af0abedd46c2a0c8eddb4fea4739037bd2bfd7259cc44a9b8303088bfee3b9,last,ood_metric/fpr95_achieved_id_tpr,OOD-4,appendix,descriptive,id_train,id_test_vs_places365,detector_declared,detector/relative_mahalanobis_raw,places365,far,,,,45195,C2,sgd,0.3,0.0001,0.9499999999999998,1.3597399555105182e-16,0.950000 ± 0.000000,0.95,0.95,0.95
metric_contract_v1.2,c38b09694be88aa74de0741b39e9d3ba0d6ff61a,35a1a66f78dfd6255c4d804586ee6863969be78d21acec5cd0ccf00476ddaa5c,f80984d28ef9a7550633fb3aea514f783f3db1fa655a6d3f49850b10857e6afc,86af0abedd46c2a0c8eddb4fea4739037bd2bfd7259cc44a9b8303088bfee3b9,last,ood_metric/fpr95_achieved_id_tpr,OOD-4,appendix,descriptive,id_train,id_test_vs_places365,detector_declared,detector/vim_author_dim,places365,far,,,,45195,C2,sgd,0.3,0.0001,0.9499999999999998,1.3597399555105182e-16,0.950000 ± 0.000000,0.95,0.95,0.95
metric_contract_v1.2,c38b09694be88aa74de0741b39e9d3ba0d6ff61a,35a1a66f78dfd6255c4d804586ee6863969be78d21acec5cd0ccf00476ddaa5c,f80984d28ef9a7550633fb3aea514f783f3db1fa655a6d3f49850b10857e6afc,86af0abedd46c2a0c8eddb4fea4739037bd2bfd7259cc44a9b8303088bfee3b9,last,ood_metric/fpr95_achieved_id_tpr,OOD-4,appendix,descriptive,id_train,id_test_vs_places365,detector_declared,detector/vim_dim128,places365,far,,,,45195,C2,sgd,0.3,0.0001,0.9499999999999998,1.3597399555105182e-16,0.950000 ± 0.000000,0.95,0.95,0.95
metric_contract_v1.2,c38b09694be88aa74de0741b39e9d3ba0d6ff61a,35a1a66f78dfd6255c4d804586ee6863969be78d21acec5cd0ccf00476ddaa5c,f80984d28ef9a7550633fb3aea514f783f3db1fa655a6d3f49850b10857e6afc,86af0abedd46c2a0c8eddb4fea4739037bd2bfd7259cc44a9b8303088bfee3b9,last,ood_metric/fpr95_achieved_id_tpr,OOD-4,appendix,descriptive,id_train,id_test_vs_places365,detector_declared,detector/vim_dim256,places365,far,,,,45195,C2,sgd,0.3,0.0001,0.9499999999999998,1.3597399555105182e-16,0.950000 ± 0.000000,0.95,0.95,0.95
metric_contract_v1.2,c38b09694be88aa74de0741b39e9d3ba0d6ff61a,35a1a66f78dfd6255c4d804586ee6863969be78d21acec5cd0ccf00476ddaa5c,f80984d28ef9a7550633fb3aea514f783f3db1fa655a6d3f49850b10857e6afc,86af0abedd46c2a0c8eddb4fea4739037bd2bfd7259cc44a9b8303088bfee3b9,last,ood_metric/fpr95_achieved_id_tpr,OOD-4,appendix,descriptive,id_train,id_test_vs_places365,detector_declared,detector/vim_dim320,places365,far,,,,45195,C2,sgd,0.3,0.0001,0.9499999999999998,1.3597399555105182e-16,0.950000 ± 0.000000,0.95,0.95,0.95
metric_contract_v1.2,c38b09694be88aa74de0741b39e9d3ba0d6ff61a,35a1a66f78dfd6255c4d804586ee6863969be78d21acec5cd0ccf00476ddaa5c,f80984d28ef9a7550633fb3aea514f783f3db1fa655a6d3f49850b10857e6afc,86af0abedd46c2a0c8eddb4fea4739037bd2bfd7259cc44a9b8303088bfee3b9,last,ood_metric/fpr95_achieved_id_tpr,OOD-4,appendix,descriptive,id_train,id_test_vs_places365,detector_declared,detector/vim_dim64,places365,far,,,,45195,C2,sgd,0.3,0.0001,0.9499999999999998,1.3597399555105182e-16,0.950000 ± 0.000000,0.95,0.95,0.95
metric_contract_v1.2,c38b09694be88aa74de0741b39e9d3ba0d6ff61a,35a1a66f78dfd6255c4d804586ee6863969be78d21acec5cd0ccf00476ddaa5c,f80984d28ef9a7550633fb3aea514f783f3db1fa655a6d3f49850b10857e6afc,86af0abedd46c2a0c8eddb4fea4739037bd2bfd7259cc44a9b8303088bfee3b9,last,ood_metric/fpr95_achieved_id_tpr,OOD-4,appendix,descriptive,id_train,id_test_vs_places365,detector_declared,detector/weight_cosine_appendix,places365,far,,,,45195,C2,sgd,0.3,0.0001,0.9499999999999998,1.3597399555105182e-16,0.950000 ± 0.000000,0.95,0.95,0.95
metric_contract_v1.2,c38b09694be88aa74de0741b39e9d3ba0d6ff61a,35a1a66f78dfd6255c4d804586ee6863969be78d21acec5cd0ccf00476ddaa5c,f80984d28ef9a7550633fb3aea514f783f3db1fa655a6d3f49850b10857e6afc,86af0abedd46c2a0c8eddb4fea4739037bd2bfd7259cc44a9b8303088bfee3b9,last,ood_metric/fpr95_achieved_id_tpr,OOD-4,appendix,descriptive,,id_test_vs_places365,detector_declared,ood_score/energy_t1,places365,far,,,,45195,C2,sgd,0.3,0.0001,0.9499999999999998,1.3597399555105182e-16,0.950000 ± 0.000000,0.95,0.95,0.95
metric_contract_v1.2,c38b09694be88aa74de0741b39e9d3ba0d6ff61a,35a1a66f78dfd6255c4d804586ee6863969be78d21acec5cd0ccf00476ddaa5c,f80984d28ef9a7550633fb3aea514f783f3db1fa655a6d3f49850b10857e6afc,86af0abedd46c2a0c8eddb4fea4739037bd2bfd7259cc44a9b8303088bfee3b9,last,ood_metric/fpr95_achieved_id_tpr,OOD-4,appendix,descriptive,,id_test_vs_places365,detector_declared,ood_score/max_logit,places365,far,,,,45195,C2,sgd,0.3,0.0001,0.9499999999999998,1.3597399555105182e-16,0.950000 ± 0.000000,0.95,0.95,0.95
metric_contract_v1.2,c38b09694be88aa74de0741b39e9d3ba0d6ff61a,35a1a66f78dfd6255c4d804586ee6863969be78d21acec5cd0ccf00476ddaa5c,f80984d28ef9a7550633fb3aea514f783f3db1fa655a6d3f49850b10857e6afc,86af0abedd46c2a0c8eddb4fea4739037bd2bfd7259cc44a9b8303088bfee3b9,last,ood_metric/fpr95_achieved_id_tpr,OOD-4,appendix,descriptive,,id_test_vs_places365,detector_declared,ood_score/msp,places365,far,,,,45195,C2,sgd,0.3,0.0001,0.9499999999999998,1.3597399555105182e-16,0.950000 ± 0.000000,0.95,0.95,0.95
metric_contract_v1.2,c38b09694be88aa74de0741b39e9d3ba0d6ff61a,35a1a66f78dfd6255c4d804586ee6863969be78d21acec5cd0ccf00476ddaa5c,f80984d28ef9a7550633fb3aea514f783f3db1fa655a6d3f49850b10857e6afc,86af0abedd46c2a0c8eddb4fea4739037bd2bfd7259cc44a9b8303088bfee3b9,last,ood_metric/fpr95_id_tpr,OOD-4,primary,down,id_train,id_test_vs_places365,detector_declared,detector/ctm_prototype_cosine,places365,far,,,,45195,C2,sgd,0.3,0.0001,0.46178907988824175,0.03172793936266882,0.461789 ± 0.031728,0.4811763034521949,0.42517403040204577,0.47901690581048445
metric_contract_v1.2,c38b09694be88aa74de0741b39e9d3ba0d6ff61a,35a1a66f78dfd6255c4d804586ee6863969be78d21acec5cd0ccf00476ddaa5c,f80984d28ef9a7550633fb3aea514f783f3db1fa655a6d3f49850b10857e6afc,86af0abedd46c2a0c8eddb4fea4739037bd2bfd7259cc44a9b8303088bfee3b9,last,ood_metric/fpr95_id_tpr,OOD-4,primary,down,id_train,id_test_vs_places365,detector_declared,detector/gda_class_density,places365,far,,,,45195,C2,sgd,0.3,0.0001,0.7857650234408298,0.16188394178954843,0.785765 ± 0.161884,0.8232135246483876,0.6084386986787896,0.9256428469953119
metric_contract_v1.2,c38b09694be88aa74de0741b39e9d3ba0d6ff61a,35a1a66f78dfd6255c4d804586ee6863969be78d21acec5cd0ccf00476ddaa5c,f80984d28ef9a7550633fb3aea514f783f3db1fa655a6d3f49850b10857e6afc,86af0abedd46c2a0c8eddb4fea4739037bd2bfd7259cc44a9b8303088bfee3b9,last,ood_metric/fpr95_id_tpr,OOD-4,primary,down,id_train,id_test_vs_places365,detector_declared,detector/knn_l2_k50,places365,far,,,,45195,C2,sgd,0.3,0.0001,0.43002320405360606,0.018459926379191173,0.430023 ± 0.018460,0.44733626935644266,0.4105980963205001,0.4321352464838755
metric_contract_v1.2,c38b09694be88aa74de0741b39e9d3ba0d6ff61a,35a1a66f78dfd6255c4d804586ee6863969be78d21acec5cd0ccf00476ddaa5c,f80984d28ef9a7550633fb3aea514f783f3db1fa655a6d3f49850b10857e6afc,86af0abedd46c2a0c8eddb4fea4739037bd2bfd7259cc44a9b8303088bfee3b9,last,ood_metric/fpr95_id_tpr,OOD-4,primary,down,id_train,id_test_vs_places365,detector_declared,detector/mahalanobis_pp,places365,far,,,,45195,C2,sgd,0.3,0.0001,0.5473694180044514,0.07978395061720861,0.547369 ± 0.079784,0.5951129421792868,0.4552635317516693,0.591731780082398
metric_contract_v1.2,c38b09694be88aa74de0741b39e9d3ba0d6ff61a,35a1a66f78dfd6255c4d804586ee6863969be78d21acec5cd0ccf00476ddaa5c,f80984d28ef9a7550633fb3aea514f783f3db1fa655a6d3f49850b10857e6afc,86af0abedd46c2a0c8eddb4fea4739037bd2bfd7259cc44a9b8303088bfee3b9,last,ood_metric/fpr95_id_tpr,OOD-4,primary,down,id_train,id_test_vs_places365,detector_declared,detector/mahalanobis_raw,places365,far,,,,45195,C2,sgd,0.3,0.0001,0.7926315290997774,0.0302041606397175,0.792632 ± 0.030204,0.7960221622389544,0.76087512430743,0.8209973007529479
metric_contract_v1.2,c38b09694be88aa74de0741b39e9d3ba0d6ff61a,35a1a66f78dfd6255c4d804586ee6863969be78d21acec5cd0ccf00476ddaa5c,f80984d28ef9a7550633fb3aea514f783f3db1fa655a6d3f49850b10857e6afc,86af0abedd46c2a0c8eddb4fea4739037bd2bfd7259cc44a9b8303088bfee3b9,last,ood_metric/fpr95_id_tpr,OOD-4,primary,down,id_train,id_test_vs_places365,detector_declared,detector/marginal_mahalanobis_raw,places365,far,,,,45195,C2,sgd,0.3,0.0001,0.8629350760051144,0.01921525803900762,0.862935 ± 0.019215,0.8673106975422645,0.8419093621253019,0.8795851683477767
metric_contract_v1.2,c38b09694be88aa74de0741b39e9d3ba0d6ff61a,35a1a66f78dfd6255c4d804586ee6863969be78d21acec5cd0ccf00476ddaa5c,f80984d28ef9a7550633fb3aea514f783f3db1fa655a6d3f49850b10857e6afc,86af0abedd46c2a0c8eddb4fea4739037bd2bfd7259cc44a9b8303088bfee3b9,last,ood_metric/fpr95_id_tpr,OOD-4,primary,down,id_train,id_test_vs_places365,detector_declared,detector/ncp_euclidean_raw,places365,far,,,,45195,C2,sgd,0.3,0.0001,0.6181749301510632,0.024501562602983057,0.618175 ± 0.024502,0.6463418099161813,0.6017900269924705,0.6063929535445376
metric_contract_v1.2,c38b09694be88aa74de0741b39e9d3ba0d6ff61a,35a1a66f78dfd6255c4d804586ee6863969be78d21acec5cd0ccf00476ddaa5c,f80984d28ef9a7550633fb3aea514f783f3db1fa655a6d3f49850b10857e6afc,86af0abedd46c2a0c8eddb4fea4739037bd2bfd7259cc44a9b8303088bfee3b9,last,ood_metric/fpr95_id_tpr,OOD-4,primary,down,id_train,id_test_vs_places365,detector_declared,detector/neco_author_std_dim100,places365,far,,,,45195,C2,sgd,0.3,0.0001,0.5450205995169769,0.0401387386990004,0.545021 ± 0.040139,0.5688592129563859,0.4986787896007956,0.5675237959937491
metric_contract_v1.2,c38b09694be88aa74de0741b39e9d3ba0d6ff61a,35a1a66f78dfd6255c4d804586ee6863969be78d21acec5cd0ccf00476ddaa5c,f80984d28ef9a7550633fb3aea514f783f3db1fa655a6d3f49850b10857e6afc,86af0abedd46c2a0c8eddb4fea4739037bd2bfd7259cc44a9b8303088bfee3b9,last,ood_metric/fpr95_id_tpr,OOD-4,primary,down,id_train,id_test_vs_places365,detector_declared,detector/relative_mahalanobis_pp,places365,far,,,,45195,C2,sgd,0.3,0.0001,0.4800492494198987,0.01762347718529059,0.480049 ± 0.017623,0.4659752805796278,0.47435715300468817,0.49981531467538004
metric_contract_v1.2,c38b09694be88aa74de0741b39e9d3ba0d6ff61a,35a1a66f78dfd6255c4d804586ee6863969be78d21acec5cd0ccf00476ddaa5c,f80984d28ef9a7550633fb3aea514f783f3db1fa655a6d3f49850b10857e6afc,86af0abedd46c2a0c8eddb4fea4739037bd2bfd7259cc44a9b8303088bfee3b9,last,ood_metric/fpr95_id_tpr,OOD-4,primary,down,id_train,id_test_vs_places365,detector_declared,detector/relative_mahalanobis_raw,places365,far,,,,45195,C2,sgd,0.3,0.0001,0.41014348629066627,0.011103208701782065,0.410143 ± 0.011103,0.40409149026850405,0.4033811620968888,0.422957806506606
metric_contract_v1.2,c38b09694be88aa74de0741b39e9d3ba0d6ff61a,35a1a66f78dfd6255c4d804586ee6863969be78d21acec5cd0ccf00476ddaa5c,f80984d28ef9a7550633fb3aea514f783f3db1fa655a6d3f49850b10857e6afc,86af0abedd46c2a0c8eddb4fea4739037bd2bfd7259cc44a9b8303088bfee3b9,last,ood_metric/fpr95_id_tpr,OOD-4,primary,down,id_train,id_test_vs_places365,detector_declared,detector/vim_author_dim,places365,far,,,,45195,C2,sgd,0.3,0.0001,0.37449448311786715,0.02027625181840081,0.374494 ± 0.020276,0.3913908225600227,0.3520102287256713,0.3800823980679074
metric_contract_v1.2,c38b09694be88aa74de0741b39e9d3ba0d6ff61a,35a1a66f78dfd6255c4d804586ee6863969be78d21acec5cd0ccf00476ddaa5c,f80984d28ef9a7550633fb3aea514f783f3db1fa655a6d3f49850b10857e6afc,86af0abedd46c2a0c8eddb4fea4739037bd2bfd7259cc44a9b8303088bfee3b9,last,ood_metric/fpr95_id_tpr,OOD-4,primary,down,id_train,id_test_vs_places365,detector_declared,detector/vim_dim128,places365,far,,,,45195,C2,sgd,0.3,0.0001,0.3609887768148885,0.007582047029766346,0.360989 ± 0.007582,0.36391532888194345,0.3523795993749112,0.36667140218781075
metric_contract_v1.2,c38b09694be88aa74de0741b39e9d3ba0d6ff61a,35a1a66f78dfd6255c4d804586ee6863969be78d21acec5cd0ccf00476ddaa5c,f80984d28ef9a7550633fb3aea514f783f3db1fa655a6d3f49850b10857e6afc,86af0abedd46c2a0c8eddb4fea4739037bd2bfd7259cc44a9b8303088bfee3b9,last,ood_metric/fpr95_id_tpr,OOD-4,primary,down,id_train,id_test_vs_places365,detector_declared,detector/vim_dim256,places365,far,,,,45195,C2,sgd,0.3,0.0001,0.36474878060330534,0.01988791693888289,0.364749 ± 0.019888,0.3739735757920159,0.3419235686887342,0.37834919732916605
metric_contract_v1.2,c38b09694be88aa74de0741b39e9d3ba0d6ff61a,35a1a66f78dfd6255c4d804586ee6863969be78d21acec5cd0ccf00476ddaa5c,f80984d28ef9a7550633fb3aea514f783f3db1fa655a6d3f49850b10857e6afc,86af0abedd46c2a0c8eddb4fea4739037bd2bfd7259cc44a9b8303088bfee3b9,last,ood_metric/fpr95_id_tpr,OOD-4,primary,down,id_train,id_test_vs_places365,detector_declared,detector/vim_dim320,places365,far,,,,45195,C2,sgd,0.3,0.0001,0.37449448311786715,0.02027625181840081,0.374494 ± 0.020276,0.3913908225600227,0.3520102287256713,0.3800823980679074
metric_contract_v1.2,c38b09694be88aa74de0741b39e9d3ba0d6ff61a,35a1a66f78dfd6255c4d804586ee6863969be78d21acec5cd0ccf00476ddaa5c,f80984d28ef9a7550633fb3aea514f783f3db1fa655a6d3f49850b10857e6afc,86af0abedd46c2a0c8eddb4fea4739037bd2bfd7259cc44a9b8303088bfee3b9,last,ood_metric/fpr95_id_tpr,OOD-4,primary,down,id_train,id_test_vs_places365,detector_declared,detector/vim_dim64,places365,far,,,,45195,C2,sgd,0.3,0.0001,0.3809821470852867,0.023092205498664663,0.380982 ± 0.023092,0.4037505327461287,0.3575792015911351,0.3816167069185964
metric_contract_v1.2,c38b09694be88aa74de0741b39e9d3ba0d6ff61a,35a1a66f78dfd6255c4d804586ee6863969be78d21acec5cd0ccf00476ddaa5c,f80984d28ef9a7550633fb3aea514f783f3db1fa655a6d3f49850b10857e6afc,86af0abedd46c2a0c8eddb4fea4739037bd2bfd7259cc44a9b8303088bfee3b9,last,ood_metric/fpr95_id_tpr,OOD-4,primary,down,id_train,id_test_vs_places365,detector_declared,detector/weight_cosine_appendix,places365,far,,,,45195,C2,sgd,0.3,0.0001,0.5085097314959511,0.0021117663504545674,0.508510 ± 0.002112,0.5062935076005114,0.508737036510868,0.5104986503764739
metric_contract_v1.2,c38b09694be88aa74de0741b39e9d3ba0d6ff61a,35a1a66f78dfd6255c4d804586ee6863969be78d21acec5cd0ccf00476ddaa5c,f80984d28ef9a7550633fb3aea514f783f3db1fa655a6d3f49850b10857e6afc,86af0abedd46c2a0c8eddb4fea4739037bd2bfd7259cc44a9b8303088bfee3b9,last,ood_metric/fpr95_id_tpr,OOD-4,primary,down,,id_test_vs_places365,detector_declared,ood_score/energy_t1,places365,far,,,,45195,C2,sgd,0.3,0.0001,0.3693801202822371,0.026384557709000667,0.369380 ± 0.026385,0.38175877255291946,0.33908225600227304,0.3872993322915187
metric_contract_v1.2,c38b09694be88aa74de0741b39e9d3ba0d6ff61a,35a1a66f78dfd6255c4d804586ee6863969be78d21acec5cd0ccf00476ddaa5c,f80984d28ef9a7550633fb3aea514f783f3db1fa655a6d3f49850b10857e6afc,86af0abedd46c2a0c8eddb4fea4739037bd2bfd7259cc44a9b8303088bfee3b9,last,ood_metric/fpr95_id_tpr,OOD-4,primary,down,,id_test_vs_places365,detector_declared,ood_score/max_logit,places365,far,,,,45195,C2,sgd,0.3,0.0001,0.3744281858218497,0.025441841089144684,0.374428 ± 0.025442,0.3865605909930388,0.34519107827816453,0.3915328881943458
metric_contract_v1.2,c38b09694be88aa74de0741b39e9d3ba0d6ff61a,35a1a66f78dfd6255c4d804586ee6863969be78d21acec5cd0ccf00476ddaa5c,f80984d28ef9a7550633fb3aea514f783f3db1fa655a6d3f49850b10857e6afc,86af0abedd46c2a0c8eddb4fea4739037bd2bfd7259cc44a9b8303088bfee3b9,last,ood_metric/fpr95_id_tpr,OOD-4,primary,down,,id_test_vs_places365,detector_declared,ood_score/msp,places365,far,,,,45195,C2,sgd,0.3,0.0001,0.5537907846758535,0.013688592142342111,0.553791 ± 0.013689,0.5423213524648387,0.5501065492257423,0.5689444523369797
metric_contract_v1.2,c38b09694be88aa74de0741b39e9d3ba0d6ff61a,35a1a66f78dfd6255c4d804586ee6863969be78d21acec5cd0ccf00476ddaa5c,f80984d28ef9a7550633fb3aea514f783f3db1fa655a6d3f49850b10857e6afc,86af0abedd46c2a0c8eddb4fea4739037bd2bfd7259cc44a9b8303088bfee3b9,last,ood_metric/fpr95_threshold,OOD-4,appendix,descriptive,id_train,id_test_vs_places365,detector_declared,detector/ctm_prototype_cosine,places365,far,,,,45195,C2,sgd,0.3,0.0001,0.7591959449791373,0.003962538396473566,0.759196 ± 0.003963,0.7600922816623883,0.76263353859062,0.7548620146844041
metric_contract_v1.2,c38b09694be88aa74de0741b39e9d3ba0d6ff61a,35a1a66f78dfd6255c4d804586ee6863969be78d21acec5cd0ccf00476ddaa5c,f80984d28ef9a7550633fb3aea514f783f3db1fa655a6d3f49850b10857e6afc,86af0abedd46c2a0c8eddb4fea4739037bd2bfd7259cc44a9b8303088bfee3b9,last,ood_metric/fpr95_threshold,OOD-4,appendix,descriptive,id_train,id_test_vs_places365,detector_declared,detector/gda_class_density,places365,far,,,,45195,C2,sgd,0.3,0.0001,2770.501500046022,1984.4913087848572,2770.501500 ± 1984.491309,4916.972693815074,1002.4984489853662,2392.0333573376256
metric_contract_v1.2,c38b09694be88aa74de0741b39e9d3ba0d6ff61a,35a1a66f78dfd6255c4d804586ee6863969be78d21acec5cd0ccf00476ddaa5c,f80984d28ef9a7550633fb3aea514f783f3db1fa655a6d3f49850b10857e6afc,86af0abedd46c2a0c8eddb4fea4739037bd2bfd7259cc44a9b8303088bfee3b9,last,ood_metric/fpr95_threshold,OOD-4,appendix,descriptive,id_train,id_test_vs_places365,detector_declared,detector/knn_l2_k50,places365,far,,,,45195,C2,sgd,0.3,0.0001,-0.3330386751929493,0.004486015930127297,-0.333039 ± 0.004486,-0.33008945495388087,-0.33082534362212856,-0.3382012270028384
metric_contract_v1.2,c38b09694be88aa74de0741b39e9d3ba0d6ff61a,35a1a66f78dfd6255c4d804586ee6863969be78d21acec5cd0ccf00476ddaa5c,f80984d28ef9a7550633fb3aea514f783f3db1fa655a6d3f49850b10857e6afc,86af0abedd46c2a0c8eddb4fea4739037bd2bfd7259cc44a9b8303088bfee3b9,last,ood_metric/fpr95_threshold,OOD-4,appendix,descriptive,id_train,id_test_vs_places365,detector_declared,detector/mahalanobis_pp,places365,far,,,,45195,C2,sgd,0.3,0.0001,-1173.828480315389,3.3842957698348872,-1173.828480 ± 3.384296,-1169.9284608516768,-1175.564377939408,-1175.992602155082
metric_contract_v1.2,c38b09694be88aa74de0741b39e9d3ba0d6ff61a,35a1a66f78dfd6255c4d804586ee6863969be78d21acec5cd0ccf00476ddaa5c,f80984d28ef9a7550633fb3aea514f783f3db1fa655a6d3f49850b10857e6afc,86af0abedd46c2a0c8eddb4fea4739037bd2bfd7259cc44a9b8303088bfee3b9,last,ood_metric/fpr95_threshold,OOD-4,appendix,descriptive,id_train,id_test_vs_places365,detector_declared,detector/mahalanobis_raw,places365,far,,,,45195,C2,sgd,0.3,0.0001,-959.0490345936305,18.727082915321834,-959.049035 ± 18.727083,-938.4595710378089,-975.0673253500056,-963.6202073930772
metric_contract_v1.2,c38b09694be88aa74de0741b39e9d3ba0d6ff61a,35a1a66f78dfd6255c4d804586ee6863969be78d21acec5cd0ccf00476ddaa5c,f80984d28ef9a7550633fb3aea514f783f3db1fa655a6d3f49850b10857e6afc,86af0abedd46c2a0c8eddb4fea4739037bd2bfd7259cc44a9b8303088bfee3b9,last,ood_metric/fpr95_threshold,OOD-4,appendix,descriptive,id_train,id_test_vs_places365,detector_declared,detector/marginal_mahalanobis_raw,places365,far,,,,45195,C2,sgd,0.3,0.0001,-932.4614294705303,17.210619269132298,-932.461429 ± 17.210619,-913.8036376967019,-947.7165822047617,-935.8640685101273
metric_contract_v1.2,c38b09694be88aa74de0741b39e9d3ba0d6ff61a,35a1a66f78dfd6255c4d804586ee6863969be78d21acec5cd0ccf00476ddaa5c,f80984d28ef9a7550633fb3aea514f783f3db1fa655a6d3f49850b10857e6afc,86af0abedd46c2a0c8eddb4fea4739037bd2bfd7259cc44a9b8303088bfee3b9,last,ood_metric/fpr95_threshold,OOD-4,appendix,descriptive,id_train,id_test_vs_places365,detector_declared,detector/ncp_euclidean_raw,places365,far,,,,45195,C2,sgd,0.3,0.0001,-6.623973137760868,0.17324281620860857,-6.623973 ± 0.173243,-6.702996122017748,-6.743614400359585,-6.425308890905272
metric_contract_v1.2,c38b09694be88aa74de0741b39e9d3ba0d6ff61a,35a1a66f78dfd6255c4d804586ee6863969be78d21acec5cd0ccf00476ddaa5c,f80984d28ef9a7550633fb3aea514f783f3db1fa655a6d3f49850b10857e6afc,86af0abedd46c2a0c8eddb4fea4739037bd2bfd7259cc44a9b8303088bfee3b9,last,ood_metric/fpr95_threshold,OOD-4,appendix,descriptive,id_train,id_test_vs_places365,detector_declared,detector/neco_author_std_dim100,places365,far,,,,45195,C2,sgd,0.3,0.0001,0.9198464416612291,0.02296997266618419,0.919846 ± 0.022970,0.9049706969611848,0.9463015117280438,0.9082671162944589
metric_contract_v1.2,c38b09694be88aa74de0741b39e9d3ba0d6ff61a,35a1a66f78dfd6255c4d804586ee6863969be78d21acec5cd0ccf00476ddaa5c,f80984d28ef9a7550633fb3aea514f783f3db1fa655a6d3f49850b10857e6afc,86af0abedd46c2a0c8eddb4fea4739037bd2bfd7259cc44a9b8303088bfee3b9,last,ood_metric/fpr95_threshold,OOD-4,appendix,descriptive,id_train,id_test_vs_places365,detector_declared,detector/relative_mahalanobis_pp,places365,far,,,,45195,C2,sgd,0.3,0.0001,-116.05226436725077,5.4063200471291815,-116.052264 ± 5.406320,-109.84828341017783,-119.75530531388294,-118.55320437769156
metric_contract_v1.2,c38b09694be88aa74de0741b39e9d3ba0d6ff61a,35a1a66f78dfd6255c4d804586ee6863969be78d21acec5cd0ccf00476ddaa5c,f80984d28ef9a7550633fb3aea514f783f3db1fa655a6d3f49850b10857e6afc,86af0abedd46c2a0c8eddb4fea4739037bd2bfd7259cc44a9b8303088bfee3b9,last,ood_metric/fpr95_threshold,OOD-4,appendix,descriptive,id_train,id_test_vs_places365,detector_declared,detector/relative_mahalanobis_raw,places365,far,,,,45195,C2,sgd,0.3,0.0001,-81.52032081133308,3.145625227998566,-81.520321 ± 3.145625,-78.15562797799954,-84.38761012873663,-82.01772432726307
metric_contract_v1.2,c38b09694be88aa74de0741b39e9d3ba0d6ff61a,35a1a66f78dfd6255c4d804586ee6863969be78d21acec5cd0ccf00476ddaa5c,f80984d28ef9a7550633fb3aea514f783f3db1fa655a6d3f49850b10857e6afc,86af0abedd46c2a0c8eddb4fea4739037bd2bfd7259cc44a9b8303088bfee3b9,last,ood_metric/fpr95_threshold,OOD-4,appendix,descriptive,id_train,id_test_vs_places365,detector_declared,detector/vim_author_dim,places365,far,,,,45195,C2,sgd,0.3,0.0001,-9.450858510629194,0.18805415693632452,-9.450859 ± 0.188054,-9.541356368279546,-9.576553927313176,-9.23466523629486
metric_contract_v1.2,c38b09694be88aa74de0741b39e9d3ba0d6ff61a,35a1a66f78dfd6255c4d804586ee6863969be78d21acec5cd0ccf00476ddaa5c,f80984d28ef9a7550633fb3aea514f783f3db1fa655a6d3f49850b10857e6afc,86af0abedd46c2a0c8eddb4fea4739037bd2bfd7259cc44a9b8303088bfee3b9,last,ood_metric/fpr95_threshold,OOD-4,appendix,descriptive,id_train,id_test_vs_places365,detector_declared,detector/vim_dim128,places365,far,,,,45195,C2,sgd,0.3,0.0001,-9.104488085884144,0.21944748525322563,-9.104488 ± 0.219447,-9.151555728632411,-9.296582826019279,-8.865325703000744
metric_contract_v1.2,c38b09694be88aa74de0741b39e9d3ba0d6ff61a,35a1a66f78dfd6255c4d804586ee6863969be78d21acec5cd0ccf00476ddaa5c,f80984d28ef9a7550633fb3aea514f783f3db1fa655a6d3f49850b10857e6afc,86af0abedd46c2a0c8eddb4fea4739037bd2bfd7259cc44a9b8303088bfee3b9,last,ood_metric/fpr95_threshold,OOD-4,appendix,descriptive,id_train,id_test_vs_places365,detector_declared,detector/vim_dim256,places365,far,,,,45195,C2,sgd,0.3,0.0001,-9.36775031918866,0.1782116822220263,-9.367750 ± 0.178212,-9.46014753395169,-9.48078886107964,-9.162314562534652
metric_contract_v1.2,c38b09694be88aa74de0741b39e9d3ba0d6ff61a,35a1a66f78dfd6255c4d804586ee6863969be78d21acec5cd0ccf00476ddaa5c,f80984d28ef9a7550633fb3aea514f783f3db1fa655a6d3f49850b10857e6afc,86af0abedd46c2a0c8eddb4fea4739037bd2bfd7259cc44a9b8303088bfee3b9,last,ood_metric/fpr95_threshold,OOD-4,appendix,descriptive,id_train,id_test_vs_places365,detector_declared,detector/vim_dim320,places365,far,,,,45195,C2,sgd,0.3,0.0001,-9.450858510629194,0.18805415693632452,-9.450859 ± 0.188054,-9.541356368279546,-9.576553927313176,-9.23466523629486
metric_contract_v1.2,c38b09694be88aa74de0741b39e9d3ba0d6ff61a,35a1a66f78dfd6255c4d804586ee6863969be78d21acec5cd0ccf00476ddaa5c,f80984d28ef9a7550633fb3aea514f783f3db1fa655a6d3f49850b10857e6afc,86af0abedd46c2a0c8eddb4fea4739037bd2bfd7259cc44a9b8303088bfee3b9,last,ood_metric/fpr95_threshold,OOD-4,appendix,descriptive,id_train,id_test_vs_places365,detector_declared,detector/vim_dim64,places365,far,,,,45195,C2,sgd,0.3,0.0001,-8.9088896721802,0.3461059363974651,-8.908890 ± 0.346106,-9.19654676728868,-9.005330485833083,-8.524791763418836
metric_contract_v1.2,c38b09694be88aa74de0741b39e9d3ba0d6ff61a,35a1a66f78dfd6255c4d804586ee6863969be78d21acec5cd0ccf00476ddaa5c,f80984d28ef9a7550633fb3aea514f783f3db1fa655a6d3f49850b10857e6afc,86af0abedd46c2a0c8eddb4fea4739037bd2bfd7259cc44a9b8303088bfee3b9,last,ood_metric/fpr95_threshold,OOD-4,appendix,descriptive,id_train,id_test_vs_places365,detector_declared,detector/weight_cosine_appendix,places365,far,,,,45195,C2,sgd,0.3,0.0001,0.38598109971261946,0.0038245888842584233,0.385981 ± 0.003825,0.38570996917440703,0.389934039250386,0.38229929071306545
metric_contract_v1.2,c38b09694be88aa74de0741b39e9d3ba0d6ff61a,35a1a66f78dfd6255c4d804586ee6863969be78d21acec5cd0ccf00476ddaa5c,f80984d28ef9a7550633fb3aea514f783f3db1fa655a6d3f49850b10857e6afc,86af0abedd46c2a0c8eddb4fea4739037bd2bfd7259cc44a9b8303088bfee3b9,last,ood_metric/fpr95_threshold,OOD-4,appendix,descriptive,,id_test_vs_places365,detector_declared,ood_score/energy_t1,places365,far,,,,45195,C2,sgd,0.3,0.0001,8.971321610827088,0.2564853924594171,8.971322 ± 0.256485,8.98048947479067,9.223100155131942,8.710375202558653
metric_contract_v1.2,c38b09694be88aa74de0741b39e9d3ba0d6ff61a,35a1a66f78dfd6255c4d804586ee6863969be78d21acec5cd0ccf00476ddaa5c,f80984d28ef9a7550633fb3aea514f783f3db1fa655a6d3f49850b10857e6afc,86af0abedd46c2a0c8eddb4fea4739037bd2bfd7259cc44a9b8303088bfee3b9,last,ood_metric/fpr95_threshold,OOD-4,appendix,descriptive,,id_test_vs_places365,detector_declared,ood_score/max_logit,places365,far,,,,45195,C2,sgd,0.3,0.0001,8.839109007517498,0.2566334242928837,8.839109 ± 0.256633,8.846097850799561,9.092176628112792,8.579052543640136
metric_contract_v1.2,c38b09694be88aa74de0741b39e9d3ba0d6ff61a,35a1a66f78dfd6255c4d804586ee6863969be78d21acec5cd0ccf00476ddaa5c,f80984d28ef9a7550633fb3aea514f783f3db1fa655a6d3f49850b10857e6afc,86af0abedd46c2a0c8eddb4fea4739037bd2bfd7259cc44a9b8303088bfee3b9,last,ood_metric/fpr95_threshold,OOD-4,appendix,descriptive,,id_test_vs_places365,detector_declared,ood_score/msp,places365,far,,,,45195,C2,sgd,0.3,0.0001,0.904357546466732,0.01245722081261054,0.904358 ± 0.012457,0.9147065110760535,0.9078350320891038,0.890531096235039
metric_contract_v1.2,c38b09694be88aa74de0741b39e9d3ba0d6ff61a,35a1a66f78dfd6255c4d804586ee6863969be78d21acec5cd0ccf00476ddaa5c,f80984d28ef9a7550633fb3aea514f783f3db1fa655a6d3f49850b10857e6afc,db137e7d3c712f7a4752a4ecaee827c58ae25bc907f916dbab0de88a87e33211,last,analysis/angular_control_gap_ctm_ncp,OOD-7,exploratory,descriptive,id_train,id_test_vs_places365,paired_auroc_difference,,places365,,,,,45195,C2,adam,0.0003,0.001,-0.00798054553203579,0.0010064202310761704,-0.007981 ± 0.001006,-0.008420147748259721,-0.008692379599374855,-0.006829109248472798
metric_contract_v1.2,c38b09694be88aa74de0741b39e9d3ba0d6ff61a,35a1a66f78dfd6255c4d804586ee6863969be78d21acec5cd0ccf00476ddaa5c,f80984d28ef9a7550633fb3aea514f783f3db1fa655a6d3f49850b10857e6afc,db137e7d3c712f7a4752a4ecaee827c58ae25bc907f916dbab0de88a87e33211,last,analysis/restoration_gap_mahalanobis,OOD-7,exploratory,descriptive,id_train,id_test_vs_places365,paired_auroc_difference,,places365,,,,,45195,C2,adam,0.0003,0.001,0.32584931855850746,0.014314815991979231,0.325849 ± 0.014315,0.34131920727376064,0.32315678079272636,0.31307196760903544
metric_contract_v1.2,c38b09694be88aa74de0741b39e9d3ba0d6ff61a,35a1a66f78dfd6255c4d804586ee6863969be78d21acec5cd0ccf00476ddaa5c,f80984d28ef9a7550633fb3aea514f783f3db1fa655a6d3f49850b10857e6afc,db137e7d3c712f7a4752a4ecaee827c58ae25bc907f916dbab0de88a87e33211,last,analysis/restoration_gap_relative_mahalanobis,OOD-7,exploratory,descriptive,id_train,id_test_vs_places365,paired_auroc_difference,,places365,,,,,45195,C2,adam,0.0003,0.001,-0.011888637590566797,0.0014487646400278159,-0.011889 ± 0.001449,-0.013561522943599913,-0.011049043898280986,-0.011055345929819493
metric_contract_v1.2,c38b09694be88aa74de0741b39e9d3ba0d6ff61a,35a1a66f78dfd6255c4d804586ee6863969be78d21acec5cd0ccf00476ddaa5c,f80984d28ef9a7550633fb3aea514f783f3db1fa655a6d3f49850b10857e6afc,db137e7d3c712f7a4752a4ecaee827c58ae25bc907f916dbab0de88a87e33211,last,ood_metric/ap_in,OOD-2,appendix,up,id_train,id_test_vs_places365,detector_declared,detector/ctm_prototype_cosine,places365,far,,,,45195,C2,adam,0.0003,0.001,0.7714024998596335,0.00765644893126552,0.771402 ± 0.007656,0.7655559641792586,0.7685825346694926,0.7800690007301493
metric_contract_v1.2,c38b09694be88aa74de0741b39e9d3ba0d6ff61a,35a1a66f78dfd6255c4d804586ee6863969be78d21acec5cd0ccf00476ddaa5c,f80984d28ef9a7550633fb3aea514f783f3db1fa655a6d3f49850b10857e6afc,db137e7d3c712f7a4752a4ecaee827c58ae25bc907f916dbab0de88a87e33211,last,ood_metric/ap_in,OOD-2,appendix,up,id_train,id_test_vs_places365,detector_declared,detector/gda_class_density,places365,far,,,,45195,C2,adam,0.0003,0.001,0.5582615230790068,0.01493876305138221,0.558262 ± 0.014939,0.5530809297889696,0.5751009506230578,0.5466026888249931
metric_contract_v1.2,c38b09694be88aa74de0741b39e9d3ba0d6ff61a,35a1a66f78dfd6255c4d804586ee6863969be78d21acec5cd0ccf00476ddaa5c,f80984d28ef9a7550633fb3aea514f783f3db1fa655a6d3f49850b10857e6afc,db137e7d3c712f7a4752a4ecaee827c58ae25bc907f916dbab0de88a87e33211,last,ood_metric/ap_in,OOD-2,appendix,up,id_train,id_test_vs_places365,detector_declared,detector/knn_l2_k50,places365,far,,,,45195,C2,adam,0.0003,0.001,0.7861856994053085,0.002577866363644492,0.786186 ± 0.002578,0.784341612319938,0.7850841565018571,0.7891313293941301
metric_contract_v1.2,c38b09694be88aa74de0741b39e9d3ba0d6ff61a,35a1a66f78dfd6255c4d804586ee6863969be78d21acec5cd0ccf00476ddaa5c,f80984d28ef9a7550633fb3aea514f783f3db1fa655a6d3f49850b10857e6afc,db137e7d3c712f7a4752a4ecaee827c58ae25bc907f916dbab0de88a87e33211,last,ood_metric/ap_in,OOD-2,appendix,up,id_train,id_test_vs_places365,detector_declared,detector/mahalanobis_pp,places365,far,,,,45195,C2,adam,0.0003,0.001,0.7922993483974685,0.006192610893859192,0.792299 ± 0.006193,0.7972513178346956,0.7942906815209523,0.7853560458367578
metric_contract_v1.2,c38b09694be88aa74de0741b39e9d3ba0d6ff61a,35a1a66f78dfd6255c4d804586ee6863969be78d21acec5cd0ccf00476ddaa5c,f80984d28ef9a7550633fb3aea514f783f3db1fa655a6d3f49850b10857e6afc,db137e7d3c712f7a4752a4ecaee827c58ae25bc907f916dbab0de88a87e33211,last,ood_metric/ap_in,OOD-2,appendix,up,id_train,id_test_vs_places365,detector_declared,detector/mahalanobis_raw,places365,far,,,,45195,C2,adam,0.0003,0.001,0.3012588261716355,0.016049239447768687,0.301259 ± 0.016049,0.283059644338739,0.3133866876030297,0.30733014657313795
metric_contract_v1.2,c38b09694be88aa74de0741b39e9d3ba0d6ff61a,35a1a66f78dfd6255c4d804586ee6863969be78d21acec5cd0ccf00476ddaa5c,f80984d28ef9a7550633fb3aea514f783f3db1fa655a6d3f49850b10857e6afc,db137e7d3c712f7a4752a4ecaee827c58ae25bc907f916dbab0de88a87e33211,last,ood_metric/ap_in,OOD-2,appendix,up,id_train,id_test_vs_places365,detector_declared,detector/marginal_mahalanobis_raw,places365,far,,,,45195,C2,adam,0.0003,0.001,0.22000062603550727,0.009712714748320181,0.220001 ± 0.009713,0.20895856285139028,0.22382122878144703,0.22722208647368447
metric_contract_v1.2,c38b09694be88aa74de0741b39e9d3ba0d6ff61a,35a1a66f78dfd6255c4d804586ee6863969be78d21acec5cd0ccf00476ddaa5c,f80984d28ef9a7550633fb3aea514f783f3db1fa655a6d3f49850b10857e6afc,db137e7d3c712f7a4752a4ecaee827c58ae25bc907f916dbab0de88a87e33211,last,ood_metric/ap_in,OOD-2,appendix,up,id_train,id_test_vs_places365,detector_declared,detector/ncp_euclidean_raw,places365,far,,,,45195,C2,adam,0.0003,0.001,0.7702895197213634,0.006018461458832319,0.770290 ± 0.006018,0.7677631493387574,0.7659460153502892,0.7771593944750435
metric_contract_v1.2,c38b09694be88aa74de0741b39e9d3ba0d6ff61a,35a1a66f78dfd6255c4d804586ee6863969be78d21acec5cd0ccf00476ddaa5c,f80984d28ef9a7550633fb3aea514f783f3db1fa655a6d3f49850b10857e6afc,db137e7d3c712f7a4752a4ecaee827c58ae25bc907f916dbab0de88a87e33211,last,ood_metric/ap_in,OOD-2,appendix,up,id_train,id_test_vs_places365,detector_declared,detector/neco_author_std_dim100,places365,far,,,,45195,C2,adam,0.0003,0.001,0.7794617045407217,0.006832615521493187,0.779462 ± 0.006833,0.7745885617471995,0.7872717286775752,0.7765248231973905
metric_contract_v1.2,c38b09694be88aa74de0741b39e9d3ba0d6ff61a,35a1a66f78dfd6255c4d804586ee6863969be78d21acec5cd0ccf00476ddaa5c,f80984d28ef9a7550633fb3aea514f783f3db1fa655a6d3f49850b10857e6afc,db137e7d3c712f7a4752a4ecaee827c58ae25bc907f916dbab0de88a87e33211,last,ood_metric/ap_in,OOD-2,appendix,up,id_train,id_test_vs_places365,detector_declared,detector/relative_mahalanobis_pp,places365,far,,,,45195,C2,adam,0.0003,0.001,0.7623051613684106,0.0023492428954492565,0.762305 ± 0.002349,0.7595996547054817,0.7634872763265415,0.763828553073209
metric_contract_v1.2,c38b09694be88aa74de0741b39e9d3ba0d6ff61a,35a1a66f78dfd6255c4d804586ee6863969be78d21acec5cd0ccf00476ddaa5c,f80984d28ef9a7550633fb3aea514f783f3db1fa655a6d3f49850b10857e6afc,db137e7d3c712f7a4752a4ecaee827c58ae25bc907f916dbab0de88a87e33211,last,ood_metric/ap_in,OOD-2,appendix,up,id_train,id_test_vs_places365,detector_declared,detector/relative_mahalanobis_raw,places365,far,,,,45195,C2,adam,0.0003,0.001,0.7894071389203773,0.004013956289269234,0.789407 ± 0.004014,0.791499468366324,0.7847792897878862,0.7919426586069217
metric_contract_v1.2,c38b09694be88aa74de0741b39e9d3ba0d6ff61a,35a1a66f78dfd6255c4d804586ee6863969be78d21acec5cd0ccf00476ddaa5c,f80984d28ef9a7550633fb3aea514f783f3db1fa655a6d3f49850b10857e6afc,db137e7d3c712f7a4752a4ecaee827c58ae25bc907f916dbab0de88a87e33211,last,ood_metric/ap_in,OOD-2,appendix,up,id_train,id_test_vs_places365,detector_declared,detector/vim_author_dim,places365,far,,,,45195,C2,adam,0.0003,0.001,0.7712846652966933,0.006205429833410211,0.771285 ± 0.006205,0.7781030499933483,0.7659677040908538,0.7697832418058776
metric_contract_v1.2,c38b09694be88aa74de0741b39e9d3ba0d6ff61a,35a1a66f78dfd6255c4d804586ee6863969be78d21acec5cd0ccf00476ddaa5c,f80984d28ef9a7550633fb3aea514f783f3db1fa655a6d3f49850b10857e6afc,db137e7d3c712f7a4752a4ecaee827c58ae25bc907f916dbab0de88a87e33211,last,ood_metric/ap_in,OOD-2,appendix,up,id_train,id_test_vs_places365,detector_declared,detector/vim_dim128,places365,far,,,,45195,C2,adam,0.0003,0.001,0.7821428627143412,0.0024576320855967163,0.782143 ± 0.002458,0.7835853510166313,0.7793051649040126,0.7835380722223798
metric_contract_v1.2,c38b09694be88aa74de0741b39e9d3ba0d6ff61a,35a1a66f78dfd6255c4d804586ee6863969be78d21acec5cd0ccf00476ddaa5c,f80984d28ef9a7550633fb3aea514f783f3db1fa655a6d3f49850b10857e6afc,db137e7d3c712f7a4752a4ecaee827c58ae25bc907f916dbab0de88a87e33211,last,ood_metric/ap_in,OOD-2,appendix,up,id_train,id_test_vs_places365,detector_declared,detector/vim_dim256,places365,far,,,,45195,C2,adam,0.0003,0.001,0.7714586895933938,0.006535914305496422,0.771459 ± 0.006536,0.7787407511798159,0.766101016700775,0.7695343008995902
metric_contract_v1.2,c38b09694be88aa74de0741b39e9d3ba0d6ff61a,35a1a66f78dfd6255c4d804586ee6863969be78d21acec5cd0ccf00476ddaa5c,f80984d28ef9a7550633fb3aea514f783f3db1fa655a6d3f49850b10857e6afc,db137e7d3c712f7a4752a4ecaee827c58ae25bc907f916dbab0de88a87e33211,last,ood_metric/ap_in,OOD-2,appendix,up,id_train,id_test_vs_places365,detector_declared,detector/vim_dim320,places365,far,,,,45195,C2,adam,0.0003,0.001,0.7712846652966933,0.006205429833410211,0.771285 ± 0.006205,0.7781030499933483,0.7659677040908538,0.7697832418058776
metric_contract_v1.2,c38b09694be88aa74de0741b39e9d3ba0d6ff61a,35a1a66f78dfd6255c4d804586ee6863969be78d21acec5cd0ccf00476ddaa5c,f80984d28ef9a7550633fb3aea514f783f3db1fa655a6d3f49850b10857e6afc,db137e7d3c712f7a4752a4ecaee827c58ae25bc907f916dbab0de88a87e33211,last,ood_metric/ap_in,OOD-2,appendix,up,id_train,id_test_vs_places365,detector_declared,detector/vim_dim64,places365,far,,,,45195,C2,adam,0.0003,0.001,0.7672098579995849,0.006859176533953486,0.767210 ± 0.006859,0.7612673806522243,0.7656463943725602,0.77471579897397
metric_contract_v1.2,c38b09694be88aa74de0741b39e9d3ba0d6ff61a,35a1a66f78dfd6255c4d804586ee6863969be78d21acec5cd0ccf00476ddaa5c,f80984d28ef9a7550633fb3aea514f783f3db1fa655a6d3f49850b10857e6afc,db137e7d3c712f7a4752a4ecaee827c58ae25bc907f916dbab0de88a87e33211,last,ood_metric/ap_in,OOD-2,appendix,up,id_train,id_test_vs_places365,detector_declared,detector/weight_cosine_appendix,places365,far,,,,45195,C2,adam,0.0003,0.001,0.7711609254253277,0.007246368574300774,0.771161 ± 0.007246,0.7635857025171755,0.7718708988348203,0.7780261749239874
metric_contract_v1.2,c38b09694be88aa74de0741b39e9d3ba0d6ff61a,35a1a66f78dfd6255c4d804586ee6863969be78d21acec5cd0ccf00476ddaa5c,f80984d28ef9a7550633fb3aea514f783f3db1fa655a6d3f49850b10857e6afc,db137e7d3c712f7a4752a4ecaee827c58ae25bc907f916dbab0de88a87e33211,last,ood_metric/ap_in,OOD-2,appendix,up,,id_test_vs_places365,detector_declared,ood_score/energy_t1,places365,far,,,,45195,C2,adam,0.0003,0.001,0.8262589157779162,0.0016141516121689382,0.826259 ± 0.001614,0.8264290117288613,0.8245664518784613,0.8277812837264258
metric_contract_v1.2,c38b09694be88aa74de0741b39e9d3ba0d6ff61a,35a1a66f78dfd6255c4d804586ee6863969be78d21acec5cd0ccf00476ddaa5c,f80984d28ef9a7550633fb3aea514f783f3db1fa655a6d3f49850b10857e6afc,db137e7d3c712f7a4752a4ecaee827c58ae25bc907f916dbab0de88a87e33211,last,ood_metric/ap_in,OOD-2,appendix,up,,id_test_vs_places365,detector_declared,ood_score/max_logit,places365,far,,,,45195,C2,adam,0.0003,0.001,0.8256762106555007,0.0016775299912245032,0.825676 ± 0.001678,0.8259053349478291,0.8238958954017432,0.8272274016169296
metric_contract_v1.2,c38b09694be88aa74de0741b39e9d3ba0d6ff61a,35a1a66f78dfd6255c4d804586ee6863969be78d21acec5cd0ccf00476ddaa5c,f80984d28ef9a7550633fb3aea514f783f3db1fa655a6d3f49850b10857e6afc,db137e7d3c712f7a4752a4ecaee827c58ae25bc907f916dbab0de88a87e33211,last,ood_metric/ap_in,OOD-2,appendix,up,,id_test_vs_places365,detector_declared,ood_score/msp,places365,far,,,,45195,C2,adam,0.0003,0.001,0.8038244484699492,0.0021775707871975903,0.803824 ± 0.002178,0.8022554625642906,0.8029073166244931,0.8063105662210639
metric_contract_v1.2,c38b09694be88aa74de0741b39e9d3ba0d6ff61a,35a1a66f78dfd6255c4d804586ee6863969be78d21acec5cd0ccf00476ddaa5c,f80984d28ef9a7550633fb3aea514f783f3db1fa655a6d3f49850b10857e6afc,db137e7d3c712f7a4752a4ecaee827c58ae25bc907f916dbab0de88a87e33211,last,ood_metric/ap_out,OOD-3,appendix,up,id_train,id_test_vs_places365,detector_declared,detector/ctm_prototype_cosine,places365,far,,,,45195,C2,adam,0.0003,0.001,0.9627080869352661,0.0017112424925358406,0.962708 ± 0.001711,0.9625094840944886,0.9611048113230403,0.9645099653882694
metric_contract_v1.2,c38b09694be88aa74de0741b39e9d3ba0d6ff61a,35a1a66f78dfd6255c4d804586ee6863969be78d21acec5cd0ccf00476ddaa5c,f80984d28ef9a7550633fb3aea514f783f3db1fa655a6d3f49850b10857e6afc,db137e7d3c712f7a4752a4ecaee827c58ae25bc907f916dbab0de88a87e33211,last,ood_metric/ap_out,OOD-3,appendix,up,id_train,id_test_vs_places365,detector_declared,detector/gda_class_density,places365,far,,,,45195,C2,adam,0.0003,0.001,0.910063642654087,0.004437222840802868,0.910064 ± 0.004437,0.9054877630542381,0.9103553507653777,0.9143478141426457
metric_contract_v1.2,c38b09694be88aa74de0741b39e9d3ba0d6ff61a,35a1a66f78dfd6255c4d804586ee6863969be78d21acec5cd0ccf00476ddaa5c,f80984d28ef9a7550633fb3aea514f783f3db1fa655a6d3f49850b10857e6afc,db137e7d3c712f7a4752a4ecaee827c58ae25bc907f916dbab0de88a87e33211,last,ood_metric/ap_out,OOD-3,appendix,up,id_train,id_test_vs_places365,detector_declared,detector/knn_l2_k50,places365,far,,,,45195,C2,adam,0.0003,0.001,0.9648959783128941,0.0013752330307676185,0.964896 ± 0.001375,0.9646427813742425,0.9636649375180529,0.9663802160463866
metric_contract_v1.2,c38b09694be88aa74de0741b39e9d3ba0d6ff61a,35a1a66f78dfd6255c4d804586ee6863969be78d21acec5cd0ccf00476ddaa5c,f80984d28ef9a7550633fb3aea514f783f3db1fa655a6d3f49850b10857e6afc,db137e7d3c712f7a4752a4ecaee827c58ae25bc907f916dbab0de88a87e33211,last,ood_metric/ap_out,OOD-3,appendix,up,id_train,id_test_vs_places365,detector_declared,detector/mahalanobis_pp,places365,far,,,,45195,C2,adam,0.0003,0.001,0.9624595124213324,0.0008400050516793311,0.962460 ± 0.000840,0.9633882494622213,0.9622374125916167,0.9617528752101592
metric_contract_v1.2,c38b09694be88aa74de0741b39e9d3ba0d6ff61a,35a1a66f78dfd6255c4d804586ee6863969be78d21acec5cd0ccf00476ddaa5c,f80984d28ef9a7550633fb3aea514f783f3db1fa655a6d3f49850b10857e6afc,db137e7d3c712f7a4752a4ecaee827c58ae25bc907f916dbab0de88a87e33211,last,ood_metric/ap_out,OOD-3,appendix,up,id_train,id_test_vs_places365,detector_declared,detector/mahalanobis_raw,places365,far,,,,45195,C2,adam,0.0003,0.001,0.8116780858044623,0.0071445612690619695,0.811678 ± 0.007145,0.8058519108387981,0.8095328613475776,0.8196494852270112
metric_contract_v1.2,c38b09694be88aa74de0741b39e9d3ba0d6ff61a,35a1a66f78dfd6255c4d804586ee6863969be78d21acec5cd0ccf00476ddaa5c,f80984d28ef9a7550633fb3aea514f783f3db1fa655a6d3f49850b10857e6afc,db137e7d3c712f7a4752a4ecaee827c58ae25bc907f916dbab0de88a87e33211,last,ood_metric/ap_out,OOD-3,appendix,up,id_train,id_test_vs_places365,detector_declared,detector/marginal_mahalanobis_raw,places365,far,,,,45195,C2,adam,0.0003,0.001,0.7831861990544903,0.008137234448247205,0.783186 ± 0.008137,0.7774814640212201,0.7795727655290365,0.7925043676132141
metric_contract_v1.2,c38b09694be88aa74de0741b39e9d3ba0d6ff61a,35a1a66f78dfd6255c4d804586ee6863969be78d21acec5cd0ccf00476ddaa5c,f80984d28ef9a7550633fb3aea514f783f3db1fa655a6d3f49850b10857e6afc,db137e7d3c712f7a4752a4ecaee827c58ae25bc907f916dbab0de88a87e33211,last,ood_metric/ap_out,OOD-3,appendix,up,id_train,id_test_vs_places365,detector_declared,detector/ncp_euclidean_raw,places365,far,,,,45195,C2,adam,0.0003,0.001,0.9661319384354586,0.0008012684067405867,0.966132 ± 0.000801,0.9656866658680785,0.9656521999508131,0.9670569494874844
metric_contract_v1.2,c38b09694be88aa74de0741b39e9d3ba0d6ff61a,35a1a66f78dfd6255c4d804586ee6863969be78d21acec5cd0ccf00476ddaa5c,f80984d28ef9a7550633fb3aea514f783f3db1fa655a6d3f49850b10857e6afc,db137e7d3c712f7a4752a4ecaee827c58ae25bc907f916dbab0de88a87e33211,last,ood_metric/ap_out,OOD-3,appendix,up,id_train,id_test_vs_places365,detector_declared,detector/neco_author_std_dim100,places365,far,,,,45195,C2,adam,0.0003,0.001,0.9578060733733649,0.0009479569910011681,0.957806 ± 0.000948,0.95674624561535,0.9580989296659219,0.958573044838823
metric_contract_v1.2,c38b09694be88aa74de0741b39e9d3ba0d6ff61a,35a1a66f78dfd6255c4d804586ee6863969be78d21acec5cd0ccf00476ddaa5c,f80984d28ef9a7550633fb3aea514f783f3db1fa655a6d3f49850b10857e6afc,db137e7d3c712f7a4752a4ecaee827c58ae25bc907f916dbab0de88a87e33211,last,ood_metric/ap_out,OOD-3,appendix,up,id_train,id_test_vs_places365,detector_declared,detector/relative_mahalanobis_pp,places365,far,,,,45195,C2,adam,0.0003,0.001,0.9606326650315578,0.0012076534902131471,0.960633 ± 0.001208,0.9606207677163378,0.9594310041525864,0.9618462232257489
metric_contract_v1.2,c38b09694be88aa74de0741b39e9d3ba0d6ff61a,35a1a66f78dfd6255c4d804586ee6863969be78d21acec5cd0ccf00476ddaa5c,f80984d28ef9a7550633fb3aea514f783f3db1fa655a6d3f49850b10857e6afc,db137e7d3c712f7a4752a4ecaee827c58ae25bc907f916dbab0de88a87e33211,last,ood_metric/ap_out,OOD-3,appendix,up,id_train,id_test_vs_places365,detector_declared,detector/relative_mahalanobis_raw,places365,far,,,,45195,C2,adam,0.0003,0.001,0.9658026462736208,0.0012300761897833003,0.965803 ± 0.001230,0.9662387402373351,0.9644139353887664,0.9667552631947609
metric_contract_v1.2,c38b09694be88aa74de0741b39e9d3ba0d6ff61a,35a1a66f78dfd6255c4d804586ee6863969be78d21acec5cd0ccf00476ddaa5c,f80984d28ef9a7550633fb3aea514f783f3db1fa655a6d3f49850b10857e6afc,db137e7d3c712f7a4752a4ecaee827c58ae25bc907f916dbab0de88a87e33211,last,ood_metric/ap_out,OOD-3,appendix,up,id_train,id_test_vs_places365,detector_declared,detector/vim_author_dim,places365,far,,,,45195,C2,adam,0.0003,0.001,0.9412350557541275,0.002306810383171168,0.941235 ± 0.002307,0.9413567201447303,0.9388698207129785,0.9434786264046738
metric_contract_v1.2,c38b09694be88aa74de0741b39e9d3ba0d6ff61a,35a1a66f78dfd6255c4d804586ee6863969be78d21acec5cd0ccf00476ddaa5c,f80984d28ef9a7550633fb3aea514f783f3db1fa655a6d3f49850b10857e6afc,db137e7d3c712f7a4752a4ecaee827c58ae25bc907f916dbab0de88a87e33211,last,ood_metric/ap_out,OOD-3,appendix,up,id_train,id_test_vs_places365,detector_declared,detector/vim_dim128,places365,far,,,,45195,C2,adam,0.0003,0.001,0.9436732723754359,0.003583897447037602,0.943673 ± 0.003584,0.9438775557760812,0.9399916024757483,0.947150658874478
metric_contract_v1.2,c38b09694be88aa74de0741b39e9d3ba0d6ff61a,35a1a66f78dfd6255c4d804586ee6863969be78d21acec5cd0ccf00476ddaa5c,f80984d28ef9a7550633fb3aea514f783f3db1fa655a6d3f49850b10857e6afc,db137e7d3c712f7a4752a4ecaee827c58ae25bc907f916dbab0de88a87e33211,last,ood_metric/ap_out,OOD-3,appendix,up,id_train,id_test_vs_places365,detector_declared,detector/vim_dim256,places365,far,,,,45195,C2,adam,0.0003,0.001,0.9411993976776989,0.0025344985575294714,0.941199 ± 0.002534,0.9421073362356871,0.9383359847659738,0.9431548720314357
metric_contract_v1.2,c38b09694be88aa74de0741b39e9d3ba0d6ff61a,35a1a66f78dfd6255c4d804586ee6863969be78d21acec5cd0ccf00476ddaa5c,f80984d28ef9a7550633fb3aea514f783f3db1fa655a6d3f49850b10857e6afc,db137e7d3c712f7a4752a4ecaee827c58ae25bc907f916dbab0de88a87e33211,last,ood_metric/ap_out,OOD-3,appendix,up,id_train,id_test_vs_places365,detector_declared,detector/vim_dim320,places365,far,,,,45195,C2,adam,0.0003,0.001,0.9412350557541275,0.002306810383171168,0.941235 ± 0.002307,0.9413567201447303,0.9388698207129785,0.9434786264046738
metric_contract_v1.2,c38b09694be88aa74de0741b39e9d3ba0d6ff61a,35a1a66f78dfd6255c4d804586ee6863969be78d21acec5cd0ccf00476ddaa5c,f80984d28ef9a7550633fb3aea514f783f3db1fa655a6d3f49850b10857e6afc,db137e7d3c712f7a4752a4ecaee827c58ae25bc907f916dbab0de88a87e33211,last,ood_metric/ap_out,OOD-3,appendix,up,id_train,id_test_vs_places365,detector_declared,detector/vim_dim64,places365,far,,,,45195,C2,adam,0.0003,0.001,0.9339311957109526,0.0049342662722480345,0.933931 ± 0.004934,0.9304009626440329,0.9318233192783246,0.9395693052105001
metric_contract_v1.2,c38b09694be88aa74de0741b39e9d3ba0d6ff61a,35a1a66f78dfd6255c4d804586ee6863969be78d21acec5cd0ccf00476ddaa5c,f80984d28ef9a7550633fb3aea514f783f3db1fa655a6d3f49850b10857e6afc,db137e7d3c712f7a4752a4ecaee827c58ae25bc907f916dbab0de88a87e33211,last,ood_metric/ap_out,OOD-3,appendix,up,id_train,id_test_vs_places365,detector_declared,detector/weight_cosine_appendix,places365,far,,,,45195,C2,adam,0.0003,0.001,0.9582655059842288,0.0009266122396997347,0.958266 ± 0.000927,0.9572232151428293,0.9585772890534603,0.9589960137563969
metric_contract_v1.2,c38b09694be88aa74de0741b39e9d3ba0d6ff61a,35a1a66f78dfd6255c4d804586ee6863969be78d21acec5cd0ccf00476ddaa5c,f80984d28ef9a7550633fb3aea514f783f3db1fa655a6d3f49850b10857e6afc,db137e7d3c712f7a4752a4ecaee827c58ae25bc907f916dbab0de88a87e33211,last,ood_metric/ap_out,OOD-3,appendix,up,,id_test_vs_places365,detector_declared,ood_score/energy_t1,places365,far,,,,45195,C2,adam,0.0003,0.001,0.9739729807980595,0.00041732791584970553,0.973973 ± 0.000417,0.9742920624891953,0.9741261742568683,0.9735007056481151
metric_contract_v1.2,c38b09694be88aa74de0741b39e9d3ba0d6ff61a,35a1a66f78dfd6255c4d804586ee6863969be78d21acec5cd0ccf00476ddaa5c,f80984d28ef9a7550633fb3aea514f783f3db1fa655a6d3f49850b10857e6afc,db137e7d3c712f7a4752a4ecaee827c58ae25bc907f916dbab0de88a87e33211,last,ood_metric/ap_out,OOD-3,appendix,up,,id_test_vs_places365,detector_declared,ood_score/max_logit,places365,far,,,,45195,C2,adam,0.0003,0.001,0.9733917224666068,0.0004106609474965109,0.973392 ± 0.000411,0.9736893700959317,0.973562581041773,0.9729232162621154
metric_contract_v1.2,c38b09694be88aa74de0741b39e9d3ba0d6ff61a,35a1a66f78dfd6255c4d804586ee6863969be78d21acec5cd0ccf00476ddaa5c,f80984d28ef9a7550633fb3aea514f783f3db1fa655a6d3f49850b10857e6afc,db137e7d3c712f7a4752a4ecaee827c58ae25bc907f916dbab0de88a87e33211,last,ood_metric/ap_out,OOD-3,appendix,up,,id_test_vs_places365,detector_declared,ood_score/msp,places365,far,,,,45195,C2,adam,0.0003,0.001,0.9594118603275018,0.00023870408096966946,0.959412 ± 0.000239,0.9596871374077085,0.9592621166188239,0.9592863269559729
metric_contract_v1.2,c38b09694be88aa74de0741b39e9d3ba0d6ff61a,35a1a66f78dfd6255c4d804586ee6863969be78d21acec5cd0ccf00476ddaa5c,f80984d28ef9a7550633fb3aea514f783f3db1fa655a6d3f49850b10857e6afc,db137e7d3c712f7a4752a4ecaee827c58ae25bc907f916dbab0de88a87e33211,last,ood_metric/aupr_in_openood_auc,OOD-2,primary,up,id_train,id_test_vs_places365,detector_declared,detector/ctm_prototype_cosine,places365,far,,,,45195,C2,adam,0.0003,0.001,0.7713725412480535,0.007660318760214337,0.771373 ± 0.007660,0.7655321429778578,0.7685396721111584,0.7800458086551444
metric_contract_v1.2,c38b09694be88aa74de0741b39e9d3ba0d6ff61a,35a1a66f78dfd6255c4d804586ee6863969be78d21acec5cd0ccf00476ddaa5c,f80984d28ef9a7550633fb3aea514f783f3db1fa655a6d3f49850b10857e6afc,db137e7d3c712f7a4752a4ecaee827c58ae25bc907f916dbab0de88a87e33211,last,ood_metric/aupr_in_openood_auc,OOD-2,primary,up,id_train,id_test_vs_places365,detector_declared,detector/gda_class_density,places365,far,,,,45195,C2,adam,0.0003,0.001,0.5582161784919044,0.014945257301356464,0.558216 ± 0.014945,0.5530365900468133,0.5750621858672601,0.5465497595616398
metric_contract_v1.2,c38b09694be88aa74de0741b39e9d3ba0d6ff61a,35a1a66f78dfd6255c4d804586ee6863969be78d21acec5cd0ccf00476ddaa5c,f80984d28ef9a7550633fb3aea514f783f3db1fa655a6d3f49850b10857e6afc,db137e7d3c712f7a4752a4ecaee827c58ae25bc907f916dbab0de88a87e33211,last,ood_metric/aupr_in_openood_auc,OOD-2,primary,up,id_train,id_test_vs_places365,detector_declared,detector/knn_l2_k50,places365,far,,,,45195,C2,adam,0.0003,0.001,0.7861728740773773,0.0025781180377765405,0.786173 ± 0.002578,0.7843283180580651,0.7850715655592511,0.7891187386148161
metric_contract_v1.2,c38b09694be88aa74de0741b39e9d3ba0d6ff61a,35a1a66f78dfd6255c4d804586ee6863969be78d21acec5cd0ccf00476ddaa5c,f80984d28ef9a7550633fb3aea514f783f3db1fa655a6d3f49850b10857e6afc,db137e7d3c712f7a4752a4ecaee827c58ae25bc907f916dbab0de88a87e33211,last,ood_metric/aupr_in_openood_auc,OOD-2,primary,up,id_train,id_test_vs_places365,detector_declared,detector/mahalanobis_pp,places365,far,,,,45195,C2,adam,0.0003,0.001,0.7922886847350267,0.006193581002341016,0.792289 ± 0.006194,0.7972413390298292,0.7942804508285608,0.7853442643466904
metric_contract_v1.2,c38b09694be88aa74de0741b39e9d3ba0d6ff61a,35a1a66f78dfd6255c4d804586ee6863969be78d21acec5cd0ccf00476ddaa5c,f80984d28ef9a7550633fb3aea514f783f3db1fa655a6d3f49850b10857e6afc,db137e7d3c712f7a4752a4ecaee827c58ae25bc907f916dbab0de88a87e33211,last,ood_metric/aupr_in_openood_auc,OOD-2,primary,up,id_train,id_test_vs_places365,detector_declared,detector/mahalanobis_raw,places365,far,,,,45195,C2,adam,0.0003,0.001,0.30118303312309086,0.016060206299572444,0.301183 ± 0.016060,0.2829732316332113,0.3133264489098252,0.3072494188262361
metric_contract_v1.2,c38b09694be88aa74de0741b39e9d3ba0d6ff61a,35a1a66f78dfd6255c4d804586ee6863969be78d21acec5cd0ccf00476ddaa5c,f80984d28ef9a7550633fb3aea514f783f3db1fa655a6d3f49850b10857e6afc,db137e7d3c712f7a4752a4ecaee827c58ae25bc907f916dbab0de88a87e33211,last,ood_metric/aupr_in_openood_auc,OOD-2,primary,up,id_train,id_test_vs_places365,detector_declared,detector/marginal_mahalanobis_raw,places365,far,,,,45195,C2,adam,0.0003,0.001,0.2199215812860765,0.00970259025306418,0.219922 ± 0.009703,0.2088903909499405,0.2237416271494026,0.2271327257588864
metric_contract_v1.2,c38b09694be88aa74de0741b39e9d3ba0d6ff61a,35a1a66f78dfd6255c4d804586ee6863969be78d21acec5cd0ccf00476ddaa5c,f80984d28ef9a7550633fb3aea514f783f3db1fa655a6d3f49850b10857e6afc,db137e7d3c712f7a4752a4ecaee827c58ae25bc907f916dbab0de88a87e33211,last,ood_metric/aupr_in_openood_auc,OOD-2,primary,up,id_train,id_test_vs_places365,detector_declared,detector/ncp_euclidean_raw,places365,far,,,,45195,C2,adam,0.0003,0.001,0.7702599856898171,0.006025804747211912,0.770260 ± 0.006026,0.7677229692284707,0.7659175239991967,0.7771394638417843
metric_contract_v1.2,c38b09694be88aa74de0741b39e9d3ba0d6ff61a,35a1a66f78dfd6255c4d804586ee6863969be78d21acec5cd0ccf00476ddaa5c,f80984d28ef9a7550633fb3aea514f783f3db1fa655a6d3f49850b10857e6afc,db137e7d3c712f7a4752a4ecaee827c58ae25bc907f916dbab0de88a87e33211,last,ood_metric/aupr_in_openood_auc,OOD-2,primary,up,id_train,id_test_vs_places365,detector_declared,detector/neco_author_std_dim100,places365,far,,,,45195,C2,adam,0.0003,0.001,0.7794506524367798,0.0068329813998435195,0.779451 ± 0.006833,0.7745775534456643,0.7872611496877311,0.7765132541769441
metric_contract_v1.2,c38b09694be88aa74de0741b39e9d3ba0d6ff61a,35a1a66f78dfd6255c4d804586ee6863969be78d21acec5cd0ccf00476ddaa5c,f80984d28ef9a7550633fb3aea514f783f3db1fa655a6d3f49850b10857e6afc,db137e7d3c712f7a4752a4ecaee827c58ae25bc907f916dbab0de88a87e33211,last,ood_metric/aupr_in_openood_auc,OOD-2,primary,up,id_train,id_test_vs_places365,detector_declared,detector/relative_mahalanobis_pp,places365,far,,,,45195,C2,adam,0.0003,0.001,0.7622671834419888,0.002369836969201303,0.762267 ± 0.002370,0.7595377647575435,0.7634620914463395,0.763801694122084
metric_contract_v1.2,c38b09694be88aa74de0741b39e9d3ba0d6ff61a,35a1a66f78dfd6255c4d804586ee6863969be78d21acec5cd0ccf00476ddaa5c,f80984d28ef9a7550633fb3aea514f783f3db1fa655a6d3f49850b10857e6afc,db137e7d3c712f7a4752a4ecaee827c58ae25bc907f916dbab0de88a87e33211,last,ood_metric/aupr_in_openood_auc,OOD-2,primary,up,id_train,id_test_vs_places365,detector_declared,detector/relative_mahalanobis_raw,places365,far,,,,45195,C2,adam,0.0003,0.001,0.7893837334510326,0.0040133371984536325,0.789384 ± 0.004013,0.7914745470402553,0.7847566720988413,0.791919981214001
metric_contract_v1.2,c38b09694be88aa74de0741b39e9d3ba0d6ff61a,35a1a66f78dfd6255c4d804586ee6863969be78d21acec5cd0ccf00476ddaa5c,f80984d28ef9a7550633fb3aea514f783f3db1fa655a6d3f49850b10857e6afc,db137e7d3c712f7a4752a4ecaee827c58ae25bc907f916dbab0de88a87e33211,last,ood_metric/aupr_in_openood_auc,OOD-2,primary,up,id_train,id_test_vs_places365,detector_declared,detector/vim_author_dim,places365,far,,,,45195,C2,adam,0.0003,0.001,0.7712732135803368,0.00620712546002269,0.771273 ± 0.006207,0.7780934233178024,0.7659547165010778,0.7697715009221305
metric_contract_v1.2,c38b09694be88aa74de0741b39e9d3ba0d6ff61a,35a1a66f78dfd6255c4d804586ee6863969be78d21acec5cd0ccf00476ddaa5c,f80984d28ef9a7550633fb3aea514f783f3db1fa655a6d3f49850b10857e6afc,db137e7d3c712f7a4752a4ecaee827c58ae25bc907f916dbab0de88a87e33211,last,ood_metric/aupr_in_openood_auc,OOD-2,primary,up,id_train,id_test_vs_places365,detector_declared,detector/vim_dim128,places365,far,,,,45195,C2,adam,0.0003,0.001,0.7821318138394625,0.0024592976267974738,0.782132 ± 0.002459,0.7835758488523406,0.7792921993509802,0.7835273933150664
metric_contract_v1.2,c38b09694be88aa74de0741b39e9d3ba0d6ff61a,35a1a66f78dfd6255c4d804586ee6863969be78d21acec5cd0ccf00476ddaa5c,f80984d28ef9a7550633fb3aea514f783f3db1fa655a6d3f49850b10857e6afc,db137e7d3c712f7a4752a4ecaee827c58ae25bc907f916dbab0de88a87e33211,last,ood_metric/aupr_in_openood_auc,OOD-2,primary,up,id_train,id_test_vs_places365,detector_declared,detector/vim_dim256,places365,far,,,,45195,C2,adam,0.0003,0.001,0.7714477961211829,0.006537051543156992,0.771448 ± 0.006537,0.7787311291301618,0.7660892026851878,0.7695230565481991
metric_contract_v1.2,c38b09694be88aa74de0741b39e9d3ba0d6ff61a,35a1a66f78dfd6255c4d804586ee6863969be78d21acec5cd0ccf00476ddaa5c,f80984d28ef9a7550633fb3aea514f783f3db1fa655a6d3f49850b10857e6afc,db137e7d3c712f7a4752a4ecaee827c58ae25bc907f916dbab0de88a87e33211,last,ood_metric/aupr_in_openood_auc,OOD-2,primary,up,id_train,id_test_vs_places365,detector_declared,detector/vim_dim320,places365,far,,,,45195,C2,adam,0.0003,0.001,0.7712732135803368,0.00620712546002269,0.771273 ± 0.006207,0.7780934233178024,0.7659547165010778,0.7697715009221305
metric_contract_v1.2,c38b09694be88aa74de0741b39e9d3ba0d6ff61a,35a1a66f78dfd6255c4d804586ee6863969be78d21acec5cd0ccf00476ddaa5c,f80984d28ef9a7550633fb3aea514f783f3db1fa655a6d3f49850b10857e6afc,db137e7d3c712f7a4752a4ecaee827c58ae25bc907f916dbab0de88a87e33211,last,ood_metric/aupr_in_openood_auc,OOD-2,primary,up,id_train,id_test_vs_places365,detector_declared,detector/vim_dim64,places365,far,,,,45195,C2,adam,0.0003,0.001,0.767199398167171,0.006859414495894199,0.767199 ± 0.006859,0.7612568424763965,0.7656356907729995,0.774705661252117
metric_contract_v1.2,c38b09694be88aa74de0741b39e9d3ba0d6ff61a,35a1a66f78dfd6255c4d804586ee6863969be78d21acec5cd0ccf00476ddaa5c,f80984d28ef9a7550633fb3aea514f783f3db1fa655a6d3f49850b10857e6afc,db137e7d3c712f7a4752a4ecaee827c58ae25bc907f916dbab0de88a87e33211,last,ood_metric/aupr_in_openood_auc,OOD-2,primary,up,id_train,id_test_vs_places365,detector_declared,detector/weight_cosine_appendix,places365,far,,,,45195,C2,adam,0.0003,0.001,0.7711486392932493,0.007247135430249441,0.771149 ± 0.007247,0.7635725875879296,0.7718587515078881,0.7780145787839305
metric_contract_v1.2,c38b09694be88aa74de0741b39e9d3ba0d6ff61a,35a1a66f78dfd6255c4d804586ee6863969be78d21acec5cd0ccf00476ddaa5c,f80984d28ef9a7550633fb3aea514f783f3db1fa655a6d3f49850b10857e6afc,db137e7d3c712f7a4752a4ecaee827c58ae25bc907f916dbab0de88a87e33211,last,ood_metric/aupr_in_openood_auc,OOD-2,primary,up,,id_test_vs_places365,detector_declared,ood_score/energy_t1,places365,far,,,,45195,C2,adam,0.0003,0.001,0.8262475797325394,0.001614107184877964,0.826248 ± 0.001614,0.8264176177247833,0.8245551848266908,0.8277699366461443
metric_contract_v1.2,c38b09694be88aa74de0741b39e9d3ba0d6ff61a,35a1a66f78dfd6255c4d804586ee6863969be78d21acec5cd0ccf00476ddaa5c,f80984d28ef9a7550633fb3aea514f783f3db1fa655a6d3f49850b10857e6afc,db137e7d3c712f7a4752a4ecaee827c58ae25bc907f916dbab0de88a87e33211,last,ood_metric/aupr_in_openood_auc,OOD-2,primary,up,,id_test_vs_places365,detector_declared,ood_score/max_logit,places365,far,,,,45195,C2,adam,0.0003,0.001,0.8256648925069833,0.001677476914129031,0.825665 ± 0.001677,0.825893983366439,0.8238846439731515,0.8272160501813592
metric_contract_v1.2,c38b09694be88aa74de0741b39e9d3ba0d6ff61a,35a1a66f78dfd6255c4d804586ee6863969be78d21acec5cd0ccf00476ddaa5c,f80984d28ef9a7550633fb3aea514f783f3db1fa655a6d3f49850b10857e6afc,db137e7d3c712f7a4752a4ecaee827c58ae25bc907f916dbab0de88a87e33211,last,ood_metric/aupr_in_openood_auc,OOD-2,primary,up,,id_test_vs_places365,detector_declared,ood_score/msp,places365,far,,,,45195,C2,adam,0.0003,0.001,0.803813222827368,0.002178087958374341,0.803813 ± 0.002178,0.8022436438219214,0.8028961358763905,0.8062998887837921
metric_contract_v1.2,c38b09694be88aa74de0741b39e9d3ba0d6ff61a,35a1a66f78dfd6255c4d804586ee6863969be78d21acec5cd0ccf00476ddaa5c,f80984d28ef9a7550633fb3aea514f783f3db1fa655a6d3f49850b10857e6afc,db137e7d3c712f7a4752a4ecaee827c58ae25bc907f916dbab0de88a87e33211,last,ood_metric/aupr_out_openood_auc,OOD-3,primary,up,id_train,id_test_vs_places365,detector_declared,detector/ctm_prototype_cosine,places365,far,,,,45195,C2,adam,0.0003,0.001,0.962706926503435,0.0017115175932087695,0.962707 ± 0.001712,0.962508432235151,0.9611033106099212,0.9645090366652327
metric_contract_v1.2,c38b09694be88aa74de0741b39e9d3ba0d6ff61a,35a1a66f78dfd6255c4d804586ee6863969be78d21acec5cd0ccf00476ddaa5c,f80984d28ef9a7550633fb3aea514f783f3db1fa655a6d3f49850b10857e6afc,db137e7d3c712f7a4752a4ecaee827c58ae25bc907f916dbab0de88a87e33211,last,ood_metric/aupr_out_openood_auc,OOD-3,primary,up,id_train,id_test_vs_places365,detector_declared,detector/gda_class_density,places365,far,,,,45195,C2,adam,0.0003,0.001,0.9100539262241621,0.004438569809738939,0.910054 ± 0.004439,0.9054789877966911,0.9103405566776366,0.9143422341981586
metric_contract_v1.2,c38b09694be88aa74de0741b39e9d3ba0d6ff61a,35a1a66f78dfd6255c4d804586ee6863969be78d21acec5cd0ccf00476ddaa5c,f80984d28ef9a7550633fb3aea514f783f3db1fa655a6d3f49850b10857e6afc,db137e7d3c712f7a4752a4ecaee827c58ae25bc907f916dbab0de88a87e33211,last,ood_metric/aupr_out_openood_auc,OOD-3,primary,up,id_train,id_test_vs_places365,detector_declared,detector/knn_l2_k50,places365,far,,,,45195,C2,adam,0.0003,0.001,0.9648949615416574,0.0013753863196347338,0.964895 ± 0.001375,0.9646417236932823,0.9636637916485575,0.9663793692831326
metric_contract_v1.2,c38b09694be88aa74de0741b39e9d3ba0d6ff61a,35a1a66f78dfd6255c4d804586ee6863969be78d21acec5cd0ccf00476ddaa5c,f80984d28ef9a7550633fb3aea514f783f3db1fa655a6d3f49850b10857e6afc,db137e7d3c712f7a4752a4ecaee827c58ae25bc907f916dbab0de88a87e33211,last,ood_metric/aupr_out_openood_auc,OOD-3,primary,up,id_train,id_test_vs_places365,detector_declared,detector/mahalanobis_pp,places365,far,,,,45195,C2,adam,0.0003,0.001,0.9624584898115972,0.0008400267983182082,0.962458 ± 0.000840,0.9633872693649874,0.9622363218914628,0.9617518781783411
metric_contract_v1.2,c38b09694be88aa74de0741b39e9d3ba0d6ff61a,35a1a66f78dfd6255c4d804586ee6863969be78d21acec5cd0ccf00476ddaa5c,f80984d28ef9a7550633fb3aea514f783f3db1fa655a6d3f49850b10857e6afc,db137e7d3c712f7a4752a4ecaee827c58ae25bc907f916dbab0de88a87e33211,last,ood_metric/aupr_out_openood_auc,OOD-3,primary,up,id_train,id_test_vs_places365,detector_declared,detector/mahalanobis_raw,places365,far,,,,45195,C2,adam,0.0003,0.001,0.811661557504242,0.0071481461102142424,0.811662 ± 0.007148,0.8058343345507775,0.8095126994945544,0.8196376384673942
metric_contract_v1.2,c38b09694be88aa74de0741b39e9d3ba0d6ff61a,35a1a66f78dfd6255c4d804586ee6863969be78d21acec5cd0ccf00476ddaa5c,f80984d28ef9a7550633fb3aea514f783f3db1fa655a6d3f49850b10857e6afc,db137e7d3c712f7a4752a4ecaee827c58ae25bc907f916dbab0de88a87e33211,last,ood_metric/aupr_out_openood_auc,OOD-3,primary,up,id_train,id_test_vs_places365,detector_declared,detector/marginal_mahalanobis_raw,places365,far,,,,45195,C2,adam,0.0003,0.001,0.7831684636348467,0.008140936791910964,0.783168 ± 0.008141,0.7774624599271791,0.7795518447025794,0.7924910862747817
metric_contract_v1.2,c38b09694be88aa74de0741b39e9d3ba0d6ff61a,35a1a66f78dfd6255c4d804586ee6863969be78d21acec5cd0ccf00476ddaa5c,f80984d28ef9a7550633fb3aea514f783f3db1fa655a6d3f49850b10857e6afc,db137e7d3c712f7a4752a4ecaee827c58ae25bc907f916dbab0de88a87e33211,last,ood_metric/aupr_out_openood_auc,OOD-3,primary,up,id_train,id_test_vs_places365,detector_declared,detector/ncp_euclidean_raw,places365,far,,,,45195,C2,adam,0.0003,0.001,0.9661157768053429,0.0008008702350130627,0.966116 ± 0.000801,0.9656701104163772,0.965636876976775,0.9670403430228761
metric_contract_v1.2,c38b09694be88aa74de0741b39e9d3ba0d6ff61a,35a1a66f78dfd6255c4d804586ee6863969be78d21acec5cd0ccf00476ddaa5c,f80984d28ef9a7550633fb3aea514f783f3db1fa655a6d3f49850b10857e6afc,db137e7d3c712f7a4752a4ecaee827c58ae25bc907f916dbab0de88a87e33211,last,ood_metric/aupr_out_openood_auc,OOD-3,primary,up,id_train,id_test_vs_places365,detector_declared,detector/neco_author_std_dim100,places365,far,,,,45195,C2,adam,0.0003,0.001,0.9578041077786971,0.0009479958956737239,0.957804 ± 0.000948,0.9567441879096762,0.9580971634674555,0.9585709719589595
metric_contract_v1.2,c38b09694be88aa74de0741b39e9d3ba0d6ff61a,35a1a66f78dfd6255c4d804586ee6863969be78d21acec5cd0ccf00476ddaa5c,f80984d28ef9a7550633fb3aea514f783f3db1fa655a6d3f49850b10857e6afc,db137e7d3c712f7a4752a4ecaee827c58ae25bc907f916dbab0de88a87e33211,last,ood_metric/aupr_out_openood_auc,OOD-3,primary,up,id_train,id_test_vs_places365,detector_declared,detector/relative_mahalanobis_pp,places365,far,,,,45195,C2,adam,0.0003,0.001,0.9606306102214188,0.0012079679425096715,0.960631 ± 0.001208,0.9606179428145192,0.9594290257973729,0.9618448620523644
metric_contract_v1.2,c38b09694be88aa74de0741b39e9d3ba0d6ff61a,35a1a66f78dfd6255c4d804586ee6863969be78d21acec5cd0ccf00476ddaa5c,f80984d28ef9a7550633fb3aea514f783f3db1fa655a6d3f49850b10857e6afc,db137e7d3c712f7a4752a4ecaee827c58ae25bc907f916dbab0de88a87e33211,last,ood_metric/aupr_out_openood_auc,OOD-3,primary,up,id_train,id_test_vs_places365,detector_declared,detector/relative_mahalanobis_raw,places365,far,,,,45195,C2,adam,0.0003,0.001,0.9658011219438465,0.0012307802497535018,0.965801 ± 0.001231,0.9662375194540641,0.964411604302614,0.9667542420748615
metric_contract_v1.2,c38b09694be88aa74de0741b39e9d3ba0d6ff61a,35a1a66f78dfd6255c4d804586ee6863969be78d21acec5cd0ccf00476ddaa5c,f80984d28ef9a7550633fb3aea514f783f3db1fa655a6d3f49850b10857e6afc,db137e7d3c712f7a4752a4ecaee827c58ae25bc907f916dbab0de88a87e33211,last,ood_metric/aupr_out_openood_auc,OOD-3,primary,up,id_train,id_test_vs_places365,detector_declared,detector/vim_author_dim,places365,far,,,,45195,C2,adam,0.0003,0.001,0.9412304293240837,0.002308519303717181,0.941230 ± 0.002309,0.9413520765629746,0.9388634914755535,0.9434757199337231
metric_contract_v1.2,c38b09694be88aa74de0741b39e9d3ba0d6ff61a,35a1a66f78dfd6255c4d804586ee6863969be78d21acec5cd0ccf00476ddaa5c,f80984d28ef9a7550633fb3aea514f783f3db1fa655a6d3f49850b10857e6afc,db137e7d3c712f7a4752a4ecaee827c58ae25bc907f916dbab0de88a87e33211,last,ood_metric/aupr_out_openood_auc,OOD-3,primary,up,id_train,id_test_vs_places365,detector_declared,detector/vim_dim128,places365,far,,,,45195,C2,adam,0.0003,0.001,0.9436678445809621,0.0035877885045451988,0.943668 ± 0.003588,0.9438739647138193,0.9399814393983786,0.9471481296306881
metric_contract_v1.2,c38b09694be88aa74de0741b39e9d3ba0d6ff61a,35a1a66f78dfd6255c4d804586ee6863969be78d21acec5cd0ccf00476ddaa5c,f80984d28ef9a7550633fb3aea514f783f3db1fa655a6d3f49850b10857e6afc,db137e7d3c712f7a4752a4ecaee827c58ae25bc907f916dbab0de88a87e33211,last,ood_metric/aupr_out_openood_auc,OOD-3,primary,up,id_train,id_test_vs_places365,detector_declared,detector/vim_dim256,places365,far,,,,45195,C2,adam,0.0003,0.001,0.9411949518730367,0.002536209330281552,0.941195 ± 0.002536,0.9421033798085136,0.9383296330171731,0.9431518427934235
metric_contract_v1.2,c38b09694be88aa74de0741b39e9d3ba0d6ff61a,35a1a66f78dfd6255c4d804586ee6863969be78d21acec5cd0ccf00476ddaa5c,f80984d28ef9a7550633fb3aea514f783f3db1fa655a6d3f49850b10857e6afc,db137e7d3c712f7a4752a4ecaee827c58ae25bc907f916dbab0de88a87e33211,last,ood_metric/aupr_out_openood_auc,OOD-3,primary,up,id_train,id_test_vs_places365,detector_declared,detector/vim_dim320,places365,far,,,,45195,C2,adam,0.0003,0.001,0.9412304293240837,0.002308519303717181,0.941230 ± 0.002309,0.9413520765629746,0.9388634914755535,0.9434757199337231
metric_contract_v1.2,c38b09694be88aa74de0741b39e9d3ba0d6ff61a,35a1a66f78dfd6255c4d804586ee6863969be78d21acec5cd0ccf00476ddaa5c,f80984d28ef9a7550633fb3aea514f783f3db1fa655a6d3f49850b10857e6afc,db137e7d3c712f7a4752a4ecaee827c58ae25bc907f916dbab0de88a87e33211,last,ood_metric/aupr_out_openood_auc,OOD-3,primary,up,id_train,id_test_vs_places365,detector_declared,detector/vim_dim64,places365,far,,,,45195,C2,adam,0.0003,0.001,0.9339223935509381,0.004936934036074605,0.933922 ± 0.004937,0.9303925746895736,0.9318106289198739,0.9395639770433669
metric_contract_v1.2,c38b09694be88aa74de0741b39e9d3ba0d6ff61a,35a1a66f78dfd6255c4d804586ee6863969be78d21acec5cd0ccf00476ddaa5c,f80984d28ef9a7550633fb3aea514f783f3db1fa655a6d3f49850b10857e6afc,db137e7d3c712f7a4752a4ecaee827c58ae25bc907f916dbab0de88a87e33211,last,ood_metric/aupr_out_openood_auc,OOD-3,primary,up,id_train,id_test_vs_places365,detector_declared,detector/weight_cosine_appendix,places365,far,,,,45195,C2,adam,0.0003,0.001,0.9582637003973637,0.0009266940297534992,0.958264 ± 0.000927,0.9572213294282353,0.9585754607238891,0.9589943110399667
metric_contract_v1.2,c38b09694be88aa74de0741b39e9d3ba0d6ff61a,35a1a66f78dfd6255c4d804586ee6863969be78d21acec5cd0ccf00476ddaa5c,f80984d28ef9a7550633fb3aea514f783f3db1fa655a6d3f49850b10857e6afc,db137e7d3c712f7a4752a4ecaee827c58ae25bc907f916dbab0de88a87e33211,last,ood_metric/aupr_out_openood_auc,OOD-3,primary,up,,id_test_vs_places365,detector_declared,ood_score/energy_t1,places365,far,,,,45195,C2,adam,0.0003,0.001,0.9739723514015844,0.00041736491879765475,0.973972 ± 0.000417,0.9742914710279988,0.9741255462421726,0.9735000369345815
metric_contract_v1.2,c38b09694be88aa74de0741b39e9d3ba0d6ff61a,35a1a66f78dfd6255c4d804586ee6863969be78d21acec5cd0ccf00476ddaa5c,f80984d28ef9a7550633fb3aea514f783f3db1fa655a6d3f49850b10857e6afc,db137e7d3c712f7a4752a4ecaee827c58ae25bc907f916dbab0de88a87e33211,last,ood_metric/aupr_out_openood_auc,OOD-3,primary,up,,id_test_vs_places365,detector_declared,ood_score/max_logit,places365,far,,,,45195,C2,adam,0.0003,0.001,0.9733910361010163,0.00041071797949743407,0.973391 ± 0.000411,0.9736887312453903,0.9735619110013654,0.9729224660562933
metric_contract_v1.2,c38b09694be88aa74de0741b39e9d3ba0d6ff61a,35a1a66f78dfd6255c4d804586ee6863969be78d21acec5cd0ccf00476ddaa5c,f80984d28ef9a7550633fb3aea514f783f3db1fa655a6d3f49850b10857e6afc,db137e7d3c712f7a4752a4ecaee827c58ae25bc907f916dbab0de88a87e33211,last,ood_metric/aupr_out_openood_auc,OOD-3,primary,up,,id_test_vs_places365,detector_declared,ood_score/msp,places365,far,,,,45195,C2,adam,0.0003,0.001,0.9594104636068899,0.00023870281468815852,0.959410 ± 0.000239,0.9596857403152405,0.9592607387263391,0.9592849117790903
metric_contract_v1.2,c38b09694be88aa74de0741b39e9d3ba0d6ff61a,35a1a66f78dfd6255c4d804586ee6863969be78d21acec5cd0ccf00476ddaa5c,f80984d28ef9a7550633fb3aea514f783f3db1fa655a6d3f49850b10857e6afc,db137e7d3c712f7a4752a4ecaee827c58ae25bc907f916dbab0de88a87e33211,last,ood_metric/auroc_id_positive,OOD-1,primary,up,id_train,id_test_vs_places365,detector_declared,detector/ctm_prototype_cosine,places365,far,,,,45195,C2,adam,0.0003,0.001,0.8990018781076857,0.003280742486692549,0.899002 ± 0.003281,0.8979684244921153,0.896362301463276,0.902674908367666
metric_contract_v1.2,c38b09694be88aa74de0741b39e9d3ba0d6ff61a,35a1a66f78dfd6255c4d804586ee6863969be78d21acec5cd0ccf00476ddaa5c,f80984d28ef9a7550633fb3aea514f783f3db1fa655a6d3f49850b10857e6afc,db137e7d3c712f7a4752a4ecaee827c58ae25bc907f916dbab0de88a87e33211,last,ood_metric/auroc_id_positive,OOD-1,primary,up,id_train,id_test_vs_places365,detector_declared,detector/gda_class_density,places365,far,,,,45195,C2,adam,0.0003,0.001,0.7872196060046409,0.0068110990276118695,0.787220 ± 0.006811,0.779500244352891,0.7923829975848843,0.7897755760761471
metric_contract_v1.2,c38b09694be88aa74de0741b39e9d3ba0d6ff61a,35a1a66f78dfd6255c4d804586ee6863969be78d21acec5cd0ccf00476ddaa5c,f80984d28ef9a7550633fb3aea514f783f3db1fa655a6d3f49850b10857e6afc,db137e7d3c712f7a4752a4ecaee827c58ae25bc907f916dbab0de88a87e33211,last,ood_metric/auroc_id_positive,OOD-1,primary,up,id_train,id_test_vs_places365,detector_declared,detector/knn_l2_k50,places365,far,,,,45195,C2,adam,0.0003,0.001,0.9042898603021262,0.002194100695951579,0.904290 ± 0.002194,0.9039880806932803,0.9022622702088364,0.906619230004262
metric_contract_v1.2,c38b09694be88aa74de0741b39e9d3ba0d6ff61a,35a1a66f78dfd6255c4d804586ee6863969be78d21acec5cd0ccf00476ddaa5c,f80984d28ef9a7550633fb3aea514f783f3db1fa655a6d3f49850b10857e6afc,db137e7d3c712f7a4752a4ecaee827c58ae25bc907f916dbab0de88a87e33211,last,ood_metric/auroc_id_positive,OOD-1,primary,up,id_train,id_test_vs_places365,detector_declared,detector/mahalanobis_pp,places365,far,,,,45195,C2,adam,0.0003,0.001,0.9001512269735286,0.002280852622678889,0.900151 ± 0.002281,0.9022745418383294,0.9004389913339964,0.8977401477482598
metric_contract_v1.2,c38b09694be88aa74de0741b39e9d3ba0d6ff61a,35a1a66f78dfd6255c4d804586ee6863969be78d21acec5cd0ccf00476ddaa5c,f80984d28ef9a7550633fb3aea514f783f3db1fa655a6d3f49850b10857e6afc,db137e7d3c712f7a4752a4ecaee827c58ae25bc907f916dbab0de88a87e33211,last,ood_metric/auroc_id_positive,OOD-1,primary,up,id_train,id_test_vs_places365,detector_declared,detector/mahalanobis_raw,places365,far,,,,45195,C2,adam,0.0003,0.001,0.574301908415021,0.012134101198055783,0.574302 ± 0.012134,0.5609553345645688,0.57728221054127,0.5846681801392244
metric_contract_v1.2,c38b09694be88aa74de0741b39e9d3ba0d6ff61a,35a1a66f78dfd6255c4d804586ee6863969be78d21acec5cd0ccf00476ddaa5c,f80984d28ef9a7550633fb3aea514f783f3db1fa655a6d3f49850b10857e6afc,db137e7d3c712f7a4752a4ecaee827c58ae25bc907f916dbab0de88a87e33211,last,ood_metric/auroc_id_positive,OOD-1,primary,up,id_train,id_test_vs_places365,detector_declared,detector/marginal_mahalanobis_raw,places365,far,,,,45195,C2,adam,0.0003,0.001,0.500585132357816,0.01373033464774717,0.500585 ± 0.013730,0.48693005824691005,0.5004358289529762,0.5143895098735616
metric_contract_v1.2,c38b09694be88aa74de0741b39e9d3ba0d6ff61a,35a1a66f78dfd6255c4d804586ee6863969be78d21acec5cd0ccf00476ddaa5c,f80984d28ef9a7550633fb3aea514f783f3db1fa655a6d3f49850b10857e6afc,db137e7d3c712f7a4752a4ecaee827c58ae25bc907f916dbab0de88a87e33211,last,ood_metric/auroc_id_positive,OOD-1,primary,up,id_train,id_test_vs_places365,detector_declared,detector/ncp_euclidean_raw,places365,far,,,,45195,C2,adam,0.0003,0.001,0.9069824236397216,0.002283340437808218,0.906982 ± 0.002283,0.9063885722403751,0.9050546810626509,0.9095040176161387
metric_contract_v1.2,c38b09694be88aa74de0741b39e9d3ba0d6ff61a,35a1a66f78dfd6255c4d804586ee6863969be78d21acec5cd0ccf00476ddaa5c,f80984d28ef9a7550633fb3aea514f783f3db1fa655a6d3f49850b10857e6afc,db137e7d3c712f7a4752a4ecaee827c58ae25bc907f916dbab0de88a87e33211,last,ood_metric/auroc_id_positive,OOD-1,primary,up,id_train,id_test_vs_places365,detector_declared,detector/neco_author_std_dim100,places365,far,,,,45195,C2,adam,0.0003,0.001,0.8917599772694986,0.0018759156038268578,0.891760 ± 0.001876,0.8896346554908368,0.893185012075579,0.89246026424208
metric_contract_v1.2,c38b09694be88aa74de0741b39e9d3ba0d6ff61a,35a1a66f78dfd6255c4d804586ee6863969be78d21acec5cd0ccf00476ddaa5c,f80984d28ef9a7550633fb3aea514f783f3db1fa655a6d3f49850b10857e6afc,db137e7d3c712f7a4752a4ecaee827c58ae25bc907f916dbab0de88a87e33211,last,ood_metric/auroc_id_positive,OOD-1,primary,up,id_train,id_test_vs_places365,detector_declared,detector/relative_mahalanobis_pp,places365,far,,,,45195,C2,adam,0.0003,0.001,0.8979949964483591,0.0013645793298908246,0.897995 ± 0.001365,0.8975495297627504,0.8969088194345788,0.8995266401477483
metric_contract_v1.2,c38b09694be88aa74de0741b39e9d3ba0d6ff61a,35a1a66f78dfd6255c4d804586ee6863969be78d21acec5cd0ccf00476ddaa5c,f80984d28ef9a7550633fb3aea514f783f3db1fa655a6d3f49850b10857e6afc,db137e7d3c712f7a4752a4ecaee827c58ae25bc907f916dbab0de88a87e33211,last,ood_metric/auroc_id_positive,OOD-1,primary,up,id_train,id_test_vs_places365,detector_declared,detector/relative_mahalanobis_raw,places365,far,,,,45195,C2,adam,0.0003,0.001,0.9098836340389259,0.0016886155523622877,0.909884 ± 0.001689,0.9111110527063503,0.9079578633328598,0.9105819860775678
metric_contract_v1.2,c38b09694be88aa74de0741b39e9d3ba0d6ff61a,35a1a66f78dfd6255c4d804586ee6863969be78d21acec5cd0ccf00476ddaa5c,f80984d28ef9a7550633fb3aea514f783f3db1fa655a6d3f49850b10857e6afc,db137e7d3c712f7a4752a4ecaee827c58ae25bc907f916dbab0de88a87e33211,last,ood_metric/auroc_id_positive,OOD-1,primary,up,id_train,id_test_vs_places365,detector_declared,detector/vim_author_dim,places365,far,,,,45195,C2,adam,0.0003,0.001,0.8701458739404271,0.0026464570133279573,0.870146 ± 0.002646,0.8720551726097456,0.8671249069470095,0.8712575422645262
metric_contract_v1.2,c38b09694be88aa74de0741b39e9d3ba0d6ff61a,35a1a66f78dfd6255c4d804586ee6863969be78d21acec5cd0ccf00476ddaa5c,f80984d28ef9a7550633fb3aea514f783f3db1fa655a6d3f49850b10857e6afc,db137e7d3c712f7a4752a4ecaee827c58ae25bc907f916dbab0de88a87e33211,last,ood_metric/auroc_id_positive,OOD-1,primary,up,id_train,id_test_vs_places365,detector_declared,detector/vim_dim128,places365,far,,,,45195,C2,adam,0.0003,0.001,0.8761543599943175,0.0038001957692905194,0.876154 ± 0.003800,0.8768319420372211,0.87206095183975,0.8795701861059809
metric_contract_v1.2,c38b09694be88aa74de0741b39e9d3ba0d6ff61a,35a1a66f78dfd6255c4d804586ee6863969be78d21acec5cd0ccf00476ddaa5c,f80984d28ef9a7550633fb3aea514f783f3db1fa655a6d3f49850b10857e6afc,db137e7d3c712f7a4752a4ecaee827c58ae25bc907f916dbab0de88a87e33211,last,ood_metric/auroc_id_positive,OOD-1,primary,up,id_train,id_test_vs_places365,detector_declared,detector/vim_dim256,places365,far,,,,45195,C2,adam,0.0003,0.001,0.8699011365250745,0.0033533378017400334,0.869901 ± 0.003353,0.872562545816167,0.8661347492541553,0.8710061145049013
metric_contract_v1.2,c38b09694be88aa74de0741b39e9d3ba0d6ff61a,35a1a66f78dfd6255c4d804586ee6863969be78d21acec5cd0ccf00476ddaa5c,f80984d28ef9a7550633fb3aea514f783f3db1fa655a6d3f49850b10857e6afc,db137e7d3c712f7a4752a4ecaee827c58ae25bc907f916dbab0de88a87e33211,last,ood_metric/auroc_id_positive,OOD-1,primary,up,id_train,id_test_vs_places365,detector_declared,detector/vim_dim320,places365,far,,,,45195,C2,adam,0.0003,0.001,0.8701458739404271,0.0026464570133279573,0.870146 ± 0.002646,0.8720551726097456,0.8671249069470095,0.8712575422645262
metric_contract_v1.2,c38b09694be88aa74de0741b39e9d3ba0d6ff61a,35a1a66f78dfd6255c4d804586ee6863969be78d21acec5cd0ccf00476ddaa5c,f80984d28ef9a7550633fb3aea514f783f3db1fa655a6d3f49850b10857e6afc,db137e7d3c712f7a4752a4ecaee827c58ae25bc907f916dbab0de88a87e33211,last,ood_metric/auroc_id_positive,OOD-1,primary,up,id_train,id_test_vs_places365,detector_declared,detector/vim_dim64,places365,far,,,,45195,C2,adam,0.0003,0.001,0.8621661836435099,0.00660939672100359,0.862166 ± 0.006609,0.8565625628640432,0.8604809347918738,0.8694550532746128
metric_contract_v1.2,c38b09694be88aa74de0741b39e9d3ba0d6ff61a,35a1a66f78dfd6255c4d804586ee6863969be78d21acec5cd0ccf00476ddaa5c,f80984d28ef9a7550633fb3aea514f783f3db1fa655a6d3f49850b10857e6afc,db137e7d3c712f7a4752a4ecaee827c58ae25bc907f916dbab0de88a87e33211,last,ood_metric/auroc_id_positive,OOD-1,primary,up,id_train,id_test_vs_places365,detector_declared,detector/weight_cosine_appendix,places365,far,,,,45195,C2,adam,0.0003,0.001,0.8916696547805086,0.002346105762788871,0.891670 ± 0.002346,0.8891220400625088,0.8921456797840603,0.8937412444949566
metric_contract_v1.2,c38b09694be88aa74de0741b39e9d3ba0d6ff61a,35a1a66f78dfd6255c4d804586ee6863969be78d21acec5cd0ccf00476ddaa5c,f80984d28ef9a7550633fb3aea514f783f3db1fa655a6d3f49850b10857e6afc,db137e7d3c712f7a4752a4ecaee827c58ae25bc907f916dbab0de88a87e33211,last,ood_metric/auroc_id_positive,OOD-1,primary,up,,id_test_vs_places365,detector_declared,ood_score/energy_t1,places365,far,,,,45195,C2,adam,0.0003,0.001,0.9264813657242978,0.0006632949647952872,0.926481 ± 0.000663,0.9270425230856655,0.9266522148032391,0.9257493592839892
metric_contract_v1.2,c38b09694be88aa74de0741b39e9d3ba0d6ff61a,35a1a66f78dfd6255c4d804586ee6863969be78d21acec5cd0ccf00476ddaa5c,f80984d28ef9a7550633fb3aea514f783f3db1fa655a6d3f49850b10857e6afc,db137e7d3c712f7a4752a4ecaee827c58ae25bc907f916dbab0de88a87e33211,last,ood_metric/auroc_id_positive,OOD-1,primary,up,,id_test_vs_places365,detector_declared,ood_score/max_logit,places365,far,,,,45195,C2,adam,0.0003,0.001,0.9256434223611308,0.0006750220712187511,0.925643 ± 0.000675,0.9262441539991475,0.9257731680636454,0.9249129450205995
metric_contract_v1.2,c38b09694be88aa74de0741b39e9d3ba0d6ff61a,35a1a66f78dfd6255c4d804586ee6863969be78d21acec5cd0ccf00476ddaa5c,f80984d28ef9a7550633fb3aea514f783f3db1fa655a6d3f49850b10857e6afc,db137e7d3c712f7a4752a4ecaee827c58ae25bc907f916dbab0de88a87e33211,last,ood_metric/auroc_id_positive,OOD-1,primary,up,,id_test_vs_places365,detector_declared,ood_score/msp,places365,far,,,,45195,C2,adam,0.0003,0.001,0.9000404830231568,0.00035317404396677536,0.900040 ± 0.000353,0.9003571245915614,0.8996595965335986,0.9001047279443104
metric_contract_v1.2,c38b09694be88aa74de0741b39e9d3ba0d6ff61a,35a1a66f78dfd6255c4d804586ee6863969be78d21acec5cd0ccf00476ddaa5c,f80984d28ef9a7550633fb3aea514f783f3db1fa655a6d3f49850b10857e6afc,db137e7d3c712f7a4752a4ecaee827c58ae25bc907f916dbab0de88a87e33211,last,ood_metric/fpr95_achieved_id_tpr,OOD-4,appendix,descriptive,id_train,id_test_vs_places365,detector_declared,detector/ctm_prototype_cosine,places365,far,,,,45195,C2,adam,0.0003,0.001,0.9499999999999998,1.3597399555105182e-16,0.950000 ± 0.000000,0.95,0.95,0.95
metric_contract_v1.2,c38b09694be88aa74de0741b39e9d3ba0d6ff61a,35a1a66f78dfd6255c4d804586ee6863969be78d21acec5cd0ccf00476ddaa5c,f80984d28ef9a7550633fb3aea514f783f3db1fa655a6d3f49850b10857e6afc,db137e7d3c712f7a4752a4ecaee827c58ae25bc907f916dbab0de88a87e33211,last,ood_metric/fpr95_achieved_id_tpr,OOD-4,appendix,descriptive,id_train,id_test_vs_places365,detector_declared,detector/gda_class_density,places365,far,,,,45195,C2,adam,0.0003,0.001,0.9499999999999998,1.3597399555105182e-16,0.950000 ± 0.000000,0.95,0.95,0.95
metric_contract_v1.2,c38b09694be88aa74de0741b39e9d3ba0d6ff61a,35a1a66f78dfd6255c4d804586ee6863969be78d21acec5cd0ccf00476ddaa5c,f80984d28ef9a7550633fb3aea514f783f3db1fa655a6d3f49850b10857e6afc,db137e7d3c712f7a4752a4ecaee827c58ae25bc907f916dbab0de88a87e33211,last,ood_metric/fpr95_achieved_id_tpr,OOD-4,appendix,descriptive,id_train,id_test_vs_places365,detector_declared,detector/knn_l2_k50,places365,far,,,,45195,C2,adam,0.0003,0.001,0.9499999999999998,1.3597399555105182e-16,0.950000 ± 0.000000,0.95,0.95,0.95
metric_contract_v1.2,c38b09694be88aa74de0741b39e9d3ba0d6ff61a,35a1a66f78dfd6255c4d804586ee6863969be78d21acec5cd0ccf00476ddaa5c,f80984d28ef9a7550633fb3aea514f783f3db1fa655a6d3f49850b10857e6afc,db137e7d3c712f7a4752a4ecaee827c58ae25bc907f916dbab0de88a87e33211,last,ood_metric/fpr95_achieved_id_tpr,OOD-4,appendix,descriptive,id_train,id_test_vs_places365,detector_declared,detector/mahalanobis_pp,places365,far,,,,45195,C2,adam,0.0003,0.001,0.9499999999999998,1.3597399555105182e-16,0.950000 ± 0.000000,0.95,0.95,0.95
metric_contract_v1.2,c38b09694be88aa74de0741b39e9d3ba0d6ff61a,35a1a66f78dfd6255c4d804586ee6863969be78d21acec5cd0ccf00476ddaa5c,f80984d28ef9a7550633fb3aea514f783f3db1fa655a6d3f49850b10857e6afc,db137e7d3c712f7a4752a4ecaee827c58ae25bc907f916dbab0de88a87e33211,last,ood_metric/fpr95_achieved_id_tpr,OOD-4,appendix,descriptive,id_train,id_test_vs_places365,detector_declared,detector/mahalanobis_raw,places365,far,,,,45195,C2,adam,0.0003,0.001,0.9499999999999998,1.3597399555105182e-16,0.950000 ± 0.000000,0.95,0.95,0.95
metric_contract_v1.2,c38b09694be88aa74de0741b39e9d3ba0d6ff61a,35a1a66f78dfd6255c4d804586ee6863969be78d21acec5cd0ccf00476ddaa5c,f80984d28ef9a7550633fb3aea514f783f3db1fa655a6d3f49850b10857e6afc,db137e7d3c712f7a4752a4ecaee827c58ae25bc907f916dbab0de88a87e33211,last,ood_metric/fpr95_achieved_id_tpr,OOD-4,appendix,descriptive,id_train,id_test_vs_places365,detector_declared,detector/marginal_mahalanobis_raw,places365,far,,,,45195,C2,adam,0.0003,0.001,0.9499999999999998,1.3597399555105182e-16,0.950000 ± 0.000000,0.95,0.95,0.95
metric_contract_v1.2,c38b09694be88aa74de0741b39e9d3ba0d6ff61a,35a1a66f78dfd6255c4d804586ee6863969be78d21acec5cd0ccf00476ddaa5c,f80984d28ef9a7550633fb3aea514f783f3db1fa655a6d3f49850b10857e6afc,db137e7d3c712f7a4752a4ecaee827c58ae25bc907f916dbab0de88a87e33211,last,ood_metric/fpr95_achieved_id_tpr,OOD-4,appendix,descriptive,id_train,id_test_vs_places365,detector_declared,detector/ncp_euclidean_raw,places365,far,,,,45195,C2,adam,0.0003,0.001,0.9499999999999998,1.3597399555105182e-16,0.950000 ± 0.000000,0.95,0.95,0.95
metric_contract_v1.2,c38b09694be88aa74de0741b39e9d3ba0d6ff61a,35a1a66f78dfd6255c4d804586ee6863969be78d21acec5cd0ccf00476ddaa5c,f80984d28ef9a7550633fb3aea514f783f3db1fa655a6d3f49850b10857e6afc,db137e7d3c712f7a4752a4ecaee827c58ae25bc907f916dbab0de88a87e33211,last,ood_metric/fpr95_achieved_id_tpr,OOD-4,appendix,descriptive,id_train,id_test_vs_places365,detector_declared,detector/neco_author_std_dim100,places365,far,,,,45195,C2,adam,0.0003,0.001,0.9499999999999998,1.3597399555105182e-16,0.950000 ± 0.000000,0.95,0.95,0.95
metric_contract_v1.2,c38b09694be88aa74de0741b39e9d3ba0d6ff61a,35a1a66f78dfd6255c4d804586ee6863969be78d21acec5cd0ccf00476ddaa5c,f80984d28ef9a7550633fb3aea514f783f3db1fa655a6d3f49850b10857e6afc,db137e7d3c712f7a4752a4ecaee827c58ae25bc907f916dbab0de88a87e33211,last,ood_metric/fpr95_achieved_id_tpr,OOD-4,appendix,descriptive,id_train,id_test_vs_places365,detector_declared,detector/relative_mahalanobis_pp,places365,far,,,,45195,C2,adam,0.0003,0.001,0.9499999999999998,1.3597399555105182e-16,0.950000 ± 0.000000,0.95,0.95,0.95
metric_contract_v1.2,c38b09694be88aa74de0741b39e9d3ba0d6ff61a,35a1a66f78dfd6255c4d804586ee6863969be78d21acec5cd0ccf00476ddaa5c,f80984d28ef9a7550633fb3aea514f783f3db1fa655a6d3f49850b10857e6afc,db137e7d3c712f7a4752a4ecaee827c58ae25bc907f916dbab0de88a87e33211,last,ood_metric/fpr95_achieved_id_tpr,OOD-4,appendix,descriptive,id_train,id_test_vs_places365,detector_declared,detector/relative_mahalanobis_raw,places365,far,,,,45195,C2,adam,0.0003,0.001,0.9499999999999998,1.3597399555105182e-16,0.950000 ± 0.000000,0.95,0.95,0.95
metric_contract_v1.2,c38b09694be88aa74de0741b39e9d3ba0d6ff61a,35a1a66f78dfd6255c4d804586ee6863969be78d21acec5cd0ccf00476ddaa5c,f80984d28ef9a7550633fb3aea514f783f3db1fa655a6d3f49850b10857e6afc,db137e7d3c712f7a4752a4ecaee827c58ae25bc907f916dbab0de88a87e33211,last,ood_metric/fpr95_achieved_id_tpr,OOD-4,appendix,descriptive,id_train,id_test_vs_places365,detector_declared,detector/vim_author_dim,places365,far,,,,45195,C2,adam,0.0003,0.001,0.9499999999999998,1.3597399555105182e-16,0.950000 ± 0.000000,0.95,0.95,0.95
metric_contract_v1.2,c38b09694be88aa74de0741b39e9d3ba0d6ff61a,35a1a66f78dfd6255c4d804586ee6863969be78d21acec5cd0ccf00476ddaa5c,f80984d28ef9a7550633fb3aea514f783f3db1fa655a6d3f49850b10857e6afc,db137e7d3c712f7a4752a4ecaee827c58ae25bc907f916dbab0de88a87e33211,last,ood_metric/fpr95_achieved_id_tpr,OOD-4,appendix,descriptive,id_train,id_test_vs_places365,detector_declared,detector/vim_dim128,places365,far,,,,45195,C2,adam,0.0003,0.001,0.9499999999999998,1.3597399555105182e-16,0.950000 ± 0.000000,0.95,0.95,0.95
metric_contract_v1.2,c38b09694be88aa74de0741b39e9d3ba0d6ff61a,35a1a66f78dfd6255c4d804586ee6863969be78d21acec5cd0ccf00476ddaa5c,f80984d28ef9a7550633fb3aea514f783f3db1fa655a6d3f49850b10857e6afc,db137e7d3c712f7a4752a4ecaee827c58ae25bc907f916dbab0de88a87e33211,last,ood_metric/fpr95_achieved_id_tpr,OOD-4,appendix,descriptive,id_train,id_test_vs_places365,detector_declared,detector/vim_dim256,places365,far,,,,45195,C2,adam,0.0003,0.001,0.9499999999999998,1.3597399555105182e-16,0.950000 ± 0.000000,0.95,0.95,0.95
metric_contract_v1.2,c38b09694be88aa74de0741b39e9d3ba0d6ff61a,35a1a66f78dfd6255c4d804586ee6863969be78d21acec5cd0ccf00476ddaa5c,f80984d28ef9a7550633fb3aea514f783f3db1fa655a6d3f49850b10857e6afc,db137e7d3c712f7a4752a4ecaee827c58ae25bc907f916dbab0de88a87e33211,last,ood_metric/fpr95_achieved_id_tpr,OOD-4,appendix,descriptive,id_train,id_test_vs_places365,detector_declared,detector/vim_dim320,places365,far,,,,45195,C2,adam,0.0003,0.001,0.9499999999999998,1.3597399555105182e-16,0.950000 ± 0.000000,0.95,0.95,0.95
metric_contract_v1.2,c38b09694be88aa74de0741b39e9d3ba0d6ff61a,35a1a66f78dfd6255c4d804586ee6863969be78d21acec5cd0ccf00476ddaa5c,f80984d28ef9a7550633fb3aea514f783f3db1fa655a6d3f49850b10857e6afc,db137e7d3c712f7a4752a4ecaee827c58ae25bc907f916dbab0de88a87e33211,last,ood_metric/fpr95_achieved_id_tpr,OOD-4,appendix,descriptive,id_train,id_test_vs_places365,detector_declared,detector/vim_dim64,places365,far,,,,45195,C2,adam,0.0003,0.001,0.9499999999999998,1.3597399555105182e-16,0.950000 ± 0.000000,0.95,0.95,0.95
metric_contract_v1.2,c38b09694be88aa74de0741b39e9d3ba0d6ff61a,35a1a66f78dfd6255c4d804586ee6863969be78d21acec5cd0ccf00476ddaa5c,f80984d28ef9a7550633fb3aea514f783f3db1fa655a6d3f49850b10857e6afc,db137e7d3c712f7a4752a4ecaee827c58ae25bc907f916dbab0de88a87e33211,last,ood_metric/fpr95_achieved_id_tpr,OOD-4,appendix,descriptive,id_train,id_test_vs_places365,detector_declared,detector/weight_cosine_appendix,places365,far,,,,45195,C2,adam,0.0003,0.001,0.9499999999999998,1.3597399555105182e-16,0.950000 ± 0.000000,0.95,0.95,0.95
metric_contract_v1.2,c38b09694be88aa74de0741b39e9d3ba0d6ff61a,35a1a66f78dfd6255c4d804586ee6863969be78d21acec5cd0ccf00476ddaa5c,f80984d28ef9a7550633fb3aea514f783f3db1fa655a6d3f49850b10857e6afc,db137e7d3c712f7a4752a4ecaee827c58ae25bc907f916dbab0de88a87e33211,last,ood_metric/fpr95_achieved_id_tpr,OOD-4,appendix,descriptive,,id_test_vs_places365,detector_declared,ood_score/energy_t1,places365,far,,,,45195,C2,adam,0.0003,0.001,0.9499999999999998,1.3597399555105182e-16,0.950000 ± 0.000000,0.95,0.95,0.95
metric_contract_v1.2,c38b09694be88aa74de0741b39e9d3ba0d6ff61a,35a1a66f78dfd6255c4d804586ee6863969be78d21acec5cd0ccf00476ddaa5c,f80984d28ef9a7550633fb3aea514f783f3db1fa655a6d3f49850b10857e6afc,db137e7d3c712f7a4752a4ecaee827c58ae25bc907f916dbab0de88a87e33211,last,ood_metric/fpr95_achieved_id_tpr,OOD-4,appendix,descriptive,,id_test_vs_places365,detector_declared,ood_score/max_logit,places365,far,,,,45195,C2,adam,0.0003,0.001,0.9499999999999998,1.3597399555105182e-16,0.950000 ± 0.000000,0.95,0.95,0.95
metric_contract_v1.2,c38b09694be88aa74de0741b39e9d3ba0d6ff61a,35a1a66f78dfd6255c4d804586ee6863969be78d21acec5cd0ccf00476ddaa5c,f80984d28ef9a7550633fb3aea514f783f3db1fa655a6d3f49850b10857e6afc,db137e7d3c712f7a4752a4ecaee827c58ae25bc907f916dbab0de88a87e33211,last,ood_metric/fpr95_achieved_id_tpr,OOD-4,appendix,descriptive,,id_test_vs_places365,detector_declared,ood_score/msp,places365,far,,,,45195,C2,adam,0.0003,0.001,0.9499999999999998,1.3597399555105182e-16,0.950000 ± 0.000000,0.95,0.95,0.95
metric_contract_v1.2,c38b09694be88aa74de0741b39e9d3ba0d6ff61a,35a1a66f78dfd6255c4d804586ee6863969be78d21acec5cd0ccf00476ddaa5c,f80984d28ef9a7550633fb3aea514f783f3db1fa655a6d3f49850b10857e6afc,db137e7d3c712f7a4752a4ecaee827c58ae25bc907f916dbab0de88a87e33211,last,ood_metric/fpr95_id_tpr,OOD-4,primary,down,id_train,id_test_vs_places365,detector_declared,detector/ctm_prototype_cosine,places365,far,,,,45195,C2,adam,0.0003,0.001,0.503158592603116,0.013081192956308335,0.503159 ± 0.013081,0.4988208552351186,0.5178576502344083,0.492797272339821
metric_contract_v1.2,c38b09694be88aa74de0741b39e9d3ba0d6ff61a,35a1a66f78dfd6255c4d804586ee6863969be78d21acec5cd0ccf00476ddaa5c,f80984d28ef9a7550633fb3aea514f783f3db1fa655a6d3f49850b10857e6afc,db137e7d3c712f7a4752a4ecaee827c58ae25bc907f916dbab0de88a87e33211,last,ood_metric/fpr95_id_tpr,OOD-4,primary,down,id_train,id_test_vs_places365,detector_declared,detector/gda_class_density,places365,far,,,,45195,C2,adam,0.0003,0.001,0.7906994364729839,0.023410939512987495,0.790699 ± 0.023411,0.8099161812757494,0.7975564710896434,0.7646256570535588
metric_contract_v1.2,c38b09694be88aa74de0741b39e9d3ba0d6ff61a,35a1a66f78dfd6255c4d804586ee6863969be78d21acec5cd0ccf00476ddaa5c,f80984d28ef9a7550633fb3aea514f783f3db1fa655a6d3f49850b10857e6afc,db137e7d3c712f7a4752a4ecaee827c58ae25bc907f916dbab0de88a87e33211,last,ood_metric/fpr95_id_tpr,OOD-4,primary,down,id_train,id_test_vs_places365,detector_declared,detector/knn_l2_k50,places365,far,,,,45195,C2,adam,0.0003,0.001,0.4787327745418383,0.00900857443528213,0.478733 ± 0.009009,0.4758914618553772,0.4888194345787754,0.4714874271913624
metric_contract_v1.2,c38b09694be88aa74de0741b39e9d3ba0d6ff61a,35a1a66f78dfd6255c4d804586ee6863969be78d21acec5cd0ccf00476ddaa5c,f80984d28ef9a7550633fb3aea514f783f3db1fa655a6d3f49850b10857e6afc,db137e7d3c712f7a4752a4ecaee827c58ae25bc907f916dbab0de88a87e33211,last,ood_metric/fpr95_id_tpr,OOD-4,primary,down,id_train,id_test_vs_places365,detector_declared,detector/mahalanobis_pp,places365,far,,,,45195,C2,adam,0.0003,0.001,0.5245157929630156,0.009957750449101117,0.524516 ± 0.009958,0.5130274186674243,0.5306719704503481,0.5298479897712743
metric_contract_v1.2,c38b09694be88aa74de0741b39e9d3ba0d6ff61a,35a1a66f78dfd6255c4d804586ee6863969be78d21acec5cd0ccf00476ddaa5c,f80984d28ef9a7550633fb3aea514f783f3db1fa655a6d3f49850b10857e6afc,db137e7d3c712f7a4752a4ecaee827c58ae25bc907f916dbab0de88a87e33211,last,ood_metric/fpr95_id_tpr,OOD-4,primary,down,id_train,id_test_vs_places365,detector_declared,detector/mahalanobis_raw,places365,far,,,,45195,C2,adam,0.0003,0.001,0.9313160013259459,0.008055977489269426,0.931316 ± 0.008056,0.9345361557039352,0.937263815882938,0.9221480323909647
metric_contract_v1.2,c38b09694be88aa74de0741b39e9d3ba0d6ff61a,35a1a66f78dfd6255c4d804586ee6863969be78d21acec5cd0ccf00476ddaa5c,f80984d28ef9a7550633fb3aea514f783f3db1fa655a6d3f49850b10857e6afc,db137e7d3c712f7a4752a4ecaee827c58ae25bc907f916dbab0de88a87e33211,last,ood_metric/fpr95_id_tpr,OOD-4,primary,down,id_train,id_test_vs_places365,detector_declared,detector/marginal_mahalanobis_raw,places365,far,,,,45195,C2,adam,0.0003,0.001,0.9418951555618696,0.0077738335871404066,0.941895 ± 0.007774,0.9451058388975707,0.9475493678079273,0.9330302599801108
metric_contract_v1.2,c38b09694be88aa74de0741b39e9d3ba0d6ff61a,35a1a66f78dfd6255c4d804586ee6863969be78d21acec5cd0ccf00476ddaa5c,f80984d28ef9a7550633fb3aea514f783f3db1fa655a6d3f49850b10857e6afc,db137e7d3c712f7a4752a4ecaee827c58ae25bc907f916dbab0de88a87e33211,last,ood_metric/fpr95_id_tpr,OOD-4,primary,down,id_train,id_test_vs_places365,detector_declared,detector/ncp_euclidean_raw,places365,far,,,,45195,C2,adam,0.0003,0.001,0.4451768717147322,0.0074736246144704605,0.445177 ± 0.007474,0.4438698678789601,0.45321778661741724,0.4384429606478193
metric_contract_v1.2,c38b09694be88aa74de0741b39e9d3ba0d6ff61a,35a1a66f78dfd6255c4d804586ee6863969be78d21acec5cd0ccf00476ddaa5c,f80984d28ef9a7550633fb3aea514f783f3db1fa655a6d3f49850b10857e6afc,db137e7d3c712f7a4752a4ecaee827c58ae25bc907f916dbab0de88a87e33211,last,ood_metric/fpr95_id_tpr,OOD-4,primary,down,id_train,id_test_vs_places365,detector_declared,detector/neco_author_std_dim100,places365,far,,,,45195,C2,adam,0.0003,0.001,0.5530899275465265,0.016489873405087112,0.553090 ± 0.016490,0.5707628924563148,0.5503906804943884,0.5381162096888763
metric_contract_v1.2,c38b09694be88aa74de0741b39e9d3ba0d6ff61a,35a1a66f78dfd6255c4d804586ee6863969be78d21acec5cd0ccf00476ddaa5c,f80984d28ef9a7550633fb3aea514f783f3db1fa655a6d3f49850b10857e6afc,db137e7d3c712f7a4752a4ecaee827c58ae25bc907f916dbab0de88a87e33211,last,ood_metric/fpr95_id_tpr,OOD-4,primary,down,id_train,id_test_vs_places365,detector_declared,detector/relative_mahalanobis_pp,places365,far,,,,45195,C2,adam,0.0003,0.001,0.5361746460197945,0.008562696998041915,0.536175 ± 0.008563,0.5369228583605625,0.5443386844722262,0.5272623952265947
metric_contract_v1.2,c38b09694be88aa74de0741b39e9d3ba0d6ff61a,35a1a66f78dfd6255c4d804586ee6863969be78d21acec5cd0ccf00476ddaa5c,f80984d28ef9a7550633fb3aea514f783f3db1fa655a6d3f49850b10857e6afc,db137e7d3c712f7a4752a4ecaee827c58ae25bc907f916dbab0de88a87e33211,last,ood_metric/fpr95_id_tpr,OOD-4,primary,down,id_train,id_test_vs_places365,detector_declared,detector/relative_mahalanobis_raw,places365,far,,,,45195,C2,adam,0.0003,0.001,0.47755836529810103,0.011596953854195785,0.477558 ± 0.011597,0.46716863190794145,0.4900696121608183,0.4754368518255434
metric_contract_v1.2,c38b09694be88aa74de0741b39e9d3ba0d6ff61a,35a1a66f78dfd6255c4d804586ee6863969be78d21acec5cd0ccf00476ddaa5c,f80984d28ef9a7550633fb3aea514f783f3db1fa655a6d3f49850b10857e6afc,db137e7d3c712f7a4752a4ecaee827c58ae25bc907f916dbab0de88a87e33211,last,ood_metric/fpr95_id_tpr,OOD-4,primary,down,id_train,id_test_vs_places365,detector_declared,detector/vim_author_dim,places365,far,,,,45195,C2,adam,0.0003,0.001,0.7120613723540276,0.013343192811778521,0.712061 ± 0.013343,0.7165222332717716,0.7226026424207984,0.6970592413695127
metric_contract_v1.2,c38b09694be88aa74de0741b39e9d3ba0d6ff61a,35a1a66f78dfd6255c4d804586ee6863969be78d21acec5cd0ccf00476ddaa5c,f80984d28ef9a7550633fb3aea514f783f3db1fa655a6d3f49850b10857e6afc,db137e7d3c712f7a4752a4ecaee827c58ae25bc907f916dbab0de88a87e33211,last,ood_metric/fpr95_id_tpr,OOD-4,primary,down,id_train,id_test_vs_places365,detector_declared,detector/vim_dim128,places365,far,,,,45195,C2,adam,0.0003,0.001,0.6967182838471374,0.023814319520565716,0.696718 ± 0.023814,0.6972297201307004,0.7202727660179002,0.6726523653928115
metric_contract_v1.2,c38b09694be88aa74de0741b39e9d3ba0d6ff61a,35a1a66f78dfd6255c4d804586ee6863969be78d21acec5cd0ccf00476ddaa5c,f80984d28ef9a7550633fb3aea514f783f3db1fa655a6d3f49850b10857e6afc,db137e7d3c712f7a4752a4ecaee827c58ae25bc907f916dbab0de88a87e33211,last,ood_metric/fpr95_id_tpr,OOD-4,primary,down,id_train,id_test_vs_places365,detector_declared,detector/vim_dim256,places365,far,,,,45195,C2,adam,0.0003,0.001,0.7161718047071081,0.014542257284580955,0.716172 ± 0.014542,0.7173746270777099,0.7300752947861913,0.701065492257423
metric_contract_v1.2,c38b09694be88aa74de0741b39e9d3ba0d6ff61a,35a1a66f78dfd6255c4d804586ee6863969be78d21acec5cd0ccf00476ddaa5c,f80984d28ef9a7550633fb3aea514f783f3db1fa655a6d3f49850b10857e6afc,db137e7d3c712f7a4752a4ecaee827c58ae25bc907f916dbab0de88a87e33211,last,ood_metric/fpr95_id_tpr,OOD-4,primary,down,id_train,id_test_vs_places365,detector_declared,detector/vim_dim320,places365,far,,,,45195,C2,adam,0.0003,0.001,0.7120613723540276,0.013343192811778521,0.712061 ± 0.013343,0.7165222332717716,0.7226026424207984,0.6970592413695127
metric_contract_v1.2,c38b09694be88aa74de0741b39e9d3ba0d6ff61a,35a1a66f78dfd6255c4d804586ee6863969be78d21acec5cd0ccf00476ddaa5c,f80984d28ef9a7550633fb3aea514f783f3db1fa655a6d3f49850b10857e6afc,db137e7d3c712f7a4752a4ecaee827c58ae25bc907f916dbab0de88a87e33211,last,ood_metric/fpr95_id_tpr,OOD-4,primary,down,id_train,id_test_vs_places365,detector_declared,detector/vim_dim64,places365,far,,,,45195,C2,adam,0.0003,0.001,0.7626746223421886,0.03044340694964822,0.762675 ± 0.030443,0.7785480892172184,0.7819008381872425,0.7275749396221054
metric_contract_v1.2,c38b09694be88aa74de0741b39e9d3ba0d6ff61a,35a1a66f78dfd6255c4d804586ee6863969be78d21acec5cd0ccf00476ddaa5c,f80984d28ef9a7550633fb3aea514f783f3db1fa655a6d3f49850b10857e6afc,db137e7d3c712f7a4752a4ecaee827c58ae25bc907f916dbab0de88a87e33211,last,ood_metric/fpr95_id_tpr,OOD-4,primary,down,id_train,id_test_vs_places365,detector_declared,detector/weight_cosine_appendix,places365,far,,,,45195,C2,adam,0.0003,0.001,0.5429748543827247,0.012855927354385338,0.542975 ± 0.012856,0.557806506606052,0.5350191788606337,0.5360988776814889
metric_contract_v1.2,c38b09694be88aa74de0741b39e9d3ba0d6ff61a,35a1a66f78dfd6255c4d804586ee6863969be78d21acec5cd0ccf00476ddaa5c,f80984d28ef9a7550633fb3aea514f783f3db1fa655a6d3f49850b10857e6afc,db137e7d3c712f7a4752a4ecaee827c58ae25bc907f916dbab0de88a87e33211,last,ood_metric/fpr95_id_tpr,OOD-4,primary,down,,id_test_vs_places365,detector_declared,ood_score/energy_t1,places365,far,,,,45195,C2,adam,0.0003,0.001,0.3788132784012881,0.010375746201585713,0.378813 ± 0.010376,0.3754510583889757,0.3705355874413979,0.39045318937349055
metric_contract_v1.2,c38b09694be88aa74de0741b39e9d3ba0d6ff61a,35a1a66f78dfd6255c4d804586ee6863969be78d21acec5cd0ccf00476ddaa5c,f80984d28ef9a7550633fb3aea514f783f3db1fa655a6d3f49850b10857e6afc,db137e7d3c712f7a4752a4ecaee827c58ae25bc907f916dbab0de88a87e33211,last,ood_metric/fpr95_id_tpr,OOD-4,primary,down,,id_test_vs_places365,detector_declared,ood_score/max_logit,places365,far,,,,45195,C2,adam,0.0003,0.001,0.386200691386087,0.011596745011496839,0.386201 ± 0.011597,0.3809916181275749,0.3781218923142492,0.399488563716437
metric_contract_v1.2,c38b09694be88aa74de0741b39e9d3ba0d6ff61a,35a1a66f78dfd6255c4d804586ee6863969be78d21acec5cd0ccf00476ddaa5c,f80984d28ef9a7550633fb3aea514f783f3db1fa655a6d3f49850b10857e6afc,db137e7d3c712f7a4752a4ecaee827c58ae25bc907f916dbab0de88a87e33211,last,ood_metric/fpr95_id_tpr,OOD-4,primary,down,,id_test_vs_places365,detector_declared,ood_score/msp,places365,far,,,,45195,C2,adam,0.0003,0.001,0.5865321778661742,0.00272692015343795,0.586532 ± 0.002727,0.5835203864185253,0.5888336411422077,0.5872425060377895
metric_contract_v1.2,c38b09694be88aa74de0741b39e9d3ba0d6ff61a,35a1a66f78dfd6255c4d804586ee6863969be78d21acec5cd0ccf00476ddaa5c,f80984d28ef9a7550633fb3aea514f783f3db1fa655a6d3f49850b10857e6afc,db137e7d3c712f7a4752a4ecaee827c58ae25bc907f916dbab0de88a87e33211,last,ood_metric/fpr95_threshold,OOD-4,appendix,descriptive,id_train,id_test_vs_places365,detector_declared,detector/ctm_prototype_cosine,places365,far,,,,45195,C2,adam,0.0003,0.001,0.8237217793949013,0.0015783112671614236,0.823722 ± 0.001578,0.8254770636417516,0.8224195205435695,0.8232687539993828
metric_contract_v1.2,c38b09694be88aa74de0741b39e9d3ba0d6ff61a,35a1a66f78dfd6255c4d804586ee6863969be78d21acec5cd0ccf00476ddaa5c,f80984d28ef9a7550633fb3aea514f783f3db1fa655a6d3f49850b10857e6afc,db137e7d3c712f7a4752a4ecaee827c58ae25bc907f916dbab0de88a87e33211,last,ood_metric/fpr95_threshold,OOD-4,appendix,descriptive,id_train,id_test_vs_places365,detector_declared,detector/gda_class_density,places365,far,,,,45195,C2,adam,0.0003,0.001,1519.492670637502,16.977399036047952,1519.492671 ± 16.977399,1501.1763662193557,1534.7020063982077,1522.5996392949426
metric_contract_v1.2,c38b09694be88aa74de0741b39e9d3ba0d6ff61a,35a1a66f78dfd6255c4d804586ee6863969be78d21acec5cd0ccf00476ddaa5c,f80984d28ef9a7550633fb3aea514f783f3db1fa655a6d3f49850b10857e6afc,db137e7d3c712f7a4752a4ecaee827c58ae25bc907f916dbab0de88a87e33211,last,ood_metric/fpr95_threshold,OOD-4,appendix,descriptive,id_train,id_test_vs_places365,detector_declared,detector/knn_l2_k50,places365,far,,,,45195,C2,adam,0.0003,0.001,-0.18637248944979734,0.0015937240077525815,-0.186372 ± 0.001594,-0.18455238256178821,-0.18751783930272747,-0.1870472464848763
metric_contract_v1.2,c38b09694be88aa74de0741b39e9d3ba0d6ff61a,35a1a66f78dfd6255c4d804586ee6863969be78d21acec5cd0ccf00476ddaa5c,f80984d28ef9a7550633fb3aea514f783f3db1fa655a6d3f49850b10857e6afc,db137e7d3c712f7a4752a4ecaee827c58ae25bc907f916dbab0de88a87e33211,last,ood_metric/fpr95_threshold,OOD-4,appendix,descriptive,id_train,id_test_vs_places365,detector_declared,detector/mahalanobis_pp,places365,far,,,,45195,C2,adam,0.0003,0.001,-1557.684694662538,27.800462653745427,-1557.684695 ± 27.800463,-1536.1392825839919,-1589.065945957033,-1547.8488554465896
metric_contract_v1.2,c38b09694be88aa74de0741b39e9d3ba0d6ff61a,35a1a66f78dfd6255c4d804586ee6863969be78d21acec5cd0ccf00476ddaa5c,f80984d28ef9a7550633fb3aea514f783f3db1fa655a6d3f49850b10857e6afc,db137e7d3c712f7a4752a4ecaee827c58ae25bc907f916dbab0de88a87e33211,last,ood_metric/fpr95_threshold,OOD-4,appendix,descriptive,id_train,id_test_vs_places365,detector_declared,detector/mahalanobis_raw,places365,far,,,,45195,C2,adam,0.0003,0.001,-1175.293757583299,9.792375463637274,-1175.293758 ± 9.792375,-1164.0616732230949,-1179.7824897284995,-1182.0371097983025
metric_contract_v1.2,c38b09694be88aa74de0741b39e9d3ba0d6ff61a,35a1a66f78dfd6255c4d804586ee6863969be78d21acec5cd0ccf00476ddaa5c,f80984d28ef9a7550633fb3aea514f783f3db1fa655a6d3f49850b10857e6afc,db137e7d3c712f7a4752a4ecaee827c58ae25bc907f916dbab0de88a87e33211,last,ood_metric/fpr95_threshold,OOD-4,appendix,descriptive,id_train,id_test_vs_places365,detector_declared,detector/marginal_mahalanobis_raw,places365,far,,,,45195,C2,adam,0.0003,0.001,-1156.4316017784265,7.84944472116172,-1156.431602 ± 7.849445,-1148.1603328957706,-1157.3573505934926,-1163.777121846016
metric_contract_v1.2,c38b09694be88aa74de0741b39e9d3ba0d6ff61a,35a1a66f78dfd6255c4d804586ee6863969be78d21acec5cd0ccf00476ddaa5c,f80984d28ef9a7550633fb3aea514f783f3db1fa655a6d3f49850b10857e6afc,db137e7d3c712f7a4752a4ecaee827c58ae25bc907f916dbab0de88a87e33211,last,ood_metric/fpr95_threshold,OOD-4,appendix,descriptive,id_train,id_test_vs_places365,detector_declared,detector/ncp_euclidean_raw,places365,far,,,,45195,C2,adam,0.0003,0.001,-14.13659165356549,0.08923777213541041,-14.136592 ± 0.089238,-14.21848462446196,-14.14980729477421,-14.041483041460301
metric_contract_v1.2,c38b09694be88aa74de0741b39e9d3ba0d6ff61a,35a1a66f78dfd6255c4d804586ee6863969be78d21acec5cd0ccf00476ddaa5c,f80984d28ef9a7550633fb3aea514f783f3db1fa655a6d3f49850b10857e6afc,db137e7d3c712f7a4752a4ecaee827c58ae25bc907f916dbab0de88a87e33211,last,ood_metric/fpr95_threshold,OOD-4,appendix,descriptive,id_train,id_test_vs_places365,detector_declared,detector/neco_author_std_dim100,places365,far,,,,45195,C2,adam,0.0003,0.001,0.9992259591402406,5.172784300177283e-05,0.999226 ± 0.000052,0.999205254993946,0.9992848320695868,0.9991877903571891
metric_contract_v1.2,c38b09694be88aa74de0741b39e9d3ba0d6ff61a,35a1a66f78dfd6255c4d804586ee6863969be78d21acec5cd0ccf00476ddaa5c,f80984d28ef9a7550633fb3aea514f783f3db1fa655a6d3f49850b10857e6afc,db137e7d3c712f7a4752a4ecaee827c58ae25bc907f916dbab0de88a87e33211,last,ood_metric/fpr95_threshold,OOD-4,appendix,descriptive,id_train,id_test_vs_places365,detector_declared,detector/relative_mahalanobis_pp,places365,far,,,,45195,C2,adam,0.0003,0.001,-145.17886894370906,5.780583497132551,-145.178869 ± 5.780583,-143.12328080295404,-151.70630514917244,-140.70702087900074
metric_contract_v1.2,c38b09694be88aa74de0741b39e9d3ba0d6ff61a,35a1a66f78dfd6255c4d804586ee6863969be78d21acec5cd0ccf00476ddaa5c,f80984d28ef9a7550633fb3aea514f783f3db1fa655a6d3f49850b10857e6afc,db137e7d3c712f7a4752a4ecaee827c58ae25bc907f916dbab0de88a87e33211,last,ood_metric/fpr95_threshold,OOD-4,appendix,descriptive,id_train,id_test_vs_places365,detector_declared,detector/relative_mahalanobis_raw,places365,far,,,,45195,C2,adam,0.0003,0.001,-68.04448213856426,3.5009659307713545,-68.044482 ± 3.500966,-65.22168198871694,-71.9619971218547,-66.94976730512116
metric_contract_v1.2,c38b09694be88aa74de0741b39e9d3ba0d6ff61a,35a1a66f78dfd6255c4d804586ee6863969be78d21acec5cd0ccf00476ddaa5c,f80984d28ef9a7550633fb3aea514f783f3db1fa655a6d3f49850b10857e6afc,db137e7d3c712f7a4752a4ecaee827c58ae25bc907f916dbab0de88a87e33211,last,ood_metric/fpr95_threshold,OOD-4,appendix,descriptive,id_train,id_test_vs_places365,detector_declared,detector/vim_author_dim,places365,far,,,,45195,C2,adam,0.0003,0.001,-11.662149850376956,0.0732262854427874,-11.662150 ± 0.073226,-11.60870299597028,-11.745615362449218,-11.632131192711368
metric_contract_v1.2,c38b09694be88aa74de0741b39e9d3ba0d6ff61a,35a1a66f78dfd6255c4d804586ee6863969be78d21acec5cd0ccf00476ddaa5c,f80984d28ef9a7550633fb3aea514f783f3db1fa655a6d3f49850b10857e6afc,db137e7d3c712f7a4752a4ecaee827c58ae25bc907f916dbab0de88a87e33211,last,ood_metric/fpr95_threshold,OOD-4,appendix,descriptive,id_train,id_test_vs_places365,detector_declared,detector/vim_dim128,places365,far,,,,45195,C2,adam,0.0003,0.001,-11.785053896609982,0.21868114497626856,-11.785054 ± 0.218681,-11.708767399732372,-12.0316599018274,-11.614734388270177
metric_contract_v1.2,c38b09694be88aa74de0741b39e9d3ba0d6ff61a,35a1a66f78dfd6255c4d804586ee6863969be78d21acec5cd0ccf00476ddaa5c,f80984d28ef9a7550633fb3aea514f783f3db1fa655a6d3f49850b10857e6afc,db137e7d3c712f7a4752a4ecaee827c58ae25bc907f916dbab0de88a87e33211,last,ood_metric/fpr95_threshold,OOD-4,appendix,descriptive,id_train,id_test_vs_places365,detector_declared,detector/vim_dim256,places365,far,,,,45195,C2,adam,0.0003,0.001,-11.68218451484667,0.08359050223399796,-11.682185 ± 0.083591,-11.631369343650746,-11.778660629668043,-11.636523571221222
metric_contract_v1.2,c38b09694be88aa74de0741b39e9d3ba0d6ff61a,35a1a66f78dfd6255c4d804586ee6863969be78d21acec5cd0ccf00476ddaa5c,f80984d28ef9a7550633fb3aea514f783f3db1fa655a6d3f49850b10857e6afc,db137e7d3c712f7a4752a4ecaee827c58ae25bc907f916dbab0de88a87e33211,last,ood_metric/fpr95_threshold,OOD-4,appendix,descriptive,id_train,id_test_vs_places365,detector_declared,detector/vim_dim320,places365,far,,,,45195,C2,adam,0.0003,0.001,-11.662149850376956,0.0732262854427874,-11.662150 ± 0.073226,-11.60870299597028,-11.745615362449218,-11.632131192711368
metric_contract_v1.2,c38b09694be88aa74de0741b39e9d3ba0d6ff61a,35a1a66f78dfd6255c4d804586ee6863969be78d21acec5cd0ccf00476ddaa5c,f80984d28ef9a7550633fb3aea514f783f3db1fa655a6d3f49850b10857e6afc,db137e7d3c712f7a4752a4ecaee827c58ae25bc907f916dbab0de88a87e33211,last,ood_metric/fpr95_threshold,OOD-4,appendix,descriptive,id_train,id_test_vs_places365,detector_declared,detector/vim_dim64,places365,far,,,,45195,C2,adam,0.0003,0.001,-12.05270234063631,0.19991907177862794,-12.052702 ± 0.199919,-11.884116960351156,-12.2735668522737,-12.00042320928408
metric_contract_v1.2,c38b09694be88aa74de0741b39e9d3ba0d6ff61a,35a1a66f78dfd6255c4d804586ee6863969be78d21acec5cd0ccf00476ddaa5c,f80984d28ef9a7550633fb3aea514f783f3db1fa655a6d3f49850b10857e6afc,db137e7d3c712f7a4752a4ecaee827c58ae25bc907f916dbab0de88a87e33211,last,ood_metric/fpr95_threshold,OOD-4,appendix,descriptive,id_train,id_test_vs_places365,detector_declared,detector/weight_cosine_appendix,places365,far,,,,45195,C2,adam,0.0003,0.001,0.4689868382392062,0.003934969160132351,0.468987 ± 0.003935,0.4662254813434323,0.4734924428241105,0.4672425905500759
metric_contract_v1.2,c38b09694be88aa74de0741b39e9d3ba0d6ff61a,35a1a66f78dfd6255c4d804586ee6863969be78d21acec5cd0ccf00476ddaa5c,f80984d28ef9a7550633fb3aea514f783f3db1fa655a6d3f49850b10857e6afc,db137e7d3c712f7a4752a4ecaee827c58ae25bc907f916dbab0de88a87e33211,last,ood_metric/fpr95_threshold,OOD-4,appendix,descriptive,,id_test_vs_places365,detector_declared,ood_score/energy_t1,places365,far,,,,45195,C2,adam,0.0003,0.001,8.007995774186655,0.09655680713757249,8.007996 ± 0.096557,8.111378704940842,7.992459449883947,7.920149167735177
metric_contract_v1.2,c38b09694be88aa74de0741b39e9d3ba0d6ff61a,35a1a66f78dfd6255c4d804586ee6863969be78d21acec5cd0ccf00476ddaa5c,f80984d28ef9a7550633fb3aea514f783f3db1fa655a6d3f49850b10857e6afc,db137e7d3c712f7a4752a4ecaee827c58ae25bc907f916dbab0de88a87e33211,last,ood_metric/fpr95_threshold,OOD-4,appendix,descriptive,,id_test_vs_places365,detector_declared,ood_score/max_logit,places365,far,,,,45195,C2,adam,0.0003,0.001,7.835884396235148,0.11627164978727769,7.835884 ± 0.116272,7.95751953125,7.824288439750672,7.725845217704774
metric_contract_v1.2,c38b09694be88aa74de0741b39e9d3ba0d6ff61a,35a1a66f78dfd6255c4d804586ee6863969be78d21acec5cd0ccf00476ddaa5c,f80984d28ef9a7550633fb3aea514f783f3db1fa655a6d3f49850b10857e6afc,db137e7d3c712f7a4752a4ecaee827c58ae25bc907f916dbab0de88a87e33211,last,ood_metric/fpr95_threshold,OOD-4,appendix,descriptive,,id_test_vs_places365,detector_declared,ood_score/msp,places365,far,,,,45195,C2,adam,0.0003,0.001,0.8276041865192892,0.005242613278643832,0.827604 ± 0.005243,0.8335658170896494,0.8237127589695734,0.8255339834986448
metric_contract_v1.2,c38b09694be88aa74de0741b39e9d3ba0d6ff61a,35a1a66f78dfd6255c4d804586ee6863969be78d21acec5cd0ccf00476ddaa5c,f80984d28ef9a7550633fb3aea514f783f3db1fa655a6d3f49850b10857e6afc,f315d560c588b29298c6e3749f644634c09a1f3187eeea25d98e941c498f6242,last,analysis/angular_control_gap_ctm_ncp,OOD-7,exploratory,descriptive,id_train,id_test_vs_places365,paired_auroc_difference,,places365,,,,,45195,C3,sgd,0.1,0.0,0.04559304067812664,0.002687165054280272,0.045593 ± 0.002687,0.0437483079982951,0.04435471799971602,0.0486760960363688
metric_contract_v1.2,c38b09694be88aa74de0741b39e9d3ba0d6ff61a,35a1a66f78dfd6255c4d804586ee6863969be78d21acec5cd0ccf00476ddaa5c,f80984d28ef9a7550633fb3aea514f783f3db1fa655a6d3f49850b10857e6afc,f315d560c588b29298c6e3749f644634c09a1f3187eeea25d98e941c498f6242,last,analysis/restoration_gap_mahalanobis,OOD-7,exploratory,descriptive,id_train,id_test_vs_places365,paired_auroc_difference,,places365,,,,,45195,C3,sgd,0.1,0.0,0.29847236823412415,0.01650828964509339,0.298472 ± 0.016508,0.28057609319505616,0.3131052336979684,0.3017357778093479
metric_contract_v1.2,c38b09694be88aa74de0741b39e9d3ba0d6ff61a,35a1a66f78dfd6255c4d804586ee6863969be78d21acec5cd0ccf00476ddaa5c,f80984d28ef9a7550633fb3aea514f783f3db1fa655a6d3f49850b10857e6afc,f315d560c588b29298c6e3749f644634c09a1f3187eeea25d98e941c498f6242,last,analysis/restoration_gap_relative_mahalanobis,OOD-7,exploratory,descriptive,id_train,id_test_vs_places365,paired_auroc_difference,,places365,,,,,45195,C3,sgd,0.1,0.0,-0.010420606146706443,0.001628440437520207,-0.010421 ± 0.001628,-0.008935951129421693,-0.01016359994317384,-0.012162267367523794
metric_contract_v1.2,c38b09694be88aa74de0741b39e9d3ba0d6ff61a,35a1a66f78dfd6255c4d804586ee6863969be78d21acec5cd0ccf00476ddaa5c,f80984d28ef9a7550633fb3aea514f783f3db1fa655a6d3f49850b10857e6afc,f315d560c588b29298c6e3749f644634c09a1f3187eeea25d98e941c498f6242,last,ood_metric/ap_in,OOD-2,appendix,up,id_train,id_test_vs_places365,detector_declared,detector/ctm_prototype_cosine,places365,far,,,,45195,C3,sgd,0.1,0.0,0.8137683187347768,0.00363915050832622,0.813768 ± 0.003639,0.8140190437148889,0.8172756231934667,0.8100102892959746
metric_contract_v1.2,c38b09694be88aa74de0741b39e9d3ba0d6ff61a,35a1a66f78dfd6255c4d804586ee6863969be78d21acec5cd0ccf00476ddaa5c,f80984d28ef9a7550633fb3aea514f783f3db1fa655a6d3f49850b10857e6afc,f315d560c588b29298c6e3749f644634c09a1f3187eeea25d98e941c498f6242,last,ood_metric/ap_in,OOD-2,appendix,up,id_train,id_test_vs_places365,detector_declared,detector/gda_class_density,places365,far,,,,45195,C3,sgd,0.1,0.0,0.7155092265274213,0.015068402553599383,0.715509 ± 0.015068,0.722567685846609,0.6982071841722721,0.7257528095633827
metric_contract_v1.2,c38b09694be88aa74de0741b39e9d3ba0d6ff61a,35a1a66f78dfd6255c4d804586ee6863969be78d21acec5cd0ccf00476ddaa5c,f80984d28ef9a7550633fb3aea514f783f3db1fa655a6d3f49850b10857e6afc,f315d560c588b29298c6e3749f644634c09a1f3187eeea25d98e941c498f6242,last,ood_metric/ap_in,OOD-2,appendix,up,id_train,id_test_vs_places365,detector_declared,detector/knn_l2_k50,places365,far,,,,45195,C3,sgd,0.1,0.0,0.8328685099490555,0.005835841385644041,0.832869 ± 0.005836,0.8298704440178538,0.8395939896217912,0.8291410962075213
metric_contract_v1.2,c38b09694be88aa74de0741b39e9d3ba0d6ff61a,35a1a66f78dfd6255c4d804586ee6863969be78d21acec5cd0ccf00476ddaa5c,f80984d28ef9a7550633fb3aea514f783f3db1fa655a6d3f49850b10857e6afc,f315d560c588b29298c6e3749f644634c09a1f3187eeea25d98e941c498f6242,last,ood_metric/ap_in,OOD-2,appendix,up,id_train,id_test_vs_places365,detector_declared,detector/mahalanobis_pp,places365,far,,,,45195,C3,sgd,0.1,0.0,0.8204186099208801,0.015249014750074757,0.820419 ± 0.015249,0.8028734123542636,0.8279039703388147,0.8304784470695623
metric_contract_v1.2,c38b09694be88aa74de0741b39e9d3ba0d6ff61a,35a1a66f78dfd6255c4d804586ee6863969be78d21acec5cd0ccf00476ddaa5c,f80984d28ef9a7550633fb3aea514f783f3db1fa655a6d3f49850b10857e6afc,f315d560c588b29298c6e3749f644634c09a1f3187eeea25d98e941c498f6242,last,ood_metric/ap_in,OOD-2,appendix,up,id_train,id_test_vs_places365,detector_declared,detector/mahalanobis_raw,places365,far,,,,45195,C3,sgd,0.1,0.0,0.32703088499932836,0.012165359786395106,0.327031 ± 0.012165,0.335919310940591,0.3131663274518009,0.33200701660559306
metric_contract_v1.2,c38b09694be88aa74de0741b39e9d3ba0d6ff61a,35a1a66f78dfd6255c4d804586ee6863969be78d21acec5cd0ccf00476ddaa5c,f80984d28ef9a7550633fb3aea514f783f3db1fa655a6d3f49850b10857e6afc,f315d560c588b29298c6e3749f644634c09a1f3187eeea25d98e941c498f6242,last,ood_metric/ap_in,OOD-2,appendix,up,id_train,id_test_vs_places365,detector_declared,detector/marginal_mahalanobis_raw,places365,far,,,,45195,C3,sgd,0.1,0.0,0.24309034248576733,0.008383627793305412,0.243090 ± 0.008384,0.25069240760935124,0.2340987734036073,0.24447984644434348
metric_contract_v1.2,c38b09694be88aa74de0741b39e9d3ba0d6ff61a,35a1a66f78dfd6255c4d804586ee6863969be78d21acec5cd0ccf00476ddaa5c,f80984d28ef9a7550633fb3aea514f783f3db1fa655a6d3f49850b10857e6afc,f315d560c588b29298c6e3749f644634c09a1f3187eeea25d98e941c498f6242,last,ood_metric/ap_in,OOD-2,appendix,up,id_train,id_test_vs_places365,detector_declared,detector/ncp_euclidean_raw,places365,far,,,,45195,C3,sgd,0.1,0.0,0.7237699053964617,0.005067224798655372,0.723770 ± 0.005067,0.725375785155905,0.7278396064648056,0.7180943245686744
metric_contract_v1.2,c38b09694be88aa74de0741b39e9d3ba0d6ff61a,35a1a66f78dfd6255c4d804586ee6863969be78d21acec5cd0ccf00476ddaa5c,f80984d28ef9a7550633fb3aea514f783f3db1fa655a6d3f49850b10857e6afc,f315d560c588b29298c6e3749f644634c09a1f3187eeea25d98e941c498f6242,last,ood_metric/ap_in,OOD-2,appendix,up,id_train,id_test_vs_places365,detector_declared,detector/neco_author_std_dim100,places365,far,,,,45195,C3,sgd,0.1,0.0,0.7530700008074499,0.020541995642198163,0.753070 ± 0.020542,0.729358530436746,0.7643796456994345,0.7654718262861694
metric_contract_v1.2,c38b09694be88aa74de0741b39e9d3ba0d6ff61a,35a1a66f78dfd6255c4d804586ee6863969be78d21acec5cd0ccf00476ddaa5c,f80984d28ef9a7550633fb3aea514f783f3db1fa655a6d3f49850b10857e6afc,f315d560c588b29298c6e3749f644634c09a1f3187eeea25d98e941c498f6242,last,ood_metric/ap_in,OOD-2,appendix,up,id_train,id_test_vs_places365,detector_declared,detector/relative_mahalanobis_pp,places365,far,,,,45195,C3,sgd,0.1,0.0,0.802408593909119,0.007829971566885663,0.802409 ± 0.007830,0.8040975767506252,0.8092562385674442,0.7938719664092873
metric_contract_v1.2,c38b09694be88aa74de0741b39e9d3ba0d6ff61a,35a1a66f78dfd6255c4d804586ee6863969be78d21acec5cd0ccf00476ddaa5c,f80984d28ef9a7550633fb3aea514f783f3db1fa655a6d3f49850b10857e6afc,f315d560c588b29298c6e3749f644634c09a1f3187eeea25d98e941c498f6242,last,ood_metric/ap_in,OOD-2,appendix,up,id_train,id_test_vs_places365,detector_declared,detector/relative_mahalanobis_raw,places365,far,,,,45195,C3,sgd,0.1,0.0,0.8189762885174355,0.0053754768881928185,0.818976 ± 0.005375,0.8138273755888745,0.8245527898707988,0.8185487000926333
metric_contract_v1.2,c38b09694be88aa74de0741b39e9d3ba0d6ff61a,35a1a66f78dfd6255c4d804586ee6863969be78d21acec5cd0ccf00476ddaa5c,f80984d28ef9a7550633fb3aea514f783f3db1fa655a6d3f49850b10857e6afc,f315d560c588b29298c6e3749f644634c09a1f3187eeea25d98e941c498f6242,last,ood_metric/ap_in,OOD-2,appendix,up,id_train,id_test_vs_places365,detector_declared,detector/vim_author_dim,places365,far,,,,45195,C3,sgd,0.1,0.0,0.8587675754763081,0.0018102962858351126,0.858768 ± 0.001810,0.8599599652361538,0.8566844953829374,0.8596582658098331
metric_contract_v1.2,c38b09694be88aa74de0741b39e9d3ba0d6ff61a,35a1a66f78dfd6255c4d804586ee6863969be78d21acec5cd0ccf00476ddaa5c,f80984d28ef9a7550633fb3aea514f783f3db1fa655a6d3f49850b10857e6afc,f315d560c588b29298c6e3749f644634c09a1f3187eeea25d98e941c498f6242,last,ood_metric/ap_in,OOD-2,appendix,up,id_train,id_test_vs_places365,detector_declared,detector/vim_dim128,places365,far,,,,45195,C3,sgd,0.1,0.0,0.859127590561512,0.0016576109365609082,0.859128 ± 0.001658,0.8610070938511643,0.8578743511894207,0.8585013266439507
metric_contract_v1.2,c38b09694be88aa74de0741b39e9d3ba0d6ff61a,35a1a66f78dfd6255c4d804586ee6863969be78d21acec5cd0ccf00476ddaa5c,f80984d28ef9a7550633fb3aea514f783f3db1fa655a6d3f49850b10857e6afc,f315d560c588b29298c6e3749f644634c09a1f3187eeea25d98e941c498f6242,last,ood_metric/ap_in,OOD-2,appendix,up,id_train,id_test_vs_places365,detector_declared,detector/vim_dim256,places365,far,,,,45195,C3,sgd,0.1,0.0,0.8592384917891129,0.0022176245460561847,0.859238 ± 0.002218,0.8615719515755454,0.8571584806160614,0.8589850431757319
metric_contract_v1.2,c38b09694be88aa74de0741b39e9d3ba0d6ff61a,35a1a66f78dfd6255c4d804586ee6863969be78d21acec5cd0ccf00476ddaa5c,f80984d28ef9a7550633fb3aea514f783f3db1fa655a6d3f49850b10857e6afc,f315d560c588b29298c6e3749f644634c09a1f3187eeea25d98e941c498f6242,last,ood_metric/ap_in,OOD-2,appendix,up,id_train,id_test_vs_places365,detector_declared,detector/vim_dim320,places365,far,,,,45195,C3,sgd,0.1,0.0,0.8587675754763081,0.0018102962858351126,0.858768 ± 0.001810,0.8599599652361538,0.8566844953829374,0.8596582658098331
metric_contract_v1.2,c38b09694be88aa74de0741b39e9d3ba0d6ff61a,35a1a66f78dfd6255c4d804586ee6863969be78d21acec5cd0ccf00476ddaa5c,f80984d28ef9a7550633fb3aea514f783f3db1fa655a6d3f49850b10857e6afc,f315d560c588b29298c6e3749f644634c09a1f3187eeea25d98e941c498f6242,last,ood_metric/ap_in,OOD-2,appendix,up,id_train,id_test_vs_places365,detector_declared,detector/vim_dim64,places365,far,,,,45195,C3,sgd,0.1,0.0,0.8545088708944686,0.001444643993248094,0.854509 ± 0.001445,0.8561769850084985,0.8536682759357859,0.8536813517391211
metric_contract_v1.2,c38b09694be88aa74de0741b39e9d3ba0d6ff61a,35a1a66f78dfd6255c4d804586ee6863969be78d21acec5cd0ccf00476ddaa5c,f80984d28ef9a7550633fb3aea514f783f3db1fa655a6d3f49850b10857e6afc,f315d560c588b29298c6e3749f644634c09a1f3187eeea25d98e941c498f6242,last,ood_metric/ap_in,OOD-2,appendix,up,id_train,id_test_vs_places365,detector_declared,detector/weight_cosine_appendix,places365,far,,,,45195,C3,sgd,0.1,0.0,0.8308775634814219,0.015527755647523673,0.830878 ± 0.015528,0.8484430387236617,0.8252095899099374,0.8189800618106667
metric_contract_v1.2,c38b09694be88aa74de0741b39e9d3ba0d6ff61a,35a1a66f78dfd6255c4d804586ee6863969be78d21acec5cd0ccf00476ddaa5c,f80984d28ef9a7550633fb3aea514f783f3db1fa655a6d3f49850b10857e6afc,f315d560c588b29298c6e3749f644634c09a1f3187eeea25d98e941c498f6242,last,ood_metric/ap_in,OOD-2,appendix,up,,id_test_vs_places365,detector_declared,ood_score/energy_t1,places365,far,,,,45195,C3,sgd,0.1,0.0,0.8414921087062336,0.0035037054072128817,0.841492 ± 0.003504,0.8374691697389626,0.8431321981557496,0.8438749582239884
metric_contract_v1.2,c38b09694be88aa74de0741b39e9d3ba0d6ff61a,35a1a66f78dfd6255c4d804586ee6863969be78d21acec5cd0ccf00476ddaa5c,f80984d28ef9a7550633fb3aea514f783f3db1fa655a6d3f49850b10857e6afc,f315d560c588b29298c6e3749f644634c09a1f3187eeea25d98e941c498f6242,last,ood_metric/ap_in,OOD-2,appendix,up,,id_test_vs_places365,detector_declared,ood_score/max_logit,places365,far,,,,45195,C3,sgd,0.1,0.0,0.8413506906253457,0.0034353743842241804,0.841351 ± 0.003435,0.8374022854159583,0.8429941828028603,0.8436556036572187
metric_contract_v1.2,c38b09694be88aa74de0741b39e9d3ba0d6ff61a,35a1a66f78dfd6255c4d804586ee6863969be78d21acec5cd0ccf00476ddaa5c,f80984d28ef9a7550633fb3aea514f783f3db1fa655a6d3f49850b10857e6afc,f315d560c588b29298c6e3749f644634c09a1f3187eeea25d98e941c498f6242,last,ood_metric/ap_in,OOD-2,appendix,up,,id_test_vs_places365,detector_declared,ood_score/msp,places365,far,,,,45195,C3,sgd,0.1,0.0,0.8168148389496764,0.005153036412978062,0.816815 ± 0.005153,0.820201136515765,0.8193588502850256,0.8108845300482386
metric_contract_v1.2,c38b09694be88aa74de0741b39e9d3ba0d6ff61a,35a1a66f78dfd6255c4d804586ee6863969be78d21acec5cd0ccf00476ddaa5c,f80984d28ef9a7550633fb3aea514f783f3db1fa655a6d3f49850b10857e6afc,f315d560c588b29298c6e3749f644634c09a1f3187eeea25d98e941c498f6242,last,ood_metric/ap_out,OOD-3,appendix,up,id_train,id_test_vs_places365,detector_declared,detector/ctm_prototype_cosine,places365,far,,,,45195,C3,sgd,0.1,0.0,0.9679611324451606,0.0007948054838659434,0.967961 ± 0.000795,0.9670498533836747,0.9685110779208715,0.9683224660309357
metric_contract_v1.2,c38b09694be88aa74de0741b39e9d3ba0d6ff61a,35a1a66f78dfd6255c4d804586ee6863969be78d21acec5cd0ccf00476ddaa5c,f80984d28ef9a7550633fb3aea514f783f3db1fa655a6d3f49850b10857e6afc,f315d560c588b29298c6e3749f644634c09a1f3187eeea25d98e941c498f6242,last,ood_metric/ap_out,OOD-3,appendix,up,id_train,id_test_vs_places365,detector_declared,detector/gda_class_density,places365,far,,,,45195,C3,sgd,0.1,0.0,0.9455996024613524,0.0030501735110230062,0.945600 ± 0.003050,0.9479051306506069,0.9421409842356577,0.9467526924977929
metric_contract_v1.2,c38b09694be88aa74de0741b39e9d3ba0d6ff61a,35a1a66f78dfd6255c4d804586ee6863969be78d21acec5cd0ccf00476ddaa5c,f80984d28ef9a7550633fb3aea514f783f3db1fa655a6d3f49850b10857e6afc,f315d560c588b29298c6e3749f644634c09a1f3187eeea25d98e941c498f6242,last,ood_metric/ap_out,OOD-3,appendix,up,id_train,id_test_vs_places365,detector_declared,detector/knn_l2_k50,places365,far,,,,45195,C3,sgd,0.1,0.0,0.9721695765357564,0.0013870060932475925,0.972170 ± 0.001387,0.9706238775159952,0.9733056020469615,0.9725792500443122
metric_contract_v1.2,c38b09694be88aa74de0741b39e9d3ba0d6ff61a,35a1a66f78dfd6255c4d804586ee6863969be78d21acec5cd0ccf00476ddaa5c,f80984d28ef9a7550633fb3aea514f783f3db1fa655a6d3f49850b10857e6afc,f315d560c588b29298c6e3749f644634c09a1f3187eeea25d98e941c498f6242,last,ood_metric/ap_out,OOD-3,appendix,up,id_train,id_test_vs_places365,detector_declared,detector/mahalanobis_pp,places365,far,,,,45195,C3,sgd,0.1,0.0,0.9684360297476348,0.003582947606680486,0.968436 ± 0.003583,0.9643000277370045,0.9705913753478835,0.9704166861580164
metric_contract_v1.2,c38b09694be88aa74de0741b39e9d3ba0d6ff61a,35a1a66f78dfd6255c4d804586ee6863969be78d21acec5cd0ccf00476ddaa5c,f80984d28ef9a7550633fb3aea514f783f3db1fa655a6d3f49850b10857e6afc,f315d560c588b29298c6e3749f644634c09a1f3187eeea25d98e941c498f6242,last,ood_metric/ap_out,OOD-3,appendix,up,id_train,id_test_vs_places365,detector_declared,detector/mahalanobis_raw,places365,far,,,,45195,C3,sgd,0.1,0.0,0.8431668098891226,0.004052236436992833,0.843167 ± 0.004052,0.8477226847475211,0.839964955067917,0.8418127898519298
metric_contract_v1.2,c38b09694be88aa74de0741b39e9d3ba0d6ff61a,35a1a66f78dfd6255c4d804586ee6863969be78d21acec5cd0ccf00476ddaa5c,f80984d28ef9a7550633fb3aea514f783f3db1fa655a6d3f49850b10857e6afc,f315d560c588b29298c6e3749f644634c09a1f3187eeea25d98e941c498f6242,last,ood_metric/ap_out,OOD-3,appendix,up,id_train,id_test_vs_places365,detector_declared,detector/marginal_mahalanobis_raw,places365,far,,,,45195,C3,sgd,0.1,0.0,0.8081300736916077,0.004743435795168846,0.808130 ± 0.004743,0.8136005478690385,0.8051590032964323,0.8056306699093521
metric_contract_v1.2,c38b09694be88aa74de0741b39e9d3ba0d6ff61a,35a1a66f78dfd6255c4d804586ee6863969be78d21acec5cd0ccf00476ddaa5c,f80984d28ef9a7550633fb3aea514f783f3db1fa655a6d3f49850b10857e6afc,f315d560c588b29298c6e3749f644634c09a1f3187eeea25d98e941c498f6242,last,ood_metric/ap_out,OOD-3,appendix,up,id_train,id_test_vs_places365,detector_declared,detector/ncp_euclidean_raw,places365,far,,,,45195,C3,sgd,0.1,0.0,0.9400753777895637,0.0026066502249533,0.940075 ± 0.002607,0.9410934536124337,0.9420193516207453,0.9371133281355122
metric_contract_v1.2,c38b09694be88aa74de0741b39e9d3ba0d6ff61a,35a1a66f78dfd6255c4d804586ee6863969be78d21acec5cd0ccf00476ddaa5c,f80984d28ef9a7550633fb3aea514f783f3db1fa655a6d3f49850b10857e6afc,f315d560c588b29298c6e3749f644634c09a1f3187eeea25d98e941c498f6242,last,ood_metric/ap_out,OOD-3,appendix,up,id_train,id_test_vs_places365,detector_declared,detector/neco_author_std_dim100,places365,far,,,,45195,C3,sgd,0.1,0.0,0.9455479272187312,0.002782025938070745,0.945548 ± 0.002782,0.9424108609106653,0.9465174782743702,0.9477154424711582
metric_contract_v1.2,c38b09694be88aa74de0741b39e9d3ba0d6ff61a,35a1a66f78dfd6255c4d804586ee6863969be78d21acec5cd0ccf00476ddaa5c,f80984d28ef9a7550633fb3aea514f783f3db1fa655a6d3f49850b10857e6afc,f315d560c588b29298c6e3749f644634c09a1f3187eeea25d98e941c498f6242,last,ood_metric/ap_out,OOD-3,appendix,up,id_train,id_test_vs_places365,detector_declared,detector/relative_mahalanobis_pp,places365,far,,,,45195,C3,sgd,0.1,0.0,0.9655531268082872,0.0003542979119460172,0.965553 ± 0.000354,0.9656744572270225,0.9658308197043735,0.9651541034934654
metric_contract_v1.2,c38b09694be88aa74de0741b39e9d3ba0d6ff61a,35a1a66f78dfd6255c4d804586ee6863969be78d21acec5cd0ccf00476ddaa5c,f80984d28ef9a7550633fb3aea514f783f3db1fa655a6d3f49850b10857e6afc,f315d560c588b29298c6e3749f644634c09a1f3187eeea25d98e941c498f6242,last,ood_metric/ap_out,OOD-3,appendix,up,id_train,id_test_vs_places365,detector_declared,detector/relative_mahalanobis_raw,places365,far,,,,45195,C3,sgd,0.1,0.0,0.9698354045235539,0.0005032662612157971,0.969835 ± 0.000503,0.9692544018395362,0.9701360960839742,0.9701157156471513
metric_contract_v1.2,c38b09694be88aa74de0741b39e9d3ba0d6ff61a,35a1a66f78dfd6255c4d804586ee6863969be78d21acec5cd0ccf00476ddaa5c,f80984d28ef9a7550633fb3aea514f783f3db1fa655a6d3f49850b10857e6afc,f315d560c588b29298c6e3749f644634c09a1f3187eeea25d98e941c498f6242,last,ood_metric/ap_out,OOD-3,appendix,up,id_train,id_test_vs_places365,detector_declared,detector/vim_author_dim,places365,far,,,,45195,C3,sgd,0.1,0.0,0.975123317272033,0.0007625209063343347,0.975123 ± 0.000763,0.9750682623249948,0.9743898159371606,0.9759118735539437
metric_contract_v1.2,c38b09694be88aa74de0741b39e9d3ba0d6ff61a,35a1a66f78dfd6255c4d804586ee6863969be78d21acec5cd0ccf00476ddaa5c,f80984d28ef9a7550633fb3aea514f783f3db1fa655a6d3f49850b10857e6afc,f315d560c588b29298c6e3749f644634c09a1f3187eeea25d98e941c498f6242,last,ood_metric/ap_out,OOD-3,appendix,up,id_train,id_test_vs_places365,detector_declared,detector/vim_dim128,places365,far,,,,45195,C3,sgd,0.1,0.0,0.9752945469416602,0.0006821241424864679,0.975295 ± 0.000682,0.9754564337627483,0.974546042418834,0.9758811646433984
metric_contract_v1.2,c38b09694be88aa74de0741b39e9d3ba0d6ff61a,35a1a66f78dfd6255c4d804586ee6863969be78d21acec5cd0ccf00476ddaa5c,f80984d28ef9a7550633fb3aea514f783f3db1fa655a6d3f49850b10857e6afc,f315d560c588b29298c6e3749f644634c09a1f3187eeea25d98e941c498f6242,last,ood_metric/ap_out,OOD-3,appendix,up,id_train,id_test_vs_places365,detector_declared,detector/vim_dim256,places365,far,,,,45195,C3,sgd,0.1,0.0,0.9751426592836876,0.0006450973764240696,0.975143 ± 0.000645,0.9752922507859647,0.974435908303198,0.9756998187619
metric_contract_v1.2,c38b09694be88aa74de0741b39e9d3ba0d6ff61a,35a1a66f78dfd6255c4d804586ee6863969be78d21acec5cd0ccf00476ddaa5c,f80984d28ef9a7550633fb3aea514f783f3db1fa655a6d3f49850b10857e6afc,f315d560c588b29298c6e3749f644634c09a1f3187eeea25d98e941c498f6242,last,ood_metric/ap_out,OOD-3,appendix,up,id_train,id_test_vs_places365,detector_declared,detector/vim_dim320,places365,far,,,,45195,C3,sgd,0.1,0.0,0.975123317272033,0.0007625209063343347,0.975123 ± 0.000763,0.9750682623249948,0.9743898159371606,0.9759118735539437
metric_contract_v1.2,c38b09694be88aa74de0741b39e9d3ba0d6ff61a,35a1a66f78dfd6255c4d804586ee6863969be78d21acec5cd0ccf00476ddaa5c,f80984d28ef9a7550633fb3aea514f783f3db1fa655a6d3f49850b10857e6afc,f315d560c588b29298c6e3749f644634c09a1f3187eeea25d98e941c498f6242,last,ood_metric/ap_out,OOD-3,appendix,up,id_train,id_test_vs_places365,detector_declared,detector/vim_dim64,places365,far,,,,45195,C3,sgd,0.1,0.0,0.9743627194129082,0.0006488641261316752,0.974363 ± 0.000649,0.9747852825801853,0.9736156160945237,0.9746872595640158
metric_contract_v1.2,c38b09694be88aa74de0741b39e9d3ba0d6ff61a,35a1a66f78dfd6255c4d804586ee6863969be78d21acec5cd0ccf00476ddaa5c,f80984d28ef9a7550633fb3aea514f783f3db1fa655a6d3f49850b10857e6afc,f315d560c588b29298c6e3749f644634c09a1f3187eeea25d98e941c498f6242,last,ood_metric/ap_out,OOD-3,appendix,up,id_train,id_test_vs_places365,detector_declared,detector/weight_cosine_appendix,places365,far,,,,45195,C3,sgd,0.1,0.0,0.9703458250281024,0.0017617367774878125,0.970346 ± 0.001762,0.9723330313251151,0.9689754264138746,0.9697290173453179
metric_contract_v1.2,c38b09694be88aa74de0741b39e9d3ba0d6ff61a,35a1a66f78dfd6255c4d804586ee6863969be78d21acec5cd0ccf00476ddaa5c,f80984d28ef9a7550633fb3aea514f783f3db1fa655a6d3f49850b10857e6afc,f315d560c588b29298c6e3749f644634c09a1f3187eeea25d98e941c498f6242,last,ood_metric/ap_out,OOD-3,appendix,up,,id_test_vs_places365,detector_declared,ood_score/energy_t1,places365,far,,,,45195,C3,sgd,0.1,0.0,0.9736617369945987,0.0006603078476213535,0.973662 ± 0.000660,0.9729097777232536,0.9739285177552359,0.9741469155053065
metric_contract_v1.2,c38b09694be88aa74de0741b39e9d3ba0d6ff61a,35a1a66f78dfd6255c4d804586ee6863969be78d21acec5cd0ccf00476ddaa5c,f80984d28ef9a7550633fb3aea514f783f3db1fa655a6d3f49850b10857e6afc,f315d560c588b29298c6e3749f644634c09a1f3187eeea25d98e941c498f6242,last,ood_metric/ap_out,OOD-3,appendix,up,,id_test_vs_places365,detector_declared,ood_score/max_logit,places365,far,,,,45195,C3,sgd,0.1,0.0,0.9735042875103516,0.0006418244472883369,0.973504 ± 0.000642,0.9727688714429941,0.9737925535712366,0.9739514375168239
metric_contract_v1.2,c38b09694be88aa74de0741b39e9d3ba0d6ff61a,35a1a66f78dfd6255c4d804586ee6863969be78d21acec5cd0ccf00476ddaa5c,f80984d28ef9a7550633fb3aea514f783f3db1fa655a6d3f49850b10857e6afc,f315d560c588b29298c6e3749f644634c09a1f3187eeea25d98e941c498f6242,last,ood_metric/ap_out,OOD-3,appendix,up,,id_test_vs_places365,detector_declared,ood_score/msp,places365,far,,,,45195,C3,sgd,0.1,0.0,0.9555612250918641,0.001193821146276379,0.955561 ± 0.001194,0.9563948277636461,0.9560952333417974,0.954193614170149
metric_contract_v1.2,c38b09694be88aa74de0741b39e9d3ba0d6ff61a,35a1a66f78dfd6255c4d804586ee6863969be78d21acec5cd0ccf00476ddaa5c,f80984d28ef9a7550633fb3aea514f783f3db1fa655a6d3f49850b10857e6afc,f315d560c588b29298c6e3749f644634c09a1f3187eeea25d98e941c498f6242,last,ood_metric/aupr_in_openood_auc,OOD-2,primary,up,id_train,id_test_vs_places365,detector_declared,detector/ctm_prototype_cosine,places365,far,,,,45195,C3,sgd,0.1,0.0,0.8137591277243214,0.0036397995044637997,0.813759 ± 0.003640,0.814010089222083,0.8172669518315842,0.8100003421192972
metric_contract_v1.2,c38b09694be88aa74de0741b39e9d3ba0d6ff61a,35a1a66f78dfd6255c4d804586ee6863969be78d21acec5cd0ccf00476ddaa5c,f80984d28ef9a7550633fb3aea514f783f3db1fa655a6d3f49850b10857e6afc,f315d560c588b29298c6e3749f644634c09a1f3187eeea25d98e941c498f6242,last,ood_metric/aupr_in_openood_auc,OOD-2,primary,up,id_train,id_test_vs_places365,detector_declared,detector/gda_class_density,places365,far,,,,45195,C3,sgd,0.1,0.0,0.7154851450600995,0.015071781341700093,0.715485 ± 0.015072,0.7225454935237425,0.698179187638529,0.7257307540180269
metric_contract_v1.2,c38b09694be88aa74de0741b39e9d3ba0d6ff61a,35a1a66f78dfd6255c4d804586ee6863969be78d21acec5cd0ccf00476ddaa5c,f80984d28ef9a7550633fb3aea514f783f3db1fa655a6d3f49850b10857e6afc,f315d560c588b29298c6e3749f644634c09a1f3187eeea25d98e941c498f6242,last,ood_metric/aupr_in_openood_auc,OOD-2,primary,up,id_train,id_test_vs_places365,detector_declared,detector/knn_l2_k50,places365,far,,,,45195,C3,sgd,0.1,0.0,0.8328594501912571,0.005835781674391142,0.832859 ± 0.005836,0.8298619346980505,0.8395848247596819,0.8291315911160384
metric_contract_v1.2,c38b09694be88aa74de0741b39e9d3ba0d6ff61a,35a1a66f78dfd6255c4d804586ee6863969be78d21acec5cd0ccf00476ddaa5c,f80984d28ef9a7550633fb3aea514f783f3db1fa655a6d3f49850b10857e6afc,f315d560c588b29298c6e3749f644634c09a1f3187eeea25d98e941c498f6242,last,ood_metric/aupr_in_openood_auc,OOD-2,primary,up,id_train,id_test_vs_places365,detector_declared,detector/mahalanobis_pp,places365,far,,,,45195,C3,sgd,0.1,0.0,0.8204102048978749,0.015249600762526955,0.820410 ± 0.015250,0.8028643774401142,0.8278953773742772,0.830470859879233
metric_contract_v1.2,c38b09694be88aa74de0741b39e9d3ba0d6ff61a,35a1a66f78dfd6255c4d804586ee6863969be78d21acec5cd0ccf00476ddaa5c,f80984d28ef9a7550633fb3aea514f783f3db1fa655a6d3f49850b10857e6afc,f315d560c588b29298c6e3749f644634c09a1f3187eeea25d98e941c498f6242,last,ood_metric/aupr_in_openood_auc,OOD-2,primary,up,id_train,id_test_vs_places365,detector_declared,detector/mahalanobis_raw,places365,far,,,,45195,C3,sgd,0.1,0.0,0.32696116917426626,0.012166487839695142,0.326961 ± 0.012166,0.3358554178581763,0.31309636562695375,0.3319317240376688
metric_contract_v1.2,c38b09694be88aa74de0741b39e9d3ba0d6ff61a,35a1a66f78dfd6255c4d804586ee6863969be78d21acec5cd0ccf00476ddaa5c,f80984d28ef9a7550633fb3aea514f783f3db1fa655a6d3f49850b10857e6afc,f315d560c588b29298c6e3749f644634c09a1f3187eeea25d98e941c498f6242,last,ood_metric/aupr_in_openood_auc,OOD-2,primary,up,id_train,id_test_vs_places365,detector_declared,detector/marginal_mahalanobis_raw,places365,far,,,,45195,C3,sgd,0.1,0.0,0.24299629847410453,0.008385719043696898,0.242996 ± 0.008386,0.2505994176704827,0.23400198259971008,0.24438749515212072
metric_contract_v1.2,c38b09694be88aa74de0741b39e9d3ba0d6ff61a,35a1a66f78dfd6255c4d804586ee6863969be78d21acec5cd0ccf00476ddaa5c,f80984d28ef9a7550633fb3aea514f783f3db1fa655a6d3f49850b10857e6afc,f315d560c588b29298c6e3749f644634c09a1f3187eeea25d98e941c498f6242,last,ood_metric/aupr_in_openood_auc,OOD-2,primary,up,id_train,id_test_vs_places365,detector_declared,detector/ncp_euclidean_raw,places365,far,,,,45195,C3,sgd,0.1,0.0,0.7237459508431464,0.005070142689831433,0.723746 ± 0.005070,0.725348838733702,0.7278209205086058,0.7180680932871313
metric_contract_v1.2,c38b09694be88aa74de0741b39e9d3ba0d6ff61a,35a1a66f78dfd6255c4d804586ee6863969be78d21acec5cd0ccf00476ddaa5c,f80984d28ef9a7550633fb3aea514f783f3db1fa655a6d3f49850b10857e6afc,f315d560c588b29298c6e3749f644634c09a1f3187eeea25d98e941c498f6242,last,ood_metric/aupr_in_openood_auc,OOD-2,primary,up,id_train,id_test_vs_places365,detector_declared,detector/neco_author_std_dim100,places365,far,,,,45195,C3,sgd,0.1,0.0,0.7530590568453849,0.020543389970309328,0.753059 ± 0.020543,0.7293459790626278,0.7643694016102027,0.7654617898633241
metric_contract_v1.2,c38b09694be88aa74de0741b39e9d3ba0d6ff61a,35a1a66f78dfd6255c4d804586ee6863969be78d21acec5cd0ccf00476ddaa5c,f80984d28ef9a7550633fb3aea514f783f3db1fa655a6d3f49850b10857e6afc,f315d560c588b29298c6e3749f644634c09a1f3187eeea25d98e941c498f6242,last,ood_metric/aupr_in_openood_auc,OOD-2,primary,up,id_train,id_test_vs_places365,detector_declared,detector/relative_mahalanobis_pp,places365,far,,,,45195,C3,sgd,0.1,0.0,0.8023915268409856,0.007835719805597895,0.802392 ± 0.007836,0.8040823114663641,0.809243825116049,0.7938484439405435
metric_contract_v1.2,c38b09694be88aa74de0741b39e9d3ba0d6ff61a,35a1a66f78dfd6255c4d804586ee6863969be78d21acec5cd0ccf00476ddaa5c,f80984d28ef9a7550633fb3aea514f783f3db1fa655a6d3f49850b10857e6afc,f315d560c588b29298c6e3749f644634c09a1f3187eeea25d98e941c498f6242,last,ood_metric/aupr_in_openood_auc,OOD-2,primary,up,id_train,id_test_vs_places365,detector_declared,detector/relative_mahalanobis_raw,places365,far,,,,45195,C3,sgd,0.1,0.0,0.8189560804727725,0.00538006889679561,0.818956 ± 0.005380,0.8138039019285311,0.8245382358653339,0.8185261036244522
metric_contract_v1.2,c38b09694be88aa74de0741b39e9d3ba0d6ff61a,35a1a66f78dfd6255c4d804586ee6863969be78d21acec5cd0ccf00476ddaa5c,f80984d28ef9a7550633fb3aea514f783f3db1fa655a6d3f49850b10857e6afc,f315d560c588b29298c6e3749f644634c09a1f3187eeea25d98e941c498f6242,last,ood_metric/aupr_in_openood_auc,OOD-2,primary,up,id_train,id_test_vs_places365,detector_declared,detector/vim_author_dim,places365,far,,,,45195,C3,sgd,0.1,0.0,0.8587605905533939,0.0018112337884801594,0.858761 ± 0.001811,0.8599536721761976,0.8566764392360033,0.8596516602479811
metric_contract_v1.2,c38b09694be88aa74de0741b39e9d3ba0d6ff61a,35a1a66f78dfd6255c4d804586ee6863969be78d21acec5cd0ccf00476ddaa5c,f80984d28ef9a7550633fb3aea514f783f3db1fa655a6d3f49850b10857e6afc,f315d560c588b29298c6e3749f644634c09a1f3187eeea25d98e941c498f6242,last,ood_metric/aupr_in_openood_auc,OOD-2,primary,up,id_train,id_test_vs_places365,detector_declared,detector/vim_dim128,places365,far,,,,45195,C3,sgd,0.1,0.0,0.8591204551919386,0.0016584943464004285,0.859120 ± 0.001658,0.8610007958392326,0.8578658921447077,0.8584946775918754
metric_contract_v1.2,c38b09694be88aa74de0741b39e9d3ba0d6ff61a,35a1a66f78dfd6255c4d804586ee6863969be78d21acec5cd0ccf00476ddaa5c,f80984d28ef9a7550633fb3aea514f783f3db1fa655a6d3f49850b10857e6afc,f315d560c588b29298c6e3749f644634c09a1f3187eeea25d98e941c498f6242,last,ood_metric/aupr_in_openood_auc,OOD-2,primary,up,id_train,id_test_vs_places365,detector_declared,detector/vim_dim256,places365,far,,,,45195,C3,sgd,0.1,0.0,0.8592312948307538,0.0022187389844645538,0.859231 ± 0.002219,0.8615656612763063,0.8571498618310611,0.8589783613848939
metric_contract_v1.2,c38b09694be88aa74de0741b39e9d3ba0d6ff61a,35a1a66f78dfd6255c4d804586ee6863969be78d21acec5cd0ccf00476ddaa5c,f80984d28ef9a7550633fb3aea514f783f3db1fa655a6d3f49850b10857e6afc,f315d560c588b29298c6e3749f644634c09a1f3187eeea25d98e941c498f6242,last,ood_metric/aupr_in_openood_auc,OOD-2,primary,up,id_train,id_test_vs_places365,detector_declared,detector/vim_dim320,places365,far,,,,45195,C3,sgd,0.1,0.0,0.8587605905533939,0.0018112337884801594,0.858761 ± 0.001811,0.8599536721761976,0.8566764392360033,0.8596516602479811
metric_contract_v1.2,c38b09694be88aa74de0741b39e9d3ba0d6ff61a,35a1a66f78dfd6255c4d804586ee6863969be78d21acec5cd0ccf00476ddaa5c,f80984d28ef9a7550633fb3aea514f783f3db1fa655a6d3f49850b10857e6afc,f315d560c588b29298c6e3749f644634c09a1f3187eeea25d98e941c498f6242,last,ood_metric/aupr_in_openood_auc,OOD-2,primary,up,id_train,id_test_vs_places365,detector_declared,detector/vim_dim64,places365,far,,,,45195,C3,sgd,0.1,0.0,0.8545015054440485,0.001445125840959825,0.854502 ± 0.001445,0.8561701722191173,0.853659954609189,0.8536743895038391
metric_contract_v1.2,c38b09694be88aa74de0741b39e9d3ba0d6ff61a,35a1a66f78dfd6255c4d804586ee6863969be78d21acec5cd0ccf00476ddaa5c,f80984d28ef9a7550633fb3aea514f783f3db1fa655a6d3f49850b10857e6afc,f315d560c588b29298c6e3749f644634c09a1f3187eeea25d98e941c498f6242,last,ood_metric/aupr_in_openood_auc,OOD-2,primary,up,id_train,id_test_vs_places365,detector_declared,detector/weight_cosine_appendix,places365,far,,,,45195,C3,sgd,0.1,0.0,0.8308685849596905,0.015529752140079922,0.830869 ± 0.015530,0.8484362626939495,0.8252001474794188,0.8189693447057034
metric_contract_v1.2,c38b09694be88aa74de0741b39e9d3ba0d6ff61a,35a1a66f78dfd6255c4d804586ee6863969be78d21acec5cd0ccf00476ddaa5c,f80984d28ef9a7550633fb3aea514f783f3db1fa655a6d3f49850b10857e6afc,f315d560c588b29298c6e3749f644634c09a1f3187eeea25d98e941c498f6242,last,ood_metric/aupr_in_openood_auc,OOD-2,primary,up,,id_test_vs_places365,detector_declared,ood_score/energy_t1,places365,far,,,,45195,C3,sgd,0.1,0.0,0.8414831869608356,0.0035033453524484963,0.841483 ± 0.003503,0.8374608298583105,0.8431216576327254,0.843867073391471
metric_contract_v1.2,c38b09694be88aa74de0741b39e9d3ba0d6ff61a,35a1a66f78dfd6255c4d804586ee6863969be78d21acec5cd0ccf00476ddaa5c,f80984d28ef9a7550633fb3aea514f783f3db1fa655a6d3f49850b10857e6afc,f315d560c588b29298c6e3749f644634c09a1f3187eeea25d98e941c498f6242,last,ood_metric/aupr_in_openood_auc,OOD-2,primary,up,,id_test_vs_places365,detector_declared,ood_score/max_logit,places365,far,,,,45195,C3,sgd,0.1,0.0,0.8413417805009592,0.0034350043305751226,0.841342 ± 0.003435,0.8373939518268823,0.8429836687529204,0.8436477209230749
metric_contract_v1.2,c38b09694be88aa74de0741b39e9d3ba0d6ff61a,35a1a66f78dfd6255c4d804586ee6863969be78d21acec5cd0ccf00476ddaa5c,f80984d28ef9a7550633fb3aea514f783f3db1fa655a6d3f49850b10857e6afc,f315d560c588b29298c6e3749f644634c09a1f3187eeea25d98e941c498f6242,last,ood_metric/aupr_in_openood_auc,OOD-2,primary,up,,id_test_vs_places365,detector_declared,ood_score/msp,places365,far,,,,45195,C3,sgd,0.1,0.0,0.8170950841806862,0.005104081129216234,0.817095 ± 0.005104,0.8205419705468127,0.8195117949751798,0.8112314870200661
metric_contract_v1.2,c38b09694be88aa74de0741b39e9d3ba0d6ff61a,35a1a66f78dfd6255c4d804586ee6863969be78d21acec5cd0ccf00476ddaa5c,f80984d28ef9a7550633fb3aea514f783f3db1fa655a6d3f49850b10857e6afc,f315d560c588b29298c6e3749f644634c09a1f3187eeea25d98e941c498f6242,last,ood_metric/aupr_out_openood_auc,OOD-3,primary,up,id_train,id_test_vs_places365,detector_declared,detector/ctm_prototype_cosine,places365,far,,,,45195,C3,sgd,0.1,0.0,0.9679603477022489,0.0007948509384331845,0.967960 ± 0.000795,0.9670490151419562,0.9685103152959638,0.968321712668827
metric_contract_v1.2,c38b09694be88aa74de0741b39e9d3ba0d6ff61a,35a1a66f78dfd6255c4d804586ee6863969be78d21acec5cd0ccf00476ddaa5c,f80984d28ef9a7550633fb3aea514f783f3db1fa655a6d3f49850b10857e6afc,f315d560c588b29298c6e3749f644634c09a1f3187eeea25d98e941c498f6242,last,ood_metric/aupr_out_openood_auc,OOD-3,primary,up,id_train,id_test_vs_places365,detector_declared,detector/gda_class_density,places365,far,,,,45195,C3,sgd,0.1,0.0,0.9455972803258099,0.003050463074706889,0.945597 ± 0.003050,0.9479031495756087,0.9421383642997985,0.9467503271020223
metric_contract_v1.2,c38b09694be88aa74de0741b39e9d3ba0d6ff61a,35a1a66f78dfd6255c4d804586ee6863969be78d21acec5cd0ccf00476ddaa5c,f80984d28ef9a7550633fb3aea514f783f3db1fa655a6d3f49850b10857e6afc,f315d560c588b29298c6e3749f644634c09a1f3187eeea25d98e941c498f6242,last,ood_metric/aupr_out_openood_auc,OOD-3,primary,up,id_train,id_test_vs_places365,detector_declared,detector/knn_l2_k50,places365,far,,,,45195,C3,sgd,0.1,0.0,0.9721689066634732,0.001387035451804582,0.972169 ± 0.001387,0.9706231733814352,0.9733049520623549,0.9725785945466298
metric_contract_v1.2,c38b09694be88aa74de0741b39e9d3ba0d6ff61a,35a1a66f78dfd6255c4d804586ee6863969be78d21acec5cd0ccf00476ddaa5c,f80984d28ef9a7550633fb3aea514f783f3db1fa655a6d3f49850b10857e6afc,f315d560c588b29298c6e3749f644634c09a1f3187eeea25d98e941c498f6242,last,ood_metric/aupr_out_openood_auc,OOD-3,primary,up,id_train,id_test_vs_places365,detector_declared,detector/mahalanobis_pp,places365,far,,,,45195,C3,sgd,0.1,0.0,0.9684352739695102,0.0035830185126675294,0.968435 ± 0.003583,0.9642991905358802,0.9705906772033461,0.9704159541693046
metric_contract_v1.2,c38b09694be88aa74de0741b39e9d3ba0d6ff61a,35a1a66f78dfd6255c4d804586ee6863969be78d21acec5cd0ccf00476ddaa5c,f80984d28ef9a7550633fb3aea514f783f3db1fa655a6d3f49850b10857e6afc,f315d560c588b29298c6e3749f644634c09a1f3187eeea25d98e941c498f6242,last,ood_metric/aupr_out_openood_auc,OOD-3,primary,up,id_train,id_test_vs_places365,detector_declared,detector/mahalanobis_raw,places365,far,,,,45195,C3,sgd,0.1,0.0,0.8431604655984385,0.004052678069532873,0.843160 ± 0.004053,0.8477170284381721,0.8399588744521302,0.8418054939050128
metric_contract_v1.2,c38b09694be88aa74de0741b39e9d3ba0d6ff61a,35a1a66f78dfd6255c4d804586ee6863969be78d21acec5cd0ccf00476ddaa5c,f80984d28ef9a7550633fb3aea514f783f3db1fa655a6d3f49850b10857e6afc,f315d560c588b29298c6e3749f644634c09a1f3187eeea25d98e941c498f6242,last,ood_metric/aupr_out_openood_auc,OOD-3,primary,up,id_train,id_test_vs_places365,detector_declared,detector/marginal_mahalanobis_raw,places365,far,,,,45195,C3,sgd,0.1,0.0,0.8081221500957759,0.004744105321755983,0.808122 ± 0.004744,0.8135934420496336,0.8051514327027766,0.8056215755349179
metric_contract_v1.2,c38b09694be88aa74de0741b39e9d3ba0d6ff61a,35a1a66f78dfd6255c4d804586ee6863969be78d21acec5cd0ccf00476ddaa5c,f80984d28ef9a7550633fb3aea514f783f3db1fa655a6d3f49850b10857e6afc,f315d560c588b29298c6e3749f644634c09a1f3187eeea25d98e941c498f6242,last,ood_metric/aupr_out_openood_auc,OOD-3,primary,up,id_train,id_test_vs_places365,detector_declared,detector/ncp_euclidean_raw,places365,far,,,,45195,C3,sgd,0.1,0.0,0.9400509830455378,0.0026093186095485685,0.940051 ± 0.002609,0.9410668377944433,0.9419995924513881,0.9370865188907822
metric_contract_v1.2,c38b09694be88aa74de0741b39e9d3ba0d6ff61a,35a1a66f78dfd6255c4d804586ee6863969be78d21acec5cd0ccf00476ddaa5c,f80984d28ef9a7550633fb3aea514f783f3db1fa655a6d3f49850b10857e6afc,f315d560c588b29298c6e3749f644634c09a1f3187eeea25d98e941c498f6242,last,ood_metric/aupr_out_openood_auc,OOD-3,primary,up,id_train,id_test_vs_places365,detector_declared,detector/neco_author_std_dim100,places365,far,,,,45195,C3,sgd,0.1,0.0,0.9455453058728125,0.0027818841659548194,0.945545 ± 0.002782,0.9424085129834496,0.9465143048786256,0.9477130997563623
metric_contract_v1.2,c38b09694be88aa74de0741b39e9d3ba0d6ff61a,35a1a66f78dfd6255c4d804586ee6863969be78d21acec5cd0ccf00476ddaa5c,f80984d28ef9a7550633fb3aea514f783f3db1fa655a6d3f49850b10857e6afc,f315d560c588b29298c6e3749f644634c09a1f3187eeea25d98e941c498f6242,last,ood_metric/aupr_out_openood_auc,OOD-3,primary,up,id_train,id_test_vs_places365,detector_declared,detector/relative_mahalanobis_pp,places365,far,,,,45195,C3,sgd,0.1,0.0,0.9655517218672648,0.00035436527049539695,0.965552 ± 0.000354,0.9656734924484165,0.9658291466254724,0.9651525265279057
metric_contract_v1.2,c38b09694be88aa74de0741b39e9d3ba0d6ff61a,35a1a66f78dfd6255c4d804586ee6863969be78d21acec5cd0ccf00476ddaa5c,f80984d28ef9a7550633fb3aea514f783f3db1fa655a6d3f49850b10857e6afc,f315d560c588b29298c6e3749f644634c09a1f3187eeea25d98e941c498f6242,last,ood_metric/aupr_out_openood_auc,OOD-3,primary,up,id_train,id_test_vs_places365,detector_declared,detector/relative_mahalanobis_raw,places365,far,,,,45195,C3,sgd,0.1,0.0,0.9698329470712665,0.0005020437028288942,0.969833 ± 0.000502,0.9692533387142699,0.9701321583707275,0.9701133441288025
metric_contract_v1.2,c38b09694be88aa74de0741b39e9d3ba0d6ff61a,35a1a66f78dfd6255c4d804586ee6863969be78d21acec5cd0ccf00476ddaa5c,f80984d28ef9a7550633fb3aea514f783f3db1fa655a6d3f49850b10857e6afc,f315d560c588b29298c6e3749f644634c09a1f3187eeea25d98e941c498f6242,last,ood_metric/aupr_out_openood_auc,OOD-3,primary,up,id_train,id_test_vs_places365,detector_declared,detector/vim_author_dim,places365,far,,,,45195,C3,sgd,0.1,0.0,0.9751226255530495,0.0007625638592792753,0.975123 ± 0.000763,0.9750676015151241,0.9743890640499943,0.97591121109403
metric_contract_v1.2,c38b09694be88aa74de0741b39e9d3ba0d6ff61a,35a1a66f78dfd6255c4d804586ee6863969be78d21acec5cd0ccf00476ddaa5c,f80984d28ef9a7550633fb3aea514f783f3db1fa655a6d3f49850b10857e6afc,f315d560c588b29298c6e3749f644634c09a1f3187eeea25d98e941c498f6242,last,ood_metric/aupr_out_openood_auc,OOD-3,primary,up,id_train,id_test_vs_places365,detector_declared,detector/vim_dim128,places365,far,,,,45195,C3,sgd,0.1,0.0,0.9752938500052948,0.0006821970997718731,0.975294 ± 0.000682,0.9754557370213297,0.9745452708717549,0.9758805421227996
metric_contract_v1.2,c38b09694be88aa74de0741b39e9d3ba0d6ff61a,35a1a66f78dfd6255c4d804586ee6863969be78d21acec5cd0ccf00476ddaa5c,f80984d28ef9a7550633fb3aea514f783f3db1fa655a6d3f49850b10857e6afc,f315d560c588b29298c6e3749f644634c09a1f3187eeea25d98e941c498f6242,last,ood_metric/aupr_out_openood_auc,OOD-3,primary,up,id_train,id_test_vs_places365,detector_declared,detector/vim_dim256,places365,far,,,,45195,C3,sgd,0.1,0.0,0.9751419524505901,0.0006451437279851513,0.975142 ± 0.000645,0.9752915836377483,0.9744351413581103,0.9756991323559118
metric_contract_v1.2,c38b09694be88aa74de0741b39e9d3ba0d6ff61a,35a1a66f78dfd6255c4d804586ee6863969be78d21acec5cd0ccf00476ddaa5c,f80984d28ef9a7550633fb3aea514f783f3db1fa655a6d3f49850b10857e6afc,f315d560c588b29298c6e3749f644634c09a1f3187eeea25d98e941c498f6242,last,ood_metric/aupr_out_openood_auc,OOD-3,primary,up,id_train,id_test_vs_places365,detector_declared,detector/vim_dim320,places365,far,,,,45195,C3,sgd,0.1,0.0,0.9751226255530495,0.0007625638592792753,0.975123 ± 0.000763,0.9750676015151241,0.9743890640499943,0.97591121109403
metric_contract_v1.2,c38b09694be88aa74de0741b39e9d3ba0d6ff61a,35a1a66f78dfd6255c4d804586ee6863969be78d21acec5cd0ccf00476ddaa5c,f80984d28ef9a7550633fb3aea514f783f3db1fa655a6d3f49850b10857e6afc,f315d560c588b29298c6e3749f644634c09a1f3187eeea25d98e941c498f6242,last,ood_metric/aupr_out_openood_auc,OOD-3,primary,up,id_train,id_test_vs_places365,detector_declared,detector/vim_dim64,places365,far,,,,45195,C3,sgd,0.1,0.0,0.974361980418451,0.0006489130546401724,0.974362 ± 0.000649,0.9747845687622995,0.9736148201520451,0.9746865523410084
metric_contract_v1.2,c38b09694be88aa74de0741b39e9d3ba0d6ff61a,35a1a66f78dfd6255c4d804586ee6863969be78d21acec5cd0ccf00476ddaa5c,f80984d28ef9a7550633fb3aea514f783f3db1fa655a6d3f49850b10857e6afc,f315d560c588b29298c6e3749f644634c09a1f3187eeea25d98e941c498f6242,last,ood_metric/aupr_out_openood_auc,OOD-3,primary,up,id_train,id_test_vs_places365,detector_declared,detector/weight_cosine_appendix,places365,far,,,,45195,C3,sgd,0.1,0.0,0.9703420970190972,0.0017636176013110674,0.970342 ± 0.001764,0.9723322164684246,0.9689729845218054,0.9697210900670616
metric_contract_v1.2,c38b09694be88aa74de0741b39e9d3ba0d6ff61a,35a1a66f78dfd6255c4d804586ee6863969be78d21acec5cd0ccf00476ddaa5c,f80984d28ef9a7550633fb3aea514f783f3db1fa655a6d3f49850b10857e6afc,f315d560c588b29298c6e3749f644634c09a1f3187eeea25d98e941c498f6242,last,ood_metric/aupr_out_openood_auc,OOD-3,primary,up,,id_test_vs_places365,detector_declared,ood_score/energy_t1,places365,far,,,,45195,C3,sgd,0.1,0.0,0.973658871184888,0.0006582006028446098,0.973659 ± 0.000658,0.9729091050086339,0.9739259765188446,0.9741415320271855
metric_contract_v1.2,c38b09694be88aa74de0741b39e9d3ba0d6ff61a,35a1a66f78dfd6255c4d804586ee6863969be78d21acec5cd0ccf00476ddaa5c,f80984d28ef9a7550633fb3aea514f783f3db1fa655a6d3f49850b10857e6afc,f315d560c588b29298c6e3749f644634c09a1f3187eeea25d98e941c498f6242,last,ood_metric/aupr_out_openood_auc,OOD-3,primary,up,,id_test_vs_places365,detector_declared,ood_score/max_logit,places365,far,,,,45195,C3,sgd,0.1,0.0,0.9735026941527253,0.0006410743851705191,0.973503 ± 0.000641,0.9727681933621198,0.9737902086792374,0.9739496804168185
metric_contract_v1.2,c38b09694be88aa74de0741b39e9d3ba0d6ff61a,35a1a66f78dfd6255c4d804586ee6863969be78d21acec5cd0ccf00476ddaa5c,f80984d28ef9a7550633fb3aea514f783f3db1fa655a6d3f49850b10857e6afc,f315d560c588b29298c6e3749f644634c09a1f3187eeea25d98e941c498f6242,last,ood_metric/aupr_out_openood_auc,OOD-3,primary,up,,id_test_vs_places365,detector_declared,ood_score/msp,places365,far,,,,45195,C3,sgd,0.1,0.0,0.9555605988649013,0.001193476082372098,0.955561 ± 0.001193,0.9563948779374312,0.9560933903687905,0.9541935282884823
metric_contract_v1.2,c38b09694be88aa74de0741b39e9d3ba0d6ff61a,35a1a66f78dfd6255c4d804586ee6863969be78d21acec5cd0ccf00476ddaa5c,f80984d28ef9a7550633fb3aea514f783f3db1fa655a6d3f49850b10857e6afc,f315d560c588b29298c6e3749f644634c09a1f3187eeea25d98e941c498f6242,last,ood_metric/auroc_id_positive,OOD-1,primary,up,id_train,id_test_vs_places365,detector_declared,detector/ctm_prototype_cosine,places365,far,,,,45195,C3,sgd,0.1,0.0,0.9118061448122367,0.001307750508107236,0.911806 ± 0.001308,0.9105098678789599,0.913125074584458,0.9117834919732917
metric_contract_v1.2,c38b09694be88aa74de0741b39e9d3ba0d6ff61a,35a1a66f78dfd6255c4d804586ee6863969be78d21acec5cd0ccf00476ddaa5c,f80984d28ef9a7550633fb3aea514f783f3db1fa655a6d3f49850b10857e6afc,f315d560c588b29298c6e3749f644634c09a1f3187eeea25d98e941c498f6242,last,ood_metric/auroc_id_positive,OOD-1,primary,up,id_train,id_test_vs_places365,detector_declared,detector/gda_class_density,places365,far,,,,45195,C3,sgd,0.1,0.0,0.8653777638869157,0.006799406438023391,0.865378 ± 0.006799,0.8695297286546384,0.8575309220059668,0.869072641000142
metric_contract_v1.2,c38b09694be88aa74de0741b39e9d3ba0d6ff61a,35a1a66f78dfd6255c4d804586ee6863969be78d21acec5cd0ccf00476ddaa5c,f80984d28ef9a7550633fb3aea514f783f3db1fa655a6d3f49850b10857e6afc,f315d560c588b29298c6e3749f644634c09a1f3187eeea25d98e941c498f6242,last,ood_metric/auroc_id_positive,OOD-1,primary,up,id_train,id_test_vs_places365,detector_declared,detector/knn_l2_k50,places365,far,,,,45195,C3,sgd,0.1,0.0,0.9225674887531373,0.0032052439450327534,0.922567 ± 0.003205,0.9194869356442676,0.9258843443670975,0.9223311862480466
metric_contract_v1.2,c38b09694be88aa74de0741b39e9d3ba0d6ff61a,35a1a66f78dfd6255c4d804586ee6863969be78d21acec5cd0ccf00476ddaa5c,f80984d28ef9a7550633fb3aea514f783f3db1fa655a6d3f49850b10857e6afc,f315d560c588b29298c6e3749f644634c09a1f3187eeea25d98e941c498f6242,last,ood_metric/auroc_id_positive,OOD-1,primary,up,id_train,id_test_vs_places365,detector_declared,detector/mahalanobis_pp,places365,far,,,,45195,C3,sgd,0.1,0.0,0.9134141999337028,0.008963885021989356,0.913414 ± 0.008964,0.9030635999431738,0.9185828242648103,0.918596175593124
metric_contract_v1.2,c38b09694be88aa74de0741b39e9d3ba0d6ff61a,35a1a66f78dfd6255c4d804586ee6863969be78d21acec5cd0ccf00476ddaa5c,f80984d28ef9a7550633fb3aea514f783f3db1fa655a6d3f49850b10857e6afc,f315d560c588b29298c6e3749f644634c09a1f3187eeea25d98e941c498f6242,last,ood_metric/auroc_id_positive,OOD-1,primary,up,id_train,id_test_vs_places365,detector_declared,detector/mahalanobis_raw,places365,far,,,,45195,C3,sgd,0.1,0.0,0.6149418316995785,0.008665736205775069,0.614942 ± 0.008666,0.6224875067481176,0.6054775905668419,0.6168603977837761
metric_contract_v1.2,c38b09694be88aa74de0741b39e9d3ba0d6ff61a,35a1a66f78dfd6255c4d804586ee6863969be78d21acec5cd0ccf00476ddaa5c,f80984d28ef9a7550633fb3aea514f783f3db1fa655a6d3f49850b10857e6afc,f315d560c588b29298c6e3749f644634c09a1f3187eeea25d98e941c498f6242,last,ood_metric/auroc_id_positive,OOD-1,primary,up,id_train,id_test_vs_places365,detector_declared,detector/marginal_mahalanobis_raw,places365,far,,,,45195,C3,sgd,0.1,0.0,0.5318460188473741,0.00934926458073055,0.531846 ± 0.009349,0.5412848160250036,0.522588935928399,0.53166430458872
metric_contract_v1.2,c38b09694be88aa74de0741b39e9d3ba0d6ff61a,35a1a66f78dfd6255c4d804586ee6863969be78d21acec5cd0ccf00476ddaa5c,f80984d28ef9a7550633fb3aea514f783f3db1fa655a6d3f49850b10857e6afc,f315d560c588b29298c6e3749f644634c09a1f3187eeea25d98e941c498f6242,last,ood_metric/auroc_id_positive,OOD-1,primary,up,id_train,id_test_vs_places365,detector_declared,detector/ncp_euclidean_raw,places365,far,,,,45195,C3,sgd,0.1,0.0,0.8662131041341099,0.0028710422504961246,0.866213 ± 0.002871,0.8667615598806648,0.868770356584742,0.8631073959369229
metric_contract_v1.2,c38b09694be88aa74de0741b39e9d3ba0d6ff61a,35a1a66f78dfd6255c4d804586ee6863969be78d21acec5cd0ccf00476ddaa5c,f80984d28ef9a7550633fb3aea514f783f3db1fa655a6d3f49850b10857e6afc,f315d560c588b29298c6e3749f644634c09a1f3187eeea25d98e941c498f6242,last,ood_metric/auroc_id_positive,OOD-1,primary,up,id_train,id_test_vs_places365,detector_declared,detector/neco_author_std_dim100,places365,far,,,,45195,C3,sgd,0.1,0.0,0.8677518908935928,0.008840949247420954,0.867752 ± 0.008841,0.8575437846284983,0.872764793294502,0.872947094757778
metric_contract_v1.2,c38b09694be88aa74de0741b39e9d3ba0d6ff61a,35a1a66f78dfd6255c4d804586ee6863969be78d21acec5cd0ccf00476ddaa5c,f80984d28ef9a7550633fb3aea514f783f3db1fa655a6d3f49850b10857e6afc,f315d560c588b29298c6e3749f644634c09a1f3187eeea25d98e941c498f6242,last,ood_metric/auroc_id_positive,OOD-1,primary,up,id_train,id_test_vs_places365,detector_declared,detector/relative_mahalanobis_pp,places365,far,,,,45195,C3,sgd,0.1,0.0,0.9097334119429843,0.0016434312452894815,0.909733 ± 0.001643,0.9098454041767297,0.9113179826679926,0.9080368489842306
metric_contract_v1.2,c38b09694be88aa74de0741b39e9d3ba0d6ff61a,35a1a66f78dfd6255c4d804586ee6863969be78d21acec5cd0ccf00476ddaa5c,f80984d28ef9a7550633fb3aea514f783f3db1fa655a6d3f49850b10857e6afc,f315d560c588b29298c6e3749f644634c09a1f3187eeea25d98e941c498f6242,last,ood_metric/auroc_id_positive,OOD-1,primary,up,id_train,id_test_vs_places365,detector_declared,detector/relative_mahalanobis_raw,places365,far,,,,45195,C3,sgd,0.1,0.0,0.9201540180896908,0.0013506784460478036,0.920154 ± 0.001351,0.9187813553061513,0.9214815826111664,0.9201991163517544
metric_contract_v1.2,c38b09694be88aa74de0741b39e9d3ba0d6ff61a,35a1a66f78dfd6255c4d804586ee6863969be78d21acec5cd0ccf00476ddaa5c,f80984d28ef9a7550633fb3aea514f783f3db1fa655a6d3f49850b10857e6afc,f315d560c588b29298c6e3749f644634c09a1f3187eeea25d98e941c498f6242,last,ood_metric/auroc_id_positive,OOD-1,primary,up,id_train,id_test_vs_places365,detector_declared,detector/vim_author_dim,places365,far,,,,45195,C3,sgd,0.1,0.0,0.9331466628782498,0.0011818525935069063,0.933147 ± 0.001182,0.9331462366813468,0.9319650234408297,0.9343287285125729
metric_contract_v1.2,c38b09694be88aa74de0741b39e9d3ba0d6ff61a,35a1a66f78dfd6255c4d804586ee6863969be78d21acec5cd0ccf00476ddaa5c,f80984d28ef9a7550633fb3aea514f783f3db1fa655a6d3f49850b10857e6afc,f315d560c588b29298c6e3749f644634c09a1f3187eeea25d98e941c498f6242,last,ood_metric/auroc_id_positive,OOD-1,primary,up,id_train,id_test_vs_places365,detector_declared,detector/vim_dim128,places365,far,,,,45195,C3,sgd,0.1,0.0,0.9335781484112325,0.0008273718765294883,0.933578 ± 0.000827,0.9341798352038642,0.9326346356016478,0.9339199744281858
metric_contract_v1.2,c38b09694be88aa74de0741b39e9d3ba0d6ff61a,35a1a66f78dfd6255c4d804586ee6863969be78d21acec5cd0ccf00476ddaa5c,f80984d28ef9a7550633fb3aea514f783f3db1fa655a6d3f49850b10857e6afc,f315d560c588b29298c6e3749f644634c09a1f3187eeea25d98e941c498f6242,last,ood_metric/auroc_id_positive,OOD-1,primary,up,id_train,id_test_vs_places365,detector_declared,detector/vim_dim256,places365,far,,,,45195,C3,sgd,0.1,0.0,0.9334262016384903,0.0010826140380376247,0.933426 ± 0.001083,0.9341185225174029,0.9321786134394091,0.933981468958659
metric_contract_v1.2,c38b09694be88aa74de0741b39e9d3ba0d6ff61a,35a1a66f78dfd6255c4d804586ee6863969be78d21acec5cd0ccf00476ddaa5c,f80984d28ef9a7550633fb3aea514f783f3db1fa655a6d3f49850b10857e6afc,f315d560c588b29298c6e3749f644634c09a1f3187eeea25d98e941c498f6242,last,ood_metric/auroc_id_positive,OOD-1,primary,up,id_train,id_test_vs_places365,detector_declared,detector/vim_dim320,places365,far,,,,45195,C3,sgd,0.1,0.0,0.9331466628782498,0.0011818525935069063,0.933147 ± 0.001182,0.9331462366813468,0.9319650234408297,0.9343287285125729
metric_contract_v1.2,c38b09694be88aa74de0741b39e9d3ba0d6ff61a,35a1a66f78dfd6255c4d804586ee6863969be78d21acec5cd0ccf00476ddaa5c,f80984d28ef9a7550633fb3aea514f783f3db1fa655a6d3f49850b10857e6afc,f315d560c588b29298c6e3749f644634c09a1f3187eeea25d98e941c498f6242,last,ood_metric/auroc_id_positive,OOD-1,primary,up,id_train,id_test_vs_places365,detector_declared,detector/vim_dim64,places365,far,,,,45195,C3,sgd,0.1,0.0,0.9313288175403703,0.0008671952594230193,0.931329 ± 0.000867,0.932213476346072,0.9304802102571388,0.9312927660179003
metric_contract_v1.2,c38b09694be88aa74de0741b39e9d3ba0d6ff61a,35a1a66f78dfd6255c4d804586ee6863969be78d21acec5cd0ccf00476ddaa5c,f80984d28ef9a7550633fb3aea514f783f3db1fa655a6d3f49850b10857e6afc,f315d560c588b29298c6e3749f644634c09a1f3187eeea25d98e941c498f6242,last,ood_metric/auroc_id_positive,OOD-1,primary,up,id_train,id_test_vs_places365,detector_declared,detector/weight_cosine_appendix,places365,far,,,,45195,C3,sgd,0.1,0.0,0.9212396543069564,0.004960504106767664,0.921240 ± 0.004961,0.9269543230572523,0.9187192498934509,0.918045389970166
metric_contract_v1.2,c38b09694be88aa74de0741b39e9d3ba0d6ff61a,35a1a66f78dfd6255c4d804586ee6863969be78d21acec5cd0ccf00476ddaa5c,f80984d28ef9a7550633fb3aea514f783f3db1fa655a6d3f49850b10857e6afc,f315d560c588b29298c6e3749f644634c09a1f3187eeea25d98e941c498f6242,last,ood_metric/auroc_id_positive,OOD-1,primary,up,,id_test_vs_places365,detector_declared,ood_score/energy_t1,places365,far,,,,45195,C3,sgd,0.1,0.0,0.9280942794904578,0.0019162663509576991,0.928094 ± 0.001916,0.9258816025003552,0.9292116692712032,0.9291895666998151
metric_contract_v1.2,c38b09694be88aa74de0741b39e9d3ba0d6ff61a,35a1a66f78dfd6255c4d804586ee6863969be78d21acec5cd0ccf00476ddaa5c,f80984d28ef9a7550633fb3aea514f783f3db1fa655a6d3f49850b10857e6afc,f315d560c588b29298c6e3749f644634c09a1f3187eeea25d98e941c498f6242,last,ood_metric/auroc_id_positive,OOD-1,primary,up,,id_test_vs_places365,detector_declared,ood_score/max_logit,places365,far,,,,45195,C3,sgd,0.1,0.0,0.9278634957617086,0.0018689983315475025,0.927863 ± 0.001869,0.9257069541128002,0.9290135360136382,0.9288699971586872
metric_contract_v1.2,c38b09694be88aa74de0741b39e9d3ba0d6ff61a,35a1a66f78dfd6255c4d804586ee6863969be78d21acec5cd0ccf00476ddaa5c,f80984d28ef9a7550633fb3aea514f783f3db1fa655a6d3f49850b10857e6afc,f315d560c588b29298c6e3749f644634c09a1f3187eeea25d98e941c498f6242,last,ood_metric/auroc_id_positive,OOD-1,primary,up,,id_test_vs_places365,detector_declared,ood_score/msp,places365,far,,,,45195,C3,sgd,0.1,0.0,0.897189420845764,0.002538701797431626,0.897189 ± 0.002539,0.899104185253587,0.898154345787754,0.8943097314959513
metric_contract_v1.2,c38b09694be88aa74de0741b39e9d3ba0d6ff61a,35a1a66f78dfd6255c4d804586ee6863969be78d21acec5cd0ccf00476ddaa5c,f80984d28ef9a7550633fb3aea514f783f3db1fa655a6d3f49850b10857e6afc,f315d560c588b29298c6e3749f644634c09a1f3187eeea25d98e941c498f6242,last,ood_metric/fpr95_achieved_id_tpr,OOD-4,appendix,descriptive,id_train,id_test_vs_places365,detector_declared,detector/ctm_prototype_cosine,places365,far,,,,45195,C3,sgd,0.1,0.0,0.9499999999999998,1.3597399555105182e-16,0.950000 ± 0.000000,0.95,0.95,0.95
metric_contract_v1.2,c38b09694be88aa74de0741b39e9d3ba0d6ff61a,35a1a66f78dfd6255c4d804586ee6863969be78d21acec5cd0ccf00476ddaa5c,f80984d28ef9a7550633fb3aea514f783f3db1fa655a6d3f49850b10857e6afc,f315d560c588b29298c6e3749f644634c09a1f3187eeea25d98e941c498f6242,last,ood_metric/fpr95_achieved_id_tpr,OOD-4,appendix,descriptive,id_train,id_test_vs_places365,detector_declared,detector/gda_class_density,places365,far,,,,45195,C3,sgd,0.1,0.0,0.9499999999999998,1.3597399555105182e-16,0.950000 ± 0.000000,0.95,0.95,0.95
metric_contract_v1.2,c38b09694be88aa74de0741b39e9d3ba0d6ff61a,35a1a66f78dfd6255c4d804586ee6863969be78d21acec5cd0ccf00476ddaa5c,f80984d28ef9a7550633fb3aea514f783f3db1fa655a6d3f49850b10857e6afc,f315d560c588b29298c6e3749f644634c09a1f3187eeea25d98e941c498f6242,last,ood_metric/fpr95_achieved_id_tpr,OOD-4,appendix,descriptive,id_train,id_test_vs_places365,detector_declared,detector/knn_l2_k50,places365,far,,,,45195,C3,sgd,0.1,0.0,0.9499999999999998,1.3597399555105182e-16,0.950000 ± 0.000000,0.95,0.95,0.95
metric_contract_v1.2,c38b09694be88aa74de0741b39e9d3ba0d6ff61a,35a1a66f78dfd6255c4d804586ee6863969be78d21acec5cd0ccf00476ddaa5c,f80984d28ef9a7550633fb3aea514f783f3db1fa655a6d3f49850b10857e6afc,f315d560c588b29298c6e3749f644634c09a1f3187eeea25d98e941c498f6242,last,ood_metric/fpr95_achieved_id_tpr,OOD-4,appendix,descriptive,id_train,id_test_vs_places365,detector_declared,detector/mahalanobis_pp,places365,far,,,,45195,C3,sgd,0.1,0.0,0.9499999999999998,1.3597399555105182e-16,0.950000 ± 0.000000,0.95,0.95,0.95
metric_contract_v1.2,c38b09694be88aa74de0741b39e9d3ba0d6ff61a,35a1a66f78dfd6255c4d804586ee6863969be78d21acec5cd0ccf00476ddaa5c,f80984d28ef9a7550633fb3aea514f783f3db1fa655a6d3f49850b10857e6afc,f315d560c588b29298c6e3749f644634c09a1f3187eeea25d98e941c498f6242,last,ood_metric/fpr95_achieved_id_tpr,OOD-4,appendix,descriptive,id_train,id_test_vs_places365,detector_declared,detector/mahalanobis_raw,places365,far,,,,45195,C3,sgd,0.1,0.0,0.9499999999999998,1.3597399555105182e-16,0.950000 ± 0.000000,0.95,0.95,0.95
metric_contract_v1.2,c38b09694be88aa74de0741b39e9d3ba0d6ff61a,35a1a66f78dfd6255c4d804586ee6863969be78d21acec5cd0ccf00476ddaa5c,f80984d28ef9a7550633fb3aea514f783f3db1fa655a6d3f49850b10857e6afc,f315d560c588b29298c6e3749f644634c09a1f3187eeea25d98e941c498f6242,last,ood_metric/fpr95_achieved_id_tpr,OOD-4,appendix,descriptive,id_train,id_test_vs_places365,detector_declared,detector/marginal_mahalanobis_raw,places365,far,,,,45195,C3,sgd,0.1,0.0,0.9499999999999998,1.3597399555105182e-16,0.950000 ± 0.000000,0.95,0.95,0.95
metric_contract_v1.2,c38b09694be88aa74de0741b39e9d3ba0d6ff61a,35a1a66f78dfd6255c4d804586ee6863969be78d21acec5cd0ccf00476ddaa5c,f80984d28ef9a7550633fb3aea514f783f3db1fa655a6d3f49850b10857e6afc,f315d560c588b29298c6e3749f644634c09a1f3187eeea25d98e941c498f6242,last,ood_metric/fpr95_achieved_id_tpr,OOD-4,appendix,descriptive,id_train,id_test_vs_places365,detector_declared,detector/ncp_euclidean_raw,places365,far,,,,45195,C3,sgd,0.1,0.0,0.9499999999999998,1.3597399555105182e-16,0.950000 ± 0.000000,0.95,0.95,0.95
metric_contract_v1.2,c38b09694be88aa74de0741b39e9d3ba0d6ff61a,35a1a66f78dfd6255c4d804586ee6863969be78d21acec5cd0ccf00476ddaa5c,f80984d28ef9a7550633fb3aea514f783f3db1fa655a6d3f49850b10857e6afc,f315d560c588b29298c6e3749f644634c09a1f3187eeea25d98e941c498f6242,last,ood_metric/fpr95_achieved_id_tpr,OOD-4,appendix,descriptive,id_train,id_test_vs_places365,detector_declared,detector/neco_author_std_dim100,places365,far,,,,45195,C3,sgd,0.1,0.0,0.9499999999999998,1.3597399555105182e-16,0.950000 ± 0.000000,0.95,0.95,0.95
metric_contract_v1.2,c38b09694be88aa74de0741b39e9d3ba0d6ff61a,35a1a66f78dfd6255c4d804586ee6863969be78d21acec5cd0ccf00476ddaa5c,f80984d28ef9a7550633fb3aea514f783f3db1fa655a6d3f49850b10857e6afc,f315d560c588b29298c6e3749f644634c09a1f3187eeea25d98e941c498f6242,last,ood_metric/fpr95_achieved_id_tpr,OOD-4,appendix,descriptive,id_train,id_test_vs_places365,detector_declared,detector/relative_mahalanobis_pp,places365,far,,,,45195,C3,sgd,0.1,0.0,0.9499999999999998,1.3597399555105182e-16,0.950000 ± 0.000000,0.95,0.95,0.95
metric_contract_v1.2,c38b09694be88aa74de0741b39e9d3ba0d6ff61a,35a1a66f78dfd6255c4d804586ee6863969be78d21acec5cd0ccf00476ddaa5c,f80984d28ef9a7550633fb3aea514f783f3db1fa655a6d3f49850b10857e6afc,f315d560c588b29298c6e3749f644634c09a1f3187eeea25d98e941c498f6242,last,ood_metric/fpr95_achieved_id_tpr,OOD-4,appendix,descriptive,id_train,id_test_vs_places365,detector_declared,detector/relative_mahalanobis_raw,places365,far,,,,45195,C3,sgd,0.1,0.0,0.9499999999999998,1.3597399555105182e-16,0.950000 ± 0.000000,0.95,0.95,0.95
metric_contract_v1.2,c38b09694be88aa74de0741b39e9d3ba0d6ff61a,35a1a66f78dfd6255c4d804586ee6863969be78d21acec5cd0ccf00476ddaa5c,f80984d28ef9a7550633fb3aea514f783f3db1fa655a6d3f49850b10857e6afc,f315d560c588b29298c6e3749f644634c09a1f3187eeea25d98e941c498f6242,last,ood_metric/fpr95_achieved_id_tpr,OOD-4,appendix,descriptive,id_train,id_test_vs_places365,detector_declared,detector/vim_author_dim,places365,far,,,,45195,C3,sgd,0.1,0.0,0.9499999999999998,1.3597399555105182e-16,0.950000 ± 0.000000,0.95,0.95,0.95
metric_contract_v1.2,c38b09694be88aa74de0741b39e9d3ba0d6ff61a,35a1a66f78dfd6255c4d804586ee6863969be78d21acec5cd0ccf00476ddaa5c,f80984d28ef9a7550633fb3aea514f783f3db1fa655a6d3f49850b10857e6afc,f315d560c588b29298c6e3749f644634c09a1f3187eeea25d98e941c498f6242,last,ood_metric/fpr95_achieved_id_tpr,OOD-4,appendix,descriptive,id_train,id_test_vs_places365,detector_declared,detector/vim_dim128,places365,far,,,,45195,C3,sgd,0.1,0.0,0.9499999999999998,1.3597399555105182e-16,0.950000 ± 0.000000,0.95,0.95,0.95
metric_contract_v1.2,c38b09694be88aa74de0741b39e9d3ba0d6ff61a,35a1a66f78dfd6255c4d804586ee6863969be78d21acec5cd0ccf00476ddaa5c,f80984d28ef9a7550633fb3aea514f783f3db1fa655a6d3f49850b10857e6afc,f315d560c588b29298c6e3749f644634c09a1f3187eeea25d98e941c498f6242,last,ood_metric/fpr95_achieved_id_tpr,OOD-4,appendix,descriptive,id_train,id_test_vs_places365,detector_declared,detector/vim_dim256,places365,far,,,,45195,C3,sgd,0.1,0.0,0.9499999999999998,1.3597399555105182e-16,0.950000 ± 0.000000,0.95,0.95,0.95
metric_contract_v1.2,c38b09694be88aa74de0741b39e9d3ba0d6ff61a,35a1a66f78dfd6255c4d804586ee6863969be78d21acec5cd0ccf00476ddaa5c,f80984d28ef9a7550633fb3aea514f783f3db1fa655a6d3f49850b10857e6afc,f315d560c588b29298c6e3749f644634c09a1f3187eeea25d98e941c498f6242,last,ood_metric/fpr95_achieved_id_tpr,OOD-4,appendix,descriptive,id_train,id_test_vs_places365,detector_declared,detector/vim_dim320,places365,far,,,,45195,C3,sgd,0.1,0.0,0.9499999999999998,1.3597399555105182e-16,0.950000 ± 0.000000,0.95,0.95,0.95
metric_contract_v1.2,c38b09694be88aa74de0741b39e9d3ba0d6ff61a,35a1a66f78dfd6255c4d804586ee6863969be78d21acec5cd0ccf00476ddaa5c,f80984d28ef9a7550633fb3aea514f783f3db1fa655a6d3f49850b10857e6afc,f315d560c588b29298c6e3749f644634c09a1f3187eeea25d98e941c498f6242,last,ood_metric/fpr95_achieved_id_tpr,OOD-4,appendix,descriptive,id_train,id_test_vs_places365,detector_declared,detector/vim_dim64,places365,far,,,,45195,C3,sgd,0.1,0.0,0.9499999999999998,1.3597399555105182e-16,0.950000 ± 0.000000,0.95,0.95,0.95
metric_contract_v1.2,c38b09694be88aa74de0741b39e9d3ba0d6ff61a,35a1a66f78dfd6255c4d804586ee6863969be78d21acec5cd0ccf00476ddaa5c,f80984d28ef9a7550633fb3aea514f783f3db1fa655a6d3f49850b10857e6afc,f315d560c588b29298c6e3749f644634c09a1f3187eeea25d98e941c498f6242,last,ood_metric/fpr95_achieved_id_tpr,OOD-4,appendix,descriptive,id_train,id_test_vs_places365,detector_declared,detector/weight_cosine_appendix,places365,far,,,,45195,C3,sgd,0.1,0.0,0.9499999999999998,1.3597399555105182e-16,0.950000 ± 0.000000,0.95,0.95,0.95
metric_contract_v1.2,c38b09694be88aa74de0741b39e9d3ba0d6ff61a,35a1a66f78dfd6255c4d804586ee6863969be78d21acec5cd0ccf00476ddaa5c,f80984d28ef9a7550633fb3aea514f783f3db1fa655a6d3f49850b10857e6afc,f315d560c588b29298c6e3749f644634c09a1f3187eeea25d98e941c498f6242,last,ood_metric/fpr95_achieved_id_tpr,OOD-4,appendix,descriptive,,id_test_vs_places365,detector_declared,ood_score/energy_t1,places365,far,,,,45195,C3,sgd,0.1,0.0,0.9499999999999998,1.3597399555105182e-16,0.950000 ± 0.000000,0.95,0.95,0.95
metric_contract_v1.2,c38b09694be88aa74de0741b39e9d3ba0d6ff61a,35a1a66f78dfd6255c4d804586ee6863969be78d21acec5cd0ccf00476ddaa5c,f80984d28ef9a7550633fb3aea514f783f3db1fa655a6d3f49850b10857e6afc,f315d560c588b29298c6e3749f644634c09a1f3187eeea25d98e941c498f6242,last,ood_metric/fpr95_achieved_id_tpr,OOD-4,appendix,descriptive,,id_test_vs_places365,detector_declared,ood_score/max_logit,places365,far,,,,45195,C3,sgd,0.1,0.0,0.9499999999999998,1.3597399555105182e-16,0.950000 ± 0.000000,0.95,0.95,0.95
metric_contract_v1.2,c38b09694be88aa74de0741b39e9d3ba0d6ff61a,35a1a66f78dfd6255c4d804586ee6863969be78d21acec5cd0ccf00476ddaa5c,f80984d28ef9a7550633fb3aea514f783f3db1fa655a6d3f49850b10857e6afc,f315d560c588b29298c6e3749f644634c09a1f3187eeea25d98e941c498f6242,last,ood_metric/fpr95_achieved_id_tpr,OOD-4,appendix,descriptive,,id_test_vs_places365,detector_declared,ood_score/msp,places365,far,,,,45195,C3,sgd,0.1,0.0,0.9499999999999998,1.3597399555105182e-16,0.950000 ± 0.000000,0.95,0.95,0.95
metric_contract_v1.2,c38b09694be88aa74de0741b39e9d3ba0d6ff61a,35a1a66f78dfd6255c4d804586ee6863969be78d21acec5cd0ccf00476ddaa5c,f80984d28ef9a7550633fb3aea514f783f3db1fa655a6d3f49850b10857e6afc,f315d560c588b29298c6e3749f644634c09a1f3187eeea25d98e941c498f6242,last,ood_metric/fpr95_id_tpr,OOD-4,primary,down,id_train,id_test_vs_places365,detector_declared,detector/ctm_prototype_cosine,places365,far,,,,45195,C3,sgd,0.1,0.0,0.4671781029502297,0.017967732964861524,0.467178 ± 0.017968,0.4861201875266373,0.4650376473930956,0.4503764739309561
metric_contract_v1.2,c38b09694be88aa74de0741b39e9d3ba0d6ff61a,35a1a66f78dfd6255c4d804586ee6863969be78d21acec5cd0ccf00476ddaa5c,f80984d28ef9a7550633fb3aea514f783f3db1fa655a6d3f49850b10857e6afc,f315d560c588b29298c6e3749f644634c09a1f3187eeea25d98e941c498f6242,last,ood_metric/fpr95_id_tpr,OOD-4,primary,down,id_train,id_test_vs_places365,detector_declared,detector/gda_class_density,places365,far,,,,45195,C3,sgd,0.1,0.0,0.6492020646872189,0.017652907503616946,0.649202 ± 0.017653,0.63875550504333,0.6695837476914335,0.639266941326893
metric_contract_v1.2,c38b09694be88aa74de0741b39e9d3ba0d6ff61a,35a1a66f78dfd6255c4d804586ee6863969be78d21acec5cd0ccf00476ddaa5c,f80984d28ef9a7550633fb3aea514f783f3db1fa655a6d3f49850b10857e6afc,f315d560c588b29298c6e3749f644634c09a1f3187eeea25d98e941c498f6242,last,ood_metric/fpr95_id_tpr,OOD-4,primary,down,id_train,id_test_vs_places365,detector_declared,detector/knn_l2_k50,places365,far,,,,45195,C3,sgd,0.1,0.0,0.41761613865605907,0.01794371634370934,0.417616 ± 0.017944,0.4375053274612871,0.40264242079840884,0.4127006677084813
metric_contract_v1.2,c38b09694be88aa74de0741b39e9d3ba0d6ff61a,35a1a66f78dfd6255c4d804586ee6863969be78d21acec5cd0ccf00476ddaa5c,f80984d28ef9a7550633fb3aea514f783f3db1fa655a6d3f49850b10857e6afc,f315d560c588b29298c6e3749f644634c09a1f3187eeea25d98e941c498f6242,last,ood_metric/fpr95_id_tpr,OOD-4,primary,down,id_train,id_test_vs_places365,detector_declared,detector/mahalanobis_pp,places365,far,,,,45195,C3,sgd,0.1,0.0,0.4692333191267699,0.04136206075322536,0.469233 ± 0.041362,0.5165790595255008,0.45100156272197756,0.44011933513283136
metric_contract_v1.2,c38b09694be88aa74de0741b39e9d3ba0d6ff61a,35a1a66f78dfd6255c4d804586ee6863969be78d21acec5cd0ccf00476ddaa5c,f80984d28ef9a7550633fb3aea514f783f3db1fa655a6d3f49850b10857e6afc,f315d560c588b29298c6e3749f644634c09a1f3187eeea25d98e941c498f6242,last,ood_metric/fpr95_id_tpr,OOD-4,primary,down,id_train,id_test_vs_places365,detector_declared,detector/mahalanobis_raw,places365,far,,,,45195,C3,sgd,0.1,0.0,0.8799829521238812,0.010101136341642959,0.879983 ± 0.010101,0.8699247052138088,0.8798977127432874,0.8901264384145475
metric_contract_v1.2,c38b09694be88aa74de0741b39e9d3ba0d6ff61a,35a1a66f78dfd6255c4d804586ee6863969be78d21acec5cd0ccf00476ddaa5c,f80984d28ef9a7550633fb3aea514f783f3db1fa655a6d3f49850b10857e6afc,f315d560c588b29298c6e3749f644634c09a1f3187eeea25d98e941c498f6242,last,ood_metric/fpr95_id_tpr,OOD-4,primary,down,id_train,id_test_vs_places365,detector_declared,detector/marginal_mahalanobis_raw,places365,far,,,,45195,C3,sgd,0.1,0.0,0.9062745655159351,0.008595820097474458,0.906275 ± 0.008596,0.897400198891888,0.9068617701378037,0.9145617275181134
metric_contract_v1.2,c38b09694be88aa74de0741b39e9d3ba0d6ff61a,35a1a66f78dfd6255c4d804586ee6863969be78d21acec5cd0ccf00476ddaa5c,f80984d28ef9a7550633fb3aea514f783f3db1fa655a6d3f49850b10857e6afc,f315d560c588b29298c6e3749f644634c09a1f3187eeea25d98e941c498f6242,last,ood_metric/fpr95_id_tpr,OOD-4,primary,down,id_train,id_test_vs_places365,detector_declared,detector/ncp_euclidean_raw,places365,far,,,,45195,C3,sgd,0.1,0.0,0.6502059951697684,0.024705062674663842,0.650206 ± 0.024705,0.6416536439835204,0.6309134820286972,0.6780508594970877
metric_contract_v1.2,c38b09694be88aa74de0741b39e9d3ba0d6ff61a,35a1a66f78dfd6255c4d804586ee6863969be78d21acec5cd0ccf00476ddaa5c,f80984d28ef9a7550633fb3aea514f783f3db1fa655a6d3f49850b10857e6afc,f315d560c588b29298c6e3749f644634c09a1f3187eeea25d98e941c498f6242,last,ood_metric/fpr95_id_tpr,OOD-4,primary,down,id_train,id_test_vs_places365,detector_declared,detector/neco_author_std_dim100,places365,far,,,,45195,C3,sgd,0.1,0.0,0.6554624236397215,0.010446722788402307,0.655462 ± 0.010447,0.6660889330870863,0.6550930529904816,0.6452052848415968
metric_contract_v1.2,c38b09694be88aa74de0741b39e9d3ba0d6ff61a,35a1a66f78dfd6255c4d804586ee6863969be78d21acec5cd0ccf00476ddaa5c,f80984d28ef9a7550633fb3aea514f783f3db1fa655a6d3f49850b10857e6afc,f315d560c588b29298c6e3749f644634c09a1f3187eeea25d98e941c498f6242,last,ood_metric/fpr95_id_tpr,OOD-4,primary,down,id_train,id_test_vs_places365,detector_declared,detector/relative_mahalanobis_pp,places365,far,,,,45195,C3,sgd,0.1,0.0,0.49084623762845103,0.007628346931159233,0.490846 ± 0.007628,0.4972297201307004,0.49291092484727944,0.4823980679073732
metric_contract_v1.2,c38b09694be88aa74de0741b39e9d3ba0d6ff61a,35a1a66f78dfd6255c4d804586ee6863969be78d21acec5cd0ccf00476ddaa5c,f80984d28ef9a7550633fb3aea514f783f3db1fa655a6d3f49850b10857e6afc,f315d560c588b29298c6e3749f644634c09a1f3187eeea25d98e941c498f6242,last,ood_metric/fpr95_id_tpr,OOD-4,primary,down,id_train,id_test_vs_places365,detector_declared,detector/relative_mahalanobis_raw,places365,far,,,,45195,C3,sgd,0.1,0.0,0.44032769806317185,0.00799537177652516,0.440328 ± 0.007995,0.4433868447222617,0.4463418099161813,0.4312544395510726
metric_contract_v1.2,c38b09694be88aa74de0741b39e9d3ba0d6ff61a,35a1a66f78dfd6255c4d804586ee6863969be78d21acec5cd0ccf00476ddaa5c,f80984d28ef9a7550633fb3aea514f783f3db1fa655a6d3f49850b10857e6afc,f315d560c588b29298c6e3749f644634c09a1f3187eeea25d98e941c498f6242,last,ood_metric/fpr95_id_tpr,OOD-4,primary,down,id_train,id_test_vs_places365,detector_declared,detector/vim_author_dim,places365,far,,,,45195,C3,sgd,0.1,0.0,0.3813231046076621,0.009679011356032741,0.381323 ± 0.009679,0.3877823554482171,0.38599232845574655,0.3701946299190226
metric_contract_v1.2,c38b09694be88aa74de0741b39e9d3ba0d6ff61a,35a1a66f78dfd6255c4d804586ee6863969be78d21acec5cd0ccf00476ddaa5c,f80984d28ef9a7550633fb3aea514f783f3db1fa655a6d3f49850b10857e6afc,f315d560c588b29298c6e3749f644634c09a1f3187eeea25d98e941c498f6242,last,ood_metric/fpr95_id_tpr,OOD-4,primary,down,id_train,id_test_vs_places365,detector_declared,detector/vim_dim128,places365,far,,,,45195,C3,sgd,0.1,0.0,0.3757825448690628,0.010958716259628546,0.375783 ± 0.010959,0.3871004404034664,0.37502486148600656,0.3652223327177156
metric_contract_v1.2,c38b09694be88aa74de0741b39e9d3ba0d6ff61a,35a1a66f78dfd6255c4d804586ee6863969be78d21acec5cd0ccf00476ddaa5c,f80984d28ef9a7550633fb3aea514f783f3db1fa655a6d3f49850b10857e6afc,f315d560c588b29298c6e3749f644634c09a1f3187eeea25d98e941c498f6242,last,ood_metric/fpr95_id_tpr,OOD-4,primary,down,id_train,id_test_vs_places365,detector_declared,detector/vim_dim256,places365,far,,,,45195,C3,sgd,0.1,0.0,0.37768622436899185,0.00791306008270978,0.377686 ± 0.007913,0.37769569541128,0.385594544679642,0.36976843301605344
metric_contract_v1.2,c38b09694be88aa74de0741b39e9d3ba0d6ff61a,35a1a66f78dfd6255c4d804586ee6863969be78d21acec5cd0ccf00476ddaa5c,f80984d28ef9a7550633fb3aea514f783f3db1fa655a6d3f49850b10857e6afc,f315d560c588b29298c6e3749f644634c09a1f3187eeea25d98e941c498f6242,last,ood_metric/fpr95_id_tpr,OOD-4,primary,down,id_train,id_test_vs_places365,detector_declared,detector/vim_dim320,places365,far,,,,45195,C3,sgd,0.1,0.0,0.3813231046076621,0.009679011356032741,0.381323 ± 0.009679,0.3877823554482171,0.38599232845574655,0.3701946299190226
metric_contract_v1.2,c38b09694be88aa74de0741b39e9d3ba0d6ff61a,35a1a66f78dfd6255c4d804586ee6863969be78d21acec5cd0ccf00476ddaa5c,f80984d28ef9a7550633fb3aea514f783f3db1fa655a6d3f49850b10857e6afc,f315d560c588b29298c6e3749f644634c09a1f3187eeea25d98e941c498f6242,last,ood_metric/fpr95_id_tpr,OOD-4,primary,down,id_train,id_test_vs_places365,detector_declared,detector/vim_dim64,places365,far,,,,45195,C3,sgd,0.1,0.0,0.388057015674575,0.0069866448082389655,0.388057 ± 0.006987,0.3835772126722546,0.3961074016195482,0.3844864327319221
metric_contract_v1.2,c38b09694be88aa74de0741b39e9d3ba0d6ff61a,35a1a66f78dfd6255c4d804586ee6863969be78d21acec5cd0ccf00476ddaa5c,f80984d28ef9a7550633fb3aea514f783f3db1fa655a6d3f49850b10857e6afc,f315d560c588b29298c6e3749f644634c09a1f3187eeea25d98e941c498f6242,last,ood_metric/fpr95_id_tpr,OOD-4,primary,down,id_train,id_test_vs_places365,detector_declared,detector/weight_cosine_appendix,places365,far,,,,45195,C3,sgd,0.1,0.0,0.43095136619785007,0.004856428740028704,0.430951 ± 0.004856,0.4253445091632334,0.4338400340957522,0.4336695553345646
metric_contract_v1.2,c38b09694be88aa74de0741b39e9d3ba0d6ff61a,35a1a66f78dfd6255c4d804586ee6863969be78d21acec5cd0ccf00476ddaa5c,f80984d28ef9a7550633fb3aea514f783f3db1fa655a6d3f49850b10857e6afc,f315d560c588b29298c6e3749f644634c09a1f3187eeea25d98e941c498f6242,last,ood_metric/fpr95_id_tpr,OOD-4,primary,down,,id_test_vs_places365,detector_declared,ood_score/energy_t1,places365,far,,,,45195,C3,sgd,0.1,0.0,0.3884547994506795,0.011951978804182977,0.388455 ± 0.011952,0.4021025713879812,0.3834067339110669,0.3798550930529905
metric_contract_v1.2,c38b09694be88aa74de0741b39e9d3ba0d6ff61a,35a1a66f78dfd6255c4d804586ee6863969be78d21acec5cd0ccf00476ddaa5c,f80984d28ef9a7550633fb3aea514f783f3db1fa655a6d3f49850b10857e6afc,f315d560c588b29298c6e3749f644634c09a1f3187eeea25d98e941c498f6242,last,ood_metric/fpr95_id_tpr,OOD-4,primary,down,,id_test_vs_places365,detector_declared,ood_score/max_logit,places365,far,,,,45195,C3,sgd,0.1,0.0,0.3896955059904343,0.0122669815741225,0.389696 ± 0.012267,0.4036937064923995,0.38457167211251597,0.3808211393663873
metric_contract_v1.2,c38b09694be88aa74de0741b39e9d3ba0d6ff61a,35a1a66f78dfd6255c4d804586ee6863969be78d21acec5cd0ccf00476ddaa5c,f80984d28ef9a7550633fb3aea514f783f3db1fa655a6d3f49850b10857e6afc,f315d560c588b29298c6e3749f644634c09a1f3187eeea25d98e941c498f6242,last,ood_metric/fpr95_id_tpr,OOD-4,primary,down,,id_test_vs_places365,detector_declared,ood_score/msp,places365,far,,,,45195,C3,sgd,0.1,0.0,0.623601837382204,0.002805043888516228,0.623602 ± 0.002805,0.6203722119619264,0.6254297485438273,0.6250035516408581
metric_contract_v1.2,c38b09694be88aa74de0741b39e9d3ba0d6ff61a,35a1a66f78dfd6255c4d804586ee6863969be78d21acec5cd0ccf00476ddaa5c,f80984d28ef9a7550633fb3aea514f783f3db1fa655a6d3f49850b10857e6afc,f315d560c588b29298c6e3749f644634c09a1f3187eeea25d98e941c498f6242,last,ood_metric/fpr95_threshold,OOD-4,appendix,descriptive,id_train,id_test_vs_places365,detector_declared,detector/ctm_prototype_cosine,places365,far,,,,45195,C3,sgd,0.1,0.0,0.805379927852739,0.000994170215735233,0.805380 ± 0.000994,0.8064124138965977,0.8044291116554032,0.8052982580062163
metric_contract_v1.2,c38b09694be88aa74de0741b39e9d3ba0d6ff61a,35a1a66f78dfd6255c4d804586ee6863969be78d21acec5cd0ccf00476ddaa5c,f80984d28ef9a7550633fb3aea514f783f3db1fa655a6d3f49850b10857e6afc,f315d560c588b29298c6e3749f644634c09a1f3187eeea25d98e941c498f6242,last,ood_metric/fpr95_threshold,OOD-4,appendix,descriptive,id_train,id_test_vs_places365,detector_declared,detector/gda_class_density,places365,far,,,,45195,C3,sgd,0.1,0.0,874.1171595804959,1.7888852717436732,874.117160 ± 1.788885,875.2980879451612,874.9944033608073,872.0589874355195
metric_contract_v1.2,c38b09694be88aa74de0741b39e9d3ba0d6ff61a,35a1a66f78dfd6255c4d804586ee6863969be78d21acec5cd0ccf00476ddaa5c,f80984d28ef9a7550633fb3aea514f783f3db1fa655a6d3f49850b10857e6afc,f315d560c588b29298c6e3749f644634c09a1f3187eeea25d98e941c498f6242,last,ood_metric/fpr95_threshold,OOD-4,appendix,descriptive,id_train,id_test_vs_places365,detector_declared,detector/knn_l2_k50,places365,far,,,,45195,C3,sgd,0.1,0.0,-0.27354815088447154,0.004463876442546056,-0.273548 ± 0.004464,-0.26839859423865475,-0.2759286545102097,-0.2763172039045502
metric_contract_v1.2,c38b09694be88aa74de0741b39e9d3ba0d6ff61a,35a1a66f78dfd6255c4d804586ee6863969be78d21acec5cd0ccf00476ddaa5c,f80984d28ef9a7550633fb3aea514f783f3db1fa655a6d3f49850b10857e6afc,f315d560c588b29298c6e3749f644634c09a1f3187eeea25d98e941c498f6242,last,ood_metric/fpr95_threshold,OOD-4,appendix,descriptive,id_train,id_test_vs_places365,detector_declared,detector/mahalanobis_pp,places365,far,,,,45195,C3,sgd,0.1,0.0,-1221.400034622661,4.371357270693948,-1221.400035 ± 4.371357,-1222.829637266297,-1224.8776003648095,-1216.4928662368766
metric_contract_v1.2,c38b09694be88aa74de0741b39e9d3ba0d6ff61a,35a1a66f78dfd6255c4d804586ee6863969be78d21acec5cd0ccf00476ddaa5c,f80984d28ef9a7550633fb3aea514f783f3db1fa655a6d3f49850b10857e6afc,f315d560c588b29298c6e3749f644634c09a1f3187eeea25d98e941c498f6242,last,ood_metric/fpr95_threshold,OOD-4,appendix,descriptive,id_train,id_test_vs_places365,detector_declared,detector/mahalanobis_raw,places365,far,,,,45195,C3,sgd,0.1,0.0,-884.5230016482479,4.149735549523118,-884.523002 ± 4.149736,-886.4862456017055,-879.7559391403016,-887.3268202027369
metric_contract_v1.2,c38b09694be88aa74de0741b39e9d3ba0d6ff61a,35a1a66f78dfd6255c4d804586ee6863969be78d21acec5cd0ccf00476ddaa5c,f80984d28ef9a7550633fb3aea514f783f3db1fa655a6d3f49850b10857e6afc,f315d560c588b29298c6e3749f644634c09a1f3187eeea25d98e941c498f6242,last,ood_metric/fpr95_threshold,OOD-4,appendix,descriptive,id_train,id_test_vs_places365,detector_declared,detector/marginal_mahalanobis_raw,places365,far,,,,45195,C3,sgd,0.1,0.0,-876.1753187520422,1.803531896855719,-876.175319 ± 1.803532,-876.4501466242298,-874.2501465734903,-877.8256630584069
metric_contract_v1.2,c38b09694be88aa74de0741b39e9d3ba0d6ff61a,35a1a66f78dfd6255c4d804586ee6863969be78d21acec5cd0ccf00476ddaa5c,f80984d28ef9a7550633fb3aea514f783f3db1fa655a6d3f49850b10857e6afc,f315d560c588b29298c6e3749f644634c09a1f3187eeea25d98e941c498f6242,last,ood_metric/fpr95_threshold,OOD-4,appendix,descriptive,id_train,id_test_vs_places365,detector_declared,detector/ncp_euclidean_raw,places365,far,,,,45195,C3,sgd,0.1,0.0,-5.572629568780563,0.07593864976868135,-5.572630 ± 0.075939,-5.5929652513609405,-5.488593442420373,-5.636330012560377
metric_contract_v1.2,c38b09694be88aa74de0741b39e9d3ba0d6ff61a,35a1a66f78dfd6255c4d804586ee6863969be78d21acec5cd0ccf00476ddaa5c,f80984d28ef9a7550633fb3aea514f783f3db1fa655a6d3f49850b10857e6afc,f315d560c588b29298c6e3749f644634c09a1f3187eeea25d98e941c498f6242,last,ood_metric/fpr95_threshold,OOD-4,appendix,descriptive,id_train,id_test_vs_places365,detector_declared,detector/neco_author_std_dim100,places365,far,,,,45195,C3,sgd,0.1,0.0,0.9685533894580632,0.0014178650770880691,0.968553 ± 0.001418,0.9701869468094865,0.9676419579348802,0.9678312636298233
metric_contract_v1.2,c38b09694be88aa74de0741b39e9d3ba0d6ff61a,35a1a66f78dfd6255c4d804586ee6863969be78d21acec5cd0ccf00476ddaa5c,f80984d28ef9a7550633fb3aea514f783f3db1fa655a6d3f49850b10857e6afc,f315d560c588b29298c6e3749f644634c09a1f3187eeea25d98e941c498f6242,last,ood_metric/fpr95_threshold,OOD-4,appendix,descriptive,id_train,id_test_vs_places365,detector_declared,detector/relative_mahalanobis_pp,places365,far,,,,45195,C3,sgd,0.1,0.0,-68.85619129494067,0.9961050912453145,-68.856191 ± 0.996105,-69.9262897087724,-67.95591285680015,-68.68637131924947
metric_contract_v1.2,c38b09694be88aa74de0741b39e9d3ba0d6ff61a,35a1a66f78dfd6255c4d804586ee6863969be78d21acec5cd0ccf00476ddaa5c,f80984d28ef9a7550633fb3aea514f783f3db1fa655a6d3f49850b10857e6afc,f315d560c588b29298c6e3749f644634c09a1f3187eeea25d98e941c498f6242,last,ood_metric/fpr95_threshold,OOD-4,appendix,descriptive,id_train,id_test_vs_places365,detector_declared,detector/relative_mahalanobis_raw,places365,far,,,,45195,C3,sgd,0.1,0.0,-43.50840055674113,0.3782780371088724,-43.508401 ± 0.378278,-43.89569626147703,-43.13983614947118,-43.489669259275196
metric_contract_v1.2,c38b09694be88aa74de0741b39e9d3ba0d6ff61a,35a1a66f78dfd6255c4d804586ee6863969be78d21acec5cd0ccf00476ddaa5c,f80984d28ef9a7550633fb3aea514f783f3db1fa655a6d3f49850b10857e6afc,f315d560c588b29298c6e3749f644634c09a1f3187eeea25d98e941c498f6242,last,ood_metric/fpr95_threshold,OOD-4,appendix,descriptive,id_train,id_test_vs_places365,detector_declared,detector/vim_author_dim,places365,far,,,,45195,C3,sgd,0.1,0.0,-18.030393346742972,0.14326008750803482,-18.030393 ± 0.143260,-18.19205132249695,-17.919175597305912,-17.979953120426064
metric_contract_v1.2,c38b09694be88aa74de0741b39e9d3ba0d6ff61a,35a1a66f78dfd6255c4d804586ee6863969be78d21acec5cd0ccf00476ddaa5c,f80984d28ef9a7550633fb3aea514f783f3db1fa655a6d3f49850b10857e6afc,f315d560c588b29298c6e3749f644634c09a1f3187eeea25d98e941c498f6242,last,ood_metric/fpr95_threshold,OOD-4,appendix,descriptive,id_train,id_test_vs_places365,detector_declared,detector/vim_dim128,places365,far,,,,45195,C3,sgd,0.1,0.0,-17.298283024644608,0.23464580593348605,-17.298283 ± 0.234646,-17.56505513756911,-17.123870951235517,-17.205922985129195
metric_contract_v1.2,c38b09694be88aa74de0741b39e9d3ba0d6ff61a,35a1a66f78dfd6255c4d804586ee6863969be78d21acec5cd0ccf00476ddaa5c,f80984d28ef9a7550633fb3aea514f783f3db1fa655a6d3f49850b10857e6afc,f315d560c588b29298c6e3749f644634c09a1f3187eeea25d98e941c498f6242,last,ood_metric/fpr95_threshold,OOD-4,appendix,descriptive,id_train,id_test_vs_places365,detector_declared,detector/vim_dim256,places365,far,,,,45195,C3,sgd,0.1,0.0,-17.816639065228767,0.11510751528250128,-17.816639 ± 0.115108,-17.949530807108186,-17.74805338595624,-17.752333002621867
metric_contract_v1.2,c38b09694be88aa74de0741b39e9d3ba0d6ff61a,35a1a66f78dfd6255c4d804586ee6863969be78d21acec5cd0ccf00476ddaa5c,f80984d28ef9a7550633fb3aea514f783f3db1fa655a6d3f49850b10857e6afc,f315d560c588b29298c6e3749f644634c09a1f3187eeea25d98e941c498f6242,last,ood_metric/fpr95_threshold,OOD-4,appendix,descriptive,id_train,id_test_vs_places365,detector_declared,detector/vim_dim320,places365,far,,,,45195,C3,sgd,0.1,0.0,-18.030393346742972,0.14326008750803482,-18.030393 ± 0.143260,-18.19205132249695,-17.919175597305912,-17.979953120426064
metric_contract_v1.2,c38b09694be88aa74de0741b39e9d3ba0d6ff61a,35a1a66f78dfd6255c4d804586ee6863969be78d21acec5cd0ccf00476ddaa5c,f80984d28ef9a7550633fb3aea514f783f3db1fa655a6d3f49850b10857e6afc,f315d560c588b29298c6e3749f644634c09a1f3187eeea25d98e941c498f6242,last,ood_metric/fpr95_threshold,OOD-4,appendix,descriptive,id_train,id_test_vs_places365,detector_declared,detector/vim_dim64,places365,far,,,,45195,C3,sgd,0.1,0.0,-16.72887902640106,0.07086147098786329,-16.728879 ± 0.070861,-16.805287390353804,-16.66532391724021,-16.71602577160917
metric_contract_v1.2,c38b09694be88aa74de0741b39e9d3ba0d6ff61a,35a1a66f78dfd6255c4d804586ee6863969be78d21acec5cd0ccf00476ddaa5c,f80984d28ef9a7550633fb3aea514f783f3db1fa655a6d3f49850b10857e6afc,f315d560c588b29298c6e3749f644634c09a1f3187eeea25d98e941c498f6242,last,ood_metric/fpr95_threshold,OOD-4,appendix,descriptive,id_train,id_test_vs_places365,detector_declared,detector/weight_cosine_appendix,places365,far,,,,45195,C3,sgd,0.1,0.0,0.31672022939550426,0.0023846806148383427,0.316720 ± 0.002385,0.31452644715500316,0.3192583669366462,0.3163758740948635
metric_contract_v1.2,c38b09694be88aa74de0741b39e9d3ba0d6ff61a,35a1a66f78dfd6255c4d804586ee6863969be78d21acec5cd0ccf00476ddaa5c,f80984d28ef9a7550633fb3aea514f783f3db1fa655a6d3f49850b10857e6afc,f315d560c588b29298c6e3749f644634c09a1f3187eeea25d98e941c498f6242,last,ood_metric/fpr95_threshold,OOD-4,appendix,descriptive,,id_test_vs_places365,detector_declared,ood_score/energy_t1,places365,far,,,,45195,C3,sgd,0.1,0.0,13.505413083488195,0.09334134700816453,13.505413 ± 0.093341,13.60143185465897,13.499805393015617,13.41500200279
metric_contract_v1.2,c38b09694be88aa74de0741b39e9d3ba0d6ff61a,35a1a66f78dfd6255c4d804586ee6863969be78d21acec5cd0ccf00476ddaa5c,f80984d28ef9a7550633fb3aea514f783f3db1fa655a6d3f49850b10857e6afc,f315d560c588b29298c6e3749f644634c09a1f3187eeea25d98e941c498f6242,last,ood_metric/fpr95_threshold,OOD-4,appendix,descriptive,,id_test_vs_places365,detector_declared,ood_score/max_logit,places365,far,,,,45195,C3,sgd,0.1,0.0,13.415928888320925,0.07709169908109466,13.415929 ± 0.077092,13.49616165161133,13.409206485748292,13.342418527603149
metric_contract_v1.2,c38b09694be88aa74de0741b39e9d3ba0d6ff61a,35a1a66f78dfd6255c4d804586ee6863969be78d21acec5cd0ccf00476ddaa5c,f80984d28ef9a7550633fb3aea514f783f3db1fa655a6d3f49850b10857e6afc,f315d560c588b29298c6e3749f644634c09a1f3187eeea25d98e941c498f6242,last,ood_metric/fpr95_threshold,OOD-4,appendix,descriptive,,id_test_vs_places365,detector_declared,ood_score/msp,places365,far,,,,45195,C3,sgd,0.1,0.0,0.9211230653074894,0.0023328496005886584,0.921123 ± 0.002333,0.9222485675524279,0.9184408518047348,0.9226797765653059
metric_contract_v1.2,c38b09694be88aa74de0741b39e9d3ba0d6ff61a,35a1a66f78dfd6255c4d804586ee6863969be78d21acec5cd0ccf00476ddaa5c,f80984d28ef9a7550633fb3aea514f783f3db1fa655a6d3f49850b10857e6afc,b701f780ad99d469949a985b0472b8d1f26be0545e531d92895b7559ca142328,last,analysis/angular_control_gap_ctm_ncp,OOD-7,exploratory,descriptive,id_train,id_test_vs_places365,paired_auroc_difference,,places365,,,,,45195,C3,adam,0.0003,0.0,0.015546338968603505,0.0024662942864692975,0.015546 ± 0.002466,0.01412413126864609,0.014120716010797119,0.018394169626367307
metric_contract_v1.2,c38b09694be88aa74de0741b39e9d3ba0d6ff61a,35a1a66f78dfd6255c4d804586ee6863969be78d21acec5cd0ccf00476ddaa5c,f80984d28ef9a7550633fb3aea514f783f3db1fa655a6d3f49850b10857e6afc,b701f780ad99d469949a985b0472b8d1f26be0545e531d92895b7559ca142328,last,analysis/restoration_gap_mahalanobis,OOD-7,exploratory,descriptive,id_train,id_test_vs_places365,paired_auroc_difference,,places365,,,,,45195,C3,adam,0.0003,0.0,0.16528441161149787,0.003171632140724306,0.165284 ± 0.003172,0.1620510072453475,0.16839043330018466,0.16541179428896147
metric_contract_v1.2,c38b09694be88aa74de0741b39e9d3ba0d6ff61a,35a1a66f78dfd6255c4d804586ee6863969be78d21acec5cd0ccf00476ddaa5c,f80984d28ef9a7550633fb3aea514f783f3db1fa655a6d3f49850b10857e6afc,b701f780ad99d469949a985b0472b8d1f26be0545e531d92895b7559ca142328,last,analysis/restoration_gap_relative_mahalanobis,OOD-7,exploratory,descriptive,id_train,id_test_vs_places365,paired_auroc_difference,,places365,,,,,45195,C3,adam,0.0003,0.0,-0.007204516740067353,0.0005285477729232442,-0.007205 ± 0.000529,-0.007388168773973747,-0.006608640431879587,-0.007616741014348727
metric_contract_v1.2,c38b09694be88aa74de0741b39e9d3ba0d6ff61a,35a1a66f78dfd6255c4d804586ee6863969be78d21acec5cd0ccf00476ddaa5c,f80984d28ef9a7550633fb3aea514f783f3db1fa655a6d3f49850b10857e6afc,b701f780ad99d469949a985b0472b8d1f26be0545e531d92895b7559ca142328,last,ood_metric/ap_in,OOD-2,appendix,up,id_train,id_test_vs_places365,detector_declared,detector/ctm_prototype_cosine,places365,far,,,,45195,C3,adam,0.0003,0.0,0.786221795966839,0.0029441118995736553,0.786222 ± 0.002944,0.7849618344317584,0.7895862177329748,0.7841173357357841
metric_contract_v1.2,c38b09694be88aa74de0741b39e9d3ba0d6ff61a,35a1a66f78dfd6255c4d804586ee6863969be78d21acec5cd0ccf00476ddaa5c,f80984d28ef9a7550633fb3aea514f783f3db1fa655a6d3f49850b10857e6afc,b701f780ad99d469949a985b0472b8d1f26be0545e531d92895b7559ca142328,last,ood_metric/ap_in,OOD-2,appendix,up,id_train,id_test_vs_places365,detector_declared,detector/gda_class_density,places365,far,,,,45195,C3,adam,0.0003,0.0,0.7721023358994955,0.0019330461980069835,0.772102 ± 0.001933,0.7722430718148421,0.7701027679378756,0.773961167945769
metric_contract_v1.2,c38b09694be88aa74de0741b39e9d3ba0d6ff61a,35a1a66f78dfd6255c4d804586ee6863969be78d21acec5cd0ccf00476ddaa5c,f80984d28ef9a7550633fb3aea514f783f3db1fa655a6d3f49850b10857e6afc,b701f780ad99d469949a985b0472b8d1f26be0545e531d92895b7559ca142328,last,ood_metric/ap_in,OOD-2,appendix,up,id_train,id_test_vs_places365,detector_declared,detector/knn_l2_k50,places365,far,,,,45195,C3,adam,0.0003,0.0,0.8189065555259489,0.00258051511081902,0.818907 ± 0.002581,0.8167993714362218,0.8217846720694603,0.8181356230721646
metric_contract_v1.2,c38b09694be88aa74de0741b39e9d3ba0d6ff61a,35a1a66f78dfd6255c4d804586ee6863969be78d21acec5cd0ccf00476ddaa5c,f80984d28ef9a7550633fb3aea514f783f3db1fa655a6d3f49850b10857e6afc,b701f780ad99d469949a985b0472b8d1f26be0545e531d92895b7559ca142328,last,ood_metric/ap_in,OOD-2,appendix,up,id_train,id_test_vs_places365,detector_declared,detector/mahalanobis_pp,places365,far,,,,45195,C3,adam,0.0003,0.0,0.8226009592743836,0.0015833235916183387,0.822601 ± 0.001583,0.8209917794295152,0.8241570934509553,0.8226540049426803
metric_contract_v1.2,c38b09694be88aa74de0741b39e9d3ba0d6ff61a,35a1a66f78dfd6255c4d804586ee6863969be78d21acec5cd0ccf00476ddaa5c,f80984d28ef9a7550633fb3aea514f783f3db1fa655a6d3f49850b10857e6afc,b701f780ad99d469949a985b0472b8d1f26be0545e531d92895b7559ca142328,last,ood_metric/ap_in,OOD-2,appendix,up,id_train,id_test_vs_places365,detector_declared,detector/mahalanobis_raw,places365,far,,,,45195,C3,adam,0.0003,0.0,0.5280052726454233,0.007998453539603403,0.528005 ± 0.007998,0.5286078166843213,0.5197225869331448,0.5356854143188037
metric_contract_v1.2,c38b09694be88aa74de0741b39e9d3ba0d6ff61a,35a1a66f78dfd6255c4d804586ee6863969be78d21acec5cd0ccf00476ddaa5c,f80984d28ef9a7550633fb3aea514f783f3db1fa655a6d3f49850b10857e6afc,b701f780ad99d469949a985b0472b8d1f26be0545e531d92895b7559ca142328,last,ood_metric/ap_in,OOD-2,appendix,up,id_train,id_test_vs_places365,detector_declared,detector/marginal_mahalanobis_raw,places365,far,,,,45195,C3,adam,0.0003,0.0,0.3683815024686549,0.008398358310650436,0.368382 ± 0.008398,0.37343275211723154,0.35868677169907,0.3730249835896632
metric_contract_v1.2,c38b09694be88aa74de0741b39e9d3ba0d6ff61a,35a1a66f78dfd6255c4d804586ee6863969be78d21acec5cd0ccf00476ddaa5c,f80984d28ef9a7550633fb3aea514f783f3db1fa655a6d3f49850b10857e6afc,b701f780ad99d469949a985b0472b8d1f26be0545e531d92895b7559ca142328,last,ood_metric/ap_in,OOD-2,appendix,up,id_train,id_test_vs_places365,detector_declared,detector/ncp_euclidean_raw,places365,far,,,,45195,C3,adam,0.0003,0.0,0.7398647048932397,0.00749953768981818,0.739865 ± 0.007500,0.7428459427161425,0.7454151960749111,0.7313329758886657
metric_contract_v1.2,c38b09694be88aa74de0741b39e9d3ba0d6ff61a,35a1a66f78dfd6255c4d804586ee6863969be78d21acec5cd0ccf00476ddaa5c,f80984d28ef9a7550633fb3aea514f783f3db1fa655a6d3f49850b10857e6afc,b701f780ad99d469949a985b0472b8d1f26be0545e531d92895b7559ca142328,last,ood_metric/ap_in,OOD-2,appendix,up,id_train,id_test_vs_places365,detector_declared,detector/neco_author_std_dim100,places365,far,,,,45195,C3,adam,0.0003,0.0,0.8142395749751863,0.00386349390695646,0.814240 ± 0.003863,0.8138671091645515,0.8105758030644,0.8182758126966072
metric_contract_v1.2,c38b09694be88aa74de0741b39e9d3ba0d6ff61a,35a1a66f78dfd6255c4d804586ee6863969be78d21acec5cd0ccf00476ddaa5c,f80984d28ef9a7550633fb3aea514f783f3db1fa655a6d3f49850b10857e6afc,b701f780ad99d469949a985b0472b8d1f26be0545e531d92895b7559ca142328,last,ood_metric/ap_in,OOD-2,appendix,up,id_train,id_test_vs_places365,detector_declared,detector/relative_mahalanobis_pp,places365,far,,,,45195,C3,adam,0.0003,0.0,0.7826480998742033,0.0006457960380291103,0.782648 ± 0.000646,0.782046607387498,0.7833305627848131,0.7825671294502986
metric_contract_v1.2,c38b09694be88aa74de0741b39e9d3ba0d6ff61a,35a1a66f78dfd6255c4d804586ee6863969be78d21acec5cd0ccf00476ddaa5c,f80984d28ef9a7550633fb3aea514f783f3db1fa655a6d3f49850b10857e6afc,b701f780ad99d469949a985b0472b8d1f26be0545e531d92895b7559ca142328,last,ood_metric/ap_in,OOD-2,appendix,up,id_train,id_test_vs_places365,detector_declared,detector/relative_mahalanobis_raw,places365,far,,,,45195,C3,adam,0.0003,0.0,0.7912626602750935,0.0054755574025925026,0.791263 ± 0.005476,0.7954148085849428,0.7850572426882361,0.793315929552102
metric_contract_v1.2,c38b09694be88aa74de0741b39e9d3ba0d6ff61a,35a1a66f78dfd6255c4d804586ee6863969be78d21acec5cd0ccf00476ddaa5c,f80984d28ef9a7550633fb3aea514f783f3db1fa655a6d3f49850b10857e6afc,b701f780ad99d469949a985b0472b8d1f26be0545e531d92895b7559ca142328,last,ood_metric/ap_in,OOD-2,appendix,up,id_train,id_test_vs_places365,detector_declared,detector/vim_author_dim,places365,far,,,,45195,C3,adam,0.0003,0.0,0.8255980408856655,0.0027229761596879345,0.825598 ± 0.002723,0.8285712573522153,0.823225663467723,0.8249972018370582
metric_contract_v1.2,c38b09694be88aa74de0741b39e9d3ba0d6ff61a,35a1a66f78dfd6255c4d804586ee6863969be78d21acec5cd0ccf00476ddaa5c,f80984d28ef9a7550633fb3aea514f783f3db1fa655a6d3f49850b10857e6afc,b701f780ad99d469949a985b0472b8d1f26be0545e531d92895b7559ca142328,last,ood_metric/ap_in,OOD-2,appendix,up,id_train,id_test_vs_places365,detector_declared,detector/vim_dim128,places365,far,,,,45195,C3,adam,0.0003,0.0,0.822398696164158,0.0013099448608883926,0.822399 ± 0.001310,0.8238763673492401,0.8219397202510123,0.8213800008922214
metric_contract_v1.2,c38b09694be88aa74de0741b39e9d3ba0d6ff61a,35a1a66f78dfd6255c4d804586ee6863969be78d21acec5cd0ccf00476ddaa5c,f80984d28ef9a7550633fb3aea514f783f3db1fa655a6d3f49850b10857e6afc,b701f780ad99d469949a985b0472b8d1f26be0545e531d92895b7559ca142328,last,ood_metric/ap_in,OOD-2,appendix,up,id_train,id_test_vs_places365,detector_declared,detector/vim_dim256,places365,far,,,,45195,C3,adam,0.0003,0.0,0.8254402647875901,0.001695915661184911,0.825440 ± 0.001696,0.8271453406422251,0.8237536602098736,0.8254217935106718
metric_contract_v1.2,c38b09694be88aa74de0741b39e9d3ba0d6ff61a,35a1a66f78dfd6255c4d804586ee6863969be78d21acec5cd0ccf00476ddaa5c,f80984d28ef9a7550633fb3aea514f783f3db1fa655a6d3f49850b10857e6afc,b701f780ad99d469949a985b0472b8d1f26be0545e531d92895b7559ca142328,last,ood_metric/ap_in,OOD-2,appendix,up,id_train,id_test_vs_places365,detector_declared,detector/vim_dim320,places365,far,,,,45195,C3,adam,0.0003,0.0,0.8255980408856655,0.0027229761596879345,0.825598 ± 0.002723,0.8285712573522153,0.823225663467723,0.8249972018370582
metric_contract_v1.2,c38b09694be88aa74de0741b39e9d3ba0d6ff61a,35a1a66f78dfd6255c4d804586ee6863969be78d21acec5cd0ccf00476ddaa5c,f80984d28ef9a7550633fb3aea514f783f3db1fa655a6d3f49850b10857e6afc,b701f780ad99d469949a985b0472b8d1f26be0545e531d92895b7559ca142328,last,ood_metric/ap_in,OOD-2,appendix,up,id_train,id_test_vs_places365,detector_declared,detector/vim_dim64,places365,far,,,,45195,C3,adam,0.0003,0.0,0.8173656480281338,0.002836447886929314,0.817366 ± 0.002836,0.8180222822990211,0.8142584713800505,0.8198161904053298
metric_contract_v1.2,c38b09694be88aa74de0741b39e9d3ba0d6ff61a,35a1a66f78dfd6255c4d804586ee6863969be78d21acec5cd0ccf00476ddaa5c,f80984d28ef9a7550633fb3aea514f783f3db1fa655a6d3f49850b10857e6afc,b701f780ad99d469949a985b0472b8d1f26be0545e531d92895b7559ca142328,last,ood_metric/ap_in,OOD-2,appendix,up,id_train,id_test_vs_places365,detector_declared,detector/weight_cosine_appendix,places365,far,,,,45195,C3,adam,0.0003,0.0,0.7897261111063942,0.013437017501237283,0.789726 ± 0.013437,0.7993525319610996,0.7743747577935695,0.7954510435645139
metric_contract_v1.2,c38b09694be88aa74de0741b39e9d3ba0d6ff61a,35a1a66f78dfd6255c4d804586ee6863969be78d21acec5cd0ccf00476ddaa5c,f80984d28ef9a7550633fb3aea514f783f3db1fa655a6d3f49850b10857e6afc,b701f780ad99d469949a985b0472b8d1f26be0545e531d92895b7559ca142328,last,ood_metric/ap_in,OOD-2,appendix,up,,id_test_vs_places365,detector_declared,ood_score/energy_t1,places365,far,,,,45195,C3,adam,0.0003,0.0,0.8180410999330187,0.004939021737553357,0.818041 ± 0.004939,0.8198831430373581,0.8124457769757893,0.8217943797859083
metric_contract_v1.2,c38b09694be88aa74de0741b39e9d3ba0d6ff61a,35a1a66f78dfd6255c4d804586ee6863969be78d21acec5cd0ccf00476ddaa5c,f80984d28ef9a7550633fb3aea514f783f3db1fa655a6d3f49850b10857e6afc,b701f780ad99d469949a985b0472b8d1f26be0545e531d92895b7559ca142328,last,ood_metric/ap_in,OOD-2,appendix,up,,id_test_vs_places365,detector_declared,ood_score/max_logit,places365,far,,,,45195,C3,adam,0.0003,0.0,0.8178603187160208,0.004953831436679087,0.817860 ± 0.004954,0.8196853047784981,0.8122528799655164,0.8216427714040482
metric_contract_v1.2,c38b09694be88aa74de0741b39e9d3ba0d6ff61a,35a1a66f78dfd6255c4d804586ee6863969be78d21acec5cd0ccf00476ddaa5c,f80984d28ef9a7550633fb3aea514f783f3db1fa655a6d3f49850b10857e6afc,b701f780ad99d469949a985b0472b8d1f26be0545e531d92895b7559ca142328,last,ood_metric/ap_in,OOD-2,appendix,up,,id_test_vs_places365,detector_declared,ood_score/msp,places365,far,,,,45195,C3,adam,0.0003,0.0,0.8092147365334613,0.0023961162815171653,0.809215 ± 0.002396,0.808692061638231,0.8071231010849356,0.8118290468772174
metric_contract_v1.2,c38b09694be88aa74de0741b39e9d3ba0d6ff61a,35a1a66f78dfd6255c4d804586ee6863969be78d21acec5cd0ccf00476ddaa5c,f80984d28ef9a7550633fb3aea514f783f3db1fa655a6d3f49850b10857e6afc,b701f780ad99d469949a985b0472b8d1f26be0545e531d92895b7559ca142328,last,ood_metric/ap_out,OOD-3,appendix,up,id_train,id_test_vs_places365,detector_declared,detector/ctm_prototype_cosine,places365,far,,,,45195,C3,adam,0.0003,0.0,0.9598275100513188,0.0012439523478870653,0.959828 ± 0.001244,0.9608152559820076,0.9602367904096797,0.9584304837622694
metric_contract_v1.2,c38b09694be88aa74de0741b39e9d3ba0d6ff61a,35a1a66f78dfd6255c4d804586ee6863969be78d21acec5cd0ccf00476ddaa5c,f80984d28ef9a7550633fb3aea514f783f3db1fa655a6d3f49850b10857e6afc,b701f780ad99d469949a985b0472b8d1f26be0545e531d92895b7559ca142328,last,ood_metric/ap_out,OOD-3,appendix,up,id_train,id_test_vs_places365,detector_declared,detector/gda_class_density,places365,far,,,,45195,C3,adam,0.0003,0.0,0.955128862312221,0.0011003152524688932,0.955129 ± 0.001100,0.9553633646904638,0.9560930222987238,0.9539301999474757
metric_contract_v1.2,c38b09694be88aa74de0741b39e9d3ba0d6ff61a,35a1a66f78dfd6255c4d804586ee6863969be78d21acec5cd0ccf00476ddaa5c,f80984d28ef9a7550633fb3aea514f783f3db1fa655a6d3f49850b10857e6afc,b701f780ad99d469949a985b0472b8d1f26be0545e531d92895b7559ca142328,last,ood_metric/ap_out,OOD-3,appendix,up,id_train,id_test_vs_places365,detector_declared,detector/knn_l2_k50,places365,far,,,,45195,C3,adam,0.0003,0.0,0.9664108106813893,0.0007714939397884203,0.966411 ± 0.000771,0.9663465505450065,0.967212424911396,0.9656734565877658
metric_contract_v1.2,c38b09694be88aa74de0741b39e9d3ba0d6ff61a,35a1a66f78dfd6255c4d804586ee6863969be78d21acec5cd0ccf00476ddaa5c,f80984d28ef9a7550633fb3aea514f783f3db1fa655a6d3f49850b10857e6afc,b701f780ad99d469949a985b0472b8d1f26be0545e531d92895b7559ca142328,last,ood_metric/ap_out,OOD-3,appendix,up,id_train,id_test_vs_places365,detector_declared,detector/mahalanobis_pp,places365,far,,,,45195,C3,adam,0.0003,0.0,0.9679001697240057,0.0007964668458403193,0.967900 ± 0.000796,0.9679249703090399,0.9686839466320913,0.9670915922308863
metric_contract_v1.2,c38b09694be88aa74de0741b39e9d3ba0d6ff61a,35a1a66f78dfd6255c4d804586ee6863969be78d21acec5cd0ccf00476ddaa5c,f80984d28ef9a7550633fb3aea514f783f3db1fa655a6d3f49850b10857e6afc,b701f780ad99d469949a985b0472b8d1f26be0545e531d92895b7559ca142328,last,ood_metric/ap_out,OOD-3,appendix,up,id_train,id_test_vs_places365,detector_declared,detector/mahalanobis_raw,places365,far,,,,45195,C3,adam,0.0003,0.0,0.8951951671400908,0.002126582903931009,0.895195 ± 0.002127,0.8969225851577425,0.8958428730615574,0.8928200432009725
metric_contract_v1.2,c38b09694be88aa74de0741b39e9d3ba0d6ff61a,35a1a66f78dfd6255c4d804586ee6863969be78d21acec5cd0ccf00476ddaa5c,f80984d28ef9a7550633fb3aea514f783f3db1fa655a6d3f49850b10857e6afc,b701f780ad99d469949a985b0472b8d1f26be0545e531d92895b7559ca142328,last,ood_metric/ap_out,OOD-3,appendix,up,id_train,id_test_vs_places365,detector_declared,detector/marginal_mahalanobis_raw,places365,far,,,,45195,C3,adam,0.0003,0.0,0.8545912016012132,0.0032324559589762204,0.854591 ± 0.003232,0.8577139906671019,0.8548003755826716,0.8512592385538658
metric_contract_v1.2,c38b09694be88aa74de0741b39e9d3ba0d6ff61a,35a1a66f78dfd6255c4d804586ee6863969be78d21acec5cd0ccf00476ddaa5c,f80984d28ef9a7550633fb3aea514f783f3db1fa655a6d3f49850b10857e6afc,b701f780ad99d469949a985b0472b8d1f26be0545e531d92895b7559ca142328,last,ood_metric/ap_out,OOD-3,appendix,up,id_train,id_test_vs_places365,detector_declared,detector/ncp_euclidean_raw,places365,far,,,,45195,C3,adam,0.0003,0.0,0.9525691897716828,0.0020341513282621823,0.952569 ± 0.002034,0.9533984068594443,0.9540577551274481,0.9502514073281559
metric_contract_v1.2,c38b09694be88aa74de0741b39e9d3ba0d6ff61a,35a1a66f78dfd6255c4d804586ee6863969be78d21acec5cd0ccf00476ddaa5c,f80984d28ef9a7550633fb3aea514f783f3db1fa655a6d3f49850b10857e6afc,b701f780ad99d469949a985b0472b8d1f26be0545e531d92895b7559ca142328,last,ood_metric/ap_out,OOD-3,appendix,up,id_train,id_test_vs_places365,detector_declared,detector/neco_author_std_dim100,places365,far,,,,45195,C3,adam,0.0003,0.0,0.961661373633007,0.0007935247773587821,0.961661 ± 0.000794,0.9620693073398193,0.9607468618194348,0.9621679517397663
metric_contract_v1.2,c38b09694be88aa74de0741b39e9d3ba0d6ff61a,35a1a66f78dfd6255c4d804586ee6863969be78d21acec5cd0ccf00476ddaa5c,f80984d28ef9a7550633fb3aea514f783f3db1fa655a6d3f49850b10857e6afc,b701f780ad99d469949a985b0472b8d1f26be0545e531d92895b7559ca142328,last,ood_metric/ap_out,OOD-3,appendix,up,id_train,id_test_vs_places365,detector_declared,detector/relative_mahalanobis_pp,places365,far,,,,45195,C3,adam,0.0003,0.0,0.961825272361383,0.0006842697424813011,0.961825 ± 0.000684,0.9624585604748384,0.9619178161643148,0.9610994404449961
metric_contract_v1.2,c38b09694be88aa74de0741b39e9d3ba0d6ff61a,35a1a66f78dfd6255c4d804586ee6863969be78d21acec5cd0ccf00476ddaa5c,f80984d28ef9a7550633fb3aea514f783f3db1fa655a6d3f49850b10857e6afc,b701f780ad99d469949a985b0472b8d1f26be0545e531d92895b7559ca142328,last,ood_metric/ap_out,OOD-3,appendix,up,id_train,id_test_vs_places365,detector_declared,detector/relative_mahalanobis_raw,places365,far,,,,45195,C3,adam,0.0003,0.0,0.9650557287073859,0.0007049755896822534,0.965056 ± 0.000705,0.9658610926468562,0.9647556736142405,0.964550419861061
metric_contract_v1.2,c38b09694be88aa74de0741b39e9d3ba0d6ff61a,35a1a66f78dfd6255c4d804586ee6863969be78d21acec5cd0ccf00476ddaa5c,f80984d28ef9a7550633fb3aea514f783f3db1fa655a6d3f49850b10857e6afc,b701f780ad99d469949a985b0472b8d1f26be0545e531d92895b7559ca142328,last,ood_metric/ap_out,OOD-3,appendix,up,id_train,id_test_vs_places365,detector_declared,detector/vim_author_dim,places365,far,,,,45195,C3,adam,0.0003,0.0,0.9646857816139334,0.0011054549388252843,0.964686 ± 0.001105,0.9656963333409352,0.9648558719674314,0.9635051395334335
metric_contract_v1.2,c38b09694be88aa74de0741b39e9d3ba0d6ff61a,35a1a66f78dfd6255c4d804586ee6863969be78d21acec5cd0ccf00476ddaa5c,f80984d28ef9a7550633fb3aea514f783f3db1fa655a6d3f49850b10857e6afc,b701f780ad99d469949a985b0472b8d1f26be0545e531d92895b7559ca142328,last,ood_metric/ap_out,OOD-3,appendix,up,id_train,id_test_vs_places365,detector_declared,detector/vim_dim128,places365,far,,,,45195,C3,adam,0.0003,0.0,0.9646751132828228,0.0012345539845064217,0.964675 ± 0.001235,0.9647267369368636,0.9658830456713587,0.9634155572402464
metric_contract_v1.2,c38b09694be88aa74de0741b39e9d3ba0d6ff61a,35a1a66f78dfd6255c4d804586ee6863969be78d21acec5cd0ccf00476ddaa5c,f80984d28ef9a7550633fb3aea514f783f3db1fa655a6d3f49850b10857e6afc,b701f780ad99d469949a985b0472b8d1f26be0545e531d92895b7559ca142328,last,ood_metric/ap_out,OOD-3,appendix,up,id_train,id_test_vs_places365,detector_declared,detector/vim_dim256,places365,far,,,,45195,C3,adam,0.0003,0.0,0.9645945966453287,0.0007053201372052933,0.964595 ± 0.000705,0.9651032630124957,0.9648910995454689,0.9637894273780214
metric_contract_v1.2,c38b09694be88aa74de0741b39e9d3ba0d6ff61a,35a1a66f78dfd6255c4d804586ee6863969be78d21acec5cd0ccf00476ddaa5c,f80984d28ef9a7550633fb3aea514f783f3db1fa655a6d3f49850b10857e6afc,b701f780ad99d469949a985b0472b8d1f26be0545e531d92895b7559ca142328,last,ood_metric/ap_out,OOD-3,appendix,up,id_train,id_test_vs_places365,detector_declared,detector/vim_dim320,places365,far,,,,45195,C3,adam,0.0003,0.0,0.9646857816139334,0.0011054549388252843,0.964686 ± 0.001105,0.9656963333409352,0.9648558719674314,0.9635051395334335
metric_contract_v1.2,c38b09694be88aa74de0741b39e9d3ba0d6ff61a,35a1a66f78dfd6255c4d804586ee6863969be78d21acec5cd0ccf00476ddaa5c,f80984d28ef9a7550633fb3aea514f783f3db1fa655a6d3f49850b10857e6afc,b701f780ad99d469949a985b0472b8d1f26be0545e531d92895b7559ca142328,last,ood_metric/ap_out,OOD-3,appendix,up,id_train,id_test_vs_places365,detector_declared,detector/vim_dim64,places365,far,,,,45195,C3,adam,0.0003,0.0,0.9655454421095667,7.340967980632658e-05,0.965545 ± 0.000073,0.9656212400129102,0.9655404063512245,0.9654746799645654
metric_contract_v1.2,c38b09694be88aa74de0741b39e9d3ba0d6ff61a,35a1a66f78dfd6255c4d804586ee6863969be78d21acec5cd0ccf00476ddaa5c,f80984d28ef9a7550633fb3aea514f783f3db1fa655a6d3f49850b10857e6afc,b701f780ad99d469949a985b0472b8d1f26be0545e531d92895b7559ca142328,last,ood_metric/ap_out,OOD-3,appendix,up,id_train,id_test_vs_places365,detector_declared,detector/weight_cosine_appendix,places365,far,,,,45195,C3,adam,0.0003,0.0,0.9626003811760512,0.0010460855026951275,0.962600 ± 0.001046,0.9634849397993195,0.961445738256103,0.9628704654727311
metric_contract_v1.2,c38b09694be88aa74de0741b39e9d3ba0d6ff61a,35a1a66f78dfd6255c4d804586ee6863969be78d21acec5cd0ccf00476ddaa5c,f80984d28ef9a7550633fb3aea514f783f3db1fa655a6d3f49850b10857e6afc,b701f780ad99d469949a985b0472b8d1f26be0545e531d92895b7559ca142328,last,ood_metric/ap_out,OOD-3,appendix,up,,id_test_vs_places365,detector_declared,ood_score/energy_t1,places365,far,,,,45195,C3,adam,0.0003,0.0,0.9659175350177064,0.00037723112820215035,0.965918 ± 0.000377,0.9662104905312836,0.9654918868391622,0.9660502276826735
metric_contract_v1.2,c38b09694be88aa74de0741b39e9d3ba0d6ff61a,35a1a66f78dfd6255c4d804586ee6863969be78d21acec5cd0ccf00476ddaa5c,f80984d28ef9a7550633fb3aea514f783f3db1fa655a6d3f49850b10857e6afc,b701f780ad99d469949a985b0472b8d1f26be0545e531d92895b7559ca142328,last,ood_metric/ap_out,OOD-3,appendix,up,,id_test_vs_places365,detector_declared,ood_score/max_logit,places365,far,,,,45195,C3,adam,0.0003,0.0,0.9658571643313647,0.0003839364361393248,0.965857 ± 0.000384,0.9661361689881014,0.9654192922858085,0.9660160317201844
metric_contract_v1.2,c38b09694be88aa74de0741b39e9d3ba0d6ff61a,35a1a66f78dfd6255c4d804586ee6863969be78d21acec5cd0ccf00476ddaa5c,f80984d28ef9a7550633fb3aea514f783f3db1fa655a6d3f49850b10857e6afc,b701f780ad99d469949a985b0472b8d1f26be0545e531d92895b7559ca142328,last,ood_metric/ap_out,OOD-3,appendix,up,,id_test_vs_places365,detector_declared,ood_score/msp,places365,far,,,,45195,C3,adam,0.0003,0.0,0.9538964268095187,0.0008645859510611101,0.953896 ± 0.000865,0.9537203495150764,0.9531334328741916,0.954835498039288
metric_contract_v1.2,c38b09694be88aa74de0741b39e9d3ba0d6ff61a,35a1a66f78dfd6255c4d804586ee6863969be78d21acec5cd0ccf00476ddaa5c,f80984d28ef9a7550633fb3aea514f783f3db1fa655a6d3f49850b10857e6afc,b701f780ad99d469949a985b0472b8d1f26be0545e531d92895b7559ca142328,last,ood_metric/aupr_in_openood_auc,OOD-2,primary,up,id_train,id_test_vs_places365,detector_declared,detector/ctm_prototype_cosine,places365,far,,,,45195,C3,adam,0.0003,0.0,0.7862098247200954,0.0029438506453057767,0.786210 ± 0.002944,0.784949645400162,0.7895739988123861,0.7841058299477381
metric_contract_v1.2,c38b09694be88aa74de0741b39e9d3ba0d6ff61a,35a1a66f78dfd6255c4d804586ee6863969be78d21acec5cd0ccf00476ddaa5c,f80984d28ef9a7550633fb3aea514f783f3db1fa655a6d3f49850b10857e6afc,b701f780ad99d469949a985b0472b8d1f26be0545e531d92895b7559ca142328,last,ood_metric/aupr_in_openood_auc,OOD-2,primary,up,id_train,id_test_vs_places365,detector_declared,detector/gda_class_density,places365,far,,,,45195,C3,adam,0.0003,0.0,0.7720860971182297,0.0019334705207326374,0.772086 ± 0.001933,0.7722269819609242,0.7700860376752001,0.7739452717185649
metric_contract_v1.2,c38b09694be88aa74de0741b39e9d3ba0d6ff61a,35a1a66f78dfd6255c4d804586ee6863969be78d21acec5cd0ccf00476ddaa5c,f80984d28ef9a7550633fb3aea514f783f3db1fa655a6d3f49850b10857e6afc,b701f780ad99d469949a985b0472b8d1f26be0545e531d92895b7559ca142328,last,ood_metric/aupr_in_openood_auc,OOD-2,primary,up,id_train,id_test_vs_places365,detector_declared,detector/knn_l2_k50,places365,far,,,,45195,C3,adam,0.0003,0.0,0.8188961843489952,0.0025822200813962024,0.818896 ± 0.002582,0.816786209406359,0.8217756895250373,0.8181266541155893
metric_contract_v1.2,c38b09694be88aa74de0741b39e9d3ba0d6ff61a,35a1a66f78dfd6255c4d804586ee6863969be78d21acec5cd0ccf00476ddaa5c,f80984d28ef9a7550633fb3aea514f783f3db1fa655a6d3f49850b10857e6afc,b701f780ad99d469949a985b0472b8d1f26be0545e531d92895b7559ca142328,last,ood_metric/aupr_in_openood_auc,OOD-2,primary,up,id_train,id_test_vs_places365,detector_declared,detector/mahalanobis_pp,places365,far,,,,45195,C3,adam,0.0003,0.0,0.8225927379426142,0.0015838398887784806,0.822593 ± 0.001584,0.8209828332353447,0.8241491581388207,0.8226462224536771
metric_contract_v1.2,c38b09694be88aa74de0741b39e9d3ba0d6ff61a,35a1a66f78dfd6255c4d804586ee6863969be78d21acec5cd0ccf00476ddaa5c,f80984d28ef9a7550633fb3aea514f783f3db1fa655a6d3f49850b10857e6afc,b701f780ad99d469949a985b0472b8d1f26be0545e531d92895b7559ca142328,last,ood_metric/aupr_in_openood_auc,OOD-2,primary,up,id_train,id_test_vs_places365,detector_declared,detector/mahalanobis_raw,places365,far,,,,45195,C3,adam,0.0003,0.0,0.5279647456091824,0.008001180464439307,0.527965 ± 0.008001,0.5285571016113677,0.5196838494164733,0.5356532857997063
metric_contract_v1.2,c38b09694be88aa74de0741b39e9d3ba0d6ff61a,35a1a66f78dfd6255c4d804586ee6863969be78d21acec5cd0ccf00476ddaa5c,f80984d28ef9a7550633fb3aea514f783f3db1fa655a6d3f49850b10857e6afc,b701f780ad99d469949a985b0472b8d1f26be0545e531d92895b7559ca142328,last,ood_metric/aupr_in_openood_auc,OOD-2,primary,up,id_train,id_test_vs_places365,detector_declared,detector/marginal_mahalanobis_raw,places365,far,,,,45195,C3,adam,0.0003,0.0,0.36832390586066305,0.008397496193689657,0.368324 ± 0.008397,0.37336498028643644,0.35862990234490766,0.372976834950645
metric_contract_v1.2,c38b09694be88aa74de0741b39e9d3ba0d6ff61a,35a1a66f78dfd6255c4d804586ee6863969be78d21acec5cd0ccf00476ddaa5c,f80984d28ef9a7550633fb3aea514f783f3db1fa655a6d3f49850b10857e6afc,b701f780ad99d469949a985b0472b8d1f26be0545e531d92895b7559ca142328,last,ood_metric/aupr_in_openood_auc,OOD-2,primary,up,id_train,id_test_vs_places365,detector_declared,detector/ncp_euclidean_raw,places365,far,,,,45195,C3,adam,0.0003,0.0,0.7398448862371088,0.007497460458438736,0.739845 ± 0.007497,0.7428277241830391,0.7453918564027953,0.7313150781254918
metric_contract_v1.2,c38b09694be88aa74de0741b39e9d3ba0d6ff61a,35a1a66f78dfd6255c4d804586ee6863969be78d21acec5cd0ccf00476ddaa5c,f80984d28ef9a7550633fb3aea514f783f3db1fa655a6d3f49850b10857e6afc,b701f780ad99d469949a985b0472b8d1f26be0545e531d92895b7559ca142328,last,ood_metric/aupr_in_openood_auc,OOD-2,primary,up,id_train,id_test_vs_places365,detector_declared,detector/neco_author_std_dim100,places365,far,,,,45195,C3,adam,0.0003,0.0,0.8142308947140898,0.003863542415502456,0.814231 ± 0.003864,0.8138579106008202,0.810567370909092,0.8182674026323573
metric_contract_v1.2,c38b09694be88aa74de0741b39e9d3ba0d6ff61a,35a1a66f78dfd6255c4d804586ee6863969be78d21acec5cd0ccf00476ddaa5c,f80984d28ef9a7550633fb3aea514f783f3db1fa655a6d3f49850b10857e6afc,b701f780ad99d469949a985b0472b8d1f26be0545e531d92895b7559ca142328,last,ood_metric/aupr_in_openood_auc,OOD-2,primary,up,id_train,id_test_vs_places365,detector_declared,detector/relative_mahalanobis_pp,places365,far,,,,45195,C3,adam,0.0003,0.0,0.782613845494267,0.0006584061028632645,0.782614 ± 0.000658,0.782002217806659,0.783310724901757,0.7825285937743849
metric_contract_v1.2,c38b09694be88aa74de0741b39e9d3ba0d6ff61a,35a1a66f78dfd6255c4d804586ee6863969be78d21acec5cd0ccf00476ddaa5c,f80984d28ef9a7550633fb3aea514f783f3db1fa655a6d3f49850b10857e6afc,b701f780ad99d469949a985b0472b8d1f26be0545e531d92895b7559ca142328,last,ood_metric/aupr_in_openood_auc,OOD-2,primary,up,id_train,id_test_vs_places365,detector_declared,detector/relative_mahalanobis_raw,places365,far,,,,45195,C3,adam,0.0003,0.0,0.7912384067894592,0.005481336530893289,0.791238 ± 0.005481,0.795396246763082,0.7850267727754965,0.7932922008297993
metric_contract_v1.2,c38b09694be88aa74de0741b39e9d3ba0d6ff61a,35a1a66f78dfd6255c4d804586ee6863969be78d21acec5cd0ccf00476ddaa5c,f80984d28ef9a7550633fb3aea514f783f3db1fa655a6d3f49850b10857e6afc,b701f780ad99d469949a985b0472b8d1f26be0545e531d92895b7559ca142328,last,ood_metric/aupr_in_openood_auc,OOD-2,primary,up,id_train,id_test_vs_places365,detector_declared,detector/vim_author_dim,places365,far,,,,45195,C3,adam,0.0003,0.0,0.8255897650692262,0.0027233103882821834,0.825590 ± 0.002723,0.8285631510127506,0.8232167022570112,0.8249894419379169
metric_contract_v1.2,c38b09694be88aa74de0741b39e9d3ba0d6ff61a,35a1a66f78dfd6255c4d804586ee6863969be78d21acec5cd0ccf00476ddaa5c,f80984d28ef9a7550633fb3aea514f783f3db1fa655a6d3f49850b10857e6afc,b701f780ad99d469949a985b0472b8d1f26be0545e531d92895b7559ca142328,last,ood_metric/aupr_in_openood_auc,OOD-2,primary,up,id_train,id_test_vs_places365,detector_declared,detector/vim_dim128,places365,far,,,,45195,C3,adam,0.0003,0.0,0.8223898641375254,0.0013098198362092041,0.822390 ± 0.001310,0.8238676211232973,0.8219299188294326,0.8213720524598462
metric_contract_v1.2,c38b09694be88aa74de0741b39e9d3ba0d6ff61a,35a1a66f78dfd6255c4d804586ee6863969be78d21acec5cd0ccf00476ddaa5c,f80984d28ef9a7550633fb3aea514f783f3db1fa655a6d3f49850b10857e6afc,b701f780ad99d469949a985b0472b8d1f26be0545e531d92895b7559ca142328,last,ood_metric/aupr_in_openood_auc,OOD-2,primary,up,id_train,id_test_vs_places365,detector_declared,detector/vim_dim256,places365,far,,,,45195,C3,adam,0.0003,0.0,0.8254319462426137,0.0016964635173959903,0.825432 ± 0.001696,0.8271372359087723,0.8237444488287005,0.8254141539903688
metric_contract_v1.2,c38b09694be88aa74de0741b39e9d3ba0d6ff61a,35a1a66f78dfd6255c4d804586ee6863969be78d21acec5cd0ccf00476ddaa5c,f80984d28ef9a7550633fb3aea514f783f3db1fa655a6d3f49850b10857e6afc,b701f780ad99d469949a985b0472b8d1f26be0545e531d92895b7559ca142328,last,ood_metric/aupr_in_openood_auc,OOD-2,primary,up,id_train,id_test_vs_places365,detector_declared,detector/vim_dim320,places365,far,,,,45195,C3,adam,0.0003,0.0,0.8255897650692262,0.0027233103882821834,0.825590 ± 0.002723,0.8285631510127506,0.8232167022570112,0.8249894419379169
metric_contract_v1.2,c38b09694be88aa74de0741b39e9d3ba0d6ff61a,35a1a66f78dfd6255c4d804586ee6863969be78d21acec5cd0ccf00476ddaa5c,f80984d28ef9a7550633fb3aea514f783f3db1fa655a6d3f49850b10857e6afc,b701f780ad99d469949a985b0472b8d1f26be0545e531d92895b7559ca142328,last,ood_metric/aupr_in_openood_auc,OOD-2,primary,up,id_train,id_test_vs_places365,detector_declared,detector/vim_dim64,places365,far,,,,45195,C3,adam,0.0003,0.0,0.8173560425359181,0.002837939463072747,0.817356 ± 0.002838,0.8180128798728009,0.814247277858304,0.8198079698766496
metric_contract_v1.2,c38b09694be88aa74de0741b39e9d3ba0d6ff61a,35a1a66f78dfd6255c4d804586ee6863969be78d21acec5cd0ccf00476ddaa5c,f80984d28ef9a7550633fb3aea514f783f3db1fa655a6d3f49850b10857e6afc,b701f780ad99d469949a985b0472b8d1f26be0545e531d92895b7559ca142328,last,ood_metric/aupr_in_openood_auc,OOD-2,primary,up,id_train,id_test_vs_places365,detector_declared,detector/weight_cosine_appendix,places365,far,,,,45195,C3,adam,0.0003,0.0,0.7897144000851655,0.01343879258568485,0.789714 ± 0.013439,0.7993417342986345,0.7743609524722874,0.7954405134845747
metric_contract_v1.2,c38b09694be88aa74de0741b39e9d3ba0d6ff61a,35a1a66f78dfd6255c4d804586ee6863969be78d21acec5cd0ccf00476ddaa5c,f80984d28ef9a7550633fb3aea514f783f3db1fa655a6d3f49850b10857e6afc,b701f780ad99d469949a985b0472b8d1f26be0545e531d92895b7559ca142328,last,ood_metric/aupr_in_openood_auc,OOD-2,primary,up,,id_test_vs_places365,detector_declared,ood_score/energy_t1,places365,far,,,,45195,C3,adam,0.0003,0.0,0.8180309097149748,0.00494074338551665,0.818031 ± 0.004941,0.8198737103174716,0.8124336127450538,0.8217854060823993
metric_contract_v1.2,c38b09694be88aa74de0741b39e9d3ba0d6ff61a,35a1a66f78dfd6255c4d804586ee6863969be78d21acec5cd0ccf00476ddaa5c,f80984d28ef9a7550633fb3aea514f783f3db1fa655a6d3f49850b10857e6afc,b701f780ad99d469949a985b0472b8d1f26be0545e531d92895b7559ca142328,last,ood_metric/aupr_in_openood_auc,OOD-2,primary,up,,id_test_vs_places365,detector_declared,ood_score/max_logit,places365,far,,,,45195,C3,adam,0.0003,0.0,0.8178501570416764,0.004955574383202569,0.817850 ± 0.004956,0.8196758904261949,0.8122407234464608,0.8216338572523734
metric_contract_v1.2,c38b09694be88aa74de0741b39e9d3ba0d6ff61a,35a1a66f78dfd6255c4d804586ee6863969be78d21acec5cd0ccf00476ddaa5c,f80984d28ef9a7550633fb3aea514f783f3db1fa655a6d3f49850b10857e6afc,b701f780ad99d469949a985b0472b8d1f26be0545e531d92895b7559ca142328,last,ood_metric/aupr_in_openood_auc,OOD-2,primary,up,,id_test_vs_places365,detector_declared,ood_score/msp,places365,far,,,,45195,C3,adam,0.0003,0.0,0.8092825989327707,0.0023960562745374823,0.809283 ± 0.002396,0.8087895355039691,0.8071714300698856,0.8118868312244574
metric_contract_v1.2,c38b09694be88aa74de0741b39e9d3ba0d6ff61a,35a1a66f78dfd6255c4d804586ee6863969be78d21acec5cd0ccf00476ddaa5c,f80984d28ef9a7550633fb3aea514f783f3db1fa655a6d3f49850b10857e6afc,b701f780ad99d469949a985b0472b8d1f26be0545e531d92895b7559ca142328,last,ood_metric/aupr_out_openood_auc,OOD-3,primary,up,id_train,id_test_vs_places365,detector_declared,detector/ctm_prototype_cosine,places365,far,,,,45195,C3,adam,0.0003,0.0,0.9598262759267131,0.001244123447922139,0.959826 ± 0.001244,0.9608142240259919,0.9602355250325109,0.9584290787216363
metric_contract_v1.2,c38b09694be88aa74de0741b39e9d3ba0d6ff61a,35a1a66f78dfd6255c4d804586ee6863969be78d21acec5cd0ccf00476ddaa5c,f80984d28ef9a7550633fb3aea514f783f3db1fa655a6d3f49850b10857e6afc,b701f780ad99d469949a985b0472b8d1f26be0545e531d92895b7559ca142328,last,ood_metric/aupr_out_openood_auc,OOD-3,primary,up,id_train,id_test_vs_places365,detector_declared,detector/gda_class_density,places365,far,,,,45195,C3,adam,0.0003,0.0,0.9551258243028702,0.0010998782415521282,0.955126 ± 0.001100,0.9553612248361165,0.9560889441359632,0.953927303936531
metric_contract_v1.2,c38b09694be88aa74de0741b39e9d3ba0d6ff61a,35a1a66f78dfd6255c4d804586ee6863969be78d21acec5cd0ccf00476ddaa5c,f80984d28ef9a7550633fb3aea514f783f3db1fa655a6d3f49850b10857e6afc,b701f780ad99d469949a985b0472b8d1f26be0545e531d92895b7559ca142328,last,ood_metric/aupr_out_openood_auc,OOD-3,primary,up,id_train,id_test_vs_places365,detector_declared,detector/knn_l2_k50,places365,far,,,,45195,C3,adam,0.0003,0.0,0.9664098169429142,0.0007715181703550291,0.966410 ± 0.000772,0.9663455806786309,0.967211445025577,0.9656724251245346
metric_contract_v1.2,c38b09694be88aa74de0741b39e9d3ba0d6ff61a,35a1a66f78dfd6255c4d804586ee6863969be78d21acec5cd0ccf00476ddaa5c,f80984d28ef9a7550633fb3aea514f783f3db1fa655a6d3f49850b10857e6afc,b701f780ad99d469949a985b0472b8d1f26be0545e531d92895b7559ca142328,last,ood_metric/aupr_out_openood_auc,OOD-3,primary,up,id_train,id_test_vs_places365,detector_declared,detector/mahalanobis_pp,places365,far,,,,45195,C3,adam,0.0003,0.0,0.9678993944358587,0.0007964989411669084,0.967899 ± 0.000796,0.9679241786513826,0.9686832120179873,0.9670907926382062
metric_contract_v1.2,c38b09694be88aa74de0741b39e9d3ba0d6ff61a,35a1a66f78dfd6255c4d804586ee6863969be78d21acec5cd0ccf00476ddaa5c,f80984d28ef9a7550633fb3aea514f783f3db1fa655a6d3f49850b10857e6afc,b701f780ad99d469949a985b0472b8d1f26be0545e531d92895b7559ca142328,last,ood_metric/aupr_out_openood_auc,OOD-3,primary,up,id_train,id_test_vs_places365,detector_declared,detector/mahalanobis_raw,places365,far,,,,45195,C3,adam,0.0003,0.0,0.8951906639516838,0.0021269125130662786,0.895191 ± 0.002127,0.8969181914997264,0.8958386849726327,0.8928151153826922
metric_contract_v1.2,c38b09694be88aa74de0741b39e9d3ba0d6ff61a,35a1a66f78dfd6255c4d804586ee6863969be78d21acec5cd0ccf00476ddaa5c,f80984d28ef9a7550633fb3aea514f783f3db1fa655a6d3f49850b10857e6afc,b701f780ad99d469949a985b0472b8d1f26be0545e531d92895b7559ca142328,last,ood_metric/aupr_out_openood_auc,OOD-3,primary,up,id_train,id_test_vs_places365,detector_declared,detector/marginal_mahalanobis_raw,places365,far,,,,45195,C3,adam,0.0003,0.0,0.854585006001666,0.0032327524678963165,0.854585 ± 0.003233,0.8577078861025844,0.8547945553428054,0.851252576559608
metric_contract_v1.2,c38b09694be88aa74de0741b39e9d3ba0d6ff61a,35a1a66f78dfd6255c4d804586ee6863969be78d21acec5cd0ccf00476ddaa5c,f80984d28ef9a7550633fb3aea514f783f3db1fa655a6d3f49850b10857e6afc,b701f780ad99d469949a985b0472b8d1f26be0545e531d92895b7559ca142328,last,ood_metric/aupr_out_openood_auc,OOD-3,primary,up,id_train,id_test_vs_places365,detector_declared,detector/ncp_euclidean_raw,places365,far,,,,45195,C3,adam,0.0003,0.0,0.9525649508305524,0.002036973870999633,0.952565 ± 0.002037,0.9533955613405756,0.9540553809156692,0.9502439102354123
metric_contract_v1.2,c38b09694be88aa74de0741b39e9d3ba0d6ff61a,35a1a66f78dfd6255c4d804586ee6863969be78d21acec5cd0ccf00476ddaa5c,f80984d28ef9a7550633fb3aea514f783f3db1fa655a6d3f49850b10857e6afc,b701f780ad99d469949a985b0472b8d1f26be0545e531d92895b7559ca142328,last,ood_metric/aupr_out_openood_auc,OOD-3,primary,up,id_train,id_test_vs_places365,detector_declared,detector/neco_author_std_dim100,places365,far,,,,45195,C3,adam,0.0003,0.0,0.9616594991566491,0.0007935508780213614,0.961659 ± 0.000794,0.9620673744814792,0.9607449622502473,0.9621661607382208
metric_contract_v1.2,c38b09694be88aa74de0741b39e9d3ba0d6ff61a,35a1a66f78dfd6255c4d804586ee6863969be78d21acec5cd0ccf00476ddaa5c,f80984d28ef9a7550633fb3aea514f783f3db1fa655a6d3f49850b10857e6afc,b701f780ad99d469949a985b0472b8d1f26be0545e531d92895b7559ca142328,last,ood_metric/aupr_out_openood_auc,OOD-3,primary,up,id_train,id_test_vs_places365,detector_declared,detector/relative_mahalanobis_pp,places365,far,,,,45195,C3,adam,0.0003,0.0,0.9618237887062353,0.0006843371612722712,0.961824 ± 0.000684,0.9624573875429248,0.9619159290584038,0.9610980495173772
metric_contract_v1.2,c38b09694be88aa74de0741b39e9d3ba0d6ff61a,35a1a66f78dfd6255c4d804586ee6863969be78d21acec5cd0ccf00476ddaa5c,f80984d28ef9a7550633fb3aea514f783f3db1fa655a6d3f49850b10857e6afc,b701f780ad99d469949a985b0472b8d1f26be0545e531d92895b7559ca142328,last,ood_metric/aupr_out_openood_auc,OOD-3,primary,up,id_train,id_test_vs_places365,detector_declared,detector/relative_mahalanobis_raw,places365,far,,,,45195,C3,adam,0.0003,0.0,0.9650543280362774,0.0007053659542993382,0.965054 ± 0.000705,0.9658601345310399,0.9647541284851952,0.964548721092597
metric_contract_v1.2,c38b09694be88aa74de0741b39e9d3ba0d6ff61a,35a1a66f78dfd6255c4d804586ee6863969be78d21acec5cd0ccf00476ddaa5c,f80984d28ef9a7550633fb3aea514f783f3db1fa655a6d3f49850b10857e6afc,b701f780ad99d469949a985b0472b8d1f26be0545e531d92895b7559ca142328,last,ood_metric/aupr_out_openood_auc,OOD-3,primary,up,id_train,id_test_vs_places365,detector_declared,detector/vim_author_dim,places365,far,,,,45195,C3,adam,0.0003,0.0,0.9646844979447994,0.0011056425609513021,0.964684 ± 0.001106,0.9656951658721352,0.9648547068947042,0.963503621067559
metric_contract_v1.2,c38b09694be88aa74de0741b39e9d3ba0d6ff61a,35a1a66f78dfd6255c4d804586ee6863969be78d21acec5cd0ccf00476ddaa5c,f80984d28ef9a7550633fb3aea514f783f3db1fa655a6d3f49850b10857e6afc,b701f780ad99d469949a985b0472b8d1f26be0545e531d92895b7559ca142328,last,ood_metric/aupr_out_openood_auc,OOD-3,primary,up,id_train,id_test_vs_places365,detector_declared,detector/vim_dim128,places365,far,,,,45195,C3,adam,0.0003,0.0,0.9646738661896466,0.001234817694029079,0.964674 ± 0.001235,0.9647255042824879,0.965882054788264,0.9634140394981874
metric_contract_v1.2,c38b09694be88aa74de0741b39e9d3ba0d6ff61a,35a1a66f78dfd6255c4d804586ee6863969be78d21acec5cd0ccf00476ddaa5c,f80984d28ef9a7550633fb3aea514f783f3db1fa655a6d3f49850b10857e6afc,b701f780ad99d469949a985b0472b8d1f26be0545e531d92895b7559ca142328,last,ood_metric/aupr_out_openood_auc,OOD-3,primary,up,id_train,id_test_vs_places365,detector_declared,detector/vim_dim256,places365,far,,,,45195,C3,adam,0.0003,0.0,0.9645932665910101,0.000705463176778445,0.964593 ± 0.000705,0.965101957492184,0.96488992338097,0.9637879188998765
metric_contract_v1.2,c38b09694be88aa74de0741b39e9d3ba0d6ff61a,35a1a66f78dfd6255c4d804586ee6863969be78d21acec5cd0ccf00476ddaa5c,f80984d28ef9a7550633fb3aea514f783f3db1fa655a6d3f49850b10857e6afc,b701f780ad99d469949a985b0472b8d1f26be0545e531d92895b7559ca142328,last,ood_metric/aupr_out_openood_auc,OOD-3,primary,up,id_train,id_test_vs_places365,detector_declared,detector/vim_dim320,places365,far,,,,45195,C3,adam,0.0003,0.0,0.9646844979447994,0.0011056425609513021,0.964684 ± 0.001106,0.9656951658721352,0.9648547068947042,0.963503621067559
metric_contract_v1.2,c38b09694be88aa74de0741b39e9d3ba0d6ff61a,35a1a66f78dfd6255c4d804586ee6863969be78d21acec5cd0ccf00476ddaa5c,f80984d28ef9a7550633fb3aea514f783f3db1fa655a6d3f49850b10857e6afc,b701f780ad99d469949a985b0472b8d1f26be0545e531d92895b7559ca142328,last,ood_metric/aupr_out_openood_auc,OOD-3,primary,up,id_train,id_test_vs_places365,detector_declared,detector/vim_dim64,places365,far,,,,45195,C3,adam,0.0003,0.0,0.9655442700742213,7.354185824073111e-05,0.965544 ± 0.000074,0.9656201938141258,0.9655392489723642,0.9654733674361741
metric_contract_v1.2,c38b09694be88aa74de0741b39e9d3ba0d6ff61a,35a1a66f78dfd6255c4d804586ee6863969be78d21acec5cd0ccf00476ddaa5c,f80984d28ef9a7550633fb3aea514f783f3db1fa655a6d3f49850b10857e6afc,b701f780ad99d469949a985b0472b8d1f26be0545e531d92895b7559ca142328,last,ood_metric/aupr_out_openood_auc,OOD-3,primary,up,id_train,id_test_vs_places365,detector_declared,detector/weight_cosine_appendix,places365,far,,,,45195,C3,adam,0.0003,0.0,0.9625987496985635,0.0010459109072831875,0.962599 ± 0.001046,0.9634830008540434,0.9614442305873757,0.9628690176542715
metric_contract_v1.2,c38b09694be88aa74de0741b39e9d3ba0d6ff61a,35a1a66f78dfd6255c4d804586ee6863969be78d21acec5cd0ccf00476ddaa5c,f80984d28ef9a7550633fb3aea514f783f3db1fa655a6d3f49850b10857e6afc,b701f780ad99d469949a985b0472b8d1f26be0545e531d92895b7559ca142328,last,ood_metric/aupr_out_openood_auc,OOD-3,primary,up,,id_test_vs_places365,detector_declared,ood_score/energy_t1,places365,far,,,,45195,C3,adam,0.0003,0.0,0.9659160175048713,0.00037719453117125837,0.965916 ± 0.000377,0.9662088762802721,0.9654903910226327,0.966048785211709
metric_contract_v1.2,c38b09694be88aa74de0741b39e9d3ba0d6ff61a,35a1a66f78dfd6255c4d804586ee6863969be78d21acec5cd0ccf00476ddaa5c,f80984d28ef9a7550633fb3aea514f783f3db1fa655a6d3f49850b10857e6afc,b701f780ad99d469949a985b0472b8d1f26be0545e531d92895b7559ca142328,last,ood_metric/aupr_out_openood_auc,OOD-3,primary,up,,id_test_vs_places365,detector_declared,ood_score/max_logit,places365,far,,,,45195,C3,adam,0.0003,0.0,0.9658556379984677,0.000383753631046391,0.965856 ± 0.000384,0.9661343441661562,0.965417941147451,0.9660146286817957
metric_contract_v1.2,c38b09694be88aa74de0741b39e9d3ba0d6ff61a,35a1a66f78dfd6255c4d804586ee6863969be78d21acec5cd0ccf00476ddaa5c,f80984d28ef9a7550633fb3aea514f783f3db1fa655a6d3f49850b10857e6afc,b701f780ad99d469949a985b0472b8d1f26be0545e531d92895b7559ca142328,last,ood_metric/aupr_out_openood_auc,OOD-3,primary,up,,id_test_vs_places365,detector_declared,ood_score/msp,places365,far,,,,45195,C3,adam,0.0003,0.0,0.9538945485379173,0.0008647112123145406,0.953895 ± 0.000865,0.9537182043540846,0.9531316022318868,0.9548338390277806
metric_contract_v1.2,c38b09694be88aa74de0741b39e9d3ba0d6ff61a,35a1a66f78dfd6255c4d804586ee6863969be78d21acec5cd0ccf00476ddaa5c,f80984d28ef9a7550633fb3aea514f783f3db1fa655a6d3f49850b10857e6afc,b701f780ad99d469949a985b0472b8d1f26be0545e531d92895b7559ca142328,last,ood_metric/auroc_id_positive,OOD-1,primary,up,id_train,id_test_vs_places365,detector_declared,detector/ctm_prototype_cosine,places365,far,,,,45195,C3,adam,0.0003,0.0,0.8957222484254391,0.0015737908470175427,0.895722 ± 0.001574,0.8965463616991048,0.8967128484159682,0.8939075351612444
metric_contract_v1.2,c38b09694be88aa74de0741b39e9d3ba0d6ff61a,35a1a66f78dfd6255c4d804586ee6863969be78d21acec5cd0ccf00476ddaa5c,f80984d28ef9a7550633fb3aea514f783f3db1fa655a6d3f49850b10857e6afc,b701f780ad99d469949a985b0472b8d1f26be0545e531d92895b7559ca142328,last,ood_metric/auroc_id_positive,OOD-1,primary,up,id_train,id_test_vs_places365,detector_declared,detector/gda_class_density,places365,far,,,,45195,C3,adam,0.0003,0.0,0.8904180432826632,0.0011817453497790626,0.890418 ± 0.001182,0.891244014774826,0.8909457224037505,0.8890643926694133
metric_contract_v1.2,c38b09694be88aa74de0741b39e9d3ba0d6ff61a,35a1a66f78dfd6255c4d804586ee6863969be78d21acec5cd0ccf00476ddaa5c,f80984d28ef9a7550633fb3aea514f783f3db1fa655a6d3f49850b10857e6afc,b701f780ad99d469949a985b0472b8d1f26be0545e531d92895b7559ca142328,last,ood_metric/auroc_id_positive,OOD-1,primary,up,id_train,id_test_vs_places365,detector_declared,detector/knn_l2_k50,places365,far,,,,45195,C3,adam,0.0003,0.0,0.911526001799498,0.0013288432287611677,0.911526 ± 0.001329,0.9110981588293793,0.9130160647819292,0.9104637817871856
metric_contract_v1.2,c38b09694be88aa74de0741b39e9d3ba0d6ff61a,35a1a66f78dfd6255c4d804586ee6863969be78d21acec5cd0ccf00476ddaa5c,f80984d28ef9a7550633fb3aea514f783f3db1fa655a6d3f49850b10857e6afc,b701f780ad99d469949a985b0472b8d1f26be0545e531d92895b7559ca142328,last,ood_metric/auroc_id_positive,OOD-1,primary,up,id_train,id_test_vs_places365,detector_declared,detector/mahalanobis_pp,places365,far,,,,45195,C3,adam,0.0003,0.0,0.9128922242742815,0.0010492722533038885,0.912892 ± 0.001049,0.913049933229152,0.9138537150163376,0.9117730245773548
metric_contract_v1.2,c38b09694be88aa74de0741b39e9d3ba0d6ff61a,35a1a66f78dfd6255c4d804586ee6863969be78d21acec5cd0ccf00476ddaa5c,f80984d28ef9a7550633fb3aea514f783f3db1fa655a6d3f49850b10857e6afc,b701f780ad99d469949a985b0472b8d1f26be0545e531d92895b7559ca142328,last,ood_metric/auroc_id_positive,OOD-1,primary,up,id_train,id_test_vs_places365,detector_declared,detector/mahalanobis_raw,places365,far,,,,45195,C3,adam,0.0003,0.0,0.7476078126627836,0.0029709114891900007,0.747608 ± 0.002971,0.7509989259838045,0.745463281716153,0.7463612302883933
metric_contract_v1.2,c38b09694be88aa74de0741b39e9d3ba0d6ff61a,35a1a66f78dfd6255c4d804586ee6863969be78d21acec5cd0ccf00476ddaa5c,f80984d28ef9a7550633fb3aea514f783f3db1fa655a6d3f49850b10857e6afc,b701f780ad99d469949a985b0472b8d1f26be0545e531d92895b7559ca142328,last,ood_metric/auroc_id_positive,OOD-1,primary,up,id_train,id_test_vs_places365,detector_declared,detector/marginal_mahalanobis_raw,places365,far,,,,45195,C3,adam,0.0003,0.0,0.6448668437751575,0.005857172929094653,0.644867 ± 0.005857,0.6516046313396789,0.6409898764028982,0.6420060235828953
metric_contract_v1.2,c38b09694be88aa74de0741b39e9d3ba0d6ff61a,35a1a66f78dfd6255c4d804586ee6863969be78d21acec5cd0ccf00476ddaa5c,f80984d28ef9a7550633fb3aea514f783f3db1fa655a6d3f49850b10857e6afc,b701f780ad99d469949a985b0472b8d1f26be0545e531d92895b7559ca142328,last,ood_metric/auroc_id_positive,OOD-1,primary,up,id_train,id_test_vs_places365,detector_declared,detector/ncp_euclidean_raw,places365,far,,,,45195,C3,adam,0.0003,0.0,0.8801759094568357,0.004038775004676183,0.880176 ± 0.004039,0.8824222304304588,0.8825921324051711,0.8755133655348771
metric_contract_v1.2,c38b09694be88aa74de0741b39e9d3ba0d6ff61a,35a1a66f78dfd6255c4d804586ee6863969be78d21acec5cd0ccf00476ddaa5c,f80984d28ef9a7550633fb3aea514f783f3db1fa655a6d3f49850b10857e6afc,b701f780ad99d469949a985b0472b8d1f26be0545e531d92895b7559ca142328,last,ood_metric/auroc_id_positive,OOD-1,primary,up,id_train,id_test_vs_places365,detector_declared,detector/neco_author_std_dim100,places365,far,,,,45195,C3,adam,0.0003,0.0,0.9043435847895062,0.0024434774248423457,0.904344 ± 0.002443,0.9050993805938343,0.9016115073163802,0.9063198664583039
metric_contract_v1.2,c38b09694be88aa74de0741b39e9d3ba0d6ff61a,35a1a66f78dfd6255c4d804586ee6863969be78d21acec5cd0ccf00476ddaa5c,f80984d28ef9a7550633fb3aea514f783f3db1fa655a6d3f49850b10857e6afc,b701f780ad99d469949a985b0472b8d1f26be0545e531d92895b7559ca142328,last,ood_metric/auroc_id_positive,OOD-1,primary,up,id_train,id_test_vs_places365,detector_declared,detector/relative_mahalanobis_pp,places365,far,,,,45195,C3,adam,0.0003,0.0,0.9015614509636785,0.0005997851910469994,0.901561 ± 0.000600,0.9022498962920869,0.9012826083250461,0.9011518482739024
metric_contract_v1.2,c38b09694be88aa74de0741b39e9d3ba0d6ff61a,35a1a66f78dfd6255c4d804586ee6863969be78d21acec5cd0ccf00476ddaa5c,f80984d28ef9a7550633fb3aea514f783f3db1fa655a6d3f49850b10857e6afc,b701f780ad99d469949a985b0472b8d1f26be0545e531d92895b7559ca142328,last,ood_metric/auroc_id_positive,OOD-1,primary,up,id_train,id_test_vs_places365,detector_declared,detector/relative_mahalanobis_raw,places365,far,,,,45195,C3,adam,0.0003,0.0,0.9087659677037457,0.0008734111053758591,0.908766 ± 0.000873,0.9096380650660606,0.9078912487569257,0.9087685892882511
metric_contract_v1.2,c38b09694be88aa74de0741b39e9d3ba0d6ff61a,35a1a66f78dfd6255c4d804586ee6863969be78d21acec5cd0ccf00476ddaa5c,f80984d28ef9a7550633fb3aea514f783f3db1fa655a6d3f49850b10857e6afc,b701f780ad99d469949a985b0472b8d1f26be0545e531d92895b7559ca142328,last,ood_metric/auroc_id_positive,OOD-1,primary,up,id_train,id_test_vs_places365,detector_declared,detector/vim_author_dim,places365,far,,,,45195,C3,adam,0.0003,0.0,0.911197371785765,0.0017989702690186591,0.911197 ± 0.001799,0.9132208239806789,0.9105924932518823,0.9097787981247336
metric_contract_v1.2,c38b09694be88aa74de0741b39e9d3ba0d6ff61a,35a1a66f78dfd6255c4d804586ee6863969be78d21acec5cd0ccf00476ddaa5c,f80984d28ef9a7550633fb3aea514f783f3db1fa655a6d3f49850b10857e6afc,b701f780ad99d469949a985b0472b8d1f26be0545e531d92895b7559ca142328,last,ood_metric/auroc_id_positive,OOD-1,primary,up,id_train,id_test_vs_places365,detector_declared,detector/vim_dim128,places365,far,,,,45195,C3,adam,0.0003,0.0,0.9104716749538286,0.0015003639014075864,0.910472 ± 0.001500,0.9111070095183975,0.9115498423071459,0.9087581730359426
metric_contract_v1.2,c38b09694be88aa74de0741b39e9d3ba0d6ff61a,35a1a66f78dfd6255c4d804586ee6863969be78d21acec5cd0ccf00476ddaa5c,f80984d28ef9a7550633fb3aea514f783f3db1fa655a6d3f49850b10857e6afc,b701f780ad99d469949a985b0472b8d1f26be0545e531d92895b7559ca142328,last,ood_metric/auroc_id_positive,OOD-1,primary,up,id_train,id_test_vs_places365,detector_declared,detector/vim_dim256,places365,far,,,,45195,C3,adam,0.0003,0.0,0.9111033783207843,0.0010386746753152975,0.911103 ± 0.001039,0.9122452734763461,0.9108500809774116,0.9102147805085951
metric_contract_v1.2,c38b09694be88aa74de0741b39e9d3ba0d6ff61a,35a1a66f78dfd6255c4d804586ee6863969be78d21acec5cd0ccf00476ddaa5c,f80984d28ef9a7550633fb3aea514f783f3db1fa655a6d3f49850b10857e6afc,b701f780ad99d469949a985b0472b8d1f26be0545e531d92895b7559ca142328,last,ood_metric/auroc_id_positive,OOD-1,primary,up,id_train,id_test_vs_places365,detector_declared,detector/vim_dim320,places365,far,,,,45195,C3,adam,0.0003,0.0,0.911197371785765,0.0017989702690186591,0.911197 ± 0.001799,0.9132208239806789,0.9105924932518823,0.9097787981247336
metric_contract_v1.2,c38b09694be88aa74de0741b39e9d3ba0d6ff61a,35a1a66f78dfd6255c4d804586ee6863969be78d21acec5cd0ccf00476ddaa5c,f80984d28ef9a7550633fb3aea514f783f3db1fa655a6d3f49850b10857e6afc,b701f780ad99d469949a985b0472b8d1f26be0545e531d92895b7559ca142328,last,ood_metric/auroc_id_positive,OOD-1,primary,up,id_train,id_test_vs_places365,detector_declared,detector/vim_dim64,places365,far,,,,45195,C3,adam,0.0003,0.0,0.9110812890088553,0.0002708139046706798,0.911081 ± 0.000271,0.910984168205711,0.9108724279016907,0.9113872709191646
metric_contract_v1.2,c38b09694be88aa74de0741b39e9d3ba0d6ff61a,35a1a66f78dfd6255c4d804586ee6863969be78d21acec5cd0ccf00476ddaa5c,f80984d28ef9a7550633fb3aea514f783f3db1fa655a6d3f49850b10857e6afc,b701f780ad99d469949a985b0472b8d1f26be0545e531d92895b7559ca142328,last,ood_metric/auroc_id_positive,OOD-1,primary,up,id_train,id_test_vs_places365,detector_declared,detector/weight_cosine_appendix,places365,far,,,,45195,C3,adam,0.0003,0.0,0.9027270218307525,0.003486899843923462,0.902727 ± 0.003487,0.9054637903111238,0.8988010910640716,0.9039161841170622
metric_contract_v1.2,c38b09694be88aa74de0741b39e9d3ba0d6ff61a,35a1a66f78dfd6255c4d804586ee6863969be78d21acec5cd0ccf00476ddaa5c,f80984d28ef9a7550633fb3aea514f783f3db1fa655a6d3f49850b10857e6afc,b701f780ad99d469949a985b0472b8d1f26be0545e531d92895b7559ca142328,last,ood_metric/auroc_id_positive,OOD-1,primary,up,,id_test_vs_places365,detector_declared,ood_score/energy_t1,places365,far,,,,45195,C3,adam,0.0003,0.0,0.912963438935455,0.0012581642559827018,0.912963 ± 0.001258,0.913478522517403,0.9115294644125584,0.9138823298764029
metric_contract_v1.2,c38b09694be88aa74de0741b39e9d3ba0d6ff61a,35a1a66f78dfd6255c4d804586ee6863969be78d21acec5cd0ccf00476ddaa5c,f80984d28ef9a7550633fb3aea514f783f3db1fa655a6d3f49850b10857e6afc,b701f780ad99d469949a985b0472b8d1f26be0545e531d92895b7559ca142328,last,ood_metric/auroc_id_positive,OOD-1,primary,up,,id_test_vs_places365,detector_declared,ood_score/max_logit,places365,far,,,,45195,C3,adam,0.0003,0.0,0.9127305033858977,0.001284822050631674,0.912731 ± 0.001285,0.9132255348771132,0.9112717999715869,0.9136941753089928
metric_contract_v1.2,c38b09694be88aa74de0741b39e9d3ba0d6ff61a,35a1a66f78dfd6255c4d804586ee6863969be78d21acec5cd0ccf00476ddaa5c,f80984d28ef9a7550633fb3aea514f783f3db1fa655a6d3f49850b10857e6afc,b701f780ad99d469949a985b0472b8d1f26be0545e531d92895b7559ca142328,last,ood_metric/auroc_id_positive,OOD-1,primary,up,,id_test_vs_places365,detector_declared,ood_score/msp,places365,far,,,,45195,C3,adam,0.0003,0.0,0.8936352540607094,0.001407872031731499,0.893635 ± 0.001408,0.8936773703651089,0.8922067964199459,0.8950215953970735
metric_contract_v1.2,c38b09694be88aa74de0741b39e9d3ba0d6ff61a,35a1a66f78dfd6255c4d804586ee6863969be78d21acec5cd0ccf00476ddaa5c,f80984d28ef9a7550633fb3aea514f783f3db1fa655a6d3f49850b10857e6afc,b701f780ad99d469949a985b0472b8d1f26be0545e531d92895b7559ca142328,last,ood_metric/fpr95_achieved_id_tpr,OOD-4,appendix,descriptive,id_train,id_test_vs_places365,detector_declared,detector/ctm_prototype_cosine,places365,far,,,,45195,C3,adam,0.0003,0.0,0.9499999999999998,1.3597399555105182e-16,0.950000 ± 0.000000,0.95,0.95,0.95
metric_contract_v1.2,c38b09694be88aa74de0741b39e9d3ba0d6ff61a,35a1a66f78dfd6255c4d804586ee6863969be78d21acec5cd0ccf00476ddaa5c,f80984d28ef9a7550633fb3aea514f783f3db1fa655a6d3f49850b10857e6afc,b701f780ad99d469949a985b0472b8d1f26be0545e531d92895b7559ca142328,last,ood_metric/fpr95_achieved_id_tpr,OOD-4,appendix,descriptive,id_train,id_test_vs_places365,detector_declared,detector/gda_class_density,places365,far,,,,45195,C3,adam,0.0003,0.0,0.9499999999999998,1.3597399555105182e-16,0.950000 ± 0.000000,0.95,0.95,0.95
metric_contract_v1.2,c38b09694be88aa74de0741b39e9d3ba0d6ff61a,35a1a66f78dfd6255c4d804586ee6863969be78d21acec5cd0ccf00476ddaa5c,f80984d28ef9a7550633fb3aea514f783f3db1fa655a6d3f49850b10857e6afc,b701f780ad99d469949a985b0472b8d1f26be0545e531d92895b7559ca142328,last,ood_metric/fpr95_achieved_id_tpr,OOD-4,appendix,descriptive,id_train,id_test_vs_places365,detector_declared,detector/knn_l2_k50,places365,far,,,,45195,C3,adam,0.0003,0.0,0.9499999999999998,1.3597399555105182e-16,0.950000 ± 0.000000,0.95,0.95,0.95
metric_contract_v1.2,c38b09694be88aa74de0741b39e9d3ba0d6ff61a,35a1a66f78dfd6255c4d804586ee6863969be78d21acec5cd0ccf00476ddaa5c,f80984d28ef9a7550633fb3aea514f783f3db1fa655a6d3f49850b10857e6afc,b701f780ad99d469949a985b0472b8d1f26be0545e531d92895b7559ca142328,last,ood_metric/fpr95_achieved_id_tpr,OOD-4,appendix,descriptive,id_train,id_test_vs_places365,detector_declared,detector/mahalanobis_pp,places365,far,,,,45195,C3,adam,0.0003,0.0,0.9499999999999998,1.3597399555105182e-16,0.950000 ± 0.000000,0.95,0.95,0.95
metric_contract_v1.2,c38b09694be88aa74de0741b39e9d3ba0d6ff61a,35a1a66f78dfd6255c4d804586ee6863969be78d21acec5cd0ccf00476ddaa5c,f80984d28ef9a7550633fb3aea514f783f3db1fa655a6d3f49850b10857e6afc,b701f780ad99d469949a985b0472b8d1f26be0545e531d92895b7559ca142328,last,ood_metric/fpr95_achieved_id_tpr,OOD-4,appendix,descriptive,id_train,id_test_vs_places365,detector_declared,detector/mahalanobis_raw,places365,far,,,,45195,C3,adam,0.0003,0.0,0.9499999999999998,1.3597399555105182e-16,0.950000 ± 0.000000,0.95,0.95,0.95
metric_contract_v1.2,c38b09694be88aa74de0741b39e9d3ba0d6ff61a,35a1a66f78dfd6255c4d804586ee6863969be78d21acec5cd0ccf00476ddaa5c,f80984d28ef9a7550633fb3aea514f783f3db1fa655a6d3f49850b10857e6afc,b701f780ad99d469949a985b0472b8d1f26be0545e531d92895b7559ca142328,last,ood_metric/fpr95_achieved_id_tpr,OOD-4,appendix,descriptive,id_train,id_test_vs_places365,detector_declared,detector/marginal_mahalanobis_raw,places365,far,,,,45195,C3,adam,0.0003,0.0,0.9499999999999998,1.3597399555105182e-16,0.950000 ± 0.000000,0.95,0.95,0.95
metric_contract_v1.2,c38b09694be88aa74de0741b39e9d3ba0d6ff61a,35a1a66f78dfd6255c4d804586ee6863969be78d21acec5cd0ccf00476ddaa5c,f80984d28ef9a7550633fb3aea514f783f3db1fa655a6d3f49850b10857e6afc,b701f780ad99d469949a985b0472b8d1f26be0545e531d92895b7559ca142328,last,ood_metric/fpr95_achieved_id_tpr,OOD-4,appendix,descriptive,id_train,id_test_vs_places365,detector_declared,detector/ncp_euclidean_raw,places365,far,,,,45195,C3,adam,0.0003,0.0,0.9499999999999998,1.3597399555105182e-16,0.950000 ± 0.000000,0.95,0.95,0.95
metric_contract_v1.2,c38b09694be88aa74de0741b39e9d3ba0d6ff61a,35a1a66f78dfd6255c4d804586ee6863969be78d21acec5cd0ccf00476ddaa5c,f80984d28ef9a7550633fb3aea514f783f3db1fa655a6d3f49850b10857e6afc,b701f780ad99d469949a985b0472b8d1f26be0545e531d92895b7559ca142328,last,ood_metric/fpr95_achieved_id_tpr,OOD-4,appendix,descriptive,id_train,id_test_vs_places365,detector_declared,detector/neco_author_std_dim100,places365,far,,,,45195,C3,adam,0.0003,0.0,0.9499999999999998,1.3597399555105182e-16,0.950000 ± 0.000000,0.95,0.95,0.95
metric_contract_v1.2,c38b09694be88aa74de0741b39e9d3ba0d6ff61a,35a1a66f78dfd6255c4d804586ee6863969be78d21acec5cd0ccf00476ddaa5c,f80984d28ef9a7550633fb3aea514f783f3db1fa655a6d3f49850b10857e6afc,b701f780ad99d469949a985b0472b8d1f26be0545e531d92895b7559ca142328,last,ood_metric/fpr95_achieved_id_tpr,OOD-4,appendix,descriptive,id_train,id_test_vs_places365,detector_declared,detector/relative_mahalanobis_pp,places365,far,,,,45195,C3,adam,0.0003,0.0,0.9499999999999998,1.3597399555105182e-16,0.950000 ± 0.000000,0.95,0.95,0.95
metric_contract_v1.2,c38b09694be88aa74de0741b39e9d3ba0d6ff61a,35a1a66f78dfd6255c4d804586ee6863969be78d21acec5cd0ccf00476ddaa5c,f80984d28ef9a7550633fb3aea514f783f3db1fa655a6d3f49850b10857e6afc,b701f780ad99d469949a985b0472b8d1f26be0545e531d92895b7559ca142328,last,ood_metric/fpr95_achieved_id_tpr,OOD-4,appendix,descriptive,id_train,id_test_vs_places365,detector_declared,detector/relative_mahalanobis_raw,places365,far,,,,45195,C3,adam,0.0003,0.0,0.9499999999999998,1.3597399555105182e-16,0.950000 ± 0.000000,0.95,0.95,0.95
metric_contract_v1.2,c38b09694be88aa74de0741b39e9d3ba0d6ff61a,35a1a66f78dfd6255c4d804586ee6863969be78d21acec5cd0ccf00476ddaa5c,f80984d28ef9a7550633fb3aea514f783f3db1fa655a6d3f49850b10857e6afc,b701f780ad99d469949a985b0472b8d1f26be0545e531d92895b7559ca142328,last,ood_metric/fpr95_achieved_id_tpr,OOD-4,appendix,descriptive,id_train,id_test_vs_places365,detector_declared,detector/vim_author_dim,places365,far,,,,45195,C3,adam,0.0003,0.0,0.9499999999999998,1.3597399555105182e-16,0.950000 ± 0.000000,0.95,0.95,0.95
metric_contract_v1.2,c38b09694be88aa74de0741b39e9d3ba0d6ff61a,35a1a66f78dfd6255c4d804586ee6863969be78d21acec5cd0ccf00476ddaa5c,f80984d28ef9a7550633fb3aea514f783f3db1fa655a6d3f49850b10857e6afc,b701f780ad99d469949a985b0472b8d1f26be0545e531d92895b7559ca142328,last,ood_metric/fpr95_achieved_id_tpr,OOD-4,appendix,descriptive,id_train,id_test_vs_places365,detector_declared,detector/vim_dim128,places365,far,,,,45195,C3,adam,0.0003,0.0,0.9499999999999998,1.3597399555105182e-16,0.950000 ± 0.000000,0.95,0.95,0.95
metric_contract_v1.2,c38b09694be88aa74de0741b39e9d3ba0d6ff61a,35a1a66f78dfd6255c4d804586ee6863969be78d21acec5cd0ccf00476ddaa5c,f80984d28ef9a7550633fb3aea514f783f3db1fa655a6d3f49850b10857e6afc,b701f780ad99d469949a985b0472b8d1f26be0545e531d92895b7559ca142328,last,ood_metric/fpr95_achieved_id_tpr,OOD-4,appendix,descriptive,id_train,id_test_vs_places365,detector_declared,detector/vim_dim256,places365,far,,,,45195,C3,adam,0.0003,0.0,0.9499999999999998,1.3597399555105182e-16,0.950000 ± 0.000000,0.95,0.95,0.95
metric_contract_v1.2,c38b09694be88aa74de0741b39e9d3ba0d6ff61a,35a1a66f78dfd6255c4d804586ee6863969be78d21acec5cd0ccf00476ddaa5c,f80984d28ef9a7550633fb3aea514f783f3db1fa655a6d3f49850b10857e6afc,b701f780ad99d469949a985b0472b8d1f26be0545e531d92895b7559ca142328,last,ood_metric/fpr95_achieved_id_tpr,OOD-4,appendix,descriptive,id_train,id_test_vs_places365,detector_declared,detector/vim_dim320,places365,far,,,,45195,C3,adam,0.0003,0.0,0.9499999999999998,1.3597399555105182e-16,0.950000 ± 0.000000,0.95,0.95,0.95
metric_contract_v1.2,c38b09694be88aa74de0741b39e9d3ba0d6ff61a,35a1a66f78dfd6255c4d804586ee6863969be78d21acec5cd0ccf00476ddaa5c,f80984d28ef9a7550633fb3aea514f783f3db1fa655a6d3f49850b10857e6afc,b701f780ad99d469949a985b0472b8d1f26be0545e531d92895b7559ca142328,last,ood_metric/fpr95_achieved_id_tpr,OOD-4,appendix,descriptive,id_train,id_test_vs_places365,detector_declared,detector/vim_dim64,places365,far,,,,45195,C3,adam,0.0003,0.0,0.9499999999999998,1.3597399555105182e-16,0.950000 ± 0.000000,0.95,0.95,0.95
metric_contract_v1.2,c38b09694be88aa74de0741b39e9d3ba0d6ff61a,35a1a66f78dfd6255c4d804586ee6863969be78d21acec5cd0ccf00476ddaa5c,f80984d28ef9a7550633fb3aea514f783f3db1fa655a6d3f49850b10857e6afc,b701f780ad99d469949a985b0472b8d1f26be0545e531d92895b7559ca142328,last,ood_metric/fpr95_achieved_id_tpr,OOD-4,appendix,descriptive,id_train,id_test_vs_places365,detector_declared,detector/weight_cosine_appendix,places365,far,,,,45195,C3,adam,0.0003,0.0,0.9499999999999998,1.3597399555105182e-16,0.950000 ± 0.000000,0.95,0.95,0.95
metric_contract_v1.2,c38b09694be88aa74de0741b39e9d3ba0d6ff61a,35a1a66f78dfd6255c4d804586ee6863969be78d21acec5cd0ccf00476ddaa5c,f80984d28ef9a7550633fb3aea514f783f3db1fa655a6d3f49850b10857e6afc,b701f780ad99d469949a985b0472b8d1f26be0545e531d92895b7559ca142328,last,ood_metric/fpr95_achieved_id_tpr,OOD-4,appendix,descriptive,,id_test_vs_places365,detector_declared,ood_score/energy_t1,places365,far,,,,45195,C3,adam,0.0003,0.0,0.9499999999999998,1.3597399555105182e-16,0.950000 ± 0.000000,0.95,0.95,0.95
metric_contract_v1.2,c38b09694be88aa74de0741b39e9d3ba0d6ff61a,35a1a66f78dfd6255c4d804586ee6863969be78d21acec5cd0ccf00476ddaa5c,f80984d28ef9a7550633fb3aea514f783f3db1fa655a6d3f49850b10857e6afc,b701f780ad99d469949a985b0472b8d1f26be0545e531d92895b7559ca142328,last,ood_metric/fpr95_achieved_id_tpr,OOD-4,appendix,descriptive,,id_test_vs_places365,detector_declared,ood_score/max_logit,places365,far,,,,45195,C3,adam,0.0003,0.0,0.9499999999999998,1.3597399555105182e-16,0.950000 ± 0.000000,0.95,0.95,0.95
metric_contract_v1.2,c38b09694be88aa74de0741b39e9d3ba0d6ff61a,35a1a66f78dfd6255c4d804586ee6863969be78d21acec5cd0ccf00476ddaa5c,f80984d28ef9a7550633fb3aea514f783f3db1fa655a6d3f49850b10857e6afc,b701f780ad99d469949a985b0472b8d1f26be0545e531d92895b7559ca142328,last,ood_metric/fpr95_achieved_id_tpr,OOD-4,appendix,descriptive,,id_test_vs_places365,detector_declared,ood_score/msp,places365,far,,,,45195,C3,adam,0.0003,0.0,0.9499999999999998,1.3597399555105182e-16,0.950000 ± 0.000000,0.95,0.95,0.95
metric_contract_v1.2,c38b09694be88aa74de0741b39e9d3ba0d6ff61a,35a1a66f78dfd6255c4d804586ee6863969be78d21acec5cd0ccf00476ddaa5c,f80984d28ef9a7550633fb3aea514f783f3db1fa655a6d3f49850b10857e6afc,b701f780ad99d469949a985b0472b8d1f26be0545e531d92895b7559ca142328,last,ood_metric/fpr95_id_tpr,OOD-4,primary,down,id_train,id_test_vs_places365,detector_declared,detector/ctm_prototype_cosine,places365,far,,,,45195,C3,adam,0.0003,0.0,0.5495666998153147,0.006917239779680058,0.549567 ± 0.006917,0.5416962636738173,0.5523227731211819,0.5546810626509447
metric_contract_v1.2,c38b09694be88aa74de0741b39e9d3ba0d6ff61a,35a1a66f78dfd6255c4d804586ee6863969be78d21acec5cd0ccf00476ddaa5c,f80984d28ef9a7550633fb3aea514f783f3db1fa655a6d3f49850b10857e6afc,b701f780ad99d469949a985b0472b8d1f26be0545e531d92895b7559ca142328,last,ood_metric/fpr95_id_tpr,OOD-4,primary,down,id_train,id_test_vs_places365,detector_declared,detector/gda_class_density,places365,far,,,,45195,C3,adam,0.0003,0.0,0.5833877918264905,0.020210988990919606,0.583388 ± 0.020211,0.5739451626651513,0.5696263673817303,0.6065918454325898
metric_contract_v1.2,c38b09694be88aa74de0741b39e9d3ba0d6ff61a,35a1a66f78dfd6255c4d804586ee6863969be78d21acec5cd0ccf00476ddaa5c,f80984d28ef9a7550633fb3aea514f783f3db1fa655a6d3f49850b10857e6afc,b701f780ad99d469949a985b0472b8d1f26be0545e531d92895b7559ca142328,last,ood_metric/fpr95_id_tpr,OOD-4,primary,down,id_train,id_test_vs_places365,detector_declared,detector/knn_l2_k50,places365,far,,,,45195,C3,adam,0.0003,0.0,0.4815267320168584,0.005828593617279515,0.481527 ± 0.005829,0.48018184401193353,0.476488137519534,0.4879102145191078
metric_contract_v1.2,c38b09694be88aa74de0741b39e9d3ba0d6ff61a,35a1a66f78dfd6255c4d804586ee6863969be78d21acec5cd0ccf00476ddaa5c,f80984d28ef9a7550633fb3aea514f783f3db1fa655a6d3f49850b10857e6afc,b701f780ad99d469949a985b0472b8d1f26be0545e531d92895b7559ca142328,last,ood_metric/fpr95_id_tpr,OOD-4,primary,down,id_train,id_test_vs_places365,detector_declared,detector/mahalanobis_pp,places365,far,,,,45195,C3,adam,0.0003,0.0,0.48188663162381024,0.008912894921576814,0.481887 ± 0.008913,0.48256854666856086,0.47265236539281147,0.49043898281005827
metric_contract_v1.2,c38b09694be88aa74de0741b39e9d3ba0d6ff61a,35a1a66f78dfd6255c4d804586ee6863969be78d21acec5cd0ccf00476ddaa5c,f80984d28ef9a7550633fb3aea514f783f3db1fa655a6d3f49850b10857e6afc,b701f780ad99d469949a985b0472b8d1f26be0545e531d92895b7559ca142328,last,ood_metric/fpr95_id_tpr,OOD-4,primary,down,id_train,id_test_vs_places365,detector_declared,detector/mahalanobis_raw,places365,far,,,,45195,C3,adam,0.0003,0.0,0.8258085902353555,0.007491067597232799,0.825809 ± 0.007491,0.8252024435289104,0.8186390112231852,0.8335843159539708
metric_contract_v1.2,c38b09694be88aa74de0741b39e9d3ba0d6ff61a,35a1a66f78dfd6255c4d804586ee6863969be78d21acec5cd0ccf00476ddaa5c,f80984d28ef9a7550633fb3aea514f783f3db1fa655a6d3f49850b10857e6afc,b701f780ad99d469949a985b0472b8d1f26be0545e531d92895b7559ca142328,last,ood_metric/fpr95_id_tpr,OOD-4,primary,down,id_train,id_test_vs_places365,detector_declared,detector/marginal_mahalanobis_raw,places365,far,,,,45195,C3,adam,0.0003,0.0,0.8726523653928114,0.008308155712549791,0.872652 ± 0.008308,0.8689302457735474,0.8668560875124307,0.8821707628924563
metric_contract_v1.2,c38b09694be88aa74de0741b39e9d3ba0d6ff61a,35a1a66f78dfd6255c4d804586ee6863969be78d21acec5cd0ccf00476ddaa5c,f80984d28ef9a7550633fb3aea514f783f3db1fa655a6d3f49850b10857e6afc,b701f780ad99d469949a985b0472b8d1f26be0545e531d92895b7559ca142328,last,ood_metric/fpr95_id_tpr,OOD-4,primary,down,id_train,id_test_vs_places365,detector_declared,detector/ncp_euclidean_raw,places365,far,,,,45195,C3,adam,0.0003,0.0,0.5877350002367762,0.022341072600380065,0.587735 ± 0.022341,0.5678931666429891,0.5833783207842023,0.6119335132831368
metric_contract_v1.2,c38b09694be88aa74de0741b39e9d3ba0d6ff61a,35a1a66f78dfd6255c4d804586ee6863969be78d21acec5cd0ccf00476ddaa5c,f80984d28ef9a7550633fb3aea514f783f3db1fa655a6d3f49850b10857e6afc,b701f780ad99d469949a985b0472b8d1f26be0545e531d92895b7559ca142328,last,ood_metric/fpr95_id_tpr,OOD-4,primary,down,id_train,id_test_vs_places365,detector_declared,detector/neco_author_std_dim100,places365,far,,,,45195,C3,adam,0.0003,0.0,0.5223563953213052,0.008180826249025037,0.522356 ± 0.008181,0.5195056115925558,0.5315811905100156,0.515982383861344
metric_contract_v1.2,c38b09694be88aa74de0741b39e9d3ba0d6ff61a,35a1a66f78dfd6255c4d804586ee6863969be78d21acec5cd0ccf00476ddaa5c,f80984d28ef9a7550633fb3aea514f783f3db1fa655a6d3f49850b10857e6afc,b701f780ad99d469949a985b0472b8d1f26be0545e531d92895b7559ca142328,last,ood_metric/fpr95_id_tpr,OOD-4,primary,down,id_train,id_test_vs_places365,detector_declared,detector/relative_mahalanobis_pp,places365,far,,,,45195,C3,adam,0.0003,0.0,0.543543116920017,0.009970983597124469,0.543543 ± 0.009971,0.5320358005398494,0.5489700241511578,0.5496235260690439
metric_contract_v1.2,c38b09694be88aa74de0741b39e9d3ba0d6ff61a,35a1a66f78dfd6255c4d804586ee6863969be78d21acec5cd0ccf00476ddaa5c,f80984d28ef9a7550633fb3aea514f783f3db1fa655a6d3f49850b10857e6afc,b701f780ad99d469949a985b0472b8d1f26be0545e531d92895b7559ca142328,last,ood_metric/fpr95_id_tpr,OOD-4,primary,down,id_train,id_test_vs_places365,detector_declared,detector/relative_mahalanobis_raw,places365,far,,,,45195,C3,adam,0.0003,0.0,0.5040204574513425,0.0163904342991267,0.504020 ± 0.016390,0.4862622531609604,0.5072311407870436,0.5185679784060235
metric_contract_v1.2,c38b09694be88aa74de0741b39e9d3ba0d6ff61a,35a1a66f78dfd6255c4d804586ee6863969be78d21acec5cd0ccf00476ddaa5c,f80984d28ef9a7550633fb3aea514f783f3db1fa655a6d3f49850b10857e6afc,b701f780ad99d469949a985b0472b8d1f26be0545e531d92895b7559ca142328,last,ood_metric/fpr95_id_tpr,OOD-4,primary,down,id_train,id_test_vs_places365,detector_declared,detector/vim_author_dim,places365,far,,,,45195,C3,adam,0.0003,0.0,0.4970781834540891,0.009064737493230151,0.497078 ± 0.009065,0.48793862764597246,0.4972297201307004,0.5060662025855945
metric_contract_v1.2,c38b09694be88aa74de0741b39e9d3ba0d6ff61a,35a1a66f78dfd6255c4d804586ee6863969be78d21acec5cd0ccf00476ddaa5c,f80984d28ef9a7550633fb3aea514f783f3db1fa655a6d3f49850b10857e6afc,b701f780ad99d469949a985b0472b8d1f26be0545e531d92895b7559ca142328,last,ood_metric/fpr95_id_tpr,OOD-4,primary,down,id_train,id_test_vs_places365,detector_declared,detector/vim_dim128,places365,far,,,,45195,C3,adam,0.0003,0.0,0.4999384382251266,0.013139967880128176,0.499938 ± 0.013140,0.49822417957096177,0.4877397357579202,0.513851399346498
metric_contract_v1.2,c38b09694be88aa74de0741b39e9d3ba0d6ff61a,35a1a66f78dfd6255c4d804586ee6863969be78d21acec5cd0ccf00476ddaa5c,f80984d28ef9a7550633fb3aea514f783f3db1fa655a6d3f49850b10857e6afc,b701f780ad99d469949a985b0472b8d1f26be0545e531d92895b7559ca142328,last,ood_metric/fpr95_id_tpr,OOD-4,primary,down,id_train,id_test_vs_places365,detector_declared,detector/vim_dim256,places365,far,,,,45195,C3,adam,0.0003,0.0,0.4959227162949283,0.012337089619760449,0.495923 ± 0.012337,0.49822417957096177,0.4825969597954255,0.5069470095183976
metric_contract_v1.2,c38b09694be88aa74de0741b39e9d3ba0d6ff61a,35a1a66f78dfd6255c4d804586ee6863969be78d21acec5cd0ccf00476ddaa5c,f80984d28ef9a7550633fb3aea514f783f3db1fa655a6d3f49850b10857e6afc,b701f780ad99d469949a985b0472b8d1f26be0545e531d92895b7559ca142328,last,ood_metric/fpr95_id_tpr,OOD-4,primary,down,id_train,id_test_vs_places365,detector_declared,detector/vim_dim320,places365,far,,,,45195,C3,adam,0.0003,0.0,0.4970781834540891,0.009064737493230151,0.497078 ± 0.009065,0.48793862764597246,0.4972297201307004,0.5060662025855945
metric_contract_v1.2,c38b09694be88aa74de0741b39e9d3ba0d6ff61a,35a1a66f78dfd6255c4d804586ee6863969be78d21acec5cd0ccf00476ddaa5c,f80984d28ef9a7550633fb3aea514f783f3db1fa655a6d3f49850b10857e6afc,b701f780ad99d469949a985b0472b8d1f26be0545e531d92895b7559ca142328,last,ood_metric/fpr95_id_tpr,OOD-4,primary,down,id_train,id_test_vs_places365,detector_declared,detector/vim_dim64,places365,far,,,,45195,C3,adam,0.0003,0.0,0.4870483496708813,0.007656393163256696,0.487048 ± 0.007656,0.4943031680636454,0.47904531893734903,0.4877965620116494
metric_contract_v1.2,c38b09694be88aa74de0741b39e9d3ba0d6ff61a,35a1a66f78dfd6255c4d804586ee6863969be78d21acec5cd0ccf00476ddaa5c,f80984d28ef9a7550633fb3aea514f783f3db1fa655a6d3f49850b10857e6afc,b701f780ad99d469949a985b0472b8d1f26be0545e531d92895b7559ca142328,last,ood_metric/fpr95_id_tpr,OOD-4,primary,down,id_train,id_test_vs_places365,detector_declared,detector/weight_cosine_appendix,places365,far,,,,45195,C3,adam,0.0003,0.0,0.5071837855756026,0.01382538297398931,0.507184 ± 0.013825,0.5011507316380167,0.523000426196903,0.4974001988918881
metric_contract_v1.2,c38b09694be88aa74de0741b39e9d3ba0d6ff61a,35a1a66f78dfd6255c4d804586ee6863969be78d21acec5cd0ccf00476ddaa5c,f80984d28ef9a7550633fb3aea514f783f3db1fa655a6d3f49850b10857e6afc,b701f780ad99d469949a985b0472b8d1f26be0545e531d92895b7559ca142328,last,ood_metric/fpr95_id_tpr,OOD-4,primary,down,,id_test_vs_places365,detector_declared,ood_score/energy_t1,places365,far,,,,45195,C3,adam,0.0003,0.0,0.4723871762087417,0.008299178807383772,0.472387 ± 0.008299,0.47634607188521094,0.4779656201164938,0.4628498366245205
metric_contract_v1.2,c38b09694be88aa74de0741b39e9d3ba0d6ff61a,35a1a66f78dfd6255c4d804586ee6863969be78d21acec5cd0ccf00476ddaa5c,f80984d28ef9a7550633fb3aea514f783f3db1fa655a6d3f49850b10857e6afc,b701f780ad99d469949a985b0472b8d1f26be0545e531d92895b7559ca142328,last,ood_metric/fpr95_id_tpr,OOD-4,primary,down,,id_test_vs_places365,detector_declared,ood_score/max_logit,places365,far,,,,45195,C3,adam,0.0003,0.0,0.4752853151489322,0.0077335047529793095,0.475285 ± 0.007734,0.4783634038925984,0.4810058246910072,0.4664867168631908
metric_contract_v1.2,c38b09694be88aa74de0741b39e9d3ba0d6ff61a,35a1a66f78dfd6255c4d804586ee6863969be78d21acec5cd0ccf00476ddaa5c,f80984d28ef9a7550633fb3aea514f783f3db1fa655a6d3f49850b10857e6afc,b701f780ad99d469949a985b0472b8d1f26be0545e531d92895b7559ca142328,last,ood_metric/fpr95_id_tpr,OOD-4,primary,down,,id_test_vs_places365,detector_declared,ood_score/msp,places365,far,,,,45195,C3,adam,0.0003,0.0,0.6351091537623715,0.008221677560733203,0.635109 ± 0.008222,0.6371643699389118,0.6421082540133541,0.6260548373348487
metric_contract_v1.2,c38b09694be88aa74de0741b39e9d3ba0d6ff61a,35a1a66f78dfd6255c4d804586ee6863969be78d21acec5cd0ccf00476ddaa5c,f80984d28ef9a7550633fb3aea514f783f3db1fa655a6d3f49850b10857e6afc,b701f780ad99d469949a985b0472b8d1f26be0545e531d92895b7559ca142328,last,ood_metric/fpr95_threshold,OOD-4,appendix,descriptive,id_train,id_test_vs_places365,detector_declared,detector/ctm_prototype_cosine,places365,far,,,,45195,C3,adam,0.0003,0.0,0.8217472957298053,0.0004828025056351837,0.821747 ± 0.000483,0.8213143006876535,0.8216596802298649,0.8222679062718974
metric_contract_v1.2,c38b09694be88aa74de0741b39e9d3ba0d6ff61a,35a1a66f78dfd6255c4d804586ee6863969be78d21acec5cd0ccf00476ddaa5c,f80984d28ef9a7550633fb3aea514f783f3db1fa655a6d3f49850b10857e6afc,b701f780ad99d469949a985b0472b8d1f26be0545e531d92895b7559ca142328,last,ood_metric/fpr95_threshold,OOD-4,appendix,descriptive,id_train,id_test_vs_places365,detector_declared,detector/gda_class_density,places365,far,,,,45195,C3,adam,0.0003,0.0,639.9392419473724,28.896494945826213,639.939242 ± 28.896495,632.9878550281851,671.6773854967754,615.1524853171563
metric_contract_v1.2,c38b09694be88aa74de0741b39e9d3ba0d6ff61a,35a1a66f78dfd6255c4d804586ee6863969be78d21acec5cd0ccf00476ddaa5c,f80984d28ef9a7550633fb3aea514f783f3db1fa655a6d3f49850b10857e6afc,b701f780ad99d469949a985b0472b8d1f26be0545e531d92895b7559ca142328,last,ood_metric/fpr95_threshold,OOD-4,appendix,descriptive,id_train,id_test_vs_places365,detector_declared,detector/knn_l2_k50,places365,far,,,,45195,C3,adam,0.0003,0.0,-0.19686452867364398,0.0008763302002147784,-0.196865 ± 0.000876,-0.19731319555345503,-0.195854715671287,-0.19742567479618994
metric_contract_v1.2,c38b09694be88aa74de0741b39e9d3ba0d6ff61a,35a1a66f78dfd6255c4d804586ee6863969be78d21acec5cd0ccf00476ddaa5c,f80984d28ef9a7550633fb3aea514f783f3db1fa655a6d3f49850b10857e6afc,b701f780ad99d469949a985b0472b8d1f26be0545e531d92895b7559ca142328,last,ood_metric/fpr95_threshold,OOD-4,appendix,descriptive,id_train,id_test_vs_places365,detector_declared,detector/mahalanobis_pp,places365,far,,,,45195,C3,adam,0.0003,0.0,-1371.994737007553,20.508611504821125,-1371.994737 ± 20.508612,-1386.8267767834884,-1348.5908750851054,-1380.5665591540653
metric_contract_v1.2,c38b09694be88aa74de0741b39e9d3ba0d6ff61a,35a1a66f78dfd6255c4d804586ee6863969be78d21acec5cd0ccf00476ddaa5c,f80984d28ef9a7550633fb3aea514f783f3db1fa655a6d3f49850b10857e6afc,b701f780ad99d469949a985b0472b8d1f26be0545e531d92895b7559ca142328,last,ood_metric/fpr95_threshold,OOD-4,appendix,descriptive,id_train,id_test_vs_places365,detector_declared,detector/mahalanobis_raw,places365,far,,,,45195,C3,adam,0.0003,0.0,-1045.5231149289082,5.911939527613473,-1045.523115 ± 5.911940,-1051.331732427213,-1039.5130049873178,-1045.724607372194
metric_contract_v1.2,c38b09694be88aa74de0741b39e9d3ba0d6ff61a,35a1a66f78dfd6255c4d804586ee6863969be78d21acec5cd0ccf00476ddaa5c,f80984d28ef9a7550633fb3aea514f783f3db1fa655a6d3f49850b10857e6afc,b701f780ad99d469949a985b0472b8d1f26be0545e531d92895b7559ca142328,last,ood_metric/fpr95_threshold,OOD-4,appendix,descriptive,id_train,id_test_vs_places365,detector_declared,detector/marginal_mahalanobis_raw,places365,far,,,,45195,C3,adam,0.0003,0.0,-1004.6571486540664,5.758239805575564,-1004.657149 ± 5.758240,-1007.8438608620588,-998.0099846158399,-1008.1176004843005
metric_contract_v1.2,c38b09694be88aa74de0741b39e9d3ba0d6ff61a,35a1a66f78dfd6255c4d804586ee6863969be78d21acec5cd0ccf00476ddaa5c,f80984d28ef9a7550633fb3aea514f783f3db1fa655a6d3f49850b10857e6afc,b701f780ad99d469949a985b0472b8d1f26be0545e531d92895b7559ca142328,last,ood_metric/fpr95_threshold,OOD-4,appendix,descriptive,id_train,id_test_vs_places365,detector_declared,detector/ncp_euclidean_raw,places365,far,,,,45195,C3,adam,0.0003,0.0,-10.987117602598596,0.061612147019298076,-10.987118 ± 0.061612,-11.04424786056878,-10.921835217744869,-10.995269729482139
metric_contract_v1.2,c38b09694be88aa74de0741b39e9d3ba0d6ff61a,35a1a66f78dfd6255c4d804586ee6863969be78d21acec5cd0ccf00476ddaa5c,f80984d28ef9a7550633fb3aea514f783f3db1fa655a6d3f49850b10857e6afc,b701f780ad99d469949a985b0472b8d1f26be0545e531d92895b7559ca142328,last,ood_metric/fpr95_threshold,OOD-4,appendix,descriptive,id_train,id_test_vs_places365,detector_declared,detector/neco_author_std_dim100,places365,far,,,,45195,C3,adam,0.0003,0.0,0.9952880339607866,1.5412961479507736e-05,0.995288 ± 0.000015,0.9952930389739647,0.9952707405190045,0.9953003223893906
metric_contract_v1.2,c38b09694be88aa74de0741b39e9d3ba0d6ff61a,35a1a66f78dfd6255c4d804586ee6863969be78d21acec5cd0ccf00476ddaa5c,f80984d28ef9a7550633fb3aea514f783f3db1fa655a6d3f49850b10857e6afc,b701f780ad99d469949a985b0472b8d1f26be0545e531d92895b7559ca142328,last,ood_metric/fpr95_threshold,OOD-4,appendix,descriptive,id_train,id_test_vs_places365,detector_declared,detector/relative_mahalanobis_pp,places365,far,,,,45195,C3,adam,0.0003,0.0,-162.4192266710341,1.0214448877042512,-162.419227 ± 1.021445,-161.42159879338993,-162.37315197726457,-163.46292924244779
metric_contract_v1.2,c38b09694be88aa74de0741b39e9d3ba0d6ff61a,35a1a66f78dfd6255c4d804586ee6863969be78d21acec5cd0ccf00476ddaa5c,f80984d28ef9a7550633fb3aea514f783f3db1fa655a6d3f49850b10857e6afc,b701f780ad99d469949a985b0472b8d1f26be0545e531d92895b7559ca142328,last,ood_metric/fpr95_threshold,OOD-4,appendix,descriptive,id_train,id_test_vs_places365,detector_declared,detector/relative_mahalanobis_raw,places365,far,,,,45195,C3,adam,0.0003,0.0,-101.99813689857245,2.6433213174972563,-101.998137 ± 2.643321,-99.05977069169414,-102.75202243229528,-104.18261757172795
metric_contract_v1.2,c38b09694be88aa74de0741b39e9d3ba0d6ff61a,35a1a66f78dfd6255c4d804586ee6863969be78d21acec5cd0ccf00476ddaa5c,f80984d28ef9a7550633fb3aea514f783f3db1fa655a6d3f49850b10857e6afc,b701f780ad99d469949a985b0472b8d1f26be0545e531d92895b7559ca142328,last,ood_metric/fpr95_threshold,OOD-4,appendix,descriptive,id_train,id_test_vs_places365,detector_declared,detector/vim_author_dim,places365,far,,,,45195,C3,adam,0.0003,0.0,-15.091722292669482,0.22728033476277273,-15.091722 ± 0.227280,-15.239336072352446,-14.829995261263399,-15.205835544392604
metric_contract_v1.2,c38b09694be88aa74de0741b39e9d3ba0d6ff61a,35a1a66f78dfd6255c4d804586ee6863969be78d21acec5cd0ccf00476ddaa5c,f80984d28ef9a7550633fb3aea514f783f3db1fa655a6d3f49850b10857e6afc,b701f780ad99d469949a985b0472b8d1f26be0545e531d92895b7559ca142328,last,ood_metric/fpr95_threshold,OOD-4,appendix,descriptive,id_train,id_test_vs_places365,detector_declared,detector/vim_dim128,places365,far,,,,45195,C3,adam,0.0003,0.0,-14.257266454859504,0.2963525906436438,-14.257266 ± 0.296353,-14.479344822126363,-13.920759408604228,-14.37169513384792
metric_contract_v1.2,c38b09694be88aa74de0741b39e9d3ba0d6ff61a,35a1a66f78dfd6255c4d804586ee6863969be78d21acec5cd0ccf00476ddaa5c,f80984d28ef9a7550633fb3aea514f783f3db1fa655a6d3f49850b10857e6afc,b701f780ad99d469949a985b0472b8d1f26be0545e531d92895b7559ca142328,last,ood_metric/fpr95_threshold,OOD-4,appendix,descriptive,id_train,id_test_vs_places365,detector_declared,detector/vim_dim256,places365,far,,,,45195,C3,adam,0.0003,0.0,-15.008174595725068,0.3457222997498006,-15.008175 ± 0.345722,-15.229261150468668,-14.609769441704076,-15.185493195002461
metric_contract_v1.2,c38b09694be88aa74de0741b39e9d3ba0d6ff61a,35a1a66f78dfd6255c4d804586ee6863969be78d21acec5cd0ccf00476ddaa5c,f80984d28ef9a7550633fb3aea514f783f3db1fa655a6d3f49850b10857e6afc,b701f780ad99d469949a985b0472b8d1f26be0545e531d92895b7559ca142328,last,ood_metric/fpr95_threshold,OOD-4,appendix,descriptive,id_train,id_test_vs_places365,detector_declared,detector/vim_dim320,places365,far,,,,45195,C3,adam,0.0003,0.0,-15.091722292669482,0.22728033476277273,-15.091722 ± 0.227280,-15.239336072352446,-14.829995261263399,-15.205835544392604
metric_contract_v1.2,c38b09694be88aa74de0741b39e9d3ba0d6ff61a,35a1a66f78dfd6255c4d804586ee6863969be78d21acec5cd0ccf00476ddaa5c,f80984d28ef9a7550633fb3aea514f783f3db1fa655a6d3f49850b10857e6afc,b701f780ad99d469949a985b0472b8d1f26be0545e531d92895b7559ca142328,last,ood_metric/fpr95_threshold,OOD-4,appendix,descriptive,id_train,id_test_vs_places365,detector_declared,detector/vim_dim64,places365,far,,,,45195,C3,adam,0.0003,0.0,-13.539073910310412,0.3240185359682242,-13.539074 ± 0.324019,-13.863011678323772,-13.214974666741178,-13.539235385866283
metric_contract_v1.2,c38b09694be88aa74de0741b39e9d3ba0d6ff61a,35a1a66f78dfd6255c4d804586ee6863969be78d21acec5cd0ccf00476ddaa5c,f80984d28ef9a7550633fb3aea514f783f3db1fa655a6d3f49850b10857e6afc,b701f780ad99d469949a985b0472b8d1f26be0545e531d92895b7559ca142328,last,ood_metric/fpr95_threshold,OOD-4,appendix,descriptive,id_train,id_test_vs_places365,detector_declared,detector/weight_cosine_appendix,places365,far,,,,45195,C3,adam,0.0003,0.0,0.11473631197960484,0.002451884440007303,0.114736 ± 0.002452,0.11670964342989137,0.11199146266119481,0.11550782984772837
metric_contract_v1.2,c38b09694be88aa74de0741b39e9d3ba0d6ff61a,35a1a66f78dfd6255c4d804586ee6863969be78d21acec5cd0ccf00476ddaa5c,f80984d28ef9a7550633fb3aea514f783f3db1fa655a6d3f49850b10857e6afc,b701f780ad99d469949a985b0472b8d1f26be0545e531d92895b7559ca142328,last,ood_metric/fpr95_threshold,OOD-4,appendix,descriptive,,id_test_vs_places365,detector_declared,ood_score/energy_t1,places365,far,,,,45195,C3,adam,0.0003,0.0,4.593110724614186,0.025902172610035863,4.593111 ± 0.025902,4.586182751295584,4.571376994408806,4.6217724281381685
metric_contract_v1.2,c38b09694be88aa74de0741b39e9d3ba0d6ff61a,35a1a66f78dfd6255c4d804586ee6863969be78d21acec5cd0ccf00476ddaa5c,f80984d28ef9a7550633fb3aea514f783f3db1fa655a6d3f49850b10857e6afc,b701f780ad99d469949a985b0472b8d1f26be0545e531d92895b7559ca142328,last,ood_metric/fpr95_threshold,OOD-4,appendix,descriptive,,id_test_vs_places365,detector_declared,ood_score/max_logit,places365,far,,,,45195,C3,adam,0.0003,0.0,4.494941306114197,0.02020227880821581,4.494941 ± 0.020202,4.493599224090576,4.4754435300827025,4.5157811641693115
metric_contract_v1.2,c38b09694be88aa74de0741b39e9d3ba0d6ff61a,35a1a66f78dfd6255c4d804586ee6863969be78d21acec5cd0ccf00476ddaa5c,f80984d28ef9a7550633fb3aea514f783f3db1fa655a6d3f49850b10857e6afc,b701f780ad99d469949a985b0472b8d1f26be0545e531d92895b7559ca142328,last,ood_metric/fpr95_threshold,OOD-4,appendix,descriptive,,id_test_vs_places365,detector_declared,ood_score/msp,places365,far,,,,45195,C3,adam,0.0003,0.0,0.9475326066846833,0.005336261289199259,0.947533 ± 0.005336,0.9463391490062487,0.9428941250578406,0.9533645459899609
metric_contract_v1.2,c38b09694be88aa74de0741b39e9d3ba0d6ff61a,35a1a66f78dfd6255c4d804586ee6863969be78d21acec5cd0ccf00476ddaa5c,f80984d28ef9a7550633fb3aea514f783f3db1fa655a6d3f49850b10857e6afc,5742764ef3bd686abf56fbeafa222ed2fa2784afb6f787533493cfe88190f71f,last,analysis/angular_control_gap_ctm_ncp,OOD-7,exploratory,descriptive,id_train,id_test_vs_places365,paired_auroc_difference,,places365,,,,,45195,C3,adamw,0.001,0.0001,0.030757973196950283,0.0023522836355208245,0.030758 ± 0.002352,0.03191031964767721,0.028051703366955505,0.032311896576218135
metric_contract_v1.2,c38b09694be88aa74de0741b39e9d3ba0d6ff61a,35a1a66f78dfd6255c4d804586ee6863969be78d21acec5cd0ccf00476ddaa5c,f80984d28ef9a7550633fb3aea514f783f3db1fa655a6d3f49850b10857e6afc,5742764ef3bd686abf56fbeafa222ed2fa2784afb6f787533493cfe88190f71f,last,analysis/restoration_gap_mahalanobis,OOD-7,exploratory,descriptive,id_train,id_test_vs_places365,paired_auroc_difference,,places365,,,,,45195,C3,adamw,0.001,0.0001,0.29406431405976224,0.025474927862068075,0.294064 ± 0.025475,0.3229430231566983,0.28447130558317946,0.2747786134394089
metric_contract_v1.2,c38b09694be88aa74de0741b39e9d3ba0d6ff61a,35a1a66f78dfd6255c4d804586ee6863969be78d21acec5cd0ccf00476ddaa5c,f80984d28ef9a7550633fb3aea514f783f3db1fa655a6d3f49850b10857e6afc,5742764ef3bd686abf56fbeafa222ed2fa2784afb6f787533493cfe88190f71f,last,analysis/restoration_gap_relative_mahalanobis,OOD-7,exploratory,descriptive,id_train,id_test_vs_places365,paired_auroc_difference,,places365,,,,,45195,C3,adamw,0.001,0.0001,-0.007823580053984869,0.0009588542063515472,-0.007824 ± 0.000959,-0.007677300752947702,-0.006946270777099084,-0.00884716863190782
metric_contract_v1.2,c38b09694be88aa74de0741b39e9d3ba0d6ff61a,35a1a66f78dfd6255c4d804586ee6863969be78d21acec5cd0ccf00476ddaa5c,f80984d28ef9a7550633fb3aea514f783f3db1fa655a6d3f49850b10857e6afc,5742764ef3bd686abf56fbeafa222ed2fa2784afb6f787533493cfe88190f71f,last,ood_metric/ap_in,OOD-2,appendix,up,id_train,id_test_vs_places365,detector_declared,detector/ctm_prototype_cosine,places365,far,,,,45195,C3,adamw,0.001,0.0001,0.7875095744873967,0.003721394475725852,0.787510 ± 0.003721,0.7860735690652031,0.7847201289573164,0.7917350254396704
metric_contract_v1.2,c38b09694be88aa74de0741b39e9d3ba0d6ff61a,35a1a66f78dfd6255c4d804586ee6863969be78d21acec5cd0ccf00476ddaa5c,f80984d28ef9a7550633fb3aea514f783f3db1fa655a6d3f49850b10857e6afc,5742764ef3bd686abf56fbeafa222ed2fa2784afb6f787533493cfe88190f71f,last,ood_metric/ap_in,OOD-2,appendix,up,id_train,id_test_vs_places365,detector_declared,detector/gda_class_density,places365,far,,,,45195,C3,adamw,0.001,0.0001,0.6874124663427509,0.013735501458741957,0.687412 ± 0.013736,0.6715620526577062,0.6948505491427387,0.6958247972278075
metric_contract_v1.2,c38b09694be88aa74de0741b39e9d3ba0d6ff61a,35a1a66f78dfd6255c4d804586ee6863969be78d21acec5cd0ccf00476ddaa5c,f80984d28ef9a7550633fb3aea514f783f3db1fa655a6d3f49850b10857e6afc,5742764ef3bd686abf56fbeafa222ed2fa2784afb6f787533493cfe88190f71f,last,ood_metric/ap_in,OOD-2,appendix,up,id_train,id_test_vs_places365,detector_declared,detector/knn_l2_k50,places365,far,,,,45195,C3,adamw,0.001,0.0001,0.8083012197900844,0.010052270397684776,0.808301 ± 0.010052,0.8004587669524721,0.8048116371933012,0.8196332552244798
metric_contract_v1.2,c38b09694be88aa74de0741b39e9d3ba0d6ff61a,35a1a66f78dfd6255c4d804586ee6863969be78d21acec5cd0ccf00476ddaa5c,f80984d28ef9a7550633fb3aea514f783f3db1fa655a6d3f49850b10857e6afc,5742764ef3bd686abf56fbeafa222ed2fa2784afb6f787533493cfe88190f71f,last,ood_metric/ap_in,OOD-2,appendix,up,id_train,id_test_vs_places365,detector_declared,detector/mahalanobis_pp,places365,far,,,,45195,C3,adamw,0.001,0.0001,0.7847631894303045,0.01356789296324969,0.784763 ± 0.013568,0.7901946214823843,0.7693210293266783,0.7947739174818509
metric_contract_v1.2,c38b09694be88aa74de0741b39e9d3ba0d6ff61a,35a1a66f78dfd6255c4d804586ee6863969be78d21acec5cd0ccf00476ddaa5c,f80984d28ef9a7550633fb3aea514f783f3db1fa655a6d3f49850b10857e6afc,5742764ef3bd686abf56fbeafa222ed2fa2784afb6f787533493cfe88190f71f,last,ood_metric/ap_in,OOD-2,appendix,up,id_train,id_test_vs_places365,detector_declared,detector/mahalanobis_raw,places365,far,,,,45195,C3,adamw,0.001,0.0001,0.32255362615391947,0.020199143940022174,0.322554 ± 0.020199,0.30197434650410715,0.3233366707559895,0.3423498612016617
metric_contract_v1.2,c38b09694be88aa74de0741b39e9d3ba0d6ff61a,35a1a66f78dfd6255c4d804586ee6863969be78d21acec5cd0ccf00476ddaa5c,f80984d28ef9a7550633fb3aea514f783f3db1fa655a6d3f49850b10857e6afc,5742764ef3bd686abf56fbeafa222ed2fa2784afb6f787533493cfe88190f71f,last,ood_metric/ap_in,OOD-2,appendix,up,id_train,id_test_vs_places365,detector_declared,detector/marginal_mahalanobis_raw,places365,far,,,,45195,C3,adamw,0.001,0.0001,0.22983938332785447,0.015558624113871699,0.229839 ± 0.015559,0.21274480053861425,0.23360104897832062,0.24317230046662852
metric_contract_v1.2,c38b09694be88aa74de0741b39e9d3ba0d6ff61a,35a1a66f78dfd6255c4d804586ee6863969be78d21acec5cd0ccf00476ddaa5c,f80984d28ef9a7550633fb3aea514f783f3db1fa655a6d3f49850b10857e6afc,5742764ef3bd686abf56fbeafa222ed2fa2784afb6f787533493cfe88190f71f,last,ood_metric/ap_in,OOD-2,appendix,up,id_train,id_test_vs_places365,detector_declared,detector/ncp_euclidean_raw,places365,far,,,,45195,C3,adamw,0.001,0.0001,0.7173511711784059,0.0033390581180757304,0.717351 ± 0.003339,0.7142764385528875,0.7209031897135267,0.716873885268803
metric_contract_v1.2,c38b09694be88aa74de0741b39e9d3ba0d6ff61a,35a1a66f78dfd6255c4d804586ee6863969be78d21acec5cd0ccf00476ddaa5c,f80984d28ef9a7550633fb3aea514f783f3db1fa655a6d3f49850b10857e6afc,5742764ef3bd686abf56fbeafa222ed2fa2784afb6f787533493cfe88190f71f,last,ood_metric/ap_in,OOD-2,appendix,up,id_train,id_test_vs_places365,detector_declared,detector/neco_author_std_dim100,places365,far,,,,45195,C3,adamw,0.001,0.0001,0.7218441542330934,0.014823721628563356,0.721844 ± 0.014824,0.7103469212345835,0.7166108333825627,0.7385747080821341
metric_contract_v1.2,c38b09694be88aa74de0741b39e9d3ba0d6ff61a,35a1a66f78dfd6255c4d804586ee6863969be78d21acec5cd0ccf00476ddaa5c,f80984d28ef9a7550633fb3aea514f783f3db1fa655a6d3f49850b10857e6afc,5742764ef3bd686abf56fbeafa222ed2fa2784afb6f787533493cfe88190f71f,last,ood_metric/ap_in,OOD-2,appendix,up,id_train,id_test_vs_places365,detector_declared,detector/relative_mahalanobis_pp,places365,far,,,,45195,C3,adamw,0.001,0.0001,0.7882946151827768,0.0025161634096197948,0.788295 ± 0.002516,0.785813936889589,0.7882250861267679,0.7908448225319734
metric_contract_v1.2,c38b09694be88aa74de0741b39e9d3ba0d6ff61a,35a1a66f78dfd6255c4d804586ee6863969be78d21acec5cd0ccf00476ddaa5c,f80984d28ef9a7550633fb3aea514f783f3db1fa655a6d3f49850b10857e6afc,5742764ef3bd686abf56fbeafa222ed2fa2784afb6f787533493cfe88190f71f,last,ood_metric/ap_in,OOD-2,appendix,up,id_train,id_test_vs_places365,detector_declared,detector/relative_mahalanobis_raw,places365,far,,,,45195,C3,adamw,0.001,0.0001,0.7997070392445305,0.0022008762657379157,0.799707 ± 0.002201,0.7971727553245815,0.8008101382317659,0.8011382241772437
metric_contract_v1.2,c38b09694be88aa74de0741b39e9d3ba0d6ff61a,35a1a66f78dfd6255c4d804586ee6863969be78d21acec5cd0ccf00476ddaa5c,f80984d28ef9a7550633fb3aea514f783f3db1fa655a6d3f49850b10857e6afc,5742764ef3bd686abf56fbeafa222ed2fa2784afb6f787533493cfe88190f71f,last,ood_metric/ap_in,OOD-2,appendix,up,id_train,id_test_vs_places365,detector_declared,detector/vim_author_dim,places365,far,,,,45195,C3,adamw,0.001,0.0001,0.8081087253095601,0.0072802851047939965,0.808109 ± 0.007280,0.8006391598203223,0.8085033366875307,0.8151836794208271
metric_contract_v1.2,c38b09694be88aa74de0741b39e9d3ba0d6ff61a,35a1a66f78dfd6255c4d804586ee6863969be78d21acec5cd0ccf00476ddaa5c,f80984d28ef9a7550633fb3aea514f783f3db1fa655a6d3f49850b10857e6afc,5742764ef3bd686abf56fbeafa222ed2fa2784afb6f787533493cfe88190f71f,last,ood_metric/ap_in,OOD-2,appendix,up,id_train,id_test_vs_places365,detector_declared,detector/vim_dim128,places365,far,,,,45195,C3,adamw,0.001,0.0001,0.8056085505362413,0.006956458602535894,0.805609 ± 0.006956,0.7980935000169267,0.8069093853274206,0.8118227662643761
metric_contract_v1.2,c38b09694be88aa74de0741b39e9d3ba0d6ff61a,35a1a66f78dfd6255c4d804586ee6863969be78d21acec5cd0ccf00476ddaa5c,f80984d28ef9a7550633fb3aea514f783f3db1fa655a6d3f49850b10857e6afc,5742764ef3bd686abf56fbeafa222ed2fa2784afb6f787533493cfe88190f71f,last,ood_metric/ap_in,OOD-2,appendix,up,id_train,id_test_vs_places365,detector_declared,detector/vim_dim256,places365,far,,,,45195,C3,adamw,0.001,0.0001,0.8076819943500927,0.007091590873835883,0.807682 ± 0.007092,0.8005573321655759,0.8077486062474988,0.8147400446372035
metric_contract_v1.2,c38b09694be88aa74de0741b39e9d3ba0d6ff61a,35a1a66f78dfd6255c4d804586ee6863969be78d21acec5cd0ccf00476ddaa5c,f80984d28ef9a7550633fb3aea514f783f3db1fa655a6d3f49850b10857e6afc,5742764ef3bd686abf56fbeafa222ed2fa2784afb6f787533493cfe88190f71f,last,ood_metric/ap_in,OOD-2,appendix,up,id_train,id_test_vs_places365,detector_declared,detector/vim_dim320,places365,far,,,,45195,C3,adamw,0.001,0.0001,0.8081087253095601,0.0072802851047939965,0.808109 ± 0.007280,0.8006391598203223,0.8085033366875307,0.8151836794208271
metric_contract_v1.2,c38b09694be88aa74de0741b39e9d3ba0d6ff61a,35a1a66f78dfd6255c4d804586ee6863969be78d21acec5cd0ccf00476ddaa5c,f80984d28ef9a7550633fb3aea514f783f3db1fa655a6d3f49850b10857e6afc,5742764ef3bd686abf56fbeafa222ed2fa2784afb6f787533493cfe88190f71f,last,ood_metric/ap_in,OOD-2,appendix,up,id_train,id_test_vs_places365,detector_declared,detector/vim_dim64,places365,far,,,,45195,C3,adamw,0.001,0.0001,0.8034818981716484,0.006312631495431705,0.803482 ± 0.006313,0.7977726169889753,0.802411949908086,0.8102611276178839
metric_contract_v1.2,c38b09694be88aa74de0741b39e9d3ba0d6ff61a,35a1a66f78dfd6255c4d804586ee6863969be78d21acec5cd0ccf00476ddaa5c,f80984d28ef9a7550633fb3aea514f783f3db1fa655a6d3f49850b10857e6afc,5742764ef3bd686abf56fbeafa222ed2fa2784afb6f787533493cfe88190f71f,last,ood_metric/ap_in,OOD-2,appendix,up,id_train,id_test_vs_places365,detector_declared,detector/weight_cosine_appendix,places365,far,,,,45195,C3,adamw,0.001,0.0001,0.7937374403284427,0.00998840584330461,0.793737 ± 0.009988,0.7871766188688594,0.7888029275879783,0.8052327745284905
metric_contract_v1.2,c38b09694be88aa74de0741b39e9d3ba0d6ff61a,35a1a66f78dfd6255c4d804586ee6863969be78d21acec5cd0ccf00476ddaa5c,f80984d28ef9a7550633fb3aea514f783f3db1fa655a6d3f49850b10857e6afc,5742764ef3bd686abf56fbeafa222ed2fa2784afb6f787533493cfe88190f71f,last,ood_metric/ap_in,OOD-2,appendix,up,,id_test_vs_places365,detector_declared,ood_score/energy_t1,places365,far,,,,45195,C3,adamw,0.001,0.0001,0.8103050268508706,0.007228920252019084,0.810305 ± 0.007229,0.8091994168844843,0.8036926027406068,0.8180230609275208
metric_contract_v1.2,c38b09694be88aa74de0741b39e9d3ba0d6ff61a,35a1a66f78dfd6255c4d804586ee6863969be78d21acec5cd0ccf00476ddaa5c,f80984d28ef9a7550633fb3aea514f783f3db1fa655a6d3f49850b10857e6afc,5742764ef3bd686abf56fbeafa222ed2fa2784afb6f787533493cfe88190f71f,last,ood_metric/ap_in,OOD-2,appendix,up,,id_test_vs_places365,detector_declared,ood_score/max_logit,places365,far,,,,45195,C3,adamw,0.001,0.0001,0.8102237737583303,0.007243221986629167,0.810224 ± 0.007243,0.8091382211878704,0.803584597213016,0.8179485028741047
metric_contract_v1.2,c38b09694be88aa74de0741b39e9d3ba0d6ff61a,35a1a66f78dfd6255c4d804586ee6863969be78d21acec5cd0ccf00476ddaa5c,f80984d28ef9a7550633fb3aea514f783f3db1fa655a6d3f49850b10857e6afc,5742764ef3bd686abf56fbeafa222ed2fa2784afb6f787533493cfe88190f71f,last,ood_metric/ap_in,OOD-2,appendix,up,,id_test_vs_places365,detector_declared,ood_score/msp,places365,far,,,,45195,C3,adamw,0.001,0.0001,0.7990896631280222,0.011602919746568309,0.799090 ± 0.011603,0.8012881802544511,0.7865447661606423,0.8094360429689729
metric_contract_v1.2,c38b09694be88aa74de0741b39e9d3ba0d6ff61a,35a1a66f78dfd6255c4d804586ee6863969be78d21acec5cd0ccf00476ddaa5c,f80984d28ef9a7550633fb3aea514f783f3db1fa655a6d3f49850b10857e6afc,5742764ef3bd686abf56fbeafa222ed2fa2784afb6f787533493cfe88190f71f,last,ood_metric/ap_out,OOD-3,appendix,up,id_train,id_test_vs_places365,detector_declared,detector/ctm_prototype_cosine,places365,far,,,,45195,C3,adamw,0.001,0.0001,0.9630547668825763,0.000444064908444909,0.963055 ± 0.000444,0.9627588781685366,0.9635653833292174,0.9628400391499754
metric_contract_v1.2,c38b09694be88aa74de0741b39e9d3ba0d6ff61a,35a1a66f78dfd6255c4d804586ee6863969be78d21acec5cd0ccf00476ddaa5c,f80984d28ef9a7550633fb3aea514f783f3db1fa655a6d3f49850b10857e6afc,5742764ef3bd686abf56fbeafa222ed2fa2784afb6f787533493cfe88190f71f,last,ood_metric/ap_out,OOD-3,appendix,up,id_train,id_test_vs_places365,detector_declared,detector/gda_class_density,places365,far,,,,45195,C3,adamw,0.001,0.0001,0.9432418674924808,0.0035582222986553715,0.943242 ± 0.003558,0.9391503728097771,0.9449625004344231,0.9456127292332424
metric_contract_v1.2,c38b09694be88aa74de0741b39e9d3ba0d6ff61a,35a1a66f78dfd6255c4d804586ee6863969be78d21acec5cd0ccf00476ddaa5c,f80984d28ef9a7550633fb3aea514f783f3db1fa655a6d3f49850b10857e6afc,5742764ef3bd686abf56fbeafa222ed2fa2784afb6f787533493cfe88190f71f,last,ood_metric/ap_out,OOD-3,appendix,up,id_train,id_test_vs_places365,detector_declared,detector/knn_l2_k50,places365,far,,,,45195,C3,adamw,0.001,0.0001,0.9675603156178688,0.0015262845005793275,0.967560 ± 0.001526,0.9663618837805532,0.9670404402868108,0.9692786227862421
metric_contract_v1.2,c38b09694be88aa74de0741b39e9d3ba0d6ff61a,35a1a66f78dfd6255c4d804586ee6863969be78d21acec5cd0ccf00476ddaa5c,f80984d28ef9a7550633fb3aea514f783f3db1fa655a6d3f49850b10857e6afc,5742764ef3bd686abf56fbeafa222ed2fa2784afb6f787533493cfe88190f71f,last,ood_metric/ap_out,OOD-3,appendix,up,id_train,id_test_vs_places365,detector_declared,detector/mahalanobis_pp,places365,far,,,,45195,C3,adamw,0.001,0.0001,0.9620701767056271,0.003071491264708241,0.962070 ± 0.003071,0.9635654217737571,0.9585373719102274,0.9641077364328968
metric_contract_v1.2,c38b09694be88aa74de0741b39e9d3ba0d6ff61a,35a1a66f78dfd6255c4d804586ee6863969be78d21acec5cd0ccf00476ddaa5c,f80984d28ef9a7550633fb3aea514f783f3db1fa655a6d3f49850b10857e6afc,5742764ef3bd686abf56fbeafa222ed2fa2784afb6f787533493cfe88190f71f,last,ood_metric/ap_out,OOD-3,appendix,up,id_train,id_test_vs_places365,detector_declared,detector/mahalanobis_raw,places365,far,,,,45195,C3,adamw,0.001,0.0001,0.8303232213640958,0.013627166994211827,0.830323 ± 0.013627,0.816141337120036,0.8315103257720446,0.8433180012002065
metric_contract_v1.2,c38b09694be88aa74de0741b39e9d3ba0d6ff61a,35a1a66f78dfd6255c4d804586ee6863969be78d21acec5cd0ccf00476ddaa5c,f80984d28ef9a7550633fb3aea514f783f3db1fa655a6d3f49850b10857e6afc,5742764ef3bd686abf56fbeafa222ed2fa2784afb6f787533493cfe88190f71f,last,ood_metric/ap_out,OOD-3,appendix,up,id_train,id_test_vs_places365,detector_declared,detector/marginal_mahalanobis_raw,places365,far,,,,45195,C3,adamw,0.001,0.0001,0.7886675467911123,0.014977978840934717,0.788668 ± 0.014978,0.7725044768330652,0.791419332497614,0.8020788310426575
metric_contract_v1.2,c38b09694be88aa74de0741b39e9d3ba0d6ff61a,35a1a66f78dfd6255c4d804586ee6863969be78d21acec5cd0ccf00476ddaa5c,f80984d28ef9a7550633fb3aea514f783f3db1fa655a6d3f49850b10857e6afc,5742764ef3bd686abf56fbeafa222ed2fa2784afb6f787533493cfe88190f71f,last,ood_metric/ap_out,OOD-3,appendix,up,id_train,id_test_vs_places365,detector_declared,detector/ncp_euclidean_raw,places365,far,,,,45195,C3,adamw,0.001,0.0001,0.9462534048694314,0.0014706909022707167,0.946253 ± 0.001471,0.9447064831400952,0.9476336660327995,0.9464200654353997
metric_contract_v1.2,c38b09694be88aa74de0741b39e9d3ba0d6ff61a,35a1a66f78dfd6255c4d804586ee6863969be78d21acec5cd0ccf00476ddaa5c,f80984d28ef9a7550633fb3aea514f783f3db1fa655a6d3f49850b10857e6afc,5742764ef3bd686abf56fbeafa222ed2fa2784afb6f787533493cfe88190f71f,last,ood_metric/ap_out,OOD-3,appendix,up,id_train,id_test_vs_places365,detector_declared,detector/neco_author_std_dim100,places365,far,,,,45195,C3,adamw,0.001,0.0001,0.9375560388879528,0.00532897426273797,0.937556 ± 0.005329,0.9318459551618471,0.938425086145381,0.9423970753566304
metric_contract_v1.2,c38b09694be88aa74de0741b39e9d3ba0d6ff61a,35a1a66f78dfd6255c4d804586ee6863969be78d21acec5cd0ccf00476ddaa5c,f80984d28ef9a7550633fb3aea514f783f3db1fa655a6d3f49850b10857e6afc,5742764ef3bd686abf56fbeafa222ed2fa2784afb6f787533493cfe88190f71f,last,ood_metric/ap_out,OOD-3,appendix,up,id_train,id_test_vs_places365,detector_declared,detector/relative_mahalanobis_pp,places365,far,,,,45195,C3,adamw,0.001,0.0001,0.9620995204869551,0.0003503114709149513,0.962100 ± 0.000350,0.9622734915818945,0.9623287922243798,0.961696277654591
metric_contract_v1.2,c38b09694be88aa74de0741b39e9d3ba0d6ff61a,35a1a66f78dfd6255c4d804586ee6863969be78d21acec5cd0ccf00476ddaa5c,f80984d28ef9a7550633fb3aea514f783f3db1fa655a6d3f49850b10857e6afc,5742764ef3bd686abf56fbeafa222ed2fa2784afb6f787533493cfe88190f71f,last,ood_metric/ap_out,OOD-3,appendix,up,id_train,id_test_vs_places365,detector_declared,detector/relative_mahalanobis_raw,places365,far,,,,45195,C3,adamw,0.001,0.0001,0.9655756104666738,6.721915636151473e-05,0.965576 ± 0.000067,0.965653183901015,0.965539101181246,0.9655345463177605
metric_contract_v1.2,c38b09694be88aa74de0741b39e9d3ba0d6ff61a,35a1a66f78dfd6255c4d804586ee6863969be78d21acec5cd0ccf00476ddaa5c,f80984d28ef9a7550633fb3aea514f783f3db1fa655a6d3f49850b10857e6afc,5742764ef3bd686abf56fbeafa222ed2fa2784afb6f787533493cfe88190f71f,last,ood_metric/ap_out,OOD-3,appendix,up,id_train,id_test_vs_places365,detector_declared,detector/vim_author_dim,places365,far,,,,45195,C3,adamw,0.001,0.0001,0.9608130978589179,0.0027758187646140554,0.960813 ± 0.002776,0.9576240118176073,0.962129311075526,0.9626859706836208
metric_contract_v1.2,c38b09694be88aa74de0741b39e9d3ba0d6ff61a,35a1a66f78dfd6255c4d804586ee6863969be78d21acec5cd0ccf00476ddaa5c,f80984d28ef9a7550633fb3aea514f783f3db1fa655a6d3f49850b10857e6afc,5742764ef3bd686abf56fbeafa222ed2fa2784afb6f787533493cfe88190f71f,last,ood_metric/ap_out,OOD-3,appendix,up,id_train,id_test_vs_places365,detector_declared,detector/vim_dim128,places365,far,,,,45195,C3,adamw,0.001,0.0001,0.9614260320095059,0.0030370085398242403,0.961426 ± 0.003037,0.9579244427609123,0.9633428851221889,0.9630107681454168
metric_contract_v1.2,c38b09694be88aa74de0741b39e9d3ba0d6ff61a,35a1a66f78dfd6255c4d804586ee6863969be78d21acec5cd0ccf00476ddaa5c,f80984d28ef9a7550633fb3aea514f783f3db1fa655a6d3f49850b10857e6afc,5742764ef3bd686abf56fbeafa222ed2fa2784afb6f787533493cfe88190f71f,last,ood_metric/ap_out,OOD-3,appendix,up,id_train,id_test_vs_places365,detector_declared,detector/vim_dim256,places365,far,,,,45195,C3,adamw,0.001,0.0001,0.9610153232484016,0.0027753498812591276,0.961015 ± 0.002775,0.9578150967490445,0.9624688768582925,0.9627619961378677
metric_contract_v1.2,c38b09694be88aa74de0741b39e9d3ba0d6ff61a,35a1a66f78dfd6255c4d804586ee6863969be78d21acec5cd0ccf00476ddaa5c,f80984d28ef9a7550633fb3aea514f783f3db1fa655a6d3f49850b10857e6afc,5742764ef3bd686abf56fbeafa222ed2fa2784afb6f787533493cfe88190f71f,last,ood_metric/ap_out,OOD-3,appendix,up,id_train,id_test_vs_places365,detector_declared,detector/vim_dim320,places365,far,,,,45195,C3,adamw,0.001,0.0001,0.9608130978589179,0.0027758187646140554,0.960813 ± 0.002776,0.9576240118176073,0.962129311075526,0.9626859706836208
metric_contract_v1.2,c38b09694be88aa74de0741b39e9d3ba0d6ff61a,35a1a66f78dfd6255c4d804586ee6863969be78d21acec5cd0ccf00476ddaa5c,f80984d28ef9a7550633fb3aea514f783f3db1fa655a6d3f49850b10857e6afc,5742764ef3bd686abf56fbeafa222ed2fa2784afb6f787533493cfe88190f71f,last,ood_metric/ap_out,OOD-3,appendix,up,id_train,id_test_vs_places365,detector_declared,detector/vim_dim64,places365,far,,,,45195,C3,adamw,0.001,0.0001,0.9607510629699103,0.003062367711260986,0.960751 ± 0.003062,0.957372595308384,0.9615361047889917,0.9633444888123555
metric_contract_v1.2,c38b09694be88aa74de0741b39e9d3ba0d6ff61a,35a1a66f78dfd6255c4d804586ee6863969be78d21acec5cd0ccf00476ddaa5c,f80984d28ef9a7550633fb3aea514f783f3db1fa655a6d3f49850b10857e6afc,5742764ef3bd686abf56fbeafa222ed2fa2784afb6f787533493cfe88190f71f,last,ood_metric/ap_out,OOD-3,appendix,up,id_train,id_test_vs_places365,detector_declared,detector/weight_cosine_appendix,places365,far,,,,45195,C3,adamw,0.001,0.0001,0.9610299885910017,0.0017679751920040077,0.961030 ± 0.001768,0.9595923063204481,0.9604936251428566,0.9630040343097005
metric_contract_v1.2,c38b09694be88aa74de0741b39e9d3ba0d6ff61a,35a1a66f78dfd6255c4d804586ee6863969be78d21acec5cd0ccf00476ddaa5c,f80984d28ef9a7550633fb3aea514f783f3db1fa655a6d3f49850b10857e6afc,5742764ef3bd686abf56fbeafa222ed2fa2784afb6f787533493cfe88190f71f,last,ood_metric/ap_out,OOD-3,appendix,up,,id_test_vs_places365,detector_declared,ood_score/energy_t1,places365,far,,,,45195,C3,adamw,0.001,0.0001,0.963118997068373,0.0011719208376526633,0.963119 ± 0.001172,0.962277442552921,0.9626220390985597,0.9644575095536381
metric_contract_v1.2,c38b09694be88aa74de0741b39e9d3ba0d6ff61a,35a1a66f78dfd6255c4d804586ee6863969be78d21acec5cd0ccf00476ddaa5c,f80984d28ef9a7550633fb3aea514f783f3db1fa655a6d3f49850b10857e6afc,5742764ef3bd686abf56fbeafa222ed2fa2784afb6f787533493cfe88190f71f,last,ood_metric/ap_out,OOD-3,appendix,up,,id_test_vs_places365,detector_declared,ood_score/max_logit,places365,far,,,,45195,C3,adamw,0.001,0.0001,0.9632039722954465,0.0012167755571424565,0.963204 ± 0.001217,0.9623885792380831,0.9626207634916357,0.9646025741566207
metric_contract_v1.2,c38b09694be88aa74de0741b39e9d3ba0d6ff61a,35a1a66f78dfd6255c4d804586ee6863969be78d21acec5cd0ccf00476ddaa5c,f80984d28ef9a7550633fb3aea514f783f3db1fa655a6d3f49850b10857e6afc,5742764ef3bd686abf56fbeafa222ed2fa2784afb6f787533493cfe88190f71f,last,ood_metric/ap_out,OOD-3,appendix,up,,id_test_vs_places365,detector_declared,ood_score/msp,places365,far,,,,45195,C3,adamw,0.001,0.0001,0.9526142394066709,0.0019404822700850321,0.952614 ± 0.001940,0.9533183192421062,0.950420006467168,0.9541043925107385
metric_contract_v1.2,c38b09694be88aa74de0741b39e9d3ba0d6ff61a,35a1a66f78dfd6255c4d804586ee6863969be78d21acec5cd0ccf00476ddaa5c,f80984d28ef9a7550633fb3aea514f783f3db1fa655a6d3f49850b10857e6afc,5742764ef3bd686abf56fbeafa222ed2fa2784afb6f787533493cfe88190f71f,last,ood_metric/aupr_in_openood_auc,OOD-2,primary,up,id_train,id_test_vs_places365,detector_declared,detector/ctm_prototype_cosine,places365,far,,,,45195,C3,adamw,0.001,0.0001,0.7874952200490846,0.003720224068191605,0.787495 ± 0.003720,0.7860614194504625,0.7847052372593699,0.7917190034374215
metric_contract_v1.2,c38b09694be88aa74de0741b39e9d3ba0d6ff61a,35a1a66f78dfd6255c4d804586ee6863969be78d21acec5cd0ccf00476ddaa5c,f80984d28ef9a7550633fb3aea514f783f3db1fa655a6d3f49850b10857e6afc,5742764ef3bd686abf56fbeafa222ed2fa2784afb6f787533493cfe88190f71f,last,ood_metric/aupr_in_openood_auc,OOD-2,primary,up,id_train,id_test_vs_places365,detector_declared,detector/gda_class_density,places365,far,,,,45195,C3,adamw,0.001,0.0001,0.6873842506209319,0.01373664311954489,0.687384 ± 0.013737,0.6715324120335864,0.6948256348340409,0.6957947049951685
metric_contract_v1.2,c38b09694be88aa74de0741b39e9d3ba0d6ff61a,35a1a66f78dfd6255c4d804586ee6863969be78d21acec5cd0ccf00476ddaa5c,f80984d28ef9a7550633fb3aea514f783f3db1fa655a6d3f49850b10857e6afc,5742764ef3bd686abf56fbeafa222ed2fa2784afb6f787533493cfe88190f71f,last,ood_metric/aupr_in_openood_auc,OOD-2,primary,up,id_train,id_test_vs_places365,detector_declared,detector/knn_l2_k50,places365,far,,,,45195,C3,adamw,0.001,0.0001,0.8082889705123026,0.010054079737714343,0.808289 ± 0.010054,0.8004472076977449,0.8047960414052451,0.8196236624339177
metric_contract_v1.2,c38b09694be88aa74de0741b39e9d3ba0d6ff61a,35a1a66f78dfd6255c4d804586ee6863969be78d21acec5cd0ccf00476ddaa5c,f80984d28ef9a7550633fb3aea514f783f3db1fa655a6d3f49850b10857e6afc,5742764ef3bd686abf56fbeafa222ed2fa2784afb6f787533493cfe88190f71f,last,ood_metric/aupr_in_openood_auc,OOD-2,primary,up,id_train,id_test_vs_places365,detector_declared,detector/mahalanobis_pp,places365,far,,,,45195,C3,adamw,0.001,0.0001,0.784751442848385,0.013569501441655928,0.784751 ± 0.013570,0.7901824505587085,0.7693076442993962,0.7947642336870505
metric_contract_v1.2,c38b09694be88aa74de0741b39e9d3ba0d6ff61a,35a1a66f78dfd6255c4d804586ee6863969be78d21acec5cd0ccf00476ddaa5c,f80984d28ef9a7550633fb3aea514f783f3db1fa655a6d3f49850b10857e6afc,5742764ef3bd686abf56fbeafa222ed2fa2784afb6f787533493cfe88190f71f,last,ood_metric/aupr_in_openood_auc,OOD-2,primary,up,id_train,id_test_vs_places365,detector_declared,detector/mahalanobis_raw,places365,far,,,,45195,C3,adamw,0.001,0.0001,0.3224734134919531,0.02019089426359004,0.322473 ± 0.020191,0.3018980317230539,0.32326571286464756,0.3422564958881578
metric_contract_v1.2,c38b09694be88aa74de0741b39e9d3ba0d6ff61a,35a1a66f78dfd6255c4d804586ee6863969be78d21acec5cd0ccf00476ddaa5c,f80984d28ef9a7550633fb3aea514f783f3db1fa655a6d3f49850b10857e6afc,5742764ef3bd686abf56fbeafa222ed2fa2784afb6f787533493cfe88190f71f,last,ood_metric/aupr_in_openood_auc,OOD-2,primary,up,id_train,id_test_vs_places365,detector_declared,detector/marginal_mahalanobis_raw,places365,far,,,,45195,C3,adamw,0.001,0.0001,0.22974269345596032,0.015574736442014568,0.229743 ± 0.015575,0.2126253237847669,0.23352443817334362,0.24307831840977048
metric_contract_v1.2,c38b09694be88aa74de0741b39e9d3ba0d6ff61a,35a1a66f78dfd6255c4d804586ee6863969be78d21acec5cd0ccf00476ddaa5c,f80984d28ef9a7550633fb3aea514f783f3db1fa655a6d3f49850b10857e6afc,5742764ef3bd686abf56fbeafa222ed2fa2784afb6f787533493cfe88190f71f,last,ood_metric/aupr_in_openood_auc,OOD-2,primary,up,id_train,id_test_vs_places365,detector_declared,detector/ncp_euclidean_raw,places365,far,,,,45195,C3,adamw,0.001,0.0001,0.7173206012381016,0.0033433263046102855,0.717321 ± 0.003343,0.7142493124535687,0.7208818861909317,0.7168306050698041
metric_contract_v1.2,c38b09694be88aa74de0741b39e9d3ba0d6ff61a,35a1a66f78dfd6255c4d804586ee6863969be78d21acec5cd0ccf00476ddaa5c,f80984d28ef9a7550633fb3aea514f783f3db1fa655a6d3f49850b10857e6afc,5742764ef3bd686abf56fbeafa222ed2fa2784afb6f787533493cfe88190f71f,last,ood_metric/aupr_in_openood_auc,OOD-2,primary,up,id_train,id_test_vs_places365,detector_declared,detector/neco_author_std_dim100,places365,far,,,,45195,C3,adamw,0.001,0.0001,0.7218294823138565,0.014826098664612222,0.721829 ± 0.014826,0.7103297920028536,0.7165961110153273,0.7385625439233884
metric_contract_v1.2,c38b09694be88aa74de0741b39e9d3ba0d6ff61a,35a1a66f78dfd6255c4d804586ee6863969be78d21acec5cd0ccf00476ddaa5c,f80984d28ef9a7550633fb3aea514f783f3db1fa655a6d3f49850b10857e6afc,5742764ef3bd686abf56fbeafa222ed2fa2784afb6f787533493cfe88190f71f,last,ood_metric/aupr_in_openood_auc,OOD-2,primary,up,id_train,id_test_vs_places365,detector_declared,detector/relative_mahalanobis_pp,places365,far,,,,45195,C3,adamw,0.001,0.0001,0.788265172544612,0.0025208482266963735,0.788265 ± 0.002521,0.785788833285576,0.7881783955006161,0.7908282888476441
metric_contract_v1.2,c38b09694be88aa74de0741b39e9d3ba0d6ff61a,35a1a66f78dfd6255c4d804586ee6863969be78d21acec5cd0ccf00476ddaa5c,f80984d28ef9a7550633fb3aea514f783f3db1fa655a6d3f49850b10857e6afc,5742764ef3bd686abf56fbeafa222ed2fa2784afb6f787533493cfe88190f71f,last,ood_metric/aupr_in_openood_auc,OOD-2,primary,up,id_train,id_test_vs_places365,detector_declared,detector/relative_mahalanobis_raw,places365,far,,,,45195,C3,adamw,0.001,0.0001,0.799685884804231,0.0021992054383566054,0.799686 ± 0.002199,0.7971537310297848,0.8007856712617345,0.8011182521211733
metric_contract_v1.2,c38b09694be88aa74de0741b39e9d3ba0d6ff61a,35a1a66f78dfd6255c4d804586ee6863969be78d21acec5cd0ccf00476ddaa5c,f80984d28ef9a7550633fb3aea514f783f3db1fa655a6d3f49850b10857e6afc,5742764ef3bd686abf56fbeafa222ed2fa2784afb6f787533493cfe88190f71f,last,ood_metric/aupr_in_openood_auc,OOD-2,primary,up,id_train,id_test_vs_places365,detector_declared,detector/vim_author_dim,places365,far,,,,45195,C3,adamw,0.001,0.0001,0.8080985113396113,0.007281049894323142,0.808099 ± 0.007281,0.8006288503319297,0.8084916639884872,0.8151750196984171
metric_contract_v1.2,c38b09694be88aa74de0741b39e9d3ba0d6ff61a,35a1a66f78dfd6255c4d804586ee6863969be78d21acec5cd0ccf00476ddaa5c,f80984d28ef9a7550633fb3aea514f783f3db1fa655a6d3f49850b10857e6afc,5742764ef3bd686abf56fbeafa222ed2fa2784afb6f787533493cfe88190f71f,last,ood_metric/aupr_in_openood_auc,OOD-2,primary,up,id_train,id_test_vs_places365,detector_declared,detector/vim_dim128,places365,far,,,,45195,C3,adamw,0.001,0.0001,0.8055979881020922,0.0069573341170213075,0.805598 ± 0.006957,0.7980823993958861,0.8068978477906384,0.8118137171197519
metric_contract_v1.2,c38b09694be88aa74de0741b39e9d3ba0d6ff61a,35a1a66f78dfd6255c4d804586ee6863969be78d21acec5cd0ccf00476ddaa5c,f80984d28ef9a7550633fb3aea514f783f3db1fa655a6d3f49850b10857e6afc,5742764ef3bd686abf56fbeafa222ed2fa2784afb6f787533493cfe88190f71f,last,ood_metric/aupr_in_openood_auc,OOD-2,primary,up,id_train,id_test_vs_places365,detector_declared,detector/vim_dim256,places365,far,,,,45195,C3,adamw,0.001,0.0001,0.8076715761512313,0.007092611861983489,0.807672 ± 0.007093,0.8005465059901126,0.8077369446037759,0.8147312778598055
metric_contract_v1.2,c38b09694be88aa74de0741b39e9d3ba0d6ff61a,35a1a66f78dfd6255c4d804586ee6863969be78d21acec5cd0ccf00476ddaa5c,f80984d28ef9a7550633fb3aea514f783f3db1fa655a6d3f49850b10857e6afc,5742764ef3bd686abf56fbeafa222ed2fa2784afb6f787533493cfe88190f71f,last,ood_metric/aupr_in_openood_auc,OOD-2,primary,up,id_train,id_test_vs_places365,detector_declared,detector/vim_dim320,places365,far,,,,45195,C3,adamw,0.001,0.0001,0.8080985113396113,0.007281049894323142,0.808099 ± 0.007281,0.8006288503319297,0.8084916639884872,0.8151750196984171
metric_contract_v1.2,c38b09694be88aa74de0741b39e9d3ba0d6ff61a,35a1a66f78dfd6255c4d804586ee6863969be78d21acec5cd0ccf00476ddaa5c,f80984d28ef9a7550633fb3aea514f783f3db1fa655a6d3f49850b10857e6afc,5742764ef3bd686abf56fbeafa222ed2fa2784afb6f787533493cfe88190f71f,last,ood_metric/aupr_in_openood_auc,OOD-2,primary,up,id_train,id_test_vs_places365,detector_declared,detector/vim_dim64,places365,far,,,,45195,C3,adamw,0.001,0.0001,0.8034701677953864,0.006314312835662169,0.803470 ± 0.006314,0.7977601307275428,0.8023987179288883,0.8102516547297283
metric_contract_v1.2,c38b09694be88aa74de0741b39e9d3ba0d6ff61a,35a1a66f78dfd6255c4d804586ee6863969be78d21acec5cd0ccf00476ddaa5c,f80984d28ef9a7550633fb3aea514f783f3db1fa655a6d3f49850b10857e6afc,5742764ef3bd686abf56fbeafa222ed2fa2784afb6f787533493cfe88190f71f,last,ood_metric/aupr_in_openood_auc,OOD-2,primary,up,id_train,id_test_vs_places365,detector_declared,detector/weight_cosine_appendix,places365,far,,,,45195,C3,adamw,0.001,0.0001,0.7937261395477907,0.00998904016734394,0.793726 ± 0.009989,0.7871654353549227,0.788790726686835,0.8052222566016145
metric_contract_v1.2,c38b09694be88aa74de0741b39e9d3ba0d6ff61a,35a1a66f78dfd6255c4d804586ee6863969be78d21acec5cd0ccf00476ddaa5c,f80984d28ef9a7550633fb3aea514f783f3db1fa655a6d3f49850b10857e6afc,5742764ef3bd686abf56fbeafa222ed2fa2784afb6f787533493cfe88190f71f,last,ood_metric/aupr_in_openood_auc,OOD-2,primary,up,,id_test_vs_places365,detector_declared,ood_score/energy_t1,places365,far,,,,45195,C3,adamw,0.001,0.0001,0.8102937492372675,0.007230666723547093,0.810294 ± 0.007231,0.8091880438123926,0.8036796219091256,0.8180135819902843
metric_contract_v1.2,c38b09694be88aa74de0741b39e9d3ba0d6ff61a,35a1a66f78dfd6255c4d804586ee6863969be78d21acec5cd0ccf00476ddaa5c,f80984d28ef9a7550633fb3aea514f783f3db1fa655a6d3f49850b10857e6afc,5742764ef3bd686abf56fbeafa222ed2fa2784afb6f787533493cfe88190f71f,last,ood_metric/aupr_in_openood_auc,OOD-2,primary,up,,id_test_vs_places365,detector_declared,ood_score/max_logit,places365,far,,,,45195,C3,adamw,0.001,0.0001,0.8102125036469051,0.007244977633494831,0.810213 ± 0.007245,0.8091268498526027,0.803571618565627,0.8179390425224855
metric_contract_v1.2,c38b09694be88aa74de0741b39e9d3ba0d6ff61a,35a1a66f78dfd6255c4d804586ee6863969be78d21acec5cd0ccf00476ddaa5c,f80984d28ef9a7550633fb3aea514f783f3db1fa655a6d3f49850b10857e6afc,5742764ef3bd686abf56fbeafa222ed2fa2784afb6f787533493cfe88190f71f,last,ood_metric/aupr_in_openood_auc,OOD-2,primary,up,,id_test_vs_places365,detector_declared,ood_score/msp,places365,far,,,,45195,C3,adamw,0.001,0.0001,0.8005812432514526,0.011150843999681533,0.800581 ± 0.011151,0.8027373540714136,0.7885097938476107,0.8104965818353336
metric_contract_v1.2,c38b09694be88aa74de0741b39e9d3ba0d6ff61a,35a1a66f78dfd6255c4d804586ee6863969be78d21acec5cd0ccf00476ddaa5c,f80984d28ef9a7550633fb3aea514f783f3db1fa655a6d3f49850b10857e6afc,5742764ef3bd686abf56fbeafa222ed2fa2784afb6f787533493cfe88190f71f,last,ood_metric/aupr_out_openood_auc,OOD-3,primary,up,id_train,id_test_vs_places365,detector_declared,detector/ctm_prototype_cosine,places365,far,,,,45195,C3,adamw,0.001,0.0001,0.963053832777954,0.00044408865821106896,0.963054 ± 0.000444,0.9627579411507537,0.9635644779781903,0.9628390792049178
metric_contract_v1.2,c38b09694be88aa74de0741b39e9d3ba0d6ff61a,35a1a66f78dfd6255c4d804586ee6863969be78d21acec5cd0ccf00476ddaa5c,f80984d28ef9a7550633fb3aea514f783f3db1fa655a6d3f49850b10857e6afc,5742764ef3bd686abf56fbeafa222ed2fa2784afb6f787533493cfe88190f71f,last,ood_metric/aupr_out_openood_auc,OOD-3,primary,up,id_train,id_test_vs_places365,detector_declared,detector/gda_class_density,places365,far,,,,45195,C3,adamw,0.001,0.0001,0.9432382658419339,0.0035597260557357485,0.943238 ± 0.003560,0.9391450557144898,0.9449594900037497,0.9456102518075624
metric_contract_v1.2,c38b09694be88aa74de0741b39e9d3ba0d6ff61a,35a1a66f78dfd6255c4d804586ee6863969be78d21acec5cd0ccf00476ddaa5c,f80984d28ef9a7550633fb3aea514f783f3db1fa655a6d3f49850b10857e6afc,5742764ef3bd686abf56fbeafa222ed2fa2784afb6f787533493cfe88190f71f,last,ood_metric/aupr_out_openood_auc,OOD-3,primary,up,id_train,id_test_vs_places365,detector_declared,detector/knn_l2_k50,places365,far,,,,45195,C3,adamw,0.001,0.0001,0.9675595159427708,0.0015263348340175654,0.967560 ± 0.001526,0.9663610664399946,0.967039594985367,0.9692778864029507
metric_contract_v1.2,c38b09694be88aa74de0741b39e9d3ba0d6ff61a,35a1a66f78dfd6255c4d804586ee6863969be78d21acec5cd0ccf00476ddaa5c,f80984d28ef9a7550633fb3aea514f783f3db1fa655a6d3f49850b10857e6afc,5742764ef3bd686abf56fbeafa222ed2fa2784afb6f787533493cfe88190f71f,last,ood_metric/aupr_out_openood_auc,OOD-3,primary,up,id_train,id_test_vs_places365,detector_declared,detector/mahalanobis_pp,places365,far,,,,45195,C3,adamw,0.001,0.0001,0.9620692880971756,0.0030716187159726435,0.962069 ± 0.003072,0.9635645873761927,0.9585363374710696,0.964106939444265
metric_contract_v1.2,c38b09694be88aa74de0741b39e9d3ba0d6ff61a,35a1a66f78dfd6255c4d804586ee6863969be78d21acec5cd0ccf00476ddaa5c,f80984d28ef9a7550633fb3aea514f783f3db1fa655a6d3f49850b10857e6afc,5742764ef3bd686abf56fbeafa222ed2fa2784afb6f787533493cfe88190f71f,last,ood_metric/aupr_out_openood_auc,OOD-3,primary,up,id_train,id_test_vs_places365,detector_declared,detector/mahalanobis_raw,places365,far,,,,45195,C3,adamw,0.001,0.0001,0.8303147303300427,0.013628921698267968,0.830315 ± 0.013629,0.8161311788024292,0.8315016219963273,0.8433113901913716
metric_contract_v1.2,c38b09694be88aa74de0741b39e9d3ba0d6ff61a,35a1a66f78dfd6255c4d804586ee6863969be78d21acec5cd0ccf00476ddaa5c,f80984d28ef9a7550633fb3aea514f783f3db1fa655a6d3f49850b10857e6afc,5742764ef3bd686abf56fbeafa222ed2fa2784afb6f787533493cfe88190f71f,last,ood_metric/aupr_out_openood_auc,OOD-3,primary,up,id_train,id_test_vs_places365,detector_declared,detector/marginal_mahalanobis_raw,places365,far,,,,45195,C3,adamw,0.001,0.0001,0.7886567560430137,0.014980101926676311,0.788657 ± 0.014980,0.7724916027622151,0.7914083554474998,0.8020703099193263
metric_contract_v1.2,c38b09694be88aa74de0741b39e9d3ba0d6ff61a,35a1a66f78dfd6255c4d804586ee6863969be78d21acec5cd0ccf00476ddaa5c,f80984d28ef9a7550633fb3aea514f783f3db1fa655a6d3f49850b10857e6afc,5742764ef3bd686abf56fbeafa222ed2fa2784afb6f787533493cfe88190f71f,last,ood_metric/aupr_out_openood_auc,OOD-3,primary,up,id_train,id_test_vs_places365,detector_declared,detector/ncp_euclidean_raw,places365,far,,,,45195,C3,adamw,0.001,0.0001,0.9462344592871057,0.0014722891902584291,0.946234 ± 0.001472,0.9446858279844876,0.9476161803023732,0.9464013695744561
metric_contract_v1.2,c38b09694be88aa74de0741b39e9d3ba0d6ff61a,35a1a66f78dfd6255c4d804586ee6863969be78d21acec5cd0ccf00476ddaa5c,f80984d28ef9a7550633fb3aea514f783f3db1fa655a6d3f49850b10857e6afc,5742764ef3bd686abf56fbeafa222ed2fa2784afb6f787533493cfe88190f71f,last,ood_metric/aupr_out_openood_auc,OOD-3,primary,up,id_train,id_test_vs_places365,detector_declared,detector/neco_author_std_dim100,places365,far,,,,45195,C3,adamw,0.001,0.0001,0.9375520069429468,0.005330424172253034,0.937552 ± 0.005330,0.9318402062990135,0.9384217245167475,0.9423940900130794
metric_contract_v1.2,c38b09694be88aa74de0741b39e9d3ba0d6ff61a,35a1a66f78dfd6255c4d804586ee6863969be78d21acec5cd0ccf00476ddaa5c,f80984d28ef9a7550633fb3aea514f783f3db1fa655a6d3f49850b10857e6afc,5742764ef3bd686abf56fbeafa222ed2fa2784afb6f787533493cfe88190f71f,last,ood_metric/aupr_out_openood_auc,OOD-3,primary,up,id_train,id_test_vs_places365,detector_declared,detector/relative_mahalanobis_pp,places365,far,,,,45195,C3,adamw,0.001,0.0001,0.9620965259493923,0.00034923651265649554,0.962097 ± 0.000349,0.9622672295840434,0.9623275778988114,0.9616947703653222
metric_contract_v1.2,c38b09694be88aa74de0741b39e9d3ba0d6ff61a,35a1a66f78dfd6255c4d804586ee6863969be78d21acec5cd0ccf00476ddaa5c,f80984d28ef9a7550633fb3aea514f783f3db1fa655a6d3f49850b10857e6afc,5742764ef3bd686abf56fbeafa222ed2fa2784afb6f787533493cfe88190f71f,last,ood_metric/aupr_out_openood_auc,OOD-3,primary,up,id_train,id_test_vs_places365,detector_declared,detector/relative_mahalanobis_raw,places365,far,,,,45195,C3,adamw,0.001,0.0001,0.9655739076264513,6.74970563579405e-05,0.965574 ± 0.000067,0.9656517653864954,0.9655380576289658,0.9655318998638928
metric_contract_v1.2,c38b09694be88aa74de0741b39e9d3ba0d6ff61a,35a1a66f78dfd6255c4d804586ee6863969be78d21acec5cd0ccf00476ddaa5c,f80984d28ef9a7550633fb3aea514f783f3db1fa655a6d3f49850b10857e6afc,5742764ef3bd686abf56fbeafa222ed2fa2784afb6f787533493cfe88190f71f,last,ood_metric/aupr_out_openood_auc,OOD-3,primary,up,id_train,id_test_vs_places365,detector_declared,detector/vim_author_dim,places365,far,,,,45195,C3,adamw,0.001,0.0001,0.9608109253645424,0.0027759866125054667,0.960811 ± 0.002776,0.9576216780424599,0.9621269313453265,0.9626841667058408
metric_contract_v1.2,c38b09694be88aa74de0741b39e9d3ba0d6ff61a,35a1a66f78dfd6255c4d804586ee6863969be78d21acec5cd0ccf00476ddaa5c,f80984d28ef9a7550633fb3aea514f783f3db1fa655a6d3f49850b10857e6afc,5742764ef3bd686abf56fbeafa222ed2fa2784afb6f787533493cfe88190f71f,last,ood_metric/aupr_out_openood_auc,OOD-3,primary,up,id_train,id_test_vs_places365,detector_declared,detector/vim_dim128,places365,far,,,,45195,C3,adamw,0.001,0.0001,0.9614242748633792,0.003037230229244532,0.961424 ± 0.003037,0.957922419763906,0.963341110858219,0.9630092939680128
metric_contract_v1.2,c38b09694be88aa74de0741b39e9d3ba0d6ff61a,35a1a66f78dfd6255c4d804586ee6863969be78d21acec5cd0ccf00476ddaa5c,f80984d28ef9a7550633fb3aea514f783f3db1fa655a6d3f49850b10857e6afc,5742764ef3bd686abf56fbeafa222ed2fa2784afb6f787533493cfe88190f71f,last,ood_metric/aupr_out_openood_auc,OOD-3,primary,up,id_train,id_test_vs_places365,detector_declared,detector/vim_dim256,places365,far,,,,45195,C3,adamw,0.001,0.0001,0.9610132618016708,0.002775499347061303,0.961013 ± 0.002775,0.9578128832804618,0.9624665510409149,0.9627603510836357
metric_contract_v1.2,c38b09694be88aa74de0741b39e9d3ba0d6ff61a,35a1a66f78dfd6255c4d804586ee6863969be78d21acec5cd0ccf00476ddaa5c,f80984d28ef9a7550633fb3aea514f783f3db1fa655a6d3f49850b10857e6afc,5742764ef3bd686abf56fbeafa222ed2fa2784afb6f787533493cfe88190f71f,last,ood_metric/aupr_out_openood_auc,OOD-3,primary,up,id_train,id_test_vs_places365,detector_declared,detector/vim_dim320,places365,far,,,,45195,C3,adamw,0.001,0.0001,0.9608109253645424,0.0027759866125054667,0.960811 ± 0.002776,0.9576216780424599,0.9621269313453265,0.9626841667058408
metric_contract_v1.2,c38b09694be88aa74de0741b39e9d3ba0d6ff61a,35a1a66f78dfd6255c4d804586ee6863969be78d21acec5cd0ccf00476ddaa5c,f80984d28ef9a7550633fb3aea514f783f3db1fa655a6d3f49850b10857e6afc,5742764ef3bd686abf56fbeafa222ed2fa2784afb6f787533493cfe88190f71f,last,ood_metric/aupr_out_openood_auc,OOD-3,primary,up,id_train,id_test_vs_places365,detector_declared,detector/vim_dim64,places365,far,,,,45195,C3,adamw,0.001,0.0001,0.9607491703796699,0.0030627109323590057,0.960749 ± 0.003063,0.9573704338641001,0.9615339376624622,0.9633431396124476
metric_contract_v1.2,c38b09694be88aa74de0741b39e9d3ba0d6ff61a,35a1a66f78dfd6255c4d804586ee6863969be78d21acec5cd0ccf00476ddaa5c,f80984d28ef9a7550633fb3aea514f783f3db1fa655a6d3f49850b10857e6afc,5742764ef3bd686abf56fbeafa222ed2fa2784afb6f787533493cfe88190f71f,last,ood_metric/aupr_out_openood_auc,OOD-3,primary,up,id_train,id_test_vs_places365,detector_declared,detector/weight_cosine_appendix,places365,far,,,,45195,C3,adamw,0.001,0.0001,0.9610276188582908,0.0017685517070888895,0.961028 ± 0.001769,0.9595906425179658,0.9604894848144779,0.9630027292424288
metric_contract_v1.2,c38b09694be88aa74de0741b39e9d3ba0d6ff61a,35a1a66f78dfd6255c4d804586ee6863969be78d21acec5cd0ccf00476ddaa5c,f80984d28ef9a7550633fb3aea514f783f3db1fa655a6d3f49850b10857e6afc,5742764ef3bd686abf56fbeafa222ed2fa2784afb6f787533493cfe88190f71f,last,ood_metric/aupr_out_openood_auc,OOD-3,primary,up,,id_test_vs_places365,detector_declared,ood_score/energy_t1,places365,far,,,,45195,C3,adamw,0.001,0.0001,0.9631169498144135,0.0011722595241522706,0.963117 ± 0.001172,0.962275436819645,0.9626195100900171,0.9644559025335786
metric_contract_v1.2,c38b09694be88aa74de0741b39e9d3ba0d6ff61a,35a1a66f78dfd6255c4d804586ee6863969be78d21acec5cd0ccf00476ddaa5c,f80984d28ef9a7550633fb3aea514f783f3db1fa655a6d3f49850b10857e6afc,5742764ef3bd686abf56fbeafa222ed2fa2784afb6f787533493cfe88190f71f,last,ood_metric/aupr_out_openood_auc,OOD-3,primary,up,,id_test_vs_places365,detector_declared,ood_score/max_logit,places365,far,,,,45195,C3,adamw,0.001,0.0001,0.9632019941200626,0.0012171602075925687,0.963202 ± 0.001217,0.9623867351491664,0.9626181632791604,0.9646010839318611
metric_contract_v1.2,c38b09694be88aa74de0741b39e9d3ba0d6ff61a,35a1a66f78dfd6255c4d804586ee6863969be78d21acec5cd0ccf00476ddaa5c,f80984d28ef9a7550633fb3aea514f783f3db1fa655a6d3f49850b10857e6afc,5742764ef3bd686abf56fbeafa222ed2fa2784afb6f787533493cfe88190f71f,last,ood_metric/aupr_out_openood_auc,OOD-3,primary,up,,id_test_vs_places365,detector_declared,ood_score/msp,places365,far,,,,45195,C3,adamw,0.001,0.0001,0.9526270302465205,0.0019366759805702616,0.952627 ± 0.001937,0.9533321090020906,0.9504365948392902,0.9541123868981807
metric_contract_v1.2,c38b09694be88aa74de0741b39e9d3ba0d6ff61a,35a1a66f78dfd6255c4d804586ee6863969be78d21acec5cd0ccf00476ddaa5c,f80984d28ef9a7550633fb3aea514f783f3db1fa655a6d3f49850b10857e6afc,5742764ef3bd686abf56fbeafa222ed2fa2784afb6f787533493cfe88190f71f,last,ood_metric/auroc_id_positive,OOD-1,primary,up,id_train,id_test_vs_places365,detector_declared,detector/ctm_prototype_cosine,places365,far,,,,45195,C3,adamw,0.001,0.0001,0.8998759568120471,0.0008972789558187436,0.899876 ± 0.000897,0.89888506606052,0.9006335303310129,0.9001092740446086
metric_contract_v1.2,c38b09694be88aa74de0741b39e9d3ba0d6ff61a,35a1a66f78dfd6255c4d804586ee6863969be78d21acec5cd0ccf00476ddaa5c,f80984d28ef9a7550633fb3aea514f783f3db1fa655a6d3f49850b10857e6afc,5742764ef3bd686abf56fbeafa222ed2fa2784afb6f787533493cfe88190f71f,last,ood_metric/auroc_id_positive,OOD-1,primary,up,id_train,id_test_vs_places365,detector_declared,detector/gda_class_density,places365,far,,,,45195,C3,adamw,0.001,0.0001,0.858944081072122,0.00728852486813565,0.858944 ± 0.007289,0.8506687796562011,0.8617542775962495,0.8644091859639154
metric_contract_v1.2,c38b09694be88aa74de0741b39e9d3ba0d6ff61a,35a1a66f78dfd6255c4d804586ee6863969be78d21acec5cd0ccf00476ddaa5c,f80984d28ef9a7550633fb3aea514f783f3db1fa655a6d3f49850b10857e6afc,5742764ef3bd686abf56fbeafa222ed2fa2784afb6f787533493cfe88190f71f,last,ood_metric/auroc_id_positive,OOD-1,primary,up,id_train,id_test_vs_places365,detector_declared,detector/knn_l2_k50,places365,far,,,,45195,C3,adamw,0.001,0.0001,0.9112150239143819,0.0038862477001878996,0.911215 ± 0.003886,0.9076556982525927,0.910627975564711,0.9153613979258417
metric_contract_v1.2,c38b09694be88aa74de0741b39e9d3ba0d6ff61a,35a1a66f78dfd6255c4d804586ee6863969be78d21acec5cd0ccf00476ddaa5c,f80984d28ef9a7550633fb3aea514f783f3db1fa655a6d3f49850b10857e6afc,5742764ef3bd686abf56fbeafa222ed2fa2784afb6f787533493cfe88190f71f,last,ood_metric/auroc_id_positive,OOD-1,primary,up,id_train,id_test_vs_places365,detector_declared,detector/mahalanobis_pp,places365,far,,,,45195,C3,adamw,0.001,0.0001,0.8955082057110385,0.006898594920978825,0.895508 ± 0.006899,0.8991934252024435,0.8875496348913198,0.8997815570393521
metric_contract_v1.2,c38b09694be88aa74de0741b39e9d3ba0d6ff61a,35a1a66f78dfd6255c4d804586ee6863969be78d21acec5cd0ccf00476ddaa5c,f80984d28ef9a7550633fb3aea514f783f3db1fa655a6d3f49850b10857e6afc,5742764ef3bd686abf56fbeafa222ed2fa2784afb6f787533493cfe88190f71f,last,ood_metric/auroc_id_positive,OOD-1,primary,up,id_train,id_test_vs_places365,detector_declared,detector/mahalanobis_raw,places365,far,,,,45195,C3,adamw,0.001,0.0001,0.6014438916512762,0.024417332303900103,0.601444 ± 0.024417,0.5762504020457452,0.6030783293081403,0.6250029435999432
metric_contract_v1.2,c38b09694be88aa74de0741b39e9d3ba0d6ff61a,35a1a66f78dfd6255c4d804586ee6863969be78d21acec5cd0ccf00476ddaa5c,f80984d28ef9a7550633fb3aea514f783f3db1fa655a6d3f49850b10857e6afc,5742764ef3bd686abf56fbeafa222ed2fa2784afb6f787533493cfe88190f71f,last,ood_metric/auroc_id_positive,OOD-1,primary,up,id_train,id_test_vs_places365,detector_declared,detector/marginal_mahalanobis_raw,places365,far,,,,45195,C3,adamw,0.001,0.0001,0.5042337690012787,0.026260297437255654,0.504234 ± 0.026260,0.4756531268646115,0.5097512118198608,0.5272969683193636
metric_contract_v1.2,c38b09694be88aa74de0741b39e9d3ba0d6ff61a,35a1a66f78dfd6255c4d804586ee6863969be78d21acec5cd0ccf00476ddaa5c,f80984d28ef9a7550633fb3aea514f783f3db1fa655a6d3f49850b10857e6afc,5742764ef3bd686abf56fbeafa222ed2fa2784afb6f787533493cfe88190f71f,last,ood_metric/auroc_id_positive,OOD-1,primary,up,id_train,id_test_vs_places365,detector_declared,detector/ncp_euclidean_raw,places365,far,,,,45195,C3,adamw,0.001,0.0001,0.8691179836150967,0.0030278438736155732,0.869118 ± 0.003028,0.8669747464128428,0.8725818269640574,0.8677973774683905
metric_contract_v1.2,c38b09694be88aa74de0741b39e9d3ba0d6ff61a,35a1a66f78dfd6255c4d804586ee6863969be78d21acec5cd0ccf00476ddaa5c,f80984d28ef9a7550633fb3aea514f783f3db1fa655a6d3f49850b10857e6afc,5742764ef3bd686abf56fbeafa222ed2fa2784afb6f787533493cfe88190f71f,last,ood_metric/auroc_id_positive,OOD-1,primary,up,id_train,id_test_vs_places365,detector_declared,detector/neco_author_std_dim100,places365,far,,,,45195,C3,adamw,0.001,0.0001,0.8495452876829095,0.010519169885149959,0.849545 ± 0.010519,0.8389354794715158,0.8497289700241513,0.8599714135530614
metric_contract_v1.2,c38b09694be88aa74de0741b39e9d3ba0d6ff61a,35a1a66f78dfd6255c4d804586ee6863969be78d21acec5cd0ccf00476ddaa5c,f80984d28ef9a7550633fb3aea514f783f3db1fa655a6d3f49850b10857e6afc,5742764ef3bd686abf56fbeafa222ed2fa2784afb6f787533493cfe88190f71f,last,ood_metric/auroc_id_positive,OOD-1,primary,up,id_train,id_test_vs_places365,detector_declared,detector/relative_mahalanobis_pp,places365,far,,,,45195,C3,adamw,0.001,0.0001,0.9023955969124403,0.0005799680649111895,0.902396 ± 0.000580,0.9020452507458447,0.9030650433300185,0.9020764966614576
metric_contract_v1.2,c38b09694be88aa74de0741b39e9d3ba0d6ff61a,35a1a66f78dfd6255c4d804586ee6863969be78d21acec5cd0ccf00476ddaa5c,f80984d28ef9a7550633fb3aea514f783f3db1fa655a6d3f49850b10857e6afc,5742764ef3bd686abf56fbeafa222ed2fa2784afb6f787533493cfe88190f71f,last,ood_metric/auroc_id_positive,OOD-1,primary,up,id_train,id_test_vs_places365,detector_declared,detector/relative_mahalanobis_raw,places365,far,,,,45195,C3,adamw,0.001,0.0001,0.9102191769664252,0.0006269559897536907,0.910219 ± 0.000627,0.9097225514987924,0.9100113141071176,0.9109236652933654
metric_contract_v1.2,c38b09694be88aa74de0741b39e9d3ba0d6ff61a,35a1a66f78dfd6255c4d804586ee6863969be78d21acec5cd0ccf00476ddaa5c,f80984d28ef9a7550633fb3aea514f783f3db1fa655a6d3f49850b10857e6afc,5742764ef3bd686abf56fbeafa222ed2fa2784afb6f787533493cfe88190f71f,last,ood_metric/auroc_id_positive,OOD-1,primary,up,id_train,id_test_vs_places365,detector_declared,detector/vim_author_dim,places365,far,,,,45195,C3,adamw,0.001,0.0001,0.9036796003220154,0.004849112162930276,0.903680 ± 0.004849,0.8981042704929677,0.9060193124023299,0.9069152180707487
metric_contract_v1.2,c38b09694be88aa74de0741b39e9d3ba0d6ff61a,35a1a66f78dfd6255c4d804586ee6863969be78d21acec5cd0ccf00476ddaa5c,f80984d28ef9a7550633fb3aea514f783f3db1fa655a6d3f49850b10857e6afc,5742764ef3bd686abf56fbeafa222ed2fa2784afb6f787533493cfe88190f71f,last,ood_metric/auroc_id_positive,OOD-1,primary,up,id_train,id_test_vs_places365,detector_declared,detector/vim_dim128,places365,far,,,,45195,C3,adamw,0.001,0.0001,0.9040948799545392,0.005230510884150264,0.904095 ± 0.005231,0.8980765961074016,0.9075438386134396,0.906664205142776
metric_contract_v1.2,c38b09694be88aa74de0741b39e9d3ba0d6ff61a,35a1a66f78dfd6255c4d804586ee6863969be78d21acec5cd0ccf00476ddaa5c,f80984d28ef9a7550633fb3aea514f783f3db1fa655a6d3f49850b10857e6afc,5742764ef3bd686abf56fbeafa222ed2fa2784afb6f787533493cfe88190f71f,last,ood_metric/auroc_id_positive,OOD-1,primary,up,id_train,id_test_vs_places365,detector_declared,detector/vim_dim256,places365,far,,,,45195,C3,adamw,0.001,0.0001,0.903877247715111,0.00477958684177697,0.903877 ± 0.004780,0.8983646398636169,0.90640373348487,0.9068633697968461
metric_contract_v1.2,c38b09694be88aa74de0741b39e9d3ba0d6ff61a,35a1a66f78dfd6255c4d804586ee6863969be78d21acec5cd0ccf00476ddaa5c,f80984d28ef9a7550633fb3aea514f783f3db1fa655a6d3f49850b10857e6afc,5742764ef3bd686abf56fbeafa222ed2fa2784afb6f787533493cfe88190f71f,last,ood_metric/auroc_id_positive,OOD-1,primary,up,id_train,id_test_vs_places365,detector_declared,detector/vim_dim320,places365,far,,,,45195,C3,adamw,0.001,0.0001,0.9036796003220154,0.004849112162930276,0.903680 ± 0.004849,0.8981042704929677,0.9060193124023299,0.9069152180707487
metric_contract_v1.2,c38b09694be88aa74de0741b39e9d3ba0d6ff61a,35a1a66f78dfd6255c4d804586ee6863969be78d21acec5cd0ccf00476ddaa5c,f80984d28ef9a7550633fb3aea514f783f3db1fa655a6d3f49850b10857e6afc,5742764ef3bd686abf56fbeafa222ed2fa2784afb6f787533493cfe88190f71f,last,ood_metric/auroc_id_positive,OOD-1,primary,up,id_train,id_test_vs_places365,detector_declared,detector/vim_dim64,places365,far,,,,45195,C3,adamw,0.001,0.0001,0.9027352720556897,0.004713419957278822,0.902735 ± 0.004713,0.8974284216508026,0.9043425941184826,0.9064348003977838
metric_contract_v1.2,c38b09694be88aa74de0741b39e9d3ba0d6ff61a,35a1a66f78dfd6255c4d804586ee6863969be78d21acec5cd0ccf00476ddaa5c,f80984d28ef9a7550633fb3aea514f783f3db1fa655a6d3f49850b10857e6afc,5742764ef3bd686abf56fbeafa222ed2fa2784afb6f787533493cfe88190f71f,last,ood_metric/auroc_id_positive,OOD-1,primary,up,id_train,id_test_vs_places365,detector_declared,detector/weight_cosine_appendix,places365,far,,,,45195,C3,adamw,0.001,0.0001,0.901218555666051,0.0038432264850518814,0.901219 ± 0.003843,0.8978333882653786,0.900426009376332,0.9053962693564427
metric_contract_v1.2,c38b09694be88aa74de0741b39e9d3ba0d6ff61a,35a1a66f78dfd6255c4d804586ee6863969be78d21acec5cd0ccf00476ddaa5c,f80984d28ef9a7550633fb3aea514f783f3db1fa655a6d3f49850b10857e6afc,5742764ef3bd686abf56fbeafa222ed2fa2784afb6f787533493cfe88190f71f,last,ood_metric/auroc_id_positive,OOD-1,primary,up,,id_test_vs_places365,detector_declared,ood_score/energy_t1,places365,far,,,,45195,C3,adamw,0.001,0.0001,0.9084261182933181,0.0023250209881250476,0.908426 ± 0.002325,0.9071287029407586,0.9070393266088932,0.9111103253303026
metric_contract_v1.2,c38b09694be88aa74de0741b39e9d3ba0d6ff61a,35a1a66f78dfd6255c4d804586ee6863969be78d21acec5cd0ccf00476ddaa5c,f80984d28ef9a7550633fb3aea514f783f3db1fa655a6d3f49850b10857e6afc,5742764ef3bd686abf56fbeafa222ed2fa2784afb6f787533493cfe88190f71f,last,ood_metric/auroc_id_positive,OOD-1,primary,up,,id_test_vs_places365,detector_declared,ood_score/max_logit,places365,far,,,,45195,C3,adamw,0.001,0.0001,0.9083515897144481,0.0023386976794398215,0.908352 ± 0.002339,0.9070823994885636,0.906921875266373,0.9110504943884074
metric_contract_v1.2,c38b09694be88aa74de0741b39e9d3ba0d6ff61a,35a1a66f78dfd6255c4d804586ee6863969be78d21acec5cd0ccf00476ddaa5c,f80984d28ef9a7550633fb3aea514f783f3db1fa655a6d3f49850b10857e6afc,5742764ef3bd686abf56fbeafa222ed2fa2784afb6f787533493cfe88190f71f,last,ood_metric/auroc_id_positive,OOD-1,primary,up,,id_test_vs_places365,detector_declared,ood_score/msp,places365,far,,,,45195,C3,adamw,0.001,0.0001,0.8902050149168915,0.00392128461665857,0.890205 ± 0.003921,0.8911115087370365,0.8859098707202727,0.8935936652933655
metric_contract_v1.2,c38b09694be88aa74de0741b39e9d3ba0d6ff61a,35a1a66f78dfd6255c4d804586ee6863969be78d21acec5cd0ccf00476ddaa5c,f80984d28ef9a7550633fb3aea514f783f3db1fa655a6d3f49850b10857e6afc,5742764ef3bd686abf56fbeafa222ed2fa2784afb6f787533493cfe88190f71f,last,ood_metric/fpr95_achieved_id_tpr,OOD-4,appendix,descriptive,id_train,id_test_vs_places365,detector_declared,detector/ctm_prototype_cosine,places365,far,,,,45195,C3,adamw,0.001,0.0001,0.9499999999999998,1.3597399555105182e-16,0.950000 ± 0.000000,0.95,0.95,0.95
metric_contract_v1.2,c38b09694be88aa74de0741b39e9d3ba0d6ff61a,35a1a66f78dfd6255c4d804586ee6863969be78d21acec5cd0ccf00476ddaa5c,f80984d28ef9a7550633fb3aea514f783f3db1fa655a6d3f49850b10857e6afc,5742764ef3bd686abf56fbeafa222ed2fa2784afb6f787533493cfe88190f71f,last,ood_metric/fpr95_achieved_id_tpr,OOD-4,appendix,descriptive,id_train,id_test_vs_places365,detector_declared,detector/gda_class_density,places365,far,,,,45195,C3,adamw,0.001,0.0001,0.9499999999999998,1.3597399555105182e-16,0.950000 ± 0.000000,0.95,0.95,0.95
metric_contract_v1.2,c38b09694be88aa74de0741b39e9d3ba0d6ff61a,35a1a66f78dfd6255c4d804586ee6863969be78d21acec5cd0ccf00476ddaa5c,f80984d28ef9a7550633fb3aea514f783f3db1fa655a6d3f49850b10857e6afc,5742764ef3bd686abf56fbeafa222ed2fa2784afb6f787533493cfe88190f71f,last,ood_metric/fpr95_achieved_id_tpr,OOD-4,appendix,descriptive,id_train,id_test_vs_places365,detector_declared,detector/knn_l2_k50,places365,far,,,,45195,C3,adamw,0.001,0.0001,0.9499999999999998,1.3597399555105182e-16,0.950000 ± 0.000000,0.95,0.95,0.95
metric_contract_v1.2,c38b09694be88aa74de0741b39e9d3ba0d6ff61a,35a1a66f78dfd6255c4d804586ee6863969be78d21acec5cd0ccf00476ddaa5c,f80984d28ef9a7550633fb3aea514f783f3db1fa655a6d3f49850b10857e6afc,5742764ef3bd686abf56fbeafa222ed2fa2784afb6f787533493cfe88190f71f,last,ood_metric/fpr95_achieved_id_tpr,OOD-4,appendix,descriptive,id_train,id_test_vs_places365,detector_declared,detector/mahalanobis_pp,places365,far,,,,45195,C3,adamw,0.001,0.0001,0.9499999999999998,1.3597399555105182e-16,0.950000 ± 0.000000,0.95,0.95,0.95
metric_contract_v1.2,c38b09694be88aa74de0741b39e9d3ba0d6ff61a,35a1a66f78dfd6255c4d804586ee6863969be78d21acec5cd0ccf00476ddaa5c,f80984d28ef9a7550633fb3aea514f783f3db1fa655a6d3f49850b10857e6afc,5742764ef3bd686abf56fbeafa222ed2fa2784afb6f787533493cfe88190f71f,last,ood_metric/fpr95_achieved_id_tpr,OOD-4,appendix,descriptive,id_train,id_test_vs_places365,detector_declared,detector/mahalanobis_raw,places365,far,,,,45195,C3,adamw,0.001,0.0001,0.9499999999999998,1.3597399555105182e-16,0.950000 ± 0.000000,0.95,0.95,0.95
metric_contract_v1.2,c38b09694be88aa74de0741b39e9d3ba0d6ff61a,35a1a66f78dfd6255c4d804586ee6863969be78d21acec5cd0ccf00476ddaa5c,f80984d28ef9a7550633fb3aea514f783f3db1fa655a6d3f49850b10857e6afc,5742764ef3bd686abf56fbeafa222ed2fa2784afb6f787533493cfe88190f71f,last,ood_metric/fpr95_achieved_id_tpr,OOD-4,appendix,descriptive,id_train,id_test_vs_places365,detector_declared,detector/marginal_mahalanobis_raw,places365,far,,,,45195,C3,adamw,0.001,0.0001,0.9499999999999998,1.3597399555105182e-16,0.950000 ± 0.000000,0.95,0.95,0.95
metric_contract_v1.2,c38b09694be88aa74de0741b39e9d3ba0d6ff61a,35a1a66f78dfd6255c4d804586ee6863969be78d21acec5cd0ccf00476ddaa5c,f80984d28ef9a7550633fb3aea514f783f3db1fa655a6d3f49850b10857e6afc,5742764ef3bd686abf56fbeafa222ed2fa2784afb6f787533493cfe88190f71f,last,ood_metric/fpr95_achieved_id_tpr,OOD-4,appendix,descriptive,id_train,id_test_vs_places365,detector_declared,detector/ncp_euclidean_raw,places365,far,,,,45195,C3,adamw,0.001,0.0001,0.9499999999999998,1.3597399555105182e-16,0.950000 ± 0.000000,0.95,0.95,0.95
metric_contract_v1.2,c38b09694be88aa74de0741b39e9d3ba0d6ff61a,35a1a66f78dfd6255c4d804586ee6863969be78d21acec5cd0ccf00476ddaa5c,f80984d28ef9a7550633fb3aea514f783f3db1fa655a6d3f49850b10857e6afc,5742764ef3bd686abf56fbeafa222ed2fa2784afb6f787533493cfe88190f71f,last,ood_metric/fpr95_achieved_id_tpr,OOD-4,appendix,descriptive,id_train,id_test_vs_places365,detector_declared,detector/neco_author_std_dim100,places365,far,,,,45195,C3,adamw,0.001,0.0001,0.9499999999999998,1.3597399555105182e-16,0.950000 ± 0.000000,0.95,0.95,0.95
metric_contract_v1.2,c38b09694be88aa74de0741b39e9d3ba0d6ff61a,35a1a66f78dfd6255c4d804586ee6863969be78d21acec5cd0ccf00476ddaa5c,f80984d28ef9a7550633fb3aea514f783f3db1fa655a6d3f49850b10857e6afc,5742764ef3bd686abf56fbeafa222ed2fa2784afb6f787533493cfe88190f71f,last,ood_metric/fpr95_achieved_id_tpr,OOD-4,appendix,descriptive,id_train,id_test_vs_places365,detector_declared,detector/relative_mahalanobis_pp,places365,far,,,,45195,C3,adamw,0.001,0.0001,0.9499999999999998,1.3597399555105182e-16,0.950000 ± 0.000000,0.95,0.95,0.95
metric_contract_v1.2,c38b09694be88aa74de0741b39e9d3ba0d6ff61a,35a1a66f78dfd6255c4d804586ee6863969be78d21acec5cd0ccf00476ddaa5c,f80984d28ef9a7550633fb3aea514f783f3db1fa655a6d3f49850b10857e6afc,5742764ef3bd686abf56fbeafa222ed2fa2784afb6f787533493cfe88190f71f,last,ood_metric/fpr95_achieved_id_tpr,OOD-4,appendix,descriptive,id_train,id_test_vs_places365,detector_declared,detector/relative_mahalanobis_raw,places365,far,,,,45195,C3,adamw,0.001,0.0001,0.9499999999999998,1.3597399555105182e-16,0.950000 ± 0.000000,0.95,0.95,0.95
metric_contract_v1.2,c38b09694be88aa74de0741b39e9d3ba0d6ff61a,35a1a66f78dfd6255c4d804586ee6863969be78d21acec5cd0ccf00476ddaa5c,f80984d28ef9a7550633fb3aea514f783f3db1fa655a6d3f49850b10857e6afc,5742764ef3bd686abf56fbeafa222ed2fa2784afb6f787533493cfe88190f71f,last,ood_metric/fpr95_achieved_id_tpr,OOD-4,appendix,descriptive,id_train,id_test_vs_places365,detector_declared,detector/vim_author_dim,places365,far,,,,45195,C3,adamw,0.001,0.0001,0.9499999999999998,1.3597399555105182e-16,0.950000 ± 0.000000,0.95,0.95,0.95
metric_contract_v1.2,c38b09694be88aa74de0741b39e9d3ba0d6ff61a,35a1a66f78dfd6255c4d804586ee6863969be78d21acec5cd0ccf00476ddaa5c,f80984d28ef9a7550633fb3aea514f783f3db1fa655a6d3f49850b10857e6afc,5742764ef3bd686abf56fbeafa222ed2fa2784afb6f787533493cfe88190f71f,last,ood_metric/fpr95_achieved_id_tpr,OOD-4,appendix,descriptive,id_train,id_test_vs_places365,detector_declared,detector/vim_dim128,places365,far,,,,45195,C3,adamw,0.001,0.0001,0.9499999999999998,1.3597399555105182e-16,0.950000 ± 0.000000,0.95,0.95,0.95
metric_contract_v1.2,c38b09694be88aa74de0741b39e9d3ba0d6ff61a,35a1a66f78dfd6255c4d804586ee6863969be78d21acec5cd0ccf00476ddaa5c,f80984d28ef9a7550633fb3aea514f783f3db1fa655a6d3f49850b10857e6afc,5742764ef3bd686abf56fbeafa222ed2fa2784afb6f787533493cfe88190f71f,last,ood_metric/fpr95_achieved_id_tpr,OOD-4,appendix,descriptive,id_train,id_test_vs_places365,detector_declared,detector/vim_dim256,places365,far,,,,45195,C3,adamw,0.001,0.0001,0.9499999999999998,1.3597399555105182e-16,0.950000 ± 0.000000,0.95,0.95,0.95
metric_contract_v1.2,c38b09694be88aa74de0741b39e9d3ba0d6ff61a,35a1a66f78dfd6255c4d804586ee6863969be78d21acec5cd0ccf00476ddaa5c,f80984d28ef9a7550633fb3aea514f783f3db1fa655a6d3f49850b10857e6afc,5742764ef3bd686abf56fbeafa222ed2fa2784afb6f787533493cfe88190f71f,last,ood_metric/fpr95_achieved_id_tpr,OOD-4,appendix,descriptive,id_train,id_test_vs_places365,detector_declared,detector/vim_dim320,places365,far,,,,45195,C3,adamw,0.001,0.0001,0.9499999999999998,1.3597399555105182e-16,0.950000 ± 0.000000,0.95,0.95,0.95
metric_contract_v1.2,c38b09694be88aa74de0741b39e9d3ba0d6ff61a,35a1a66f78dfd6255c4d804586ee6863969be78d21acec5cd0ccf00476ddaa5c,f80984d28ef9a7550633fb3aea514f783f3db1fa655a6d3f49850b10857e6afc,5742764ef3bd686abf56fbeafa222ed2fa2784afb6f787533493cfe88190f71f,last,ood_metric/fpr95_achieved_id_tpr,OOD-4,appendix,descriptive,id_train,id_test_vs_places365,detector_declared,detector/vim_dim64,places365,far,,,,45195,C3,adamw,0.001,0.0001,0.9499999999999998,1.3597399555105182e-16,0.950000 ± 0.000000,0.95,0.95,0.95
metric_contract_v1.2,c38b09694be88aa74de0741b39e9d3ba0d6ff61a,35a1a66f78dfd6255c4d804586ee6863969be78d21acec5cd0ccf00476ddaa5c,f80984d28ef9a7550633fb3aea514f783f3db1fa655a6d3f49850b10857e6afc,5742764ef3bd686abf56fbeafa222ed2fa2784afb6f787533493cfe88190f71f,last,ood_metric/fpr95_achieved_id_tpr,OOD-4,appendix,descriptive,id_train,id_test_vs_places365,detector_declared,detector/weight_cosine_appendix,places365,far,,,,45195,C3,adamw,0.001,0.0001,0.9499999999999998,1.3597399555105182e-16,0.950000 ± 0.000000,0.95,0.95,0.95
metric_contract_v1.2,c38b09694be88aa74de0741b39e9d3ba0d6ff61a,35a1a66f78dfd6255c4d804586ee6863969be78d21acec5cd0ccf00476ddaa5c,f80984d28ef9a7550633fb3aea514f783f3db1fa655a6d3f49850b10857e6afc,5742764ef3bd686abf56fbeafa222ed2fa2784afb6f787533493cfe88190f71f,last,ood_metric/fpr95_achieved_id_tpr,OOD-4,appendix,descriptive,,id_test_vs_places365,detector_declared,ood_score/energy_t1,places365,far,,,,45195,C3,adamw,0.001,0.0001,0.9499999999999998,1.3597399555105182e-16,0.950000 ± 0.000000,0.95,0.95,0.95
metric_contract_v1.2,c38b09694be88aa74de0741b39e9d3ba0d6ff61a,35a1a66f78dfd6255c4d804586ee6863969be78d21acec5cd0ccf00476ddaa5c,f80984d28ef9a7550633fb3aea514f783f3db1fa655a6d3f49850b10857e6afc,5742764ef3bd686abf56fbeafa222ed2fa2784afb6f787533493cfe88190f71f,last,ood_metric/fpr95_achieved_id_tpr,OOD-4,appendix,descriptive,,id_test_vs_places365,detector_declared,ood_score/max_logit,places365,far,,,,45195,C3,adamw,0.001,0.0001,0.9499999999999998,1.3597399555105182e-16,0.950000 ± 0.000000,0.95,0.95,0.95
metric_contract_v1.2,c38b09694be88aa74de0741b39e9d3ba0d6ff61a,35a1a66f78dfd6255c4d804586ee6863969be78d21acec5cd0ccf00476ddaa5c,f80984d28ef9a7550633fb3aea514f783f3db1fa655a6d3f49850b10857e6afc,5742764ef3bd686abf56fbeafa222ed2fa2784afb6f787533493cfe88190f71f,last,ood_metric/fpr95_achieved_id_tpr,OOD-4,appendix,descriptive,,id_test_vs_places365,detector_declared,ood_score/msp,places365,far,,,,45195,C3,adamw,0.001,0.0001,0.9499999999999998,1.3597399555105182e-16,0.950000 ± 0.000000,0.95,0.95,0.95
metric_contract_v1.2,c38b09694be88aa74de0741b39e9d3ba0d6ff61a,35a1a66f78dfd6255c4d804586ee6863969be78d21acec5cd0ccf00476ddaa5c,f80984d28ef9a7550633fb3aea514f783f3db1fa655a6d3f49850b10857e6afc,5742764ef3bd686abf56fbeafa222ed2fa2784afb6f787533493cfe88190f71f,last,ood_metric/fpr95_id_tpr,OOD-4,primary,down,id_train,id_test_vs_places365,detector_declared,detector/ctm_prototype_cosine,places365,far,,,,45195,C3,adamw,0.001,0.0001,0.5136714495430222,0.011260216934266988,0.513671 ± 0.011260,0.5191078278164512,0.5007245347350476,0.5211819860775678
metric_contract_v1.2,c38b09694be88aa74de0741b39e9d3ba0d6ff61a,35a1a66f78dfd6255c4d804586ee6863969be78d21acec5cd0ccf00476ddaa5c,f80984d28ef9a7550633fb3aea514f783f3db1fa655a6d3f49850b10857e6afc,5742764ef3bd686abf56fbeafa222ed2fa2784afb6f787533493cfe88190f71f,last,ood_metric/fpr95_id_tpr,OOD-4,primary,down,id_train,id_test_vs_places365,detector_declared,detector/gda_class_density,places365,far,,,,45195,C3,adamw,0.001,0.0001,0.6447127906426102,0.02489655284054015,0.644713 ± 0.024897,0.6733911066912914,0.6286404318795283,0.6321068333570109
metric_contract_v1.2,c38b09694be88aa74de0741b39e9d3ba0d6ff61a,35a1a66f78dfd6255c4d804586ee6863969be78d21acec5cd0ccf00476ddaa5c,f80984d28ef9a7550633fb3aea514f783f3db1fa655a6d3f49850b10857e6afc,5742764ef3bd686abf56fbeafa222ed2fa2784afb6f787533493cfe88190f71f,last,ood_metric/fpr95_id_tpr,OOD-4,primary,down,id_train,id_test_vs_places365,detector_declared,detector/knn_l2_k50,places365,far,,,,45195,C3,adamw,0.001,0.0001,0.46189326135341197,0.01844154942165787,0.461893 ± 0.018442,0.4804659752805796,0.46162807216934226,0.443585736610314
metric_contract_v1.2,c38b09694be88aa74de0741b39e9d3ba0d6ff61a,35a1a66f78dfd6255c4d804586ee6863969be78d21acec5cd0ccf00476ddaa5c,f80984d28ef9a7550633fb3aea514f783f3db1fa655a6d3f49850b10857e6afc,5742764ef3bd686abf56fbeafa222ed2fa2784afb6f787533493cfe88190f71f,last,ood_metric/fpr95_id_tpr,OOD-4,primary,down,id_train,id_test_vs_places365,detector_declared,detector/mahalanobis_pp,places365,far,,,,45195,C3,adamw,0.001,0.0001,0.5219207273760477,0.024786996967827494,0.521921 ± 0.024787,0.502088364824549,0.5497087654496378,0.5139650518539566
metric_contract_v1.2,c38b09694be88aa74de0741b39e9d3ba0d6ff61a,35a1a66f78dfd6255c4d804586ee6863969be78d21acec5cd0ccf00476ddaa5c,f80984d28ef9a7550633fb3aea514f783f3db1fa655a6d3f49850b10857e6afc,5742764ef3bd686abf56fbeafa222ed2fa2784afb6f787533493cfe88190f71f,last,ood_metric/fpr95_id_tpr,OOD-4,primary,down,id_train,id_test_vs_places365,detector_declared,detector/mahalanobis_raw,places365,far,,,,45195,C3,adamw,0.001,0.0001,0.9077236349860303,0.016177036507691443,0.907724 ± 0.016177,0.9248756925699674,0.9055547663020316,0.8927404460860918
metric_contract_v1.2,c38b09694be88aa74de0741b39e9d3ba0d6ff61a,35a1a66f78dfd6255c4d804586ee6863969be78d21acec5cd0ccf00476ddaa5c,f80984d28ef9a7550633fb3aea514f783f3db1fa655a6d3f49850b10857e6afc,5742764ef3bd686abf56fbeafa222ed2fa2784afb6f787533493cfe88190f71f,last,ood_metric/fpr95_id_tpr,OOD-4,primary,down,id_train,id_test_vs_places365,detector_declared,detector/marginal_mahalanobis_raw,places365,far,,,,45195,C3,adamw,0.001,0.0001,0.9320358005398495,0.01121973184584948,0.932036 ± 0.011220,0.9441682057110385,0.9299048160250035,0.9220343798835062
metric_contract_v1.2,c38b09694be88aa74de0741b39e9d3ba0d6ff61a,35a1a66f78dfd6255c4d804586ee6863969be78d21acec5cd0ccf00476ddaa5c,f80984d28ef9a7550633fb3aea514f783f3db1fa655a6d3f49850b10857e6afc,5742764ef3bd686abf56fbeafa222ed2fa2784afb6f787533493cfe88190f71f,last,ood_metric/fpr95_id_tpr,OOD-4,primary,down,id_train,id_test_vs_places365,detector_declared,detector/ncp_euclidean_raw,places365,far,,,,45195,C3,adamw,0.001,0.0001,0.5968650850026046,0.01112882128308766,0.596865 ± 0.011129,0.5964767722687881,0.5859355022020173,0.6081829805370081
metric_contract_v1.2,c38b09694be88aa74de0741b39e9d3ba0d6ff61a,35a1a66f78dfd6255c4d804586ee6863969be78d21acec5cd0ccf00476ddaa5c,f80984d28ef9a7550633fb3aea514f783f3db1fa655a6d3f49850b10857e6afc,5742764ef3bd686abf56fbeafa222ed2fa2784afb6f787533493cfe88190f71f,last,ood_metric/fpr95_id_tpr,OOD-4,primary,down,id_train,id_test_vs_places365,detector_declared,detector/neco_author_std_dim100,places365,far,,,,45195,C3,adamw,0.001,0.0001,0.6892456314817444,0.024834584516041258,0.689246 ± 0.024835,0.7174314533314391,0.6797272339820998,0.6705782071316948
metric_contract_v1.2,c38b09694be88aa74de0741b39e9d3ba0d6ff61a,35a1a66f78dfd6255c4d804586ee6863969be78d21acec5cd0ccf00476ddaa5c,f80984d28ef9a7550633fb3aea514f783f3db1fa655a6d3f49850b10857e6afc,5742764ef3bd686abf56fbeafa222ed2fa2784afb6f787533493cfe88190f71f,last,ood_metric/fpr95_id_tpr,OOD-4,primary,down,id_train,id_test_vs_places365,detector_declared,detector/relative_mahalanobis_pp,places365,far,,,,45195,C3,adamw,0.001,0.0001,0.542936970213572,0.0072916262276830675,0.542937 ± 0.007292,0.5451626651512999,0.5347918738457167,0.5488563716436994
metric_contract_v1.2,c38b09694be88aa74de0741b39e9d3ba0d6ff61a,35a1a66f78dfd6255c4d804586ee6863969be78d21acec5cd0ccf00476ddaa5c,f80984d28ef9a7550633fb3aea514f783f3db1fa655a6d3f49850b10857e6afc,5742764ef3bd686abf56fbeafa222ed2fa2784afb6f787533493cfe88190f71f,last,ood_metric/fpr95_id_tpr,OOD-4,primary,down,id_train,id_test_vs_places365,detector_declared,detector/relative_mahalanobis_raw,places365,far,,,,45195,C3,adamw,0.001,0.0001,0.5011507316380167,0.008565650649097076,0.501151 ± 0.008566,0.4915186816309135,0.5040204574513425,0.5079130558317942
metric_contract_v1.2,c38b09694be88aa74de0741b39e9d3ba0d6ff61a,35a1a66f78dfd6255c4d804586ee6863969be78d21acec5cd0ccf00476ddaa5c,f80984d28ef9a7550633fb3aea514f783f3db1fa655a6d3f49850b10857e6afc,5742764ef3bd686abf56fbeafa222ed2fa2784afb6f787533493cfe88190f71f,last,ood_metric/fpr95_id_tpr,OOD-4,primary,down,id_train,id_test_vs_places365,detector_declared,detector/vim_author_dim,places365,far,,,,45195,C3,adamw,0.001,0.0001,0.5223658663635933,0.03998336092729776,0.522366 ± 0.039983,0.5684898423071459,0.5010654922574229,0.4975422645262111
metric_contract_v1.2,c38b09694be88aa74de0741b39e9d3ba0d6ff61a,35a1a66f78dfd6255c4d804586ee6863969be78d21acec5cd0ccf00476ddaa5c,f80984d28ef9a7550633fb3aea514f783f3db1fa655a6d3f49850b10857e6afc,5742764ef3bd686abf56fbeafa222ed2fa2784afb6f787533493cfe88190f71f,last,ood_metric/fpr95_id_tpr,OOD-4,primary,down,id_train,id_test_vs_places365,detector_declared,detector/vim_dim128,places365,far,,,,45195,C3,adamw,0.001,0.0001,0.513008476582848,0.030982692018282947,0.513008 ± 0.030983,0.5479471515840318,0.4888762608325046,0.5022020173320074
metric_contract_v1.2,c38b09694be88aa74de0741b39e9d3ba0d6ff61a,35a1a66f78dfd6255c4d804586ee6863969be78d21acec5cd0ccf00476ddaa5c,f80984d28ef9a7550633fb3aea514f783f3db1fa655a6d3f49850b10857e6afc,5742764ef3bd686abf56fbeafa222ed2fa2784afb6f787533493cfe88190f71f,last,ood_metric/fpr95_id_tpr,OOD-4,primary,down,id_train,id_test_vs_places365,detector_declared,detector/vim_dim256,places365,far,,,,45195,C3,adamw,0.001,0.0001,0.5197613297343372,0.037790409382746686,0.519761 ± 0.037790,0.5622389543969314,0.489870720272766,0.5071743145333144
metric_contract_v1.2,c38b09694be88aa74de0741b39e9d3ba0d6ff61a,35a1a66f78dfd6255c4d804586ee6863969be78d21acec5cd0ccf00476ddaa5c,f80984d28ef9a7550633fb3aea514f783f3db1fa655a6d3f49850b10857e6afc,5742764ef3bd686abf56fbeafa222ed2fa2784afb6f787533493cfe88190f71f,last,ood_metric/fpr95_id_tpr,OOD-4,primary,down,id_train,id_test_vs_places365,detector_declared,detector/vim_dim320,places365,far,,,,45195,C3,adamw,0.001,0.0001,0.5223658663635933,0.03998336092729776,0.522366 ± 0.039983,0.5684898423071459,0.5010654922574229,0.4975422645262111
metric_contract_v1.2,c38b09694be88aa74de0741b39e9d3ba0d6ff61a,35a1a66f78dfd6255c4d804586ee6863969be78d21acec5cd0ccf00476ddaa5c,f80984d28ef9a7550633fb3aea514f783f3db1fa655a6d3f49850b10857e6afc,5742764ef3bd686abf56fbeafa222ed2fa2784afb6f787533493cfe88190f71f,last,ood_metric/fpr95_id_tpr,OOD-4,primary,down,id_train,id_test_vs_places365,detector_declared,detector/vim_dim64,places365,far,,,,45195,C3,adamw,0.001,0.0001,0.5186532177866173,0.03416686480038448,0.518653 ± 0.034167,0.5576360278448643,0.504418241227447,0.4939053842875408
metric_contract_v1.2,c38b09694be88aa74de0741b39e9d3ba0d6ff61a,35a1a66f78dfd6255c4d804586ee6863969be78d21acec5cd0ccf00476ddaa5c,f80984d28ef9a7550633fb3aea514f783f3db1fa655a6d3f49850b10857e6afc,5742764ef3bd686abf56fbeafa222ed2fa2784afb6f787533493cfe88190f71f,last,ood_metric/fpr95_id_tpr,OOD-4,primary,down,id_train,id_test_vs_places365,detector_declared,detector/weight_cosine_appendix,places365,far,,,,45195,C3,adamw,0.001,0.0001,0.5179618316995785,0.010457587630200906,0.517962 ± 0.010458,0.530018468532462,0.5125159823838613,0.5113510441824123
metric_contract_v1.2,c38b09694be88aa74de0741b39e9d3ba0d6ff61a,35a1a66f78dfd6255c4d804586ee6863969be78d21acec5cd0ccf00476ddaa5c,f80984d28ef9a7550633fb3aea514f783f3db1fa655a6d3f49850b10857e6afc,5742764ef3bd686abf56fbeafa222ed2fa2784afb6f787533493cfe88190f71f,last,ood_metric/fpr95_id_tpr,OOD-4,primary,down,,id_test_vs_places365,detector_declared,ood_score/energy_t1,places365,far,,,,45195,C3,adamw,0.001,0.0001,0.49839465833214946,0.004578217985203703,0.498395 ± 0.004578,0.5011507316380167,0.5009234266230999,0.4931098167353317
metric_contract_v1.2,c38b09694be88aa74de0741b39e9d3ba0d6ff61a,35a1a66f78dfd6255c4d804586ee6863969be78d21acec5cd0ccf00476ddaa5c,f80984d28ef9a7550633fb3aea514f783f3db1fa655a6d3f49850b10857e6afc,5742764ef3bd686abf56fbeafa222ed2fa2784afb6f787533493cfe88190f71f,last,ood_metric/fpr95_id_tpr,OOD-4,primary,down,,id_test_vs_places365,detector_declared,ood_score/max_logit,places365,far,,,,45195,C3,adamw,0.001,0.0001,0.4976843301605342,0.00469745557043498,0.497684 ± 0.004697,0.4980252876829095,0.5022020173320074,0.4928256854666856
metric_contract_v1.2,c38b09694be88aa74de0741b39e9d3ba0d6ff61a,35a1a66f78dfd6255c4d804586ee6863969be78d21acec5cd0ccf00476ddaa5c,f80984d28ef9a7550633fb3aea514f783f3db1fa655a6d3f49850b10857e6afc,5742764ef3bd686abf56fbeafa222ed2fa2784afb6f787533493cfe88190f71f,last,ood_metric/fpr95_id_tpr,OOD-4,primary,down,,id_test_vs_places365,detector_declared,ood_score/msp,places365,far,,,,45195,C3,adamw,0.001,0.0001,0.6413316285457215,0.009367042772533786,0.641332 ± 0.009367,0.6349197329166075,0.6520812615428327,0.6369938911777241
metric_contract_v1.2,c38b09694be88aa74de0741b39e9d3ba0d6ff61a,35a1a66f78dfd6255c4d804586ee6863969be78d21acec5cd0ccf00476ddaa5c,f80984d28ef9a7550633fb3aea514f783f3db1fa655a6d3f49850b10857e6afc,5742764ef3bd686abf56fbeafa222ed2fa2784afb6f787533493cfe88190f71f,last,ood_metric/fpr95_threshold,OOD-4,appendix,descriptive,id_train,id_test_vs_places365,detector_declared,detector/ctm_prototype_cosine,places365,far,,,,45195,C3,adamw,0.001,0.0001,0.8256673407198621,0.0041921311557351,0.825667 ± 0.004192,0.8254020047897178,0.8299858373078016,0.8216141800620669
metric_contract_v1.2,c38b09694be88aa74de0741b39e9d3ba0d6ff61a,35a1a66f78dfd6255c4d804586ee6863969be78d21acec5cd0ccf00476ddaa5c,f80984d28ef9a7550633fb3aea514f783f3db1fa655a6d3f49850b10857e6afc,5742764ef3bd686abf56fbeafa222ed2fa2784afb6f787533493cfe88190f71f,last,ood_metric/fpr95_threshold,OOD-4,appendix,descriptive,id_train,id_test_vs_places365,detector_declared,detector/gda_class_density,places365,far,,,,45195,C3,adamw,0.001,0.0001,763.5090089187696,16.0641498930455,763.509009 ± 16.064150,762.217317980956,780.1800084486242,748.1297003267287
metric_contract_v1.2,c38b09694be88aa74de0741b39e9d3ba0d6ff61a,35a1a66f78dfd6255c4d804586ee6863969be78d21acec5cd0ccf00476ddaa5c,f80984d28ef9a7550633fb3aea514f783f3db1fa655a6d3f49850b10857e6afc,5742764ef3bd686abf56fbeafa222ed2fa2784afb6f787533493cfe88190f71f,last,ood_metric/fpr95_threshold,OOD-4,appendix,descriptive,id_train,id_test_vs_places365,detector_declared,detector/knn_l2_k50,places365,far,,,,45195,C3,adamw,0.001,0.0001,-0.21776738697142814,0.0026390285078602494,-0.217767 ± 0.002639,-0.21835534818440339,-0.21488396672008941,-0.22006284600979162
metric_contract_v1.2,c38b09694be88aa74de0741b39e9d3ba0d6ff61a,35a1a66f78dfd6255c4d804586ee6863969be78d21acec5cd0ccf00476ddaa5c,f80984d28ef9a7550633fb3aea514f783f3db1fa655a6d3f49850b10857e6afc,5742764ef3bd686abf56fbeafa222ed2fa2784afb6f787533493cfe88190f71f,last,ood_metric/fpr95_threshold,OOD-4,appendix,descriptive,id_train,id_test_vs_places365,detector_declared,detector/mahalanobis_pp,places365,far,,,,45195,C3,adamw,0.001,0.0001,-1213.215659806423,24.444298610877293,-1213.215660 ± 24.444299,-1232.9608990907952,-1185.8754164340353,-1220.8106638944382
metric_contract_v1.2,c38b09694be88aa74de0741b39e9d3ba0d6ff61a,35a1a66f78dfd6255c4d804586ee6863969be78d21acec5cd0ccf00476ddaa5c,f80984d28ef9a7550633fb3aea514f783f3db1fa655a6d3f49850b10857e6afc,5742764ef3bd686abf56fbeafa222ed2fa2784afb6f787533493cfe88190f71f,last,ood_metric/fpr95_threshold,OOD-4,appendix,descriptive,id_train,id_test_vs_places365,detector_declared,detector/mahalanobis_raw,places365,far,,,,45195,C3,adamw,0.001,0.0001,-956.0345463589168,0.07646645106126916,-956.034546 ± 0.076466,-956.0664766669471,-956.089872576818,-955.9472898329852
metric_contract_v1.2,c38b09694be88aa74de0741b39e9d3ba0d6ff61a,35a1a66f78dfd6255c4d804586ee6863969be78d21acec5cd0ccf00476ddaa5c,f80984d28ef9a7550633fb3aea514f783f3db1fa655a6d3f49850b10857e6afc,5742764ef3bd686abf56fbeafa222ed2fa2784afb6f787533493cfe88190f71f,last,ood_metric/fpr95_threshold,OOD-4,appendix,descriptive,id_train,id_test_vs_places365,detector_declared,detector/marginal_mahalanobis_raw,places365,far,,,,45195,C3,adamw,0.001,0.0001,-942.8622237021656,1.3841940188102264,-942.862224 ± 1.384194,-943.027508597693,-944.1563542056153,-941.4028083031885
metric_contract_v1.2,c38b09694be88aa74de0741b39e9d3ba0d6ff61a,35a1a66f78dfd6255c4d804586ee6863969be78d21acec5cd0ccf00476ddaa5c,f80984d28ef9a7550633fb3aea514f783f3db1fa655a6d3f49850b10857e6afc,5742764ef3bd686abf56fbeafa222ed2fa2784afb6f787533493cfe88190f71f,last,ood_metric/fpr95_threshold,OOD-4,appendix,descriptive,id_train,id_test_vs_places365,detector_declared,detector/ncp_euclidean_raw,places365,far,,,,45195,C3,adamw,0.001,0.0001,-8.39600647788136,0.061797696316157724,-8.396006 ± 0.061798,-8.44702030393098,-8.327289063426708,-8.413710066286392
metric_contract_v1.2,c38b09694be88aa74de0741b39e9d3ba0d6ff61a,35a1a66f78dfd6255c4d804586ee6863969be78d21acec5cd0ccf00476ddaa5c,f80984d28ef9a7550633fb3aea514f783f3db1fa655a6d3f49850b10857e6afc,5742764ef3bd686abf56fbeafa222ed2fa2784afb6f787533493cfe88190f71f,last,ood_metric/fpr95_threshold,OOD-4,appendix,descriptive,id_train,id_test_vs_places365,detector_declared,detector/neco_author_std_dim100,places365,far,,,,45195,C3,adamw,0.001,0.0001,0.9868304013128796,0.00040082454183571246,0.986830 ± 0.000401,0.9872028248794021,0.9868821723623219,0.9864062066969144
metric_contract_v1.2,c38b09694be88aa74de0741b39e9d3ba0d6ff61a,35a1a66f78dfd6255c4d804586ee6863969be78d21acec5cd0ccf00476ddaa5c,f80984d28ef9a7550633fb3aea514f783f3db1fa655a6d3f49850b10857e6afc,5742764ef3bd686abf56fbeafa222ed2fa2784afb6f787533493cfe88190f71f,last,ood_metric/fpr95_threshold,OOD-4,appendix,descriptive,id_train,id_test_vs_places365,detector_declared,detector/relative_mahalanobis_pp,places365,far,,,,45195,C3,adamw,0.001,0.0001,-102.50161929336669,5.430436700404655,-102.501619 ± 5.430437,-107.39134065651604,-96.65710987991214,-103.45640734367193
metric_contract_v1.2,c38b09694be88aa74de0741b39e9d3ba0d6ff61a,35a1a66f78dfd6255c4d804586ee6863969be78d21acec5cd0ccf00476ddaa5c,f80984d28ef9a7550633fb3aea514f783f3db1fa655a6d3f49850b10857e6afc,5742764ef3bd686abf56fbeafa222ed2fa2784afb6f787533493cfe88190f71f,last,ood_metric/fpr95_threshold,OOD-4,appendix,descriptive,id_train,id_test_vs_places365,detector_declared,detector/relative_mahalanobis_raw,places365,far,,,,45195,C3,adamw,0.001,0.0001,-65.68439216264886,2.061609309061921,-65.684392 ± 2.061609,-65.72743762936102,-63.60159718646374,-67.7241416721218
metric_contract_v1.2,c38b09694be88aa74de0741b39e9d3ba0d6ff61a,35a1a66f78dfd6255c4d804586ee6863969be78d21acec5cd0ccf00476ddaa5c,f80984d28ef9a7550633fb3aea514f783f3db1fa655a6d3f49850b10857e6afc,5742764ef3bd686abf56fbeafa222ed2fa2784afb6f787533493cfe88190f71f,last,ood_metric/fpr95_threshold,OOD-4,appendix,descriptive,id_train,id_test_vs_places365,detector_declared,detector/vim_author_dim,places365,far,,,,45195,C3,adamw,0.001,0.0001,-16.63451515291972,0.19855234500476066,-16.634515 ± 0.198552,-16.86065495444551,-16.48875540157141,-16.554135102742244
metric_contract_v1.2,c38b09694be88aa74de0741b39e9d3ba0d6ff61a,35a1a66f78dfd6255c4d804586ee6863969be78d21acec5cd0ccf00476ddaa5c,f80984d28ef9a7550633fb3aea514f783f3db1fa655a6d3f49850b10857e6afc,5742764ef3bd686abf56fbeafa222ed2fa2784afb6f787533493cfe88190f71f,last,ood_metric/fpr95_threshold,OOD-4,appendix,descriptive,id_train,id_test_vs_places365,detector_declared,detector/vim_dim128,places365,far,,,,45195,C3,adamw,0.001,0.0001,-15.877375888307675,0.059104252383479106,-15.877376 ± 0.059104,-15.91582131574371,-15.809319021768548,-15.906987327410766
metric_contract_v1.2,c38b09694be88aa74de0741b39e9d3ba0d6ff61a,35a1a66f78dfd6255c4d804586ee6863969be78d21acec5cd0ccf00476ddaa5c,f80984d28ef9a7550633fb3aea514f783f3db1fa655a6d3f49850b10857e6afc,5742764ef3bd686abf56fbeafa222ed2fa2784afb6f787533493cfe88190f71f,last,ood_metric/fpr95_threshold,OOD-4,appendix,descriptive,id_train,id_test_vs_places365,detector_declared,detector/vim_dim256,places365,far,,,,45195,C3,adamw,0.001,0.0001,-16.440566931888366,0.1830982786726395,-16.440567 ± 0.183098,-16.61225105633513,-16.24786795265633,-16.46158178667364
metric_contract_v1.2,c38b09694be88aa74de0741b39e9d3ba0d6ff61a,35a1a66f78dfd6255c4d804586ee6863969be78d21acec5cd0ccf00476ddaa5c,f80984d28ef9a7550633fb3aea514f783f3db1fa655a6d3f49850b10857e6afc,5742764ef3bd686abf56fbeafa222ed2fa2784afb6f787533493cfe88190f71f,last,ood_metric/fpr95_threshold,OOD-4,appendix,descriptive,id_train,id_test_vs_places365,detector_declared,detector/vim_dim320,places365,far,,,,45195,C3,adamw,0.001,0.0001,-16.63451515291972,0.19855234500476066,-16.634515 ± 0.198552,-16.86065495444551,-16.48875540157141,-16.554135102742244
metric_contract_v1.2,c38b09694be88aa74de0741b39e9d3ba0d6ff61a,35a1a66f78dfd6255c4d804586ee6863969be78d21acec5cd0ccf00476ddaa5c,f80984d28ef9a7550633fb3aea514f783f3db1fa655a6d3f49850b10857e6afc,5742764ef3bd686abf56fbeafa222ed2fa2784afb6f787533493cfe88190f71f,last,ood_metric/fpr95_threshold,OOD-4,appendix,descriptive,id_train,id_test_vs_places365,detector_declared,detector/vim_dim64,places365,far,,,,45195,C3,adamw,0.001,0.0001,-15.522189127296128,0.11345014357835284,-15.522189 ± 0.113450,-15.648812024955449,-15.429793036140719,-15.487962320792215
metric_contract_v1.2,c38b09694be88aa74de0741b39e9d3ba0d6ff61a,35a1a66f78dfd6255c4d804586ee6863969be78d21acec5cd0ccf00476ddaa5c,f80984d28ef9a7550633fb3aea514f783f3db1fa655a6d3f49850b10857e6afc,5742764ef3bd686abf56fbeafa222ed2fa2784afb6f787533493cfe88190f71f,last,ood_metric/fpr95_threshold,OOD-4,appendix,descriptive,id_train,id_test_vs_places365,detector_declared,detector/weight_cosine_appendix,places365,far,,,,45195,C3,adamw,0.001,0.0001,0.06662534752519274,0.0038667002874027668,0.066625 ± 0.003867,0.07000231116999599,0.06240734825496465,0.06746638315061756
metric_contract_v1.2,c38b09694be88aa74de0741b39e9d3ba0d6ff61a,35a1a66f78dfd6255c4d804586ee6863969be78d21acec5cd0ccf00476ddaa5c,f80984d28ef9a7550633fb3aea514f783f3db1fa655a6d3f49850b10857e6afc,5742764ef3bd686abf56fbeafa222ed2fa2784afb6f787533493cfe88190f71f,last,ood_metric/fpr95_threshold,OOD-4,appendix,descriptive,,id_test_vs_places365,detector_declared,ood_score/energy_t1,places365,far,,,,45195,C3,adamw,0.001,0.0001,3.6231870318343575,0.19963431917606725,3.623187 ± 0.199634,3.804118516896517,3.409021209764932,3.6564213688416243
metric_contract_v1.2,c38b09694be88aa74de0741b39e9d3ba0d6ff61a,35a1a66f78dfd6255c4d804586ee6863969be78d21acec5cd0ccf00476ddaa5c,f80984d28ef9a7550633fb3aea514f783f3db1fa655a6d3f49850b10857e6afc,5742764ef3bd686abf56fbeafa222ed2fa2784afb6f787533493cfe88190f71f,last,ood_metric/fpr95_threshold,OOD-4,appendix,descriptive,,id_test_vs_places365,detector_declared,ood_score/max_logit,places365,far,,,,45195,C3,adamw,0.001,0.0001,3.566826844215394,0.2249425888830865,3.566827 ± 0.224943,3.7756912589073193,3.32867511510849,3.596114158630372
metric_contract_v1.2,c38b09694be88aa74de0741b39e9d3ba0d6ff61a,35a1a66f78dfd6255c4d804586ee6863969be78d21acec5cd0ccf00476ddaa5c,f80984d28ef9a7550633fb3aea514f783f3db1fa655a6d3f49850b10857e6afc,5742764ef3bd686abf56fbeafa222ed2fa2784afb6f787533493cfe88190f71f,last,ood_metric/fpr95_threshold,OOD-4,appendix,descriptive,,id_test_vs_places365,detector_declared,ood_score/msp,places365,far,,,,45195,C3,adamw,0.001,0.0001,0.964230944158056,0.0034136075615804292,0.964231 ± 0.003414,0.967719711700668,0.9608978211508488,0.9640752996226514
metric_contract_v1.2,c38b09694be88aa74de0741b39e9d3ba0d6ff61a,35a1a66f78dfd6255c4d804586ee6863969be78d21acec5cd0ccf00476ddaa5c,f80984d28ef9a7550633fb3aea514f783f3db1fa655a6d3f49850b10857e6afc,7aa36ee28bf5fa9c0b29152bb63c02833c5c6d02ae2c4908d0256a35582c9d9c,last,analysis/angular_control_gap_ctm_ncp,OOD-7,exploratory,descriptive,id_train,id_test_vs_places365,paired_auroc_difference,,places365,,,,,45195,C4,sgd,0.3,0.0,0.13049217123644455,0.0039817936014681695,0.130492 ± 0.003982,0.13369109532604062,0.13175275181133672,0.12603266657195633
metric_contract_v1.2,c38b09694be88aa74de0741b39e9d3ba0d6ff61a,35a1a66f78dfd6255c4d804586ee6863969be78d21acec5cd0ccf00476ddaa5c,f80984d28ef9a7550633fb3aea514f783f3db1fa655a6d3f49850b10857e6afc,7aa36ee28bf5fa9c0b29152bb63c02833c5c6d02ae2c4908d0256a35582c9d9c,last,analysis/restoration_gap_mahalanobis,OOD-7,exploratory,descriptive,id_train,id_test_vs_places365,paired_auroc_difference,,places365,,,,,45195,C4,sgd,0.3,0.0,0.4155598711938248,0.013826280732117571,0.415560 ± 0.013826,0.4203987810768574,0.4263163318653217,0.39996450063929545
metric_contract_v1.2,c38b09694be88aa74de0741b39e9d3ba0d6ff61a,35a1a66f78dfd6255c4d804586ee6863969be78d21acec5cd0ccf00476ddaa5c,f80984d28ef9a7550633fb3aea514f783f3db1fa655a6d3f49850b10857e6afc,7aa36ee28bf5fa9c0b29152bb63c02833c5c6d02ae2c4908d0256a35582c9d9c,last,analysis/restoration_gap_relative_mahalanobis,OOD-7,exploratory,descriptive,id_train,id_test_vs_places365,paired_auroc_difference,,places365,,,,,45195,C4,sgd,0.3,0.0,-0.010932078420230104,0.0003606619609199295,-0.010932 ± 0.000361,-0.011336868873419448,-0.010644915470947591,-0.01081445091632327
metric_contract_v1.2,c38b09694be88aa74de0741b39e9d3ba0d6ff61a,35a1a66f78dfd6255c4d804586ee6863969be78d21acec5cd0ccf00476ddaa5c,f80984d28ef9a7550633fb3aea514f783f3db1fa655a6d3f49850b10857e6afc,7aa36ee28bf5fa9c0b29152bb63c02833c5c6d02ae2c4908d0256a35582c9d9c,last,ood_metric/ap_in,OOD-2,appendix,up,id_train,id_test_vs_places365,detector_declared,detector/ctm_prototype_cosine,places365,far,,,,45195,C4,sgd,0.3,0.0,0.78832507398945,0.00482133624592815,0.788325 ± 0.004821,0.7848169724359645,0.7863354366362699,0.7938228128961156
metric_contract_v1.2,c38b09694be88aa74de0741b39e9d3ba0d6ff61a,35a1a66f78dfd6255c4d804586ee6863969be78d21acec5cd0ccf00476ddaa5c,f80984d28ef9a7550633fb3aea514f783f3db1fa655a6d3f49850b10857e6afc,7aa36ee28bf5fa9c0b29152bb63c02833c5c6d02ae2c4908d0256a35582c9d9c,last,ood_metric/ap_in,OOD-2,appendix,up,id_train,id_test_vs_places365,detector_declared,detector/gda_class_density,places365,far,,,,45195,C4,sgd,0.3,0.0,0.47764053104621357,0.18395188822227207,0.477641 ± 0.183952,0.26629076136887997,0.5649645760255491,0.6016662557442116
metric_contract_v1.2,c38b09694be88aa74de0741b39e9d3ba0d6ff61a,35a1a66f78dfd6255c4d804586ee6863969be78d21acec5cd0ccf00476ddaa5c,f80984d28ef9a7550633fb3aea514f783f3db1fa655a6d3f49850b10857e6afc,7aa36ee28bf5fa9c0b29152bb63c02833c5c6d02ae2c4908d0256a35582c9d9c,last,ood_metric/ap_in,OOD-2,appendix,up,id_train,id_test_vs_places365,detector_declared,detector/knn_l2_k50,places365,far,,,,45195,C4,sgd,0.3,0.0,0.812887446648634,0.008105021903532164,0.812887 ± 0.008105,0.8165792865380441,0.8035937673945825,0.8184892860132754
metric_contract_v1.2,c38b09694be88aa74de0741b39e9d3ba0d6ff61a,35a1a66f78dfd6255c4d804586ee6863969be78d21acec5cd0ccf00476ddaa5c,f80984d28ef9a7550633fb3aea514f783f3db1fa655a6d3f49850b10857e6afc,7aa36ee28bf5fa9c0b29152bb63c02833c5c6d02ae2c4908d0256a35582c9d9c,last,ood_metric/ap_in,OOD-2,appendix,up,id_train,id_test_vs_places365,detector_declared,detector/mahalanobis_pp,places365,far,,,,45195,C4,sgd,0.3,0.0,0.8210811735578428,0.006547139494269164,0.821081 ± 0.006547,0.8149041515155221,0.8203949879588848,0.8279443811991214
metric_contract_v1.2,c38b09694be88aa74de0741b39e9d3ba0d6ff61a,35a1a66f78dfd6255c4d804586ee6863969be78d21acec5cd0ccf00476ddaa5c,f80984d28ef9a7550633fb3aea514f783f3db1fa655a6d3f49850b10857e6afc,7aa36ee28bf5fa9c0b29152bb63c02833c5c6d02ae2c4908d0256a35582c9d9c,last,ood_metric/ap_in,OOD-2,appendix,up,id_train,id_test_vs_places365,detector_declared,detector/mahalanobis_raw,places365,far,,,,45195,C4,sgd,0.3,0.0,0.23040975639718284,0.009574492582255057,0.230410 ± 0.009574,0.22583857122066603,0.22397760227145871,0.24141309569942365
metric_contract_v1.2,c38b09694be88aa74de0741b39e9d3ba0d6ff61a,35a1a66f78dfd6255c4d804586ee6863969be78d21acec5cd0ccf00476ddaa5c,f80984d28ef9a7550633fb3aea514f783f3db1fa655a6d3f49850b10857e6afc,7aa36ee28bf5fa9c0b29152bb63c02833c5c6d02ae2c4908d0256a35582c9d9c,last,ood_metric/ap_in,OOD-2,appendix,up,id_train,id_test_vs_places365,detector_declared,detector/marginal_mahalanobis_raw,places365,far,,,,45195,C4,sgd,0.3,0.0,0.19316858194421696,0.0068952184806032255,0.193169 ± 0.006895,0.18999279698316057,0.18843351385978052,0.20107943498970984
metric_contract_v1.2,c38b09694be88aa74de0741b39e9d3ba0d6ff61a,35a1a66f78dfd6255c4d804586ee6863969be78d21acec5cd0ccf00476ddaa5c,f80984d28ef9a7550633fb3aea514f783f3db1fa655a6d3f49850b10857e6afc,7aa36ee28bf5fa9c0b29152bb63c02833c5c6d02ae2c4908d0256a35582c9d9c,last,ood_metric/ap_in,OOD-2,appendix,up,id_train,id_test_vs_places365,detector_declared,detector/ncp_euclidean_raw,places365,far,,,,45195,C4,sgd,0.3,0.0,0.5917631829372798,0.00445950811671746,0.591763 ± 0.004460,0.5914743694850524,0.5874551012877289,0.5963600780390581
metric_contract_v1.2,c38b09694be88aa74de0741b39e9d3ba0d6ff61a,35a1a66f78dfd6255c4d804586ee6863969be78d21acec5cd0ccf00476ddaa5c,f80984d28ef9a7550633fb3aea514f783f3db1fa655a6d3f49850b10857e6afc,7aa36ee28bf5fa9c0b29152bb63c02833c5c6d02ae2c4908d0256a35582c9d9c,last,ood_metric/ap_in,OOD-2,appendix,up,id_train,id_test_vs_places365,detector_declared,detector/neco_author_std_dim100,places365,far,,,,45195,C4,sgd,0.3,0.0,0.7030610968463163,0.007756648371527162,0.703061 ± 0.007757,0.7116618864323296,0.6965961217631935,0.7009252823434261
metric_contract_v1.2,c38b09694be88aa74de0741b39e9d3ba0d6ff61a,35a1a66f78dfd6255c4d804586ee6863969be78d21acec5cd0ccf00476ddaa5c,f80984d28ef9a7550633fb3aea514f783f3db1fa655a6d3f49850b10857e6afc,7aa36ee28bf5fa9c0b29152bb63c02833c5c6d02ae2c4908d0256a35582c9d9c,last,ood_metric/ap_in,OOD-2,appendix,up,id_train,id_test_vs_places365,detector_declared,detector/relative_mahalanobis_pp,places365,far,,,,45195,C4,sgd,0.3,0.0,0.7996528426183424,0.005751043755308509,0.799653 ± 0.005751,0.7953127817877973,0.797470010956102,0.8061757351111277
metric_contract_v1.2,c38b09694be88aa74de0741b39e9d3ba0d6ff61a,35a1a66f78dfd6255c4d804586ee6863969be78d21acec5cd0ccf00476ddaa5c,f80984d28ef9a7550633fb3aea514f783f3db1fa655a6d3f49850b10857e6afc,7aa36ee28bf5fa9c0b29152bb63c02833c5c6d02ae2c4908d0256a35582c9d9c,last,ood_metric/ap_in,OOD-2,appendix,up,id_train,id_test_vs_places365,detector_declared,detector/relative_mahalanobis_raw,places365,far,,,,45195,C4,sgd,0.3,0.0,0.8199959167771582,0.006981431438248075,0.819996 ± 0.006981,0.8147236888739642,0.8173506393751869,0.8279134220823234
metric_contract_v1.2,c38b09694be88aa74de0741b39e9d3ba0d6ff61a,35a1a66f78dfd6255c4d804586ee6863969be78d21acec5cd0ccf00476ddaa5c,f80984d28ef9a7550633fb3aea514f783f3db1fa655a6d3f49850b10857e6afc,7aa36ee28bf5fa9c0b29152bb63c02833c5c6d02ae2c4908d0256a35582c9d9c,last,ood_metric/ap_in,OOD-2,appendix,up,id_train,id_test_vs_places365,detector_declared,detector/vim_author_dim,places365,far,,,,45195,C4,sgd,0.3,0.0,0.8523864000602058,0.002895133953627463,0.852386 ± 0.002895,0.8524171997272605,0.8494759891481456,0.8552660113052115
metric_contract_v1.2,c38b09694be88aa74de0741b39e9d3ba0d6ff61a,35a1a66f78dfd6255c4d804586ee6863969be78d21acec5cd0ccf00476ddaa5c,f80984d28ef9a7550633fb3aea514f783f3db1fa655a6d3f49850b10857e6afc,7aa36ee28bf5fa9c0b29152bb63c02833c5c6d02ae2c4908d0256a35582c9d9c,last,ood_metric/ap_in,OOD-2,appendix,up,id_train,id_test_vs_places365,detector_declared,detector/vim_dim128,places365,far,,,,45195,C4,sgd,0.3,0.0,0.8530236422344514,0.0013292216191100451,0.853024 ± 0.001329,0.8541405456449637,0.8515534750081037,0.8533769060502865
metric_contract_v1.2,c38b09694be88aa74de0741b39e9d3ba0d6ff61a,35a1a66f78dfd6255c4d804586ee6863969be78d21acec5cd0ccf00476ddaa5c,f80984d28ef9a7550633fb3aea514f783f3db1fa655a6d3f49850b10857e6afc,7aa36ee28bf5fa9c0b29152bb63c02833c5c6d02ae2c4908d0256a35582c9d9c,last,ood_metric/ap_in,OOD-2,appendix,up,id_train,id_test_vs_places365,detector_declared,detector/vim_dim256,places365,far,,,,45195,C4,sgd,0.3,0.0,0.8534898964218604,0.0015934785381997735,0.853490 ± 0.001593,0.8536646196311863,0.8518162568775551,0.8549888127568395
metric_contract_v1.2,c38b09694be88aa74de0741b39e9d3ba0d6ff61a,35a1a66f78dfd6255c4d804586ee6863969be78d21acec5cd0ccf00476ddaa5c,f80984d28ef9a7550633fb3aea514f783f3db1fa655a6d3f49850b10857e6afc,7aa36ee28bf5fa9c0b29152bb63c02833c5c6d02ae2c4908d0256a35582c9d9c,last,ood_metric/ap_in,OOD-2,appendix,up,id_train,id_test_vs_places365,detector_declared,detector/vim_dim320,places365,far,,,,45195,C4,sgd,0.3,0.0,0.8523864000602058,0.002895133953627463,0.852386 ± 0.002895,0.8524171997272605,0.8494759891481456,0.8552660113052115
metric_contract_v1.2,c38b09694be88aa74de0741b39e9d3ba0d6ff61a,35a1a66f78dfd6255c4d804586ee6863969be78d21acec5cd0ccf00476ddaa5c,f80984d28ef9a7550633fb3aea514f783f3db1fa655a6d3f49850b10857e6afc,7aa36ee28bf5fa9c0b29152bb63c02833c5c6d02ae2c4908d0256a35582c9d9c,last,ood_metric/ap_in,OOD-2,appendix,up,id_train,id_test_vs_places365,detector_declared,detector/vim_dim64,places365,far,,,,45195,C4,sgd,0.3,0.0,0.8527716468533016,0.002762430736957379,0.852772 ± 0.002762,0.8559514280349305,0.8514003135872463,0.850963198937728
metric_contract_v1.2,c38b09694be88aa74de0741b39e9d3ba0d6ff61a,35a1a66f78dfd6255c4d804586ee6863969be78d21acec5cd0ccf00476ddaa5c,f80984d28ef9a7550633fb3aea514f783f3db1fa655a6d3f49850b10857e6afc,7aa36ee28bf5fa9c0b29152bb63c02833c5c6d02ae2c4908d0256a35582c9d9c,last,ood_metric/ap_in,OOD-2,appendix,up,id_train,id_test_vs_places365,detector_declared,detector/weight_cosine_appendix,places365,far,,,,45195,C4,sgd,0.3,0.0,0.8016732385387874,0.004661912576538235,0.801673 ± 0.004662,0.8065541923025168,0.7972666368799726,0.8011988864338727
metric_contract_v1.2,c38b09694be88aa74de0741b39e9d3ba0d6ff61a,35a1a66f78dfd6255c4d804586ee6863969be78d21acec5cd0ccf00476ddaa5c,f80984d28ef9a7550633fb3aea514f783f3db1fa655a6d3f49850b10857e6afc,7aa36ee28bf5fa9c0b29152bb63c02833c5c6d02ae2c4908d0256a35582c9d9c,last,ood_metric/ap_in,OOD-2,appendix,up,,id_test_vs_places365,detector_declared,ood_score/energy_t1,places365,far,,,,45195,C4,sgd,0.3,0.0,0.8510886312007687,0.003904536701055213,0.851089 ± 0.003905,0.8551473522731161,0.8507594160385408,0.8473591252906492
metric_contract_v1.2,c38b09694be88aa74de0741b39e9d3ba0d6ff61a,35a1a66f78dfd6255c4d804586ee6863969be78d21acec5cd0ccf00476ddaa5c,f80984d28ef9a7550633fb3aea514f783f3db1fa655a6d3f49850b10857e6afc,7aa36ee28bf5fa9c0b29152bb63c02833c5c6d02ae2c4908d0256a35582c9d9c,last,ood_metric/ap_in,OOD-2,appendix,up,,id_test_vs_places365,detector_declared,ood_score/max_logit,places365,far,,,,45195,C4,sgd,0.3,0.0,0.8509778261833225,0.0038763686626664016,0.850978 ± 0.003876,0.8550280857096988,0.8506027819741742,0.8473026108660946
metric_contract_v1.2,c38b09694be88aa74de0741b39e9d3ba0d6ff61a,35a1a66f78dfd6255c4d804586ee6863969be78d21acec5cd0ccf00476ddaa5c,f80984d28ef9a7550633fb3aea514f783f3db1fa655a6d3f49850b10857e6afc,7aa36ee28bf5fa9c0b29152bb63c02833c5c6d02ae2c4908d0256a35582c9d9c,last,ood_metric/ap_in,OOD-2,appendix,up,,id_test_vs_places365,detector_declared,ood_score/msp,places365,far,,,,45195,C4,sgd,0.3,0.0,0.8195430269655238,0.0013539450903423049,0.819543 ± 0.001354,0.820927529895932,0.8194796880812326,0.8182218629194069
metric_contract_v1.2,c38b09694be88aa74de0741b39e9d3ba0d6ff61a,35a1a66f78dfd6255c4d804586ee6863969be78d21acec5cd0ccf00476ddaa5c,f80984d28ef9a7550633fb3aea514f783f3db1fa655a6d3f49850b10857e6afc,7aa36ee28bf5fa9c0b29152bb63c02833c5c6d02ae2c4908d0256a35582c9d9c,last,ood_metric/ap_out,OOD-3,appendix,up,id_train,id_test_vs_places365,detector_declared,detector/ctm_prototype_cosine,places365,far,,,,45195,C4,sgd,0.3,0.0,0.9606068339783983,0.00034082608308520795,0.960607 ± 0.000341,0.9609689717715652,0.9605591988967996,0.9602923312668301
metric_contract_v1.2,c38b09694be88aa74de0741b39e9d3ba0d6ff61a,35a1a66f78dfd6255c4d804586ee6863969be78d21acec5cd0ccf00476ddaa5c,f80984d28ef9a7550633fb3aea514f783f3db1fa655a6d3f49850b10857e6afc,7aa36ee28bf5fa9c0b29152bb63c02833c5c6d02ae2c4908d0256a35582c9d9c,last,ood_metric/ap_out,OOD-3,appendix,up,id_train,id_test_vs_places365,detector_declared,detector/gda_class_density,places365,far,,,,45195,C4,sgd,0.3,0.0,0.8492908940567342,0.12036772360901454,0.849291 ± 0.120368,0.7103347701220868,0.9161640370981984,0.9213738749499174
metric_contract_v1.2,c38b09694be88aa74de0741b39e9d3ba0d6ff61a,35a1a66f78dfd6255c4d804586ee6863969be78d21acec5cd0ccf00476ddaa5c,f80984d28ef9a7550633fb3aea514f783f3db1fa655a6d3f49850b10857e6afc,7aa36ee28bf5fa9c0b29152bb63c02833c5c6d02ae2c4908d0256a35582c9d9c,last,ood_metric/ap_out,OOD-3,appendix,up,id_train,id_test_vs_places365,detector_declared,detector/knn_l2_k50,places365,far,,,,45195,C4,sgd,0.3,0.0,0.969606718897106,0.0006034195842618343,0.969607 ± 0.000603,0.9700243225733189,0.9689148843769989,0.9698809497410005
metric_contract_v1.2,c38b09694be88aa74de0741b39e9d3ba0d6ff61a,35a1a66f78dfd6255c4d804586ee6863969be78d21acec5cd0ccf00476ddaa5c,f80984d28ef9a7550633fb3aea514f783f3db1fa655a6d3f49850b10857e6afc,7aa36ee28bf5fa9c0b29152bb63c02833c5c6d02ae2c4908d0256a35582c9d9c,last,ood_metric/ap_out,OOD-3,appendix,up,id_train,id_test_vs_places365,detector_declared,detector/mahalanobis_pp,places365,far,,,,45195,C4,sgd,0.3,0.0,0.9713633350969174,0.001991936114656171,0.971363 ± 0.001992,0.9690842157982085,0.9722345276440387,0.9727712618485049
metric_contract_v1.2,c38b09694be88aa74de0741b39e9d3ba0d6ff61a,35a1a66f78dfd6255c4d804586ee6863969be78d21acec5cd0ccf00476ddaa5c,f80984d28ef9a7550633fb3aea514f783f3db1fa655a6d3f49850b10857e6afc,7aa36ee28bf5fa9c0b29152bb63c02833c5c6d02ae2c4908d0256a35582c9d9c,last,ood_metric/ap_out,OOD-3,appendix,up,id_train,id_test_vs_places365,detector_declared,detector/mahalanobis_raw,places365,far,,,,45195,C4,sgd,0.3,0.0,0.7888987069661471,0.0075982248281277745,0.788899 ± 0.007598,0.7837858625658893,0.785280411590318,0.7976298467422337
metric_contract_v1.2,c38b09694be88aa74de0741b39e9d3ba0d6ff61a,35a1a66f78dfd6255c4d804586ee6863969be78d21acec5cd0ccf00476ddaa5c,f80984d28ef9a7550633fb3aea514f783f3db1fa655a6d3f49850b10857e6afc,7aa36ee28bf5fa9c0b29152bb63c02833c5c6d02ae2c4908d0256a35582c9d9c,last,ood_metric/ap_out,OOD-3,appendix,up,id_train,id_test_vs_places365,detector_declared,detector/marginal_mahalanobis_raw,places365,far,,,,45195,C4,sgd,0.3,0.0,0.762395623067042,0.007153757779924174,0.762396 ± 0.007154,0.758161152699524,0.7583705300355568,0.7706551864660451
metric_contract_v1.2,c38b09694be88aa74de0741b39e9d3ba0d6ff61a,35a1a66f78dfd6255c4d804586ee6863969be78d21acec5cd0ccf00476ddaa5c,f80984d28ef9a7550633fb3aea514f783f3db1fa655a6d3f49850b10857e6afc,7aa36ee28bf5fa9c0b29152bb63c02833c5c6d02ae2c4908d0256a35582c9d9c,last,ood_metric/ap_out,OOD-3,appendix,up,id_train,id_test_vs_places365,detector_declared,detector/ncp_euclidean_raw,places365,far,,,,45195,C4,sgd,0.3,0.0,0.876151347335553,0.0040872155028259345,0.876151 ± 0.004087,0.8725139678661098,0.8753657265064219,0.8805743476341275
metric_contract_v1.2,c38b09694be88aa74de0741b39e9d3ba0d6ff61a,35a1a66f78dfd6255c4d804586ee6863969be78d21acec5cd0ccf00476ddaa5c,f80984d28ef9a7550633fb3aea514f783f3db1fa655a6d3f49850b10857e6afc,7aa36ee28bf5fa9c0b29152bb63c02833c5c6d02ae2c4908d0256a35582c9d9c,last,ood_metric/ap_out,OOD-3,appendix,up,id_train,id_test_vs_places365,detector_declared,detector/neco_author_std_dim100,places365,far,,,,45195,C4,sgd,0.3,0.0,0.9314806391896916,0.0039191092401129135,0.931481 ± 0.003919,0.9360048672808051,0.9293076170664604,0.9291294332218096
metric_contract_v1.2,c38b09694be88aa74de0741b39e9d3ba0d6ff61a,35a1a66f78dfd6255c4d804586ee6863969be78d21acec5cd0ccf00476ddaa5c,f80984d28ef9a7550633fb3aea514f783f3db1fa655a6d3f49850b10857e6afc,7aa36ee28bf5fa9c0b29152bb63c02833c5c6d02ae2c4908d0256a35582c9d9c,last,ood_metric/ap_out,OOD-3,appendix,up,id_train,id_test_vs_places365,detector_declared,detector/relative_mahalanobis_pp,places365,far,,,,45195,C4,sgd,0.3,0.0,0.9652430083452673,0.002502928959695494,0.965243 ± 0.002503,0.962466626346063,0.9659359075908895,0.9673264910988496
metric_contract_v1.2,c38b09694be88aa74de0741b39e9d3ba0d6ff61a,35a1a66f78dfd6255c4d804586ee6863969be78d21acec5cd0ccf00476ddaa5c,f80984d28ef9a7550633fb3aea514f783f3db1fa655a6d3f49850b10857e6afc,7aa36ee28bf5fa9c0b29152bb63c02833c5c6d02ae2c4908d0256a35582c9d9c,last,ood_metric/ap_out,OOD-3,appendix,up,id_train,id_test_vs_places365,detector_declared,detector/relative_mahalanobis_raw,places365,far,,,,45195,C4,sgd,0.3,0.0,0.9686488547636092,0.0019084041211758728,0.968649 ± 0.001908,0.9665220409098181,0.9692127585241355,0.9702117648568739
metric_contract_v1.2,c38b09694be88aa74de0741b39e9d3ba0d6ff61a,35a1a66f78dfd6255c4d804586ee6863969be78d21acec5cd0ccf00476ddaa5c,f80984d28ef9a7550633fb3aea514f783f3db1fa655a6d3f49850b10857e6afc,7aa36ee28bf5fa9c0b29152bb63c02833c5c6d02ae2c4908d0256a35582c9d9c,last,ood_metric/ap_out,OOD-3,appendix,up,id_train,id_test_vs_places365,detector_declared,detector/vim_author_dim,places365,far,,,,45195,C4,sgd,0.3,0.0,0.9728025660839513,0.0011104184171206947,0.972803 ± 0.001110,0.9720697821677209,0.9722577501293667,0.974080165954766
metric_contract_v1.2,c38b09694be88aa74de0741b39e9d3ba0d6ff61a,35a1a66f78dfd6255c4d804586ee6863969be78d21acec5cd0ccf00476ddaa5c,f80984d28ef9a7550633fb3aea514f783f3db1fa655a6d3f49850b10857e6afc,7aa36ee28bf5fa9c0b29152bb63c02833c5c6d02ae2c4908d0256a35582c9d9c,last,ood_metric/ap_out,OOD-3,appendix,up,id_train,id_test_vs_places365,detector_declared,detector/vim_dim128,places365,far,,,,45195,C4,sgd,0.3,0.0,0.9725314547984478,0.0005780510821046472,0.972531 ± 0.000578,0.9721965350460782,0.9721989000517195,0.9731989292975456
metric_contract_v1.2,c38b09694be88aa74de0741b39e9d3ba0d6ff61a,35a1a66f78dfd6255c4d804586ee6863969be78d21acec5cd0ccf00476ddaa5c,f80984d28ef9a7550633fb3aea514f783f3db1fa655a6d3f49850b10857e6afc,7aa36ee28bf5fa9c0b29152bb63c02833c5c6d02ae2c4908d0256a35582c9d9c,last,ood_metric/ap_out,OOD-3,appendix,up,id_train,id_test_vs_places365,detector_declared,detector/vim_dim256,places365,far,,,,45195,C4,sgd,0.3,0.0,0.9729842912259099,0.000861606217220043,0.972984 ± 0.000862,0.9723020413540937,0.9726983064362855,0.9739525258873504
metric_contract_v1.2,c38b09694be88aa74de0741b39e9d3ba0d6ff61a,35a1a66f78dfd6255c4d804586ee6863969be78d21acec5cd0ccf00476ddaa5c,f80984d28ef9a7550633fb3aea514f783f3db1fa655a6d3f49850b10857e6afc,7aa36ee28bf5fa9c0b29152bb63c02833c5c6d02ae2c4908d0256a35582c9d9c,last,ood_metric/ap_out,OOD-3,appendix,up,id_train,id_test_vs_places365,detector_declared,detector/vim_dim320,places365,far,,,,45195,C4,sgd,0.3,0.0,0.9728025660839513,0.0011104184171206947,0.972803 ± 0.001110,0.9720697821677209,0.9722577501293667,0.974080165954766
metric_contract_v1.2,c38b09694be88aa74de0741b39e9d3ba0d6ff61a,35a1a66f78dfd6255c4d804586ee6863969be78d21acec5cd0ccf00476ddaa5c,f80984d28ef9a7550633fb3aea514f783f3db1fa655a6d3f49850b10857e6afc,7aa36ee28bf5fa9c0b29152bb63c02833c5c6d02ae2c4908d0256a35582c9d9c,last,ood_metric/ap_out,OOD-3,appendix,up,id_train,id_test_vs_places365,detector_declared,detector/vim_dim64,places365,far,,,,45195,C4,sgd,0.3,0.0,0.9719166681324417,0.000600275528924303,0.971917 ± 0.000600,0.9724280964113236,0.9712557854511625,0.9720661225348389
metric_contract_v1.2,c38b09694be88aa74de0741b39e9d3ba0d6ff61a,35a1a66f78dfd6255c4d804586ee6863969be78d21acec5cd0ccf00476ddaa5c,f80984d28ef9a7550633fb3aea514f783f3db1fa655a6d3f49850b10857e6afc,7aa36ee28bf5fa9c0b29152bb63c02833c5c6d02ae2c4908d0256a35582c9d9c,last,ood_metric/ap_out,OOD-3,appendix,up,id_train,id_test_vs_places365,detector_declared,detector/weight_cosine_appendix,places365,far,,,,45195,C4,sgd,0.3,0.0,0.9631010737736,0.00067315032910093,0.963101 ± 0.000673,0.9637998595938043,0.9624568840713177,0.9630464776556777
metric_contract_v1.2,c38b09694be88aa74de0741b39e9d3ba0d6ff61a,35a1a66f78dfd6255c4d804586ee6863969be78d21acec5cd0ccf00476ddaa5c,f80984d28ef9a7550633fb3aea514f783f3db1fa655a6d3f49850b10857e6afc,7aa36ee28bf5fa9c0b29152bb63c02833c5c6d02ae2c4908d0256a35582c9d9c,last,ood_metric/ap_out,OOD-3,appendix,up,,id_test_vs_places365,detector_declared,ood_score/energy_t1,places365,far,,,,45195,C4,sgd,0.3,0.0,0.9751094143553739,0.0005407242711110699,0.975109 ± 0.000541,0.9756457446643815,0.9751180976921043,0.9745644007096362
metric_contract_v1.2,c38b09694be88aa74de0741b39e9d3ba0d6ff61a,35a1a66f78dfd6255c4d804586ee6863969be78d21acec5cd0ccf00476ddaa5c,f80984d28ef9a7550633fb3aea514f783f3db1fa655a6d3f49850b10857e6afc,7aa36ee28bf5fa9c0b29152bb63c02833c5c6d02ae2c4908d0256a35582c9d9c,last,ood_metric/ap_out,OOD-3,appendix,up,,id_test_vs_places365,detector_declared,ood_score/max_logit,places365,far,,,,45195,C4,sgd,0.3,0.0,0.9749284652957183,0.0005093786811325946,0.974928 ± 0.000509,0.9754340546334226,0.9749359612471203,0.9744153800066122
metric_contract_v1.2,c38b09694be88aa74de0741b39e9d3ba0d6ff61a,35a1a66f78dfd6255c4d804586ee6863969be78d21acec5cd0ccf00476ddaa5c,f80984d28ef9a7550633fb3aea514f783f3db1fa655a6d3f49850b10857e6afc,7aa36ee28bf5fa9c0b29152bb63c02833c5c6d02ae2c4908d0256a35582c9d9c,last,ood_metric/ap_out,OOD-3,appendix,up,,id_test_vs_places365,detector_declared,ood_score/msp,places365,far,,,,45195,C4,sgd,0.3,0.0,0.9545226952433984,0.0006373447673820059,0.954523 ± 0.000637,0.9541110584914018,0.9542001910467068,0.9552568361920863
metric_contract_v1.2,c38b09694be88aa74de0741b39e9d3ba0d6ff61a,35a1a66f78dfd6255c4d804586ee6863969be78d21acec5cd0ccf00476ddaa5c,f80984d28ef9a7550633fb3aea514f783f3db1fa655a6d3f49850b10857e6afc,7aa36ee28bf5fa9c0b29152bb63c02833c5c6d02ae2c4908d0256a35582c9d9c,last,ood_metric/aupr_in_openood_auc,OOD-2,primary,up,id_train,id_test_vs_places365,detector_declared,detector/ctm_prototype_cosine,places365,far,,,,45195,C4,sgd,0.3,0.0,0.7883146924778197,0.004822377588170072,0.788315 ± 0.004822,0.7848056067787099,0.786324897766455,0.793813572888294
metric_contract_v1.2,c38b09694be88aa74de0741b39e9d3ba0d6ff61a,35a1a66f78dfd6255c4d804586ee6863969be78d21acec5cd0ccf00476ddaa5c,f80984d28ef9a7550633fb3aea514f783f3db1fa655a6d3f49850b10857e6afc,7aa36ee28bf5fa9c0b29152bb63c02833c5c6d02ae2c4908d0256a35582c9d9c,last,ood_metric/aupr_in_openood_auc,OOD-2,primary,up,id_train,id_test_vs_places365,detector_declared,detector/gda_class_density,places365,far,,,,45195,C4,sgd,0.3,0.0,0.47757546096633346,0.18395444207831388,0.477575 ± 0.183954,0.26621992190727445,0.564926642102639,0.6015798188890871
metric_contract_v1.2,c38b09694be88aa74de0741b39e9d3ba0d6ff61a,35a1a66f78dfd6255c4d804586ee6863969be78d21acec5cd0ccf00476ddaa5c,f80984d28ef9a7550633fb3aea514f783f3db1fa655a6d3f49850b10857e6afc,7aa36ee28bf5fa9c0b29152bb63c02833c5c6d02ae2c4908d0256a35582c9d9c,last,ood_metric/aupr_in_openood_auc,OOD-2,primary,up,id_train,id_test_vs_places365,detector_declared,detector/knn_l2_k50,places365,far,,,,45195,C4,sgd,0.3,0.0,0.8128780262960134,0.008105565053422676,0.812878 ± 0.008106,0.8165700498972486,0.803583732402778,0.8184802965880132
metric_contract_v1.2,c38b09694be88aa74de0741b39e9d3ba0d6ff61a,35a1a66f78dfd6255c4d804586ee6863969be78d21acec5cd0ccf00476ddaa5c,f80984d28ef9a7550633fb3aea514f783f3db1fa655a6d3f49850b10857e6afc,7aa36ee28bf5fa9c0b29152bb63c02833c5c6d02ae2c4908d0256a35582c9d9c,last,ood_metric/aupr_in_openood_auc,OOD-2,primary,up,id_train,id_test_vs_places365,detector_declared,detector/mahalanobis_pp,places365,far,,,,45195,C4,sgd,0.3,0.0,0.8210722590530161,0.006547326152218794,0.821072 ± 0.006547,0.8148951256018233,0.8203859421395918,0.827935709417633
metric_contract_v1.2,c38b09694be88aa74de0741b39e9d3ba0d6ff61a,35a1a66f78dfd6255c4d804586ee6863969be78d21acec5cd0ccf00476ddaa5c,f80984d28ef9a7550633fb3aea514f783f3db1fa655a6d3f49850b10857e6afc,7aa36ee28bf5fa9c0b29152bb63c02833c5c6d02ae2c4908d0256a35582c9d9c,last,ood_metric/aupr_in_openood_auc,OOD-2,primary,up,id_train,id_test_vs_places365,detector_declared,detector/mahalanobis_raw,places365,far,,,,45195,C4,sgd,0.3,0.0,0.2303090200728334,0.009551333299561498,0.230309 ± 0.009551,0.22573979728467197,0.2239005526030465,0.24128671033078175
metric_contract_v1.2,c38b09694be88aa74de0741b39e9d3ba0d6ff61a,35a1a66f78dfd6255c4d804586ee6863969be78d21acec5cd0ccf00476ddaa5c,f80984d28ef9a7550633fb3aea514f783f3db1fa655a6d3f49850b10857e6afc,7aa36ee28bf5fa9c0b29152bb63c02833c5c6d02ae2c4908d0256a35582c9d9c,last,ood_metric/aupr_in_openood_auc,OOD-2,primary,up,id_train,id_test_vs_places365,detector_declared,detector/marginal_mahalanobis_raw,places365,far,,,,45195,C4,sgd,0.3,0.0,0.19308432722497493,0.006889928920843029,0.193084 ± 0.006890,0.18990446453454995,0.18835860535877672,0.20098991178159803
metric_contract_v1.2,c38b09694be88aa74de0741b39e9d3ba0d6ff61a,35a1a66f78dfd6255c4d804586ee6863969be78d21acec5cd0ccf00476ddaa5c,f80984d28ef9a7550633fb3aea514f783f3db1fa655a6d3f49850b10857e6afc,7aa36ee28bf5fa9c0b29152bb63c02833c5c6d02ae2c4908d0256a35582c9d9c,last,ood_metric/aupr_in_openood_auc,OOD-2,primary,up,id_train,id_test_vs_places365,detector_declared,detector/ncp_euclidean_raw,places365,far,,,,45195,C4,sgd,0.3,0.0,0.5917329804074106,0.004459347265796135,0.591733 ± 0.004459,0.5914432009109266,0.5874255899623666,0.5963301503489385
metric_contract_v1.2,c38b09694be88aa74de0741b39e9d3ba0d6ff61a,35a1a66f78dfd6255c4d804586ee6863969be78d21acec5cd0ccf00476ddaa5c,f80984d28ef9a7550633fb3aea514f783f3db1fa655a6d3f49850b10857e6afc,7aa36ee28bf5fa9c0b29152bb63c02833c5c6d02ae2c4908d0256a35582c9d9c,last,ood_metric/aupr_in_openood_auc,OOD-2,primary,up,id_train,id_test_vs_places365,detector_declared,detector/neco_author_std_dim100,places365,far,,,,45195,C4,sgd,0.3,0.0,0.7030145843470444,0.007738672439085275,0.703015 ± 0.007739,0.7116022324146417,0.6965815369448763,0.7008599836816154
metric_contract_v1.2,c38b09694be88aa74de0741b39e9d3ba0d6ff61a,35a1a66f78dfd6255c4d804586ee6863969be78d21acec5cd0ccf00476ddaa5c,f80984d28ef9a7550633fb3aea514f783f3db1fa655a6d3f49850b10857e6afc,7aa36ee28bf5fa9c0b29152bb63c02833c5c6d02ae2c4908d0256a35582c9d9c,last,ood_metric/aupr_in_openood_auc,OOD-2,primary,up,id_train,id_test_vs_places365,detector_declared,detector/relative_mahalanobis_pp,places365,far,,,,45195,C4,sgd,0.3,0.0,0.7996312123591768,0.005743417520406521,0.799631 ± 0.005743,0.7952969676708126,0.7974511992040041,0.806145470202714
metric_contract_v1.2,c38b09694be88aa74de0741b39e9d3ba0d6ff61a,35a1a66f78dfd6255c4d804586ee6863969be78d21acec5cd0ccf00476ddaa5c,f80984d28ef9a7550633fb3aea514f783f3db1fa655a6d3f49850b10857e6afc,7aa36ee28bf5fa9c0b29152bb63c02833c5c6d02ae2c4908d0256a35582c9d9c,last,ood_metric/aupr_in_openood_auc,OOD-2,primary,up,id_train,id_test_vs_places365,detector_declared,detector/relative_mahalanobis_raw,places365,far,,,,45195,C4,sgd,0.3,0.0,0.819973659455535,0.0069900957890592875,0.819974 ± 0.006990,0.814694588976421,0.8173254730403869,0.8279009163497968
metric_contract_v1.2,c38b09694be88aa74de0741b39e9d3ba0d6ff61a,35a1a66f78dfd6255c4d804586ee6863969be78d21acec5cd0ccf00476ddaa5c,f80984d28ef9a7550633fb3aea514f783f3db1fa655a6d3f49850b10857e6afc,7aa36ee28bf5fa9c0b29152bb63c02833c5c6d02ae2c4908d0256a35582c9d9c,last,ood_metric/aupr_in_openood_auc,OOD-2,primary,up,id_train,id_test_vs_places365,detector_declared,detector/vim_author_dim,places365,far,,,,45195,C4,sgd,0.3,0.0,0.8523792189690725,0.0028945610582978513,0.852379 ± 0.002895,0.852410602041652,0.849469093974007,0.8552579608915587
metric_contract_v1.2,c38b09694be88aa74de0741b39e9d3ba0d6ff61a,35a1a66f78dfd6255c4d804586ee6863969be78d21acec5cd0ccf00476ddaa5c,f80984d28ef9a7550633fb3aea514f783f3db1fa655a6d3f49850b10857e6afc,7aa36ee28bf5fa9c0b29152bb63c02833c5c6d02ae2c4908d0256a35582c9d9c,last,ood_metric/aupr_in_openood_auc,OOD-2,primary,up,id_train,id_test_vs_places365,detector_declared,detector/vim_dim128,places365,far,,,,45195,C4,sgd,0.3,0.0,0.853016678741008,0.0013292308023103118,0.853017 ± 0.001329,0.8541341210395135,0.8515467240553094,0.8533691911282011
metric_contract_v1.2,c38b09694be88aa74de0741b39e9d3ba0d6ff61a,35a1a66f78dfd6255c4d804586ee6863969be78d21acec5cd0ccf00476ddaa5c,f80984d28ef9a7550633fb3aea514f783f3db1fa655a6d3f49850b10857e6afc,7aa36ee28bf5fa9c0b29152bb63c02833c5c6d02ae2c4908d0256a35582c9d9c,last,ood_metric/aupr_in_openood_auc,OOD-2,primary,up,id_train,id_test_vs_places365,detector_declared,detector/vim_dim256,places365,far,,,,45195,C4,sgd,0.3,0.0,0.8534826849096896,0.0015928226732566243,0.853483 ± 0.001593,0.8536581219356498,0.8518094064149107,0.8549805263785084
metric_contract_v1.2,c38b09694be88aa74de0741b39e9d3ba0d6ff61a,35a1a66f78dfd6255c4d804586ee6863969be78d21acec5cd0ccf00476ddaa5c,f80984d28ef9a7550633fb3aea514f783f3db1fa655a6d3f49850b10857e6afc,7aa36ee28bf5fa9c0b29152bb63c02833c5c6d02ae2c4908d0256a35582c9d9c,last,ood_metric/aupr_in_openood_auc,OOD-2,primary,up,id_train,id_test_vs_places365,detector_declared,detector/vim_dim320,places365,far,,,,45195,C4,sgd,0.3,0.0,0.8523792189690725,0.0028945610582978513,0.852379 ± 0.002895,0.852410602041652,0.849469093974007,0.8552579608915587
metric_contract_v1.2,c38b09694be88aa74de0741b39e9d3ba0d6ff61a,35a1a66f78dfd6255c4d804586ee6863969be78d21acec5cd0ccf00476ddaa5c,f80984d28ef9a7550633fb3aea514f783f3db1fa655a6d3f49850b10857e6afc,7aa36ee28bf5fa9c0b29152bb63c02833c5c6d02ae2c4908d0256a35582c9d9c,last,ood_metric/aupr_in_openood_auc,OOD-2,primary,up,id_train,id_test_vs_places365,detector_declared,detector/vim_dim64,places365,far,,,,45195,C4,sgd,0.3,0.0,0.8527644760602181,0.002763233497604219,0.852764 ± 0.002763,0.8559451106085672,0.8513935494528209,0.8509547681192666
metric_contract_v1.2,c38b09694be88aa74de0741b39e9d3ba0d6ff61a,35a1a66f78dfd6255c4d804586ee6863969be78d21acec5cd0ccf00476ddaa5c,f80984d28ef9a7550633fb3aea514f783f3db1fa655a6d3f49850b10857e6afc,7aa36ee28bf5fa9c0b29152bb63c02833c5c6d02ae2c4908d0256a35582c9d9c,last,ood_metric/aupr_in_openood_auc,OOD-2,primary,up,id_train,id_test_vs_places365,detector_declared,detector/weight_cosine_appendix,places365,far,,,,45195,C4,sgd,0.3,0.0,0.8016631020153552,0.00466196060018699,0.801663 ± 0.004662,0.8065440300564218,0.797256351461495,0.8011889245281484
metric_contract_v1.2,c38b09694be88aa74de0741b39e9d3ba0d6ff61a,35a1a66f78dfd6255c4d804586ee6863969be78d21acec5cd0ccf00476ddaa5c,f80984d28ef9a7550633fb3aea514f783f3db1fa655a6d3f49850b10857e6afc,7aa36ee28bf5fa9c0b29152bb63c02833c5c6d02ae2c4908d0256a35582c9d9c,last,ood_metric/aupr_in_openood_auc,OOD-2,primary,up,,id_test_vs_places365,detector_declared,ood_score/energy_t1,places365,far,,,,45195,C4,sgd,0.3,0.0,0.8510810929538147,0.0039053772988134586,0.851081 ± 0.003905,0.8551405101037224,0.8507522139259833,0.8473505548317386
metric_contract_v1.2,c38b09694be88aa74de0741b39e9d3ba0d6ff61a,35a1a66f78dfd6255c4d804586ee6863969be78d21acec5cd0ccf00476ddaa5c,f80984d28ef9a7550633fb3aea514f783f3db1fa655a6d3f49850b10857e6afc,7aa36ee28bf5fa9c0b29152bb63c02833c5c6d02ae2c4908d0256a35582c9d9c,last,ood_metric/aupr_in_openood_auc,OOD-2,primary,up,,id_test_vs_places365,detector_declared,ood_score/max_logit,places365,far,,,,45195,C4,sgd,0.3,0.0,0.850970309044854,0.003877206673974117,0.850970 ± 0.003877,0.8550212704102195,0.850595590490689,0.847294066233654
metric_contract_v1.2,c38b09694be88aa74de0741b39e9d3ba0d6ff61a,35a1a66f78dfd6255c4d804586ee6863969be78d21acec5cd0ccf00476ddaa5c,f80984d28ef9a7550633fb3aea514f783f3db1fa655a6d3f49850b10857e6afc,7aa36ee28bf5fa9c0b29152bb63c02833c5c6d02ae2c4908d0256a35582c9d9c,last,ood_metric/aupr_in_openood_auc,OOD-2,primary,up,,id_test_vs_places365,detector_declared,ood_score/msp,places365,far,,,,45195,C4,sgd,0.3,0.0,0.8200589212255486,0.0014192904875588912,0.820059 ± 0.001419,0.8215811072666352,0.8198237537989022,0.8187719026111083
metric_contract_v1.2,c38b09694be88aa74de0741b39e9d3ba0d6ff61a,35a1a66f78dfd6255c4d804586ee6863969be78d21acec5cd0ccf00476ddaa5c,f80984d28ef9a7550633fb3aea514f783f3db1fa655a6d3f49850b10857e6afc,7aa36ee28bf5fa9c0b29152bb63c02833c5c6d02ae2c4908d0256a35582c9d9c,last,ood_metric/aupr_out_openood_auc,OOD-3,primary,up,id_train,id_test_vs_places365,detector_declared,detector/ctm_prototype_cosine,places365,far,,,,45195,C4,sgd,0.3,0.0,0.9606057204558779,0.00034093503725157986,0.960606 ± 0.000341,0.9609679914743203,0.9605580258756226,0.9602911440176909
metric_contract_v1.2,c38b09694be88aa74de0741b39e9d3ba0d6ff61a,35a1a66f78dfd6255c4d804586ee6863969be78d21acec5cd0ccf00476ddaa5c,f80984d28ef9a7550633fb3aea514f783f3db1fa655a6d3f49850b10857e6afc,7aa36ee28bf5fa9c0b29152bb63c02833c5c6d02ae2c4908d0256a35582c9d9c,last,ood_metric/aupr_out_openood_auc,OOD-3,primary,up,id_train,id_test_vs_places365,detector_declared,detector/gda_class_density,places365,far,,,,45195,C4,sgd,0.3,0.0,0.8492773591047008,0.12038468874617017,0.849277 ± 0.120385,0.7103016386082962,0.9161603932759493,0.921370045429857
metric_contract_v1.2,c38b09694be88aa74de0741b39e9d3ba0d6ff61a,35a1a66f78dfd6255c4d804586ee6863969be78d21acec5cd0ccf00476ddaa5c,f80984d28ef9a7550633fb3aea514f783f3db1fa655a6d3f49850b10857e6afc,7aa36ee28bf5fa9c0b29152bb63c02833c5c6d02ae2c4908d0256a35582c9d9c,last,ood_metric/aupr_out_openood_auc,OOD-3,primary,up,id_train,id_test_vs_places365,detector_declared,detector/knn_l2_k50,places365,far,,,,45195,C4,sgd,0.3,0.0,0.9696060215332171,0.0006034358314664151,0.969606 ± 0.000603,0.9700236342312103,0.9689141680555117,0.9698802623129288
metric_contract_v1.2,c38b09694be88aa74de0741b39e9d3ba0d6ff61a,35a1a66f78dfd6255c4d804586ee6863969be78d21acec5cd0ccf00476ddaa5c,f80984d28ef9a7550633fb3aea514f783f3db1fa655a6d3f49850b10857e6afc,7aa36ee28bf5fa9c0b29152bb63c02833c5c6d02ae2c4908d0256a35582c9d9c,last,ood_metric/aupr_out_openood_auc,OOD-3,primary,up,id_train,id_test_vs_places365,detector_declared,detector/mahalanobis_pp,places365,far,,,,45195,C4,sgd,0.3,0.0,0.971361238605724,0.0019944649232027526,0.971361 ± 0.001994,0.9690791740497042,0.9722338936277957,0.9727706481396721
metric_contract_v1.2,c38b09694be88aa74de0741b39e9d3ba0d6ff61a,35a1a66f78dfd6255c4d804586ee6863969be78d21acec5cd0ccf00476ddaa5c,f80984d28ef9a7550633fb3aea514f783f3db1fa655a6d3f49850b10857e6afc,7aa36ee28bf5fa9c0b29152bb63c02833c5c6d02ae2c4908d0256a35582c9d9c,last,ood_metric/aupr_out_openood_auc,OOD-3,primary,up,id_train,id_test_vs_places365,detector_declared,detector/mahalanobis_raw,places365,far,,,,45195,C4,sgd,0.3,0.0,0.7888851012150263,0.0076013434017203375,0.788885 ± 0.007601,0.7837658015531016,0.785270206549474,0.7976192955425034
metric_contract_v1.2,c38b09694be88aa74de0741b39e9d3ba0d6ff61a,35a1a66f78dfd6255c4d804586ee6863969be78d21acec5cd0ccf00476ddaa5c,f80984d28ef9a7550633fb3aea514f783f3db1fa655a6d3f49850b10857e6afc,7aa36ee28bf5fa9c0b29152bb63c02833c5c6d02ae2c4908d0256a35582c9d9c,last,ood_metric/aupr_out_openood_auc,OOD-3,primary,up,id_train,id_test_vs_places365,detector_declared,detector/marginal_mahalanobis_raw,places365,far,,,,45195,C4,sgd,0.3,0.0,0.7623806855675742,0.007156409893778483,0.762381 ± 0.007156,0.7581398810767266,0.7583589476712741,0.7706432279547218
metric_contract_v1.2,c38b09694be88aa74de0741b39e9d3ba0d6ff61a,35a1a66f78dfd6255c4d804586ee6863969be78d21acec5cd0ccf00476ddaa5c,f80984d28ef9a7550633fb3aea514f783f3db1fa655a6d3f49850b10857e6afc,7aa36ee28bf5fa9c0b29152bb63c02833c5c6d02ae2c4908d0256a35582c9d9c,last,ood_metric/aupr_out_openood_auc,OOD-3,primary,up,id_train,id_test_vs_places365,detector_declared,detector/ncp_euclidean_raw,places365,far,,,,45195,C4,sgd,0.3,0.0,0.8761220417154297,0.004087346014389755,0.876122 ± 0.004087,0.8724857202689766,0.8753345792512216,0.8805458256260909
metric_contract_v1.2,c38b09694be88aa74de0741b39e9d3ba0d6ff61a,35a1a66f78dfd6255c4d804586ee6863969be78d21acec5cd0ccf00476ddaa5c,f80984d28ef9a7550633fb3aea514f783f3db1fa655a6d3f49850b10857e6afc,7aa36ee28bf5fa9c0b29152bb63c02833c5c6d02ae2c4908d0256a35582c9d9c,last,ood_metric/aupr_out_openood_auc,OOD-3,primary,up,id_train,id_test_vs_places365,detector_declared,detector/neco_author_std_dim100,places365,far,,,,45195,C4,sgd,0.3,0.0,0.9314760609648504,0.003920360627177789,0.931476 ± 0.003920,0.9360017249089796,0.929302682029245,0.9291237759563262
metric_contract_v1.2,c38b09694be88aa74de0741b39e9d3ba0d6ff61a,35a1a66f78dfd6255c4d804586ee6863969be78d21acec5cd0ccf00476ddaa5c,f80984d28ef9a7550633fb3aea514f783f3db1fa655a6d3f49850b10857e6afc,7aa36ee28bf5fa9c0b29152bb63c02833c5c6d02ae2c4908d0256a35582c9d9c,last,ood_metric/aupr_out_openood_auc,OOD-3,primary,up,id_train,id_test_vs_places365,detector_declared,detector/relative_mahalanobis_pp,places365,far,,,,45195,C4,sgd,0.3,0.0,0.965240358168069,0.002505299626316898,0.965240 ± 0.002505,0.9624612457053059,0.9659342660277067,0.9673255627711943
metric_contract_v1.2,c38b09694be88aa74de0741b39e9d3ba0d6ff61a,35a1a66f78dfd6255c4d804586ee6863969be78d21acec5cd0ccf00476ddaa5c,f80984d28ef9a7550633fb3aea514f783f3db1fa655a6d3f49850b10857e6afc,7aa36ee28bf5fa9c0b29152bb63c02833c5c6d02ae2c4908d0256a35582c9d9c,last,ood_metric/aupr_out_openood_auc,OOD-3,primary,up,id_train,id_test_vs_places365,detector_declared,detector/relative_mahalanobis_raw,places365,far,,,,45195,C4,sgd,0.3,0.0,0.9686472498333094,0.0019086082914384717,0.968647 ± 0.001909,0.9665200988711729,0.9692116187455517,0.9702100318832035
metric_contract_v1.2,c38b09694be88aa74de0741b39e9d3ba0d6ff61a,35a1a66f78dfd6255c4d804586ee6863969be78d21acec5cd0ccf00476ddaa5c,f80984d28ef9a7550633fb3aea514f783f3db1fa655a6d3f49850b10857e6afc,7aa36ee28bf5fa9c0b29152bb63c02833c5c6d02ae2c4908d0256a35582c9d9c,last,ood_metric/aupr_out_openood_auc,OOD-3,primary,up,id_train,id_test_vs_places365,detector_declared,detector/vim_author_dim,places365,far,,,,45195,C4,sgd,0.3,0.0,0.9728017368097942,0.0011104700654853141,0.972802 ± 0.001110,0.9720689295428693,0.9722568836745601,0.9740793972119534
metric_contract_v1.2,c38b09694be88aa74de0741b39e9d3ba0d6ff61a,35a1a66f78dfd6255c4d804586ee6863969be78d21acec5cd0ccf00476ddaa5c,f80984d28ef9a7550633fb3aea514f783f3db1fa655a6d3f49850b10857e6afc,7aa36ee28bf5fa9c0b29152bb63c02833c5c6d02ae2c4908d0256a35582c9d9c,last,ood_metric/aupr_out_openood_auc,OOD-3,primary,up,id_train,id_test_vs_places365,detector_declared,detector/vim_dim128,places365,far,,,,45195,C4,sgd,0.3,0.0,0.9725305879162952,0.000578043363421966,0.972531 ± 0.000578,0.9721957016814868,0.9721980084969093,0.9731980535704896
metric_contract_v1.2,c38b09694be88aa74de0741b39e9d3ba0d6ff61a,35a1a66f78dfd6255c4d804586ee6863969be78d21acec5cd0ccf00476ddaa5c,f80984d28ef9a7550633fb3aea514f783f3db1fa655a6d3f49850b10857e6afc,7aa36ee28bf5fa9c0b29152bb63c02833c5c6d02ae2c4908d0256a35582c9d9c,last,ood_metric/aupr_out_openood_auc,OOD-3,primary,up,id_train,id_test_vs_places365,detector_declared,detector/vim_dim256,places365,far,,,,45195,C4,sgd,0.3,0.0,0.9729834684052223,0.0008616381915135406,0.972983 ± 0.000862,0.9723012109546576,0.9726974496586638,0.9739517446023456
metric_contract_v1.2,c38b09694be88aa74de0741b39e9d3ba0d6ff61a,35a1a66f78dfd6255c4d804586ee6863969be78d21acec5cd0ccf00476ddaa5c,f80984d28ef9a7550633fb3aea514f783f3db1fa655a6d3f49850b10857e6afc,7aa36ee28bf5fa9c0b29152bb63c02833c5c6d02ae2c4908d0256a35582c9d9c,last,ood_metric/aupr_out_openood_auc,OOD-3,primary,up,id_train,id_test_vs_places365,detector_declared,detector/vim_dim320,places365,far,,,,45195,C4,sgd,0.3,0.0,0.9728017368097942,0.0011104700654853141,0.972802 ± 0.001110,0.9720689295428693,0.9722568836745601,0.9740793972119534
metric_contract_v1.2,c38b09694be88aa74de0741b39e9d3ba0d6ff61a,35a1a66f78dfd6255c4d804586ee6863969be78d21acec5cd0ccf00476ddaa5c,f80984d28ef9a7550633fb3aea514f783f3db1fa655a6d3f49850b10857e6afc,7aa36ee28bf5fa9c0b29152bb63c02833c5c6d02ae2c4908d0256a35582c9d9c,last,ood_metric/aupr_out_openood_auc,OOD-3,primary,up,id_train,id_test_vs_places365,detector_declared,detector/vim_dim64,places365,far,,,,45195,C4,sgd,0.3,0.0,0.9719157008203964,0.0006003329602593723,0.971916 ± 0.000600,0.972427203338743,0.9712547662157267,0.9720651329067191
metric_contract_v1.2,c38b09694be88aa74de0741b39e9d3ba0d6ff61a,35a1a66f78dfd6255c4d804586ee6863969be78d21acec5cd0ccf00476ddaa5c,f80984d28ef9a7550633fb3aea514f783f3db1fa655a6d3f49850b10857e6afc,7aa36ee28bf5fa9c0b29152bb63c02833c5c6d02ae2c4908d0256a35582c9d9c,last,ood_metric/aupr_out_openood_auc,OOD-3,primary,up,id_train,id_test_vs_places365,detector_declared,detector/weight_cosine_appendix,places365,far,,,,45195,C4,sgd,0.3,0.0,0.9630991919206958,0.0006729668259230901,0.963099 ± 0.000673,0.9637980059985358,0.9624554576620824,0.963044112101469
metric_contract_v1.2,c38b09694be88aa74de0741b39e9d3ba0d6ff61a,35a1a66f78dfd6255c4d804586ee6863969be78d21acec5cd0ccf00476ddaa5c,f80984d28ef9a7550633fb3aea514f783f3db1fa655a6d3f49850b10857e6afc,7aa36ee28bf5fa9c0b29152bb63c02833c5c6d02ae2c4908d0256a35582c9d9c,last,ood_metric/aupr_out_openood_auc,OOD-3,primary,up,,id_test_vs_places365,detector_declared,ood_score/energy_t1,places365,far,,,,45195,C4,sgd,0.3,0.0,0.9751087284419939,0.0005407376214018807,0.975109 ± 0.000541,0.9756450791397187,0.9751173980352688,0.9745637081509942
metric_contract_v1.2,c38b09694be88aa74de0741b39e9d3ba0d6ff61a,35a1a66f78dfd6255c4d804586ee6863969be78d21acec5cd0ccf00476ddaa5c,f80984d28ef9a7550633fb3aea514f783f3db1fa655a6d3f49850b10857e6afc,7aa36ee28bf5fa9c0b29152bb63c02833c5c6d02ae2c4908d0256a35582c9d9c,last,ood_metric/aupr_out_openood_auc,OOD-3,primary,up,,id_test_vs_places365,detector_declared,ood_score/max_logit,places365,far,,,,45195,C4,sgd,0.3,0.0,0.9749277546450271,0.0005093765476107038,0.974928 ± 0.000509,0.9754333260040928,0.9749352816004644,0.974414656330524
metric_contract_v1.2,c38b09694be88aa74de0741b39e9d3ba0d6ff61a,35a1a66f78dfd6255c4d804586ee6863969be78d21acec5cd0ccf00476ddaa5c,f80984d28ef9a7550633fb3aea514f783f3db1fa655a6d3f49850b10857e6afc,7aa36ee28bf5fa9c0b29152bb63c02833c5c6d02ae2c4908d0256a35582c9d9c,last,ood_metric/aupr_out_openood_auc,OOD-3,primary,up,,id_test_vs_places365,detector_declared,ood_score/msp,places365,far,,,,45195,C4,sgd,0.3,0.0,0.9545251207307919,0.0006375914293405799,0.954525 ± 0.000638,0.954114750571951,0.9542009476324931,0.9552596639879316
metric_contract_v1.2,c38b09694be88aa74de0741b39e9d3ba0d6ff61a,35a1a66f78dfd6255c4d804586ee6863969be78d21acec5cd0ccf00476ddaa5c,f80984d28ef9a7550633fb3aea514f783f3db1fa655a6d3f49850b10857e6afc,7aa36ee28bf5fa9c0b29152bb63c02833c5c6d02ae2c4908d0256a35582c9d9c,last,ood_metric/auroc_id_positive,OOD-1,primary,up,id_train,id_test_vs_places365,detector_declared,detector/ctm_prototype_cosine,places365,far,,,,45195,C4,sgd,0.3,0.0,0.8956668267272813,0.0005740283214785536,0.895667 ± 0.000574,0.8950041227447081,0.8960094075863048,0.8959869498508312
metric_contract_v1.2,c38b09694be88aa74de0741b39e9d3ba0d6ff61a,35a1a66f78dfd6255c4d804586ee6863969be78d21acec5cd0ccf00476ddaa5c,f80984d28ef9a7550633fb3aea514f783f3db1fa655a6d3f49850b10857e6afc,7aa36ee28bf5fa9c0b29152bb63c02833c5c6d02ae2c4908d0256a35582c9d9c,last,ood_metric/auroc_id_positive,OOD-1,primary,up,id_train,id_test_vs_places365,detector_declared,detector/gda_class_density,places365,far,,,,45195,C4,sgd,0.3,0.0,0.6670644419188331,0.22894013565829724,0.667064 ± 0.228940,0.40288160534166784,0.7908397698536724,0.8074719505611592
metric_contract_v1.2,c38b09694be88aa74de0741b39e9d3ba0d6ff61a,35a1a66f78dfd6255c4d804586ee6863969be78d21acec5cd0ccf00476ddaa5c,f80984d28ef9a7550633fb3aea514f783f3db1fa655a6d3f49850b10857e6afc,7aa36ee28bf5fa9c0b29152bb63c02833c5c6d02ae2c4908d0256a35582c9d9c,last,ood_metric/auroc_id_positive,OOD-1,primary,up,id_train,id_test_vs_places365,detector_declared,detector/knn_l2_k50,places365,far,,,,45195,C4,sgd,0.3,0.0,0.9142539470568737,0.002208861058630044,0.914254 ± 0.002209,0.9155698650376473,0.9117038102003125,0.915488165932661
metric_contract_v1.2,c38b09694be88aa74de0741b39e9d3ba0d6ff61a,35a1a66f78dfd6255c4d804586ee6863969be78d21acec5cd0ccf00476ddaa5c,f80984d28ef9a7550633fb3aea514f783f3db1fa655a6d3f49850b10857e6afc,7aa36ee28bf5fa9c0b29152bb63c02833c5c6d02ae2c4908d0256a35582c9d9c,last,ood_metric/auroc_id_positive,OOD-1,primary,up,id_train,id_test_vs_places365,detector_declared,detector/mahalanobis_pp,places365,far,,,,45195,C4,sgd,0.3,0.0,0.919232802007861,0.0037835321941808845,0.919233 ± 0.003784,0.9149982469100724,0.9204192072737604,0.92228095183975
metric_contract_v1.2,c38b09694be88aa74de0741b39e9d3ba0d6ff61a,35a1a66f78dfd6255c4d804586ee6863969be78d21acec5cd0ccf00476ddaa5c,f80984d28ef9a7550633fb3aea514f783f3db1fa655a6d3f49850b10857e6afc,7aa36ee28bf5fa9c0b29152bb63c02833c5c6d02ae2c4908d0256a35582c9d9c,last,ood_metric/auroc_id_positive,OOD-1,primary,up,id_train,id_test_vs_places365,detector_declared,detector/mahalanobis_raw,places365,far,,,,45195,C4,sgd,0.3,0.0,0.5036729308140361,0.016147671343311285,0.503673 ± 0.016148,0.49459946583321496,0.49410287540843867,0.5223164512004546
metric_contract_v1.2,c38b09694be88aa74de0741b39e9d3ba0d6ff61a,35a1a66f78dfd6255c4d804586ee6863969be78d21acec5cd0ccf00476ddaa5c,f80984d28ef9a7550633fb3aea514f783f3db1fa655a6d3f49850b10857e6afc,7aa36ee28bf5fa9c0b29152bb63c02833c5c6d02ae2c4908d0256a35582c9d9c,last,ood_metric/auroc_id_positive,OOD-1,primary,up,id_train,id_test_vs_places365,detector_declared,detector/marginal_mahalanobis_raw,places365,far,,,,45195,C4,sgd,0.3,0.0,0.44290000473552116,0.015735757725256726,0.442900 ± 0.015736,0.4349527944310271,0.4327227986929962,0.46102442108254016
metric_contract_v1.2,c38b09694be88aa74de0741b39e9d3ba0d6ff61a,35a1a66f78dfd6255c4d804586ee6863969be78d21acec5cd0ccf00476ddaa5c,f80984d28ef9a7550633fb3aea514f783f3db1fa655a6d3f49850b10857e6afc,7aa36ee28bf5fa9c0b29152bb63c02833c5c6d02ae2c4908d0256a35582c9d9c,last,ood_metric/auroc_id_positive,OOD-1,primary,up,id_train,id_test_vs_places365,detector_declared,detector/ncp_euclidean_raw,places365,far,,,,45195,C4,sgd,0.3,0.0,0.7651746554908367,0.004393161540296844,0.765175 ± 0.004393,0.7613130274186675,0.764256655774968,0.7699542832788748
metric_contract_v1.2,c38b09694be88aa74de0741b39e9d3ba0d6ff61a,35a1a66f78dfd6255c4d804586ee6863969be78d21acec5cd0ccf00476ddaa5c,f80984d28ef9a7550633fb3aea514f783f3db1fa655a6d3f49850b10857e6afc,7aa36ee28bf5fa9c0b29152bb63c02833c5c6d02ae2c4908d0256a35582c9d9c,last,ood_metric/auroc_id_positive,OOD-1,primary,up,id_train,id_test_vs_places365,detector_declared,detector/neco_author_std_dim100,places365,far,,,,45195,C4,sgd,0.3,0.0,0.8379928455746555,0.007793433829127848,0.837993 ± 0.007793,0.8469904872851257,0.8333545844580197,0.8336334649808211
metric_contract_v1.2,c38b09694be88aa74de0741b39e9d3ba0d6ff61a,35a1a66f78dfd6255c4d804586ee6863969be78d21acec5cd0ccf00476ddaa5c,f80984d28ef9a7550633fb3aea514f783f3db1fa655a6d3f49850b10857e6afc,7aa36ee28bf5fa9c0b29152bb63c02833c5c6d02ae2c4908d0256a35582c9d9c,last,ood_metric/auroc_id_positive,OOD-1,primary,up,id_train,id_test_vs_places365,detector_declared,detector/relative_mahalanobis_pp,places365,far,,,,45195,C4,sgd,0.3,0.0,0.9078658843585736,0.003983813027991142,0.907866 ± 0.003984,0.9035662707770991,0.9085994431027135,0.9114319391959085
metric_contract_v1.2,c38b09694be88aa74de0741b39e9d3ba0d6ff61a,35a1a66f78dfd6255c4d804586ee6863969be78d21acec5cd0ccf00476ddaa5c,f80984d28ef9a7550633fb3aea514f783f3db1fa655a6d3f49850b10857e6afc,7aa36ee28bf5fa9c0b29152bb63c02833c5c6d02ae2c4908d0256a35582c9d9c,last,ood_metric/auroc_id_positive,OOD-1,primary,up,id_train,id_test_vs_places365,detector_declared,detector/relative_mahalanobis_raw,places365,far,,,,45195,C4,sgd,0.3,0.0,0.9187979627788038,0.003691921415755304,0.918798 ± 0.003692,0.9149031396505185,0.919244358573661,0.9222463901122318
metric_contract_v1.2,c38b09694be88aa74de0741b39e9d3ba0d6ff61a,35a1a66f78dfd6255c4d804586ee6863969be78d21acec5cd0ccf00476ddaa5c,f80984d28ef9a7550633fb3aea514f783f3db1fa655a6d3f49850b10857e6afc,7aa36ee28bf5fa9c0b29152bb63c02833c5c6d02ae2c4908d0256a35582c9d9c,last,ood_metric/auroc_id_positive,OOD-1,primary,up,id_train,id_test_vs_places365,detector_declared,detector/vim_author_dim,places365,far,,,,45195,C4,sgd,0.3,0.0,0.928546812520718,0.0019243314582970599,0.928547 ± 0.001924,0.9274210995880097,0.9274505640005682,0.9307687739735758
metric_contract_v1.2,c38b09694be88aa74de0741b39e9d3ba0d6ff61a,35a1a66f78dfd6255c4d804586ee6863969be78d21acec5cd0ccf00476ddaa5c,f80984d28ef9a7550633fb3aea514f783f3db1fa655a6d3f49850b10857e6afc,7aa36ee28bf5fa9c0b29152bb63c02833c5c6d02ae2c4908d0256a35582c9d9c,last,ood_metric/auroc_id_positive,OOD-1,primary,up,id_train,id_test_vs_places365,detector_declared,detector/vim_dim128,places365,far,,,,45195,C4,sgd,0.3,0.0,0.928373489605531,0.0006889831142060864,0.928373 ± 0.000689,0.9279237448501207,0.9280300355164086,0.9291666884500639
metric_contract_v1.2,c38b09694be88aa74de0741b39e9d3ba0d6ff61a,35a1a66f78dfd6255c4d804586ee6863969be78d21acec5cd0ccf00476ddaa5c,f80984d28ef9a7550633fb3aea514f783f3db1fa655a6d3f49850b10857e6afc,7aa36ee28bf5fa9c0b29152bb63c02833c5c6d02ae2c4908d0256a35582c9d9c,last,ood_metric/auroc_id_positive,OOD-1,primary,up,id_train,id_test_vs_places365,detector_declared,detector/vim_dim256,places365,far,,,,45195,C4,sgd,0.3,0.0,0.9291414301273854,0.0013347828894004835,0.929141 ± 0.001335,0.9280943315811905,0.9286855235118624,0.9306444352891036
metric_contract_v1.2,c38b09694be88aa74de0741b39e9d3ba0d6ff61a,35a1a66f78dfd6255c4d804586ee6863969be78d21acec5cd0ccf00476ddaa5c,f80984d28ef9a7550633fb3aea514f783f3db1fa655a6d3f49850b10857e6afc,7aa36ee28bf5fa9c0b29152bb63c02833c5c6d02ae2c4908d0256a35582c9d9c,last,ood_metric/auroc_id_positive,OOD-1,primary,up,id_train,id_test_vs_places365,detector_declared,detector/vim_dim320,places365,far,,,,45195,C4,sgd,0.3,0.0,0.928546812520718,0.0019243314582970599,0.928547 ± 0.001924,0.9274210995880097,0.9274505640005682,0.9307687739735758
metric_contract_v1.2,c38b09694be88aa74de0741b39e9d3ba0d6ff61a,35a1a66f78dfd6255c4d804586ee6863969be78d21acec5cd0ccf00476ddaa5c,f80984d28ef9a7550633fb3aea514f783f3db1fa655a6d3f49850b10857e6afc,7aa36ee28bf5fa9c0b29152bb63c02833c5c6d02ae2c4908d0256a35582c9d9c,last,ood_metric/auroc_id_positive,OOD-1,primary,up,id_train,id_test_vs_places365,detector_declared,detector/vim_dim64,places365,far,,,,45195,C4,sgd,0.3,0.0,0.9276071184353838,0.0010086907938675058,0.927607 ± 0.001009,0.9287614973717857,0.9268957124591563,0.9271641454752096
metric_contract_v1.2,c38b09694be88aa74de0741b39e9d3ba0d6ff61a,35a1a66f78dfd6255c4d804586ee6863969be78d21acec5cd0ccf00476ddaa5c,f80984d28ef9a7550633fb3aea514f783f3db1fa655a6d3f49850b10857e6afc,7aa36ee28bf5fa9c0b29152bb63c02833c5c6d02ae2c4908d0256a35582c9d9c,last,ood_metric/auroc_id_positive,OOD-1,primary,up,id_train,id_test_vs_places365,detector_declared,detector/weight_cosine_appendix,places365,far,,,,45195,C4,sgd,0.3,0.0,0.9044948003977837,0.0017488032726140845,0.904495 ± 0.001749,0.9063688364824549,0.9029063957948572,0.9042091689160392
metric_contract_v1.2,c38b09694be88aa74de0741b39e9d3ba0d6ff61a,35a1a66f78dfd6255c4d804586ee6863969be78d21acec5cd0ccf00476ddaa5c,f80984d28ef9a7550633fb3aea514f783f3db1fa655a6d3f49850b10857e6afc,7aa36ee28bf5fa9c0b29152bb63c02833c5c6d02ae2c4908d0256a35582c9d9c,last,ood_metric/auroc_id_positive,OOD-1,primary,up,,id_test_vs_places365,detector_declared,ood_score/energy_t1,places365,far,,,,45195,C4,sgd,0.3,0.0,0.931982645262111,0.001536340136473061,0.931983 ± 0.001536,0.9333310242932236,0.9323068276743856,0.9303100838187243
metric_contract_v1.2,c38b09694be88aa74de0741b39e9d3ba0d6ff61a,35a1a66f78dfd6255c4d804586ee6863969be78d21acec5cd0ccf00476ddaa5c,f80984d28ef9a7550633fb3aea514f783f3db1fa655a6d3f49850b10857e6afc,7aa36ee28bf5fa9c0b29152bb63c02833c5c6d02ae2c4908d0256a35582c9d9c,last,ood_metric/auroc_id_positive,OOD-1,primary,up,,id_test_vs_places365,detector_declared,ood_score/max_logit,places365,far,,,,45195,C4,sgd,0.3,0.0,0.931780456030686,0.0014916513467786217,0.931780 ± 0.001492,0.9331316550646399,0.9320299076573377,0.9301798053700808
metric_contract_v1.2,c38b09694be88aa74de0741b39e9d3ba0d6ff61a,35a1a66f78dfd6255c4d804586ee6863969be78d21acec5cd0ccf00476ddaa5c,f80984d28ef9a7550633fb3aea514f783f3db1fa655a6d3f49850b10857e6afc,7aa36ee28bf5fa9c0b29152bb63c02833c5c6d02ae2c4908d0256a35582c9d9c,last,ood_metric/auroc_id_positive,OOD-1,primary,up,,id_test_vs_places365,detector_declared,ood_score/msp,places365,far,,,,45195,C4,sgd,0.3,0.0,0.896279999526448,0.00034973698215374626,0.896280 ± 0.000350,0.8959932390964626,0.8961771231709051,0.8966696363119763
metric_contract_v1.2,c38b09694be88aa74de0741b39e9d3ba0d6ff61a,35a1a66f78dfd6255c4d804586ee6863969be78d21acec5cd0ccf00476ddaa5c,f80984d28ef9a7550633fb3aea514f783f3db1fa655a6d3f49850b10857e6afc,7aa36ee28bf5fa9c0b29152bb63c02833c5c6d02ae2c4908d0256a35582c9d9c,last,ood_metric/fpr95_achieved_id_tpr,OOD-4,appendix,descriptive,id_train,id_test_vs_places365,detector_declared,detector/ctm_prototype_cosine,places365,far,,,,45195,C4,sgd,0.3,0.0,0.9499999999999998,1.3597399555105182e-16,0.950000 ± 0.000000,0.95,0.95,0.95
metric_contract_v1.2,c38b09694be88aa74de0741b39e9d3ba0d6ff61a,35a1a66f78dfd6255c4d804586ee6863969be78d21acec5cd0ccf00476ddaa5c,f80984d28ef9a7550633fb3aea514f783f3db1fa655a6d3f49850b10857e6afc,7aa36ee28bf5fa9c0b29152bb63c02833c5c6d02ae2c4908d0256a35582c9d9c,last,ood_metric/fpr95_achieved_id_tpr,OOD-4,appendix,descriptive,id_train,id_test_vs_places365,detector_declared,detector/gda_class_density,places365,far,,,,45195,C4,sgd,0.3,0.0,0.9499999999999998,1.3597399555105182e-16,0.950000 ± 0.000000,0.95,0.95,0.95
metric_contract_v1.2,c38b09694be88aa74de0741b39e9d3ba0d6ff61a,35a1a66f78dfd6255c4d804586ee6863969be78d21acec5cd0ccf00476ddaa5c,f80984d28ef9a7550633fb3aea514f783f3db1fa655a6d3f49850b10857e6afc,7aa36ee28bf5fa9c0b29152bb63c02833c5c6d02ae2c4908d0256a35582c9d9c,last,ood_metric/fpr95_achieved_id_tpr,OOD-4,appendix,descriptive,id_train,id_test_vs_places365,detector_declared,detector/knn_l2_k50,places365,far,,,,45195,C4,sgd,0.3,0.0,0.9499999999999998,1.3597399555105182e-16,0.950000 ± 0.000000,0.95,0.95,0.95
metric_contract_v1.2,c38b09694be88aa74de0741b39e9d3ba0d6ff61a,35a1a66f78dfd6255c4d804586ee6863969be78d21acec5cd0ccf00476ddaa5c,f80984d28ef9a7550633fb3aea514f783f3db1fa655a6d3f49850b10857e6afc,7aa36ee28bf5fa9c0b29152bb63c02833c5c6d02ae2c4908d0256a35582c9d9c,last,ood_metric/fpr95_achieved_id_tpr,OOD-4,appendix,descriptive,id_train,id_test_vs_places365,detector_declared,detector/mahalanobis_pp,places365,far,,,,45195,C4,sgd,0.3,0.0,0.9499999999999998,1.3597399555105182e-16,0.950000 ± 0.000000,0.95,0.95,0.95
metric_contract_v1.2,c38b09694be88aa74de0741b39e9d3ba0d6ff61a,35a1a66f78dfd6255c4d804586ee6863969be78d21acec5cd0ccf00476ddaa5c,f80984d28ef9a7550633fb3aea514f783f3db1fa655a6d3f49850b10857e6afc,7aa36ee28bf5fa9c0b29152bb63c02833c5c6d02ae2c4908d0256a35582c9d9c,last,ood_metric/fpr95_achieved_id_tpr,OOD-4,appendix,descriptive,id_train,id_test_vs_places365,detector_declared,detector/mahalanobis_raw,places365,far,,,,45195,C4,sgd,0.3,0.0,0.9499999999999998,1.3597399555105182e-16,0.950000 ± 0.000000,0.95,0.95,0.95
metric_contract_v1.2,c38b09694be88aa74de0741b39e9d3ba0d6ff61a,35a1a66f78dfd6255c4d804586ee6863969be78d21acec5cd0ccf00476ddaa5c,f80984d28ef9a7550633fb3aea514f783f3db1fa655a6d3f49850b10857e6afc,7aa36ee28bf5fa9c0b29152bb63c02833c5c6d02ae2c4908d0256a35582c9d9c,last,ood_metric/fpr95_achieved_id_tpr,OOD-4,appendix,descriptive,id_train,id_test_vs_places365,detector_declared,detector/marginal_mahalanobis_raw,places365,far,,,,45195,C4,sgd,0.3,0.0,0.9499999999999998,1.3597399555105182e-16,0.950000 ± 0.000000,0.95,0.95,0.95
metric_contract_v1.2,c38b09694be88aa74de0741b39e9d3ba0d6ff61a,35a1a66f78dfd6255c4d804586ee6863969be78d21acec5cd0ccf00476ddaa5c,f80984d28ef9a7550633fb3aea514f783f3db1fa655a6d3f49850b10857e6afc,7aa36ee28bf5fa9c0b29152bb63c02833c5c6d02ae2c4908d0256a35582c9d9c,last,ood_metric/fpr95_achieved_id_tpr,OOD-4,appendix,descriptive,id_train,id_test_vs_places365,detector_declared,detector/ncp_euclidean_raw,places365,far,,,,45195,C4,sgd,0.3,0.0,0.9499999999999998,1.3597399555105182e-16,0.950000 ± 0.000000,0.95,0.95,0.95
metric_contract_v1.2,c38b09694be88aa74de0741b39e9d3ba0d6ff61a,35a1a66f78dfd6255c4d804586ee6863969be78d21acec5cd0ccf00476ddaa5c,f80984d28ef9a7550633fb3aea514f783f3db1fa655a6d3f49850b10857e6afc,7aa36ee28bf5fa9c0b29152bb63c02833c5c6d02ae2c4908d0256a35582c9d9c,last,ood_metric/fpr95_achieved_id_tpr,OOD-4,appendix,descriptive,id_train,id_test_vs_places365,detector_declared,detector/neco_author_std_dim100,places365,far,,,,45195,C4,sgd,0.3,0.0,0.9499999999999998,1.3597399555105182e-16,0.950000 ± 0.000000,0.95,0.95,0.95
metric_contract_v1.2,c38b09694be88aa74de0741b39e9d3ba0d6ff61a,35a1a66f78dfd6255c4d804586ee6863969be78d21acec5cd0ccf00476ddaa5c,f80984d28ef9a7550633fb3aea514f783f3db1fa655a6d3f49850b10857e6afc,7aa36ee28bf5fa9c0b29152bb63c02833c5c6d02ae2c4908d0256a35582c9d9c,last,ood_metric/fpr95_achieved_id_tpr,OOD-4,appendix,descriptive,id_train,id_test_vs_places365,detector_declared,detector/relative_mahalanobis_pp,places365,far,,,,45195,C4,sgd,0.3,0.0,0.9499999999999998,1.3597399555105182e-16,0.950000 ± 0.000000,0.95,0.95,0.95
metric_contract_v1.2,c38b09694be88aa74de0741b39e9d3ba0d6ff61a,35a1a66f78dfd6255c4d804586ee6863969be78d21acec5cd0ccf00476ddaa5c,f80984d28ef9a7550633fb3aea514f783f3db1fa655a6d3f49850b10857e6afc,7aa36ee28bf5fa9c0b29152bb63c02833c5c6d02ae2c4908d0256a35582c9d9c,last,ood_metric/fpr95_achieved_id_tpr,OOD-4,appendix,descriptive,id_train,id_test_vs_places365,detector_declared,detector/relative_mahalanobis_raw,places365,far,,,,45195,C4,sgd,0.3,0.0,0.9499999999999998,1.3597399555105182e-16,0.950000 ± 0.000000,0.95,0.95,0.95
metric_contract_v1.2,c38b09694be88aa74de0741b39e9d3ba0d6ff61a,35a1a66f78dfd6255c4d804586ee6863969be78d21acec5cd0ccf00476ddaa5c,f80984d28ef9a7550633fb3aea514f783f3db1fa655a6d3f49850b10857e6afc,7aa36ee28bf5fa9c0b29152bb63c02833c5c6d02ae2c4908d0256a35582c9d9c,last,ood_metric/fpr95_achieved_id_tpr,OOD-4,appendix,descriptive,id_train,id_test_vs_places365,detector_declared,detector/vim_author_dim,places365,far,,,,45195,C4,sgd,0.3,0.0,0.9499999999999998,1.3597399555105182e-16,0.950000 ± 0.000000,0.95,0.95,0.95
metric_contract_v1.2,c38b09694be88aa74de0741b39e9d3ba0d6ff61a,35a1a66f78dfd6255c4d804586ee6863969be78d21acec5cd0ccf00476ddaa5c,f80984d28ef9a7550633fb3aea514f783f3db1fa655a6d3f49850b10857e6afc,7aa36ee28bf5fa9c0b29152bb63c02833c5c6d02ae2c4908d0256a35582c9d9c,last,ood_metric/fpr95_achieved_id_tpr,OOD-4,appendix,descriptive,id_train,id_test_vs_places365,detector_declared,detector/vim_dim128,places365,far,,,,45195,C4,sgd,0.3,0.0,0.9499999999999998,1.3597399555105182e-16,0.950000 ± 0.000000,0.95,0.95,0.95
metric_contract_v1.2,c38b09694be88aa74de0741b39e9d3ba0d6ff61a,35a1a66f78dfd6255c4d804586ee6863969be78d21acec5cd0ccf00476ddaa5c,f80984d28ef9a7550633fb3aea514f783f3db1fa655a6d3f49850b10857e6afc,7aa36ee28bf5fa9c0b29152bb63c02833c5c6d02ae2c4908d0256a35582c9d9c,last,ood_metric/fpr95_achieved_id_tpr,OOD-4,appendix,descriptive,id_train,id_test_vs_places365,detector_declared,detector/vim_dim256,places365,far,,,,45195,C4,sgd,0.3,0.0,0.9499999999999998,1.3597399555105182e-16,0.950000 ± 0.000000,0.95,0.95,0.95
metric_contract_v1.2,c38b09694be88aa74de0741b39e9d3ba0d6ff61a,35a1a66f78dfd6255c4d804586ee6863969be78d21acec5cd0ccf00476ddaa5c,f80984d28ef9a7550633fb3aea514f783f3db1fa655a6d3f49850b10857e6afc,7aa36ee28bf5fa9c0b29152bb63c02833c5c6d02ae2c4908d0256a35582c9d9c,last,ood_metric/fpr95_achieved_id_tpr,OOD-4,appendix,descriptive,id_train,id_test_vs_places365,detector_declared,detector/vim_dim320,places365,far,,,,45195,C4,sgd,0.3,0.0,0.9499999999999998,1.3597399555105182e-16,0.950000 ± 0.000000,0.95,0.95,0.95
metric_contract_v1.2,c38b09694be88aa74de0741b39e9d3ba0d6ff61a,35a1a66f78dfd6255c4d804586ee6863969be78d21acec5cd0ccf00476ddaa5c,f80984d28ef9a7550633fb3aea514f783f3db1fa655a6d3f49850b10857e6afc,7aa36ee28bf5fa9c0b29152bb63c02833c5c6d02ae2c4908d0256a35582c9d9c,last,ood_metric/fpr95_achieved_id_tpr,OOD-4,appendix,descriptive,id_train,id_test_vs_places365,detector_declared,detector/vim_dim64,places365,far,,,,45195,C4,sgd,0.3,0.0,0.9499999999999998,1.3597399555105182e-16,0.950000 ± 0.000000,0.95,0.95,0.95
metric_contract_v1.2,c38b09694be88aa74de0741b39e9d3ba0d6ff61a,35a1a66f78dfd6255c4d804586ee6863969be78d21acec5cd0ccf00476ddaa5c,f80984d28ef9a7550633fb3aea514f783f3db1fa655a6d3f49850b10857e6afc,7aa36ee28bf5fa9c0b29152bb63c02833c5c6d02ae2c4908d0256a35582c9d9c,last,ood_metric/fpr95_achieved_id_tpr,OOD-4,appendix,descriptive,id_train,id_test_vs_places365,detector_declared,detector/weight_cosine_appendix,places365,far,,,,45195,C4,sgd,0.3,0.0,0.9499999999999998,1.3597399555105182e-16,0.950000 ± 0.000000,0.95,0.95,0.95
metric_contract_v1.2,c38b09694be88aa74de0741b39e9d3ba0d6ff61a,35a1a66f78dfd6255c4d804586ee6863969be78d21acec5cd0ccf00476ddaa5c,f80984d28ef9a7550633fb3aea514f783f3db1fa655a6d3f49850b10857e6afc,7aa36ee28bf5fa9c0b29152bb63c02833c5c6d02ae2c4908d0256a35582c9d9c,last,ood_metric/fpr95_achieved_id_tpr,OOD-4,appendix,descriptive,,id_test_vs_places365,detector_declared,ood_score/energy_t1,places365,far,,,,45195,C4,sgd,0.3,0.0,0.9499999999999998,1.3597399555105182e-16,0.950000 ± 0.000000,0.95,0.95,0.95
metric_contract_v1.2,c38b09694be88aa74de0741b39e9d3ba0d6ff61a,35a1a66f78dfd6255c4d804586ee6863969be78d21acec5cd0ccf00476ddaa5c,f80984d28ef9a7550633fb3aea514f783f3db1fa655a6d3f49850b10857e6afc,7aa36ee28bf5fa9c0b29152bb63c02833c5c6d02ae2c4908d0256a35582c9d9c,last,ood_metric/fpr95_achieved_id_tpr,OOD-4,appendix,descriptive,,id_test_vs_places365,detector_declared,ood_score/max_logit,places365,far,,,,45195,C4,sgd,0.3,0.0,0.9499999999999998,1.3597399555105182e-16,0.950000 ± 0.000000,0.95,0.95,0.95
metric_contract_v1.2,c38b09694be88aa74de0741b39e9d3ba0d6ff61a,35a1a66f78dfd6255c4d804586ee6863969be78d21acec5cd0ccf00476ddaa5c,f80984d28ef9a7550633fb3aea514f783f3db1fa655a6d3f49850b10857e6afc,7aa36ee28bf5fa9c0b29152bb63c02833c5c6d02ae2c4908d0256a35582c9d9c,last,ood_metric/fpr95_achieved_id_tpr,OOD-4,appendix,descriptive,,id_test_vs_places365,detector_declared,ood_score/msp,places365,far,,,,45195,C4,sgd,0.3,0.0,0.9499999999999998,1.3597399555105182e-16,0.950000 ± 0.000000,0.95,0.95,0.95
metric_contract_v1.2,c38b09694be88aa74de0741b39e9d3ba0d6ff61a,35a1a66f78dfd6255c4d804586ee6863969be78d21acec5cd0ccf00476ddaa5c,f80984d28ef9a7550633fb3aea514f783f3db1fa655a6d3f49850b10857e6afc,7aa36ee28bf5fa9c0b29152bb63c02833c5c6d02ae2c4908d0256a35582c9d9c,last,ood_metric/fpr95_id_tpr,OOD-4,primary,down,id_train,id_test_vs_places365,detector_declared,detector/ctm_prototype_cosine,places365,far,,,,45195,C4,sgd,0.3,0.0,0.540190367949993,0.011086181685824965,0.540190 ± 0.011086,0.5378320784202302,0.5304730785622958,0.5522659468674528
metric_contract_v1.2,c38b09694be88aa74de0741b39e9d3ba0d6ff61a,35a1a66f78dfd6255c4d804586ee6863969be78d21acec5cd0ccf00476ddaa5c,f80984d28ef9a7550633fb3aea514f783f3db1fa655a6d3f49850b10857e6afc,7aa36ee28bf5fa9c0b29152bb63c02833c5c6d02ae2c4908d0256a35582c9d9c,last,ood_metric/fpr95_id_tpr,OOD-4,primary,down,id_train,id_test_vs_places365,detector_declared,detector/gda_class_density,places365,far,,,,45195,C4,sgd,0.3,0.0,0.8270114126059572,0.12822823797432978,0.827011 ± 0.128228,0.9749964483591419,0.7572382440687597,0.7487995453899702
metric_contract_v1.2,c38b09694be88aa74de0741b39e9d3ba0d6ff61a,35a1a66f78dfd6255c4d804586ee6863969be78d21acec5cd0ccf00476ddaa5c,f80984d28ef9a7550633fb3aea514f783f3db1fa655a6d3f49850b10857e6afc,7aa36ee28bf5fa9c0b29152bb63c02833c5c6d02ae2c4908d0256a35582c9d9c,last,ood_metric/fpr95_id_tpr,OOD-4,primary,down,id_train,id_test_vs_places365,detector_declared,detector/knn_l2_k50,places365,far,,,,45195,C4,sgd,0.3,0.0,0.4329876402898139,0.00498518816865152,0.432988 ± 0.004985,0.43185111521522945,0.42866884500639296,0.4384429606478193
metric_contract_v1.2,c38b09694be88aa74de0741b39e9d3ba0d6ff61a,35a1a66f78dfd6255c4d804586ee6863969be78d21acec5cd0ccf00476ddaa5c,f80984d28ef9a7550633fb3aea514f783f3db1fa655a6d3f49850b10857e6afc,7aa36ee28bf5fa9c0b29152bb63c02833c5c6d02ae2c4908d0256a35582c9d9c,last,ood_metric/fpr95_id_tpr,OOD-4,primary,down,id_train,id_test_vs_places365,detector_declared,detector/mahalanobis_pp,places365,far,,,,45195,C4,sgd,0.3,0.0,0.41251124686271723,0.009381768963187622,0.412511 ± 0.009382,0.4229009802528768,0.40997300752947863,0.4046597528057963
metric_contract_v1.2,c38b09694be88aa74de0741b39e9d3ba0d6ff61a,35a1a66f78dfd6255c4d804586ee6863969be78d21acec5cd0ccf00476ddaa5c,f80984d28ef9a7550633fb3aea514f783f3db1fa655a6d3f49850b10857e6afc,7aa36ee28bf5fa9c0b29152bb63c02833c5c6d02ae2c4908d0256a35582c9d9c,last,ood_metric/fpr95_id_tpr,OOD-4,primary,down,id_train,id_test_vs_places365,detector_declared,detector/mahalanobis_raw,places365,far,,,,45195,C4,sgd,0.3,0.0,0.9297343372638158,0.004251822937491761,0.929734 ± 0.004252,0.931552777383151,0.9327745418383293,0.9248756925699674
metric_contract_v1.2,c38b09694be88aa74de0741b39e9d3ba0d6ff61a,35a1a66f78dfd6255c4d804586ee6863969be78d21acec5cd0ccf00476ddaa5c,f80984d28ef9a7550633fb3aea514f783f3db1fa655a6d3f49850b10857e6afc,7aa36ee28bf5fa9c0b29152bb63c02833c5c6d02ae2c4908d0256a35582c9d9c,last,ood_metric/fpr95_id_tpr,OOD-4,primary,down,id_train,id_test_vs_places365,detector_declared,detector/marginal_mahalanobis_raw,places365,far,,,,45195,C4,sgd,0.3,0.0,0.941355306151442,0.0019588579233576504,0.941355 ± 0.001959,0.9416110242932235,0.9431737462707771,0.9392811478903254
metric_contract_v1.2,c38b09694be88aa74de0741b39e9d3ba0d6ff61a,35a1a66f78dfd6255c4d804586ee6863969be78d21acec5cd0ccf00476ddaa5c,f80984d28ef9a7550633fb3aea514f783f3db1fa655a6d3f49850b10857e6afc,7aa36ee28bf5fa9c0b29152bb63c02833c5c6d02ae2c4908d0256a35582c9d9c,last,ood_metric/fpr95_id_tpr,OOD-4,primary,down,id_train,id_test_vs_places365,detector_declared,detector/ncp_euclidean_raw,places365,far,,,,45195,C4,sgd,0.3,0.0,0.9306530283657716,0.01014154945004599,0.930653 ± 0.010142,0.9393948003977838,0.9330302599801108,0.9195340247194204
metric_contract_v1.2,c38b09694be88aa74de0741b39e9d3ba0d6ff61a,35a1a66f78dfd6255c4d804586ee6863969be78d21acec5cd0ccf00476ddaa5c,f80984d28ef9a7550633fb3aea514f783f3db1fa655a6d3f49850b10857e6afc,7aa36ee28bf5fa9c0b29152bb63c02833c5c6d02ae2c4908d0256a35582c9d9c,last,ood_metric/fpr95_id_tpr,OOD-4,primary,down,id_train,id_test_vs_places365,detector_declared,detector/neco_author_std_dim100,places365,far,,,,45195,C4,sgd,0.3,0.0,0.7242316616943695,0.023672079669583727,0.724232 ± 0.023672,0.6970592413695127,0.7403892598380452,0.7352464838755505
metric_contract_v1.2,c38b09694be88aa74de0741b39e9d3ba0d6ff61a,35a1a66f78dfd6255c4d804586ee6863969be78d21acec5cd0ccf00476ddaa5c,f80984d28ef9a7550633fb3aea514f783f3db1fa655a6d3f49850b10857e6afc,7aa36ee28bf5fa9c0b29152bb63c02833c5c6d02ae2c4908d0256a35582c9d9c,last,ood_metric/fpr95_id_tpr,OOD-4,primary,down,id_train,id_test_vs_places365,detector_declared,detector/relative_mahalanobis_pp,places365,far,,,,45195,C4,sgd,0.3,0.0,0.4903158592603116,0.023187206430718796,0.490316 ± 0.023187,0.5168063645404176,0.480437562153715,0.4737036510868021
metric_contract_v1.2,c38b09694be88aa74de0741b39e9d3ba0d6ff61a,35a1a66f78dfd6255c4d804586ee6863969be78d21acec5cd0ccf00476ddaa5c,f80984d28ef9a7550633fb3aea514f783f3db1fa655a6d3f49850b10857e6afc,7aa36ee28bf5fa9c0b29152bb63c02833c5c6d02ae2c4908d0256a35582c9d9c,last,ood_metric/fpr95_id_tpr,OOD-4,primary,down,id_train,id_test_vs_places365,detector_declared,detector/relative_mahalanobis_raw,places365,far,,,,45195,C4,sgd,0.3,0.0,0.4387270919164654,0.019355596780999584,0.438727 ± 0.019356,0.45975280579627786,0.4347776672822844,0.42165080267083394
metric_contract_v1.2,c38b09694be88aa74de0741b39e9d3ba0d6ff61a,35a1a66f78dfd6255c4d804586ee6863969be78d21acec5cd0ccf00476ddaa5c,f80984d28ef9a7550633fb3aea514f783f3db1fa655a6d3f49850b10857e6afc,7aa36ee28bf5fa9c0b29152bb63c02833c5c6d02ae2c4908d0256a35582c9d9c,last,ood_metric/fpr95_id_tpr,OOD-4,primary,down,id_train,id_test_vs_places365,detector_declared,detector/vim_author_dim,places365,far,,,,45195,C4,sgd,0.3,0.0,0.4076715442534451,0.010020170274601297,0.407672 ± 0.010020,0.41718994175308993,0.40860917743997727,0.3972155135672681
metric_contract_v1.2,c38b09694be88aa74de0741b39e9d3ba0d6ff61a,35a1a66f78dfd6255c4d804586ee6863969be78d21acec5cd0ccf00476ddaa5c,f80984d28ef9a7550633fb3aea514f783f3db1fa655a6d3f49850b10857e6afc,7aa36ee28bf5fa9c0b29152bb63c02833c5c6d02ae2c4908d0256a35582c9d9c,last,ood_metric/fpr95_id_tpr,OOD-4,primary,down,id_train,id_test_vs_places365,detector_declared,detector/vim_dim128,places365,far,,,,45195,C4,sgd,0.3,0.0,0.41614812710138743,0.010146006283010522,0.416148 ± 0.010146,0.4189799687455604,0.4245773547378889,0.40488705782071316
metric_contract_v1.2,c38b09694be88aa74de0741b39e9d3ba0d6ff61a,35a1a66f78dfd6255c4d804586ee6863969be78d21acec5cd0ccf00476ddaa5c,f80984d28ef9a7550633fb3aea514f783f3db1fa655a6d3f49850b10857e6afc,7aa36ee28bf5fa9c0b29152bb63c02833c5c6d02ae2c4908d0256a35582c9d9c,last,ood_metric/fpr95_id_tpr,OOD-4,primary,down,id_train,id_test_vs_places365,detector_declared,detector/vim_dim256,places365,far,,,,45195,C4,sgd,0.3,0.0,0.40073874129848,0.011573563298190903,0.400739 ± 0.011574,0.4128143202159398,0.3996590424776247,0.3897428612018753
metric_contract_v1.2,c38b09694be88aa74de0741b39e9d3ba0d6ff61a,35a1a66f78dfd6255c4d804586ee6863969be78d21acec5cd0ccf00476ddaa5c,f80984d28ef9a7550633fb3aea514f783f3db1fa655a6d3f49850b10857e6afc,7aa36ee28bf5fa9c0b29152bb63c02833c5c6d02ae2c4908d0256a35582c9d9c,last,ood_metric/fpr95_id_tpr,OOD-4,primary,down,id_train,id_test_vs_places365,detector_declared,detector/vim_dim320,places365,far,,,,45195,C4,sgd,0.3,0.0,0.4076715442534451,0.010020170274601297,0.407672 ± 0.010020,0.41718994175308993,0.40860917743997727,0.3972155135672681
metric_contract_v1.2,c38b09694be88aa74de0741b39e9d3ba0d6ff61a,35a1a66f78dfd6255c4d804586ee6863969be78d21acec5cd0ccf00476ddaa5c,f80984d28ef9a7550633fb3aea514f783f3db1fa655a6d3f49850b10857e6afc,7aa36ee28bf5fa9c0b29152bb63c02833c5c6d02ae2c4908d0256a35582c9d9c,last,ood_metric/fpr95_id_tpr,OOD-4,primary,down,id_train,id_test_vs_places365,detector_declared,detector/vim_dim64,places365,far,,,,45195,C4,sgd,0.3,0.0,0.4191883316759009,0.008029679014744358,0.419188 ± 0.008030,0.4185821849694559,0.4275039068049439,0.41147890325330305
metric_contract_v1.2,c38b09694be88aa74de0741b39e9d3ba0d6ff61a,35a1a66f78dfd6255c4d804586ee6863969be78d21acec5cd0ccf00476ddaa5c,f80984d28ef9a7550633fb3aea514f783f3db1fa655a6d3f49850b10857e6afc,7aa36ee28bf5fa9c0b29152bb63c02833c5c6d02ae2c4908d0256a35582c9d9c,last,ood_metric/fpr95_id_tpr,OOD-4,primary,down,id_train,id_test_vs_places365,detector_declared,detector/weight_cosine_appendix,places365,far,,,,45195,C4,sgd,0.3,0.0,0.5013590945683571,0.0027066144412411473,0.501359 ± 0.002707,0.4992754652649524,0.5003835772126722,0.504418241227447
metric_contract_v1.2,c38b09694be88aa74de0741b39e9d3ba0d6ff61a,35a1a66f78dfd6255c4d804586ee6863969be78d21acec5cd0ccf00476ddaa5c,f80984d28ef9a7550633fb3aea514f783f3db1fa655a6d3f49850b10857e6afc,7aa36ee28bf5fa9c0b29152bb63c02833c5c6d02ae2c4908d0256a35582c9d9c,last,ood_metric/fpr95_id_tpr,OOD-4,primary,down,,id_test_vs_places365,detector_declared,ood_score/energy_t1,places365,far,,,,45195,C4,sgd,0.3,0.0,0.3759719657148269,0.010064438637885089,0.375972 ± 0.010064,0.37300752947861915,0.3677226878818014,0.3871856797840602
metric_contract_v1.2,c38b09694be88aa74de0741b39e9d3ba0d6ff61a,35a1a66f78dfd6255c4d804586ee6863969be78d21acec5cd0ccf00476ddaa5c,f80984d28ef9a7550633fb3aea514f783f3db1fa655a6d3f49850b10857e6afc,7aa36ee28bf5fa9c0b29152bb63c02833c5c6d02ae2c4908d0256a35582c9d9c,last,ood_metric/fpr95_id_tpr,OOD-4,primary,down,,id_test_vs_places365,detector_declared,ood_score/max_logit,places365,far,,,,45195,C4,sgd,0.3,0.0,0.37529952171236447,0.009252927185177178,0.375300 ± 0.009253,0.3721835487995454,0.36800681915044753,0.3857081971871004
metric_contract_v1.2,c38b09694be88aa74de0741b39e9d3ba0d6ff61a,35a1a66f78dfd6255c4d804586ee6863969be78d21acec5cd0ccf00476ddaa5c,f80984d28ef9a7550633fb3aea514f783f3db1fa655a6d3f49850b10857e6afc,7aa36ee28bf5fa9c0b29152bb63c02833c5c6d02ae2c4908d0256a35582c9d9c,last,ood_metric/fpr95_id_tpr,OOD-4,primary,down,,id_test_vs_places365,detector_declared,ood_score/msp,places365,far,,,,45195,C4,sgd,0.3,0.0,0.6335843159539707,0.008837715736074782,0.633584 ± 0.008838,0.6393805938343514,0.6379599374911209,0.6234124165364399
metric_contract_v1.2,c38b09694be88aa74de0741b39e9d3ba0d6ff61a,35a1a66f78dfd6255c4d804586ee6863969be78d21acec5cd0ccf00476ddaa5c,f80984d28ef9a7550633fb3aea514f783f3db1fa655a6d3f49850b10857e6afc,7aa36ee28bf5fa9c0b29152bb63c02833c5c6d02ae2c4908d0256a35582c9d9c,last,ood_metric/fpr95_threshold,OOD-4,appendix,descriptive,id_train,id_test_vs_places365,detector_declared,detector/ctm_prototype_cosine,places365,far,,,,45195,C4,sgd,0.3,0.0,0.7241413562611747,0.002075783784940544,0.724141 ± 0.002076,0.7247417765411702,0.7218315441861286,0.7258507480562251
metric_contract_v1.2,c38b09694be88aa74de0741b39e9d3ba0d6ff61a,35a1a66f78dfd6255c4d804586ee6863969be78d21acec5cd0ccf00476ddaa5c,f80984d28ef9a7550633fb3aea514f783f3db1fa655a6d3f49850b10857e6afc,7aa36ee28bf5fa9c0b29152bb63c02833c5c6d02ae2c4908d0256a35582c9d9c,last,ood_metric/fpr95_threshold,OOD-4,appendix,descriptive,id_train,id_test_vs_places365,detector_declared,detector/gda_class_density,places365,far,,,,45195,C4,sgd,0.3,0.0,2152.512852852014,660.4831046012649,2152.512853 ± 660.483105,2881.3825420831154,1593.6566525323026,1982.4993639406246
metric_contract_v1.2,c38b09694be88aa74de0741b39e9d3ba0d6ff61a,35a1a66f78dfd6255c4d804586ee6863969be78d21acec5cd0ccf00476ddaa5c,f80984d28ef9a7550633fb3aea514f783f3db1fa655a6d3f49850b10857e6afc,7aa36ee28bf5fa9c0b29152bb63c02833c5c6d02ae2c4908d0256a35582c9d9c,last,ood_metric/fpr95_threshold,OOD-4,appendix,descriptive,id_train,id_test_vs_places365,detector_declared,detector/knn_l2_k50,places365,far,,,,45195,C4,sgd,0.3,0.0,-0.42547865898204024,0.0028476599246411646,-0.425479 ± 0.002848,-0.42288184198351597,-0.42852394273544586,-0.4250301922271589
metric_contract_v1.2,c38b09694be88aa74de0741b39e9d3ba0d6ff61a,35a1a66f78dfd6255c4d804586ee6863969be78d21acec5cd0ccf00476ddaa5c,f80984d28ef9a7550633fb3aea514f783f3db1fa655a6d3f49850b10857e6afc,7aa36ee28bf5fa9c0b29152bb63c02833c5c6d02ae2c4908d0256a35582c9d9c,last,ood_metric/fpr95_threshold,OOD-4,appendix,descriptive,id_train,id_test_vs_places365,detector_declared,detector/mahalanobis_pp,places365,far,,,,45195,C4,sgd,0.3,0.0,-1153.7550719224662,6.879623369799135,-1153.755072 ± 6.879623,-1161.611613765494,-1148.8093136979107,-1150.8442883039936
metric_contract_v1.2,c38b09694be88aa74de0741b39e9d3ba0d6ff61a,35a1a66f78dfd6255c4d804586ee6863969be78d21acec5cd0ccf00476ddaa5c,f80984d28ef9a7550633fb3aea514f783f3db1fa655a6d3f49850b10857e6afc,7aa36ee28bf5fa9c0b29152bb63c02833c5c6d02ae2c4908d0256a35582c9d9c,last,ood_metric/fpr95_threshold,OOD-4,appendix,descriptive,id_train,id_test_vs_places365,detector_declared,detector/mahalanobis_raw,places365,far,,,,45195,C4,sgd,0.3,0.0,-880.3910383719436,0.2612438504524427,-880.391038 ± 0.261244,-880.6913617364966,-880.2163255812005,-880.2654277981339
metric_contract_v1.2,c38b09694be88aa74de0741b39e9d3ba0d6ff61a,35a1a66f78dfd6255c4d804586ee6863969be78d21acec5cd0ccf00476ddaa5c,f80984d28ef9a7550633fb3aea514f783f3db1fa655a6d3f49850b10857e6afc,7aa36ee28bf5fa9c0b29152bb63c02833c5c6d02ae2c4908d0256a35582c9d9c,last,ood_metric/fpr95_threshold,OOD-4,appendix,descriptive,id_train,id_test_vs_places365,detector_declared,detector/marginal_mahalanobis_raw,places365,far,,,,45195,C4,sgd,0.3,0.0,-876.7653141286733,1.0662974886720973,-876.765314 ± 1.066297,-876.8671658863151,-875.651745318785,-877.7770311809196
metric_contract_v1.2,c38b09694be88aa74de0741b39e9d3ba0d6ff61a,35a1a66f78dfd6255c4d804586ee6863969be78d21acec5cd0ccf00476ddaa5c,f80984d28ef9a7550633fb3aea514f783f3db1fa655a6d3f49850b10857e6afc,7aa36ee28bf5fa9c0b29152bb63c02833c5c6d02ae2c4908d0256a35582c9d9c,last,ood_metric/fpr95_threshold,OOD-4,appendix,descriptive,id_train,id_test_vs_places365,detector_declared,detector/ncp_euclidean_raw,places365,far,,,,45195,C4,sgd,0.3,0.0,-4.502811583528933,0.09600475698455628,-4.502812 ± 0.096005,-4.608653581806816,-4.478439085472746,-4.421342083307236
metric_contract_v1.2,c38b09694be88aa74de0741b39e9d3ba0d6ff61a,35a1a66f78dfd6255c4d804586ee6863969be78d21acec5cd0ccf00476ddaa5c,f80984d28ef9a7550633fb3aea514f783f3db1fa655a6d3f49850b10857e6afc,7aa36ee28bf5fa9c0b29152bb63c02833c5c6d02ae2c4908d0256a35582c9d9c,last,ood_metric/fpr95_threshold,OOD-4,appendix,descriptive,id_train,id_test_vs_places365,detector_declared,detector/neco_author_std_dim100,places365,far,,,,45195,C4,sgd,0.3,0.0,0.9106254088697551,0.002524916812634865,0.910625 ± 0.002525,0.9096942673194514,0.9134836635920047,0.908698295697809
metric_contract_v1.2,c38b09694be88aa74de0741b39e9d3ba0d6ff61a,35a1a66f78dfd6255c4d804586ee6863969be78d21acec5cd0ccf00476ddaa5c,f80984d28ef9a7550633fb3aea514f783f3db1fa655a6d3f49850b10857e6afc,7aa36ee28bf5fa9c0b29152bb63c02833c5c6d02ae2c4908d0256a35582c9d9c,last,ood_metric/fpr95_threshold,OOD-4,appendix,descriptive,id_train,id_test_vs_places365,detector_declared,detector/relative_mahalanobis_pp,places365,far,,,,45195,C4,sgd,0.3,0.0,-46.36064802013593,1.5984887905433016,-46.360648 ± 1.598489,-48.19828080790427,-45.59181734717772,-45.29184590532582
metric_contract_v1.2,c38b09694be88aa74de0741b39e9d3ba0d6ff61a,35a1a66f78dfd6255c4d804586ee6863969be78d21acec5cd0ccf00476ddaa5c,f80984d28ef9a7550633fb3aea514f783f3db1fa655a6d3f49850b10857e6afc,7aa36ee28bf5fa9c0b29152bb63c02833c5c6d02ae2c4908d0256a35582c9d9c,last,ood_metric/fpr95_threshold,OOD-4,appendix,descriptive,id_train,id_test_vs_places365,detector_declared,detector/relative_mahalanobis_raw,places365,far,,,,45195,C4,sgd,0.3,0.0,-31.250942832808345,0.3332143750458312,-31.250943 ± 0.333214,-31.619448381688386,-31.162526194927807,-30.97085392180884
metric_contract_v1.2,c38b09694be88aa74de0741b39e9d3ba0d6ff61a,35a1a66f78dfd6255c4d804586ee6863969be78d21acec5cd0ccf00476ddaa5c,f80984d28ef9a7550633fb3aea514f783f3db1fa655a6d3f49850b10857e6afc,7aa36ee28bf5fa9c0b29152bb63c02833c5c6d02ae2c4908d0256a35582c9d9c,last,ood_metric/fpr95_threshold,OOD-4,appendix,descriptive,id_train,id_test_vs_places365,detector_declared,detector/vim_author_dim,places365,far,,,,45195,C4,sgd,0.3,0.0,-21.298959249647627,0.600040475111923,-21.298959 ± 0.600040,-21.991138233857498,-20.979604793285755,-20.92613472179962
metric_contract_v1.2,c38b09694be88aa74de0741b39e9d3ba0d6ff61a,35a1a66f78dfd6255c4d804586ee6863969be78d21acec5cd0ccf00476ddaa5c,f80984d28ef9a7550633fb3aea514f783f3db1fa655a6d3f49850b10857e6afc,7aa36ee28bf5fa9c0b29152bb63c02833c5c6d02ae2c4908d0256a35582c9d9c,last,ood_metric/fpr95_threshold,OOD-4,appendix,descriptive,id_train,id_test_vs_places365,detector_declared,detector/vim_dim128,places365,far,,,,45195,C4,sgd,0.3,0.0,-20.412173395418495,0.5242666665228325,-20.412173 ± 0.524267,-21.00635561263258,-20.215412527451445,-20.01475204617146
metric_contract_v1.2,c38b09694be88aa74de0741b39e9d3ba0d6ff61a,35a1a66f78dfd6255c4d804586ee6863969be78d21acec5cd0ccf00476ddaa5c,f80984d28ef9a7550633fb3aea514f783f3db1fa655a6d3f49850b10857e6afc,7aa36ee28bf5fa9c0b29152bb63c02833c5c6d02ae2c4908d0256a35582c9d9c,last,ood_metric/fpr95_threshold,OOD-4,appendix,descriptive,id_train,id_test_vs_places365,detector_declared,detector/vim_dim256,places365,far,,,,45195,C4,sgd,0.3,0.0,-21.003459408894262,0.6401089152394943,-21.003459 ± 0.640109,-21.741850608552042,-20.66295615246987,-20.605571465660876
metric_contract_v1.2,c38b09694be88aa74de0741b39e9d3ba0d6ff61a,35a1a66f78dfd6255c4d804586ee6863969be78d21acec5cd0ccf00476ddaa5c,f80984d28ef9a7550633fb3aea514f783f3db1fa655a6d3f49850b10857e6afc,7aa36ee28bf5fa9c0b29152bb63c02833c5c6d02ae2c4908d0256a35582c9d9c,last,ood_metric/fpr95_threshold,OOD-4,appendix,descriptive,id_train,id_test_vs_places365,detector_declared,detector/vim_dim320,places365,far,,,,45195,C4,sgd,0.3,0.0,-21.298959249647627,0.600040475111923,-21.298959 ± 0.600040,-21.991138233857498,-20.979604793285755,-20.92613472179962
metric_contract_v1.2,c38b09694be88aa74de0741b39e9d3ba0d6ff61a,35a1a66f78dfd6255c4d804586ee6863969be78d21acec5cd0ccf00476ddaa5c,f80984d28ef9a7550633fb3aea514f783f3db1fa655a6d3f49850b10857e6afc,7aa36ee28bf5fa9c0b29152bb63c02833c5c6d02ae2c4908d0256a35582c9d9c,last,ood_metric/fpr95_threshold,OOD-4,appendix,descriptive,id_train,id_test_vs_places365,detector_declared,detector/vim_dim64,places365,far,,,,45195,C4,sgd,0.3,0.0,-19.578924786315735,0.53318443855464,-19.578925 ± 0.533184,-20.18184066725987,-19.3854250594999,-19.169508632187434
metric_contract_v1.2,c38b09694be88aa74de0741b39e9d3ba0d6ff61a,35a1a66f78dfd6255c4d804586ee6863969be78d21acec5cd0ccf00476ddaa5c,f80984d28ef9a7550633fb3aea514f783f3db1fa655a6d3f49850b10857e6afc,7aa36ee28bf5fa9c0b29152bb63c02833c5c6d02ae2c4908d0256a35582c9d9c,last,ood_metric/fpr95_threshold,OOD-4,appendix,descriptive,id_train,id_test_vs_places365,detector_declared,detector/weight_cosine_appendix,places365,far,,,,45195,C4,sgd,0.3,0.0,0.25969714524023635,0.0017590253219458803,0.259697 ± 0.001759,0.2594674704935952,0.2580642391494543,0.2615597260776595
metric_contract_v1.2,c38b09694be88aa74de0741b39e9d3ba0d6ff61a,35a1a66f78dfd6255c4d804586ee6863969be78d21acec5cd0ccf00476ddaa5c,f80984d28ef9a7550633fb3aea514f783f3db1fa655a6d3f49850b10857e6afc,7aa36ee28bf5fa9c0b29152bb63c02833c5c6d02ae2c4908d0256a35582c9d9c,last,ood_metric/fpr95_threshold,OOD-4,appendix,descriptive,,id_test_vs_places365,detector_declared,ood_score/energy_t1,places365,far,,,,45195,C4,sgd,0.3,0.0,14.303836867117449,0.0772361186465751,14.303837 ± 0.077236,14.336048722267238,14.359753264653902,14.215708614431207
metric_contract_v1.2,c38b09694be88aa74de0741b39e9d3ba0d6ff61a,35a1a66f78dfd6255c4d804586ee6863969be78d21acec5cd0ccf00476ddaa5c,f80984d28ef9a7550633fb3aea514f783f3db1fa655a6d3f49850b10857e6afc,7aa36ee28bf5fa9c0b29152bb63c02833c5c6d02ae2c4908d0256a35582c9d9c,last,ood_metric/fpr95_threshold,OOD-4,appendix,descriptive,,id_test_vs_places365,detector_declared,ood_score/max_logit,places365,far,,,,45195,C4,sgd,0.3,0.0,14.236314884821574,0.058360029910457835,14.236315 ± 0.058360,14.272405338287353,14.267554569244385,14.168984746932983
metric_contract_v1.2,c38b09694be88aa74de0741b39e9d3ba0d6ff61a,35a1a66f78dfd6255c4d804586ee6863969be78d21acec5cd0ccf00476ddaa5c,f80984d28ef9a7550633fb3aea514f783f3db1fa655a6d3f49850b10857e6afc,7aa36ee28bf5fa9c0b29152bb63c02833c5c6d02ae2c4908d0256a35582c9d9c,last,ood_metric/fpr95_threshold,OOD-4,appendix,descriptive,,id_test_vs_places365,detector_declared,ood_score/msp,places365,far,,,,45195,C4,sgd,0.3,0.0,0.9139165257744318,0.005947303001842514,0.913917 ± 0.005947,0.9119895981312452,0.9091716075670112,0.9205883716250388
metric_contract_v1.2,c38b09694be88aa74de0741b39e9d3ba0d6ff61a,35a1a66f78dfd6255c4d804586ee6863969be78d21acec5cd0ccf00476ddaa5c,f80984d28ef9a7550633fb3aea514f783f3db1fa655a6d3f49850b10857e6afc,3e2bac6d488d016b4c0a216c6e210e16bcc4ca139bf6356687dc98bc7c39ec78,last,analysis/angular_control_gap_ctm_ncp,OOD-7,exploratory,descriptive,id_train,id_test_vs_places365,paired_auroc_difference,,places365,,,,,45195,C4,adam,0.0003,0.0001,0.007916753326703607,0.000939512308516126,0.007917 ± 0.000940,0.008984475067481235,0.007216576218212811,0.007549208694416776
metric_contract_v1.2,c38b09694be88aa74de0741b39e9d3ba0d6ff61a,35a1a66f78dfd6255c4d804586ee6863969be78d21acec5cd0ccf00476ddaa5c,f80984d28ef9a7550633fb3aea514f783f3db1fa655a6d3f49850b10857e6afc,3e2bac6d488d016b4c0a216c6e210e16bcc4ca139bf6356687dc98bc7c39ec78,last,analysis/restoration_gap_mahalanobis,OOD-7,exploratory,descriptive,id_train,id_test_vs_places365,paired_auroc_difference,,places365,,,,,45195,C4,adam,0.0003,0.0001,0.1647268115736137,0.022765252966159555,0.164727 ± 0.022765,0.1599463588577924,0.14473139082256004,0.18950268504048873
metric_contract_v1.2,c38b09694be88aa74de0741b39e9d3ba0d6ff61a,35a1a66f78dfd6255c4d804586ee6863969be78d21acec5cd0ccf00476ddaa5c,f80984d28ef9a7550633fb3aea514f783f3db1fa655a6d3f49850b10857e6afc,3e2bac6d488d016b4c0a216c6e210e16bcc4ca139bf6356687dc98bc7c39ec78,last,analysis/restoration_gap_relative_mahalanobis,OOD-7,exploratory,descriptive,id_train,id_test_vs_places365,paired_auroc_difference,,places365,,,,,45195,C4,adam,0.0003,0.0001,-0.0038827911161623727,0.000762722137381818,-0.003883 ± 0.000763,-0.0034960903537434307,-0.0033908737036512093,-0.004761409291092478
metric_contract_v1.2,c38b09694be88aa74de0741b39e9d3ba0d6ff61a,35a1a66f78dfd6255c4d804586ee6863969be78d21acec5cd0ccf00476ddaa5c,f80984d28ef9a7550633fb3aea514f783f3db1fa655a6d3f49850b10857e6afc,3e2bac6d488d016b4c0a216c6e210e16bcc4ca139bf6356687dc98bc7c39ec78,last,ood_metric/ap_in,OOD-2,appendix,up,id_train,id_test_vs_places365,detector_declared,detector/ctm_prototype_cosine,places365,far,,,,45195,C4,adam,0.0003,0.0001,0.7771920048611035,0.006617694006099044,0.777192 ± 0.006618,0.7792248147480187,0.7697963650943225,0.7825548347409697
metric_contract_v1.2,c38b09694be88aa74de0741b39e9d3ba0d6ff61a,35a1a66f78dfd6255c4d804586ee6863969be78d21acec5cd0ccf00476ddaa5c,f80984d28ef9a7550633fb3aea514f783f3db1fa655a6d3f49850b10857e6afc,3e2bac6d488d016b4c0a216c6e210e16bcc4ca139bf6356687dc98bc7c39ec78,last,ood_metric/ap_in,OOD-2,appendix,up,id_train,id_test_vs_places365,detector_declared,detector/gda_class_density,places365,far,,,,45195,C4,adam,0.0003,0.0001,0.6893278378422473,0.010039593691248199,0.689328 ± 0.010040,0.6778867879964572,0.6966670737662046,0.6934296517640801
metric_contract_v1.2,c38b09694be88aa74de0741b39e9d3ba0d6ff61a,35a1a66f78dfd6255c4d804586ee6863969be78d21acec5cd0ccf00476ddaa5c,f80984d28ef9a7550633fb3aea514f783f3db1fa655a6d3f49850b10857e6afc,3e2bac6d488d016b4c0a216c6e210e16bcc4ca139bf6356687dc98bc7c39ec78,last,ood_metric/ap_in,OOD-2,appendix,up,id_train,id_test_vs_places365,detector_declared,detector/knn_l2_k50,places365,far,,,,45195,C4,adam,0.0003,0.0001,0.8000993420351085,0.006510242649347497,0.800099 ± 0.006510,0.799331982067084,0.7940067863560994,0.8069592576821419
metric_contract_v1.2,c38b09694be88aa74de0741b39e9d3ba0d6ff61a,35a1a66f78dfd6255c4d804586ee6863969be78d21acec5cd0ccf00476ddaa5c,f80984d28ef9a7550633fb3aea514f783f3db1fa655a6d3f49850b10857e6afc,3e2bac6d488d016b4c0a216c6e210e16bcc4ca139bf6356687dc98bc7c39ec78,last,ood_metric/ap_in,OOD-2,appendix,up,id_train,id_test_vs_places365,detector_declared,detector/mahalanobis_pp,places365,far,,,,45195,C4,adam,0.0003,0.0001,0.735467722238007,0.02519354704564048,0.735468 ± 0.025194,0.7368995236665832,0.7095888075698471,0.7599148354775906
metric_contract_v1.2,c38b09694be88aa74de0741b39e9d3ba0d6ff61a,35a1a66f78dfd6255c4d804586ee6863969be78d21acec5cd0ccf00476ddaa5c,f80984d28ef9a7550633fb3aea514f783f3db1fa655a6d3f49850b10857e6afc,3e2bac6d488d016b4c0a216c6e210e16bcc4ca139bf6356687dc98bc7c39ec78,last,ood_metric/ap_in,OOD-2,appendix,up,id_train,id_test_vs_places365,detector_declared,detector/mahalanobis_raw,places365,far,,,,45195,C4,adam,0.0003,0.0001,0.44950603487310054,0.008844918893813707,0.449506 ± 0.008845,0.4481329421660207,0.458957200588111,0.44142796186516975
metric_contract_v1.2,c38b09694be88aa74de0741b39e9d3ba0d6ff61a,35a1a66f78dfd6255c4d804586ee6863969be78d21acec5cd0ccf00476ddaa5c,f80984d28ef9a7550633fb3aea514f783f3db1fa655a6d3f49850b10857e6afc,3e2bac6d488d016b4c0a216c6e210e16bcc4ca139bf6356687dc98bc7c39ec78,last,ood_metric/ap_in,OOD-2,appendix,up,id_train,id_test_vs_places365,detector_declared,detector/marginal_mahalanobis_raw,places365,far,,,,45195,C4,adam,0.0003,0.0001,0.29343403606054924,0.008912539771809226,0.293434 ± 0.008913,0.29976236668044903,0.2972982090220552,0.2832415324791436
metric_contract_v1.2,c38b09694be88aa74de0741b39e9d3ba0d6ff61a,35a1a66f78dfd6255c4d804586ee6863969be78d21acec5cd0ccf00476ddaa5c,f80984d28ef9a7550633fb3aea514f783f3db1fa655a6d3f49850b10857e6afc,3e2bac6d488d016b4c0a216c6e210e16bcc4ca139bf6356687dc98bc7c39ec78,last,ood_metric/ap_in,OOD-2,appendix,up,id_train,id_test_vs_places365,detector_declared,detector/ncp_euclidean_raw,places365,far,,,,45195,C4,adam,0.0003,0.0001,0.7488964706137441,0.002920772311019785,0.748896 ± 0.002921,0.7490511396694765,0.7459014368201515,0.7517368353516038
metric_contract_v1.2,c38b09694be88aa74de0741b39e9d3ba0d6ff61a,35a1a66f78dfd6255c4d804586ee6863969be78d21acec5cd0ccf00476ddaa5c,f80984d28ef9a7550633fb3aea514f783f3db1fa655a6d3f49850b10857e6afc,3e2bac6d488d016b4c0a216c6e210e16bcc4ca139bf6356687dc98bc7c39ec78,last,ood_metric/ap_in,OOD-2,appendix,up,id_train,id_test_vs_places365,detector_declared,detector/neco_author_std_dim100,places365,far,,,,45195,C4,adam,0.0003,0.0001,0.7834398235830382,0.010028040512041583,0.783440 ± 0.010028,0.7799801446717961,0.7755996806518166,0.7947396454255018
metric_contract_v1.2,c38b09694be88aa74de0741b39e9d3ba0d6ff61a,35a1a66f78dfd6255c4d804586ee6863969be78d21acec5cd0ccf00476ddaa5c,f80984d28ef9a7550633fb3aea514f783f3db1fa655a6d3f49850b10857e6afc,3e2bac6d488d016b4c0a216c6e210e16bcc4ca139bf6356687dc98bc7c39ec78,last,ood_metric/ap_in,OOD-2,appendix,up,id_train,id_test_vs_places365,detector_declared,detector/relative_mahalanobis_pp,places365,far,,,,45195,C4,adam,0.0003,0.0001,0.7791694029162467,0.004538441807870958,0.779169 ± 0.004538,0.7769086272830801,0.7762053891653492,0.7843941923003112
metric_contract_v1.2,c38b09694be88aa74de0741b39e9d3ba0d6ff61a,35a1a66f78dfd6255c4d804586ee6863969be78d21acec5cd0ccf00476ddaa5c,f80984d28ef9a7550633fb3aea514f783f3db1fa655a6d3f49850b10857e6afc,3e2bac6d488d016b4c0a216c6e210e16bcc4ca139bf6356687dc98bc7c39ec78,last,ood_metric/ap_in,OOD-2,appendix,up,id_train,id_test_vs_places365,detector_declared,detector/relative_mahalanobis_raw,places365,far,,,,45195,C4,adam,0.0003,0.0001,0.787449538415464,0.003894151563290538,0.787450 ± 0.003894,0.7858599990931694,0.7846015838275037,0.7918870323257191
metric_contract_v1.2,c38b09694be88aa74de0741b39e9d3ba0d6ff61a,35a1a66f78dfd6255c4d804586ee6863969be78d21acec5cd0ccf00476ddaa5c,f80984d28ef9a7550633fb3aea514f783f3db1fa655a6d3f49850b10857e6afc,3e2bac6d488d016b4c0a216c6e210e16bcc4ca139bf6356687dc98bc7c39ec78,last,ood_metric/ap_in,OOD-2,appendix,up,id_train,id_test_vs_places365,detector_declared,detector/vim_author_dim,places365,far,,,,45195,C4,adam,0.0003,0.0001,0.784200032983363,0.00930459870792596,0.784200 ± 0.009305,0.786368941060901,0.7740025423799286,0.7922286155092596
metric_contract_v1.2,c38b09694be88aa74de0741b39e9d3ba0d6ff61a,35a1a66f78dfd6255c4d804586ee6863969be78d21acec5cd0ccf00476ddaa5c,f80984d28ef9a7550633fb3aea514f783f3db1fa655a6d3f49850b10857e6afc,3e2bac6d488d016b4c0a216c6e210e16bcc4ca139bf6356687dc98bc7c39ec78,last,ood_metric/ap_in,OOD-2,appendix,up,id_train,id_test_vs_places365,detector_declared,detector/vim_dim128,places365,far,,,,45195,C4,adam,0.0003,0.0001,0.7829474748938564,0.009897389057628861,0.782947 ± 0.009897,0.7893364035208721,0.7715466408953267,0.7879593802653704
metric_contract_v1.2,c38b09694be88aa74de0741b39e9d3ba0d6ff61a,35a1a66f78dfd6255c4d804586ee6863969be78d21acec5cd0ccf00476ddaa5c,f80984d28ef9a7550633fb3aea514f783f3db1fa655a6d3f49850b10857e6afc,3e2bac6d488d016b4c0a216c6e210e16bcc4ca139bf6356687dc98bc7c39ec78,last,ood_metric/ap_in,OOD-2,appendix,up,id_train,id_test_vs_places365,detector_declared,detector/vim_dim256,places365,far,,,,45195,C4,adam,0.0003,0.0001,0.7859974062876978,0.009213494247979622,0.785997 ± 0.009213,0.7900114673172814,0.7754578520081786,0.7925228995376333
metric_contract_v1.2,c38b09694be88aa74de0741b39e9d3ba0d6ff61a,35a1a66f78dfd6255c4d804586ee6863969be78d21acec5cd0ccf00476ddaa5c,f80984d28ef9a7550633fb3aea514f783f3db1fa655a6d3f49850b10857e6afc,3e2bac6d488d016b4c0a216c6e210e16bcc4ca139bf6356687dc98bc7c39ec78,last,ood_metric/ap_in,OOD-2,appendix,up,id_train,id_test_vs_places365,detector_declared,detector/vim_dim320,places365,far,,,,45195,C4,adam,0.0003,0.0001,0.784200032983363,0.00930459870792596,0.784200 ± 0.009305,0.786368941060901,0.7740025423799286,0.7922286155092596
metric_contract_v1.2,c38b09694be88aa74de0741b39e9d3ba0d6ff61a,35a1a66f78dfd6255c4d804586ee6863969be78d21acec5cd0ccf00476ddaa5c,f80984d28ef9a7550633fb3aea514f783f3db1fa655a6d3f49850b10857e6afc,3e2bac6d488d016b4c0a216c6e210e16bcc4ca139bf6356687dc98bc7c39ec78,last,ood_metric/ap_in,OOD-2,appendix,up,id_train,id_test_vs_places365,detector_declared,detector/vim_dim64,places365,far,,,,45195,C4,adam,0.0003,0.0001,0.7798759315735326,0.011166553953608507,0.779876 ± 0.011167,0.7835934756590441,0.7673247871710964,0.7887095318904573
metric_contract_v1.2,c38b09694be88aa74de0741b39e9d3ba0d6ff61a,35a1a66f78dfd6255c4d804586ee6863969be78d21acec5cd0ccf00476ddaa5c,f80984d28ef9a7550633fb3aea514f783f3db1fa655a6d3f49850b10857e6afc,3e2bac6d488d016b4c0a216c6e210e16bcc4ca139bf6356687dc98bc7c39ec78,last,ood_metric/ap_in,OOD-2,appendix,up,id_train,id_test_vs_places365,detector_declared,detector/weight_cosine_appendix,places365,far,,,,45195,C4,adam,0.0003,0.0001,0.7820249094963095,0.0033878438006510803,0.782025 ± 0.003388,0.785730517711647,0.7790863630465416,0.7812578477307397
metric_contract_v1.2,c38b09694be88aa74de0741b39e9d3ba0d6ff61a,35a1a66f78dfd6255c4d804586ee6863969be78d21acec5cd0ccf00476ddaa5c,f80984d28ef9a7550633fb3aea514f783f3db1fa655a6d3f49850b10857e6afc,3e2bac6d488d016b4c0a216c6e210e16bcc4ca139bf6356687dc98bc7c39ec78,last,ood_metric/ap_in,OOD-2,appendix,up,,id_test_vs_places365,detector_declared,ood_score/energy_t1,places365,far,,,,45195,C4,adam,0.0003,0.0001,0.7968085925746609,0.018531039443906435,0.796809 ± 0.018531,0.8011996764849565,0.7764763968641708,0.8127497043748555
metric_contract_v1.2,c38b09694be88aa74de0741b39e9d3ba0d6ff61a,35a1a66f78dfd6255c4d804586ee6863969be78d21acec5cd0ccf00476ddaa5c,f80984d28ef9a7550633fb3aea514f783f3db1fa655a6d3f49850b10857e6afc,3e2bac6d488d016b4c0a216c6e210e16bcc4ca139bf6356687dc98bc7c39ec78,last,ood_metric/ap_in,OOD-2,appendix,up,,id_test_vs_places365,detector_declared,ood_score/max_logit,places365,far,,,,45195,C4,adam,0.0003,0.0001,0.7964861228361987,0.01850599569508293,0.796486 ± 0.018506,0.8008645569768376,0.7761835443295391,0.8124102672022193
metric_contract_v1.2,c38b09694be88aa74de0741b39e9d3ba0d6ff61a,35a1a66f78dfd6255c4d804586ee6863969be78d21acec5cd0ccf00476ddaa5c,f80984d28ef9a7550633fb3aea514f783f3db1fa655a6d3f49850b10857e6afc,3e2bac6d488d016b4c0a216c6e210e16bcc4ca139bf6356687dc98bc7c39ec78,last,ood_metric/ap_in,OOD-2,appendix,up,,id_test_vs_places365,detector_declared,ood_score/msp,places365,far,,,,45195,C4,adam,0.0003,0.0001,0.7807269132218181,0.016707199165906687,0.780727 ± 0.016707,0.7854067407134406,0.7621788251508163,0.7945951738011972
metric_contract_v1.2,c38b09694be88aa74de0741b39e9d3ba0d6ff61a,35a1a66f78dfd6255c4d804586ee6863969be78d21acec5cd0ccf00476ddaa5c,f80984d28ef9a7550633fb3aea514f783f3db1fa655a6d3f49850b10857e6afc,3e2bac6d488d016b4c0a216c6e210e16bcc4ca139bf6356687dc98bc7c39ec78,last,ood_metric/ap_out,OOD-3,appendix,up,id_train,id_test_vs_places365,detector_declared,detector/ctm_prototype_cosine,places365,far,,,,45195,C4,adam,0.0003,0.0001,0.960870241915074,0.002235745885210067,0.960870 ± 0.002236,0.9611321016764848,0.9585150971701415,0.9629635268985959
metric_contract_v1.2,c38b09694be88aa74de0741b39e9d3ba0d6ff61a,35a1a66f78dfd6255c4d804586ee6863969be78d21acec5cd0ccf00476ddaa5c,f80984d28ef9a7550633fb3aea514f783f3db1fa655a6d3f49850b10857e6afc,3e2bac6d488d016b4c0a216c6e210e16bcc4ca139bf6356687dc98bc7c39ec78,last,ood_metric/ap_out,OOD-3,appendix,up,id_train,id_test_vs_places365,detector_declared,detector/gda_class_density,places365,far,,,,45195,C4,adam,0.0003,0.0001,0.9342703193227289,0.0011788307180509562,0.934270 ± 0.001179,0.9335071455601223,0.9356280292587092,0.933675783149355
metric_contract_v1.2,c38b09694be88aa74de0741b39e9d3ba0d6ff61a,35a1a66f78dfd6255c4d804586ee6863969be78d21acec5cd0ccf00476ddaa5c,f80984d28ef9a7550633fb3aea514f783f3db1fa655a6d3f49850b10857e6afc,3e2bac6d488d016b4c0a216c6e210e16bcc4ca139bf6356687dc98bc7c39ec78,last,ood_metric/ap_out,OOD-3,appendix,up,id_train,id_test_vs_places365,detector_declared,detector/knn_l2_k50,places365,far,,,,45195,C4,adam,0.0003,0.0001,0.963419346334144,0.0022304245802058625,0.963419 ± 0.002230,0.9625378970475325,0.961764342184324,0.9659557997705752
metric_contract_v1.2,c38b09694be88aa74de0741b39e9d3ba0d6ff61a,35a1a66f78dfd6255c4d804586ee6863969be78d21acec5cd0ccf00476ddaa5c,f80984d28ef9a7550633fb3aea514f783f3db1fa655a6d3f49850b10857e6afc,3e2bac6d488d016b4c0a216c6e210e16bcc4ca139bf6356687dc98bc7c39ec78,last,ood_metric/ap_out,OOD-3,appendix,up,id_train,id_test_vs_places365,detector_declared,detector/mahalanobis_pp,places365,far,,,,45195,C4,adam,0.0003,0.0001,0.9377101706427032,0.007518734810068375,0.937710 ± 0.007519,0.9382719061692417,0.9299263226020509,0.9449322831568174
metric_contract_v1.2,c38b09694be88aa74de0741b39e9d3ba0d6ff61a,35a1a66f78dfd6255c4d804586ee6863969be78d21acec5cd0ccf00476ddaa5c,f80984d28ef9a7550633fb3aea514f783f3db1fa655a6d3f49850b10857e6afc,3e2bac6d488d016b4c0a216c6e210e16bcc4ca139bf6356687dc98bc7c39ec78,last,ood_metric/ap_out,OOD-3,appendix,up,id_train,id_test_vs_places365,detector_declared,detector/mahalanobis_raw,places365,far,,,,45195,C4,adam,0.0003,0.0001,0.8636217898698195,0.004347613909166823,0.863622 ± 0.004348,0.8670195429654783,0.8651234136155203,0.85872241302846
metric_contract_v1.2,c38b09694be88aa74de0741b39e9d3ba0d6ff61a,35a1a66f78dfd6255c4d804586ee6863969be78d21acec5cd0ccf00476ddaa5c,f80984d28ef9a7550633fb3aea514f783f3db1fa655a6d3f49850b10857e6afc,3e2bac6d488d016b4c0a216c6e210e16bcc4ca139bf6356687dc98bc7c39ec78,last,ood_metric/ap_out,OOD-3,appendix,up,id_train,id_test_vs_places365,detector_declared,detector/marginal_mahalanobis_raw,places365,far,,,,45195,C4,adam,0.0003,0.0001,0.8212718782036771,0.006318543649164495,0.821272 ± 0.006319,0.8256097467728375,0.8241834129972346,0.814022474840959
metric_contract_v1.2,c38b09694be88aa74de0741b39e9d3ba0d6ff61a,35a1a66f78dfd6255c4d804586ee6863969be78d21acec5cd0ccf00476ddaa5c,f80984d28ef9a7550633fb3aea514f783f3db1fa655a6d3f49850b10857e6afc,3e2bac6d488d016b4c0a216c6e210e16bcc4ca139bf6356687dc98bc7c39ec78,last,ood_metric/ap_out,OOD-3,appendix,up,id_train,id_test_vs_places365,detector_declared,detector/ncp_euclidean_raw,places365,far,,,,45195,C4,adam,0.0003,0.0001,0.9572781663642597,0.0024281836021793415,0.957278 ± 0.002428,0.9571148490650919,0.9549357641233671,0.9597838859043198
metric_contract_v1.2,c38b09694be88aa74de0741b39e9d3ba0d6ff61a,35a1a66f78dfd6255c4d804586ee6863969be78d21acec5cd0ccf00476ddaa5c,f80984d28ef9a7550633fb3aea514f783f3db1fa655a6d3f49850b10857e6afc,3e2bac6d488d016b4c0a216c6e210e16bcc4ca139bf6356687dc98bc7c39ec78,last,ood_metric/ap_out,OOD-3,appendix,up,id_train,id_test_vs_places365,detector_declared,detector/neco_author_std_dim100,places365,far,,,,45195,C4,adam,0.0003,0.0001,0.9555665883062675,0.0035564812699524356,0.955567 ± 0.003556,0.952906621950974,0.9541869602082785,0.95960618275955
metric_contract_v1.2,c38b09694be88aa74de0741b39e9d3ba0d6ff61a,35a1a66f78dfd6255c4d804586ee6863969be78d21acec5cd0ccf00476ddaa5c,f80984d28ef9a7550633fb3aea514f783f3db1fa655a6d3f49850b10857e6afc,3e2bac6d488d016b4c0a216c6e210e16bcc4ca139bf6356687dc98bc7c39ec78,last,ood_metric/ap_out,OOD-3,appendix,up,id_train,id_test_vs_places365,detector_declared,detector/relative_mahalanobis_pp,places365,far,,,,45195,C4,adam,0.0003,0.0001,0.9628257376996668,0.0014245618935208463,0.962826 ± 0.001425,0.961995645854925,0.962010910768674,0.9644706564754018
metric_contract_v1.2,c38b09694be88aa74de0741b39e9d3ba0d6ff61a,35a1a66f78dfd6255c4d804586ee6863969be78d21acec5cd0ccf00476ddaa5c,f80984d28ef9a7550633fb3aea514f783f3db1fa655a6d3f49850b10857e6afc,3e2bac6d488d016b4c0a216c6e210e16bcc4ca139bf6356687dc98bc7c39ec78,last,ood_metric/ap_out,OOD-3,appendix,up,id_train,id_test_vs_places365,detector_declared,detector/relative_mahalanobis_raw,places365,far,,,,45195,C4,adam,0.0003,0.0001,0.9643967292230856,0.0015889377194522297,0.964397 ± 0.001589,0.9635283771721951,0.9634311922018375,0.9662306182952243
metric_contract_v1.2,c38b09694be88aa74de0741b39e9d3ba0d6ff61a,35a1a66f78dfd6255c4d804586ee6863969be78d21acec5cd0ccf00476ddaa5c,f80984d28ef9a7550633fb3aea514f783f3db1fa655a6d3f49850b10857e6afc,3e2bac6d488d016b4c0a216c6e210e16bcc4ca139bf6356687dc98bc7c39ec78,last,ood_metric/ap_out,OOD-3,appendix,up,id_train,id_test_vs_places365,detector_declared,detector/vim_author_dim,places365,far,,,,45195,C4,adam,0.0003,0.0001,0.9491132781767271,0.0010876518324228481,0.949113 ± 0.001088,0.9503450285753744,0.9482850831122308,0.948709722842576
metric_contract_v1.2,c38b09694be88aa74de0741b39e9d3ba0d6ff61a,35a1a66f78dfd6255c4d804586ee6863969be78d21acec5cd0ccf00476ddaa5c,f80984d28ef9a7550633fb3aea514f783f3db1fa655a6d3f49850b10857e6afc,3e2bac6d488d016b4c0a216c6e210e16bcc4ca139bf6356687dc98bc7c39ec78,last,ood_metric/ap_out,OOD-3,appendix,up,id_train,id_test_vs_places365,detector_declared,detector/vim_dim128,places365,far,,,,45195,C4,adam,0.0003,0.0001,0.9528107264088916,0.0021272741316393368,0.952811 ± 0.002127,0.9551459849774462,0.9509833844639535,0.9523028097852752
metric_contract_v1.2,c38b09694be88aa74de0741b39e9d3ba0d6ff61a,35a1a66f78dfd6255c4d804586ee6863969be78d21acec5cd0ccf00476ddaa5c,f80984d28ef9a7550633fb3aea514f783f3db1fa655a6d3f49850b10857e6afc,3e2bac6d488d016b4c0a216c6e210e16bcc4ca139bf6356687dc98bc7c39ec78,last,ood_metric/ap_out,OOD-3,appendix,up,id_train,id_test_vs_places365,detector_declared,detector/vim_dim256,places365,far,,,,45195,C4,adam,0.0003,0.0001,0.9504910839229251,0.0020102838700454275,0.950491 ± 0.002010,0.9528117277684248,0.9493776698345241,0.9492838541658266
metric_contract_v1.2,c38b09694be88aa74de0741b39e9d3ba0d6ff61a,35a1a66f78dfd6255c4d804586ee6863969be78d21acec5cd0ccf00476ddaa5c,f80984d28ef9a7550633fb3aea514f783f3db1fa655a6d3f49850b10857e6afc,3e2bac6d488d016b4c0a216c6e210e16bcc4ca139bf6356687dc98bc7c39ec78,last,ood_metric/ap_out,OOD-3,appendix,up,id_train,id_test_vs_places365,detector_declared,detector/vim_dim320,places365,far,,,,45195,C4,adam,0.0003,0.0001,0.9491132781767271,0.0010876518324228481,0.949113 ± 0.001088,0.9503450285753744,0.9482850831122308,0.948709722842576
metric_contract_v1.2,c38b09694be88aa74de0741b39e9d3ba0d6ff61a,35a1a66f78dfd6255c4d804586ee6863969be78d21acec5cd0ccf00476ddaa5c,f80984d28ef9a7550633fb3aea514f783f3db1fa655a6d3f49850b10857e6afc,3e2bac6d488d016b4c0a216c6e210e16bcc4ca139bf6356687dc98bc7c39ec78,last,ood_metric/ap_out,OOD-3,appendix,up,id_train,id_test_vs_places365,detector_declared,detector/vim_dim64,places365,far,,,,45195,C4,adam,0.0003,0.0001,0.957737385251675,0.0010120684034892128,0.957737 ± 0.001012,0.9566304172052678,0.9586152899300722,0.957966448619685
metric_contract_v1.2,c38b09694be88aa74de0741b39e9d3ba0d6ff61a,35a1a66f78dfd6255c4d804586ee6863969be78d21acec5cd0ccf00476ddaa5c,f80984d28ef9a7550633fb3aea514f783f3db1fa655a6d3f49850b10857e6afc,3e2bac6d488d016b4c0a216c6e210e16bcc4ca139bf6356687dc98bc7c39ec78,last,ood_metric/ap_out,OOD-3,appendix,up,id_train,id_test_vs_places365,detector_declared,detector/weight_cosine_appendix,places365,far,,,,45195,C4,adam,0.0003,0.0001,0.9640810357828725,0.000644359361526561,0.964081 ± 0.000644,0.9638153826205068,0.9636119734334538,0.964815751294657
metric_contract_v1.2,c38b09694be88aa74de0741b39e9d3ba0d6ff61a,35a1a66f78dfd6255c4d804586ee6863969be78d21acec5cd0ccf00476ddaa5c,f80984d28ef9a7550633fb3aea514f783f3db1fa655a6d3f49850b10857e6afc,3e2bac6d488d016b4c0a216c6e210e16bcc4ca139bf6356687dc98bc7c39ec78,last,ood_metric/ap_out,OOD-3,appendix,up,,id_test_vs_places365,detector_declared,ood_score/energy_t1,places365,far,,,,45195,C4,adam,0.0003,0.0001,0.9672859128036005,0.001967001821411435,0.967286 ± 0.001967,0.9666605379657847,0.9657076280123462,0.9694895724326708
metric_contract_v1.2,c38b09694be88aa74de0741b39e9d3ba0d6ff61a,35a1a66f78dfd6255c4d804586ee6863969be78d21acec5cd0ccf00476ddaa5c,f80984d28ef9a7550633fb3aea514f783f3db1fa655a6d3f49850b10857e6afc,3e2bac6d488d016b4c0a216c6e210e16bcc4ca139bf6356687dc98bc7c39ec78,last,ood_metric/ap_out,OOD-3,appendix,up,,id_test_vs_places365,detector_declared,ood_score/max_logit,places365,far,,,,45195,C4,adam,0.0003,0.0001,0.9669646522544406,0.002007327299832632,0.966965 ± 0.002007,0.9662451286093671,0.9654162533966917,0.9692325747572631
metric_contract_v1.2,c38b09694be88aa74de0741b39e9d3ba0d6ff61a,35a1a66f78dfd6255c4d804586ee6863969be78d21acec5cd0ccf00476ddaa5c,f80984d28ef9a7550633fb3aea514f783f3db1fa655a6d3f49850b10857e6afc,3e2bac6d488d016b4c0a216c6e210e16bcc4ca139bf6356687dc98bc7c39ec78,last,ood_metric/ap_out,OOD-3,appendix,up,,id_test_vs_places365,detector_declared,ood_score/msp,places365,far,,,,45195,C4,adam,0.0003,0.0001,0.9524278143754379,0.0027719337608912526,0.952428 ± 0.002772,0.9513478848320117,0.9503583863230068,0.9555771719712952
metric_contract_v1.2,c38b09694be88aa74de0741b39e9d3ba0d6ff61a,35a1a66f78dfd6255c4d804586ee6863969be78d21acec5cd0ccf00476ddaa5c,f80984d28ef9a7550633fb3aea514f783f3db1fa655a6d3f49850b10857e6afc,3e2bac6d488d016b4c0a216c6e210e16bcc4ca139bf6356687dc98bc7c39ec78,last,ood_metric/aupr_in_openood_auc,OOD-2,primary,up,id_train,id_test_vs_places365,detector_declared,detector/ctm_prototype_cosine,places365,far,,,,45195,C4,adam,0.0003,0.0001,0.7771730685277197,0.0066166799221944045,0.777173 ± 0.006617,0.7792097506034268,0.7697774712001565,0.7825319837795757
metric_contract_v1.2,c38b09694be88aa74de0741b39e9d3ba0d6ff61a,35a1a66f78dfd6255c4d804586ee6863969be78d21acec5cd0ccf00476ddaa5c,f80984d28ef9a7550633fb3aea514f783f3db1fa655a6d3f49850b10857e6afc,3e2bac6d488d016b4c0a216c6e210e16bcc4ca139bf6356687dc98bc7c39ec78,last,ood_metric/aupr_in_openood_auc,OOD-2,primary,up,id_train,id_test_vs_places365,detector_declared,detector/gda_class_density,places365,far,,,,45195,C4,adam,0.0003,0.0001,0.6892987368881215,0.01003922671980594,0.689299 ± 0.010039,0.6778592041934334,0.6966429698947223,0.6933940365762088
metric_contract_v1.2,c38b09694be88aa74de0741b39e9d3ba0d6ff61a,35a1a66f78dfd6255c4d804586ee6863969be78d21acec5cd0ccf00476ddaa5c,f80984d28ef9a7550633fb3aea514f783f3db1fa655a6d3f49850b10857e6afc,3e2bac6d488d016b4c0a216c6e210e16bcc4ca139bf6356687dc98bc7c39ec78,last,ood_metric/aupr_in_openood_auc,OOD-2,primary,up,id_train,id_test_vs_places365,detector_declared,detector/knn_l2_k50,places365,far,,,,45195,C4,adam,0.0003,0.0001,0.8000875398996808,0.006512037290295558,0.800088 ± 0.006512,0.7993212488006407,0.7939925508308212,0.8069488200675805
metric_contract_v1.2,c38b09694be88aa74de0741b39e9d3ba0d6ff61a,35a1a66f78dfd6255c4d804586ee6863969be78d21acec5cd0ccf00476ddaa5c,f80984d28ef9a7550633fb3aea514f783f3db1fa655a6d3f49850b10857e6afc,3e2bac6d488d016b4c0a216c6e210e16bcc4ca139bf6356687dc98bc7c39ec78,last,ood_metric/aupr_in_openood_auc,OOD-2,primary,up,id_train,id_test_vs_places365,detector_declared,detector/mahalanobis_pp,places365,far,,,,45195,C4,adam,0.0003,0.0001,0.7354532853734413,0.0251965976576187,0.735453 ± 0.025197,0.7368868821677895,0.7095704953666893,0.7599024785858449
metric_contract_v1.2,c38b09694be88aa74de0741b39e9d3ba0d6ff61a,35a1a66f78dfd6255c4d804586ee6863969be78d21acec5cd0ccf00476ddaa5c,f80984d28ef9a7550633fb3aea514f783f3db1fa655a6d3f49850b10857e6afc,3e2bac6d488d016b4c0a216c6e210e16bcc4ca139bf6356687dc98bc7c39ec78,last,ood_metric/aupr_in_openood_auc,OOD-2,primary,up,id_train,id_test_vs_places365,detector_declared,detector/mahalanobis_raw,places365,far,,,,45195,C4,adam,0.0003,0.0001,0.4494540475043393,0.008850477451443135,0.449454 ± 0.008850,0.4480822791872132,0.45891031591227255,0.44136954741353224
metric_contract_v1.2,c38b09694be88aa74de0741b39e9d3ba0d6ff61a,35a1a66f78dfd6255c4d804586ee6863969be78d21acec5cd0ccf00476ddaa5c,f80984d28ef9a7550633fb3aea514f783f3db1fa655a6d3f49850b10857e6afc,3e2bac6d488d016b4c0a216c6e210e16bcc4ca139bf6356687dc98bc7c39ec78,last,ood_metric/aupr_in_openood_auc,OOD-2,primary,up,id_train,id_test_vs_places365,detector_declared,detector/marginal_mahalanobis_raw,places365,far,,,,45195,C4,adam,0.0003,0.0001,0.2933587345229856,0.008920632074821983,0.293359 ± 0.008921,0.29969011001851215,0.2972295899510529,0.2831565035993918
metric_contract_v1.2,c38b09694be88aa74de0741b39e9d3ba0d6ff61a,35a1a66f78dfd6255c4d804586ee6863969be78d21acec5cd0ccf00476ddaa5c,f80984d28ef9a7550633fb3aea514f783f3db1fa655a6d3f49850b10857e6afc,3e2bac6d488d016b4c0a216c6e210e16bcc4ca139bf6356687dc98bc7c39ec78,last,ood_metric/aupr_in_openood_auc,OOD-2,primary,up,id_train,id_test_vs_places365,detector_declared,detector/ncp_euclidean_raw,places365,far,,,,45195,C4,adam,0.0003,0.0001,0.7488640600834827,0.0029068459094769845,0.748864 ± 0.002907,0.7490302100500562,0.7458777026849117,0.7516842675154802
metric_contract_v1.2,c38b09694be88aa74de0741b39e9d3ba0d6ff61a,35a1a66f78dfd6255c4d804586ee6863969be78d21acec5cd0ccf00476ddaa5c,f80984d28ef9a7550633fb3aea514f783f3db1fa655a6d3f49850b10857e6afc,3e2bac6d488d016b4c0a216c6e210e16bcc4ca139bf6356687dc98bc7c39ec78,last,ood_metric/aupr_in_openood_auc,OOD-2,primary,up,id_train,id_test_vs_places365,detector_declared,detector/neco_author_std_dim100,places365,far,,,,45195,C4,adam,0.0003,0.0001,0.7834281301211017,0.010029862938750463,0.783428 ± 0.010030,0.7799696375165055,0.7755851628733329,0.7947295899734668
metric_contract_v1.2,c38b09694be88aa74de0741b39e9d3ba0d6ff61a,35a1a66f78dfd6255c4d804586ee6863969be78d21acec5cd0ccf00476ddaa5c,f80984d28ef9a7550633fb3aea514f783f3db1fa655a6d3f49850b10857e6afc,3e2bac6d488d016b4c0a216c6e210e16bcc4ca139bf6356687dc98bc7c39ec78,last,ood_metric/aupr_in_openood_auc,OOD-2,primary,up,id_train,id_test_vs_places365,detector_declared,detector/relative_mahalanobis_pp,places365,far,,,,45195,C4,adam,0.0003,0.0001,0.7791453979688957,0.004541479710241052,0.779145 ± 0.004541,0.776881891890853,0.776180512979664,0.78437378903617
metric_contract_v1.2,c38b09694be88aa74de0741b39e9d3ba0d6ff61a,35a1a66f78dfd6255c4d804586ee6863969be78d21acec5cd0ccf00476ddaa5c,f80984d28ef9a7550633fb3aea514f783f3db1fa655a6d3f49850b10857e6afc,3e2bac6d488d016b4c0a216c6e210e16bcc4ca139bf6356687dc98bc7c39ec78,last,ood_metric/aupr_in_openood_auc,OOD-2,primary,up,id_train,id_test_vs_places365,detector_declared,detector/relative_mahalanobis_raw,places365,far,,,,45195,C4,adam,0.0003,0.0001,0.7874008814541211,0.003895684834731346,0.787401 ± 0.003896,0.7857831409192586,0.7845747074298065,0.7918447960132979
metric_contract_v1.2,c38b09694be88aa74de0741b39e9d3ba0d6ff61a,35a1a66f78dfd6255c4d804586ee6863969be78d21acec5cd0ccf00476ddaa5c,f80984d28ef9a7550633fb3aea514f783f3db1fa655a6d3f49850b10857e6afc,3e2bac6d488d016b4c0a216c6e210e16bcc4ca139bf6356687dc98bc7c39ec78,last,ood_metric/aupr_in_openood_auc,OOD-2,primary,up,id_train,id_test_vs_places365,detector_declared,detector/vim_author_dim,places365,far,,,,45195,C4,adam,0.0003,0.0001,0.7841864345914905,0.00930966525185091,0.784186 ± 0.009310,0.7863572149519971,0.7739831690243202,0.7922189197981545
metric_contract_v1.2,c38b09694be88aa74de0741b39e9d3ba0d6ff61a,35a1a66f78dfd6255c4d804586ee6863969be78d21acec5cd0ccf00476ddaa5c,f80984d28ef9a7550633fb3aea514f783f3db1fa655a6d3f49850b10857e6afc,3e2bac6d488d016b4c0a216c6e210e16bcc4ca139bf6356687dc98bc7c39ec78,last,ood_metric/aupr_in_openood_auc,OOD-2,primary,up,id_train,id_test_vs_places365,detector_declared,detector/vim_dim128,places365,far,,,,45195,C4,adam,0.0003,0.0001,0.7829322885397425,0.009904004575418277,0.782932 ± 0.009904,0.789324469869358,0.7715237487873061,0.7879486469625634
metric_contract_v1.2,c38b09694be88aa74de0741b39e9d3ba0d6ff61a,35a1a66f78dfd6255c4d804586ee6863969be78d21acec5cd0ccf00476ddaa5c,f80984d28ef9a7550633fb3aea514f783f3db1fa655a6d3f49850b10857e6afc,3e2bac6d488d016b4c0a216c6e210e16bcc4ca139bf6356687dc98bc7c39ec78,last,ood_metric/aupr_in_openood_auc,OOD-2,primary,up,id_train,id_test_vs_places365,detector_declared,detector/vim_dim256,places365,far,,,,45195,C4,adam,0.0003,0.0001,0.7859834145496393,0.009219293763933413,0.785983 ± 0.009219,0.7899998835378343,0.7754372435275595,0.7925131165835237
metric_contract_v1.2,c38b09694be88aa74de0741b39e9d3ba0d6ff61a,35a1a66f78dfd6255c4d804586ee6863969be78d21acec5cd0ccf00476ddaa5c,f80984d28ef9a7550633fb3aea514f783f3db1fa655a6d3f49850b10857e6afc,3e2bac6d488d016b4c0a216c6e210e16bcc4ca139bf6356687dc98bc7c39ec78,last,ood_metric/aupr_in_openood_auc,OOD-2,primary,up,id_train,id_test_vs_places365,detector_declared,detector/vim_dim320,places365,far,,,,45195,C4,adam,0.0003,0.0001,0.7841864345914905,0.00930966525185091,0.784186 ± 0.009310,0.7863572149519971,0.7739831690243202,0.7922189197981545
metric_contract_v1.2,c38b09694be88aa74de0741b39e9d3ba0d6ff61a,35a1a66f78dfd6255c4d804586ee6863969be78d21acec5cd0ccf00476ddaa5c,f80984d28ef9a7550633fb3aea514f783f3db1fa655a6d3f49850b10857e6afc,3e2bac6d488d016b4c0a216c6e210e16bcc4ca139bf6356687dc98bc7c39ec78,last,ood_metric/aupr_in_openood_auc,OOD-2,primary,up,id_train,id_test_vs_places365,detector_declared,detector/vim_dim64,places365,far,,,,45195,C4,adam,0.0003,0.0001,0.7798566728253462,0.011177525707258114,0.779857 ± 0.011178,0.7835799284770639,0.7672927038326969,0.788697386166278
metric_contract_v1.2,c38b09694be88aa74de0741b39e9d3ba0d6ff61a,35a1a66f78dfd6255c4d804586ee6863969be78d21acec5cd0ccf00476ddaa5c,f80984d28ef9a7550633fb3aea514f783f3db1fa655a6d3f49850b10857e6afc,3e2bac6d488d016b4c0a216c6e210e16bcc4ca139bf6356687dc98bc7c39ec78,last,ood_metric/aupr_in_openood_auc,OOD-2,primary,up,id_train,id_test_vs_places365,detector_declared,detector/weight_cosine_appendix,places365,far,,,,45195,C4,adam,0.0003,0.0001,0.7820105934197382,0.0033880069072987078,0.782011 ± 0.003388,0.7857163395999638,0.7790718222037816,0.781243618455469
metric_contract_v1.2,c38b09694be88aa74de0741b39e9d3ba0d6ff61a,35a1a66f78dfd6255c4d804586ee6863969be78d21acec5cd0ccf00476ddaa5c,f80984d28ef9a7550633fb3aea514f783f3db1fa655a6d3f49850b10857e6afc,3e2bac6d488d016b4c0a216c6e210e16bcc4ca139bf6356687dc98bc7c39ec78,last,ood_metric/aupr_in_openood_auc,OOD-2,primary,up,,id_test_vs_places365,detector_declared,ood_score/energy_t1,places365,far,,,,45195,C4,adam,0.0003,0.0001,0.7967932441525188,0.01853635100271642,0.796793 ± 0.018536,0.8011862082339356,0.7764550227125566,0.8127385015110645
metric_contract_v1.2,c38b09694be88aa74de0741b39e9d3ba0d6ff61a,35a1a66f78dfd6255c4d804586ee6863969be78d21acec5cd0ccf00476ddaa5c,f80984d28ef9a7550633fb3aea514f783f3db1fa655a6d3f49850b10857e6afc,3e2bac6d488d016b4c0a216c6e210e16bcc4ca139bf6356687dc98bc7c39ec78,last,ood_metric/aupr_in_openood_auc,OOD-2,primary,up,,id_test_vs_places365,detector_declared,ood_score/max_logit,places365,far,,,,45195,C4,adam,0.0003,0.0001,0.796470812085539,0.018511306020808995,0.796471 ± 0.018511,0.8008510896052253,0.7761622206535184,0.8123991259978735
metric_contract_v1.2,c38b09694be88aa74de0741b39e9d3ba0d6ff61a,35a1a66f78dfd6255c4d804586ee6863969be78d21acec5cd0ccf00476ddaa5c,f80984d28ef9a7550633fb3aea514f783f3db1fa655a6d3f49850b10857e6afc,3e2bac6d488d016b4c0a216c6e210e16bcc4ca139bf6356687dc98bc7c39ec78,last,ood_metric/aupr_in_openood_auc,OOD-2,primary,up,,id_test_vs_places365,detector_declared,ood_score/msp,places365,far,,,,45195,C4,adam,0.0003,0.0001,0.7807134453756913,0.016710532219506743,0.780713 ± 0.016711,0.7853943859154693,0.7621616061381158,0.7945843440734889
metric_contract_v1.2,c38b09694be88aa74de0741b39e9d3ba0d6ff61a,35a1a66f78dfd6255c4d804586ee6863969be78d21acec5cd0ccf00476ddaa5c,f80984d28ef9a7550633fb3aea514f783f3db1fa655a6d3f49850b10857e6afc,3e2bac6d488d016b4c0a216c6e210e16bcc4ca139bf6356687dc98bc7c39ec78,last,ood_metric/aupr_out_openood_auc,OOD-3,primary,up,id_train,id_test_vs_places365,detector_declared,detector/ctm_prototype_cosine,places365,far,,,,45195,C4,adam,0.0003,0.0001,0.9608685262568754,0.0022358378925359753,0.960869 ± 0.002236,0.9611298626742726,0.9585135045377368,0.9629622115586165
metric_contract_v1.2,c38b09694be88aa74de0741b39e9d3ba0d6ff61a,35a1a66f78dfd6255c4d804586ee6863969be78d21acec5cd0ccf00476ddaa5c,f80984d28ef9a7550633fb3aea514f783f3db1fa655a6d3f49850b10857e6afc,3e2bac6d488d016b4c0a216c6e210e16bcc4ca139bf6356687dc98bc7c39ec78,last,ood_metric/aupr_out_openood_auc,OOD-3,primary,up,id_train,id_test_vs_places365,detector_declared,detector/gda_class_density,places365,far,,,,45195,C4,adam,0.0003,0.0001,0.9342604297033068,0.001179091131288197,0.934260 ± 0.001179,0.9334963262810834,0.9356183735016865,0.9336665893271505
metric_contract_v1.2,c38b09694be88aa74de0741b39e9d3ba0d6ff61a,35a1a66f78dfd6255c4d804586ee6863969be78d21acec5cd0ccf00476ddaa5c,f80984d28ef9a7550633fb3aea514f783f3db1fa655a6d3f49850b10857e6afc,3e2bac6d488d016b4c0a216c6e210e16bcc4ca139bf6356687dc98bc7c39ec78,last,ood_metric/aupr_out_openood_auc,OOD-3,primary,up,id_train,id_test_vs_places365,detector_declared,detector/knn_l2_k50,places365,far,,,,45195,C4,adam,0.0003,0.0001,0.9634169008440895,0.002231174897141739,0.963417 ± 0.002231,0.9625338725777801,0.9617623860575224,0.9659544438969657
metric_contract_v1.2,c38b09694be88aa74de0741b39e9d3ba0d6ff61a,35a1a66f78dfd6255c4d804586ee6863969be78d21acec5cd0ccf00476ddaa5c,f80984d28ef9a7550633fb3aea514f783f3db1fa655a6d3f49850b10857e6afc,3e2bac6d488d016b4c0a216c6e210e16bcc4ca139bf6356687dc98bc7c39ec78,last,ood_metric/aupr_out_openood_auc,OOD-3,primary,up,id_train,id_test_vs_places365,detector_declared,detector/mahalanobis_pp,places365,far,,,,45195,C4,adam,0.0003,0.0001,0.9377071156587746,0.0075191211905026685,0.937707 ± 0.007519,0.9382688264556716,0.9299228914027426,0.9449296291179096
metric_contract_v1.2,c38b09694be88aa74de0741b39e9d3ba0d6ff61a,35a1a66f78dfd6255c4d804586ee6863969be78d21acec5cd0ccf00476ddaa5c,f80984d28ef9a7550633fb3aea514f783f3db1fa655a6d3f49850b10857e6afc,3e2bac6d488d016b4c0a216c6e210e16bcc4ca139bf6356687dc98bc7c39ec78,last,ood_metric/aupr_out_openood_auc,OOD-3,primary,up,id_train,id_test_vs_places365,detector_declared,detector/mahalanobis_raw,places365,far,,,,45195,C4,adam,0.0003,0.0001,0.8636096802507837,0.004348334624476689,0.863610 ± 0.004348,0.8670062002280225,0.8651138807286782,0.8587089597956501
metric_contract_v1.2,c38b09694be88aa74de0741b39e9d3ba0d6ff61a,35a1a66f78dfd6255c4d804586ee6863969be78d21acec5cd0ccf00476ddaa5c,f80984d28ef9a7550633fb3aea514f783f3db1fa655a6d3f49850b10857e6afc,3e2bac6d488d016b4c0a216c6e210e16bcc4ca139bf6356687dc98bc7c39ec78,last,ood_metric/aupr_out_openood_auc,OOD-3,primary,up,id_train,id_test_vs_places365,detector_declared,detector/marginal_mahalanobis_raw,places365,far,,,,45195,C4,adam,0.0003,0.0001,0.8212571153771862,0.006319095310232943,0.821257 ± 0.006319,0.8255929474926558,0.8241716579213145,0.8140067407175879
metric_contract_v1.2,c38b09694be88aa74de0741b39e9d3ba0d6ff61a,35a1a66f78dfd6255c4d804586ee6863969be78d21acec5cd0ccf00476ddaa5c,f80984d28ef9a7550633fb3aea514f783f3db1fa655a6d3f49850b10857e6afc,3e2bac6d488d016b4c0a216c6e210e16bcc4ca139bf6356687dc98bc7c39ec78,last,ood_metric/aupr_out_openood_auc,OOD-3,primary,up,id_train,id_test_vs_places365,detector_declared,detector/ncp_euclidean_raw,places365,far,,,,45195,C4,adam,0.0003,0.0001,0.9572716231650938,0.002427935364237021,0.957272 ± 0.002428,0.9571093330489214,0.9549289042477149,0.9597766321986451
metric_contract_v1.2,c38b09694be88aa74de0741b39e9d3ba0d6ff61a,35a1a66f78dfd6255c4d804586ee6863969be78d21acec5cd0ccf00476ddaa5c,f80984d28ef9a7550633fb3aea514f783f3db1fa655a6d3f49850b10857e6afc,3e2bac6d488d016b4c0a216c6e210e16bcc4ca139bf6356687dc98bc7c39ec78,last,ood_metric/aupr_out_openood_auc,OOD-3,primary,up,id_train,id_test_vs_places365,detector_declared,detector/neco_author_std_dim100,places365,far,,,,45195,C4,adam,0.0003,0.0001,0.95556445096079,0.003556642418590474,0.955564 ± 0.003557,0.9529041094832242,0.9541850751118993,0.9596041682872467
metric_contract_v1.2,c38b09694be88aa74de0741b39e9d3ba0d6ff61a,35a1a66f78dfd6255c4d804586ee6863969be78d21acec5cd0ccf00476ddaa5c,f80984d28ef9a7550633fb3aea514f783f3db1fa655a6d3f49850b10857e6afc,3e2bac6d488d016b4c0a216c6e210e16bcc4ca139bf6356687dc98bc7c39ec78,last,ood_metric/aupr_out_openood_auc,OOD-3,primary,up,id_train,id_test_vs_places365,detector_declared,detector/relative_mahalanobis_pp,places365,far,,,,45195,C4,adam,0.0003,0.0001,0.9628240957338496,0.0014250976364878832,0.962824 ± 0.001425,0.9619942950129909,0.9620083554699411,0.9644696367186165
metric_contract_v1.2,c38b09694be88aa74de0741b39e9d3ba0d6ff61a,35a1a66f78dfd6255c4d804586ee6863969be78d21acec5cd0ccf00476ddaa5c,f80984d28ef9a7550633fb3aea514f783f3db1fa655a6d3f49850b10857e6afc,3e2bac6d488d016b4c0a216c6e210e16bcc4ca139bf6356687dc98bc7c39ec78,last,ood_metric/aupr_out_openood_auc,OOD-3,primary,up,id_train,id_test_vs_places365,detector_declared,detector/relative_mahalanobis_raw,places365,far,,,,45195,C4,adam,0.0003,0.0001,0.9643954494412835,0.0015891594223778254,0.964395 ± 0.001589,0.9635269871990929,0.9634297671114295,0.9662295940133283
metric_contract_v1.2,c38b09694be88aa74de0741b39e9d3ba0d6ff61a,35a1a66f78dfd6255c4d804586ee6863969be78d21acec5cd0ccf00476ddaa5c,f80984d28ef9a7550633fb3aea514f783f3db1fa655a6d3f49850b10857e6afc,3e2bac6d488d016b4c0a216c6e210e16bcc4ca139bf6356687dc98bc7c39ec78,last,ood_metric/aupr_out_openood_auc,OOD-3,primary,up,id_train,id_test_vs_places365,detector_declared,detector/vim_author_dim,places365,far,,,,45195,C4,adam,0.0003,0.0001,0.9491086024303491,0.001088065862435518,0.949109 ± 0.001088,0.9503409042134958,0.9482804101337681,0.9487044929437835
metric_contract_v1.2,c38b09694be88aa74de0741b39e9d3ba0d6ff61a,35a1a66f78dfd6255c4d804586ee6863969be78d21acec5cd0ccf00476ddaa5c,f80984d28ef9a7550633fb3aea514f783f3db1fa655a6d3f49850b10857e6afc,3e2bac6d488d016b4c0a216c6e210e16bcc4ca139bf6356687dc98bc7c39ec78,last,ood_metric/aupr_out_openood_auc,OOD-3,primary,up,id_train,id_test_vs_places365,detector_declared,detector/vim_dim128,places365,far,,,,45195,C4,adam,0.0003,0.0001,0.9528079242539823,0.002127391495412598,0.952808 ± 0.002127,0.9551433813270671,0.9509806316420176,0.9522997597928625
metric_contract_v1.2,c38b09694be88aa74de0741b39e9d3ba0d6ff61a,35a1a66f78dfd6255c4d804586ee6863969be78d21acec5cd0ccf00476ddaa5c,f80984d28ef9a7550633fb3aea514f783f3db1fa655a6d3f49850b10857e6afc,3e2bac6d488d016b4c0a216c6e210e16bcc4ca139bf6356687dc98bc7c39ec78,last,ood_metric/aupr_out_openood_auc,OOD-3,primary,up,id_train,id_test_vs_places365,detector_declared,detector/vim_dim256,places365,far,,,,45195,C4,adam,0.0003,0.0001,0.9504865244514663,0.0020105400830887207,0.950487 ± 0.002011,0.95280745104806,0.9493734555159649,0.9492786667903743
metric_contract_v1.2,c38b09694be88aa74de0741b39e9d3ba0d6ff61a,35a1a66f78dfd6255c4d804586ee6863969be78d21acec5cd0ccf00476ddaa5c,f80984d28ef9a7550633fb3aea514f783f3db1fa655a6d3f49850b10857e6afc,3e2bac6d488d016b4c0a216c6e210e16bcc4ca139bf6356687dc98bc7c39ec78,last,ood_metric/aupr_out_openood_auc,OOD-3,primary,up,id_train,id_test_vs_places365,detector_declared,detector/vim_dim320,places365,far,,,,45195,C4,adam,0.0003,0.0001,0.9491086024303491,0.001088065862435518,0.949109 ± 0.001088,0.9503409042134958,0.9482804101337681,0.9487044929437835
metric_contract_v1.2,c38b09694be88aa74de0741b39e9d3ba0d6ff61a,35a1a66f78dfd6255c4d804586ee6863969be78d21acec5cd0ccf00476ddaa5c,f80984d28ef9a7550633fb3aea514f783f3db1fa655a6d3f49850b10857e6afc,3e2bac6d488d016b4c0a216c6e210e16bcc4ca139bf6356687dc98bc7c39ec78,last,ood_metric/aupr_out_openood_auc,OOD-3,primary,up,id_train,id_test_vs_places365,detector_declared,detector/vim_dim64,places365,far,,,,45195,C4,adam,0.0003,0.0001,0.9577345851818149,0.001013502916292611,0.957735 ± 0.001014,0.9566259582368536,0.9586135490570566,0.9579642482515345
metric_contract_v1.2,c38b09694be88aa74de0741b39e9d3ba0d6ff61a,35a1a66f78dfd6255c4d804586ee6863969be78d21acec5cd0ccf00476ddaa5c,f80984d28ef9a7550633fb3aea514f783f3db1fa655a6d3f49850b10857e6afc,3e2bac6d488d016b4c0a216c6e210e16bcc4ca139bf6356687dc98bc7c39ec78,last,ood_metric/aupr_out_openood_auc,OOD-3,primary,up,id_train,id_test_vs_places365,detector_declared,detector/weight_cosine_appendix,places365,far,,,,45195,C4,adam,0.0003,0.0001,0.964078834585344,0.0006450487221352897,0.964079 ± 0.000645,0.9638138845494029,0.9636084506125304,0.964814168594099
metric_contract_v1.2,c38b09694be88aa74de0741b39e9d3ba0d6ff61a,35a1a66f78dfd6255c4d804586ee6863969be78d21acec5cd0ccf00476ddaa5c,f80984d28ef9a7550633fb3aea514f783f3db1fa655a6d3f49850b10857e6afc,3e2bac6d488d016b4c0a216c6e210e16bcc4ca139bf6356687dc98bc7c39ec78,last,ood_metric/aupr_out_openood_auc,OOD-3,primary,up,,id_test_vs_places365,detector_declared,ood_score/energy_t1,places365,far,,,,45195,C4,adam,0.0003,0.0001,0.9672826861456371,0.0019685234703101587,0.967283 ± 0.001969,0.9666587394946672,0.9657017509720868,0.9694875679701571
metric_contract_v1.2,c38b09694be88aa74de0741b39e9d3ba0d6ff61a,35a1a66f78dfd6255c4d804586ee6863969be78d21acec5cd0ccf00476ddaa5c,f80984d28ef9a7550633fb3aea514f783f3db1fa655a6d3f49850b10857e6afc,3e2bac6d488d016b4c0a216c6e210e16bcc4ca139bf6356687dc98bc7c39ec78,last,ood_metric/aupr_out_openood_auc,OOD-3,primary,up,,id_test_vs_places365,detector_declared,ood_score/max_logit,places365,far,,,,45195,C4,adam,0.0003,0.0001,0.9669621795914415,0.002007964330078844,0.966962 ± 0.002008,0.9662436679633803,0.9654123187167585,0.9692305520941856
metric_contract_v1.2,c38b09694be88aa74de0741b39e9d3ba0d6ff61a,35a1a66f78dfd6255c4d804586ee6863969be78d21acec5cd0ccf00476ddaa5c,f80984d28ef9a7550633fb3aea514f783f3db1fa655a6d3f49850b10857e6afc,3e2bac6d488d016b4c0a216c6e210e16bcc4ca139bf6356687dc98bc7c39ec78,last,ood_metric/aupr_out_openood_auc,OOD-3,primary,up,,id_test_vs_places365,detector_declared,ood_score/msp,places365,far,,,,45195,C4,adam,0.0003,0.0001,0.9524251416647099,0.002772510443346719,0.952425 ± 0.002773,0.951344266828347,0.9503558671544298,0.955575291011353
metric_contract_v1.2,c38b09694be88aa74de0741b39e9d3ba0d6ff61a,35a1a66f78dfd6255c4d804586ee6863969be78d21acec5cd0ccf00476ddaa5c,f80984d28ef9a7550633fb3aea514f783f3db1fa655a6d3f49850b10857e6afc,3e2bac6d488d016b4c0a216c6e210e16bcc4ca139bf6356687dc98bc7c39ec78,last,ood_metric/auroc_id_positive,OOD-1,primary,up,id_train,id_test_vs_places365,detector_declared,detector/ctm_prototype_cosine,places365,far,,,,45195,C4,adam,0.0003,0.0001,0.8977922659468675,0.004399991486178921,0.897792 ± 0.004400,0.8993197584884216,0.8928320926267936,0.9012249467253871
metric_contract_v1.2,c38b09694be88aa74de0741b39e9d3ba0d6ff61a,35a1a66f78dfd6255c4d804586ee6863969be78d21acec5cd0ccf00476ddaa5c,f80984d28ef9a7550633fb3aea514f783f3db1fa655a6d3f49850b10857e6afc,3e2bac6d488d016b4c0a216c6e210e16bcc4ca139bf6356687dc98bc7c39ec78,last,ood_metric/auroc_id_positive,OOD-1,primary,up,id_train,id_test_vs_places365,detector_declared,detector/gda_class_density,places365,far,,,,45195,C4,adam,0.0003,0.0001,0.8492684159681773,0.0013158681639225353,0.849268 ± 0.001316,0.8478294587299332,0.8504104588719988,0.8495653303025997
metric_contract_v1.2,c38b09694be88aa74de0741b39e9d3ba0d6ff61a,35a1a66f78dfd6255c4d804586ee6863969be78d21acec5cd0ccf00476ddaa5c,f80984d28ef9a7550633fb3aea514f783f3db1fa655a6d3f49850b10857e6afc,3e2bac6d488d016b4c0a216c6e210e16bcc4ca139bf6356687dc98bc7c39ec78,last,ood_metric/auroc_id_positive,OOD-1,primary,up,id_train,id_test_vs_places365,detector_declared,detector/knn_l2_k50,places365,far,,,,45195,C4,adam,0.0003,0.0001,0.9052067699010277,0.004084825283244212,0.905207 ± 0.004085,0.9045064497797983,0.9015173803097032,0.9095964796135816
metric_contract_v1.2,c38b09694be88aa74de0741b39e9d3ba0d6ff61a,35a1a66f78dfd6255c4d804586ee6863969be78d21acec5cd0ccf00476ddaa5c,f80984d28ef9a7550633fb3aea514f783f3db1fa655a6d3f49850b10857e6afc,3e2bac6d488d016b4c0a216c6e210e16bcc4ca139bf6356687dc98bc7c39ec78,last,ood_metric/auroc_id_positive,OOD-1,primary,up,id_train,id_test_vs_places365,detector_declared,detector/mahalanobis_pp,places365,far,,,,45195,C4,adam,0.0003,0.0001,0.8560907884642704,0.01564474347829616,0.856091 ± 0.015645,0.8569226225316097,0.8400467225458161,0.8713030203153858
metric_contract_v1.2,c38b09694be88aa74de0741b39e9d3ba0d6ff61a,35a1a66f78dfd6255c4d804586ee6863969be78d21acec5cd0ccf00476ddaa5c,f80984d28ef9a7550633fb3aea514f783f3db1fa655a6d3f49850b10857e6afc,3e2bac6d488d016b4c0a216c6e210e16bcc4ca139bf6356687dc98bc7c39ec78,last,ood_metric/auroc_id_positive,OOD-1,primary,up,id_train,id_test_vs_places365,detector_declared,detector/mahalanobis_raw,places365,far,,,,45195,C4,adam,0.0003,0.0001,0.6913639768906568,0.008323887580458895,0.691364 ± 0.008324,0.6969762636738173,0.6953153317232561,0.681800335274897
metric_contract_v1.2,c38b09694be88aa74de0741b39e9d3ba0d6ff61a,35a1a66f78dfd6255c4d804586ee6863969be78d21acec5cd0ccf00476ddaa5c,f80984d28ef9a7550633fb3aea514f783f3db1fa655a6d3f49850b10857e6afc,3e2bac6d488d016b4c0a216c6e210e16bcc4ca139bf6356687dc98bc7c39ec78,last,ood_metric/auroc_id_positive,OOD-1,primary,up,id_train,id_test_vs_places365,detector_declared,detector/marginal_mahalanobis_raw,places365,far,,,,45195,C4,adam,0.0003,0.0001,0.5840128124260074,0.013012386099001374,0.584013 ± 0.013012,0.5930935899985794,0.5898395255007813,0.5691053217786617
metric_contract_v1.2,c38b09694be88aa74de0741b39e9d3ba0d6ff61a,35a1a66f78dfd6255c4d804586ee6863969be78d21acec5cd0ccf00476ddaa5c,f80984d28ef9a7550633fb3aea514f783f3db1fa655a6d3f49850b10857e6afc,3e2bac6d488d016b4c0a216c6e210e16bcc4ca139bf6356687dc98bc7c39ec78,last,ood_metric/auroc_id_positive,OOD-1,primary,up,id_train,id_test_vs_places365,detector_declared,detector/ncp_euclidean_raw,places365,far,,,,45195,C4,adam,0.0003,0.0001,0.8898755126201637,0.004049732712469287,0.889876 ± 0.004050,0.8903352834209404,0.8856155164085808,0.8936757380309703
metric_contract_v1.2,c38b09694be88aa74de0741b39e9d3ba0d6ff61a,35a1a66f78dfd6255c4d804586ee6863969be78d21acec5cd0ccf00476ddaa5c,f80984d28ef9a7550633fb3aea514f783f3db1fa655a6d3f49850b10857e6afc,3e2bac6d488d016b4c0a216c6e210e16bcc4ca139bf6356687dc98bc7c39ec78,last,ood_metric/auroc_id_positive,OOD-1,primary,up,id_train,id_test_vs_places365,detector_declared,detector/neco_author_std_dim100,places365,far,,,,45195,C4,adam,0.0003,0.0001,0.8905478988492684,0.0064960176737419726,0.890548 ± 0.006496,0.8865865407018042,0.8870123312970593,0.8980448245489416
metric_contract_v1.2,c38b09694be88aa74de0741b39e9d3ba0d6ff61a,35a1a66f78dfd6255c4d804586ee6863969be78d21acec5cd0ccf00476ddaa5c,f80984d28ef9a7550633fb3aea514f783f3db1fa655a6d3f49850b10857e6afc,3e2bac6d488d016b4c0a216c6e210e16bcc4ca139bf6356687dc98bc7c39ec78,last,ood_metric/auroc_id_positive,OOD-1,primary,up,id_train,id_test_vs_places365,detector_declared,detector/relative_mahalanobis_pp,places365,far,,,,45195,C4,adam,0.0003,0.0001,0.9037366699815313,0.002050723844863802,0.903737 ± 0.002051,0.9026081034237817,0.9024981162096888,0.9061037903111238
metric_contract_v1.2,c38b09694be88aa74de0741b39e9d3ba0d6ff61a,35a1a66f78dfd6255c4d804586ee6863969be78d21acec5cd0ccf00476ddaa5c,f80984d28ef9a7550633fb3aea514f783f3db1fa655a6d3f49850b10857e6afc,3e2bac6d488d016b4c0a216c6e210e16bcc4ca139bf6356687dc98bc7c39ec78,last,ood_metric/auroc_id_positive,OOD-1,primary,up,id_train,id_test_vs_places365,detector_declared,detector/relative_mahalanobis_raw,places365,far,,,,45195,C4,adam,0.0003,0.0001,0.9076194610976938,0.0028129507648721355,0.907619 ± 0.002813,0.9061041937775252,0.90588898991334,0.9108651996022162
metric_contract_v1.2,c38b09694be88aa74de0741b39e9d3ba0d6ff61a,35a1a66f78dfd6255c4d804586ee6863969be78d21acec5cd0ccf00476ddaa5c,f80984d28ef9a7550633fb3aea514f783f3db1fa655a6d3f49850b10857e6afc,3e2bac6d488d016b4c0a216c6e210e16bcc4ca139bf6356687dc98bc7c39ec78,last,ood_metric/auroc_id_positive,OOD-1,primary,up,id_train,id_test_vs_places365,detector_declared,detector/vim_author_dim,places365,far,,,,45195,C4,adam,0.0003,0.0001,0.8856523388738929,0.003268127323708913,0.885652 ± 0.003268,0.8881100724534734,0.881943489131979,0.8869034550362267
metric_contract_v1.2,c38b09694be88aa74de0741b39e9d3ba0d6ff61a,35a1a66f78dfd6255c4d804586ee6863969be78d21acec5cd0ccf00476ddaa5c,f80984d28ef9a7550633fb3aea514f783f3db1fa655a6d3f49850b10857e6afc,3e2bac6d488d016b4c0a216c6e210e16bcc4ca139bf6356687dc98bc7c39ec78,last,ood_metric/auroc_id_positive,OOD-1,primary,up,id_train,id_test_vs_places365,detector_declared,detector/vim_dim128,places365,far,,,,45195,C4,adam,0.0003,0.0001,0.8889498489368753,0.004622043769633499,0.888950 ± 0.004622,0.8934201278590709,0.8841896860349481,0.8892397329166075
metric_contract_v1.2,c38b09694be88aa74de0741b39e9d3ba0d6ff61a,35a1a66f78dfd6255c4d804586ee6863969be78d21acec5cd0ccf00476ddaa5c,f80984d28ef9a7550633fb3aea514f783f3db1fa655a6d3f49850b10857e6afc,3e2bac6d488d016b4c0a216c6e210e16bcc4ca139bf6356687dc98bc7c39ec78,last,ood_metric/auroc_id_positive,OOD-1,primary,up,id_train,id_test_vs_places365,detector_declared,detector/vim_dim256,places365,far,,,,45195,C4,adam,0.0003,0.0001,0.8875652157029882,0.003975703816587823,0.887565 ± 0.003976,0.8915813496235261,0.8836312146611734,0.8874830828242648
metric_contract_v1.2,c38b09694be88aa74de0741b39e9d3ba0d6ff61a,35a1a66f78dfd6255c4d804586ee6863969be78d21acec5cd0ccf00476ddaa5c,f80984d28ef9a7550633fb3aea514f783f3db1fa655a6d3f49850b10857e6afc,3e2bac6d488d016b4c0a216c6e210e16bcc4ca139bf6356687dc98bc7c39ec78,last,ood_metric/auroc_id_positive,OOD-1,primary,up,id_train,id_test_vs_places365,detector_declared,detector/vim_dim320,places365,far,,,,45195,C4,adam,0.0003,0.0001,0.8856523388738929,0.003268127323708913,0.885652 ± 0.003268,0.8881100724534734,0.881943489131979,0.8869034550362267
metric_contract_v1.2,c38b09694be88aa74de0741b39e9d3ba0d6ff61a,35a1a66f78dfd6255c4d804586ee6863969be78d21acec5cd0ccf00476ddaa5c,f80984d28ef9a7550633fb3aea514f783f3db1fa655a6d3f49850b10857e6afc,3e2bac6d488d016b4c0a216c6e210e16bcc4ca139bf6356687dc98bc7c39ec78,last,ood_metric/auroc_id_positive,OOD-1,primary,up,id_train,id_test_vs_places365,detector_declared,detector/vim_dim64,places365,far,,,,45195,C4,adam,0.0003,0.0001,0.8949623412416536,0.0013072372028607566,0.894962 ± 0.001307,0.8947379684614292,0.8937818127574939,0.8963672425060378
metric_contract_v1.2,c38b09694be88aa74de0741b39e9d3ba0d6ff61a,35a1a66f78dfd6255c4d804586ee6863969be78d21acec5cd0ccf00476ddaa5c,f80984d28ef9a7550633fb3aea514f783f3db1fa655a6d3f49850b10857e6afc,3e2bac6d488d016b4c0a216c6e210e16bcc4ca139bf6356687dc98bc7c39ec78,last,ood_metric/auroc_id_positive,OOD-1,primary,up,id_train,id_test_vs_places365,detector_declared,detector/weight_cosine_appendix,places365,far,,,,45195,C4,adam,0.0003,0.0001,0.9045334791873847,0.001014680894582951,0.904533 ± 0.001015,0.9053239920443245,0.9033892939337976,0.9048871515840319
metric_contract_v1.2,c38b09694be88aa74de0741b39e9d3ba0d6ff61a,35a1a66f78dfd6255c4d804586ee6863969be78d21acec5cd0ccf00476ddaa5c,f80984d28ef9a7550633fb3aea514f783f3db1fa655a6d3f49850b10857e6afc,3e2bac6d488d016b4c0a216c6e210e16bcc4ca139bf6356687dc98bc7c39ec78,last,ood_metric/auroc_id_positive,OOD-1,primary,up,,id_test_vs_places365,detector_declared,ood_score/energy_t1,places365,far,,,,45195,C4,adam,0.0003,0.0001,0.9124617701378037,0.005234208373301881,0.912462 ± 0.005234,0.9123395595965337,0.9072897371785765,0.917756013638301
metric_contract_v1.2,c38b09694be88aa74de0741b39e9d3ba0d6ff61a,35a1a66f78dfd6255c4d804586ee6863969be78d21acec5cd0ccf00476ddaa5c,f80984d28ef9a7550633fb3aea514f783f3db1fa655a6d3f49850b10857e6afc,3e2bac6d488d016b4c0a216c6e210e16bcc4ca139bf6356687dc98bc7c39ec78,last,ood_metric/auroc_id_positive,OOD-1,primary,up,,id_test_vs_places365,detector_declared,ood_score/max_logit,places365,far,,,,45195,C4,adam,0.0003,0.0001,0.9119533712175025,0.005228932546462209,0.911953 ± 0.005229,0.9117942974854383,0.9068057905952551,0.9172600255718141
metric_contract_v1.2,c38b09694be88aa74de0741b39e9d3ba0d6ff61a,35a1a66f78dfd6255c4d804586ee6863969be78d21acec5cd0ccf00476ddaa5c,f80984d28ef9a7550633fb3aea514f783f3db1fa655a6d3f49850b10857e6afc,3e2bac6d488d016b4c0a216c6e210e16bcc4ca139bf6356687dc98bc7c39ec78,last,ood_metric/auroc_id_positive,OOD-1,primary,up,,id_test_vs_places365,detector_declared,ood_score/msp,places365,far,,,,45195,C4,adam,0.0003,0.0001,0.8880880077662546,0.006221760283251201,0.888088 ± 0.006222,0.8880243244779089,0.8818983335701094,0.8943413652507459
metric_contract_v1.2,c38b09694be88aa74de0741b39e9d3ba0d6ff61a,35a1a66f78dfd6255c4d804586ee6863969be78d21acec5cd0ccf00476ddaa5c,f80984d28ef9a7550633fb3aea514f783f3db1fa655a6d3f49850b10857e6afc,3e2bac6d488d016b4c0a216c6e210e16bcc4ca139bf6356687dc98bc7c39ec78,last,ood_metric/fpr95_achieved_id_tpr,OOD-4,appendix,descriptive,id_train,id_test_vs_places365,detector_declared,detector/ctm_prototype_cosine,places365,far,,,,45195,C4,adam,0.0003,0.0001,0.9499999999999998,1.3597399555105182e-16,0.950000 ± 0.000000,0.95,0.95,0.95
metric_contract_v1.2,c38b09694be88aa74de0741b39e9d3ba0d6ff61a,35a1a66f78dfd6255c4d804586ee6863969be78d21acec5cd0ccf00476ddaa5c,f80984d28ef9a7550633fb3aea514f783f3db1fa655a6d3f49850b10857e6afc,3e2bac6d488d016b4c0a216c6e210e16bcc4ca139bf6356687dc98bc7c39ec78,last,ood_metric/fpr95_achieved_id_tpr,OOD-4,appendix,descriptive,id_train,id_test_vs_places365,detector_declared,detector/gda_class_density,places365,far,,,,45195,C4,adam,0.0003,0.0001,0.9499999999999998,1.3597399555105182e-16,0.950000 ± 0.000000,0.95,0.95,0.95
metric_contract_v1.2,c38b09694be88aa74de0741b39e9d3ba0d6ff61a,35a1a66f78dfd6255c4d804586ee6863969be78d21acec5cd0ccf00476ddaa5c,f80984d28ef9a7550633fb3aea514f783f3db1fa655a6d3f49850b10857e6afc,3e2bac6d488d016b4c0a216c6e210e16bcc4ca139bf6356687dc98bc7c39ec78,last,ood_metric/fpr95_achieved_id_tpr,OOD-4,appendix,descriptive,id_train,id_test_vs_places365,detector_declared,detector/knn_l2_k50,places365,far,,,,45195,C4,adam,0.0003,0.0001,0.9499999999999998,1.3597399555105182e-16,0.950000 ± 0.000000,0.95,0.95,0.95
metric_contract_v1.2,c38b09694be88aa74de0741b39e9d3ba0d6ff61a,35a1a66f78dfd6255c4d804586ee6863969be78d21acec5cd0ccf00476ddaa5c,f80984d28ef9a7550633fb3aea514f783f3db1fa655a6d3f49850b10857e6afc,3e2bac6d488d016b4c0a216c6e210e16bcc4ca139bf6356687dc98bc7c39ec78,last,ood_metric/fpr95_achieved_id_tpr,OOD-4,appendix,descriptive,id_train,id_test_vs_places365,detector_declared,detector/mahalanobis_pp,places365,far,,,,45195,C4,adam,0.0003,0.0001,0.9499999999999998,1.3597399555105182e-16,0.950000 ± 0.000000,0.95,0.95,0.95
metric_contract_v1.2,c38b09694be88aa74de0741b39e9d3ba0d6ff61a,35a1a66f78dfd6255c4d804586ee6863969be78d21acec5cd0ccf00476ddaa5c,f80984d28ef9a7550633fb3aea514f783f3db1fa655a6d3f49850b10857e6afc,3e2bac6d488d016b4c0a216c6e210e16bcc4ca139bf6356687dc98bc7c39ec78,last,ood_metric/fpr95_achieved_id_tpr,OOD-4,appendix,descriptive,id_train,id_test_vs_places365,detector_declared,detector/mahalanobis_raw,places365,far,,,,45195,C4,adam,0.0003,0.0001,0.9499999999999998,1.3597399555105182e-16,0.950000 ± 0.000000,0.95,0.95,0.95
metric_contract_v1.2,c38b09694be88aa74de0741b39e9d3ba0d6ff61a,35a1a66f78dfd6255c4d804586ee6863969be78d21acec5cd0ccf00476ddaa5c,f80984d28ef9a7550633fb3aea514f783f3db1fa655a6d3f49850b10857e6afc,3e2bac6d488d016b4c0a216c6e210e16bcc4ca139bf6356687dc98bc7c39ec78,last,ood_metric/fpr95_achieved_id_tpr,OOD-4,appendix,descriptive,id_train,id_test_vs_places365,detector_declared,detector/marginal_mahalanobis_raw,places365,far,,,,45195,C4,adam,0.0003,0.0001,0.9499999999999998,1.3597399555105182e-16,0.950000 ± 0.000000,0.95,0.95,0.95
metric_contract_v1.2,c38b09694be88aa74de0741b39e9d3ba0d6ff61a,35a1a66f78dfd6255c4d804586ee6863969be78d21acec5cd0ccf00476ddaa5c,f80984d28ef9a7550633fb3aea514f783f3db1fa655a6d3f49850b10857e6afc,3e2bac6d488d016b4c0a216c6e210e16bcc4ca139bf6356687dc98bc7c39ec78,last,ood_metric/fpr95_achieved_id_tpr,OOD-4,appendix,descriptive,id_train,id_test_vs_places365,detector_declared,detector/ncp_euclidean_raw,places365,far,,,,45195,C4,adam,0.0003,0.0001,0.9499999999999998,1.3597399555105182e-16,0.950000 ± 0.000000,0.95,0.95,0.95
metric_contract_v1.2,c38b09694be88aa74de0741b39e9d3ba0d6ff61a,35a1a66f78dfd6255c4d804586ee6863969be78d21acec5cd0ccf00476ddaa5c,f80984d28ef9a7550633fb3aea514f783f3db1fa655a6d3f49850b10857e6afc,3e2bac6d488d016b4c0a216c6e210e16bcc4ca139bf6356687dc98bc7c39ec78,last,ood_metric/fpr95_achieved_id_tpr,OOD-4,appendix,descriptive,id_train,id_test_vs_places365,detector_declared,detector/neco_author_std_dim100,places365,far,,,,45195,C4,adam,0.0003,0.0001,0.9499999999999998,1.3597399555105182e-16,0.950000 ± 0.000000,0.95,0.95,0.95
metric_contract_v1.2,c38b09694be88aa74de0741b39e9d3ba0d6ff61a,35a1a66f78dfd6255c4d804586ee6863969be78d21acec5cd0ccf00476ddaa5c,f80984d28ef9a7550633fb3aea514f783f3db1fa655a6d3f49850b10857e6afc,3e2bac6d488d016b4c0a216c6e210e16bcc4ca139bf6356687dc98bc7c39ec78,last,ood_metric/fpr95_achieved_id_tpr,OOD-4,appendix,descriptive,id_train,id_test_vs_places365,detector_declared,detector/relative_mahalanobis_pp,places365,far,,,,45195,C4,adam,0.0003,0.0001,0.9499999999999998,1.3597399555105182e-16,0.950000 ± 0.000000,0.95,0.95,0.95
metric_contract_v1.2,c38b09694be88aa74de0741b39e9d3ba0d6ff61a,35a1a66f78dfd6255c4d804586ee6863969be78d21acec5cd0ccf00476ddaa5c,f80984d28ef9a7550633fb3aea514f783f3db1fa655a6d3f49850b10857e6afc,3e2bac6d488d016b4c0a216c6e210e16bcc4ca139bf6356687dc98bc7c39ec78,last,ood_metric/fpr95_achieved_id_tpr,OOD-4,appendix,descriptive,id_train,id_test_vs_places365,detector_declared,detector/relative_mahalanobis_raw,places365,far,,,,45195,C4,adam,0.0003,0.0001,0.9499999999999998,1.3597399555105182e-16,0.950000 ± 0.000000,0.95,0.95,0.95
metric_contract_v1.2,c38b09694be88aa74de0741b39e9d3ba0d6ff61a,35a1a66f78dfd6255c4d804586ee6863969be78d21acec5cd0ccf00476ddaa5c,f80984d28ef9a7550633fb3aea514f783f3db1fa655a6d3f49850b10857e6afc,3e2bac6d488d016b4c0a216c6e210e16bcc4ca139bf6356687dc98bc7c39ec78,last,ood_metric/fpr95_achieved_id_tpr,OOD-4,appendix,descriptive,id_train,id_test_vs_places365,detector_declared,detector/vim_author_dim,places365,far,,,,45195,C4,adam,0.0003,0.0001,0.9499999999999998,1.3597399555105182e-16,0.950000 ± 0.000000,0.95,0.95,0.95
metric_contract_v1.2,c38b09694be88aa74de0741b39e9d3ba0d6ff61a,35a1a66f78dfd6255c4d804586ee6863969be78d21acec5cd0ccf00476ddaa5c,f80984d28ef9a7550633fb3aea514f783f3db1fa655a6d3f49850b10857e6afc,3e2bac6d488d016b4c0a216c6e210e16bcc4ca139bf6356687dc98bc7c39ec78,last,ood_metric/fpr95_achieved_id_tpr,OOD-4,appendix,descriptive,id_train,id_test_vs_places365,detector_declared,detector/vim_dim128,places365,far,,,,45195,C4,adam,0.0003,0.0001,0.9499999999999998,1.3597399555105182e-16,0.950000 ± 0.000000,0.95,0.95,0.95
metric_contract_v1.2,c38b09694be88aa74de0741b39e9d3ba0d6ff61a,35a1a66f78dfd6255c4d804586ee6863969be78d21acec5cd0ccf00476ddaa5c,f80984d28ef9a7550633fb3aea514f783f3db1fa655a6d3f49850b10857e6afc,3e2bac6d488d016b4c0a216c6e210e16bcc4ca139bf6356687dc98bc7c39ec78,last,ood_metric/fpr95_achieved_id_tpr,OOD-4,appendix,descriptive,id_train,id_test_vs_places365,detector_declared,detector/vim_dim256,places365,far,,,,45195,C4,adam,0.0003,0.0001,0.9499999999999998,1.3597399555105182e-16,0.950000 ± 0.000000,0.95,0.95,0.95
metric_contract_v1.2,c38b09694be88aa74de0741b39e9d3ba0d6ff61a,35a1a66f78dfd6255c4d804586ee6863969be78d21acec5cd0ccf00476ddaa5c,f80984d28ef9a7550633fb3aea514f783f3db1fa655a6d3f49850b10857e6afc,3e2bac6d488d016b4c0a216c6e210e16bcc4ca139bf6356687dc98bc7c39ec78,last,ood_metric/fpr95_achieved_id_tpr,OOD-4,appendix,descriptive,id_train,id_test_vs_places365,detector_declared,detector/vim_dim320,places365,far,,,,45195,C4,adam,0.0003,0.0001,0.9499999999999998,1.3597399555105182e-16,0.950000 ± 0.000000,0.95,0.95,0.95
metric_contract_v1.2,c38b09694be88aa74de0741b39e9d3ba0d6ff61a,35a1a66f78dfd6255c4d804586ee6863969be78d21acec5cd0ccf00476ddaa5c,f80984d28ef9a7550633fb3aea514f783f3db1fa655a6d3f49850b10857e6afc,3e2bac6d488d016b4c0a216c6e210e16bcc4ca139bf6356687dc98bc7c39ec78,last,ood_metric/fpr95_achieved_id_tpr,OOD-4,appendix,descriptive,id_train,id_test_vs_places365,detector_declared,detector/vim_dim64,places365,far,,,,45195,C4,adam,0.0003,0.0001,0.9499999999999998,1.3597399555105182e-16,0.950000 ± 0.000000,0.95,0.95,0.95
metric_contract_v1.2,c38b09694be88aa74de0741b39e9d3ba0d6ff61a,35a1a66f78dfd6255c4d804586ee6863969be78d21acec5cd0ccf00476ddaa5c,f80984d28ef9a7550633fb3aea514f783f3db1fa655a6d3f49850b10857e6afc,3e2bac6d488d016b4c0a216c6e210e16bcc4ca139bf6356687dc98bc7c39ec78,last,ood_metric/fpr95_achieved_id_tpr,OOD-4,appendix,descriptive,id_train,id_test_vs_places365,detector_declared,detector/weight_cosine_appendix,places365,far,,,,45195,C4,adam,0.0003,0.0001,0.9499999999999998,1.3597399555105182e-16,0.950000 ± 0.000000,0.95,0.95,0.95
metric_contract_v1.2,c38b09694be88aa74de0741b39e9d3ba0d6ff61a,35a1a66f78dfd6255c4d804586ee6863969be78d21acec5cd0ccf00476ddaa5c,f80984d28ef9a7550633fb3aea514f783f3db1fa655a6d3f49850b10857e6afc,3e2bac6d488d016b4c0a216c6e210e16bcc4ca139bf6356687dc98bc7c39ec78,last,ood_metric/fpr95_achieved_id_tpr,OOD-4,appendix,descriptive,,id_test_vs_places365,detector_declared,ood_score/energy_t1,places365,far,,,,45195,C4,adam,0.0003,0.0001,0.9499999999999998,1.3597399555105182e-16,0.950000 ± 0.000000,0.95,0.95,0.95
metric_contract_v1.2,c38b09694be88aa74de0741b39e9d3ba0d6ff61a,35a1a66f78dfd6255c4d804586ee6863969be78d21acec5cd0ccf00476ddaa5c,f80984d28ef9a7550633fb3aea514f783f3db1fa655a6d3f49850b10857e6afc,3e2bac6d488d016b4c0a216c6e210e16bcc4ca139bf6356687dc98bc7c39ec78,last,ood_metric/fpr95_achieved_id_tpr,OOD-4,appendix,descriptive,,id_test_vs_places365,detector_declared,ood_score/max_logit,places365,far,,,,45195,C4,adam,0.0003,0.0001,0.9499999999999998,1.3597399555105182e-16,0.950000 ± 0.000000,0.95,0.95,0.95
metric_contract_v1.2,c38b09694be88aa74de0741b39e9d3ba0d6ff61a,35a1a66f78dfd6255c4d804586ee6863969be78d21acec5cd0ccf00476ddaa5c,f80984d28ef9a7550633fb3aea514f783f3db1fa655a6d3f49850b10857e6afc,3e2bac6d488d016b4c0a216c6e210e16bcc4ca139bf6356687dc98bc7c39ec78,last,ood_metric/fpr95_achieved_id_tpr,OOD-4,appendix,descriptive,,id_test_vs_places365,detector_declared,ood_score/msp,places365,far,,,,45195,C4,adam,0.0003,0.0001,0.9499999999999998,1.3597399555105182e-16,0.950000 ± 0.000000,0.95,0.95,0.95
metric_contract_v1.2,c38b09694be88aa74de0741b39e9d3ba0d6ff61a,35a1a66f78dfd6255c4d804586ee6863969be78d21acec5cd0ccf00476ddaa5c,f80984d28ef9a7550633fb3aea514f783f3db1fa655a6d3f49850b10857e6afc,3e2bac6d488d016b4c0a216c6e210e16bcc4ca139bf6356687dc98bc7c39ec78,last,ood_metric/fpr95_id_tpr,OOD-4,primary,down,id_train,id_test_vs_places365,detector_declared,detector/ctm_prototype_cosine,places365,far,,,,45195,C4,adam,0.0003,0.0001,0.5310129279727235,0.01447642539986106,0.531013 ± 0.014476,0.5269214377042194,0.5470947577780935,0.5190225884358574
metric_contract_v1.2,c38b09694be88aa74de0741b39e9d3ba0d6ff61a,35a1a66f78dfd6255c4d804586ee6863969be78d21acec5cd0ccf00476ddaa5c,f80984d28ef9a7550633fb3aea514f783f3db1fa655a6d3f49850b10857e6afc,3e2bac6d488d016b4c0a216c6e210e16bcc4ca139bf6356687dc98bc7c39ec78,last,ood_metric/fpr95_id_tpr,OOD-4,primary,down,id_train,id_test_vs_places365,detector_declared,detector/gda_class_density,places365,far,,,,45195,C4,adam,0.0003,0.0001,0.7120519013117393,0.009482339239737096,0.712052 ± 0.009482,0.7124591561301321,0.7023724960931951,0.7213240517118908
metric_contract_v1.2,c38b09694be88aa74de0741b39e9d3ba0d6ff61a,35a1a66f78dfd6255c4d804586ee6863969be78d21acec5cd0ccf00476ddaa5c,f80984d28ef9a7550633fb3aea514f783f3db1fa655a6d3f49850b10857e6afc,3e2bac6d488d016b4c0a216c6e210e16bcc4ca139bf6356687dc98bc7c39ec78,last,ood_metric/fpr95_id_tpr,OOD-4,primary,down,id_train,id_test_vs_places365,detector_declared,detector/knn_l2_k50,places365,far,,,,45195,C4,adam,0.0003,0.0001,0.5047023724960932,0.022221299631967596,0.504702 ± 0.022221,0.5185963915328882,0.5164369938911777,0.47907373206421366
metric_contract_v1.2,c38b09694be88aa74de0741b39e9d3ba0d6ff61a,35a1a66f78dfd6255c4d804586ee6863969be78d21acec5cd0ccf00476ddaa5c,f80984d28ef9a7550633fb3aea514f783f3db1fa655a6d3f49850b10857e6afc,3e2bac6d488d016b4c0a216c6e210e16bcc4ca139bf6356687dc98bc7c39ec78,last,ood_metric/fpr95_id_tpr,OOD-4,primary,down,id_train,id_test_vs_places365,detector_declared,detector/mahalanobis_pp,places365,far,,,,45195,C4,adam,0.0003,0.0001,0.7099682720083345,0.05072290154747596,0.709968 ± 0.050723,0.7078278164512004,0.7617275181133684,0.6603494814604347
metric_contract_v1.2,c38b09694be88aa74de0741b39e9d3ba0d6ff61a,35a1a66f78dfd6255c4d804586ee6863969be78d21acec5cd0ccf00476ddaa5c,f80984d28ef9a7550633fb3aea514f783f3db1fa655a6d3f49850b10857e6afc,3e2bac6d488d016b4c0a216c6e210e16bcc4ca139bf6356687dc98bc7c39ec78,last,ood_metric/fpr95_id_tpr,OOD-4,primary,down,id_train,id_test_vs_places365,detector_declared,detector/mahalanobis_raw,places365,far,,,,45195,C4,adam,0.0003,0.0001,0.8878439172230904,0.007794541214721313,0.887844 ± 0.007795,0.8789600795567553,0.8935360136383009,0.8910356584742151
metric_contract_v1.2,c38b09694be88aa74de0741b39e9d3ba0d6ff61a,35a1a66f78dfd6255c4d804586ee6863969be78d21acec5cd0ccf00476ddaa5c,f80984d28ef9a7550633fb3aea514f783f3db1fa655a6d3f49850b10857e6afc,3e2bac6d488d016b4c0a216c6e210e16bcc4ca139bf6356687dc98bc7c39ec78,last,ood_metric/fpr95_id_tpr,OOD-4,primary,down,id_train,id_test_vs_places365,detector_declared,detector/marginal_mahalanobis_raw,places365,far,,,,45195,C4,adam,0.0003,0.0001,0.9161339205379552,0.005723276487083898,0.916134 ± 0.005723,0.9095326040630771,0.9191646540701804,0.9197045034806081
metric_contract_v1.2,c38b09694be88aa74de0741b39e9d3ba0d6ff61a,35a1a66f78dfd6255c4d804586ee6863969be78d21acec5cd0ccf00476ddaa5c,f80984d28ef9a7550633fb3aea514f783f3db1fa655a6d3f49850b10857e6afc,3e2bac6d488d016b4c0a216c6e210e16bcc4ca139bf6356687dc98bc7c39ec78,last,ood_metric/fpr95_id_tpr,OOD-4,primary,down,id_train,id_test_vs_places365,detector_declared,detector/ncp_euclidean_raw,places365,far,,,,45195,C4,adam,0.0003,0.0001,0.545352085997064,0.01937484294346326,0.545352 ± 0.019375,0.5401903679499929,0.5667850546952692,0.5290808353459299
metric_contract_v1.2,c38b09694be88aa74de0741b39e9d3ba0d6ff61a,35a1a66f78dfd6255c4d804586ee6863969be78d21acec5cd0ccf00476ddaa5c,f80984d28ef9a7550633fb3aea514f783f3db1fa655a6d3f49850b10857e6afc,3e2bac6d488d016b4c0a216c6e210e16bcc4ca139bf6356687dc98bc7c39ec78,last,ood_metric/fpr95_id_tpr,OOD-4,primary,down,id_train,id_test_vs_places365,detector_declared,detector/neco_author_std_dim100,places365,far,,,,45195,C4,adam,0.0003,0.0001,0.5838802860254771,0.03027090763160202,0.583880 ± 0.030271,0.6096888762608325,0.5913908225600227,0.550561159255576
metric_contract_v1.2,c38b09694be88aa74de0741b39e9d3ba0d6ff61a,35a1a66f78dfd6255c4d804586ee6863969be78d21acec5cd0ccf00476ddaa5c,f80984d28ef9a7550633fb3aea514f783f3db1fa655a6d3f49850b10857e6afc,3e2bac6d488d016b4c0a216c6e210e16bcc4ca139bf6356687dc98bc7c39ec78,last,ood_metric/fpr95_id_tpr,OOD-4,primary,down,id_train,id_test_vs_places365,detector_declared,detector/relative_mahalanobis_pp,places365,far,,,,45195,C4,adam,0.0003,0.0001,0.52444002462471,0.011570575103348588,0.524440 ± 0.011571,0.5324904105696832,0.529649097883222,0.5111805654212246
metric_contract_v1.2,c38b09694be88aa74de0741b39e9d3ba0d6ff61a,35a1a66f78dfd6255c4d804586ee6863969be78d21acec5cd0ccf00476ddaa5c,f80984d28ef9a7550633fb3aea514f783f3db1fa655a6d3f49850b10857e6afc,3e2bac6d488d016b4c0a216c6e210e16bcc4ca139bf6356687dc98bc7c39ec78,last,ood_metric/fpr95_id_tpr,OOD-4,primary,down,id_train,id_test_vs_places365,detector_declared,detector/relative_mahalanobis_raw,places365,far,,,,45195,C4,adam,0.0003,0.0001,0.5110669129137662,0.007516923487951116,0.511067 ± 0.007517,0.5193351328313681,0.5092200596675664,0.504645546242364
metric_contract_v1.2,c38b09694be88aa74de0741b39e9d3ba0d6ff61a,35a1a66f78dfd6255c4d804586ee6863969be78d21acec5cd0ccf00476ddaa5c,f80984d28ef9a7550633fb3aea514f783f3db1fa655a6d3f49850b10857e6afc,3e2bac6d488d016b4c0a216c6e210e16bcc4ca139bf6356687dc98bc7c39ec78,last,ood_metric/fpr95_id_tpr,OOD-4,primary,down,id_train,id_test_vs_places365,detector_declared,detector/vim_author_dim,places365,far,,,,45195,C4,adam,0.0003,0.0001,0.6505374816498556,0.020894842980717757,0.650537 ± 0.020895,0.6273618411706209,0.667935786333286,0.6563148174456599
metric_contract_v1.2,c38b09694be88aa74de0741b39e9d3ba0d6ff61a,35a1a66f78dfd6255c4d804586ee6863969be78d21acec5cd0ccf00476ddaa5c,f80984d28ef9a7550633fb3aea514f783f3db1fa655a6d3f49850b10857e6afc,3e2bac6d488d016b4c0a216c6e210e16bcc4ca139bf6356687dc98bc7c39ec78,last,ood_metric/fpr95_id_tpr,OOD-4,primary,down,id_train,id_test_vs_places365,detector_declared,detector/vim_dim128,places365,far,,,,45195,C4,adam,0.0003,0.0001,0.6198513046360753,0.02482078674378818,0.619851 ± 0.024821,0.5917886063361273,0.6389259838045177,0.6288393237675807
metric_contract_v1.2,c38b09694be88aa74de0741b39e9d3ba0d6ff61a,35a1a66f78dfd6255c4d804586ee6863969be78d21acec5cd0ccf00476ddaa5c,f80984d28ef9a7550633fb3aea514f783f3db1fa655a6d3f49850b10857e6afc,3e2bac6d488d016b4c0a216c6e210e16bcc4ca139bf6356687dc98bc7c39ec78,last,ood_metric/fpr95_id_tpr,OOD-4,primary,down,id_train,id_test_vs_places365,detector_declared,detector/vim_dim256,places365,far,,,,45195,C4,adam,0.0003,0.0001,0.6400246247099494,0.023574752218641738,0.640025 ± 0.023575,0.6129563858502628,0.6510583889757068,0.6560590993038784
metric_contract_v1.2,c38b09694be88aa74de0741b39e9d3ba0d6ff61a,35a1a66f78dfd6255c4d804586ee6863969be78d21acec5cd0ccf00476ddaa5c,f80984d28ef9a7550633fb3aea514f783f3db1fa655a6d3f49850b10857e6afc,3e2bac6d488d016b4c0a216c6e210e16bcc4ca139bf6356687dc98bc7c39ec78,last,ood_metric/fpr95_id_tpr,OOD-4,primary,down,id_train,id_test_vs_places365,detector_declared,detector/vim_dim320,places365,far,,,,45195,C4,adam,0.0003,0.0001,0.6505374816498556,0.020894842980717757,0.650537 ± 0.020895,0.6273618411706209,0.667935786333286,0.6563148174456599
metric_contract_v1.2,c38b09694be88aa74de0741b39e9d3ba0d6ff61a,35a1a66f78dfd6255c4d804586ee6863969be78d21acec5cd0ccf00476ddaa5c,f80984d28ef9a7550633fb3aea514f783f3db1fa655a6d3f49850b10857e6afc,3e2bac6d488d016b4c0a216c6e210e16bcc4ca139bf6356687dc98bc7c39ec78,last,ood_metric/fpr95_id_tpr,OOD-4,primary,down,id_train,id_test_vs_places365,detector_declared,detector/vim_dim64,places365,far,,,,45195,C4,adam,0.0003,0.0001,0.5538760240564474,0.008498201109914762,0.553876 ± 0.008498,0.5593124023298764,0.5440829663304446,0.5582327035090212
metric_contract_v1.2,c38b09694be88aa74de0741b39e9d3ba0d6ff61a,35a1a66f78dfd6255c4d804586ee6863969be78d21acec5cd0ccf00476ddaa5c,f80984d28ef9a7550633fb3aea514f783f3db1fa655a6d3f49850b10857e6afc,3e2bac6d488d016b4c0a216c6e210e16bcc4ca139bf6356687dc98bc7c39ec78,last,ood_metric/fpr95_id_tpr,OOD-4,primary,down,id_train,id_test_vs_places365,detector_declared,detector/weight_cosine_appendix,places365,far,,,,45195,C4,adam,0.0003,0.0001,0.48992754652649523,0.011195204663506505,0.489928 ± 0.011195,0.4900411990339537,0.5010654922574229,0.4786759482881091
metric_contract_v1.2,c38b09694be88aa74de0741b39e9d3ba0d6ff61a,35a1a66f78dfd6255c4d804586ee6863969be78d21acec5cd0ccf00476ddaa5c,f80984d28ef9a7550633fb3aea514f783f3db1fa655a6d3f49850b10857e6afc,3e2bac6d488d016b4c0a216c6e210e16bcc4ca139bf6356687dc98bc7c39ec78,last,ood_metric/fpr95_id_tpr,OOD-4,primary,down,,id_test_vs_places365,detector_declared,ood_score/energy_t1,places365,far,,,,45195,C4,adam,0.0003,0.0001,0.45465738504522424,0.023494586503340117,0.454657 ± 0.023495,0.467054979400483,0.46935644267651655,0.4275607330586731
metric_contract_v1.2,c38b09694be88aa74de0741b39e9d3ba0d6ff61a,35a1a66f78dfd6255c4d804586ee6863969be78d21acec5cd0ccf00476ddaa5c,f80984d28ef9a7550633fb3aea514f783f3db1fa655a6d3f49850b10857e6afc,3e2bac6d488d016b4c0a216c6e210e16bcc4ca139bf6356687dc98bc7c39ec78,last,ood_metric/fpr95_id_tpr,OOD-4,primary,down,,id_test_vs_places365,detector_declared,ood_score/max_logit,places365,far,,,,45195,C4,adam,0.0003,0.0001,0.4578207131694843,0.022687610478426913,0.457821 ± 0.022688,0.4719704503480608,0.46983946583321495,0.4316522233271772
metric_contract_v1.2,c38b09694be88aa74de0741b39e9d3ba0d6ff61a,35a1a66f78dfd6255c4d804586ee6863969be78d21acec5cd0ccf00476ddaa5c,f80984d28ef9a7550633fb3aea514f783f3db1fa655a6d3f49850b10857e6afc,3e2bac6d488d016b4c0a216c6e210e16bcc4ca139bf6356687dc98bc7c39ec78,last,ood_metric/fpr95_id_tpr,OOD-4,primary,down,,id_test_vs_places365,detector_declared,ood_score/msp,places365,far,,,,45195,C4,adam,0.0003,0.0001,0.6260737794194251,0.023437201686352722,0.626074 ± 0.023437,0.6344367097599091,0.6441824122744708,0.5996022162238954
metric_contract_v1.2,c38b09694be88aa74de0741b39e9d3ba0d6ff61a,35a1a66f78dfd6255c4d804586ee6863969be78d21acec5cd0ccf00476ddaa5c,f80984d28ef9a7550633fb3aea514f783f3db1fa655a6d3f49850b10857e6afc,3e2bac6d488d016b4c0a216c6e210e16bcc4ca139bf6356687dc98bc7c39ec78,last,ood_metric/fpr95_threshold,OOD-4,appendix,descriptive,id_train,id_test_vs_places365,detector_declared,detector/ctm_prototype_cosine,places365,far,,,,45195,C4,adam,0.0003,0.0001,0.8282260968389784,0.0018974309979848999,0.828226 ± 0.001897,0.8275600631473047,0.830366748529932,0.8267514788396982
metric_contract_v1.2,c38b09694be88aa74de0741b39e9d3ba0d6ff61a,35a1a66f78dfd6255c4d804586ee6863969be78d21acec5cd0ccf00476ddaa5c,f80984d28ef9a7550633fb3aea514f783f3db1fa655a6d3f49850b10857e6afc,3e2bac6d488d016b4c0a216c6e210e16bcc4ca139bf6356687dc98bc7c39ec78,last,ood_metric/fpr95_threshold,OOD-4,appendix,descriptive,id_train,id_test_vs_places365,detector_declared,detector/gda_class_density,places365,far,,,,45195,C4,adam,0.0003,0.0001,740.502873982989,25.8492400754784,740.502874 ± 25.849240,720.9246762021057,769.8036063575646,730.7803393892963
metric_contract_v1.2,c38b09694be88aa74de0741b39e9d3ba0d6ff61a,35a1a66f78dfd6255c4d804586ee6863969be78d21acec5cd0ccf00476ddaa5c,f80984d28ef9a7550633fb3aea514f783f3db1fa655a6d3f49850b10857e6afc,3e2bac6d488d016b4c0a216c6e210e16bcc4ca139bf6356687dc98bc7c39ec78,last,ood_metric/fpr95_threshold,OOD-4,appendix,descriptive,id_train,id_test_vs_places365,detector_declared,detector/knn_l2_k50,places365,far,,,,45195,C4,adam,0.0003,0.0001,-0.19496281515159927,0.0032622346678864065,-0.194963 ± 0.003262,-0.19597178752651842,-0.19131529601993638,-0.19760136190834304
metric_contract_v1.2,c38b09694be88aa74de0741b39e9d3ba0d6ff61a,35a1a66f78dfd6255c4d804586ee6863969be78d21acec5cd0ccf00476ddaa5c,f80984d28ef9a7550633fb3aea514f783f3db1fa655a6d3f49850b10857e6afc,3e2bac6d488d016b4c0a216c6e210e16bcc4ca139bf6356687dc98bc7c39ec78,last,ood_metric/fpr95_threshold,OOD-4,appendix,descriptive,id_train,id_test_vs_places365,detector_declared,detector/mahalanobis_pp,places365,far,,,,45195,C4,adam,0.0003,0.0001,-1452.3757375692005,9.740554506574165,-1452.375738 ± 9.740555,-1446.300967282446,-1447.2154842375096,-1463.6107611876457
metric_contract_v1.2,c38b09694be88aa74de0741b39e9d3ba0d6ff61a,35a1a66f78dfd6255c4d804586ee6863969be78d21acec5cd0ccf00476ddaa5c,f80984d28ef9a7550633fb3aea514f783f3db1fa655a6d3f49850b10857e6afc,3e2bac6d488d016b4c0a216c6e210e16bcc4ca139bf6356687dc98bc7c39ec78,last,ood_metric/fpr95_threshold,OOD-4,appendix,descriptive,id_train,id_test_vs_places365,detector_declared,detector/mahalanobis_raw,places365,far,,,,45195,C4,adam,0.0003,0.0001,-1166.4950489783653,20.381918810185926,-1166.495049 ± 20.381919,-1158.0620758784933,-1189.7401018933126,-1151.6829691632902
metric_contract_v1.2,c38b09694be88aa74de0741b39e9d3ba0d6ff61a,35a1a66f78dfd6255c4d804586ee6863969be78d21acec5cd0ccf00476ddaa5c,f80984d28ef9a7550633fb3aea514f783f3db1fa655a6d3f49850b10857e6afc,3e2bac6d488d016b4c0a216c6e210e16bcc4ca139bf6356687dc98bc7c39ec78,last,ood_metric/fpr95_threshold,OOD-4,appendix,descriptive,id_train,id_test_vs_places365,detector_declared,detector/marginal_mahalanobis_raw,places365,far,,,,45195,C4,adam,0.0003,0.0001,-1118.159751857518,17.612154672592993,-1118.159752 ± 17.612155,-1112.5900411717842,-1137.883371451925,-1104.0058429488447
metric_contract_v1.2,c38b09694be88aa74de0741b39e9d3ba0d6ff61a,35a1a66f78dfd6255c4d804586ee6863969be78d21acec5cd0ccf00476ddaa5c,f80984d28ef9a7550633fb3aea514f783f3db1fa655a6d3f49850b10857e6afc,3e2bac6d488d016b4c0a216c6e210e16bcc4ca139bf6356687dc98bc7c39ec78,last,ood_metric/fpr95_threshold,OOD-4,appendix,descriptive,id_train,id_test_vs_places365,detector_declared,detector/ncp_euclidean_raw,places365,far,,,,45195,C4,adam,0.0003,0.0001,-11.318908724112843,0.06313067422666985,-11.318909 ± 0.063131,-11.368358275404402,-11.340568627361192,-11.247799269572933
metric_contract_v1.2,c38b09694be88aa74de0741b39e9d3ba0d6ff61a,35a1a66f78dfd6255c4d804586ee6863969be78d21acec5cd0ccf00476ddaa5c,f80984d28ef9a7550633fb3aea514f783f3db1fa655a6d3f49850b10857e6afc,3e2bac6d488d016b4c0a216c6e210e16bcc4ca139bf6356687dc98bc7c39ec78,last,ood_metric/fpr95_threshold,OOD-4,appendix,descriptive,id_train,id_test_vs_places365,detector_declared,detector/neco_author_std_dim100,places365,far,,,,45195,C4,adam,0.0003,0.0001,0.9957781282716446,0.0005233280010097975,0.995778 ± 0.000523,0.9953965915461964,0.9963747223260044,0.995563070942733
metric_contract_v1.2,c38b09694be88aa74de0741b39e9d3ba0d6ff61a,35a1a66f78dfd6255c4d804586ee6863969be78d21acec5cd0ccf00476ddaa5c,f80984d28ef9a7550633fb3aea514f783f3db1fa655a6d3f49850b10857e6afc,3e2bac6d488d016b4c0a216c6e210e16bcc4ca139bf6356687dc98bc7c39ec78,last,ood_metric/fpr95_threshold,OOD-4,appendix,descriptive,id_train,id_test_vs_places365,detector_declared,detector/relative_mahalanobis_pp,places365,far,,,,45195,C4,adam,0.0003,0.0001,-178.8832449921055,2.4153443114476465,-178.883245 ± 2.415344,-179.59174815873718,-176.19288433813452,-180.86510247944477
metric_contract_v1.2,c38b09694be88aa74de0741b39e9d3ba0d6ff61a,35a1a66f78dfd6255c4d804586ee6863969be78d21acec5cd0ccf00476ddaa5c,f80984d28ef9a7550633fb3aea514f783f3db1fa655a6d3f49850b10857e6afc,3e2bac6d488d016b4c0a216c6e210e16bcc4ca139bf6356687dc98bc7c39ec78,last,ood_metric/fpr95_threshold,OOD-4,appendix,descriptive,id_train,id_test_vs_places365,detector_declared,detector/relative_mahalanobis_raw,places365,far,,,,45195,C4,adam,0.0003,0.0001,-113.7912756875996,1.0209025502455273,-113.791276 ± 1.020903,-114.949569620799,-113.02236995220929,-113.40188748979052
metric_contract_v1.2,c38b09694be88aa74de0741b39e9d3ba0d6ff61a,35a1a66f78dfd6255c4d804586ee6863969be78d21acec5cd0ccf00476ddaa5c,f80984d28ef9a7550633fb3aea514f783f3db1fa655a6d3f49850b10857e6afc,3e2bac6d488d016b4c0a216c6e210e16bcc4ca139bf6356687dc98bc7c39ec78,last,ood_metric/fpr95_threshold,OOD-4,appendix,descriptive,id_train,id_test_vs_places365,detector_declared,detector/vim_author_dim,places365,far,,,,45195,C4,adam,0.0003,0.0001,-14.589066555092126,0.192411671935037,-14.589067 ± 0.192412,-14.656139729462511,-14.372095665071432,-14.738964270742434
metric_contract_v1.2,c38b09694be88aa74de0741b39e9d3ba0d6ff61a,35a1a66f78dfd6255c4d804586ee6863969be78d21acec5cd0ccf00476ddaa5c,f80984d28ef9a7550633fb3aea514f783f3db1fa655a6d3f49850b10857e6afc,3e2bac6d488d016b4c0a216c6e210e16bcc4ca139bf6356687dc98bc7c39ec78,last,ood_metric/fpr95_threshold,OOD-4,appendix,descriptive,id_train,id_test_vs_places365,detector_declared,detector/vim_dim128,places365,far,,,,45195,C4,adam,0.0003,0.0001,-13.387801424298827,0.1539577564014147,-13.387801 ± 0.153958,-13.266575002167052,-13.561025055348852,-13.335804215380575
metric_contract_v1.2,c38b09694be88aa74de0741b39e9d3ba0d6ff61a,35a1a66f78dfd6255c4d804586ee6863969be78d21acec5cd0ccf00476ddaa5c,f80984d28ef9a7550633fb3aea514f783f3db1fa655a6d3f49850b10857e6afc,3e2bac6d488d016b4c0a216c6e210e16bcc4ca139bf6356687dc98bc7c39ec78,last,ood_metric/fpr95_threshold,OOD-4,appendix,descriptive,id_train,id_test_vs_places365,detector_declared,detector/vim_dim256,places365,far,,,,45195,C4,adam,0.0003,0.0001,-14.470300906964622,0.1890319118823846,-14.470301 ± 0.189032,-14.496096754688109,-14.26969577921853,-14.645110186987223
metric_contract_v1.2,c38b09694be88aa74de0741b39e9d3ba0d6ff61a,35a1a66f78dfd6255c4d804586ee6863969be78d21acec5cd0ccf00476ddaa5c,f80984d28ef9a7550633fb3aea514f783f3db1fa655a6d3f49850b10857e6afc,3e2bac6d488d016b4c0a216c6e210e16bcc4ca139bf6356687dc98bc7c39ec78,last,ood_metric/fpr95_threshold,OOD-4,appendix,descriptive,id_train,id_test_vs_places365,detector_declared,detector/vim_dim320,places365,far,,,,45195,C4,adam,0.0003,0.0001,-14.589066555092126,0.192411671935037,-14.589067 ± 0.192412,-14.656139729462511,-14.372095665071432,-14.738964270742434
metric_contract_v1.2,c38b09694be88aa74de0741b39e9d3ba0d6ff61a,35a1a66f78dfd6255c4d804586ee6863969be78d21acec5cd0ccf00476ddaa5c,f80984d28ef9a7550633fb3aea514f783f3db1fa655a6d3f49850b10857e6afc,3e2bac6d488d016b4c0a216c6e210e16bcc4ca139bf6356687dc98bc7c39ec78,last,ood_metric/fpr95_threshold,OOD-4,appendix,descriptive,id_train,id_test_vs_places365,detector_declared,detector/vim_dim64,places365,far,,,,45195,C4,adam,0.0003,0.0001,-12.470030922265906,0.15733122439433828,-12.470031 ± 0.157331,-12.297723136885974,-12.506328676993544,-12.606040952918203
metric_contract_v1.2,c38b09694be88aa74de0741b39e9d3ba0d6ff61a,35a1a66f78dfd6255c4d804586ee6863969be78d21acec5cd0ccf00476ddaa5c,f80984d28ef9a7550633fb3aea514f783f3db1fa655a6d3f49850b10857e6afc,3e2bac6d488d016b4c0a216c6e210e16bcc4ca139bf6356687dc98bc7c39ec78,last,ood_metric/fpr95_threshold,OOD-4,appendix,descriptive,id_train,id_test_vs_places365,detector_declared,detector/weight_cosine_appendix,places365,far,,,,45195,C4,adam,0.0003,0.0001,0.20620895068544995,0.0021746114459482812,0.206209 ± 0.002175,0.20587325277863858,0.20422170912396506,0.20853189015374612
metric_contract_v1.2,c38b09694be88aa74de0741b39e9d3ba0d6ff61a,35a1a66f78dfd6255c4d804586ee6863969be78d21acec5cd0ccf00476ddaa5c,f80984d28ef9a7550633fb3aea514f783f3db1fa655a6d3f49850b10857e6afc,3e2bac6d488d016b4c0a216c6e210e16bcc4ca139bf6356687dc98bc7c39ec78,last,ood_metric/fpr95_threshold,OOD-4,appendix,descriptive,,id_test_vs_places365,detector_declared,ood_score/energy_t1,places365,far,,,,45195,C4,adam,0.0003,0.0001,6.172272536343697,0.0710430605576823,6.172273 ± 0.071043,6.103960333253479,6.245763083799777,6.167094191977834
metric_contract_v1.2,c38b09694be88aa74de0741b39e9d3ba0d6ff61a,35a1a66f78dfd6255c4d804586ee6863969be78d21acec5cd0ccf00476ddaa5c,f80984d28ef9a7550633fb3aea514f783f3db1fa655a6d3f49850b10857e6afc,3e2bac6d488d016b4c0a216c6e210e16bcc4ca139bf6356687dc98bc7c39ec78,last,ood_metric/fpr95_threshold,OOD-4,appendix,descriptive,,id_test_vs_places365,detector_declared,ood_score/max_logit,places365,far,,,,45195,C4,adam,0.0003,0.0001,6.062124347686766,0.10033283689054932,6.062124 ± 0.100333,5.966901683807373,6.166886019706726,6.052585339546203
metric_contract_v1.2,c38b09694be88aa74de0741b39e9d3ba0d6ff61a,35a1a66f78dfd6255c4d804586ee6863969be78d21acec5cd0ccf00476ddaa5c,f80984d28ef9a7550633fb3aea514f783f3db1fa655a6d3f49850b10857e6afc,3e2bac6d488d016b4c0a216c6e210e16bcc4ca139bf6356687dc98bc7c39ec78,last,ood_metric/fpr95_threshold,OOD-4,appendix,descriptive,,id_test_vs_places365,detector_declared,ood_score/msp,places365,far,,,,45195,C4,adam,0.0003,0.0001,0.9158057217495044,0.007351610622291328,0.915806 ± 0.007352,0.9099865882227293,0.9133627711154463,0.9240678059103375
metric_contract_v1.2,c38b09694be88aa74de0741b39e9d3ba0d6ff61a,35a1a66f78dfd6255c4d804586ee6863969be78d21acec5cd0ccf00476ddaa5c,f80984d28ef9a7550633fb3aea514f783f3db1fa655a6d3f49850b10857e6afc,4039a31891b5637f4198ad78f79d97e89aa97f4ccd6efa5779b14c5b4203059e,last,analysis/angular_control_gap_ctm_ncp,OOD-7,exploratory,descriptive,id_train,id_test_vs_places365,paired_auroc_difference,,places365,,,,,45195,C4,adamw,0.003,0.001,0.05406416725860682,0.012771527083827974,0.054064 ± 0.012772,0.06774807785196746,0.05198402329876417,0.04246040062508882
metric_contract_v1.2,c38b09694be88aa74de0741b39e9d3ba0d6ff61a,35a1a66f78dfd6255c4d804586ee6863969be78d21acec5cd0ccf00476ddaa5c,f80984d28ef9a7550633fb3aea514f783f3db1fa655a6d3f49850b10857e6afc,4039a31891b5637f4198ad78f79d97e89aa97f4ccd6efa5779b14c5b4203059e,last,analysis/restoration_gap_mahalanobis,OOD-7,exploratory,descriptive,id_train,id_test_vs_places365,paired_auroc_difference,,places365,,,,,45195,C4,adamw,0.003,0.001,0.40871093810673864,0.018976543516719194,0.408711 ± 0.018977,0.42717673533172307,0.38926187810768564,0.4096942008808071
metric_contract_v1.2,c38b09694be88aa74de0741b39e9d3ba0d6ff61a,35a1a66f78dfd6255c4d804586ee6863969be78d21acec5cd0ccf00476ddaa5c,f80984d28ef9a7550633fb3aea514f783f3db1fa655a6d3f49850b10857e6afc,4039a31891b5637f4198ad78f79d97e89aa97f4ccd6efa5779b14c5b4203059e,last,analysis/restoration_gap_relative_mahalanobis,OOD-7,exploratory,descriptive,id_train,id_test_vs_places365,paired_auroc_difference,,places365,,,,,45195,C4,adamw,0.003,0.001,-0.011274683903963653,0.0014091095797577002,-0.011275 ± 0.001409,-0.010358849268361947,-0.010567901690580972,-0.012897300752948038
metric_contract_v1.2,c38b09694be88aa74de0741b39e9d3ba0d6ff61a,35a1a66f78dfd6255c4d804586ee6863969be78d21acec5cd0ccf00476ddaa5c,f80984d28ef9a7550633fb3aea514f783f3db1fa655a6d3f49850b10857e6afc,4039a31891b5637f4198ad78f79d97e89aa97f4ccd6efa5779b14c5b4203059e,last,ood_metric/ap_in,OOD-2,appendix,up,id_train,id_test_vs_places365,detector_declared,detector/ctm_prototype_cosine,places365,far,,,,45195,C4,adamw,0.003,0.001,0.7877627376754844,0.001064026026924343,0.787763 ± 0.001064,0.7884271458890788,0.7883255602053039,0.7865355069320703
metric_contract_v1.2,c38b09694be88aa74de0741b39e9d3ba0d6ff61a,35a1a66f78dfd6255c4d804586ee6863969be78d21acec5cd0ccf00476ddaa5c,f80984d28ef9a7550633fb3aea514f783f3db1fa655a6d3f49850b10857e6afc,4039a31891b5637f4198ad78f79d97e89aa97f4ccd6efa5779b14c5b4203059e,last,ood_metric/ap_in,OOD-2,appendix,up,id_train,id_test_vs_places365,detector_declared,detector/gda_class_density,places365,far,,,,45195,C4,adamw,0.003,0.001,0.26237127081248773,0.04136609583582871,0.262371 ± 0.041366,0.3063631682405674,0.2564901787595216,0.22426046543737416
metric_contract_v1.2,c38b09694be88aa74de0741b39e9d3ba0d6ff61a,35a1a66f78dfd6255c4d804586ee6863969be78d21acec5cd0ccf00476ddaa5c,f80984d28ef9a7550633fb3aea514f783f3db1fa655a6d3f49850b10857e6afc,4039a31891b5637f4198ad78f79d97e89aa97f4ccd6efa5779b14c5b4203059e,last,ood_metric/ap_in,OOD-2,appendix,up,id_train,id_test_vs_places365,detector_declared,detector/knn_l2_k50,places365,far,,,,45195,C4,adamw,0.003,0.001,0.8008022832727545,0.004539554285798914,0.800802 ± 0.004540,0.8043088208800839,0.8024232845560868,0.7956747443820926
metric_contract_v1.2,c38b09694be88aa74de0741b39e9d3ba0d6ff61a,35a1a66f78dfd6255c4d804586ee6863969be78d21acec5cd0ccf00476ddaa5c,f80984d28ef9a7550633fb3aea514f783f3db1fa655a6d3f49850b10857e6afc,4039a31891b5637f4198ad78f79d97e89aa97f4ccd6efa5779b14c5b4203059e,last,ood_metric/ap_in,OOD-2,appendix,up,id_train,id_test_vs_places365,detector_declared,detector/mahalanobis_pp,places365,far,,,,45195,C4,adamw,0.003,0.001,0.7740783452993187,0.024157969630472044,0.774078 ± 0.024158,0.7792159341321642,0.7477648381576327,0.7952542636081591
metric_contract_v1.2,c38b09694be88aa74de0741b39e9d3ba0d6ff61a,35a1a66f78dfd6255c4d804586ee6863969be78d21acec5cd0ccf00476ddaa5c,f80984d28ef9a7550633fb3aea514f783f3db1fa655a6d3f49850b10857e6afc,4039a31891b5637f4198ad78f79d97e89aa97f4ccd6efa5779b14c5b4203059e,last,ood_metric/ap_in,OOD-2,appendix,up,id_train,id_test_vs_places365,detector_declared,detector/mahalanobis_raw,places365,far,,,,45195,C4,adamw,0.003,0.001,0.22719700713243632,0.009078244488679027,0.227197 ± 0.009078,0.21693363642281513,0.23048154894818496,0.2341758360263089
metric_contract_v1.2,c38b09694be88aa74de0741b39e9d3ba0d6ff61a,35a1a66f78dfd6255c4d804586ee6863969be78d21acec5cd0ccf00476ddaa5c,f80984d28ef9a7550633fb3aea514f783f3db1fa655a6d3f49850b10857e6afc,4039a31891b5637f4198ad78f79d97e89aa97f4ccd6efa5779b14c5b4203059e,last,ood_metric/ap_in,OOD-2,appendix,up,id_train,id_test_vs_places365,detector_declared,detector/marginal_mahalanobis_raw,places365,far,,,,45195,C4,adamw,0.003,0.001,0.18433201140397126,0.004754501984327703,0.184332 ± 0.004755,0.17884372862883974,0.18719595785871768,0.18695634772435632
metric_contract_v1.2,c38b09694be88aa74de0741b39e9d3ba0d6ff61a,35a1a66f78dfd6255c4d804586ee6863969be78d21acec5cd0ccf00476ddaa5c,f80984d28ef9a7550633fb3aea514f783f3db1fa655a6d3f49850b10857e6afc,4039a31891b5637f4198ad78f79d97e89aa97f4ccd6efa5779b14c5b4203059e,last,ood_metric/ap_in,OOD-2,appendix,up,id_train,id_test_vs_places365,detector_declared,detector/ncp_euclidean_raw,places365,far,,,,45195,C4,adamw,0.003,0.001,0.6933491870372449,0.015012090437830757,0.693349 ± 0.015012,0.6778369774477994,0.6944051892541376,0.7078053944097977
metric_contract_v1.2,c38b09694be88aa74de0741b39e9d3ba0d6ff61a,35a1a66f78dfd6255c4d804586ee6863969be78d21acec5cd0ccf00476ddaa5c,f80984d28ef9a7550633fb3aea514f783f3db1fa655a6d3f49850b10857e6afc,4039a31891b5637f4198ad78f79d97e89aa97f4ccd6efa5779b14c5b4203059e,last,ood_metric/ap_in,OOD-2,appendix,up,id_train,id_test_vs_places365,detector_declared,detector/neco_author_std_dim100,places365,far,,,,45195,C4,adamw,0.003,0.001,0.6816162930688198,0.03739180638718402,0.681616 ± 0.037392,0.6384562674885743,0.702168527268449,0.7042240844494358
metric_contract_v1.2,c38b09694be88aa74de0741b39e9d3ba0d6ff61a,35a1a66f78dfd6255c4d804586ee6863969be78d21acec5cd0ccf00476ddaa5c,f80984d28ef9a7550633fb3aea514f783f3db1fa655a6d3f49850b10857e6afc,4039a31891b5637f4198ad78f79d97e89aa97f4ccd6efa5779b14c5b4203059e,last,ood_metric/ap_in,OOD-2,appendix,up,id_train,id_test_vs_places365,detector_declared,detector/relative_mahalanobis_pp,places365,far,,,,45195,C4,adamw,0.003,0.001,0.7958024498686816,0.009567913227773166,0.795802 ± 0.009568,0.7918844293133704,0.8067075095386844,0.78881541075399
metric_contract_v1.2,c38b09694be88aa74de0741b39e9d3ba0d6ff61a,35a1a66f78dfd6255c4d804586ee6863969be78d21acec5cd0ccf00476ddaa5c,f80984d28ef9a7550633fb3aea514f783f3db1fa655a6d3f49850b10857e6afc,4039a31891b5637f4198ad78f79d97e89aa97f4ccd6efa5779b14c5b4203059e,last,ood_metric/ap_in,OOD-2,appendix,up,id_train,id_test_vs_places365,detector_declared,detector/relative_mahalanobis_raw,places365,far,,,,45195,C4,adamw,0.003,0.001,0.8210788925216518,0.009204976651996771,0.821079 ± 0.009205,0.8149346115172655,0.831662188285731,0.8166398777619588
metric_contract_v1.2,c38b09694be88aa74de0741b39e9d3ba0d6ff61a,35a1a66f78dfd6255c4d804586ee6863969be78d21acec5cd0ccf00476ddaa5c,f80984d28ef9a7550633fb3aea514f783f3db1fa655a6d3f49850b10857e6afc,4039a31891b5637f4198ad78f79d97e89aa97f4ccd6efa5779b14c5b4203059e,last,ood_metric/ap_in,OOD-2,appendix,up,id_train,id_test_vs_places365,detector_declared,detector/vim_author_dim,places365,far,,,,45195,C4,adamw,0.003,0.001,0.8071659392454561,0.00929719088826254,0.807166 ± 0.009297,0.796503744192699,0.8135814517779612,0.8114126217657084
metric_contract_v1.2,c38b09694be88aa74de0741b39e9d3ba0d6ff61a,35a1a66f78dfd6255c4d804586ee6863969be78d21acec5cd0ccf00476ddaa5c,f80984d28ef9a7550633fb3aea514f783f3db1fa655a6d3f49850b10857e6afc,4039a31891b5637f4198ad78f79d97e89aa97f4ccd6efa5779b14c5b4203059e,last,ood_metric/ap_in,OOD-2,appendix,up,id_train,id_test_vs_places365,detector_declared,detector/vim_dim128,places365,far,,,,45195,C4,adamw,0.003,0.001,0.8050853575602175,0.0070104660523637435,0.805085 ± 0.007010,0.7971906475877576,0.8105824867588414,0.8074829383340535
metric_contract_v1.2,c38b09694be88aa74de0741b39e9d3ba0d6ff61a,35a1a66f78dfd6255c4d804586ee6863969be78d21acec5cd0ccf00476ddaa5c,f80984d28ef9a7550633fb3aea514f783f3db1fa655a6d3f49850b10857e6afc,4039a31891b5637f4198ad78f79d97e89aa97f4ccd6efa5779b14c5b4203059e,last,ood_metric/ap_in,OOD-2,appendix,up,id_train,id_test_vs_places365,detector_declared,detector/vim_dim256,places365,far,,,,45195,C4,adamw,0.003,0.001,0.8080187396871276,0.009194962618102213,0.808019 ± 0.009195,0.7974635111863979,0.8142901854228736,0.8123025224521113
metric_contract_v1.2,c38b09694be88aa74de0741b39e9d3ba0d6ff61a,35a1a66f78dfd6255c4d804586ee6863969be78d21acec5cd0ccf00476ddaa5c,f80984d28ef9a7550633fb3aea514f783f3db1fa655a6d3f49850b10857e6afc,4039a31891b5637f4198ad78f79d97e89aa97f4ccd6efa5779b14c5b4203059e,last,ood_metric/ap_in,OOD-2,appendix,up,id_train,id_test_vs_places365,detector_declared,detector/vim_dim320,places365,far,,,,45195,C4,adamw,0.003,0.001,0.8071659392454561,0.00929719088826254,0.807166 ± 0.009297,0.796503744192699,0.8135814517779612,0.8114126217657084
metric_contract_v1.2,c38b09694be88aa74de0741b39e9d3ba0d6ff61a,35a1a66f78dfd6255c4d804586ee6863969be78d21acec5cd0ccf00476ddaa5c,f80984d28ef9a7550633fb3aea514f783f3db1fa655a6d3f49850b10857e6afc,4039a31891b5637f4198ad78f79d97e89aa97f4ccd6efa5779b14c5b4203059e,last,ood_metric/ap_in,OOD-2,appendix,up,id_train,id_test_vs_places365,detector_declared,detector/vim_dim64,places365,far,,,,45195,C4,adamw,0.003,0.001,0.801084984537847,0.009338503496976085,0.801085 ± 0.009339,0.7913495626233291,0.8099681428765042,0.8019372481137078
metric_contract_v1.2,c38b09694be88aa74de0741b39e9d3ba0d6ff61a,35a1a66f78dfd6255c4d804586ee6863969be78d21acec5cd0ccf00476ddaa5c,f80984d28ef9a7550633fb3aea514f783f3db1fa655a6d3f49850b10857e6afc,4039a31891b5637f4198ad78f79d97e89aa97f4ccd6efa5779b14c5b4203059e,last,ood_metric/ap_in,OOD-2,appendix,up,id_train,id_test_vs_places365,detector_declared,detector/weight_cosine_appendix,places365,far,,,,45195,C4,adamw,0.003,0.001,0.7806801787315871,0.014997952208180875,0.780680 ± 0.014998,0.766919934522581,0.7966669099701347,0.7784536917020456
metric_contract_v1.2,c38b09694be88aa74de0741b39e9d3ba0d6ff61a,35a1a66f78dfd6255c4d804586ee6863969be78d21acec5cd0ccf00476ddaa5c,f80984d28ef9a7550633fb3aea514f783f3db1fa655a6d3f49850b10857e6afc,4039a31891b5637f4198ad78f79d97e89aa97f4ccd6efa5779b14c5b4203059e,last,ood_metric/ap_in,OOD-2,appendix,up,,id_test_vs_places365,detector_declared,ood_score/energy_t1,places365,far,,,,45195,C4,adamw,0.003,0.001,0.8095458448882328,0.00903310536744431,0.809546 ± 0.009033,0.8014192649272762,0.8192718211731946,0.8079464485642276
metric_contract_v1.2,c38b09694be88aa74de0741b39e9d3ba0d6ff61a,35a1a66f78dfd6255c4d804586ee6863969be78d21acec5cd0ccf00476ddaa5c,f80984d28ef9a7550633fb3aea514f783f3db1fa655a6d3f49850b10857e6afc,4039a31891b5637f4198ad78f79d97e89aa97f4ccd6efa5779b14c5b4203059e,last,ood_metric/ap_in,OOD-2,appendix,up,,id_test_vs_places365,detector_declared,ood_score/max_logit,places365,far,,,,45195,C4,adamw,0.003,0.001,0.8095322170759695,0.009038979502853348,0.809532 ± 0.009039,0.8014211472651358,0.8192764302413901,0.8078990737213823
metric_contract_v1.2,c38b09694be88aa74de0741b39e9d3ba0d6ff61a,35a1a66f78dfd6255c4d804586ee6863969be78d21acec5cd0ccf00476ddaa5c,f80984d28ef9a7550633fb3aea514f783f3db1fa655a6d3f49850b10857e6afc,4039a31891b5637f4198ad78f79d97e89aa97f4ccd6efa5779b14c5b4203059e,last,ood_metric/ap_in,OOD-2,appendix,up,,id_test_vs_places365,detector_declared,ood_score/msp,places365,far,,,,45195,C4,adamw,0.003,0.001,0.804587416182163,0.008953744032189678,0.804587 ± 0.008954,0.794257681305654,0.8101290663558862,0.8093755008849488
metric_contract_v1.2,c38b09694be88aa74de0741b39e9d3ba0d6ff61a,35a1a66f78dfd6255c4d804586ee6863969be78d21acec5cd0ccf00476ddaa5c,f80984d28ef9a7550633fb3aea514f783f3db1fa655a6d3f49850b10857e6afc,4039a31891b5637f4198ad78f79d97e89aa97f4ccd6efa5779b14c5b4203059e,last,ood_metric/ap_out,OOD-3,appendix,up,id_train,id_test_vs_places365,detector_declared,detector/ctm_prototype_cosine,places365,far,,,,45195,C4,adamw,0.003,0.001,0.9675140584873771,0.0005658007497289867,0.967514 ± 0.000566,0.9679787046927052,0.9668839811687713,0.9676794896006553
metric_contract_v1.2,c38b09694be88aa74de0741b39e9d3ba0d6ff61a,35a1a66f78dfd6255c4d804586ee6863969be78d21acec5cd0ccf00476ddaa5c,f80984d28ef9a7550633fb3aea514f783f3db1fa655a6d3f49850b10857e6afc,4039a31891b5637f4198ad78f79d97e89aa97f4ccd6efa5779b14c5b4203059e,last,ood_metric/ap_out,OOD-3,appendix,up,id_train,id_test_vs_places365,detector_declared,detector/gda_class_density,places365,far,,,,45195,C4,adamw,0.003,0.001,0.7463023114849386,0.06817859283057891,0.746302 ± 0.068179,0.8241194774908775,0.6970647872748091,0.717722669689129
metric_contract_v1.2,c38b09694be88aa74de0741b39e9d3ba0d6ff61a,35a1a66f78dfd6255c4d804586ee6863969be78d21acec5cd0ccf00476ddaa5c,f80984d28ef9a7550633fb3aea514f783f3db1fa655a6d3f49850b10857e6afc,4039a31891b5637f4198ad78f79d97e89aa97f4ccd6efa5779b14c5b4203059e,last,ood_metric/ap_out,OOD-3,appendix,up,id_train,id_test_vs_places365,detector_declared,detector/knn_l2_k50,places365,far,,,,45195,C4,adamw,0.003,0.001,0.9708058372859908,0.00017256943620681887,0.970806 ± 0.000173,0.970994251838869,0.9707678009763452,0.9706554590427582
metric_contract_v1.2,c38b09694be88aa74de0741b39e9d3ba0d6ff61a,35a1a66f78dfd6255c4d804586ee6863969be78d21acec5cd0ccf00476ddaa5c,f80984d28ef9a7550633fb3aea514f783f3db1fa655a6d3f49850b10857e6afc,4039a31891b5637f4198ad78f79d97e89aa97f4ccd6efa5779b14c5b4203059e,last,ood_metric/ap_out,OOD-3,appendix,up,id_train,id_test_vs_places365,detector_declared,detector/mahalanobis_pp,places365,far,,,,45195,C4,adamw,0.003,0.001,0.9650303963509731,0.004631253825373049,0.965030 ± 0.004631,0.9641277443925194,0.9609169193140276,0.9700465253463725
metric_contract_v1.2,c38b09694be88aa74de0741b39e9d3ba0d6ff61a,35a1a66f78dfd6255c4d804586ee6863969be78d21acec5cd0ccf00476ddaa5c,f80984d28ef9a7550633fb3aea514f783f3db1fa655a6d3f49850b10857e6afc,4039a31891b5637f4198ad78f79d97e89aa97f4ccd6efa5779b14c5b4203059e,last,ood_metric/ap_out,OOD-3,appendix,up,id_train,id_test_vs_places365,detector_declared,detector/mahalanobis_raw,places365,far,,,,45195,C4,adamw,0.003,0.001,0.7780036467502702,0.009842220694667675,0.778004 ± 0.009842,0.7667394988051113,0.782328610740973,0.7849428307047266
metric_contract_v1.2,c38b09694be88aa74de0741b39e9d3ba0d6ff61a,35a1a66f78dfd6255c4d804586ee6863969be78d21acec5cd0ccf00476ddaa5c,f80984d28ef9a7550633fb3aea514f783f3db1fa655a6d3f49850b10857e6afc,4039a31891b5637f4198ad78f79d97e89aa97f4ccd6efa5779b14c5b4203059e,last,ood_metric/ap_out,OOD-3,appendix,up,id_train,id_test_vs_places365,detector_declared,detector/marginal_mahalanobis_raw,places365,far,,,,45195,C4,adamw,0.003,0.001,0.7475802157966056,0.009100673473380233,0.747580 ± 0.009101,0.7371657426167905,0.7515724137207628,0.7540024910522638
metric_contract_v1.2,c38b09694be88aa74de0741b39e9d3ba0d6ff61a,35a1a66f78dfd6255c4d804586ee6863969be78d21acec5cd0ccf00476ddaa5c,f80984d28ef9a7550633fb3aea514f783f3db1fa655a6d3f49850b10857e6afc,4039a31891b5637f4198ad78f79d97e89aa97f4ccd6efa5779b14c5b4203059e,last,ood_metric/ap_out,OOD-3,appendix,up,id_train,id_test_vs_places365,detector_declared,detector/ncp_euclidean_raw,places365,far,,,,45195,C4,adamw,0.003,0.001,0.9338785279819741,0.008387893208353732,0.933879 ± 0.008388,0.925077876408116,0.934776261674267,0.9417814458635394
metric_contract_v1.2,c38b09694be88aa74de0741b39e9d3ba0d6ff61a,35a1a66f78dfd6255c4d804586ee6863969be78d21acec5cd0ccf00476ddaa5c,f80984d28ef9a7550633fb3aea514f783f3db1fa655a6d3f49850b10857e6afc,4039a31891b5637f4198ad78f79d97e89aa97f4ccd6efa5779b14c5b4203059e,last,ood_metric/ap_out,OOD-3,appendix,up,id_train,id_test_vs_places365,detector_declared,detector/neco_author_std_dim100,places365,far,,,,45195,C4,adamw,0.003,0.001,0.9328206369221667,0.006937552938501667,0.932821 ± 0.006938,0.9253789625535392,0.9339732543499182,0.9391096938630429
metric_contract_v1.2,c38b09694be88aa74de0741b39e9d3ba0d6ff61a,35a1a66f78dfd6255c4d804586ee6863969be78d21acec5cd0ccf00476ddaa5c,f80984d28ef9a7550633fb3aea514f783f3db1fa655a6d3f49850b10857e6afc,4039a31891b5637f4198ad78f79d97e89aa97f4ccd6efa5779b14c5b4203059e,last,ood_metric/ap_out,OOD-3,appendix,up,id_train,id_test_vs_places365,detector_declared,detector/relative_mahalanobis_pp,places365,far,,,,45195,C4,adamw,0.003,0.001,0.9652410690753106,0.0012256890704049706,0.965241 ± 0.001226,0.9644780161264817,0.9666548873424236,0.9645903037570264
metric_contract_v1.2,c38b09694be88aa74de0741b39e9d3ba0d6ff61a,35a1a66f78dfd6255c4d804586ee6863969be78d21acec5cd0ccf00476ddaa5c,f80984d28ef9a7550633fb3aea514f783f3db1fa655a6d3f49850b10857e6afc,4039a31891b5637f4198ad78f79d97e89aa97f4ccd6efa5779b14c5b4203059e,last,ood_metric/ap_out,OOD-3,appendix,up,id_train,id_test_vs_places365,detector_declared,detector/relative_mahalanobis_raw,places365,far,,,,45195,C4,adamw,0.003,0.001,0.9695797253269304,0.0014227957663797551,0.969580 ± 0.001423,0.9682746620293516,0.9710965226378936,0.9693679913135457
metric_contract_v1.2,c38b09694be88aa74de0741b39e9d3ba0d6ff61a,35a1a66f78dfd6255c4d804586ee6863969be78d21acec5cd0ccf00476ddaa5c,f80984d28ef9a7550633fb3aea514f783f3db1fa655a6d3f49850b10857e6afc,4039a31891b5637f4198ad78f79d97e89aa97f4ccd6efa5779b14c5b4203059e,last,ood_metric/ap_out,OOD-3,appendix,up,id_train,id_test_vs_places365,detector_declared,detector/vim_author_dim,places365,far,,,,45195,C4,adamw,0.003,0.001,0.9602566427825275,0.002684816766544327,0.960257 ± 0.002685,0.9571607199106705,0.9619449154744244,0.9616642929624881
metric_contract_v1.2,c38b09694be88aa74de0741b39e9d3ba0d6ff61a,35a1a66f78dfd6255c4d804586ee6863969be78d21acec5cd0ccf00476ddaa5c,f80984d28ef9a7550633fb3aea514f783f3db1fa655a6d3f49850b10857e6afc,4039a31891b5637f4198ad78f79d97e89aa97f4ccd6efa5779b14c5b4203059e,last,ood_metric/ap_out,OOD-3,appendix,up,id_train,id_test_vs_places365,detector_declared,detector/vim_dim128,places365,far,,,,45195,C4,adamw,0.003,0.001,0.9600269764381374,0.0024432842834723524,0.960027 ± 0.002443,0.9572076916548208,0.961528068667318,0.9613451689922732
metric_contract_v1.2,c38b09694be88aa74de0741b39e9d3ba0d6ff61a,35a1a66f78dfd6255c4d804586ee6863969be78d21acec5cd0ccf00476ddaa5c,f80984d28ef9a7550633fb3aea514f783f3db1fa655a6d3f49850b10857e6afc,4039a31891b5637f4198ad78f79d97e89aa97f4ccd6efa5779b14c5b4203059e,last,ood_metric/ap_out,OOD-3,appendix,up,id_train,id_test_vs_places365,detector_declared,detector/vim_dim256,places365,far,,,,45195,C4,adamw,0.003,0.001,0.9603882591945186,0.002662350701002706,0.960388 ± 0.002662,0.9573225454679585,0.9621190068489311,0.9617232252666663
metric_contract_v1.2,c38b09694be88aa74de0741b39e9d3ba0d6ff61a,35a1a66f78dfd6255c4d804586ee6863969be78d21acec5cd0ccf00476ddaa5c,f80984d28ef9a7550633fb3aea514f783f3db1fa655a6d3f49850b10857e6afc,4039a31891b5637f4198ad78f79d97e89aa97f4ccd6efa5779b14c5b4203059e,last,ood_metric/ap_out,OOD-3,appendix,up,id_train,id_test_vs_places365,detector_declared,detector/vim_dim320,places365,far,,,,45195,C4,adamw,0.003,0.001,0.9602566427825275,0.002684816766544327,0.960257 ± 0.002685,0.9571607199106705,0.9619449154744244,0.9616642929624881
metric_contract_v1.2,c38b09694be88aa74de0741b39e9d3ba0d6ff61a,35a1a66f78dfd6255c4d804586ee6863969be78d21acec5cd0ccf00476ddaa5c,f80984d28ef9a7550633fb3aea514f783f3db1fa655a6d3f49850b10857e6afc,4039a31891b5637f4198ad78f79d97e89aa97f4ccd6efa5779b14c5b4203059e,last,ood_metric/ap_out,OOD-3,appendix,up,id_train,id_test_vs_places365,detector_declared,detector/vim_dim64,places365,far,,,,45195,C4,adamw,0.003,0.001,0.9595599102750371,0.0026307068127051883,0.959560 ± 0.002631,0.9566913647959671,0.961859748413773,0.960128617615371
metric_contract_v1.2,c38b09694be88aa74de0741b39e9d3ba0d6ff61a,35a1a66f78dfd6255c4d804586ee6863969be78d21acec5cd0ccf00476ddaa5c,f80984d28ef9a7550633fb3aea514f783f3db1fa655a6d3f49850b10857e6afc,4039a31891b5637f4198ad78f79d97e89aa97f4ccd6efa5779b14c5b4203059e,last,ood_metric/ap_out,OOD-3,appendix,up,id_train,id_test_vs_places365,detector_declared,detector/weight_cosine_appendix,places365,far,,,,45195,C4,adamw,0.003,0.001,0.9581685091750258,0.0019480931934800789,0.958169 ± 0.001948,0.956097915003996,0.9599650860544775,0.9584425264666039
metric_contract_v1.2,c38b09694be88aa74de0741b39e9d3ba0d6ff61a,35a1a66f78dfd6255c4d804586ee6863969be78d21acec5cd0ccf00476ddaa5c,f80984d28ef9a7550633fb3aea514f783f3db1fa655a6d3f49850b10857e6afc,4039a31891b5637f4198ad78f79d97e89aa97f4ccd6efa5779b14c5b4203059e,last,ood_metric/ap_out,OOD-3,appendix,up,,id_test_vs_places365,detector_declared,ood_score/energy_t1,places365,far,,,,45195,C4,adamw,0.003,0.001,0.9614603461572465,0.0014899951603407303,0.961460 ± 0.001490,0.9598388037321612,0.9627691491966589,0.9617730855429194
metric_contract_v1.2,c38b09694be88aa74de0741b39e9d3ba0d6ff61a,35a1a66f78dfd6255c4d804586ee6863969be78d21acec5cd0ccf00476ddaa5c,f80984d28ef9a7550633fb3aea514f783f3db1fa655a6d3f49850b10857e6afc,4039a31891b5637f4198ad78f79d97e89aa97f4ccd6efa5779b14c5b4203059e,last,ood_metric/ap_out,OOD-3,appendix,up,,id_test_vs_places365,detector_declared,ood_score/max_logit,places365,far,,,,45195,C4,adamw,0.003,0.001,0.9615741023168916,0.0014534795978107058,0.961574 ± 0.001453,0.9599834564673917,0.962833092447031,0.9619057580362518
metric_contract_v1.2,c38b09694be88aa74de0741b39e9d3ba0d6ff61a,35a1a66f78dfd6255c4d804586ee6863969be78d21acec5cd0ccf00476ddaa5c,f80984d28ef9a7550633fb3aea514f783f3db1fa655a6d3f49850b10857e6afc,4039a31891b5637f4198ad78f79d97e89aa97f4ccd6efa5779b14c5b4203059e,last,ood_metric/ap_out,OOD-3,appendix,up,,id_test_vs_places365,detector_declared,ood_score/msp,places365,far,,,,45195,C4,adamw,0.003,0.001,0.9537307451372184,0.0012107784167929127,0.953731 ± 0.001211,0.952477356555089,0.9548938601318473,0.9538210187247191
metric_contract_v1.2,c38b09694be88aa74de0741b39e9d3ba0d6ff61a,35a1a66f78dfd6255c4d804586ee6863969be78d21acec5cd0ccf00476ddaa5c,f80984d28ef9a7550633fb3aea514f783f3db1fa655a6d3f49850b10857e6afc,4039a31891b5637f4198ad78f79d97e89aa97f4ccd6efa5779b14c5b4203059e,last,ood_metric/aupr_in_openood_auc,OOD-2,primary,up,id_train,id_test_vs_places365,detector_declared,detector/ctm_prototype_cosine,places365,far,,,,45195,C4,adamw,0.003,0.001,0.787750445388501,0.0010642573260001204,0.787750 ± 0.001064,0.788414544318141,0.7883138696054177,0.7865229222419442
metric_contract_v1.2,c38b09694be88aa74de0741b39e9d3ba0d6ff61a,35a1a66f78dfd6255c4d804586ee6863969be78d21acec5cd0ccf00476ddaa5c,f80984d28ef9a7550633fb3aea514f783f3db1fa655a6d3f49850b10857e6afc,4039a31891b5637f4198ad78f79d97e89aa97f4ccd6efa5779b14c5b4203059e,last,ood_metric/aupr_in_openood_auc,OOD-2,primary,up,id_train,id_test_vs_places365,detector_declared,detector/gda_class_density,places365,far,,,,45195,C4,adamw,0.003,0.001,0.26232771399757004,0.0413616857045654,0.262328 ± 0.041362,0.30630966306376606,0.2564606397859562,0.22421283914298795
metric_contract_v1.2,c38b09694be88aa74de0741b39e9d3ba0d6ff61a,35a1a66f78dfd6255c4d804586ee6863969be78d21acec5cd0ccf00476ddaa5c,f80984d28ef9a7550633fb3aea514f783f3db1fa655a6d3f49850b10857e6afc,4039a31891b5637f4198ad78f79d97e89aa97f4ccd6efa5779b14c5b4203059e,last,ood_metric/aupr_in_openood_auc,OOD-2,primary,up,id_train,id_test_vs_places365,detector_declared,detector/knn_l2_k50,places365,far,,,,45195,C4,adamw,0.003,0.001,0.8007894157399917,0.004538562207794718,0.800789 ± 0.004539,0.8042936935235162,0.8024119731050718,0.7956625805913873
metric_contract_v1.2,c38b09694be88aa74de0741b39e9d3ba0d6ff61a,35a1a66f78dfd6255c4d804586ee6863969be78d21acec5cd0ccf00476ddaa5c,f80984d28ef9a7550633fb3aea514f783f3db1fa655a6d3f49850b10857e6afc,4039a31891b5637f4198ad78f79d97e89aa97f4ccd6efa5779b14c5b4203059e,last,ood_metric/aupr_in_openood_auc,OOD-2,primary,up,id_train,id_test_vs_places365,detector_declared,detector/mahalanobis_pp,places365,far,,,,45195,C4,adamw,0.003,0.001,0.7740640851093065,0.02415963440093681,0.774064 ± 0.024160,0.779202209627477,0.7477487033098428,0.7952413423905997
metric_contract_v1.2,c38b09694be88aa74de0741b39e9d3ba0d6ff61a,35a1a66f78dfd6255c4d804586ee6863969be78d21acec5cd0ccf00476ddaa5c,f80984d28ef9a7550633fb3aea514f783f3db1fa655a6d3f49850b10857e6afc,4039a31891b5637f4198ad78f79d97e89aa97f4ccd6efa5779b14c5b4203059e,last,ood_metric/aupr_in_openood_auc,OOD-2,primary,up,id_train,id_test_vs_places365,detector_declared,detector/mahalanobis_raw,places365,far,,,,45195,C4,adamw,0.003,0.001,0.22712107325274075,0.009076452875432357,0.227121 ± 0.009076,0.2168611041347926,0.2303985535407328,0.2341035620826969
metric_contract_v1.2,c38b09694be88aa74de0741b39e9d3ba0d6ff61a,35a1a66f78dfd6255c4d804586ee6863969be78d21acec5cd0ccf00476ddaa5c,f80984d28ef9a7550633fb3aea514f783f3db1fa655a6d3f49850b10857e6afc,4039a31891b5637f4198ad78f79d97e89aa97f4ccd6efa5779b14c5b4203059e,last,ood_metric/aupr_in_openood_auc,OOD-2,primary,up,id_train,id_test_vs_places365,detector_declared,detector/marginal_mahalanobis_raw,places365,far,,,,45195,C4,adamw,0.003,0.001,0.18426226550813563,0.00474143504174776,0.184262 ± 0.004741,0.17878949088488344,0.1871319183345381,0.1868653873049854
metric_contract_v1.2,c38b09694be88aa74de0741b39e9d3ba0d6ff61a,35a1a66f78dfd6255c4d804586ee6863969be78d21acec5cd0ccf00476ddaa5c,f80984d28ef9a7550633fb3aea514f783f3db1fa655a6d3f49850b10857e6afc,4039a31891b5637f4198ad78f79d97e89aa97f4ccd6efa5779b14c5b4203059e,last,ood_metric/aupr_in_openood_auc,OOD-2,primary,up,id_train,id_test_vs_places365,detector_declared,detector/ncp_euclidean_raw,places365,far,,,,45195,C4,adamw,0.003,0.001,0.6933246266925314,0.015011701114461741,0.693325 ± 0.015012,0.6778121950815621,0.6943819978598578,0.7077796871361743
metric_contract_v1.2,c38b09694be88aa74de0741b39e9d3ba0d6ff61a,35a1a66f78dfd6255c4d804586ee6863969be78d21acec5cd0ccf00476ddaa5c,f80984d28ef9a7550633fb3aea514f783f3db1fa655a6d3f49850b10857e6afc,4039a31891b5637f4198ad78f79d97e89aa97f4ccd6efa5779b14c5b4203059e,last,ood_metric/aupr_in_openood_auc,OOD-2,primary,up,id_train,id_test_vs_places365,detector_declared,detector/neco_author_std_dim100,places365,far,,,,45195,C4,adamw,0.003,0.001,0.6815768379589602,0.037381007644491836,0.681577 ± 0.037381,0.6384282950927225,0.7021550326340464,0.7041471861501116
metric_contract_v1.2,c38b09694be88aa74de0741b39e9d3ba0d6ff61a,35a1a66f78dfd6255c4d804586ee6863969be78d21acec5cd0ccf00476ddaa5c,f80984d28ef9a7550633fb3aea514f783f3db1fa655a6d3f49850b10857e6afc,4039a31891b5637f4198ad78f79d97e89aa97f4ccd6efa5779b14c5b4203059e,last,ood_metric/aupr_in_openood_auc,OOD-2,primary,up,id_train,id_test_vs_places365,detector_declared,detector/relative_mahalanobis_pp,places365,far,,,,45195,C4,adamw,0.003,0.001,0.795777547431757,0.009576054626185779,0.795778 ± 0.009576,0.7918633971247302,0.8066906480840169,0.7887785970865242
metric_contract_v1.2,c38b09694be88aa74de0741b39e9d3ba0d6ff61a,35a1a66f78dfd6255c4d804586ee6863969be78d21acec5cd0ccf00476ddaa5c,f80984d28ef9a7550633fb3aea514f783f3db1fa655a6d3f49850b10857e6afc,4039a31891b5637f4198ad78f79d97e89aa97f4ccd6efa5779b14c5b4203059e,last,ood_metric/aupr_in_openood_auc,OOD-2,primary,up,id_train,id_test_vs_places365,detector_declared,detector/relative_mahalanobis_raw,places365,far,,,,45195,C4,adamw,0.003,0.001,0.821058101108051,0.009212924621200748,0.821058 ± 0.009213,0.8149164446846082,0.8316514303904412,0.8166064282491032
metric_contract_v1.2,c38b09694be88aa74de0741b39e9d3ba0d6ff61a,35a1a66f78dfd6255c4d804586ee6863969be78d21acec5cd0ccf00476ddaa5c,f80984d28ef9a7550633fb3aea514f783f3db1fa655a6d3f49850b10857e6afc,4039a31891b5637f4198ad78f79d97e89aa97f4ccd6efa5779b14c5b4203059e,last,ood_metric/aupr_in_openood_auc,OOD-2,primary,up,id_train,id_test_vs_places365,detector_declared,detector/vim_author_dim,places365,far,,,,45195,C4,adamw,0.003,0.001,0.8071554355536383,0.009297924365613705,0.807155 ± 0.009298,0.7964923538507784,0.8135711415019393,0.8114028113081974
metric_contract_v1.2,c38b09694be88aa74de0741b39e9d3ba0d6ff61a,35a1a66f78dfd6255c4d804586ee6863969be78d21acec5cd0ccf00476ddaa5c,f80984d28ef9a7550633fb3aea514f783f3db1fa655a6d3f49850b10857e6afc,4039a31891b5637f4198ad78f79d97e89aa97f4ccd6efa5779b14c5b4203059e,last,ood_metric/aupr_in_openood_auc,OOD-2,primary,up,id_train,id_test_vs_places365,detector_declared,detector/vim_dim128,places365,far,,,,45195,C4,adamw,0.003,0.001,0.8050747298187014,0.00701136443279592,0.805075 ± 0.007011,0.7971790740103306,0.8105727821344739,0.8074723333112999
metric_contract_v1.2,c38b09694be88aa74de0741b39e9d3ba0d6ff61a,35a1a66f78dfd6255c4d804586ee6863969be78d21acec5cd0ccf00476ddaa5c,f80984d28ef9a7550633fb3aea514f783f3db1fa655a6d3f49850b10857e6afc,4039a31891b5637f4198ad78f79d97e89aa97f4ccd6efa5779b14c5b4203059e,last,ood_metric/aupr_in_openood_auc,OOD-2,primary,up,id_train,id_test_vs_places365,detector_declared,detector/vim_dim256,places365,far,,,,45195,C4,adamw,0.003,0.001,0.8080086736056168,0.00919575023563881,0.808009 ± 0.009196,0.7974525335213432,0.8142806009248031,0.8122928863707042
metric_contract_v1.2,c38b09694be88aa74de0741b39e9d3ba0d6ff61a,35a1a66f78dfd6255c4d804586ee6863969be78d21acec5cd0ccf00476ddaa5c,f80984d28ef9a7550633fb3aea514f783f3db1fa655a6d3f49850b10857e6afc,4039a31891b5637f4198ad78f79d97e89aa97f4ccd6efa5779b14c5b4203059e,last,ood_metric/aupr_in_openood_auc,OOD-2,primary,up,id_train,id_test_vs_places365,detector_declared,detector/vim_dim320,places365,far,,,,45195,C4,adamw,0.003,0.001,0.8071554355536383,0.009297924365613705,0.807155 ± 0.009298,0.7964923538507784,0.8135711415019393,0.8114028113081974
metric_contract_v1.2,c38b09694be88aa74de0741b39e9d3ba0d6ff61a,35a1a66f78dfd6255c4d804586ee6863969be78d21acec5cd0ccf00476ddaa5c,f80984d28ef9a7550633fb3aea514f783f3db1fa655a6d3f49850b10857e6afc,4039a31891b5637f4198ad78f79d97e89aa97f4ccd6efa5779b14c5b4203059e,last,ood_metric/aupr_in_openood_auc,OOD-2,primary,up,id_train,id_test_vs_places365,detector_declared,detector/vim_dim64,places365,far,,,,45195,C4,adamw,0.003,0.001,0.8010739863325395,0.009339904715970583,0.801074 ± 0.009340,0.7913369035493225,0.8099582137499715,0.8019268416983247
metric_contract_v1.2,c38b09694be88aa74de0741b39e9d3ba0d6ff61a,35a1a66f78dfd6255c4d804586ee6863969be78d21acec5cd0ccf00476ddaa5c,f80984d28ef9a7550633fb3aea514f783f3db1fa655a6d3f49850b10857e6afc,4039a31891b5637f4198ad78f79d97e89aa97f4ccd6efa5779b14c5b4203059e,last,ood_metric/aupr_in_openood_auc,OOD-2,primary,up,id_train,id_test_vs_places365,detector_declared,detector/weight_cosine_appendix,places365,far,,,,45195,C4,adamw,0.003,0.001,0.7806669844964103,0.01500072773478946,0.780667 ± 0.015001,0.7669040685962081,0.7966565949494206,0.7784402899436019
metric_contract_v1.2,c38b09694be88aa74de0741b39e9d3ba0d6ff61a,35a1a66f78dfd6255c4d804586ee6863969be78d21acec5cd0ccf00476ddaa5c,f80984d28ef9a7550633fb3aea514f783f3db1fa655a6d3f49850b10857e6afc,4039a31891b5637f4198ad78f79d97e89aa97f4ccd6efa5779b14c5b4203059e,last,ood_metric/aupr_in_openood_auc,OOD-2,primary,up,,id_test_vs_places365,detector_declared,ood_score/energy_t1,places365,far,,,,45195,C4,adamw,0.003,0.001,0.8095338333128274,0.009034417593999292,0.809534 ± 0.009034,0.8014066872456371,0.8192615765296603,0.8079332361631848
metric_contract_v1.2,c38b09694be88aa74de0741b39e9d3ba0d6ff61a,35a1a66f78dfd6255c4d804586ee6863969be78d21acec5cd0ccf00476ddaa5c,f80984d28ef9a7550633fb3aea514f783f3db1fa655a6d3f49850b10857e6afc,4039a31891b5637f4198ad78f79d97e89aa97f4ccd6efa5779b14c5b4203059e,last,ood_metric/aupr_in_openood_auc,OOD-2,primary,up,,id_test_vs_places365,detector_declared,ood_score/max_logit,places365,far,,,,45195,C4,adamw,0.003,0.001,0.809520226370228,0.009040279640355175,0.809520 ± 0.009040,0.8014086010649759,0.8192661890346038,0.8078858890111043
metric_contract_v1.2,c38b09694be88aa74de0741b39e9d3ba0d6ff61a,35a1a66f78dfd6255c4d804586ee6863969be78d21acec5cd0ccf00476ddaa5c,f80984d28ef9a7550633fb3aea514f783f3db1fa655a6d3f49850b10857e6afc,4039a31891b5637f4198ad78f79d97e89aa97f4ccd6efa5779b14c5b4203059e,last,ood_metric/aupr_in_openood_auc,OOD-2,primary,up,,id_test_vs_places365,detector_declared,ood_score/msp,places365,far,,,,45195,C4,adamw,0.003,0.001,0.8088155113652514,0.00827305229613387,0.808816 ± 0.008273,0.7992712886953275,0.8139401202388563,0.8132351251615703
metric_contract_v1.2,c38b09694be88aa74de0741b39e9d3ba0d6ff61a,35a1a66f78dfd6255c4d804586ee6863969be78d21acec5cd0ccf00476ddaa5c,f80984d28ef9a7550633fb3aea514f783f3db1fa655a6d3f49850b10857e6afc,4039a31891b5637f4198ad78f79d97e89aa97f4ccd6efa5779b14c5b4203059e,last,ood_metric/aupr_out_openood_auc,OOD-3,primary,up,id_train,id_test_vs_places365,detector_declared,detector/ctm_prototype_cosine,places365,far,,,,45195,C4,adamw,0.003,0.001,0.967513337886505,0.0005658148787700509,0.967513 ± 0.000566,0.9679779946941,0.9668832444573416,0.9676787745080734
metric_contract_v1.2,c38b09694be88aa74de0741b39e9d3ba0d6ff61a,35a1a66f78dfd6255c4d804586ee6863969be78d21acec5cd0ccf00476ddaa5c,f80984d28ef9a7550633fb3aea514f783f3db1fa655a6d3f49850b10857e6afc,4039a31891b5637f4198ad78f79d97e89aa97f4ccd6efa5779b14c5b4203059e,last,ood_metric/aupr_out_openood_auc,OOD-3,primary,up,id_train,id_test_vs_places365,detector_declared,detector/gda_class_density,places365,far,,,,45195,C4,adamw,0.003,0.001,0.7462730356976026,0.06818589328541497,0.746273 ± 0.068186,0.8240972714403192,0.6970237377742883,0.7176980978782005
metric_contract_v1.2,c38b09694be88aa74de0741b39e9d3ba0d6ff61a,35a1a66f78dfd6255c4d804586ee6863969be78d21acec5cd0ccf00476ddaa5c,f80984d28ef9a7550633fb3aea514f783f3db1fa655a6d3f49850b10857e6afc,4039a31891b5637f4198ad78f79d97e89aa97f4ccd6efa5779b14c5b4203059e,last,ood_metric/aupr_out_openood_auc,OOD-3,primary,up,id_train,id_test_vs_places365,detector_declared,detector/knn_l2_k50,places365,far,,,,45195,C4,adamw,0.003,0.001,0.9708052021176142,0.00017254465006196233,0.970805 ± 0.000173,0.9709935877712489,0.9707671768116033,0.9706548417699908
metric_contract_v1.2,c38b09694be88aa74de0741b39e9d3ba0d6ff61a,35a1a66f78dfd6255c4d804586ee6863969be78d21acec5cd0ccf00476ddaa5c,f80984d28ef9a7550633fb3aea514f783f3db1fa655a6d3f49850b10857e6afc,4039a31891b5637f4198ad78f79d97e89aa97f4ccd6efa5779b14c5b4203059e,last,ood_metric/aupr_out_openood_auc,OOD-3,primary,up,id_train,id_test_vs_places365,detector_declared,detector/mahalanobis_pp,places365,far,,,,45195,C4,adamw,0.003,0.001,0.9650215300255646,0.004637006374170609,0.965022 ± 0.004637,0.9641122437972771,0.9609065203049314,0.9700458259744851
metric_contract_v1.2,c38b09694be88aa74de0741b39e9d3ba0d6ff61a,35a1a66f78dfd6255c4d804586ee6863969be78d21acec5cd0ccf00476ddaa5c,f80984d28ef9a7550633fb3aea514f783f3db1fa655a6d3f49850b10857e6afc,4039a31891b5637f4198ad78f79d97e89aa97f4ccd6efa5779b14c5b4203059e,last,ood_metric/aupr_out_openood_auc,OOD-3,primary,up,id_train,id_test_vs_places365,detector_declared,detector/mahalanobis_raw,places365,far,,,,45195,C4,adamw,0.003,0.001,0.7779784352235956,0.009848822491795523,0.777978 ± 0.009849,0.7667079046794847,0.7822981548234695,0.7849292461678324
metric_contract_v1.2,c38b09694be88aa74de0741b39e9d3ba0d6ff61a,35a1a66f78dfd6255c4d804586ee6863969be78d21acec5cd0ccf00476ddaa5c,f80984d28ef9a7550633fb3aea514f783f3db1fa655a6d3f49850b10857e6afc,4039a31891b5637f4198ad78f79d97e89aa97f4ccd6efa5779b14c5b4203059e,last,ood_metric/aupr_out_openood_auc,OOD-3,primary,up,id_train,id_test_vs_places365,detector_declared,detector/marginal_mahalanobis_raw,places365,far,,,,45195,C4,adamw,0.003,0.001,0.7475534183015505,0.009107202066021253,0.747553 ± 0.009107,0.7371326697976985,0.751540219941842,0.753987365165111
metric_contract_v1.2,c38b09694be88aa74de0741b39e9d3ba0d6ff61a,35a1a66f78dfd6255c4d804586ee6863969be78d21acec5cd0ccf00476ddaa5c,f80984d28ef9a7550633fb3aea514f783f3db1fa655a6d3f49850b10857e6afc,4039a31891b5637f4198ad78f79d97e89aa97f4ccd6efa5779b14c5b4203059e,last,ood_metric/aupr_out_openood_auc,OOD-3,primary,up,id_train,id_test_vs_places365,detector_declared,detector/ncp_euclidean_raw,places365,far,,,,45195,C4,adamw,0.003,0.001,0.9338592607712304,0.008395592778175979,0.933859 ± 0.008396,0.9250528078971849,0.9347523919203907,0.9417725824961154
metric_contract_v1.2,c38b09694be88aa74de0741b39e9d3ba0d6ff61a,35a1a66f78dfd6255c4d804586ee6863969be78d21acec5cd0ccf00476ddaa5c,f80984d28ef9a7550633fb3aea514f783f3db1fa655a6d3f49850b10857e6afc,4039a31891b5637f4198ad78f79d97e89aa97f4ccd6efa5779b14c5b4203059e,last,ood_metric/aupr_out_openood_auc,OOD-3,primary,up,id_train,id_test_vs_places365,detector_declared,detector/neco_author_std_dim100,places365,far,,,,45195,C4,adamw,0.003,0.001,0.9328172679803971,0.006938434219309849,0.932817 ± 0.006938,0.9253746494043319,0.9339700288526711,0.9391071256841884
metric_contract_v1.2,c38b09694be88aa74de0741b39e9d3ba0d6ff61a,35a1a66f78dfd6255c4d804586ee6863969be78d21acec5cd0ccf00476ddaa5c,f80984d28ef9a7550633fb3aea514f783f3db1fa655a6d3f49850b10857e6afc,4039a31891b5637f4198ad78f79d97e89aa97f4ccd6efa5779b14c5b4203059e,last,ood_metric/aupr_out_openood_auc,OOD-3,primary,up,id_train,id_test_vs_places365,detector_declared,detector/relative_mahalanobis_pp,places365,far,,,,45195,C4,adamw,0.003,0.001,0.9652398680427551,0.0012257212884772368,0.965240 ± 0.001226,0.9644767239895016,0.9666537196063845,0.9645891605323795
metric_contract_v1.2,c38b09694be88aa74de0741b39e9d3ba0d6ff61a,35a1a66f78dfd6255c4d804586ee6863969be78d21acec5cd0ccf00476ddaa5c,f80984d28ef9a7550633fb3aea514f783f3db1fa655a6d3f49850b10857e6afc,4039a31891b5637f4198ad78f79d97e89aa97f4ccd6efa5779b14c5b4203059e,last,ood_metric/aupr_out_openood_auc,OOD-3,primary,up,id_train,id_test_vs_places365,detector_declared,detector/relative_mahalanobis_raw,places365,far,,,,45195,C4,adamw,0.003,0.001,0.969578561406216,0.001423053091616762,0.969579 ± 0.001423,0.9682731299129935,0.9710955494270194,0.9693670048786351
metric_contract_v1.2,c38b09694be88aa74de0741b39e9d3ba0d6ff61a,35a1a66f78dfd6255c4d804586ee6863969be78d21acec5cd0ccf00476ddaa5c,f80984d28ef9a7550633fb3aea514f783f3db1fa655a6d3f49850b10857e6afc,4039a31891b5637f4198ad78f79d97e89aa97f4ccd6efa5779b14c5b4203059e,last,ood_metric/aupr_out_openood_auc,OOD-3,primary,up,id_train,id_test_vs_places365,detector_declared,detector/vim_author_dim,places365,far,,,,45195,C4,adamw,0.003,0.001,0.9602549380479926,0.002685044789117233,0.960255 ± 0.002685,0.9571587507305268,0.9619433299281644,0.9616627334852863
metric_contract_v1.2,c38b09694be88aa74de0741b39e9d3ba0d6ff61a,35a1a66f78dfd6255c4d804586ee6863969be78d21acec5cd0ccf00476ddaa5c,f80984d28ef9a7550633fb3aea514f783f3db1fa655a6d3f49850b10857e6afc,4039a31891b5637f4198ad78f79d97e89aa97f4ccd6efa5779b14c5b4203059e,last,ood_metric/aupr_out_openood_auc,OOD-3,primary,up,id_train,id_test_vs_places365,detector_declared,detector/vim_dim128,places365,far,,,,45195,C4,adamw,0.003,0.001,0.960025160277274,0.0024435466333719057,0.960025 ± 0.002444,0.9572055737566614,0.9615264359897122,0.9613434710854483
metric_contract_v1.2,c38b09694be88aa74de0741b39e9d3ba0d6ff61a,35a1a66f78dfd6255c4d804586ee6863969be78d21acec5cd0ccf00476ddaa5c,f80984d28ef9a7550633fb3aea514f783f3db1fa655a6d3f49850b10857e6afc,4039a31891b5637f4198ad78f79d97e89aa97f4ccd6efa5779b14c5b4203059e,last,ood_metric/aupr_out_openood_auc,OOD-3,primary,up,id_train,id_test_vs_places365,detector_declared,detector/vim_dim256,places365,far,,,,45195,C4,adamw,0.003,0.001,0.9603864780066877,0.0026625789894217855,0.960386 ± 0.002663,0.9573205003150482,0.962117361952717,0.961721571752298
metric_contract_v1.2,c38b09694be88aa74de0741b39e9d3ba0d6ff61a,35a1a66f78dfd6255c4d804586ee6863969be78d21acec5cd0ccf00476ddaa5c,f80984d28ef9a7550633fb3aea514f783f3db1fa655a6d3f49850b10857e6afc,4039a31891b5637f4198ad78f79d97e89aa97f4ccd6efa5779b14c5b4203059e,last,ood_metric/aupr_out_openood_auc,OOD-3,primary,up,id_train,id_test_vs_places365,detector_declared,detector/vim_dim320,places365,far,,,,45195,C4,adamw,0.003,0.001,0.9602549380479926,0.002685044789117233,0.960255 ± 0.002685,0.9571587507305268,0.9619433299281644,0.9616627334852863
metric_contract_v1.2,c38b09694be88aa74de0741b39e9d3ba0d6ff61a,35a1a66f78dfd6255c4d804586ee6863969be78d21acec5cd0ccf00476ddaa5c,f80984d28ef9a7550633fb3aea514f783f3db1fa655a6d3f49850b10857e6afc,4039a31891b5637f4198ad78f79d97e89aa97f4ccd6efa5779b14c5b4203059e,last,ood_metric/aupr_out_openood_auc,OOD-3,primary,up,id_train,id_test_vs_places365,detector_declared,detector/vim_dim64,places365,far,,,,45195,C4,adamw,0.003,0.001,0.9595580567951961,0.0026309002959344,0.959558 ± 0.002631,0.9566893561320986,0.9618581748475024,0.9601266394059874
metric_contract_v1.2,c38b09694be88aa74de0741b39e9d3ba0d6ff61a,35a1a66f78dfd6255c4d804586ee6863969be78d21acec5cd0ccf00476ddaa5c,f80984d28ef9a7550633fb3aea514f783f3db1fa655a6d3f49850b10857e6afc,4039a31891b5637f4198ad78f79d97e89aa97f4ccd6efa5779b14c5b4203059e,last,ood_metric/aupr_out_openood_auc,OOD-3,primary,up,id_train,id_test_vs_places365,detector_declared,detector/weight_cosine_appendix,places365,far,,,,45195,C4,adamw,0.003,0.001,0.9581653158686579,0.0019470555149817578,0.958165 ± 0.001947,0.9560951307467647,0.959959865702425,0.9584409511567837
metric_contract_v1.2,c38b09694be88aa74de0741b39e9d3ba0d6ff61a,35a1a66f78dfd6255c4d804586ee6863969be78d21acec5cd0ccf00476ddaa5c,f80984d28ef9a7550633fb3aea514f783f3db1fa655a6d3f49850b10857e6afc,4039a31891b5637f4198ad78f79d97e89aa97f4ccd6efa5779b14c5b4203059e,last,ood_metric/aupr_out_openood_auc,OOD-3,primary,up,,id_test_vs_places365,detector_declared,ood_score/energy_t1,places365,far,,,,45195,C4,adamw,0.003,0.001,0.9614575591812485,0.0014901446491858343,0.961458 ± 0.001490,0.9598357028909673,0.962766199799363,0.961770774853415
metric_contract_v1.2,c38b09694be88aa74de0741b39e9d3ba0d6ff61a,35a1a66f78dfd6255c4d804586ee6863969be78d21acec5cd0ccf00476ddaa5c,f80984d28ef9a7550633fb3aea514f783f3db1fa655a6d3f49850b10857e6afc,4039a31891b5637f4198ad78f79d97e89aa97f4ccd6efa5779b14c5b4203059e,last,ood_metric/aupr_out_openood_auc,OOD-3,primary,up,,id_test_vs_places365,detector_declared,ood_score/max_logit,places365,far,,,,45195,C4,adamw,0.003,0.001,0.9615713502891247,0.001453692620519342,0.961571 ± 0.001454,0.959980306804677,0.962830183706034,0.9619035603566631
metric_contract_v1.2,c38b09694be88aa74de0741b39e9d3ba0d6ff61a,35a1a66f78dfd6255c4d804586ee6863969be78d21acec5cd0ccf00476ddaa5c,f80984d28ef9a7550633fb3aea514f783f3db1fa655a6d3f49850b10857e6afc,4039a31891b5637f4198ad78f79d97e89aa97f4ccd6efa5779b14c5b4203059e,last,ood_metric/aupr_out_openood_auc,OOD-3,primary,up,,id_test_vs_places365,detector_declared,ood_score/msp,places365,far,,,,45195,C4,adamw,0.003,0.001,0.9537903553568752,0.0011986623594734533,0.953790 ± 0.001199,0.9525554573454399,0.9549491560302114,0.953866452694974
metric_contract_v1.2,c38b09694be88aa74de0741b39e9d3ba0d6ff61a,35a1a66f78dfd6255c4d804586ee6863969be78d21acec5cd0ccf00476ddaa5c,f80984d28ef9a7550633fb3aea514f783f3db1fa655a6d3f49850b10857e6afc,4039a31891b5637f4198ad78f79d97e89aa97f4ccd6efa5779b14c5b4203059e,last,ood_metric/auroc_id_positive,OOD-1,primary,up,id_train,id_test_vs_places365,detector_declared,detector/ctm_prototype_cosine,places365,far,,,,45195,C4,adamw,0.003,0.001,0.9069469555334564,0.0013858803028515662,0.906947 ± 0.001386,0.9083597584884215,0.9055896661457594,0.9068914419661884
metric_contract_v1.2,c38b09694be88aa74de0741b39e9d3ba0d6ff61a,35a1a66f78dfd6255c4d804586ee6863969be78d21acec5cd0ccf00476ddaa5c,f80984d28ef9a7550633fb3aea514f783f3db1fa655a6d3f49850b10857e6afc,4039a31891b5637f4198ad78f79d97e89aa97f4ccd6efa5779b14c5b4203059e,last,ood_metric/auroc_id_positive,OOD-1,primary,up,id_train,id_test_vs_places365,detector_declared,detector/gda_class_density,places365,far,,,,45195,C4,adamw,0.003,0.001,0.4502364142633897,0.11829537053747759,0.450236 ± 0.118295,0.5861619860775679,0.37057004404034666,0.3939772126722546
metric_contract_v1.2,c38b09694be88aa74de0741b39e9d3ba0d6ff61a,35a1a66f78dfd6255c4d804586ee6863969be78d21acec5cd0ccf00476ddaa5c,f80984d28ef9a7550633fb3aea514f783f3db1fa655a6d3f49850b10857e6afc,4039a31891b5637f4198ad78f79d97e89aa97f4ccd6efa5779b14c5b4203059e,last,ood_metric/auroc_id_positive,OOD-1,primary,up,id_train,id_test_vs_places365,detector_declared,detector/knn_l2_k50,places365,far,,,,45195,C4,adamw,0.003,0.001,0.915473137282758,0.0014741397115274066,0.915473 ± 0.001474,0.9170507486858929,0.9152379059525501,0.914130757209831
metric_contract_v1.2,c38b09694be88aa74de0741b39e9d3ba0d6ff61a,35a1a66f78dfd6255c4d804586ee6863969be78d21acec5cd0ccf00476ddaa5c,f80984d28ef9a7550633fb3aea514f783f3db1fa655a6d3f49850b10857e6afc,4039a31891b5637f4198ad78f79d97e89aa97f4ccd6efa5779b14c5b4203059e,last,ood_metric/auroc_id_positive,OOD-1,primary,up,id_train,id_test_vs_places365,detector_declared,detector/mahalanobis_pp,places365,far,,,,45195,C4,adamw,0.003,0.001,0.901289342236113,0.011805154740746508,0.901289 ± 0.011805,0.9010235800539848,0.8896193124023297,0.9132251342520246
metric_contract_v1.2,c38b09694be88aa74de0741b39e9d3ba0d6ff61a,35a1a66f78dfd6255c4d804586ee6863969be78d21acec5cd0ccf00476ddaa5c,f80984d28ef9a7550633fb3aea514f783f3db1fa655a6d3f49850b10857e6afc,4039a31891b5637f4198ad78f79d97e89aa97f4ccd6efa5779b14c5b4203059e,last,ood_metric/auroc_id_positive,OOD-1,primary,up,id_train,id_test_vs_places365,detector_declared,detector/mahalanobis_raw,places365,far,,,,45195,C4,adamw,0.003,0.001,0.49257840412937437,0.01629942521881977,0.492578 ± 0.016299,0.4738468447222617,0.5003574342946441,0.5035309333712175
metric_contract_v1.2,c38b09694be88aa74de0741b39e9d3ba0d6ff61a,35a1a66f78dfd6255c4d804586ee6863969be78d21acec5cd0ccf00476ddaa5c,f80984d28ef9a7550633fb3aea514f783f3db1fa655a6d3f49850b10857e6afc,4039a31891b5637f4198ad78f79d97e89aa97f4ccd6efa5779b14c5b4203059e,last,ood_metric/auroc_id_positive,OOD-1,primary,up,id_train,id_test_vs_places365,detector_declared,detector/marginal_mahalanobis_raw,places365,far,,,,45195,C4,adamw,0.003,0.001,0.42091141544726995,0.014355216964300846,0.420911 ± 0.014355,0.4043514504901264,0.4285605853104134,0.42982221054127007
metric_contract_v1.2,c38b09694be88aa74de0741b39e9d3ba0d6ff61a,35a1a66f78dfd6255c4d804586ee6863969be78d21acec5cd0ccf00476ddaa5c,f80984d28ef9a7550633fb3aea514f783f3db1fa655a6d3f49850b10857e6afc,4039a31891b5637f4198ad78f79d97e89aa97f4ccd6efa5779b14c5b4203059e,last,ood_metric/auroc_id_positive,OOD-1,primary,up,id_train,id_test_vs_places365,detector_declared,detector/ncp_euclidean_raw,places365,far,,,,45195,C4,adamw,0.003,0.001,0.8528827882748496,0.011926121546582385,0.852883 ± 0.011926,0.8406116806364541,0.8536056428469952,0.8644310413410996
metric_contract_v1.2,c38b09694be88aa74de0741b39e9d3ba0d6ff61a,35a1a66f78dfd6255c4d804586ee6863969be78d21acec5cd0ccf00476ddaa5c,f80984d28ef9a7550633fb3aea514f783f3db1fa655a6d3f49850b10857e6afc,4039a31891b5637f4198ad78f79d97e89aa97f4ccd6efa5779b14c5b4203059e,last,ood_metric/auroc_id_positive,OOD-1,primary,up,id_train,id_test_vs_places365,detector_declared,detector/neco_author_std_dim100,places365,far,,,,45195,C4,adamw,0.003,0.001,0.83502689586589,0.017644228763519797,0.835027 ± 0.017644,0.8155122858360563,0.839714308850689,0.8498540929109248
metric_contract_v1.2,c38b09694be88aa74de0741b39e9d3ba0d6ff61a,35a1a66f78dfd6255c4d804586ee6863969be78d21acec5cd0ccf00476ddaa5c,f80984d28ef9a7550633fb3aea514f783f3db1fa655a6d3f49850b10857e6afc,4039a31891b5637f4198ad78f79d97e89aa97f4ccd6efa5779b14c5b4203059e,last,ood_metric/auroc_id_positive,OOD-1,primary,up,id_train,id_test_vs_places365,detector_declared,detector/relative_mahalanobis_pp,places365,far,,,,45195,C4,adamw,0.003,0.001,0.9086802244637022,0.0030735016337230915,0.908680 ± 0.003074,0.9073169029691718,0.912199565279159,0.9065242051427758
metric_contract_v1.2,c38b09694be88aa74de0741b39e9d3ba0d6ff61a,35a1a66f78dfd6255c4d804586ee6863969be78d21acec5cd0ccf00476ddaa5c,f80984d28ef9a7550633fb3aea514f783f3db1fa655a6d3f49850b10857e6afc,4039a31891b5637f4198ad78f79d97e89aa97f4ccd6efa5779b14c5b4203059e,last,ood_metric/auroc_id_positive,OOD-1,primary,up,id_train,id_test_vs_places365,detector_declared,detector/relative_mahalanobis_raw,places365,far,,,,45195,C4,adamw,0.003,0.001,0.9199549083676658,0.0025874269799062905,0.919955 ± 0.002587,0.9176757522375337,0.92276746696974,0.9194215058957238
metric_contract_v1.2,c38b09694be88aa74de0741b39e9d3ba0d6ff61a,35a1a66f78dfd6255c4d804586ee6863969be78d21acec5cd0ccf00476ddaa5c,f80984d28ef9a7550633fb3aea514f783f3db1fa655a6d3f49850b10857e6afc,4039a31891b5637f4198ad78f79d97e89aa97f4ccd6efa5779b14c5b4203059e,last,ood_metric/auroc_id_positive,OOD-1,primary,up,id_train,id_test_vs_places365,detector_declared,detector/vim_author_dim,places365,far,,,,45195,C4,adamw,0.003,0.001,0.9028962939811528,0.0058457927328854214,0.902896 ± 0.005846,0.8961675436851826,0.9067256769427475,0.9057956613155278
metric_contract_v1.2,c38b09694be88aa74de0741b39e9d3ba0d6ff61a,35a1a66f78dfd6255c4d804586ee6863969be78d21acec5cd0ccf00476ddaa5c,f80984d28ef9a7550633fb3aea514f783f3db1fa655a6d3f49850b10857e6afc,4039a31891b5637f4198ad78f79d97e89aa97f4ccd6efa5779b14c5b4203059e,last,ood_metric/auroc_id_positive,OOD-1,primary,up,id_train,id_test_vs_places365,detector_declared,detector/vim_dim128,places365,far,,,,45195,C4,adamw,0.003,0.001,0.9023917327271866,0.004729521152711433,0.902392 ± 0.004730,0.8969596533598523,0.9055953743429463,0.9046201704787612
metric_contract_v1.2,c38b09694be88aa74de0741b39e9d3ba0d6ff61a,35a1a66f78dfd6255c4d804586ee6863969be78d21acec5cd0ccf00476ddaa5c,f80984d28ef9a7550633fb3aea514f783f3db1fa655a6d3f49850b10857e6afc,4039a31891b5637f4198ad78f79d97e89aa97f4ccd6efa5779b14c5b4203059e,last,ood_metric/auroc_id_positive,OOD-1,primary,up,id_train,id_test_vs_places365,detector_declared,detector/vim_dim256,places365,far,,,,45195,C4,adamw,0.003,0.001,0.9034061808021973,0.005717846225066161,0.903406 ± 0.005718,0.8968279812473363,0.9071843955107259,0.9062061656485297
metric_contract_v1.2,c38b09694be88aa74de0741b39e9d3ba0d6ff61a,35a1a66f78dfd6255c4d804586ee6863969be78d21acec5cd0ccf00476ddaa5c,f80984d28ef9a7550633fb3aea514f783f3db1fa655a6d3f49850b10857e6afc,4039a31891b5637f4198ad78f79d97e89aa97f4ccd6efa5779b14c5b4203059e,last,ood_metric/auroc_id_positive,OOD-1,primary,up,id_train,id_test_vs_places365,detector_declared,detector/vim_dim320,places365,far,,,,45195,C4,adamw,0.003,0.001,0.9028962939811528,0.0058457927328854214,0.902896 ± 0.005846,0.8961675436851826,0.9067256769427475,0.9057956613155278
metric_contract_v1.2,c38b09694be88aa74de0741b39e9d3ba0d6ff61a,35a1a66f78dfd6255c4d804586ee6863969be78d21acec5cd0ccf00476ddaa5c,f80984d28ef9a7550633fb3aea514f783f3db1fa655a6d3f49850b10857e6afc,4039a31891b5637f4198ad78f79d97e89aa97f4ccd6efa5779b14c5b4203059e,last,ood_metric/auroc_id_positive,OOD-1,primary,up,id_train,id_test_vs_places365,detector_declared,detector/vim_dim64,places365,far,,,,45195,C4,adamw,0.003,0.001,0.9009156092247953,0.005524569684112068,0.900916 ± 0.005525,0.8949559653359852,0.9058659269782638,0.9019249353601365
metric_contract_v1.2,c38b09694be88aa74de0741b39e9d3ba0d6ff61a,35a1a66f78dfd6255c4d804586ee6863969be78d21acec5cd0ccf00476ddaa5c,f80984d28ef9a7550633fb3aea514f783f3db1fa655a6d3f49850b10857e6afc,4039a31891b5637f4198ad78f79d97e89aa97f4ccd6efa5779b14c5b4203059e,last,ood_metric/auroc_id_positive,OOD-1,primary,up,id_train,id_test_vs_places365,detector_declared,detector/weight_cosine_appendix,places365,far,,,,45195,C4,adamw,0.003,0.001,0.8951498243121656,0.005334838590505655,0.895150 ± 0.005335,0.8902123284557466,0.9008086120187528,0.8944285324619974
metric_contract_v1.2,c38b09694be88aa74de0741b39e9d3ba0d6ff61a,35a1a66f78dfd6255c4d804586ee6863969be78d21acec5cd0ccf00476ddaa5c,f80984d28ef9a7550633fb3aea514f783f3db1fa655a6d3f49850b10857e6afc,4039a31891b5637f4198ad78f79d97e89aa97f4ccd6efa5779b14c5b4203059e,last,ood_metric/auroc_id_positive,OOD-1,primary,up,,id_test_vs_places365,detector_declared,ood_score/energy_t1,places365,far,,,,45195,C4,adamw,0.003,0.001,0.9072036747644079,0.003618516364439068,0.907204 ± 0.003619,0.903591498792442,0.9108284983662454,0.9071910271345363
metric_contract_v1.2,c38b09694be88aa74de0741b39e9d3ba0d6ff61a,35a1a66f78dfd6255c4d804586ee6863969be78d21acec5cd0ccf00476ddaa5c,f80984d28ef9a7550633fb3aea514f783f3db1fa655a6d3f49850b10857e6afc,4039a31891b5637f4198ad78f79d97e89aa97f4ccd6efa5779b14c5b4203059e,last,ood_metric/auroc_id_positive,OOD-1,primary,up,,id_test_vs_places365,detector_declared,ood_score/max_logit,places365,far,,,,45195,C4,adamw,0.003,0.001,0.9072163635933134,0.0036114248300070264,0.907216 ± 0.003611,0.9036283676658616,0.910850769995738,0.9071699531183408
metric_contract_v1.2,c38b09694be88aa74de0741b39e9d3ba0d6ff61a,35a1a66f78dfd6255c4d804586ee6863969be78d21acec5cd0ccf00476ddaa5c,f80984d28ef9a7550633fb3aea514f783f3db1fa655a6d3f49850b10857e6afc,4039a31891b5637f4198ad78f79d97e89aa97f4ccd6efa5779b14c5b4203059e,last,ood_metric/auroc_id_positive,OOD-1,primary,up,,id_test_vs_places365,detector_declared,ood_score/msp,places365,far,,,,45195,C4,adamw,0.003,0.001,0.8944143912487569,0.003602116062786901,0.894414 ± 0.003602,0.8903411223185113,0.8971801349623526,0.8957219164654071
metric_contract_v1.2,c38b09694be88aa74de0741b39e9d3ba0d6ff61a,35a1a66f78dfd6255c4d804586ee6863969be78d21acec5cd0ccf00476ddaa5c,f80984d28ef9a7550633fb3aea514f783f3db1fa655a6d3f49850b10857e6afc,4039a31891b5637f4198ad78f79d97e89aa97f4ccd6efa5779b14c5b4203059e,last,ood_metric/fpr95_achieved_id_tpr,OOD-4,appendix,descriptive,id_train,id_test_vs_places365,detector_declared,detector/ctm_prototype_cosine,places365,far,,,,45195,C4,adamw,0.003,0.001,0.9499999999999998,1.3597399555105182e-16,0.950000 ± 0.000000,0.95,0.95,0.95
metric_contract_v1.2,c38b09694be88aa74de0741b39e9d3ba0d6ff61a,35a1a66f78dfd6255c4d804586ee6863969be78d21acec5cd0ccf00476ddaa5c,f80984d28ef9a7550633fb3aea514f783f3db1fa655a6d3f49850b10857e6afc,4039a31891b5637f4198ad78f79d97e89aa97f4ccd6efa5779b14c5b4203059e,last,ood_metric/fpr95_achieved_id_tpr,OOD-4,appendix,descriptive,id_train,id_test_vs_places365,detector_declared,detector/gda_class_density,places365,far,,,,45195,C4,adamw,0.003,0.001,0.9499999999999998,1.3597399555105182e-16,0.950000 ± 0.000000,0.95,0.95,0.95
metric_contract_v1.2,c38b09694be88aa74de0741b39e9d3ba0d6ff61a,35a1a66f78dfd6255c4d804586ee6863969be78d21acec5cd0ccf00476ddaa5c,f80984d28ef9a7550633fb3aea514f783f3db1fa655a6d3f49850b10857e6afc,4039a31891b5637f4198ad78f79d97e89aa97f4ccd6efa5779b14c5b4203059e,last,ood_metric/fpr95_achieved_id_tpr,OOD-4,appendix,descriptive,id_train,id_test_vs_places365,detector_declared,detector/knn_l2_k50,places365,far,,,,45195,C4,adamw,0.003,0.001,0.9499999999999998,1.3597399555105182e-16,0.950000 ± 0.000000,0.95,0.95,0.95
metric_contract_v1.2,c38b09694be88aa74de0741b39e9d3ba0d6ff61a,35a1a66f78dfd6255c4d804586ee6863969be78d21acec5cd0ccf00476ddaa5c,f80984d28ef9a7550633fb3aea514f783f3db1fa655a6d3f49850b10857e6afc,4039a31891b5637f4198ad78f79d97e89aa97f4ccd6efa5779b14c5b4203059e,last,ood_metric/fpr95_achieved_id_tpr,OOD-4,appendix,descriptive,id_train,id_test_vs_places365,detector_declared,detector/mahalanobis_pp,places365,far,,,,45195,C4,adamw,0.003,0.001,0.9499999999999998,1.3597399555105182e-16,0.950000 ± 0.000000,0.95,0.95,0.95
metric_contract_v1.2,c38b09694be88aa74de0741b39e9d3ba0d6ff61a,35a1a66f78dfd6255c4d804586ee6863969be78d21acec5cd0ccf00476ddaa5c,f80984d28ef9a7550633fb3aea514f783f3db1fa655a6d3f49850b10857e6afc,4039a31891b5637f4198ad78f79d97e89aa97f4ccd6efa5779b14c5b4203059e,last,ood_metric/fpr95_achieved_id_tpr,OOD-4,appendix,descriptive,id_train,id_test_vs_places365,detector_declared,detector/mahalanobis_raw,places365,far,,,,45195,C4,adamw,0.003,0.001,0.9499999999999998,1.3597399555105182e-16,0.950000 ± 0.000000,0.95,0.95,0.95
metric_contract_v1.2,c38b09694be88aa74de0741b39e9d3ba0d6ff61a,35a1a66f78dfd6255c4d804586ee6863969be78d21acec5cd0ccf00476ddaa5c,f80984d28ef9a7550633fb3aea514f783f3db1fa655a6d3f49850b10857e6afc,4039a31891b5637f4198ad78f79d97e89aa97f4ccd6efa5779b14c5b4203059e,last,ood_metric/fpr95_achieved_id_tpr,OOD-4,appendix,descriptive,id_train,id_test_vs_places365,detector_declared,detector/marginal_mahalanobis_raw,places365,far,,,,45195,C4,adamw,0.003,0.001,0.9499999999999998,1.3597399555105182e-16,0.950000 ± 0.000000,0.95,0.95,0.95
metric_contract_v1.2,c38b09694be88aa74de0741b39e9d3ba0d6ff61a,35a1a66f78dfd6255c4d804586ee6863969be78d21acec5cd0ccf00476ddaa5c,f80984d28ef9a7550633fb3aea514f783f3db1fa655a6d3f49850b10857e6afc,4039a31891b5637f4198ad78f79d97e89aa97f4ccd6efa5779b14c5b4203059e,last,ood_metric/fpr95_achieved_id_tpr,OOD-4,appendix,descriptive,id_train,id_test_vs_places365,detector_declared,detector/ncp_euclidean_raw,places365,far,,,,45195,C4,adamw,0.003,0.001,0.9499999999999998,1.3597399555105182e-16,0.950000 ± 0.000000,0.95,0.95,0.95
metric_contract_v1.2,c38b09694be88aa74de0741b39e9d3ba0d6ff61a,35a1a66f78dfd6255c4d804586ee6863969be78d21acec5cd0ccf00476ddaa5c,f80984d28ef9a7550633fb3aea514f783f3db1fa655a6d3f49850b10857e6afc,4039a31891b5637f4198ad78f79d97e89aa97f4ccd6efa5779b14c5b4203059e,last,ood_metric/fpr95_achieved_id_tpr,OOD-4,appendix,descriptive,id_train,id_test_vs_places365,detector_declared,detector/neco_author_std_dim100,places365,far,,,,45195,C4,adamw,0.003,0.001,0.9499999999999998,1.3597399555105182e-16,0.950000 ± 0.000000,0.95,0.95,0.95
metric_contract_v1.2,c38b09694be88aa74de0741b39e9d3ba0d6ff61a,35a1a66f78dfd6255c4d804586ee6863969be78d21acec5cd0ccf00476ddaa5c,f80984d28ef9a7550633fb3aea514f783f3db1fa655a6d3f49850b10857e6afc,4039a31891b5637f4198ad78f79d97e89aa97f4ccd6efa5779b14c5b4203059e,last,ood_metric/fpr95_achieved_id_tpr,OOD-4,appendix,descriptive,id_train,id_test_vs_places365,detector_declared,detector/relative_mahalanobis_pp,places365,far,,,,45195,C4,adamw,0.003,0.001,0.9499999999999998,1.3597399555105182e-16,0.950000 ± 0.000000,0.95,0.95,0.95
metric_contract_v1.2,c38b09694be88aa74de0741b39e9d3ba0d6ff61a,35a1a66f78dfd6255c4d804586ee6863969be78d21acec5cd0ccf00476ddaa5c,f80984d28ef9a7550633fb3aea514f783f3db1fa655a6d3f49850b10857e6afc,4039a31891b5637f4198ad78f79d97e89aa97f4ccd6efa5779b14c5b4203059e,last,ood_metric/fpr95_achieved_id_tpr,OOD-4,appendix,descriptive,id_train,id_test_vs_places365,detector_declared,detector/relative_mahalanobis_raw,places365,far,,,,45195,C4,adamw,0.003,0.001,0.9499999999999998,1.3597399555105182e-16,0.950000 ± 0.000000,0.95,0.95,0.95
metric_contract_v1.2,c38b09694be88aa74de0741b39e9d3ba0d6ff61a,35a1a66f78dfd6255c4d804586ee6863969be78d21acec5cd0ccf00476ddaa5c,f80984d28ef9a7550633fb3aea514f783f3db1fa655a6d3f49850b10857e6afc,4039a31891b5637f4198ad78f79d97e89aa97f4ccd6efa5779b14c5b4203059e,last,ood_metric/fpr95_achieved_id_tpr,OOD-4,appendix,descriptive,id_train,id_test_vs_places365,detector_declared,detector/vim_author_dim,places365,far,,,,45195,C4,adamw,0.003,0.001,0.9499999999999998,1.3597399555105182e-16,0.950000 ± 0.000000,0.95,0.95,0.95
metric_contract_v1.2,c38b09694be88aa74de0741b39e9d3ba0d6ff61a,35a1a66f78dfd6255c4d804586ee6863969be78d21acec5cd0ccf00476ddaa5c,f80984d28ef9a7550633fb3aea514f783f3db1fa655a6d3f49850b10857e6afc,4039a31891b5637f4198ad78f79d97e89aa97f4ccd6efa5779b14c5b4203059e,last,ood_metric/fpr95_achieved_id_tpr,OOD-4,appendix,descriptive,id_train,id_test_vs_places365,detector_declared,detector/vim_dim128,places365,far,,,,45195,C4,adamw,0.003,0.001,0.9499999999999998,1.3597399555105182e-16,0.950000 ± 0.000000,0.95,0.95,0.95
metric_contract_v1.2,c38b09694be88aa74de0741b39e9d3ba0d6ff61a,35a1a66f78dfd6255c4d804586ee6863969be78d21acec5cd0ccf00476ddaa5c,f80984d28ef9a7550633fb3aea514f783f3db1fa655a6d3f49850b10857e6afc,4039a31891b5637f4198ad78f79d97e89aa97f4ccd6efa5779b14c5b4203059e,last,ood_metric/fpr95_achieved_id_tpr,OOD-4,appendix,descriptive,id_train,id_test_vs_places365,detector_declared,detector/vim_dim256,places365,far,,,,45195,C4,adamw,0.003,0.001,0.9499999999999998,1.3597399555105182e-16,0.950000 ± 0.000000,0.95,0.95,0.95
metric_contract_v1.2,c38b09694be88aa74de0741b39e9d3ba0d6ff61a,35a1a66f78dfd6255c4d804586ee6863969be78d21acec5cd0ccf00476ddaa5c,f80984d28ef9a7550633fb3aea514f783f3db1fa655a6d3f49850b10857e6afc,4039a31891b5637f4198ad78f79d97e89aa97f4ccd6efa5779b14c5b4203059e,last,ood_metric/fpr95_achieved_id_tpr,OOD-4,appendix,descriptive,id_train,id_test_vs_places365,detector_declared,detector/vim_dim320,places365,far,,,,45195,C4,adamw,0.003,0.001,0.9499999999999998,1.3597399555105182e-16,0.950000 ± 0.000000,0.95,0.95,0.95
metric_contract_v1.2,c38b09694be88aa74de0741b39e9d3ba0d6ff61a,35a1a66f78dfd6255c4d804586ee6863969be78d21acec5cd0ccf00476ddaa5c,f80984d28ef9a7550633fb3aea514f783f3db1fa655a6d3f49850b10857e6afc,4039a31891b5637f4198ad78f79d97e89aa97f4ccd6efa5779b14c5b4203059e,last,ood_metric/fpr95_achieved_id_tpr,OOD-4,appendix,descriptive,id_train,id_test_vs_places365,detector_declared,detector/vim_dim64,places365,far,,,,45195,C4,adamw,0.003,0.001,0.9499999999999998,1.3597399555105182e-16,0.950000 ± 0.000000,0.95,0.95,0.95
metric_contract_v1.2,c38b09694be88aa74de0741b39e9d3ba0d6ff61a,35a1a66f78dfd6255c4d804586ee6863969be78d21acec5cd0ccf00476ddaa5c,f80984d28ef9a7550633fb3aea514f783f3db1fa655a6d3f49850b10857e6afc,4039a31891b5637f4198ad78f79d97e89aa97f4ccd6efa5779b14c5b4203059e,last,ood_metric/fpr95_achieved_id_tpr,OOD-4,appendix,descriptive,id_train,id_test_vs_places365,detector_declared,detector/weight_cosine_appendix,places365,far,,,,45195,C4,adamw,0.003,0.001,0.9499999999999998,1.3597399555105182e-16,0.950000 ± 0.000000,0.95,0.95,0.95
metric_contract_v1.2,c38b09694be88aa74de0741b39e9d3ba0d6ff61a,35a1a66f78dfd6255c4d804586ee6863969be78d21acec5cd0ccf00476ddaa5c,f80984d28ef9a7550633fb3aea514f783f3db1fa655a6d3f49850b10857e6afc,4039a31891b5637f4198ad78f79d97e89aa97f4ccd6efa5779b14c5b4203059e,last,ood_metric/fpr95_achieved_id_tpr,OOD-4,appendix,descriptive,,id_test_vs_places365,detector_declared,ood_score/energy_t1,places365,far,,,,45195,C4,adamw,0.003,0.001,0.9499999999999998,1.3597399555105182e-16,0.950000 ± 0.000000,0.95,0.95,0.95
metric_contract_v1.2,c38b09694be88aa74de0741b39e9d3ba0d6ff61a,35a1a66f78dfd6255c4d804586ee6863969be78d21acec5cd0ccf00476ddaa5c,f80984d28ef9a7550633fb3aea514f783f3db1fa655a6d3f49850b10857e6afc,4039a31891b5637f4198ad78f79d97e89aa97f4ccd6efa5779b14c5b4203059e,last,ood_metric/fpr95_achieved_id_tpr,OOD-4,appendix,descriptive,,id_test_vs_places365,detector_declared,ood_score/max_logit,places365,far,,,,45195,C4,adamw,0.003,0.001,0.9499999999999998,1.3597399555105182e-16,0.950000 ± 0.000000,0.95,0.95,0.95
metric_contract_v1.2,c38b09694be88aa74de0741b39e9d3ba0d6ff61a,35a1a66f78dfd6255c4d804586ee6863969be78d21acec5cd0ccf00476ddaa5c,f80984d28ef9a7550633fb3aea514f783f3db1fa655a6d3f49850b10857e6afc,4039a31891b5637f4198ad78f79d97e89aa97f4ccd6efa5779b14c5b4203059e,last,ood_metric/fpr95_achieved_id_tpr,OOD-4,appendix,descriptive,,id_test_vs_places365,detector_declared,ood_score/msp,places365,far,,,,45195,C4,adamw,0.003,0.001,0.9499999999999998,1.3597399555105182e-16,0.950000 ± 0.000000,0.95,0.95,0.95
metric_contract_v1.2,c38b09694be88aa74de0741b39e9d3ba0d6ff61a,35a1a66f78dfd6255c4d804586ee6863969be78d21acec5cd0ccf00476ddaa5c,f80984d28ef9a7550633fb3aea514f783f3db1fa655a6d3f49850b10857e6afc,4039a31891b5637f4198ad78f79d97e89aa97f4ccd6efa5779b14c5b4203059e,last,ood_metric/fpr95_id_tpr,OOD-4,primary,down,id_train,id_test_vs_places365,detector_declared,detector/ctm_prototype_cosine,places365,far,,,,45195,C4,adamw,0.003,0.001,0.4474972770753421,0.012137971181576652,0.447497 ± 0.012138,0.4338400340957522,0.4570535587441398,0.4515982383861344
metric_contract_v1.2,c38b09694be88aa74de0741b39e9d3ba0d6ff61a,35a1a66f78dfd6255c4d804586ee6863969be78d21acec5cd0ccf00476ddaa5c,f80984d28ef9a7550633fb3aea514f783f3db1fa655a6d3f49850b10857e6afc,4039a31891b5637f4198ad78f79d97e89aa97f4ccd6efa5779b14c5b4203059e,last,ood_metric/fpr95_id_tpr,OOD-4,primary,down,id_train,id_test_vs_places365,detector_declared,detector/gda_class_density,places365,far,,,,45195,C4,adamw,0.003,0.001,0.9561017189941753,0.045610113820842964,0.956102 ± 0.045610,0.9059809632050007,0.9951697684330161,0.9671544253445091
metric_contract_v1.2,c38b09694be88aa74de0741b39e9d3ba0d6ff61a,35a1a66f78dfd6255c4d804586ee6863969be78d21acec5cd0ccf00476ddaa5c,f80984d28ef9a7550633fb3aea514f783f3db1fa655a6d3f49850b10857e6afc,4039a31891b5637f4198ad78f79d97e89aa97f4ccd6efa5779b14c5b4203059e,last,ood_metric/fpr95_id_tpr,OOD-4,primary,down,id_train,id_test_vs_places365,detector_declared,detector/knn_l2_k50,places365,far,,,,45195,C4,adamw,0.003,0.001,0.411573613676185,0.0010533314963517204,0.411574 ± 0.001053,0.4104844438130416,0.41258701520102287,0.4116493820144907
metric_contract_v1.2,c38b09694be88aa74de0741b39e9d3ba0d6ff61a,35a1a66f78dfd6255c4d804586ee6863969be78d21acec5cd0ccf00476ddaa5c,f80984d28ef9a7550633fb3aea514f783f3db1fa655a6d3f49850b10857e6afc,4039a31891b5637f4198ad78f79d97e89aa97f4ccd6efa5779b14c5b4203059e,last,ood_metric/fpr95_id_tpr,OOD-4,primary,down,id_train,id_test_vs_places365,detector_declared,detector/mahalanobis_pp,places365,far,,,,45195,C4,adamw,0.003,0.001,0.46115452005493207,0.04768875103334513,0.461155 ± 0.047689,0.48305156982525926,0.49396221054127004,0.4064497797982668
metric_contract_v1.2,c38b09694be88aa74de0741b39e9d3ba0d6ff61a,35a1a66f78dfd6255c4d804586ee6863969be78d21acec5cd0ccf00476ddaa5c,f80984d28ef9a7550633fb3aea514f783f3db1fa655a6d3f49850b10857e6afc,4039a31891b5637f4198ad78f79d97e89aa97f4ccd6efa5779b14c5b4203059e,last,ood_metric/fpr95_id_tpr,OOD-4,primary,down,id_train,id_test_vs_places365,detector_declared,detector/mahalanobis_raw,places365,far,,,,45195,C4,adamw,0.003,0.001,0.9429748543827249,0.006655407285346556,0.942975 ± 0.006655,0.9503338542406592,0.9412132405171189,0.9373774683903964
metric_contract_v1.2,c38b09694be88aa74de0741b39e9d3ba0d6ff61a,35a1a66f78dfd6255c4d804586ee6863969be78d21acec5cd0ccf00476ddaa5c,f80984d28ef9a7550633fb3aea514f783f3db1fa655a6d3f49850b10857e6afc,4039a31891b5637f4198ad78f79d97e89aa97f4ccd6efa5779b14c5b4203059e,last,ood_metric/fpr95_id_tpr,OOD-4,primary,down,id_train,id_test_vs_places365,detector_declared,detector/marginal_mahalanobis_raw,places365,far,,,,45195,C4,adamw,0.003,0.001,0.9527016148127102,0.005524825180113537,0.952702 ± 0.005525,0.9588577923000426,0.951072595539139,0.9481744565989487
metric_contract_v1.2,c38b09694be88aa74de0741b39e9d3ba0d6ff61a,35a1a66f78dfd6255c4d804586ee6863969be78d21acec5cd0ccf00476ddaa5c,f80984d28ef9a7550633fb3aea514f783f3db1fa655a6d3f49850b10857e6afc,4039a31891b5637f4198ad78f79d97e89aa97f4ccd6efa5779b14c5b4203059e,last,ood_metric/fpr95_id_tpr,OOD-4,primary,down,id_train,id_test_vs_places365,detector_declared,detector/ncp_euclidean_raw,places365,far,,,,45195,C4,adamw,0.003,0.001,0.6739404271440073,0.050822183895946504,0.673940 ± 0.050822,0.7279443102713453,0.6668276743855661,0.6270492967751101
metric_contract_v1.2,c38b09694be88aa74de0741b39e9d3ba0d6ff61a,35a1a66f78dfd6255c4d804586ee6863969be78d21acec5cd0ccf00476ddaa5c,f80984d28ef9a7550633fb3aea514f783f3db1fa655a6d3f49850b10857e6afc,4039a31891b5637f4198ad78f79d97e89aa97f4ccd6efa5779b14c5b4203059e,last,ood_metric/fpr95_id_tpr,OOD-4,primary,down,id_train,id_test_vs_places365,detector_declared,detector/neco_author_std_dim100,places365,far,,,,45195,C4,adamw,0.003,0.001,0.7018515887673438,0.02665085163336897,0.701852 ± 0.026651,0.7324051711890893,0.6897570677653075,0.6833925273476346
metric_contract_v1.2,c38b09694be88aa74de0741b39e9d3ba0d6ff61a,35a1a66f78dfd6255c4d804586ee6863969be78d21acec5cd0ccf00476ddaa5c,f80984d28ef9a7550633fb3aea514f783f3db1fa655a6d3f49850b10857e6afc,4039a31891b5637f4198ad78f79d97e89aa97f4ccd6efa5779b14c5b4203059e,last,ood_metric/fpr95_id_tpr,OOD-4,primary,down,id_train,id_test_vs_places365,detector_declared,detector/relative_mahalanobis_pp,places365,far,,,,45195,C4,adamw,0.003,0.001,0.49515556186958376,0.004102131353493161,0.495156 ± 0.004102,0.4994175308992755,0.4912345503622674,0.4948146043472084
metric_contract_v1.2,c38b09694be88aa74de0741b39e9d3ba0d6ff61a,35a1a66f78dfd6255c4d804586ee6863969be78d21acec5cd0ccf00476ddaa5c,f80984d28ef9a7550633fb3aea514f783f3db1fa655a6d3f49850b10857e6afc,4039a31891b5637f4198ad78f79d97e89aa97f4ccd6efa5779b14c5b4203059e,last,ood_metric/fpr95_id_tpr,OOD-4,primary,down,id_train,id_test_vs_places365,detector_declared,detector/relative_mahalanobis_raw,places365,far,,,,45195,C4,adamw,0.003,0.001,0.4464459913813515,0.008999443987224243,0.446446 ± 0.008999,0.4565421224605768,0.43926694132689303,0.44352891035658476
metric_contract_v1.2,c38b09694be88aa74de0741b39e9d3ba0d6ff61a,35a1a66f78dfd6255c4d804586ee6863969be78d21acec5cd0ccf00476ddaa5c,f80984d28ef9a7550633fb3aea514f783f3db1fa655a6d3f49850b10857e6afc,4039a31891b5637f4198ad78f79d97e89aa97f4ccd6efa5779b14c5b4203059e,last,ood_metric/fpr95_id_tpr,OOD-4,primary,down,id_train,id_test_vs_places365,detector_declared,detector/vim_author_dim,places365,far,,,,45195,C4,adamw,0.003,0.001,0.5424823601837382,0.03041349292948763,0.542482 ± 0.030413,0.5738883364114221,0.5131694843017474,0.5403892598380452
metric_contract_v1.2,c38b09694be88aa74de0741b39e9d3ba0d6ff61a,35a1a66f78dfd6255c4d804586ee6863969be78d21acec5cd0ccf00476ddaa5c,f80984d28ef9a7550633fb3aea514f783f3db1fa655a6d3f49850b10857e6afc,4039a31891b5637f4198ad78f79d97e89aa97f4ccd6efa5779b14c5b4203059e,last,ood_metric/fpr95_id_tpr,OOD-4,primary,down,id_train,id_test_vs_places365,detector_declared,detector/vim_dim128,places365,far,,,,45195,C4,adamw,0.003,0.001,0.5401335416962637,0.027321094200239922,0.540134 ± 0.027321,0.5672680778519676,0.5126296348913197,0.5405029123455036
metric_contract_v1.2,c38b09694be88aa74de0741b39e9d3ba0d6ff61a,35a1a66f78dfd6255c4d804586ee6863969be78d21acec5cd0ccf00476ddaa5c,f80984d28ef9a7550633fb3aea514f783f3db1fa655a6d3f49850b10857e6afc,4039a31891b5637f4198ad78f79d97e89aa97f4ccd6efa5779b14c5b4203059e,last,ood_metric/fpr95_id_tpr,OOD-4,primary,down,id_train,id_test_vs_places365,detector_declared,detector/vim_dim256,places365,far,,,,45195,C4,adamw,0.003,0.001,0.5424065918454326,0.027803765430910676,0.542407 ± 0.027804,0.5707344793294502,0.5151584031822702,0.5413268930245774
metric_contract_v1.2,c38b09694be88aa74de0741b39e9d3ba0d6ff61a,35a1a66f78dfd6255c4d804586ee6863969be78d21acec5cd0ccf00476ddaa5c,f80984d28ef9a7550633fb3aea514f783f3db1fa655a6d3f49850b10857e6afc,4039a31891b5637f4198ad78f79d97e89aa97f4ccd6efa5779b14c5b4203059e,last,ood_metric/fpr95_id_tpr,OOD-4,primary,down,id_train,id_test_vs_places365,detector_declared,detector/vim_dim320,places365,far,,,,45195,C4,adamw,0.003,0.001,0.5424823601837382,0.03041349292948763,0.542482 ± 0.030413,0.5738883364114221,0.5131694843017474,0.5403892598380452
metric_contract_v1.2,c38b09694be88aa74de0741b39e9d3ba0d6ff61a,35a1a66f78dfd6255c4d804586ee6863969be78d21acec5cd0ccf00476ddaa5c,f80984d28ef9a7550633fb3aea514f783f3db1fa655a6d3f49850b10857e6afc,4039a31891b5637f4198ad78f79d97e89aa97f4ccd6efa5779b14c5b4203059e,last,ood_metric/fpr95_id_tpr,OOD-4,primary,down,id_train,id_test_vs_places365,detector_declared,detector/vim_dim64,places365,far,,,,45195,C4,adamw,0.003,0.001,0.5460813562532557,0.029396182239854952,0.546081 ± 0.029396,0.5782355448217076,0.520585310413411,0.5394232135246484
metric_contract_v1.2,c38b09694be88aa74de0741b39e9d3ba0d6ff61a,35a1a66f78dfd6255c4d804586ee6863969be78d21acec5cd0ccf00476ddaa5c,f80984d28ef9a7550633fb3aea514f783f3db1fa655a6d3f49850b10857e6afc,4039a31891b5637f4198ad78f79d97e89aa97f4ccd6efa5779b14c5b4203059e,last,ood_metric/fpr95_id_tpr,OOD-4,primary,down,id_train,id_test_vs_places365,detector_declared,detector/weight_cosine_appendix,places365,far,,,,45195,C4,adamw,0.003,0.001,0.5532888194345787,0.01501192170842274,0.553289 ± 0.015012,0.5636311976132974,0.5360704645546243,0.5601647961358147
metric_contract_v1.2,c38b09694be88aa74de0741b39e9d3ba0d6ff61a,35a1a66f78dfd6255c4d804586ee6863969be78d21acec5cd0ccf00476ddaa5c,f80984d28ef9a7550633fb3aea514f783f3db1fa655a6d3f49850b10857e6afc,4039a31891b5637f4198ad78f79d97e89aa97f4ccd6efa5779b14c5b4203059e,last,ood_metric/fpr95_id_tpr,OOD-4,primary,down,,id_test_vs_places365,detector_declared,ood_score/energy_t1,places365,far,,,,45195,C4,adamw,0.003,0.001,0.5175072216697448,0.016153114598604235,0.517507 ± 0.016153,0.5337121750248615,0.5014064497797983,0.5174030402045745
metric_contract_v1.2,c38b09694be88aa74de0741b39e9d3ba0d6ff61a,35a1a66f78dfd6255c4d804586ee6863969be78d21acec5cd0ccf00476ddaa5c,f80984d28ef9a7550633fb3aea514f783f3db1fa655a6d3f49850b10857e6afc,4039a31891b5637f4198ad78f79d97e89aa97f4ccd6efa5779b14c5b4203059e,last,ood_metric/fpr95_id_tpr,OOD-4,primary,down,,id_test_vs_places365,detector_declared,ood_score/max_logit,places365,far,,,,45195,C4,adamw,0.003,0.001,0.5178671212766964,0.01742274621146187,0.517867 ± 0.017423,0.5339963062935076,0.49938911777241085,0.520215939764171
metric_contract_v1.2,c38b09694be88aa74de0741b39e9d3ba0d6ff61a,35a1a66f78dfd6255c4d804586ee6863969be78d21acec5cd0ccf00476ddaa5c,f80984d28ef9a7550633fb3aea514f783f3db1fa655a6d3f49850b10857e6afc,4039a31891b5637f4198ad78f79d97e89aa97f4ccd6efa5779b14c5b4203059e,last,ood_metric/fpr95_id_tpr,OOD-4,primary,down,,id_test_vs_places365,detector_declared,ood_score/msp,places365,far,,,,45195,C4,adamw,0.003,0.001,0.63522280626983,0.013697877797656473,0.635223 ± 0.013698,0.647023724960932,0.6202017332007388,0.6384429606478192
metric_contract_v1.2,c38b09694be88aa74de0741b39e9d3ba0d6ff61a,35a1a66f78dfd6255c4d804586ee6863969be78d21acec5cd0ccf00476ddaa5c,f80984d28ef9a7550633fb3aea514f783f3db1fa655a6d3f49850b10857e6afc,4039a31891b5637f4198ad78f79d97e89aa97f4ccd6efa5779b14c5b4203059e,last,ood_metric/fpr95_threshold,OOD-4,appendix,descriptive,id_train,id_test_vs_places365,detector_declared,detector/ctm_prototype_cosine,places365,far,,,,45195,C4,adamw,0.003,0.001,0.7949444592515743,0.0032563630749315635,0.794944 ± 0.003256,0.7917634777688319,0.7947985980468774,0.7982713019390139
metric_contract_v1.2,c38b09694be88aa74de0741b39e9d3ba0d6ff61a,35a1a66f78dfd6255c4d804586ee6863969be78d21acec5cd0ccf00476ddaa5c,f80984d28ef9a7550633fb3aea514f783f3db1fa655a6d3f49850b10857e6afc,4039a31891b5637f4198ad78f79d97e89aa97f4ccd6efa5779b14c5b4203059e,last,ood_metric/fpr95_threshold,OOD-4,appendix,descriptive,id_train,id_test_vs_places365,detector_declared,detector/gda_class_density,places365,far,,,,45195,C4,adamw,0.003,0.001,2423.2197223063063,758.1621135195531,2423.219722 ± 758.162114,1628.994057077624,2501.406254820642,3139.2588550206524
metric_contract_v1.2,c38b09694be88aa74de0741b39e9d3ba0d6ff61a,35a1a66f78dfd6255c4d804586ee6863969be78d21acec5cd0ccf00476ddaa5c,f80984d28ef9a7550633fb3aea514f783f3db1fa655a6d3f49850b10857e6afc,4039a31891b5637f4198ad78f79d97e89aa97f4ccd6efa5779b14c5b4203059e,last,ood_metric/fpr95_threshold,OOD-4,appendix,descriptive,id_train,id_test_vs_places365,detector_declared,detector/knn_l2_k50,places365,far,,,,45195,C4,adamw,0.003,0.001,-0.2971089299458203,0.007102139212838042,-0.297109 ± 0.007102,-0.30465422526998637,-0.2961186859661438,-0.29055387860133064
metric_contract_v1.2,c38b09694be88aa74de0741b39e9d3ba0d6ff61a,35a1a66f78dfd6255c4d804586ee6863969be78d21acec5cd0ccf00476ddaa5c,f80984d28ef9a7550633fb3aea514f783f3db1fa655a6d3f49850b10857e6afc,4039a31891b5637f4198ad78f79d97e89aa97f4ccd6efa5779b14c5b4203059e,last,ood_metric/fpr95_threshold,OOD-4,appendix,descriptive,id_train,id_test_vs_places365,detector_declared,detector/mahalanobis_pp,places365,far,,,,45195,C4,adamw,0.003,0.001,-1094.4427437762272,6.155326441192137,-1094.442744 ± 6.155326,-1100.442282744709,-1088.142642078119,-1094.743306505854
metric_contract_v1.2,c38b09694be88aa74de0741b39e9d3ba0d6ff61a,35a1a66f78dfd6255c4d804586ee6863969be78d21acec5cd0ccf00476ddaa5c,f80984d28ef9a7550633fb3aea514f783f3db1fa655a6d3f49850b10857e6afc,4039a31891b5637f4198ad78f79d97e89aa97f4ccd6efa5779b14c5b4203059e,last,ood_metric/fpr95_threshold,OOD-4,appendix,descriptive,id_train,id_test_vs_places365,detector_declared,detector/mahalanobis_raw,places365,far,,,,45195,C4,adamw,0.003,0.001,-950.8803505992461,6.292991320041265,-950.880351 ± 6.292991,-952.4731634018968,-956.2238912893783,-943.9439971064631
metric_contract_v1.2,c38b09694be88aa74de0741b39e9d3ba0d6ff61a,35a1a66f78dfd6255c4d804586ee6863969be78d21acec5cd0ccf00476ddaa5c,f80984d28ef9a7550633fb3aea514f783f3db1fa655a6d3f49850b10857e6afc,4039a31891b5637f4198ad78f79d97e89aa97f4ccd6efa5779b14c5b4203059e,last,ood_metric/fpr95_threshold,OOD-4,appendix,descriptive,id_train,id_test_vs_places365,detector_declared,detector/marginal_mahalanobis_raw,places365,far,,,,45195,C4,adamw,0.003,0.001,-946.3195229794761,5.730433771455313,-946.319523 ± 5.730434,-948.761253319666,-950.4246634344612,-939.7726521843014
metric_contract_v1.2,c38b09694be88aa74de0741b39e9d3ba0d6ff61a,35a1a66f78dfd6255c4d804586ee6863969be78d21acec5cd0ccf00476ddaa5c,f80984d28ef9a7550633fb3aea514f783f3db1fa655a6d3f49850b10857e6afc,4039a31891b5637f4198ad78f79d97e89aa97f4ccd6efa5779b14c5b4203059e,last,ood_metric/fpr95_threshold,OOD-4,appendix,descriptive,id_train,id_test_vs_places365,detector_declared,detector/ncp_euclidean_raw,places365,far,,,,45195,C4,adamw,0.003,0.001,-5.292821324570308,0.05466313308482578,-5.292821 ± 0.054663,-5.352131723788077,-5.244464105628713,-5.281868144294138
metric_contract_v1.2,c38b09694be88aa74de0741b39e9d3ba0d6ff61a,35a1a66f78dfd6255c4d804586ee6863969be78d21acec5cd0ccf00476ddaa5c,f80984d28ef9a7550633fb3aea514f783f3db1fa655a6d3f49850b10857e6afc,4039a31891b5637f4198ad78f79d97e89aa97f4ccd6efa5779b14c5b4203059e,last,ood_metric/fpr95_threshold,OOD-4,appendix,descriptive,id_train,id_test_vs_places365,detector_declared,detector/neco_author_std_dim100,places365,far,,,,45195,C4,adamw,0.003,0.001,0.9319910453564623,0.0016224513875154674,0.931991 ± 0.001622,0.9337625993956535,0.9305774940294969,0.9316330426442363
metric_contract_v1.2,c38b09694be88aa74de0741b39e9d3ba0d6ff61a,35a1a66f78dfd6255c4d804586ee6863969be78d21acec5cd0ccf00476ddaa5c,f80984d28ef9a7550633fb3aea514f783f3db1fa655a6d3f49850b10857e6afc,4039a31891b5637f4198ad78f79d97e89aa97f4ccd6efa5779b14c5b4203059e,last,ood_metric/fpr95_threshold,OOD-4,appendix,descriptive,id_train,id_test_vs_places365,detector_declared,detector/relative_mahalanobis_pp,places365,far,,,,45195,C4,adamw,0.003,0.001,-64.72639650238006,0.48116158245697394,-64.726397 ± 0.481162,-65.07868481777034,-64.92232246651966,-64.1781822228502
metric_contract_v1.2,c38b09694be88aa74de0741b39e9d3ba0d6ff61a,35a1a66f78dfd6255c4d804586ee6863969be78d21acec5cd0ccf00476ddaa5c,f80984d28ef9a7550633fb3aea514f783f3db1fa655a6d3f49850b10857e6afc,4039a31891b5637f4198ad78f79d97e89aa97f4ccd6efa5779b14c5b4203059e,last,ood_metric/fpr95_threshold,OOD-4,appendix,descriptive,id_train,id_test_vs_places365,detector_declared,detector/relative_mahalanobis_raw,places365,far,,,,45195,C4,adamw,0.003,0.001,-43.99249082700968,0.2944360605561603,-43.992491 ± 0.294436,-43.73401502853819,-43.93045591071948,-44.31300154177138
metric_contract_v1.2,c38b09694be88aa74de0741b39e9d3ba0d6ff61a,35a1a66f78dfd6255c4d804586ee6863969be78d21acec5cd0ccf00476ddaa5c,f80984d28ef9a7550633fb3aea514f783f3db1fa655a6d3f49850b10857e6afc,4039a31891b5637f4198ad78f79d97e89aa97f4ccd6efa5779b14c5b4203059e,last,ood_metric/fpr95_threshold,OOD-4,appendix,descriptive,id_train,id_test_vs_places365,detector_declared,detector/vim_author_dim,places365,far,,,,45195,C4,adamw,0.003,0.001,-18.91748590931861,0.2199500209145484,-18.917486 ± 0.219950,-19.147625092594954,-18.70938417838985,-18.89544845697102
metric_contract_v1.2,c38b09694be88aa74de0741b39e9d3ba0d6ff61a,35a1a66f78dfd6255c4d804586ee6863969be78d21acec5cd0ccf00476ddaa5c,f80984d28ef9a7550633fb3aea514f783f3db1fa655a6d3f49850b10857e6afc,4039a31891b5637f4198ad78f79d97e89aa97f4ccd6efa5779b14c5b4203059e,last,ood_metric/fpr95_threshold,OOD-4,appendix,descriptive,id_train,id_test_vs_places365,detector_declared,detector/vim_dim128,places365,far,,,,45195,C4,adamw,0.003,0.001,-18.320728011014168,0.22676150529189124,-18.320728 ± 0.226762,-18.518119108539665,-18.073041367733982,-18.37102355676886
metric_contract_v1.2,c38b09694be88aa74de0741b39e9d3ba0d6ff61a,35a1a66f78dfd6255c4d804586ee6863969be78d21acec5cd0ccf00476ddaa5c,f80984d28ef9a7550633fb3aea514f783f3db1fa655a6d3f49850b10857e6afc,4039a31891b5637f4198ad78f79d97e89aa97f4ccd6efa5779b14c5b4203059e,last,ood_metric/fpr95_threshold,OOD-4,appendix,descriptive,id_train,id_test_vs_places365,detector_declared,detector/vim_dim256,places365,far,,,,45195,C4,adamw,0.003,0.001,-18.843390798783275,0.20737342771414094,-18.843391 ± 0.207373,-19.04897348760347,-18.634271861223485,-18.846927047522865
metric_contract_v1.2,c38b09694be88aa74de0741b39e9d3ba0d6ff61a,35a1a66f78dfd6255c4d804586ee6863969be78d21acec5cd0ccf00476ddaa5c,f80984d28ef9a7550633fb3aea514f783f3db1fa655a6d3f49850b10857e6afc,4039a31891b5637f4198ad78f79d97e89aa97f4ccd6efa5779b14c5b4203059e,last,ood_metric/fpr95_threshold,OOD-4,appendix,descriptive,id_train,id_test_vs_places365,detector_declared,detector/vim_dim320,places365,far,,,,45195,C4,adamw,0.003,0.001,-18.91748590931861,0.2199500209145484,-18.917486 ± 0.219950,-19.147625092594954,-18.70938417838985,-18.89544845697102
metric_contract_v1.2,c38b09694be88aa74de0741b39e9d3ba0d6ff61a,35a1a66f78dfd6255c4d804586ee6863969be78d21acec5cd0ccf00476ddaa5c,f80984d28ef9a7550633fb3aea514f783f3db1fa655a6d3f49850b10857e6afc,4039a31891b5637f4198ad78f79d97e89aa97f4ccd6efa5779b14c5b4203059e,last,ood_metric/fpr95_threshold,OOD-4,appendix,descriptive,id_train,id_test_vs_places365,detector_declared,detector/vim_dim64,places365,far,,,,45195,C4,adamw,0.003,0.001,-17.78475746529899,0.1731176779371036,-17.784757 ± 0.173118,-17.97913617364834,-17.72797131297348,-17.647164909275155
metric_contract_v1.2,c38b09694be88aa74de0741b39e9d3ba0d6ff61a,35a1a66f78dfd6255c4d804586ee6863969be78d21acec5cd0ccf00476ddaa5c,f80984d28ef9a7550633fb3aea514f783f3db1fa655a6d3f49850b10857e6afc,4039a31891b5637f4198ad78f79d97e89aa97f4ccd6efa5779b14c5b4203059e,last,ood_metric/fpr95_threshold,OOD-4,appendix,descriptive,id_train,id_test_vs_places365,detector_declared,detector/weight_cosine_appendix,places365,far,,,,45195,C4,adamw,0.003,0.001,0.04354296264791988,0.004105671559811964,0.043543 ± 0.004106,0.04657781423416534,0.04517970803660487,0.03887136567298942
metric_contract_v1.2,c38b09694be88aa74de0741b39e9d3ba0d6ff61a,35a1a66f78dfd6255c4d804586ee6863969be78d21acec5cd0ccf00476ddaa5c,f80984d28ef9a7550633fb3aea514f783f3db1fa655a6d3f49850b10857e6afc,4039a31891b5637f4198ad78f79d97e89aa97f4ccd6efa5779b14c5b4203059e,last,ood_metric/fpr95_threshold,OOD-4,appendix,descriptive,,id_test_vs_places365,detector_declared,ood_score/energy_t1,places365,far,,,,45195,C4,adamw,0.003,0.001,3.345087715083508,0.21601965288754002,3.345088 ± 0.216020,3.46787943848461,3.471724124368003,3.095659582397911
metric_contract_v1.2,c38b09694be88aa74de0741b39e9d3ba0d6ff61a,35a1a66f78dfd6255c4d804586ee6863969be78d21acec5cd0ccf00476ddaa5c,f80984d28ef9a7550633fb3aea514f783f3db1fa655a6d3f49850b10857e6afc,4039a31891b5637f4198ad78f79d97e89aa97f4ccd6efa5779b14c5b4203059e,last,ood_metric/fpr95_threshold,OOD-4,appendix,descriptive,,id_test_vs_places365,detector_declared,ood_score/max_logit,places365,far,,,,45195,C4,adamw,0.003,0.001,3.263182445367178,0.24188046688482612,3.263182 ± 0.241880,3.3865713477134705,3.4184846401214606,2.9844913482666016
metric_contract_v1.2,c38b09694be88aa74de0741b39e9d3ba0d6ff61a,35a1a66f78dfd6255c4d804586ee6863969be78d21acec5cd0ccf00476ddaa5c,f80984d28ef9a7550633fb3aea514f783f3db1fa655a6d3f49850b10857e6afc,4039a31891b5637f4198ad78f79d97e89aa97f4ccd6efa5779b14c5b4203059e,last,ood_metric/fpr95_threshold,OOD-4,appendix,descriptive,,id_test_vs_places365,detector_declared,ood_score/msp,places365,far,,,,45195,C4,adamw,0.003,0.001,0.9679827077524328,0.005853294714751988,0.967983 ± 0.005853,0.9652766426727223,0.9746994114097245,0.9639720691748516
