definition_version,evaluation_git_sha,inventory_hash,dataset_policy_hash,config_hash,checkpoint_role,artifact_key,formula_id,reporting_tier,direction,fit_split,query_split,transform,detector,ood_dataset,ood_group,class_index,statistic,quantile_probability,sample_count,role,optimizer,lr,weight_decay,mean,sample_sd_ddof1,formatted,seed0,seed1,seed2
metric_contract_v1.2,c38b09694be88aa74de0741b39e9d3ba0d6ff61a,35a1a66f78dfd6255c4d804586ee6863969be78d21acec5cd0ccf00476ddaa5c,f80984d28ef9a7550633fb3aea514f783f3db1fa655a6d3f49850b10857e6afc,188f2e248d512bb338cd5c33c140337ac59206948aa209631ca797a09d4b9eb2,last,analysis/angular_control_gap_ctm_ncp,OOD-7,exploratory,descriptive,id_train,id_test_vs_mnist,paired_auroc_difference,,mnist,,,,,80000,C1,sgd,0.1,0.0005,0.020885412380952244,0.0037329045044990398,0.020885 ± 0.003733,0.02423628571428571,0.016861931428571286,0.021558019999999734
metric_contract_v1.2,c38b09694be88aa74de0741b39e9d3ba0d6ff61a,35a1a66f78dfd6255c4d804586ee6863969be78d21acec5cd0ccf00476ddaa5c,f80984d28ef9a7550633fb3aea514f783f3db1fa655a6d3f49850b10857e6afc,188f2e248d512bb338cd5c33c140337ac59206948aa209631ca797a09d4b9eb2,last,analysis/restoration_gap_mahalanobis,OOD-7,exploratory,descriptive,id_train,id_test_vs_mnist,paired_auroc_difference,,mnist,,,,,80000,C1,sgd,0.1,0.0005,0.04206034619047616,0.009731254929995678,0.042060 ± 0.009731,0.033180291428571596,0.05246324142857128,0.040537505714285604
metric_contract_v1.2,c38b09694be88aa74de0741b39e9d3ba0d6ff61a,35a1a66f78dfd6255c4d804586ee6863969be78d21acec5cd0ccf00476ddaa5c,f80984d28ef9a7550633fb3aea514f783f3db1fa655a6d3f49850b10857e6afc,188f2e248d512bb338cd5c33c140337ac59206948aa209631ca797a09d4b9eb2,last,analysis/restoration_gap_relative_mahalanobis,OOD-7,exploratory,descriptive,id_train,id_test_vs_mnist,paired_auroc_difference,,mnist,,,,,80000,C1,sgd,0.1,0.0005,-0.0040214433333332815,0.0035925410516852198,-0.004021 ± 0.003593,-0.0007099842857142269,-0.0035133728571428158,-0.007840972857142803
metric_contract_v1.2,c38b09694be88aa74de0741b39e9d3ba0d6ff61a,35a1a66f78dfd6255c4d804586ee6863969be78d21acec5cd0ccf00476ddaa5c,f80984d28ef9a7550633fb3aea514f783f3db1fa655a6d3f49850b10857e6afc,188f2e248d512bb338cd5c33c140337ac59206948aa209631ca797a09d4b9eb2,last,ood_metric/ap_in,OOD-2,appendix,up,id_train,id_test_vs_mnist,detector_declared,detector/ctm_prototype_cosine,mnist,far,,,,80000,C1,sgd,0.1,0.0005,0.8206407329152512,0.009575363805315859,0.820641 ± 0.009575,0.8100681989032799,0.8287294516029675,0.8231245482395062
metric_contract_v1.2,c38b09694be88aa74de0741b39e9d3ba0d6ff61a,35a1a66f78dfd6255c4d804586ee6863969be78d21acec5cd0ccf00476ddaa5c,f80984d28ef9a7550633fb3aea514f783f3db1fa655a6d3f49850b10857e6afc,188f2e248d512bb338cd5c33c140337ac59206948aa209631ca797a09d4b9eb2,last,ood_metric/ap_in,OOD-2,appendix,up,id_train,id_test_vs_mnist,detector_declared,detector/gda_class_density,mnist,far,,,,80000,C1,sgd,0.1,0.0005,0.8617327011680594,0.010669586755118376,0.861733 ± 0.010670,0.8630357112821345,0.8504714503550218,0.8716909418670219
metric_contract_v1.2,c38b09694be88aa74de0741b39e9d3ba0d6ff61a,35a1a66f78dfd6255c4d804586ee6863969be78d21acec5cd0ccf00476ddaa5c,f80984d28ef9a7550633fb3aea514f783f3db1fa655a6d3f49850b10857e6afc,188f2e248d512bb338cd5c33c140337ac59206948aa209631ca797a09d4b9eb2,last,ood_metric/ap_in,OOD-2,appendix,up,id_train,id_test_vs_mnist,detector_declared,detector/knn_l2_k50,mnist,far,,,,80000,C1,sgd,0.1,0.0005,0.8615167987199149,0.010385635439671328,0.861517 ± 0.010386,0.858202268450766,0.8731551379603624,0.8531929897486163
metric_contract_v1.2,c38b09694be88aa74de0741b39e9d3ba0d6ff61a,35a1a66f78dfd6255c4d804586ee6863969be78d21acec5cd0ccf00476ddaa5c,f80984d28ef9a7550633fb3aea514f783f3db1fa655a6d3f49850b10857e6afc,188f2e248d512bb338cd5c33c140337ac59206948aa209631ca797a09d4b9eb2,last,ood_metric/ap_in,OOD-2,appendix,up,id_train,id_test_vs_mnist,detector_declared,detector/mahalanobis_pp,mnist,far,,,,80000,C1,sgd,0.1,0.0005,0.8638123670359287,0.022011268079078702,0.863812 ± 0.022011,0.879041887197695,0.8385753991143453,0.8738198147957454
metric_contract_v1.2,c38b09694be88aa74de0741b39e9d3ba0d6ff61a,35a1a66f78dfd6255c4d804586ee6863969be78d21acec5cd0ccf00476ddaa5c,f80984d28ef9a7550633fb3aea514f783f3db1fa655a6d3f49850b10857e6afc,188f2e248d512bb338cd5c33c140337ac59206948aa209631ca797a09d4b9eb2,last,ood_metric/ap_in,OOD-2,appendix,up,id_train,id_test_vs_mnist,detector_declared,detector/mahalanobis_raw,mnist,far,,,,80000,C1,sgd,0.1,0.0005,0.7865896742296736,0.04102007757632166,0.786590 ± 0.041020,0.816774123215107,0.7398854101957983,0.8031094892781155
metric_contract_v1.2,c38b09694be88aa74de0741b39e9d3ba0d6ff61a,35a1a66f78dfd6255c4d804586ee6863969be78d21acec5cd0ccf00476ddaa5c,f80984d28ef9a7550633fb3aea514f783f3db1fa655a6d3f49850b10857e6afc,188f2e248d512bb338cd5c33c140337ac59206948aa209631ca797a09d4b9eb2,last,ood_metric/ap_in,OOD-2,appendix,up,id_train,id_test_vs_mnist,detector_declared,detector/marginal_mahalanobis_raw,mnist,far,,,,80000,C1,sgd,0.1,0.0005,0.7096475515380024,0.06451999803312558,0.709648 ± 0.064520,0.7642552789560156,0.6384537433556372,0.7262336323023546
metric_contract_v1.2,c38b09694be88aa74de0741b39e9d3ba0d6ff61a,35a1a66f78dfd6255c4d804586ee6863969be78d21acec5cd0ccf00476ddaa5c,f80984d28ef9a7550633fb3aea514f783f3db1fa655a6d3f49850b10857e6afc,188f2e248d512bb338cd5c33c140337ac59206948aa209631ca797a09d4b9eb2,last,ood_metric/ap_in,OOD-2,appendix,up,id_train,id_test_vs_mnist,detector_declared,detector/ncp_euclidean_raw,mnist,far,,,,80000,C1,sgd,0.1,0.0005,0.7689267152971474,0.01812647099501832,0.768927 ± 0.018126,0.748452101061285,0.7829272098476556,0.7754008349825017
metric_contract_v1.2,c38b09694be88aa74de0741b39e9d3ba0d6ff61a,35a1a66f78dfd6255c4d804586ee6863969be78d21acec5cd0ccf00476ddaa5c,f80984d28ef9a7550633fb3aea514f783f3db1fa655a6d3f49850b10857e6afc,188f2e248d512bb338cd5c33c140337ac59206948aa209631ca797a09d4b9eb2,last,ood_metric/ap_in,OOD-2,appendix,up,id_train,id_test_vs_mnist,detector_declared,detector/neco_author_std_dim100,mnist,far,,,,80000,C1,sgd,0.1,0.0005,0.8684680174733254,0.015126062862186105,0.868468 ± 0.015126,0.8827332806101411,0.852607586729933,0.8700631850799018
metric_contract_v1.2,c38b09694be88aa74de0741b39e9d3ba0d6ff61a,35a1a66f78dfd6255c4d804586ee6863969be78d21acec5cd0ccf00476ddaa5c,f80984d28ef9a7550633fb3aea514f783f3db1fa655a6d3f49850b10857e6afc,188f2e248d512bb338cd5c33c140337ac59206948aa209631ca797a09d4b9eb2,last,ood_metric/ap_in,OOD-2,appendix,up,id_train,id_test_vs_mnist,detector_declared,detector/relative_mahalanobis_pp,mnist,far,,,,80000,C1,sgd,0.1,0.0005,0.8204924812579995,0.007138380222464884,0.820492 ± 0.007138,0.8243797060468028,0.8248435956075846,0.812254142119611
metric_contract_v1.2,c38b09694be88aa74de0741b39e9d3ba0d6ff61a,35a1a66f78dfd6255c4d804586ee6863969be78d21acec5cd0ccf00476ddaa5c,f80984d28ef9a7550633fb3aea514f783f3db1fa655a6d3f49850b10857e6afc,188f2e248d512bb338cd5c33c140337ac59206948aa209631ca797a09d4b9eb2,last,ood_metric/ap_in,OOD-2,appendix,up,id_train,id_test_vs_mnist,detector_declared,detector/relative_mahalanobis_raw,mnist,far,,,,80000,C1,sgd,0.1,0.0005,0.8269699649227027,0.008949301128169735,0.826970 ± 0.008949,0.8166398100447301,0.8323715076455764,0.8318985770778016
metric_contract_v1.2,c38b09694be88aa74de0741b39e9d3ba0d6ff61a,35a1a66f78dfd6255c4d804586ee6863969be78d21acec5cd0ccf00476ddaa5c,f80984d28ef9a7550633fb3aea514f783f3db1fa655a6d3f49850b10857e6afc,188f2e248d512bb338cd5c33c140337ac59206948aa209631ca797a09d4b9eb2,last,ood_metric/ap_in,OOD-2,appendix,up,id_train,id_test_vs_mnist,detector_declared,detector/vim_author_dim,mnist,far,,,,80000,C1,sgd,0.1,0.0005,0.8664415761394579,0.02219062113843752,0.866442 ± 0.022191,0.8786931174545167,0.8408261038920188,0.879805507071838
metric_contract_v1.2,c38b09694be88aa74de0741b39e9d3ba0d6ff61a,35a1a66f78dfd6255c4d804586ee6863969be78d21acec5cd0ccf00476ddaa5c,f80984d28ef9a7550633fb3aea514f783f3db1fa655a6d3f49850b10857e6afc,188f2e248d512bb338cd5c33c140337ac59206948aa209631ca797a09d4b9eb2,last,ood_metric/ap_in,OOD-2,appendix,up,id_train,id_test_vs_mnist,detector_declared,detector/vim_dim128,mnist,far,,,,80000,C1,sgd,0.1,0.0005,0.8762447193679268,0.020479081894319243,0.876245 ± 0.020479,0.8893962975327079,0.8526492420079568,0.8866886185631155
metric_contract_v1.2,c38b09694be88aa74de0741b39e9d3ba0d6ff61a,35a1a66f78dfd6255c4d804586ee6863969be78d21acec5cd0ccf00476ddaa5c,f80984d28ef9a7550633fb3aea514f783f3db1fa655a6d3f49850b10857e6afc,188f2e248d512bb338cd5c33c140337ac59206948aa209631ca797a09d4b9eb2,last,ood_metric/ap_in,OOD-2,appendix,up,id_train,id_test_vs_mnist,detector_declared,detector/vim_dim256,mnist,far,,,,80000,C1,sgd,0.1,0.0005,0.8745539936526091,0.016895817303247882,0.874554 ± 0.016896,0.8866700143905754,0.8552532428779316,0.8817387236893202
metric_contract_v1.2,c38b09694be88aa74de0741b39e9d3ba0d6ff61a,35a1a66f78dfd6255c4d804586ee6863969be78d21acec5cd0ccf00476ddaa5c,f80984d28ef9a7550633fb3aea514f783f3db1fa655a6d3f49850b10857e6afc,188f2e248d512bb338cd5c33c140337ac59206948aa209631ca797a09d4b9eb2,last,ood_metric/ap_in,OOD-2,appendix,up,id_train,id_test_vs_mnist,detector_declared,detector/vim_dim320,mnist,far,,,,80000,C1,sgd,0.1,0.0005,0.8664415761394579,0.02219062113843752,0.866442 ± 0.022191,0.8786931174545167,0.8408261038920188,0.879805507071838
metric_contract_v1.2,c38b09694be88aa74de0741b39e9d3ba0d6ff61a,35a1a66f78dfd6255c4d804586ee6863969be78d21acec5cd0ccf00476ddaa5c,f80984d28ef9a7550633fb3aea514f783f3db1fa655a6d3f49850b10857e6afc,188f2e248d512bb338cd5c33c140337ac59206948aa209631ca797a09d4b9eb2,last,ood_metric/ap_in,OOD-2,appendix,up,id_train,id_test_vs_mnist,detector_declared,detector/vim_dim64,mnist,far,,,,80000,C1,sgd,0.1,0.0005,0.8479761152742707,0.021109625207190553,0.847976 ± 0.021110,0.8522391574171355,0.8250603181713243,0.8666288702343526
metric_contract_v1.2,c38b09694be88aa74de0741b39e9d3ba0d6ff61a,35a1a66f78dfd6255c4d804586ee6863969be78d21acec5cd0ccf00476ddaa5c,f80984d28ef9a7550633fb3aea514f783f3db1fa655a6d3f49850b10857e6afc,188f2e248d512bb338cd5c33c140337ac59206948aa209631ca797a09d4b9eb2,last,ood_metric/ap_in,OOD-2,appendix,up,id_train,id_test_vs_mnist,detector_declared,detector/weight_cosine_appendix,mnist,far,,,,80000,C1,sgd,0.1,0.0005,0.8861605732769916,0.003897934915527659,0.886161 ± 0.003898,0.8840683507312972,0.8906578945144971,0.8837554745851809
metric_contract_v1.2,c38b09694be88aa74de0741b39e9d3ba0d6ff61a,35a1a66f78dfd6255c4d804586ee6863969be78d21acec5cd0ccf00476ddaa5c,f80984d28ef9a7550633fb3aea514f783f3db1fa655a6d3f49850b10857e6afc,188f2e248d512bb338cd5c33c140337ac59206948aa209631ca797a09d4b9eb2,last,ood_metric/ap_in,OOD-2,appendix,up,,id_test_vs_mnist,detector_declared,ood_score/energy_t1,mnist,far,,,,80000,C1,sgd,0.1,0.0005,0.8324074921900385,0.00510408989958221,0.832407 ± 0.005104,0.8356962645531888,0.8349986361949397,0.8265275758219872
metric_contract_v1.2,c38b09694be88aa74de0741b39e9d3ba0d6ff61a,35a1a66f78dfd6255c4d804586ee6863969be78d21acec5cd0ccf00476ddaa5c,f80984d28ef9a7550633fb3aea514f783f3db1fa655a6d3f49850b10857e6afc,188f2e248d512bb338cd5c33c140337ac59206948aa209631ca797a09d4b9eb2,last,ood_metric/ap_in,OOD-2,appendix,up,,id_test_vs_mnist,detector_declared,ood_score/max_logit,mnist,far,,,,80000,C1,sgd,0.1,0.0005,0.831442439725694,0.005070762364105648,0.831442 ± 0.005071,0.8346682844135198,0.8340613107948329,0.8255977239687291
metric_contract_v1.2,c38b09694be88aa74de0741b39e9d3ba0d6ff61a,35a1a66f78dfd6255c4d804586ee6863969be78d21acec5cd0ccf00476ddaa5c,f80984d28ef9a7550633fb3aea514f783f3db1fa655a6d3f49850b10857e6afc,188f2e248d512bb338cd5c33c140337ac59206948aa209631ca797a09d4b9eb2,last,ood_metric/ap_in,OOD-2,appendix,up,,id_test_vs_mnist,detector_declared,ood_score/msp,mnist,far,,,,80000,C1,sgd,0.1,0.0005,0.8180533869623862,0.003207501443705548,0.818053 ± 0.003208,0.8143505395878101,0.8198358432528883,0.8199737780464602
metric_contract_v1.2,c38b09694be88aa74de0741b39e9d3ba0d6ff61a,35a1a66f78dfd6255c4d804586ee6863969be78d21acec5cd0ccf00476ddaa5c,f80984d28ef9a7550633fb3aea514f783f3db1fa655a6d3f49850b10857e6afc,188f2e248d512bb338cd5c33c140337ac59206948aa209631ca797a09d4b9eb2,last,ood_metric/ap_out,OOD-3,appendix,up,id_train,id_test_vs_mnist,detector_declared,detector/ctm_prototype_cosine,mnist,far,,,,80000,C1,sgd,0.1,0.0005,0.9872707695601846,0.0008291337279551055,0.987271 ± 0.000829,0.986374626461686,0.9880106602299398,0.9874270219889277
metric_contract_v1.2,c38b09694be88aa74de0741b39e9d3ba0d6ff61a,35a1a66f78dfd6255c4d804586ee6863969be78d21acec5cd0ccf00476ddaa5c,f80984d28ef9a7550633fb3aea514f783f3db1fa655a6d3f49850b10857e6afc,188f2e248d512bb338cd5c33c140337ac59206948aa209631ca797a09d4b9eb2,last,ood_metric/ap_out,OOD-3,appendix,up,id_train,id_test_vs_mnist,detector_declared,detector/gda_class_density,mnist,far,,,,80000,C1,sgd,0.1,0.0005,0.9855137766114791,0.0030850833982565174,0.985514 ± 0.003085,0.9883115428801581,0.9822051506924747,0.9860246362618043
metric_contract_v1.2,c38b09694be88aa74de0741b39e9d3ba0d6ff61a,35a1a66f78dfd6255c4d804586ee6863969be78d21acec5cd0ccf00476ddaa5c,f80984d28ef9a7550633fb3aea514f783f3db1fa655a6d3f49850b10857e6afc,188f2e248d512bb338cd5c33c140337ac59206948aa209631ca797a09d4b9eb2,last,ood_metric/ap_out,OOD-3,appendix,up,id_train,id_test_vs_mnist,detector_declared,detector/knn_l2_k50,mnist,far,,,,80000,C1,sgd,0.1,0.0005,0.9897786499235538,0.00044074988467183545,0.989779 ± 0.000441,0.9894670773832819,0.9902829363729574,0.9895859360144219
metric_contract_v1.2,c38b09694be88aa74de0741b39e9d3ba0d6ff61a,35a1a66f78dfd6255c4d804586ee6863969be78d21acec5cd0ccf00476ddaa5c,f80984d28ef9a7550633fb3aea514f783f3db1fa655a6d3f49850b10857e6afc,188f2e248d512bb338cd5c33c140337ac59206948aa209631ca797a09d4b9eb2,last,ood_metric/ap_out,OOD-3,appendix,up,id_train,id_test_vs_mnist,detector_declared,detector/mahalanobis_pp,mnist,far,,,,80000,C1,sgd,0.1,0.0005,0.9916027639553079,0.0020171762688570064,0.991603 ± 0.002017,0.9927068337386307,0.9892745611282291,0.992826896999064
metric_contract_v1.2,c38b09694be88aa74de0741b39e9d3ba0d6ff61a,35a1a66f78dfd6255c4d804586ee6863969be78d21acec5cd0ccf00476ddaa5c,f80984d28ef9a7550633fb3aea514f783f3db1fa655a6d3f49850b10857e6afc,188f2e248d512bb338cd5c33c140337ac59206948aa209631ca797a09d4b9eb2,last,ood_metric/ap_out,OOD-3,appendix,up,id_train,id_test_vs_mnist,detector_declared,detector/mahalanobis_raw,mnist,far,,,,80000,C1,sgd,0.1,0.0005,0.979043336199719,0.005226893536610176,0.979043 ± 0.005227,0.9832920583294867,0.9732066057780666,0.9806313444916035
metric_contract_v1.2,c38b09694be88aa74de0741b39e9d3ba0d6ff61a,35a1a66f78dfd6255c4d804586ee6863969be78d21acec5cd0ccf00476ddaa5c,f80984d28ef9a7550633fb3aea514f783f3db1fa655a6d3f49850b10857e6afc,188f2e248d512bb338cd5c33c140337ac59206948aa209631ca797a09d4b9eb2,last,ood_metric/ap_out,OOD-3,appendix,up,id_train,id_test_vs_mnist,detector_declared,detector/marginal_mahalanobis_raw,mnist,far,,,,80000,C1,sgd,0.1,0.0005,0.9640001760834657,0.010140357581993359,0.964000 ± 0.010140,0.9725552994811117,0.9527991579047493,0.966646070864536
metric_contract_v1.2,c38b09694be88aa74de0741b39e9d3ba0d6ff61a,35a1a66f78dfd6255c4d804586ee6863969be78d21acec5cd0ccf00476ddaa5c,f80984d28ef9a7550633fb3aea514f783f3db1fa655a6d3f49850b10857e6afc,188f2e248d512bb338cd5c33c140337ac59206948aa209631ca797a09d4b9eb2,last,ood_metric/ap_out,OOD-3,appendix,up,id_train,id_test_vs_mnist,detector_declared,detector/ncp_euclidean_raw,mnist,far,,,,80000,C1,sgd,0.1,0.0005,0.9805305514139087,0.0020415086365295648,0.980531 ± 0.002042,0.9785934555405864,0.9826625004835386,0.9803356982176009
metric_contract_v1.2,c38b09694be88aa74de0741b39e9d3ba0d6ff61a,35a1a66f78dfd6255c4d804586ee6863969be78d21acec5cd0ccf00476ddaa5c,f80984d28ef9a7550633fb3aea514f783f3db1fa655a6d3f49850b10857e6afc,188f2e248d512bb338cd5c33c140337ac59206948aa209631ca797a09d4b9eb2,last,ood_metric/ap_out,OOD-3,appendix,up,id_train,id_test_vs_mnist,detector_declared,detector/neco_author_std_dim100,mnist,far,,,,80000,C1,sgd,0.1,0.0005,0.9928654951597321,0.001076360167821268,0.992865 ± 0.001076,0.9937012341176319,0.991650940983704,0.9932443103778605
metric_contract_v1.2,c38b09694be88aa74de0741b39e9d3ba0d6ff61a,35a1a66f78dfd6255c4d804586ee6863969be78d21acec5cd0ccf00476ddaa5c,f80984d28ef9a7550633fb3aea514f783f3db1fa655a6d3f49850b10857e6afc,188f2e248d512bb338cd5c33c140337ac59206948aa209631ca797a09d4b9eb2,last,ood_metric/ap_out,OOD-3,appendix,up,id_train,id_test_vs_mnist,detector_declared,detector/relative_mahalanobis_pp,mnist,far,,,,80000,C1,sgd,0.1,0.0005,0.9854354419028085,0.000769167918162383,0.985435 ± 0.000769,0.9861974326598199,0.9854496007359751,0.9846592923126307
metric_contract_v1.2,c38b09694be88aa74de0741b39e9d3ba0d6ff61a,35a1a66f78dfd6255c4d804586ee6863969be78d21acec5cd0ccf00476ddaa5c,f80984d28ef9a7550633fb3aea514f783f3db1fa655a6d3f49850b10857e6afc,188f2e248d512bb338cd5c33c140337ac59206948aa209631ca797a09d4b9eb2,last,ood_metric/ap_out,OOD-3,appendix,up,id_train,id_test_vs_mnist,detector_declared,detector/relative_mahalanobis_raw,mnist,far,,,,80000,C1,sgd,0.1,0.0005,0.9862362747442242,0.00031170227904240004,0.986236 ± 0.000312,0.9863847487229684,0.9858780924802177,0.9864459830294862
metric_contract_v1.2,c38b09694be88aa74de0741b39e9d3ba0d6ff61a,35a1a66f78dfd6255c4d804586ee6863969be78d21acec5cd0ccf00476ddaa5c,f80984d28ef9a7550633fb3aea514f783f3db1fa655a6d3f49850b10857e6afc,188f2e248d512bb338cd5c33c140337ac59206948aa209631ca797a09d4b9eb2,last,ood_metric/ap_out,OOD-3,appendix,up,id_train,id_test_vs_mnist,detector_declared,detector/vim_author_dim,mnist,far,,,,80000,C1,sgd,0.1,0.0005,0.9902144421081612,0.0020267560723802734,0.990214 ± 0.002027,0.9914531471891037,0.987875511866984,0.9913146672683963
metric_contract_v1.2,c38b09694be88aa74de0741b39e9d3ba0d6ff61a,35a1a66f78dfd6255c4d804586ee6863969be78d21acec5cd0ccf00476ddaa5c,f80984d28ef9a7550633fb3aea514f783f3db1fa655a6d3f49850b10857e6afc,188f2e248d512bb338cd5c33c140337ac59206948aa209631ca797a09d4b9eb2,last,ood_metric/ap_out,OOD-3,appendix,up,id_train,id_test_vs_mnist,detector_declared,detector/vim_dim128,mnist,far,,,,80000,C1,sgd,0.1,0.0005,0.9919649734330428,0.0014318679999130494,0.991965 ± 0.001432,0.9929050701839128,0.9903170415559711,0.9926728085592442
metric_contract_v1.2,c38b09694be88aa74de0741b39e9d3ba0d6ff61a,35a1a66f78dfd6255c4d804586ee6863969be78d21acec5cd0ccf00476ddaa5c,f80984d28ef9a7550633fb3aea514f783f3db1fa655a6d3f49850b10857e6afc,188f2e248d512bb338cd5c33c140337ac59206948aa209631ca797a09d4b9eb2,last,ood_metric/ap_out,OOD-3,appendix,up,id_train,id_test_vs_mnist,detector_declared,detector/vim_dim256,mnist,far,,,,80000,C1,sgd,0.1,0.0005,0.990699734113914,0.0017549053977135895,0.990700 ± 0.001755,0.9918770807258653,0.9886827456566432,0.9915393759592335
metric_contract_v1.2,c38b09694be88aa74de0741b39e9d3ba0d6ff61a,35a1a66f78dfd6255c4d804586ee6863969be78d21acec5cd0ccf00476ddaa5c,f80984d28ef9a7550633fb3aea514f783f3db1fa655a6d3f49850b10857e6afc,188f2e248d512bb338cd5c33c140337ac59206948aa209631ca797a09d4b9eb2,last,ood_metric/ap_out,OOD-3,appendix,up,id_train,id_test_vs_mnist,detector_declared,detector/vim_dim320,mnist,far,,,,80000,C1,sgd,0.1,0.0005,0.9902144421081612,0.0020267560723802734,0.990214 ± 0.002027,0.9914531471891037,0.987875511866984,0.9913146672683963
metric_contract_v1.2,c38b09694be88aa74de0741b39e9d3ba0d6ff61a,35a1a66f78dfd6255c4d804586ee6863969be78d21acec5cd0ccf00476ddaa5c,f80984d28ef9a7550633fb3aea514f783f3db1fa655a6d3f49850b10857e6afc,188f2e248d512bb338cd5c33c140337ac59206948aa209631ca797a09d4b9eb2,last,ood_metric/ap_out,OOD-3,appendix,up,id_train,id_test_vs_mnist,detector_declared,detector/vim_dim64,mnist,far,,,,80000,C1,sgd,0.1,0.0005,0.9909655127439786,0.0015106607402401643,0.990966 ± 0.001511,0.9915257101350619,0.9892547743193749,0.9921160537774989
metric_contract_v1.2,c38b09694be88aa74de0741b39e9d3ba0d6ff61a,35a1a66f78dfd6255c4d804586ee6863969be78d21acec5cd0ccf00476ddaa5c,f80984d28ef9a7550633fb3aea514f783f3db1fa655a6d3f49850b10857e6afc,188f2e248d512bb338cd5c33c140337ac59206948aa209631ca797a09d4b9eb2,last,ood_metric/ap_out,OOD-3,appendix,up,id_train,id_test_vs_mnist,detector_declared,detector/weight_cosine_appendix,mnist,far,,,,80000,C1,sgd,0.1,0.0005,0.9914618920044217,0.00048221296255912397,0.991462 ± 0.000482,0.991128218875686,0.9920147674575428,0.9912426896800363
metric_contract_v1.2,c38b09694be88aa74de0741b39e9d3ba0d6ff61a,35a1a66f78dfd6255c4d804586ee6863969be78d21acec5cd0ccf00476ddaa5c,f80984d28ef9a7550633fb3aea514f783f3db1fa655a6d3f49850b10857e6afc,188f2e248d512bb338cd5c33c140337ac59206948aa209631ca797a09d4b9eb2,last,ood_metric/ap_out,OOD-3,appendix,up,,id_test_vs_mnist,detector_declared,ood_score/energy_t1,mnist,far,,,,80000,C1,sgd,0.1,0.0005,0.9916037791999184,0.00047144608308008284,0.991604 ± 0.000471,0.9911653867792536,0.9915434750106458,0.9921024758098557
metric_contract_v1.2,c38b09694be88aa74de0741b39e9d3ba0d6ff61a,35a1a66f78dfd6255c4d804586ee6863969be78d21acec5cd0ccf00476ddaa5c,f80984d28ef9a7550633fb3aea514f783f3db1fa655a6d3f49850b10857e6afc,188f2e248d512bb338cd5c33c140337ac59206948aa209631ca797a09d4b9eb2,last,ood_metric/ap_out,OOD-3,appendix,up,,id_test_vs_mnist,detector_declared,ood_score/max_logit,mnist,far,,,,80000,C1,sgd,0.1,0.0005,0.9912949187662314,0.00048076417591851235,0.991295 ± 0.000481,0.9907891330625416,0.9913496455026483,0.9917459777335044
metric_contract_v1.2,c38b09694be88aa74de0741b39e9d3ba0d6ff61a,35a1a66f78dfd6255c4d804586ee6863969be78d21acec5cd0ccf00476ddaa5c,f80984d28ef9a7550633fb3aea514f783f3db1fa655a6d3f49850b10857e6afc,188f2e248d512bb338cd5c33c140337ac59206948aa209631ca797a09d4b9eb2,last,ood_metric/ap_out,OOD-3,appendix,up,,id_test_vs_mnist,detector_declared,ood_score/msp,mnist,far,,,,80000,C1,sgd,0.1,0.0005,0.985527725984744,0.001059934117873287,0.985528 ± 0.001060,0.9843073450270455,0.9862183097020959,0.9860575232250908
metric_contract_v1.2,c38b09694be88aa74de0741b39e9d3ba0d6ff61a,35a1a66f78dfd6255c4d804586ee6863969be78d21acec5cd0ccf00476ddaa5c,f80984d28ef9a7550633fb3aea514f783f3db1fa655a6d3f49850b10857e6afc,188f2e248d512bb338cd5c33c140337ac59206948aa209631ca797a09d4b9eb2,last,ood_metric/aupr_in_openood_auc,OOD-2,primary,up,id_train,id_test_vs_mnist,detector_declared,detector/ctm_prototype_cosine,mnist,far,,,,80000,C1,sgd,0.1,0.0005,0.8206337012739321,0.009576124924697099,0.820634 ± 0.009576,0.8100602626938607,0.8287229133861705,0.8231179277417651
metric_contract_v1.2,c38b09694be88aa74de0741b39e9d3ba0d6ff61a,35a1a66f78dfd6255c4d804586ee6863969be78d21acec5cd0ccf00476ddaa5c,f80984d28ef9a7550633fb3aea514f783f3db1fa655a6d3f49850b10857e6afc,188f2e248d512bb338cd5c33c140337ac59206948aa209631ca797a09d4b9eb2,last,ood_metric/aupr_in_openood_auc,OOD-2,primary,up,id_train,id_test_vs_mnist,detector_declared,detector/gda_class_density,mnist,far,,,,80000,C1,sgd,0.1,0.0005,0.8617285406823484,0.010669837485231728,0.861729 ± 0.010670,0.8630309194671828,0.8504672952539403,0.871687407325922
metric_contract_v1.2,c38b09694be88aa74de0741b39e9d3ba0d6ff61a,35a1a66f78dfd6255c4d804586ee6863969be78d21acec5cd0ccf00476ddaa5c,f80984d28ef9a7550633fb3aea514f783f3db1fa655a6d3f49850b10857e6afc,188f2e248d512bb338cd5c33c140337ac59206948aa209631ca797a09d4b9eb2,last,ood_metric/aupr_in_openood_auc,OOD-2,primary,up,id_train,id_test_vs_mnist,detector_declared,detector/knn_l2_k50,mnist,far,,,,80000,C1,sgd,0.1,0.0005,0.8615124439353924,0.010386192559406267,0.861512 ± 0.010386,0.8581977339394393,0.8731514079776621,0.8531881898890761
metric_contract_v1.2,c38b09694be88aa74de0741b39e9d3ba0d6ff61a,35a1a66f78dfd6255c4d804586ee6863969be78d21acec5cd0ccf00476ddaa5c,f80984d28ef9a7550633fb3aea514f783f3db1fa655a6d3f49850b10857e6afc,188f2e248d512bb338cd5c33c140337ac59206948aa209631ca797a09d4b9eb2,last,ood_metric/aupr_in_openood_auc,OOD-2,primary,up,id_train,id_test_vs_mnist,detector_declared,detector/mahalanobis_pp,mnist,far,,,,80000,C1,sgd,0.1,0.0005,0.8638074433986295,0.022012330856065652,0.863807 ± 0.022012,0.8790378041861592,0.8385692725540882,0.8738152534556411
metric_contract_v1.2,c38b09694be88aa74de0741b39e9d3ba0d6ff61a,35a1a66f78dfd6255c4d804586ee6863969be78d21acec5cd0ccf00476ddaa5c,f80984d28ef9a7550633fb3aea514f783f3db1fa655a6d3f49850b10857e6afc,188f2e248d512bb338cd5c33c140337ac59206948aa209631ca797a09d4b9eb2,last,ood_metric/aupr_in_openood_auc,OOD-2,primary,up,id_train,id_test_vs_mnist,detector_declared,detector/mahalanobis_raw,mnist,far,,,,80000,C1,sgd,0.1,0.0005,0.7865825942384582,0.04102172544664316,0.786583 ± 0.041022,0.8167682262267673,0.7398764475953583,0.8031031088932492
metric_contract_v1.2,c38b09694be88aa74de0741b39e9d3ba0d6ff61a,35a1a66f78dfd6255c4d804586ee6863969be78d21acec5cd0ccf00476ddaa5c,f80984d28ef9a7550633fb3aea514f783f3db1fa655a6d3f49850b10857e6afc,188f2e248d512bb338cd5c33c140337ac59206948aa209631ca797a09d4b9eb2,last,ood_metric/aupr_in_openood_auc,OOD-2,primary,up,id_train,id_test_vs_mnist,detector_declared,detector/marginal_mahalanobis_raw,mnist,far,,,,80000,C1,sgd,0.1,0.0005,0.7096393142232014,0.06452197821044356,0.709639 ± 0.064522,0.7642487936409388,0.6384433539744372,0.7262257950542279
metric_contract_v1.2,c38b09694be88aa74de0741b39e9d3ba0d6ff61a,35a1a66f78dfd6255c4d804586ee6863969be78d21acec5cd0ccf00476ddaa5c,f80984d28ef9a7550633fb3aea514f783f3db1fa655a6d3f49850b10857e6afc,188f2e248d512bb338cd5c33c140337ac59206948aa209631ca797a09d4b9eb2,last,ood_metric/aupr_in_openood_auc,OOD-2,primary,up,id_train,id_test_vs_mnist,detector_declared,detector/ncp_euclidean_raw,mnist,far,,,,80000,C1,sgd,0.1,0.0005,0.7689162867358945,0.01812848387588321,0.768916 ± 0.018128,0.7484392302381753,0.7829177321417042,0.7753918978278038
metric_contract_v1.2,c38b09694be88aa74de0741b39e9d3ba0d6ff61a,35a1a66f78dfd6255c4d804586ee6863969be78d21acec5cd0ccf00476ddaa5c,f80984d28ef9a7550633fb3aea514f783f3db1fa655a6d3f49850b10857e6afc,188f2e248d512bb338cd5c33c140337ac59206948aa209631ca797a09d4b9eb2,last,ood_metric/aupr_in_openood_auc,OOD-2,primary,up,id_train,id_test_vs_mnist,detector_declared,detector/neco_author_std_dim100,mnist,far,,,,80000,C1,sgd,0.1,0.0005,0.868462632306032,0.015127209452582953,0.868463 ± 0.015127,0.8827288903622841,0.8526009365784626,0.8700580699773495
metric_contract_v1.2,c38b09694be88aa74de0741b39e9d3ba0d6ff61a,35a1a66f78dfd6255c4d804586ee6863969be78d21acec5cd0ccf00476ddaa5c,f80984d28ef9a7550633fb3aea514f783f3db1fa655a6d3f49850b10857e6afc,188f2e248d512bb338cd5c33c140337ac59206948aa209631ca797a09d4b9eb2,last,ood_metric/aupr_in_openood_auc,OOD-2,primary,up,id_train,id_test_vs_mnist,detector_declared,detector/relative_mahalanobis_pp,mnist,far,,,,80000,C1,sgd,0.1,0.0005,0.8204804382350023,0.007143973056800366,0.820480 ± 0.007144,0.8243705322181373,0.8248351315268172,0.8122356509600522
metric_contract_v1.2,c38b09694be88aa74de0741b39e9d3ba0d6ff61a,35a1a66f78dfd6255c4d804586ee6863969be78d21acec5cd0ccf00476ddaa5c,f80984d28ef9a7550633fb3aea514f783f3db1fa655a6d3f49850b10857e6afc,188f2e248d512bb338cd5c33c140337ac59206948aa209631ca797a09d4b9eb2,last,ood_metric/aupr_in_openood_auc,OOD-2,primary,up,id_train,id_test_vs_mnist,detector_declared,detector/relative_mahalanobis_raw,mnist,far,,,,80000,C1,sgd,0.1,0.0005,0.8269611902682849,0.008950054341479451,0.826961 ± 0.008950,0.8166301400042862,0.8323623486905616,0.8318910821100065
metric_contract_v1.2,c38b09694be88aa74de0741b39e9d3ba0d6ff61a,35a1a66f78dfd6255c4d804586ee6863969be78d21acec5cd0ccf00476ddaa5c,f80984d28ef9a7550633fb3aea514f783f3db1fa655a6d3f49850b10857e6afc,188f2e248d512bb338cd5c33c140337ac59206948aa209631ca797a09d4b9eb2,last,ood_metric/aupr_in_openood_auc,OOD-2,primary,up,id_train,id_test_vs_mnist,detector_declared,detector/vim_author_dim,mnist,far,,,,80000,C1,sgd,0.1,0.0005,0.8664368466404331,0.022191790049085777,0.866437 ± 0.022192,0.8786891310193887,0.840820022287275,0.8798013866146355
metric_contract_v1.2,c38b09694be88aa74de0741b39e9d3ba0d6ff61a,35a1a66f78dfd6255c4d804586ee6863969be78d21acec5cd0ccf00476ddaa5c,f80984d28ef9a7550633fb3aea514f783f3db1fa655a6d3f49850b10857e6afc,188f2e248d512bb338cd5c33c140337ac59206948aa209631ca797a09d4b9eb2,last,ood_metric/aupr_in_openood_auc,OOD-2,primary,up,id_train,id_test_vs_mnist,detector_declared,detector/vim_dim128,mnist,far,,,,80000,C1,sgd,0.1,0.0005,0.8762401092423642,0.020480524497767206,0.876240 ± 0.020481,0.8893926453024139,0.852642972254044,0.8866847101706345
metric_contract_v1.2,c38b09694be88aa74de0741b39e9d3ba0d6ff61a,35a1a66f78dfd6255c4d804586ee6863969be78d21acec5cd0ccf00476ddaa5c,f80984d28ef9a7550633fb3aea514f783f3db1fa655a6d3f49850b10857e6afc,188f2e248d512bb338cd5c33c140337ac59206948aa209631ca797a09d4b9eb2,last,ood_metric/aupr_in_openood_auc,OOD-2,primary,up,id_train,id_test_vs_mnist,detector_declared,detector/vim_dim256,mnist,far,,,,80000,C1,sgd,0.1,0.0005,0.8745497111198427,0.016896655842762145,0.874550 ± 0.016897,0.8866664317886499,0.855248020809775,0.8817346807611033
metric_contract_v1.2,c38b09694be88aa74de0741b39e9d3ba0d6ff61a,35a1a66f78dfd6255c4d804586ee6863969be78d21acec5cd0ccf00476ddaa5c,f80984d28ef9a7550633fb3aea514f783f3db1fa655a6d3f49850b10857e6afc,188f2e248d512bb338cd5c33c140337ac59206948aa209631ca797a09d4b9eb2,last,ood_metric/aupr_in_openood_auc,OOD-2,primary,up,id_train,id_test_vs_mnist,detector_declared,detector/vim_dim320,mnist,far,,,,80000,C1,sgd,0.1,0.0005,0.8664368466404331,0.022191790049085777,0.866437 ± 0.022192,0.8786891310193887,0.840820022287275,0.8798013866146355
metric_contract_v1.2,c38b09694be88aa74de0741b39e9d3ba0d6ff61a,35a1a66f78dfd6255c4d804586ee6863969be78d21acec5cd0ccf00476ddaa5c,f80984d28ef9a7550633fb3aea514f783f3db1fa655a6d3f49850b10857e6afc,188f2e248d512bb338cd5c33c140337ac59206948aa209631ca797a09d4b9eb2,last,ood_metric/aupr_in_openood_auc,OOD-2,primary,up,id_train,id_test_vs_mnist,detector_declared,detector/vim_dim64,mnist,far,,,,80000,C1,sgd,0.1,0.0005,0.8479697424188752,0.021111443265414018,0.847970 ± 0.021111,0.8522333807225086,0.8250518924275587,0.8666239541065583
metric_contract_v1.2,c38b09694be88aa74de0741b39e9d3ba0d6ff61a,35a1a66f78dfd6255c4d804586ee6863969be78d21acec5cd0ccf00476ddaa5c,f80984d28ef9a7550633fb3aea514f783f3db1fa655a6d3f49850b10857e6afc,188f2e248d512bb338cd5c33c140337ac59206948aa209631ca797a09d4b9eb2,last,ood_metric/aupr_in_openood_auc,OOD-2,primary,up,id_train,id_test_vs_mnist,detector_declared,detector/weight_cosine_appendix,mnist,far,,,,80000,C1,sgd,0.1,0.0005,0.8861571493726027,0.003897936063755234,0.886157 ± 0.003898,0.8840649370335734,0.8906544714442937,0.8837520396399414
metric_contract_v1.2,c38b09694be88aa74de0741b39e9d3ba0d6ff61a,35a1a66f78dfd6255c4d804586ee6863969be78d21acec5cd0ccf00476ddaa5c,f80984d28ef9a7550633fb3aea514f783f3db1fa655a6d3f49850b10857e6afc,188f2e248d512bb338cd5c33c140337ac59206948aa209631ca797a09d4b9eb2,last,ood_metric/aupr_in_openood_auc,OOD-2,primary,up,,id_test_vs_mnist,detector_declared,ood_score/energy_t1,mnist,far,,,,80000,C1,sgd,0.1,0.0005,0.832399011472574,0.005105419284695728,0.832399 ± 0.005105,0.8356891200880987,0.8349903111450736,0.8265176031845498
metric_contract_v1.2,c38b09694be88aa74de0741b39e9d3ba0d6ff61a,35a1a66f78dfd6255c4d804586ee6863969be78d21acec5cd0ccf00476ddaa5c,f80984d28ef9a7550633fb3aea514f783f3db1fa655a6d3f49850b10857e6afc,188f2e248d512bb338cd5c33c140337ac59206948aa209631ca797a09d4b9eb2,last,ood_metric/aupr_in_openood_auc,OOD-2,primary,up,,id_test_vs_mnist,detector_declared,ood_score/max_logit,mnist,far,,,,80000,C1,sgd,0.1,0.0005,0.831434022306314,0.00507204963662787,0.831434 ± 0.005072,0.8346611638599825,0.8340530459538085,0.8255878571051514
metric_contract_v1.2,c38b09694be88aa74de0741b39e9d3ba0d6ff61a,35a1a66f78dfd6255c4d804586ee6863969be78d21acec5cd0ccf00476ddaa5c,f80984d28ef9a7550633fb3aea514f783f3db1fa655a6d3f49850b10857e6afc,188f2e248d512bb338cd5c33c140337ac59206948aa209631ca797a09d4b9eb2,last,ood_metric/aupr_in_openood_auc,OOD-2,primary,up,,id_test_vs_mnist,detector_declared,ood_score/msp,mnist,far,,,,80000,C1,sgd,0.1,0.0005,0.8180456792713849,0.0032068005427298364,0.818046 ± 0.003207,0.8143436415850491,0.8198277238616373,0.819965672367468
metric_contract_v1.2,c38b09694be88aa74de0741b39e9d3ba0d6ff61a,35a1a66f78dfd6255c4d804586ee6863969be78d21acec5cd0ccf00476ddaa5c,f80984d28ef9a7550633fb3aea514f783f3db1fa655a6d3f49850b10857e6afc,188f2e248d512bb338cd5c33c140337ac59206948aa209631ca797a09d4b9eb2,last,ood_metric/aupr_out_openood_auc,OOD-3,primary,up,id_train,id_test_vs_mnist,detector_declared,detector/ctm_prototype_cosine,mnist,far,,,,80000,C1,sgd,0.1,0.0005,0.9872705636845103,0.0008291461429832757,0.987271 ± 0.000829,0.9863744044350926,0.9880104605057419,0.9874268261126962
metric_contract_v1.2,c38b09694be88aa74de0741b39e9d3ba0d6ff61a,35a1a66f78dfd6255c4d804586ee6863969be78d21acec5cd0ccf00476ddaa5c,f80984d28ef9a7550633fb3aea514f783f3db1fa655a6d3f49850b10857e6afc,188f2e248d512bb338cd5c33c140337ac59206948aa209631ca797a09d4b9eb2,last,ood_metric/aupr_out_openood_auc,OOD-3,primary,up,id_train,id_test_vs_mnist,detector_declared,detector/gda_class_density,mnist,far,,,,80000,C1,sgd,0.1,0.0005,0.9855092590312117,0.0030899186186469445,0.985509 ± 0.003090,0.9883104279895767,0.9821948599267637,0.9860224891772951
metric_contract_v1.2,c38b09694be88aa74de0741b39e9d3ba0d6ff61a,35a1a66f78dfd6255c4d804586ee6863969be78d21acec5cd0ccf00476ddaa5c,f80984d28ef9a7550633fb3aea514f783f3db1fa655a6d3f49850b10857e6afc,188f2e248d512bb338cd5c33c140337ac59206948aa209631ca797a09d4b9eb2,last,ood_metric/aupr_out_openood_auc,OOD-3,primary,up,id_train,id_test_vs_mnist,detector_declared,detector/knn_l2_k50,mnist,far,,,,80000,C1,sgd,0.1,0.0005,0.9897784791237098,0.0004407166532290087,0.989778 ± 0.000441,0.9894669225394175,0.990282726266001,0.9895857885657107
metric_contract_v1.2,c38b09694be88aa74de0741b39e9d3ba0d6ff61a,35a1a66f78dfd6255c4d804586ee6863969be78d21acec5cd0ccf00476ddaa5c,f80984d28ef9a7550633fb3aea514f783f3db1fa655a6d3f49850b10857e6afc,188f2e248d512bb338cd5c33c140337ac59206948aa209631ca797a09d4b9eb2,last,ood_metric/aupr_out_openood_auc,OOD-3,primary,up,id_train,id_test_vs_mnist,detector_declared,detector/mahalanobis_pp,mnist,far,,,,80000,C1,sgd,0.1,0.0005,0.9916026299255972,0.0020172520782865497,0.991603 ± 0.002017,0.9927067435121648,0.9892743395220247,0.9928268067426019
metric_contract_v1.2,c38b09694be88aa74de0741b39e9d3ba0d6ff61a,35a1a66f78dfd6255c4d804586ee6863969be78d21acec5cd0ccf00476ddaa5c,f80984d28ef9a7550633fb3aea514f783f3db1fa655a6d3f49850b10857e6afc,188f2e248d512bb338cd5c33c140337ac59206948aa209631ca797a09d4b9eb2,last,ood_metric/aupr_out_openood_auc,OOD-3,primary,up,id_train,id_test_vs_mnist,detector_declared,detector/mahalanobis_raw,mnist,far,,,,80000,C1,sgd,0.1,0.0005,0.9790376148343337,0.005232085450424602,0.979038 ± 0.005232,0.9832914677941581,0.9731954132087978,0.9806259635000454
metric_contract_v1.2,c38b09694be88aa74de0741b39e9d3ba0d6ff61a,35a1a66f78dfd6255c4d804586ee6863969be78d21acec5cd0ccf00476ddaa5c,f80984d28ef9a7550633fb3aea514f783f3db1fa655a6d3f49850b10857e6afc,188f2e248d512bb338cd5c33c140337ac59206948aa209631ca797a09d4b9eb2,last,ood_metric/aupr_out_openood_auc,OOD-3,primary,up,id_train,id_test_vs_mnist,detector_declared,detector/marginal_mahalanobis_raw,mnist,far,,,,80000,C1,sgd,0.1,0.0005,0.9639923013970041,0.010145317345870866,0.963992 ± 0.010145,0.9725542171316964,0.9527869184082165,0.9666357686510993
metric_contract_v1.2,c38b09694be88aa74de0741b39e9d3ba0d6ff61a,35a1a66f78dfd6255c4d804586ee6863969be78d21acec5cd0ccf00476ddaa5c,f80984d28ef9a7550633fb3aea514f783f3db1fa655a6d3f49850b10857e6afc,188f2e248d512bb338cd5c33c140337ac59206948aa209631ca797a09d4b9eb2,last,ood_metric/aupr_out_openood_auc,OOD-3,primary,up,id_train,id_test_vs_mnist,detector_declared,detector/ncp_euclidean_raw,mnist,far,,,,80000,C1,sgd,0.1,0.0005,0.9805210112653882,0.002041784256716116,0.980521 ± 0.002042,0.9785834113458844,0.9826530665130834,0.9803265559371966
metric_contract_v1.2,c38b09694be88aa74de0741b39e9d3ba0d6ff61a,35a1a66f78dfd6255c4d804586ee6863969be78d21acec5cd0ccf00476ddaa5c,f80984d28ef9a7550633fb3aea514f783f3db1fa655a6d3f49850b10857e6afc,188f2e248d512bb338cd5c33c140337ac59206948aa209631ca797a09d4b9eb2,last,ood_metric/aupr_out_openood_auc,OOD-3,primary,up,id_train,id_test_vs_mnist,detector_declared,detector/neco_author_std_dim100,mnist,far,,,,80000,C1,sgd,0.1,0.0005,0.9928653401895234,0.0010764638286138088,0.992865 ± 0.001076,0.9937011455943405,0.9916506650175398,0.9932442099566902
metric_contract_v1.2,c38b09694be88aa74de0741b39e9d3ba0d6ff61a,35a1a66f78dfd6255c4d804586ee6863969be78d21acec5cd0ccf00476ddaa5c,f80984d28ef9a7550633fb3aea514f783f3db1fa655a6d3f49850b10857e6afc,188f2e248d512bb338cd5c33c140337ac59206948aa209631ca797a09d4b9eb2,last,ood_metric/aupr_out_openood_auc,OOD-3,primary,up,id_train,id_test_vs_mnist,detector_declared,detector/relative_mahalanobis_pp,mnist,far,,,,80000,C1,sgd,0.1,0.0005,0.9854344856835557,0.0007687434588956162,0.985434 ± 0.000769,0.9861962545965917,0.985448249928979,0.9846589525250966
metric_contract_v1.2,c38b09694be88aa74de0741b39e9d3ba0d6ff61a,35a1a66f78dfd6255c4d804586ee6863969be78d21acec5cd0ccf00476ddaa5c,f80984d28ef9a7550633fb3aea514f783f3db1fa655a6d3f49850b10857e6afc,188f2e248d512bb338cd5c33c140337ac59206948aa209631ca797a09d4b9eb2,last,ood_metric/aupr_out_openood_auc,OOD-3,primary,up,id_train,id_test_vs_mnist,detector_declared,detector/relative_mahalanobis_raw,mnist,far,,,,80000,C1,sgd,0.1,0.0005,0.9862347421785779,0.00031385227795375364,0.986235 ± 0.000314,0.9863844541140835,0.98587406632934,0.9864457060923102
metric_contract_v1.2,c38b09694be88aa74de0741b39e9d3ba0d6ff61a,35a1a66f78dfd6255c4d804586ee6863969be78d21acec5cd0ccf00476ddaa5c,f80984d28ef9a7550633fb3aea514f783f3db1fa655a6d3f49850b10857e6afc,188f2e248d512bb338cd5c33c140337ac59206948aa209631ca797a09d4b9eb2,last,ood_metric/aupr_out_openood_auc,OOD-3,primary,up,id_train,id_test_vs_mnist,detector_declared,detector/vim_author_dim,mnist,far,,,,80000,C1,sgd,0.1,0.0005,0.990213975301583,0.002027103682921137,0.990214 ± 0.002027,0.9914529791387269,0.9878746473860075,0.9913142993800148
metric_contract_v1.2,c38b09694be88aa74de0741b39e9d3ba0d6ff61a,35a1a66f78dfd6255c4d804586ee6863969be78d21acec5cd0ccf00476ddaa5c,f80984d28ef9a7550633fb3aea514f783f3db1fa655a6d3f49850b10857e6afc,188f2e248d512bb338cd5c33c140337ac59206948aa209631ca797a09d4b9eb2,last,ood_metric/aupr_out_openood_auc,OOD-3,primary,up,id_train,id_test_vs_mnist,detector_declared,detector/vim_dim128,mnist,far,,,,80000,C1,sgd,0.1,0.0005,0.991964777879018,0.0014319392115704971,0.991965 ± 0.001432,0.9929049476803256,0.990316766637643,0.9926726193190858
metric_contract_v1.2,c38b09694be88aa74de0741b39e9d3ba0d6ff61a,35a1a66f78dfd6255c4d804586ee6863969be78d21acec5cd0ccf00476ddaa5c,f80984d28ef9a7550633fb3aea514f783f3db1fa655a6d3f49850b10857e6afc,188f2e248d512bb338cd5c33c140337ac59206948aa209631ca797a09d4b9eb2,last,ood_metric/aupr_out_openood_auc,OOD-3,primary,up,id_train,id_test_vs_mnist,detector_declared,detector/vim_dim256,mnist,far,,,,80000,C1,sgd,0.1,0.0005,0.990698845448977,0.0017560307656866259,0.990699 ± 0.001756,0.99187691070219,0.9886805592603958,0.9915390663843449
metric_contract_v1.2,c38b09694be88aa74de0741b39e9d3ba0d6ff61a,35a1a66f78dfd6255c4d804586ee6863969be78d21acec5cd0ccf00476ddaa5c,f80984d28ef9a7550633fb3aea514f783f3db1fa655a6d3f49850b10857e6afc,188f2e248d512bb338cd5c33c140337ac59206948aa209631ca797a09d4b9eb2,last,ood_metric/aupr_out_openood_auc,OOD-3,primary,up,id_train,id_test_vs_mnist,detector_declared,detector/vim_dim320,mnist,far,,,,80000,C1,sgd,0.1,0.0005,0.990213975301583,0.002027103682921137,0.990214 ± 0.002027,0.9914529791387269,0.9878746473860075,0.9913142993800148
metric_contract_v1.2,c38b09694be88aa74de0741b39e9d3ba0d6ff61a,35a1a66f78dfd6255c4d804586ee6863969be78d21acec5cd0ccf00476ddaa5c,f80984d28ef9a7550633fb3aea514f783f3db1fa655a6d3f49850b10857e6afc,188f2e248d512bb338cd5c33c140337ac59206948aa209631ca797a09d4b9eb2,last,ood_metric/aupr_out_openood_auc,OOD-3,primary,up,id_train,id_test_vs_mnist,detector_declared,detector/vim_dim64,mnist,far,,,,80000,C1,sgd,0.1,0.0005,0.9909649976629157,0.0015112178973886701,0.990965 ± 0.001511,0.9915254730422507,0.9892536135638066,0.9921159063826895
metric_contract_v1.2,c38b09694be88aa74de0741b39e9d3ba0d6ff61a,35a1a66f78dfd6255c4d804586ee6863969be78d21acec5cd0ccf00476ddaa5c,f80984d28ef9a7550633fb3aea514f783f3db1fa655a6d3f49850b10857e6afc,188f2e248d512bb338cd5c33c140337ac59206948aa209631ca797a09d4b9eb2,last,ood_metric/aupr_out_openood_auc,OOD-3,primary,up,id_train,id_test_vs_mnist,detector_declared,detector/weight_cosine_appendix,mnist,far,,,,80000,C1,sgd,0.1,0.0005,0.9914616695589137,0.0004821074559522721,0.991462 ± 0.000482,0.9911280767926132,0.9920144251352292,0.9912425067488988
metric_contract_v1.2,c38b09694be88aa74de0741b39e9d3ba0d6ff61a,35a1a66f78dfd6255c4d804586ee6863969be78d21acec5cd0ccf00476ddaa5c,f80984d28ef9a7550633fb3aea514f783f3db1fa655a6d3f49850b10857e6afc,188f2e248d512bb338cd5c33c140337ac59206948aa209631ca797a09d4b9eb2,last,ood_metric/aupr_out_openood_auc,OOD-3,primary,up,,id_test_vs_mnist,detector_declared,ood_score/energy_t1,mnist,far,,,,80000,C1,sgd,0.1,0.0005,0.9916035768929549,0.00047148058513458833,0.991604 ± 0.000471,0.9911652522723668,0.9915431008879222,0.9921023775185753
metric_contract_v1.2,c38b09694be88aa74de0741b39e9d3ba0d6ff61a,35a1a66f78dfd6255c4d804586ee6863969be78d21acec5cd0ccf00476ddaa5c,f80984d28ef9a7550633fb3aea514f783f3db1fa655a6d3f49850b10857e6afc,188f2e248d512bb338cd5c33c140337ac59206948aa209631ca797a09d4b9eb2,last,ood_metric/aupr_out_openood_auc,OOD-3,primary,up,,id_test_vs_mnist,detector_declared,ood_score/max_logit,mnist,far,,,,80000,C1,sgd,0.1,0.0005,0.9912947642351405,0.00048078208729678603,0.991295 ± 0.000481,0.9907889810102841,0.9913494415379044,0.9917458701572334
metric_contract_v1.2,c38b09694be88aa74de0741b39e9d3ba0d6ff61a,35a1a66f78dfd6255c4d804586ee6863969be78d21acec5cd0ccf00476ddaa5c,f80984d28ef9a7550633fb3aea514f783f3db1fa655a6d3f49850b10857e6afc,188f2e248d512bb338cd5c33c140337ac59206948aa209631ca797a09d4b9eb2,last,ood_metric/aupr_out_openood_auc,OOD-3,primary,up,,id_test_vs_mnist,detector_declared,ood_score/msp,mnist,far,,,,80000,C1,sgd,0.1,0.0005,0.9855273840476091,0.0010599660535216531,0.985527 ± 0.001060,0.9843069705722896,0.9862180348438563,0.9860571467266817
metric_contract_v1.2,c38b09694be88aa74de0741b39e9d3ba0d6ff61a,35a1a66f78dfd6255c4d804586ee6863969be78d21acec5cd0ccf00476ddaa5c,f80984d28ef9a7550633fb3aea514f783f3db1fa655a6d3f49850b10857e6afc,188f2e248d512bb338cd5c33c140337ac59206948aa209631ca797a09d4b9eb2,last,ood_metric/auroc_id_positive,OOD-1,primary,up,id_train,id_test_vs_mnist,detector_declared,detector/ctm_prototype_cosine,mnist,far,,,,80000,C1,sgd,0.1,0.0005,0.9364989128571427,0.0035521419384629757,0.936499 ± 0.003552,0.9328156442857143,0.9399035128571428,0.9367775814285713
metric_contract_v1.2,c38b09694be88aa74de0741b39e9d3ba0d6ff61a,35a1a66f78dfd6255c4d804586ee6863969be78d21acec5cd0ccf00476ddaa5c,f80984d28ef9a7550633fb3aea514f783f3db1fa655a6d3f49850b10857e6afc,188f2e248d512bb338cd5c33c140337ac59206948aa209631ca797a09d4b9eb2,last,ood_metric/auroc_id_positive,OOD-1,primary,up,id_train,id_test_vs_mnist,detector_declared,detector/gda_class_density,mnist,far,,,,80000,C1,sgd,0.1,0.0005,0.9419664104761906,0.008014947534563761,0.941966 ± 0.008015,0.9487544371428572,0.9331243328571428,0.9440204614285713
metric_contract_v1.2,c38b09694be88aa74de0741b39e9d3ba0d6ff61a,35a1a66f78dfd6255c4d804586ee6863969be78d21acec5cd0ccf00476ddaa5c,f80984d28ef9a7550633fb3aea514f783f3db1fa655a6d3f49850b10857e6afc,188f2e248d512bb338cd5c33c140337ac59206948aa209631ca797a09d4b9eb2,last,ood_metric/auroc_id_positive,OOD-1,primary,up,id_train,id_test_vs_mnist,detector_declared,detector/knn_l2_k50,mnist,far,,,,80000,C1,sgd,0.1,0.0005,0.9485948966666666,0.0027299214260705883,0.948595 ± 0.002730,0.9471513228571429,0.9517435214285714,0.9468898457142856
metric_contract_v1.2,c38b09694be88aa74de0741b39e9d3ba0d6ff61a,35a1a66f78dfd6255c4d804586ee6863969be78d21acec5cd0ccf00476ddaa5c,f80984d28ef9a7550633fb3aea514f783f3db1fa655a6d3f49850b10857e6afc,188f2e248d512bb338cd5c33c140337ac59206948aa209631ca797a09d4b9eb2,last,ood_metric/auroc_id_positive,OOD-1,primary,up,id_train,id_test_vs_mnist,detector_declared,detector/mahalanobis_pp,mnist,far,,,,80000,C1,sgd,0.1,0.0005,0.9560474661904762,0.008472767910084543,0.956047 ± 0.008473,0.9608070871428572,0.9462651357142856,0.9610701757142855
metric_contract_v1.2,c38b09694be88aa74de0741b39e9d3ba0d6ff61a,35a1a66f78dfd6255c4d804586ee6863969be78d21acec5cd0ccf00476ddaa5c,f80984d28ef9a7550633fb3aea514f783f3db1fa655a6d3f49850b10857e6afc,188f2e248d512bb338cd5c33c140337ac59206948aa209631ca797a09d4b9eb2,last,ood_metric/auroc_id_positive,OOD-1,primary,up,id_train,id_test_vs_mnist,detector_declared,detector/mahalanobis_raw,mnist,far,,,,80000,C1,sgd,0.1,0.0005,0.9139871199999999,0.017837156661447365,0.913987 ± 0.017837,0.9276267957142856,0.8938018942857143,0.9205326699999999
metric_contract_v1.2,c38b09694be88aa74de0741b39e9d3ba0d6ff61a,35a1a66f78dfd6255c4d804586ee6863969be78d21acec5cd0ccf00476ddaa5c,f80984d28ef9a7550633fb3aea514f783f3db1fa655a6d3f49850b10857e6afc,188f2e248d512bb338cd5c33c140337ac59206948aa209631ca797a09d4b9eb2,last,ood_metric/auroc_id_positive,OOD-1,primary,up,id_train,id_test_vs_mnist,detector_declared,detector/marginal_mahalanobis_raw,mnist,far,,,,80000,C1,sgd,0.1,0.0005,0.8609985957142857,0.03522388994178974,0.860999 ± 0.035224,0.889825907142857,0.8217361571428572,0.8714337228571429
metric_contract_v1.2,c38b09694be88aa74de0741b39e9d3ba0d6ff61a,35a1a66f78dfd6255c4d804586ee6863969be78d21acec5cd0ccf00476ddaa5c,f80984d28ef9a7550633fb3aea514f783f3db1fa655a6d3f49850b10857e6afc,188f2e248d512bb338cd5c33c140337ac59206948aa209631ca797a09d4b9eb2,last,ood_metric/auroc_id_positive,OOD-1,primary,up,id_train,id_test_vs_mnist,detector_declared,detector/ncp_euclidean_raw,mnist,far,,,,80000,C1,sgd,0.1,0.0005,0.9156135004761906,0.007239154886611153,0.915614 ± 0.007239,0.9085793585714286,0.9230415814285715,0.9152195614285715
metric_contract_v1.2,c38b09694be88aa74de0741b39e9d3ba0d6ff61a,35a1a66f78dfd6255c4d804586ee6863969be78d21acec5cd0ccf00476ddaa5c,f80984d28ef9a7550633fb3aea514f783f3db1fa655a6d3f49850b10857e6afc,188f2e248d512bb338cd5c33c140337ac59206948aa209631ca797a09d4b9eb2,last,ood_metric/auroc_id_positive,OOD-1,primary,up,id_train,id_test_vs_mnist,detector_declared,detector/neco_author_std_dim100,mnist,far,,,,80000,C1,sgd,0.1,0.0005,0.961735780952381,0.004277346332246074,0.961736 ± 0.004277,0.9655558857142857,0.9571144942857142,0.9625369628571429
metric_contract_v1.2,c38b09694be88aa74de0741b39e9d3ba0d6ff61a,35a1a66f78dfd6255c4d804586ee6863969be78d21acec5cd0ccf00476ddaa5c,f80984d28ef9a7550633fb3aea514f783f3db1fa655a6d3f49850b10857e6afc,188f2e248d512bb338cd5c33c140337ac59206948aa209631ca797a09d4b9eb2,last,ood_metric/auroc_id_positive,OOD-1,primary,up,id_train,id_test_vs_mnist,detector_declared,detector/relative_mahalanobis_pp,mnist,far,,,,80000,C1,sgd,0.1,0.0005,0.9332298095238096,0.0031237424916505966,0.933230 ± 0.003124,0.9354725900000002,0.93455489,0.9296619485714287
metric_contract_v1.2,c38b09694be88aa74de0741b39e9d3ba0d6ff61a,35a1a66f78dfd6255c4d804586ee6863969be78d21acec5cd0ccf00476ddaa5c,f80984d28ef9a7550633fb3aea514f783f3db1fa655a6d3f49850b10857e6afc,188f2e248d512bb338cd5c33c140337ac59206948aa209631ca797a09d4b9eb2,last,ood_metric/auroc_id_positive,OOD-1,primary,up,id_train,id_test_vs_mnist,detector_declared,detector/relative_mahalanobis_raw,mnist,far,,,,80000,C1,sgd,0.1,0.0005,0.937251252857143,0.0009677076777041991,0.937251 ± 0.000968,0.9361825742857144,0.9380682628571428,0.9375029214285715
metric_contract_v1.2,c38b09694be88aa74de0741b39e9d3ba0d6ff61a,35a1a66f78dfd6255c4d804586ee6863969be78d21acec5cd0ccf00476ddaa5c,f80984d28ef9a7550633fb3aea514f783f3db1fa655a6d3f49850b10857e6afc,188f2e248d512bb338cd5c33c140337ac59206948aa209631ca797a09d4b9eb2,last,ood_metric/auroc_id_positive,OOD-1,primary,up,id_train,id_test_vs_mnist,detector_declared,detector/vim_author_dim,mnist,far,,,,80000,C1,sgd,0.1,0.0005,0.9536274885714286,0.008055275893982231,0.953627 ± 0.008055,0.9577460599999998,0.9443456342857143,0.9587907714285715
metric_contract_v1.2,c38b09694be88aa74de0741b39e9d3ba0d6ff61a,35a1a66f78dfd6255c4d804586ee6863969be78d21acec5cd0ccf00476ddaa5c,f80984d28ef9a7550633fb3aea514f783f3db1fa655a6d3f49850b10857e6afc,188f2e248d512bb338cd5c33c140337ac59206948aa209631ca797a09d4b9eb2,last,ood_metric/auroc_id_positive,OOD-1,primary,up,id_train,id_test_vs_mnist,detector_declared,detector/vim_dim128,mnist,far,,,,80000,C1,sgd,0.1,0.0005,0.9598332742857143,0.005663374537469626,0.959833 ± 0.005663,0.9633158042857142,0.9532984928571429,0.9628855257142859
metric_contract_v1.2,c38b09694be88aa74de0741b39e9d3ba0d6ff61a,35a1a66f78dfd6255c4d804586ee6863969be78d21acec5cd0ccf00476ddaa5c,f80984d28ef9a7550633fb3aea514f783f3db1fa655a6d3f49850b10857e6afc,188f2e248d512bb338cd5c33c140337ac59206948aa209631ca797a09d4b9eb2,last,ood_metric/auroc_id_positive,OOD-1,primary,up,id_train,id_test_vs_mnist,detector_declared,detector/vim_dim256,mnist,far,,,,80000,C1,sgd,0.1,0.0005,0.9559571995238095,0.00669014300316095,0.955957 ± 0.006690,0.9599664885714285,0.94823397,0.95967114
metric_contract_v1.2,c38b09694be88aa74de0741b39e9d3ba0d6ff61a,35a1a66f78dfd6255c4d804586ee6863969be78d21acec5cd0ccf00476ddaa5c,f80984d28ef9a7550633fb3aea514f783f3db1fa655a6d3f49850b10857e6afc,188f2e248d512bb338cd5c33c140337ac59206948aa209631ca797a09d4b9eb2,last,ood_metric/auroc_id_positive,OOD-1,primary,up,id_train,id_test_vs_mnist,detector_declared,detector/vim_dim320,mnist,far,,,,80000,C1,sgd,0.1,0.0005,0.9536274885714286,0.008055275893982231,0.953627 ± 0.008055,0.9577460599999998,0.9443456342857143,0.9587907714285715
metric_contract_v1.2,c38b09694be88aa74de0741b39e9d3ba0d6ff61a,35a1a66f78dfd6255c4d804586ee6863969be78d21acec5cd0ccf00476ddaa5c,f80984d28ef9a7550633fb3aea514f783f3db1fa655a6d3f49850b10857e6afc,188f2e248d512bb338cd5c33c140337ac59206948aa209631ca797a09d4b9eb2,last,ood_metric/auroc_id_positive,OOD-1,primary,up,id_train,id_test_vs_mnist,detector_declared,detector/vim_dim64,mnist,far,,,,80000,C1,sgd,0.1,0.0005,0.9537477661904762,0.005820864911463174,0.953748 ± 0.005821,0.9555833885714287,0.9472303714285714,0.9584295385714285
metric_contract_v1.2,c38b09694be88aa74de0741b39e9d3ba0d6ff61a,35a1a66f78dfd6255c4d804586ee6863969be78d21acec5cd0ccf00476ddaa5c,f80984d28ef9a7550633fb3aea514f783f3db1fa655a6d3f49850b10857e6afc,188f2e248d512bb338cd5c33c140337ac59206948aa209631ca797a09d4b9eb2,last,ood_metric/auroc_id_positive,OOD-1,primary,up,id_train,id_test_vs_mnist,detector_declared,detector/weight_cosine_appendix,mnist,far,,,,80000,C1,sgd,0.1,0.0005,0.9578531895238095,0.0026466185927362792,0.957853 ± 0.002647,0.9560608442857143,0.9608930071428572,0.956605717142857
metric_contract_v1.2,c38b09694be88aa74de0741b39e9d3ba0d6ff61a,35a1a66f78dfd6255c4d804586ee6863969be78d21acec5cd0ccf00476ddaa5c,f80984d28ef9a7550633fb3aea514f783f3db1fa655a6d3f49850b10857e6afc,188f2e248d512bb338cd5c33c140337ac59206948aa209631ca797a09d4b9eb2,last,ood_metric/auroc_id_positive,OOD-1,primary,up,,id_test_vs_mnist,detector_declared,ood_score/energy_t1,mnist,far,,,,80000,C1,sgd,0.1,0.0005,0.9548919842857142,0.001569273445932236,0.954892 ± 0.001569,0.9530829714285715,0.9557058071428572,0.9558871742857141
metric_contract_v1.2,c38b09694be88aa74de0741b39e9d3ba0d6ff61a,35a1a66f78dfd6255c4d804586ee6863969be78d21acec5cd0ccf00476ddaa5c,f80984d28ef9a7550633fb3aea514f783f3db1fa655a6d3f49850b10857e6afc,188f2e248d512bb338cd5c33c140337ac59206948aa209631ca797a09d4b9eb2,last,ood_metric/auroc_id_positive,OOD-1,primary,up,,id_test_vs_mnist,detector_declared,ood_score/max_logit,mnist,far,,,,80000,C1,sgd,0.1,0.0005,0.9536857723809523,0.001652691915978259,0.953686 ± 0.001653,0.951777595,0.9546167335714286,0.9546629885714285
metric_contract_v1.2,c38b09694be88aa74de0741b39e9d3ba0d6ff61a,35a1a66f78dfd6255c4d804586ee6863969be78d21acec5cd0ccf00476ddaa5c,f80984d28ef9a7550633fb3aea514f783f3db1fa655a6d3f49850b10857e6afc,188f2e248d512bb338cd5c33c140337ac59206948aa209631ca797a09d4b9eb2,last,ood_metric/auroc_id_positive,OOD-1,primary,up,,id_test_vs_mnist,detector_declared,ood_score/msp,mnist,far,,,,80000,C1,sgd,0.1,0.0005,0.9330852795238096,0.0035914981598625844,0.933085 ± 0.003591,0.9289906614285715,0.9357021814285713,0.9345629957142858
metric_contract_v1.2,c38b09694be88aa74de0741b39e9d3ba0d6ff61a,35a1a66f78dfd6255c4d804586ee6863969be78d21acec5cd0ccf00476ddaa5c,f80984d28ef9a7550633fb3aea514f783f3db1fa655a6d3f49850b10857e6afc,188f2e248d512bb338cd5c33c140337ac59206948aa209631ca797a09d4b9eb2,last,ood_metric/fpr95_achieved_id_tpr,OOD-4,appendix,descriptive,id_train,id_test_vs_mnist,detector_declared,detector/ctm_prototype_cosine,mnist,far,,,,80000,C1,sgd,0.1,0.0005,0.9499999999999998,1.3597399555105182e-16,0.950000 ± 0.000000,0.95,0.95,0.95
metric_contract_v1.2,c38b09694be88aa74de0741b39e9d3ba0d6ff61a,35a1a66f78dfd6255c4d804586ee6863969be78d21acec5cd0ccf00476ddaa5c,f80984d28ef9a7550633fb3aea514f783f3db1fa655a6d3f49850b10857e6afc,188f2e248d512bb338cd5c33c140337ac59206948aa209631ca797a09d4b9eb2,last,ood_metric/fpr95_achieved_id_tpr,OOD-4,appendix,descriptive,id_train,id_test_vs_mnist,detector_declared,detector/gda_class_density,mnist,far,,,,80000,C1,sgd,0.1,0.0005,0.9499999999999998,1.3597399555105182e-16,0.950000 ± 0.000000,0.95,0.95,0.95
metric_contract_v1.2,c38b09694be88aa74de0741b39e9d3ba0d6ff61a,35a1a66f78dfd6255c4d804586ee6863969be78d21acec5cd0ccf00476ddaa5c,f80984d28ef9a7550633fb3aea514f783f3db1fa655a6d3f49850b10857e6afc,188f2e248d512bb338cd5c33c140337ac59206948aa209631ca797a09d4b9eb2,last,ood_metric/fpr95_achieved_id_tpr,OOD-4,appendix,descriptive,id_train,id_test_vs_mnist,detector_declared,detector/knn_l2_k50,mnist,far,,,,80000,C1,sgd,0.1,0.0005,0.9499999999999998,1.3597399555105182e-16,0.950000 ± 0.000000,0.95,0.95,0.95
metric_contract_v1.2,c38b09694be88aa74de0741b39e9d3ba0d6ff61a,35a1a66f78dfd6255c4d804586ee6863969be78d21acec5cd0ccf00476ddaa5c,f80984d28ef9a7550633fb3aea514f783f3db1fa655a6d3f49850b10857e6afc,188f2e248d512bb338cd5c33c140337ac59206948aa209631ca797a09d4b9eb2,last,ood_metric/fpr95_achieved_id_tpr,OOD-4,appendix,descriptive,id_train,id_test_vs_mnist,detector_declared,detector/mahalanobis_pp,mnist,far,,,,80000,C1,sgd,0.1,0.0005,0.9499999999999998,1.3597399555105182e-16,0.950000 ± 0.000000,0.95,0.95,0.95
metric_contract_v1.2,c38b09694be88aa74de0741b39e9d3ba0d6ff61a,35a1a66f78dfd6255c4d804586ee6863969be78d21acec5cd0ccf00476ddaa5c,f80984d28ef9a7550633fb3aea514f783f3db1fa655a6d3f49850b10857e6afc,188f2e248d512bb338cd5c33c140337ac59206948aa209631ca797a09d4b9eb2,last,ood_metric/fpr95_achieved_id_tpr,OOD-4,appendix,descriptive,id_train,id_test_vs_mnist,detector_declared,detector/mahalanobis_raw,mnist,far,,,,80000,C1,sgd,0.1,0.0005,0.9499999999999998,1.3597399555105182e-16,0.950000 ± 0.000000,0.95,0.95,0.95
metric_contract_v1.2,c38b09694be88aa74de0741b39e9d3ba0d6ff61a,35a1a66f78dfd6255c4d804586ee6863969be78d21acec5cd0ccf00476ddaa5c,f80984d28ef9a7550633fb3aea514f783f3db1fa655a6d3f49850b10857e6afc,188f2e248d512bb338cd5c33c140337ac59206948aa209631ca797a09d4b9eb2,last,ood_metric/fpr95_achieved_id_tpr,OOD-4,appendix,descriptive,id_train,id_test_vs_mnist,detector_declared,detector/marginal_mahalanobis_raw,mnist,far,,,,80000,C1,sgd,0.1,0.0005,0.9499999999999998,1.3597399555105182e-16,0.950000 ± 0.000000,0.95,0.95,0.95
metric_contract_v1.2,c38b09694be88aa74de0741b39e9d3ba0d6ff61a,35a1a66f78dfd6255c4d804586ee6863969be78d21acec5cd0ccf00476ddaa5c,f80984d28ef9a7550633fb3aea514f783f3db1fa655a6d3f49850b10857e6afc,188f2e248d512bb338cd5c33c140337ac59206948aa209631ca797a09d4b9eb2,last,ood_metric/fpr95_achieved_id_tpr,OOD-4,appendix,descriptive,id_train,id_test_vs_mnist,detector_declared,detector/ncp_euclidean_raw,mnist,far,,,,80000,C1,sgd,0.1,0.0005,0.9499999999999998,1.3597399555105182e-16,0.950000 ± 0.000000,0.95,0.95,0.95
metric_contract_v1.2,c38b09694be88aa74de0741b39e9d3ba0d6ff61a,35a1a66f78dfd6255c4d804586ee6863969be78d21acec5cd0ccf00476ddaa5c,f80984d28ef9a7550633fb3aea514f783f3db1fa655a6d3f49850b10857e6afc,188f2e248d512bb338cd5c33c140337ac59206948aa209631ca797a09d4b9eb2,last,ood_metric/fpr95_achieved_id_tpr,OOD-4,appendix,descriptive,id_train,id_test_vs_mnist,detector_declared,detector/neco_author_std_dim100,mnist,far,,,,80000,C1,sgd,0.1,0.0005,0.9499999999999998,1.3597399555105182e-16,0.950000 ± 0.000000,0.95,0.95,0.95
metric_contract_v1.2,c38b09694be88aa74de0741b39e9d3ba0d6ff61a,35a1a66f78dfd6255c4d804586ee6863969be78d21acec5cd0ccf00476ddaa5c,f80984d28ef9a7550633fb3aea514f783f3db1fa655a6d3f49850b10857e6afc,188f2e248d512bb338cd5c33c140337ac59206948aa209631ca797a09d4b9eb2,last,ood_metric/fpr95_achieved_id_tpr,OOD-4,appendix,descriptive,id_train,id_test_vs_mnist,detector_declared,detector/relative_mahalanobis_pp,mnist,far,,,,80000,C1,sgd,0.1,0.0005,0.9499999999999998,1.3597399555105182e-16,0.950000 ± 0.000000,0.95,0.95,0.95
metric_contract_v1.2,c38b09694be88aa74de0741b39e9d3ba0d6ff61a,35a1a66f78dfd6255c4d804586ee6863969be78d21acec5cd0ccf00476ddaa5c,f80984d28ef9a7550633fb3aea514f783f3db1fa655a6d3f49850b10857e6afc,188f2e248d512bb338cd5c33c140337ac59206948aa209631ca797a09d4b9eb2,last,ood_metric/fpr95_achieved_id_tpr,OOD-4,appendix,descriptive,id_train,id_test_vs_mnist,detector_declared,detector/relative_mahalanobis_raw,mnist,far,,,,80000,C1,sgd,0.1,0.0005,0.9499999999999998,1.3597399555105182e-16,0.950000 ± 0.000000,0.95,0.95,0.95
metric_contract_v1.2,c38b09694be88aa74de0741b39e9d3ba0d6ff61a,35a1a66f78dfd6255c4d804586ee6863969be78d21acec5cd0ccf00476ddaa5c,f80984d28ef9a7550633fb3aea514f783f3db1fa655a6d3f49850b10857e6afc,188f2e248d512bb338cd5c33c140337ac59206948aa209631ca797a09d4b9eb2,last,ood_metric/fpr95_achieved_id_tpr,OOD-4,appendix,descriptive,id_train,id_test_vs_mnist,detector_declared,detector/vim_author_dim,mnist,far,,,,80000,C1,sgd,0.1,0.0005,0.9499999999999998,1.3597399555105182e-16,0.950000 ± 0.000000,0.95,0.95,0.95
metric_contract_v1.2,c38b09694be88aa74de0741b39e9d3ba0d6ff61a,35a1a66f78dfd6255c4d804586ee6863969be78d21acec5cd0ccf00476ddaa5c,f80984d28ef9a7550633fb3aea514f783f3db1fa655a6d3f49850b10857e6afc,188f2e248d512bb338cd5c33c140337ac59206948aa209631ca797a09d4b9eb2,last,ood_metric/fpr95_achieved_id_tpr,OOD-4,appendix,descriptive,id_train,id_test_vs_mnist,detector_declared,detector/vim_dim128,mnist,far,,,,80000,C1,sgd,0.1,0.0005,0.9499999999999998,1.3597399555105182e-16,0.950000 ± 0.000000,0.95,0.95,0.95
metric_contract_v1.2,c38b09694be88aa74de0741b39e9d3ba0d6ff61a,35a1a66f78dfd6255c4d804586ee6863969be78d21acec5cd0ccf00476ddaa5c,f80984d28ef9a7550633fb3aea514f783f3db1fa655a6d3f49850b10857e6afc,188f2e248d512bb338cd5c33c140337ac59206948aa209631ca797a09d4b9eb2,last,ood_metric/fpr95_achieved_id_tpr,OOD-4,appendix,descriptive,id_train,id_test_vs_mnist,detector_declared,detector/vim_dim256,mnist,far,,,,80000,C1,sgd,0.1,0.0005,0.9499999999999998,1.3597399555105182e-16,0.950000 ± 0.000000,0.95,0.95,0.95
metric_contract_v1.2,c38b09694be88aa74de0741b39e9d3ba0d6ff61a,35a1a66f78dfd6255c4d804586ee6863969be78d21acec5cd0ccf00476ddaa5c,f80984d28ef9a7550633fb3aea514f783f3db1fa655a6d3f49850b10857e6afc,188f2e248d512bb338cd5c33c140337ac59206948aa209631ca797a09d4b9eb2,last,ood_metric/fpr95_achieved_id_tpr,OOD-4,appendix,descriptive,id_train,id_test_vs_mnist,detector_declared,detector/vim_dim320,mnist,far,,,,80000,C1,sgd,0.1,0.0005,0.9499999999999998,1.3597399555105182e-16,0.950000 ± 0.000000,0.95,0.95,0.95
metric_contract_v1.2,c38b09694be88aa74de0741b39e9d3ba0d6ff61a,35a1a66f78dfd6255c4d804586ee6863969be78d21acec5cd0ccf00476ddaa5c,f80984d28ef9a7550633fb3aea514f783f3db1fa655a6d3f49850b10857e6afc,188f2e248d512bb338cd5c33c140337ac59206948aa209631ca797a09d4b9eb2,last,ood_metric/fpr95_achieved_id_tpr,OOD-4,appendix,descriptive,id_train,id_test_vs_mnist,detector_declared,detector/vim_dim64,mnist,far,,,,80000,C1,sgd,0.1,0.0005,0.9499999999999998,1.3597399555105182e-16,0.950000 ± 0.000000,0.95,0.95,0.95
metric_contract_v1.2,c38b09694be88aa74de0741b39e9d3ba0d6ff61a,35a1a66f78dfd6255c4d804586ee6863969be78d21acec5cd0ccf00476ddaa5c,f80984d28ef9a7550633fb3aea514f783f3db1fa655a6d3f49850b10857e6afc,188f2e248d512bb338cd5c33c140337ac59206948aa209631ca797a09d4b9eb2,last,ood_metric/fpr95_achieved_id_tpr,OOD-4,appendix,descriptive,id_train,id_test_vs_mnist,detector_declared,detector/weight_cosine_appendix,mnist,far,,,,80000,C1,sgd,0.1,0.0005,0.9499999999999998,1.3597399555105182e-16,0.950000 ± 0.000000,0.95,0.95,0.95
metric_contract_v1.2,c38b09694be88aa74de0741b39e9d3ba0d6ff61a,35a1a66f78dfd6255c4d804586ee6863969be78d21acec5cd0ccf00476ddaa5c,f80984d28ef9a7550633fb3aea514f783f3db1fa655a6d3f49850b10857e6afc,188f2e248d512bb338cd5c33c140337ac59206948aa209631ca797a09d4b9eb2,last,ood_metric/fpr95_achieved_id_tpr,OOD-4,appendix,descriptive,,id_test_vs_mnist,detector_declared,ood_score/energy_t1,mnist,far,,,,80000,C1,sgd,0.1,0.0005,0.9499999999999998,1.3597399555105182e-16,0.950000 ± 0.000000,0.95,0.95,0.95
metric_contract_v1.2,c38b09694be88aa74de0741b39e9d3ba0d6ff61a,35a1a66f78dfd6255c4d804586ee6863969be78d21acec5cd0ccf00476ddaa5c,f80984d28ef9a7550633fb3aea514f783f3db1fa655a6d3f49850b10857e6afc,188f2e248d512bb338cd5c33c140337ac59206948aa209631ca797a09d4b9eb2,last,ood_metric/fpr95_achieved_id_tpr,OOD-4,appendix,descriptive,,id_test_vs_mnist,detector_declared,ood_score/max_logit,mnist,far,,,,80000,C1,sgd,0.1,0.0005,0.9499999999999998,1.3597399555105182e-16,0.950000 ± 0.000000,0.95,0.95,0.95
metric_contract_v1.2,c38b09694be88aa74de0741b39e9d3ba0d6ff61a,35a1a66f78dfd6255c4d804586ee6863969be78d21acec5cd0ccf00476ddaa5c,f80984d28ef9a7550633fb3aea514f783f3db1fa655a6d3f49850b10857e6afc,188f2e248d512bb338cd5c33c140337ac59206948aa209631ca797a09d4b9eb2,last,ood_metric/fpr95_achieved_id_tpr,OOD-4,appendix,descriptive,,id_test_vs_mnist,detector_declared,ood_score/msp,mnist,far,,,,80000,C1,sgd,0.1,0.0005,0.9499999999999998,1.3597399555105182e-16,0.950000 ± 0.000000,0.95,0.95,0.95
metric_contract_v1.2,c38b09694be88aa74de0741b39e9d3ba0d6ff61a,35a1a66f78dfd6255c4d804586ee6863969be78d21acec5cd0ccf00476ddaa5c,f80984d28ef9a7550633fb3aea514f783f3db1fa655a6d3f49850b10857e6afc,188f2e248d512bb338cd5c33c140337ac59206948aa209631ca797a09d4b9eb2,last,ood_metric/fpr95_id_tpr,OOD-4,primary,down,id_train,id_test_vs_mnist,detector_declared,detector/ctm_prototype_cosine,mnist,far,,,,80000,C1,sgd,0.1,0.0005,0.4221809523809524,0.021402538154522303,0.422181 ± 0.021403,0.44524285714285716,0.40295714285714285,0.4183428571428571
metric_contract_v1.2,c38b09694be88aa74de0741b39e9d3ba0d6ff61a,35a1a66f78dfd6255c4d804586ee6863969be78d21acec5cd0ccf00476ddaa5c,f80984d28ef9a7550633fb3aea514f783f3db1fa655a6d3f49850b10857e6afc,188f2e248d512bb338cd5c33c140337ac59206948aa209631ca797a09d4b9eb2,last,ood_metric/fpr95_id_tpr,OOD-4,primary,down,id_train,id_test_vs_mnist,detector_declared,detector/gda_class_density,mnist,far,,,,80000,C1,sgd,0.1,0.0005,0.393952380952381,0.06989694503460125,0.393952 ± 0.069897,0.3293142857142857,0.46812857142857145,0.3844142857142857
metric_contract_v1.2,c38b09694be88aa74de0741b39e9d3ba0d6ff61a,35a1a66f78dfd6255c4d804586ee6863969be78d21acec5cd0ccf00476ddaa5c,f80984d28ef9a7550633fb3aea514f783f3db1fa655a6d3f49850b10857e6afc,188f2e248d512bb338cd5c33c140337ac59206948aa209631ca797a09d4b9eb2,last,ood_metric/fpr95_id_tpr,OOD-4,primary,down,id_train,id_test_vs_mnist,detector_declared,detector/knn_l2_k50,mnist,far,,,,80000,C1,sgd,0.1,0.0005,0.34431428571428574,0.01900823129969901,0.344314 ± 0.019008,0.36187142857142857,0.32412857142857143,0.34694285714285716
metric_contract_v1.2,c38b09694be88aa74de0741b39e9d3ba0d6ff61a,35a1a66f78dfd6255c4d804586ee6863969be78d21acec5cd0ccf00476ddaa5c,f80984d28ef9a7550633fb3aea514f783f3db1fa655a6d3f49850b10857e6afc,188f2e248d512bb338cd5c33c140337ac59206948aa209631ca797a09d4b9eb2,last,ood_metric/fpr95_id_tpr,OOD-4,primary,down,id_train,id_test_vs_mnist,detector_declared,detector/mahalanobis_pp,mnist,far,,,,80000,C1,sgd,0.1,0.0005,0.264,0.05742534283746157,0.264000 ± 0.057425,0.2318,0.3303,0.2299
metric_contract_v1.2,c38b09694be88aa74de0741b39e9d3ba0d6ff61a,35a1a66f78dfd6255c4d804586ee6863969be78d21acec5cd0ccf00476ddaa5c,f80984d28ef9a7550633fb3aea514f783f3db1fa655a6d3f49850b10857e6afc,188f2e248d512bb338cd5c33c140337ac59206948aa209631ca797a09d4b9eb2,last,ood_metric/fpr95_id_tpr,OOD-4,primary,down,id_train,id_test_vs_mnist,detector_declared,detector/mahalanobis_raw,mnist,far,,,,80000,C1,sgd,0.1,0.0005,0.5364476190476191,0.08659392014918095,0.536448 ± 0.086594,0.46704285714285715,0.6334857142857143,0.5088142857142857
metric_contract_v1.2,c38b09694be88aa74de0741b39e9d3ba0d6ff61a,35a1a66f78dfd6255c4d804586ee6863969be78d21acec5cd0ccf00476ddaa5c,f80984d28ef9a7550633fb3aea514f783f3db1fa655a6d3f49850b10857e6afc,188f2e248d512bb338cd5c33c140337ac59206948aa209631ca797a09d4b9eb2,last,ood_metric/fpr95_id_tpr,OOD-4,primary,down,id_train,id_test_vs_mnist,detector_declared,detector/marginal_mahalanobis_raw,mnist,far,,,,80000,C1,sgd,0.1,0.0005,0.7568333333333334,0.0699355830912485,0.756833 ± 0.069936,0.6908285714285715,0.8301285714285714,0.7495428571428572
metric_contract_v1.2,c38b09694be88aa74de0741b39e9d3ba0d6ff61a,35a1a66f78dfd6255c4d804586ee6863969be78d21acec5cd0ccf00476ddaa5c,f80984d28ef9a7550633fb3aea514f783f3db1fa655a6d3f49850b10857e6afc,188f2e248d512bb338cd5c33c140337ac59206948aa209631ca797a09d4b9eb2,last,ood_metric/fpr95_id_tpr,OOD-4,primary,down,id_train,id_test_vs_mnist,detector_declared,detector/ncp_euclidean_raw,mnist,far,,,,80000,C1,sgd,0.1,0.0005,0.5247190476190476,0.043566333035380184,0.524719 ± 0.043566,0.5644,0.4781,0.5316571428571428
metric_contract_v1.2,c38b09694be88aa74de0741b39e9d3ba0d6ff61a,35a1a66f78dfd6255c4d804586ee6863969be78d21acec5cd0ccf00476ddaa5c,f80984d28ef9a7550633fb3aea514f783f3db1fa655a6d3f49850b10857e6afc,188f2e248d512bb338cd5c33c140337ac59206948aa209631ca797a09d4b9eb2,last,ood_metric/fpr95_id_tpr,OOD-4,primary,down,id_train,id_test_vs_mnist,detector_declared,detector/neco_author_std_dim100,mnist,far,,,,80000,C1,sgd,0.1,0.0005,0.21064285714285713,0.020203409492014972,0.210643 ± 0.020203,0.19065714285714286,0.23105714285714285,0.21021428571428571
metric_contract_v1.2,c38b09694be88aa74de0741b39e9d3ba0d6ff61a,35a1a66f78dfd6255c4d804586ee6863969be78d21acec5cd0ccf00476ddaa5c,f80984d28ef9a7550633fb3aea514f783f3db1fa655a6d3f49850b10857e6afc,188f2e248d512bb338cd5c33c140337ac59206948aa209631ca797a09d4b9eb2,last,ood_metric/fpr95_id_tpr,OOD-4,primary,down,id_train,id_test_vs_mnist,detector_declared,detector/relative_mahalanobis_pp,mnist,far,,,,80000,C1,sgd,0.1,0.0005,0.45900952380952376,0.014626822812156815,0.459010 ± 0.014627,0.4473714285714286,0.4542285714285714,0.4754285714285714
metric_contract_v1.2,c38b09694be88aa74de0741b39e9d3ba0d6ff61a,35a1a66f78dfd6255c4d804586ee6863969be78d21acec5cd0ccf00476ddaa5c,f80984d28ef9a7550633fb3aea514f783f3db1fa655a6d3f49850b10857e6afc,188f2e248d512bb338cd5c33c140337ac59206948aa209631ca797a09d4b9eb2,last,ood_metric/fpr95_id_tpr,OOD-4,primary,down,id_train,id_test_vs_mnist,detector_declared,detector/relative_mahalanobis_raw,mnist,far,,,,80000,C1,sgd,0.1,0.0005,0.43603333333333333,0.003075058762781262,0.436033 ± 0.003075,0.43885714285714283,0.4364857142857143,0.43275714285714284
metric_contract_v1.2,c38b09694be88aa74de0741b39e9d3ba0d6ff61a,35a1a66f78dfd6255c4d804586ee6863969be78d21acec5cd0ccf00476ddaa5c,f80984d28ef9a7550633fb3aea514f783f3db1fa655a6d3f49850b10857e6afc,188f2e248d512bb338cd5c33c140337ac59206948aa209631ca797a09d4b9eb2,last,ood_metric/fpr95_id_tpr,OOD-4,primary,down,id_train,id_test_vs_mnist,detector_declared,detector/vim_author_dim,mnist,far,,,,80000,C1,sgd,0.1,0.0005,0.28713809523809525,0.0493334185970949,0.287138 ± 0.049333,0.26815714285714287,0.34314285714285714,0.25011428571428573
metric_contract_v1.2,c38b09694be88aa74de0741b39e9d3ba0d6ff61a,35a1a66f78dfd6255c4d804586ee6863969be78d21acec5cd0ccf00476ddaa5c,f80984d28ef9a7550633fb3aea514f783f3db1fa655a6d3f49850b10857e6afc,188f2e248d512bb338cd5c33c140337ac59206948aa209631ca797a09d4b9eb2,last,ood_metric/fpr95_id_tpr,OOD-4,primary,down,id_train,id_test_vs_mnist,detector_declared,detector/vim_dim128,mnist,far,,,,80000,C1,sgd,0.1,0.0005,0.24268571428571428,0.0271367211109423,0.242686 ± 0.027137,0.2296,0.2738857142857143,0.22457142857142856
metric_contract_v1.2,c38b09694be88aa74de0741b39e9d3ba0d6ff61a,35a1a66f78dfd6255c4d804586ee6863969be78d21acec5cd0ccf00476ddaa5c,f80984d28ef9a7550633fb3aea514f783f3db1fa655a6d3f49850b10857e6afc,188f2e248d512bb338cd5c33c140337ac59206948aa209631ca797a09d4b9eb2,last,ood_metric/fpr95_id_tpr,OOD-4,primary,down,id_train,id_test_vs_mnist,detector_declared,detector/vim_dim256,mnist,far,,,,80000,C1,sgd,0.1,0.0005,0.27418095238095236,0.04522154383931274,0.274181 ± 0.045222,0.2544571428571429,0.3259142857142857,0.24217142857142857
metric_contract_v1.2,c38b09694be88aa74de0741b39e9d3ba0d6ff61a,35a1a66f78dfd6255c4d804586ee6863969be78d21acec5cd0ccf00476ddaa5c,f80984d28ef9a7550633fb3aea514f783f3db1fa655a6d3f49850b10857e6afc,188f2e248d512bb338cd5c33c140337ac59206948aa209631ca797a09d4b9eb2,last,ood_metric/fpr95_id_tpr,OOD-4,primary,down,id_train,id_test_vs_mnist,detector_declared,detector/vim_dim320,mnist,far,,,,80000,C1,sgd,0.1,0.0005,0.28713809523809525,0.0493334185970949,0.287138 ± 0.049333,0.26815714285714287,0.34314285714285714,0.25011428571428573
metric_contract_v1.2,c38b09694be88aa74de0741b39e9d3ba0d6ff61a,35a1a66f78dfd6255c4d804586ee6863969be78d21acec5cd0ccf00476ddaa5c,f80984d28ef9a7550633fb3aea514f783f3db1fa655a6d3f49850b10857e6afc,188f2e248d512bb338cd5c33c140337ac59206948aa209631ca797a09d4b9eb2,last,ood_metric/fpr95_id_tpr,OOD-4,primary,down,id_train,id_test_vs_mnist,detector_declared,detector/vim_dim64,mnist,far,,,,80000,C1,sgd,0.1,0.0005,0.26376666666666665,0.02937263176153338,0.263767 ± 0.029373,0.25052857142857143,0.29742857142857143,0.24334285714285714
metric_contract_v1.2,c38b09694be88aa74de0741b39e9d3ba0d6ff61a,35a1a66f78dfd6255c4d804586ee6863969be78d21acec5cd0ccf00476ddaa5c,f80984d28ef9a7550633fb3aea514f783f3db1fa655a6d3f49850b10857e6afc,188f2e248d512bb338cd5c33c140337ac59206948aa209631ca797a09d4b9eb2,last,ood_metric/fpr95_id_tpr,OOD-4,primary,down,id_train,id_test_vs_mnist,detector_declared,detector/weight_cosine_appendix,mnist,far,,,,80000,C1,sgd,0.1,0.0005,0.2752761904761905,0.02733638650609996,0.275276 ± 0.027336,0.2961857142857143,0.24434285714285714,0.2853
metric_contract_v1.2,c38b09694be88aa74de0741b39e9d3ba0d6ff61a,35a1a66f78dfd6255c4d804586ee6863969be78d21acec5cd0ccf00476ddaa5c,f80984d28ef9a7550633fb3aea514f783f3db1fa655a6d3f49850b10857e6afc,188f2e248d512bb338cd5c33c140337ac59206948aa209631ca797a09d4b9eb2,last,ood_metric/fpr95_id_tpr,OOD-4,primary,down,,id_test_vs_mnist,detector_declared,ood_score/energy_t1,mnist,far,,,,80000,C1,sgd,0.1,0.0005,0.24349047619047623,0.009173590458744173,0.243490 ± 0.009174,0.2538,0.23622857142857143,0.24044285714285715
metric_contract_v1.2,c38b09694be88aa74de0741b39e9d3ba0d6ff61a,35a1a66f78dfd6255c4d804586ee6863969be78d21acec5cd0ccf00476ddaa5c,f80984d28ef9a7550633fb3aea514f783f3db1fa655a6d3f49850b10857e6afc,188f2e248d512bb338cd5c33c140337ac59206948aa209631ca797a09d4b9eb2,last,ood_metric/fpr95_id_tpr,OOD-4,primary,down,,id_test_vs_mnist,detector_declared,ood_score/max_logit,mnist,far,,,,80000,C1,sgd,0.1,0.0005,0.25486190476190473,0.014910456085588815,0.254862 ± 0.014910,0.2719714285714286,0.24464285714285713,0.24797142857142856
metric_contract_v1.2,c38b09694be88aa74de0741b39e9d3ba0d6ff61a,35a1a66f78dfd6255c4d804586ee6863969be78d21acec5cd0ccf00476ddaa5c,f80984d28ef9a7550633fb3aea514f783f3db1fa655a6d3f49850b10857e6afc,188f2e248d512bb338cd5c33c140337ac59206948aa209631ca797a09d4b9eb2,last,ood_metric/fpr95_id_tpr,OOD-4,primary,down,,id_test_vs_mnist,detector_declared,ood_score/msp,mnist,far,,,,80000,C1,sgd,0.1,0.0005,0.46028095238095235,0.03492093791354844,0.460281 ± 0.034921,0.5005714285714286,0.4415428571428571,0.4387285714285714
metric_contract_v1.2,c38b09694be88aa74de0741b39e9d3ba0d6ff61a,35a1a66f78dfd6255c4d804586ee6863969be78d21acec5cd0ccf00476ddaa5c,f80984d28ef9a7550633fb3aea514f783f3db1fa655a6d3f49850b10857e6afc,188f2e248d512bb338cd5c33c140337ac59206948aa209631ca797a09d4b9eb2,last,ood_metric/fpr95_threshold,OOD-4,appendix,descriptive,id_train,id_test_vs_mnist,detector_declared,detector/ctm_prototype_cosine,mnist,far,,,,80000,C1,sgd,0.1,0.0005,0.803949071701822,0.0004930652307855278,0.803949 ± 0.000493,0.8040611363967487,0.8034096198161489,0.8043764588925681
metric_contract_v1.2,c38b09694be88aa74de0741b39e9d3ba0d6ff61a,35a1a66f78dfd6255c4d804586ee6863969be78d21acec5cd0ccf00476ddaa5c,f80984d28ef9a7550633fb3aea514f783f3db1fa655a6d3f49850b10857e6afc,188f2e248d512bb338cd5c33c140337ac59206948aa209631ca797a09d4b9eb2,last,ood_metric/fpr95_threshold,OOD-4,appendix,descriptive,id_train,id_test_vs_mnist,detector_declared,detector/gda_class_density,mnist,far,,,,80000,C1,sgd,0.1,0.0005,288.95088312619,39.477264834509675,288.950883 ± 39.477265,248.34807079198745,327.1970144717152,291.3075641148673
metric_contract_v1.2,c38b09694be88aa74de0741b39e9d3ba0d6ff61a,35a1a66f78dfd6255c4d804586ee6863969be78d21acec5cd0ccf00476ddaa5c,f80984d28ef9a7550633fb3aea514f783f3db1fa655a6d3f49850b10857e6afc,188f2e248d512bb338cd5c33c140337ac59206948aa209631ca797a09d4b9eb2,last,ood_metric/fpr95_threshold,OOD-4,appendix,descriptive,id_train,id_test_vs_mnist,detector_declared,detector/knn_l2_k50,mnist,far,,,,80000,C1,sgd,0.1,0.0005,-0.232724443773592,0.0014145792834014256,-0.232724 ± 0.001415,-0.23435149100815075,-0.23178613024720726,-0.23203571006541798
metric_contract_v1.2,c38b09694be88aa74de0741b39e9d3ba0d6ff61a,35a1a66f78dfd6255c4d804586ee6863969be78d21acec5cd0ccf00476ddaa5c,f80984d28ef9a7550633fb3aea514f783f3db1fa655a6d3f49850b10857e6afc,188f2e248d512bb338cd5c33c140337ac59206948aa209631ca797a09d4b9eb2,last,ood_metric/fpr95_threshold,OOD-4,appendix,descriptive,id_train,id_test_vs_mnist,detector_declared,detector/mahalanobis_pp,mnist,far,,,,80000,C1,sgd,0.1,0.0005,-1401.1418268932541,18.386698524871996,-1401.141827 ± 18.386699,-1380.0283931734998,-1413.6319009538788,-1409.7651865523842
metric_contract_v1.2,c38b09694be88aa74de0741b39e9d3ba0d6ff61a,35a1a66f78dfd6255c4d804586ee6863969be78d21acec5cd0ccf00476ddaa5c,f80984d28ef9a7550633fb3aea514f783f3db1fa655a6d3f49850b10857e6afc,188f2e248d512bb338cd5c33c140337ac59206948aa209631ca797a09d4b9eb2,last,ood_metric/fpr95_threshold,OOD-4,appendix,descriptive,id_train,id_test_vs_mnist,detector_declared,detector/mahalanobis_raw,mnist,far,,,,80000,C1,sgd,0.1,0.0005,-1178.4676636409101,8.783435101382713,-1178.467664 ± 8.783435,-1187.6543965285982,-1170.152511830081,-1177.5960825640507
metric_contract_v1.2,c38b09694be88aa74de0741b39e9d3ba0d6ff61a,35a1a66f78dfd6255c4d804586ee6863969be78d21acec5cd0ccf00476ddaa5c,f80984d28ef9a7550633fb3aea514f783f3db1fa655a6d3f49850b10857e6afc,188f2e248d512bb338cd5c33c140337ac59206948aa209631ca797a09d4b9eb2,last,ood_metric/fpr95_threshold,OOD-4,appendix,descriptive,id_train,id_test_vs_mnist,detector_declared,detector/marginal_mahalanobis_raw,mnist,far,,,,80000,C1,sgd,0.1,0.0005,-1064.5443618052725,9.171152110273523,-1064.544362 ± 9.171152,-1068.27323834412,-1054.096122463579,-1071.2637246081183
metric_contract_v1.2,c38b09694be88aa74de0741b39e9d3ba0d6ff61a,35a1a66f78dfd6255c4d804586ee6863969be78d21acec5cd0ccf00476ddaa5c,f80984d28ef9a7550633fb3aea514f783f3db1fa655a6d3f49850b10857e6afc,188f2e248d512bb338cd5c33c140337ac59206948aa209631ca797a09d4b9eb2,last,ood_metric/fpr95_threshold,OOD-4,appendix,descriptive,id_train,id_test_vs_mnist,detector_declared,detector/ncp_euclidean_raw,mnist,far,,,,80000,C1,sgd,0.1,0.0005,-8.078603809744026,0.11206608009453747,-8.078604 ± 0.112066,-8.207926574833445,-8.01000248684756,-8.017882367551072
metric_contract_v1.2,c38b09694be88aa74de0741b39e9d3ba0d6ff61a,35a1a66f78dfd6255c4d804586ee6863969be78d21acec5cd0ccf00476ddaa5c,f80984d28ef9a7550633fb3aea514f783f3db1fa655a6d3f49850b10857e6afc,188f2e248d512bb338cd5c33c140337ac59206948aa209631ca797a09d4b9eb2,last,ood_metric/fpr95_threshold,OOD-4,appendix,descriptive,id_train,id_test_vs_mnist,detector_declared,detector/neco_author_std_dim100,mnist,far,,,,80000,C1,sgd,0.1,0.0005,0.9917731934554155,0.0006404732070736203,0.991773 ± 0.000640,0.9920766448105605,0.9922055430172383,0.9910373925384477
metric_contract_v1.2,c38b09694be88aa74de0741b39e9d3ba0d6ff61a,35a1a66f78dfd6255c4d804586ee6863969be78d21acec5cd0ccf00476ddaa5c,f80984d28ef9a7550633fb3aea514f783f3db1fa655a6d3f49850b10857e6afc,188f2e248d512bb338cd5c33c140337ac59206948aa209631ca797a09d4b9eb2,last,ood_metric/fpr95_threshold,OOD-4,appendix,descriptive,id_train,id_test_vs_mnist,detector_declared,detector/relative_mahalanobis_pp,mnist,far,,,,80000,C1,sgd,0.1,0.0005,-280.048140195385,3.7193916869754347,-280.048140 ± 3.719392,-279.01525685446666,-284.17480880111873,-276.9543549305696
metric_contract_v1.2,c38b09694be88aa74de0741b39e9d3ba0d6ff61a,35a1a66f78dfd6255c4d804586ee6863969be78d21acec5cd0ccf00476ddaa5c,f80984d28ef9a7550633fb3aea514f783f3db1fa655a6d3f49850b10857e6afc,188f2e248d512bb338cd5c33c140337ac59206948aa209631ca797a09d4b9eb2,last,ood_metric/fpr95_threshold,OOD-4,appendix,descriptive,id_train,id_test_vs_mnist,detector_declared,detector/relative_mahalanobis_raw,mnist,far,,,,80000,C1,sgd,0.1,0.0005,-186.09552494003626,1.6568930969377251,-186.095525 ± 1.656893,-187.0853340424266,-187.01854252714725,-184.18269825053488
metric_contract_v1.2,c38b09694be88aa74de0741b39e9d3ba0d6ff61a,35a1a66f78dfd6255c4d804586ee6863969be78d21acec5cd0ccf00476ddaa5c,f80984d28ef9a7550633fb3aea514f783f3db1fa655a6d3f49850b10857e6afc,188f2e248d512bb338cd5c33c140337ac59206948aa209631ca797a09d4b9eb2,last,ood_metric/fpr95_threshold,OOD-4,appendix,descriptive,id_train,id_test_vs_mnist,detector_declared,detector/vim_author_dim,mnist,far,,,,80000,C1,sgd,0.1,0.0005,-7.738926372514474,0.15020703114081205,-7.738926 ± 0.150207,-7.91058235536202,-7.631585132414147,-7.674611629767257
metric_contract_v1.2,c38b09694be88aa74de0741b39e9d3ba0d6ff61a,35a1a66f78dfd6255c4d804586ee6863969be78d21acec5cd0ccf00476ddaa5c,f80984d28ef9a7550633fb3aea514f783f3db1fa655a6d3f49850b10857e6afc,188f2e248d512bb338cd5c33c140337ac59206948aa209631ca797a09d4b9eb2,last,ood_metric/fpr95_threshold,OOD-4,appendix,descriptive,id_train,id_test_vs_mnist,detector_declared,detector/vim_dim128,mnist,far,,,,80000,C1,sgd,0.1,0.0005,-7.126895277873818,0.04263547636722701,-7.126895 ± 0.042635,-7.172688096727023,-7.088344886488347,-7.119652850406089
metric_contract_v1.2,c38b09694be88aa74de0741b39e9d3ba0d6ff61a,35a1a66f78dfd6255c4d804586ee6863969be78d21acec5cd0ccf00476ddaa5c,f80984d28ef9a7550633fb3aea514f783f3db1fa655a6d3f49850b10857e6afc,188f2e248d512bb338cd5c33c140337ac59206948aa209631ca797a09d4b9eb2,last,ood_metric/fpr95_threshold,OOD-4,appendix,descriptive,id_train,id_test_vs_mnist,detector_declared,detector/vim_dim256,mnist,far,,,,80000,C1,sgd,0.1,0.0005,-7.6096128696260825,0.12893962368647352,-7.609613 ± 0.128940,-7.758499304385565,-7.535390366693215,-7.5349489377994665
metric_contract_v1.2,c38b09694be88aa74de0741b39e9d3ba0d6ff61a,35a1a66f78dfd6255c4d804586ee6863969be78d21acec5cd0ccf00476ddaa5c,f80984d28ef9a7550633fb3aea514f783f3db1fa655a6d3f49850b10857e6afc,188f2e248d512bb338cd5c33c140337ac59206948aa209631ca797a09d4b9eb2,last,ood_metric/fpr95_threshold,OOD-4,appendix,descriptive,id_train,id_test_vs_mnist,detector_declared,detector/vim_dim320,mnist,far,,,,80000,C1,sgd,0.1,0.0005,-7.738926372514474,0.15020703114081205,-7.738926 ± 0.150207,-7.91058235536202,-7.631585132414147,-7.674611629767257
metric_contract_v1.2,c38b09694be88aa74de0741b39e9d3ba0d6ff61a,35a1a66f78dfd6255c4d804586ee6863969be78d21acec5cd0ccf00476ddaa5c,f80984d28ef9a7550633fb3aea514f783f3db1fa655a6d3f49850b10857e6afc,188f2e248d512bb338cd5c33c140337ac59206948aa209631ca797a09d4b9eb2,last,ood_metric/fpr95_threshold,OOD-4,appendix,descriptive,id_train,id_test_vs_mnist,detector_declared,detector/vim_dim64,mnist,far,,,,80000,C1,sgd,0.1,0.0005,-7.139234004437071,0.08071566278859096,-7.139234 ± 0.080716,-7.2312576416149295,-7.080425472605282,-7.106018899091003
metric_contract_v1.2,c38b09694be88aa74de0741b39e9d3ba0d6ff61a,35a1a66f78dfd6255c4d804586ee6863969be78d21acec5cd0ccf00476ddaa5c,f80984d28ef9a7550633fb3aea514f783f3db1fa655a6d3f49850b10857e6afc,188f2e248d512bb338cd5c33c140337ac59206948aa209631ca797a09d4b9eb2,last,ood_metric/fpr95_threshold,OOD-4,appendix,descriptive,id_train,id_test_vs_mnist,detector_declared,detector/weight_cosine_appendix,mnist,far,,,,80000,C1,sgd,0.1,0.0005,0.4952581920871304,0.004310499683158773,0.495258 ± 0.004310,0.4908999165310632,0.49951927202371504,0.4953553877066129
metric_contract_v1.2,c38b09694be88aa74de0741b39e9d3ba0d6ff61a,35a1a66f78dfd6255c4d804586ee6863969be78d21acec5cd0ccf00476ddaa5c,f80984d28ef9a7550633fb3aea514f783f3db1fa655a6d3f49850b10857e6afc,188f2e248d512bb338cd5c33c140337ac59206948aa209631ca797a09d4b9eb2,last,ood_metric/fpr95_threshold,OOD-4,appendix,descriptive,,id_test_vs_mnist,detector_declared,ood_score/energy_t1,mnist,far,,,,80000,C1,sgd,0.1,0.0005,7.944451196150529,0.13117482813208298,7.944451 ± 0.131175,8.094580139260186,7.886788186202835,7.851985262988567
metric_contract_v1.2,c38b09694be88aa74de0741b39e9d3ba0d6ff61a,35a1a66f78dfd6255c4d804586ee6863969be78d21acec5cd0ccf00476ddaa5c,f80984d28ef9a7550633fb3aea514f783f3db1fa655a6d3f49850b10857e6afc,188f2e248d512bb338cd5c33c140337ac59206948aa209631ca797a09d4b9eb2,last,ood_metric/fpr95_threshold,OOD-4,appendix,descriptive,,id_test_vs_mnist,detector_declared,ood_score/max_logit,mnist,far,,,,80000,C1,sgd,0.1,0.0005,7.822102824846904,0.09579346313703246,7.822103 ± 0.095793,7.931537294387818,7.781330490112305,7.753440690040589
metric_contract_v1.2,c38b09694be88aa74de0741b39e9d3ba0d6ff61a,35a1a66f78dfd6255c4d804586ee6863969be78d21acec5cd0ccf00476ddaa5c,f80984d28ef9a7550633fb3aea514f783f3db1fa655a6d3f49850b10857e6afc,188f2e248d512bb338cd5c33c140337ac59206948aa209631ca797a09d4b9eb2,last,ood_metric/fpr95_threshold,OOD-4,appendix,descriptive,,id_test_vs_mnist,detector_declared,ood_score/msp,mnist,far,,,,80000,C1,sgd,0.1,0.0005,0.928607011049623,0.006292161776210185,0.928607 ± 0.006292,0.9226853552968527,0.927922047560987,0.9352136302910292
metric_contract_v1.2,c38b09694be88aa74de0741b39e9d3ba0d6ff61a,35a1a66f78dfd6255c4d804586ee6863969be78d21acec5cd0ccf00476ddaa5c,f80984d28ef9a7550633fb3aea514f783f3db1fa655a6d3f49850b10857e6afc,b701f780ad99d469949a985b0472b8d1f26be0545e531d92895b7559ca142328,last,analysis/angular_control_gap_ctm_ncp,OOD-7,exploratory,descriptive,id_train,id_test_vs_mnist,paired_auroc_difference,,mnist,,,,,80000,C1,adam,0.0003,0.0,0.01972850761904754,0.008112343210787593,0.019729 ± 0.008112,0.028789541428571264,0.013140477142857154,0.017255504285714207
metric_contract_v1.2,c38b09694be88aa74de0741b39e9d3ba0d6ff61a,35a1a66f78dfd6255c4d804586ee6863969be78d21acec5cd0ccf00476ddaa5c,f80984d28ef9a7550633fb3aea514f783f3db1fa655a6d3f49850b10857e6afc,b701f780ad99d469949a985b0472b8d1f26be0545e531d92895b7559ca142328,last,analysis/restoration_gap_mahalanobis,OOD-7,exploratory,descriptive,id_train,id_test_vs_mnist,paired_auroc_difference,,mnist,,,,,80000,C1,adam,0.0003,0.0,0.2902302142857143,0.07423571421335855,0.290230 ± 0.074236,0.2752004128571429,0.37083081857142863,0.2246594114285715
metric_contract_v1.2,c38b09694be88aa74de0741b39e9d3ba0d6ff61a,35a1a66f78dfd6255c4d804586ee6863969be78d21acec5cd0ccf00476ddaa5c,f80984d28ef9a7550633fb3aea514f783f3db1fa655a6d3f49850b10857e6afc,b701f780ad99d469949a985b0472b8d1f26be0545e531d92895b7559ca142328,last,analysis/restoration_gap_relative_mahalanobis,OOD-7,exploratory,descriptive,id_train,id_test_vs_mnist,paired_auroc_difference,,mnist,,,,,80000,C1,adam,0.0003,0.0,-0.015198540952380971,0.003931466888615169,-0.015199 ± 0.003931,-0.011658812857142986,-0.019429944285714207,-0.014506865714285722
metric_contract_v1.2,c38b09694be88aa74de0741b39e9d3ba0d6ff61a,35a1a66f78dfd6255c4d804586ee6863969be78d21acec5cd0ccf00476ddaa5c,f80984d28ef9a7550633fb3aea514f783f3db1fa655a6d3f49850b10857e6afc,b701f780ad99d469949a985b0472b8d1f26be0545e531d92895b7559ca142328,last,ood_metric/ap_in,OOD-2,appendix,up,id_train,id_test_vs_mnist,detector_declared,detector/ctm_prototype_cosine,mnist,far,,,,80000,C1,adam,0.0003,0.0,0.710707429057006,0.024927538783204046,0.710707 ± 0.024928,0.7355684348896764,0.7108399664386675,0.6857138858426741
metric_contract_v1.2,c38b09694be88aa74de0741b39e9d3ba0d6ff61a,35a1a66f78dfd6255c4d804586ee6863969be78d21acec5cd0ccf00476ddaa5c,f80984d28ef9a7550633fb3aea514f783f3db1fa655a6d3f49850b10857e6afc,b701f780ad99d469949a985b0472b8d1f26be0545e531d92895b7559ca142328,last,ood_metric/ap_in,OOD-2,appendix,up,id_train,id_test_vs_mnist,detector_declared,detector/gda_class_density,mnist,far,,,,80000,C1,adam,0.0003,0.0,0.6269170989105395,0.05056329137171171,0.626917 ± 0.050563,0.6593508632903109,0.5686563749544841,0.6527440584868236
metric_contract_v1.2,c38b09694be88aa74de0741b39e9d3ba0d6ff61a,35a1a66f78dfd6255c4d804586ee6863969be78d21acec5cd0ccf00476ddaa5c,f80984d28ef9a7550633fb3aea514f783f3db1fa655a6d3f49850b10857e6afc,b701f780ad99d469949a985b0472b8d1f26be0545e531d92895b7559ca142328,last,ood_metric/ap_in,OOD-2,appendix,up,id_train,id_test_vs_mnist,detector_declared,detector/knn_l2_k50,mnist,far,,,,80000,C1,adam,0.0003,0.0,0.7694383570958211,0.018950659854989355,0.769438 ± 0.018951,0.7860896969798152,0.7734080996719257,0.7488172746357227
metric_contract_v1.2,c38b09694be88aa74de0741b39e9d3ba0d6ff61a,35a1a66f78dfd6255c4d804586ee6863969be78d21acec5cd0ccf00476ddaa5c,f80984d28ef9a7550633fb3aea514f783f3db1fa655a6d3f49850b10857e6afc,b701f780ad99d469949a985b0472b8d1f26be0545e531d92895b7559ca142328,last,ood_metric/ap_in,OOD-2,appendix,up,id_train,id_test_vs_mnist,detector_declared,detector/mahalanobis_pp,mnist,far,,,,80000,C1,adam,0.0003,0.0,0.763045386309395,0.019342571543904025,0.763045 ± 0.019343,0.7826206863542957,0.7625712101310658,0.7439442624428235
metric_contract_v1.2,c38b09694be88aa74de0741b39e9d3ba0d6ff61a,35a1a66f78dfd6255c4d804586ee6863969be78d21acec5cd0ccf00476ddaa5c,f80984d28ef9a7550633fb3aea514f783f3db1fa655a6d3f49850b10857e6afc,b701f780ad99d469949a985b0472b8d1f26be0545e531d92895b7559ca142328,last,ood_metric/ap_in,OOD-2,appendix,up,id_train,id_test_vs_mnist,detector_declared,detector/mahalanobis_raw,mnist,far,,,,80000,C1,adam,0.0003,0.0,0.2996272382160333,0.07546767423141768,0.299627 ± 0.075468,0.3238478619897118,0.21502285145469263,0.36001100120369556
metric_contract_v1.2,c38b09694be88aa74de0741b39e9d3ba0d6ff61a,35a1a66f78dfd6255c4d804586ee6863969be78d21acec5cd0ccf00476ddaa5c,f80984d28ef9a7550633fb3aea514f783f3db1fa655a6d3f49850b10857e6afc,b701f780ad99d469949a985b0472b8d1f26be0545e531d92895b7559ca142328,last,ood_metric/ap_in,OOD-2,appendix,up,id_train,id_test_vs_mnist,detector_declared,detector/marginal_mahalanobis_raw,mnist,far,,,,80000,C1,adam,0.0003,0.0,0.16293435750795746,0.04600302093727112,0.162934 ± 0.046003,0.1700347162688515,0.11379397507405878,0.20497438118096206
metric_contract_v1.2,c38b09694be88aa74de0741b39e9d3ba0d6ff61a,35a1a66f78dfd6255c4d804586ee6863969be78d21acec5cd0ccf00476ddaa5c,f80984d28ef9a7550633fb3aea514f783f3db1fa655a6d3f49850b10857e6afc,b701f780ad99d469949a985b0472b8d1f26be0545e531d92895b7559ca142328,last,ood_metric/ap_in,OOD-2,appendix,up,id_train,id_test_vs_mnist,detector_declared,detector/ncp_euclidean_raw,mnist,far,,,,80000,C1,adam,0.0003,0.0,0.6439703687426868,0.0333436782916695,0.643970 ± 0.033344,0.6511088571837593,0.6731666913431419,0.607635557701159
metric_contract_v1.2,c38b09694be88aa74de0741b39e9d3ba0d6ff61a,35a1a66f78dfd6255c4d804586ee6863969be78d21acec5cd0ccf00476ddaa5c,f80984d28ef9a7550633fb3aea514f783f3db1fa655a6d3f49850b10857e6afc,b701f780ad99d469949a985b0472b8d1f26be0545e531d92895b7559ca142328,last,ood_metric/ap_in,OOD-2,appendix,up,id_train,id_test_vs_mnist,detector_declared,detector/neco_author_std_dim100,mnist,far,,,,80000,C1,adam,0.0003,0.0,0.8300853674893361,0.005196474490597041,0.830085 ± 0.005196,0.8349681600460273,0.8246236898056134,0.8306642526163678
metric_contract_v1.2,c38b09694be88aa74de0741b39e9d3ba0d6ff61a,35a1a66f78dfd6255c4d804586ee6863969be78d21acec5cd0ccf00476ddaa5c,f80984d28ef9a7550633fb3aea514f783f3db1fa655a6d3f49850b10857e6afc,b701f780ad99d469949a985b0472b8d1f26be0545e531d92895b7559ca142328,last,ood_metric/ap_in,OOD-2,appendix,up,id_train,id_test_vs_mnist,detector_declared,detector/relative_mahalanobis_pp,mnist,far,,,,80000,C1,adam,0.0003,0.0,0.6881660705509381,0.034168400115699285,0.688166 ± 0.034168,0.716311579339085,0.6980380925759249,0.6501485397378045
metric_contract_v1.2,c38b09694be88aa74de0741b39e9d3ba0d6ff61a,35a1a66f78dfd6255c4d804586ee6863969be78d21acec5cd0ccf00476ddaa5c,f80984d28ef9a7550633fb3aea514f783f3db1fa655a6d3f49850b10857e6afc,b701f780ad99d469949a985b0472b8d1f26be0545e531d92895b7559ca142328,last,ood_metric/ap_in,OOD-2,appendix,up,id_train,id_test_vs_mnist,detector_declared,detector/relative_mahalanobis_raw,mnist,far,,,,80000,C1,adam,0.0003,0.0,0.7187539209874206,0.03314652948313608,0.718754 ± 0.033147,0.7338414525429245,0.7416727094434761,0.6807476009758611
metric_contract_v1.2,c38b09694be88aa74de0741b39e9d3ba0d6ff61a,35a1a66f78dfd6255c4d804586ee6863969be78d21acec5cd0ccf00476ddaa5c,f80984d28ef9a7550633fb3aea514f783f3db1fa655a6d3f49850b10857e6afc,b701f780ad99d469949a985b0472b8d1f26be0545e531d92895b7559ca142328,last,ood_metric/ap_in,OOD-2,appendix,up,id_train,id_test_vs_mnist,detector_declared,detector/vim_author_dim,mnist,far,,,,80000,C1,adam,0.0003,0.0,0.7976348694657301,0.011693260216956693,0.797635 ± 0.011693,0.8084715427419278,0.7852410601748163,0.7991920054804463
metric_contract_v1.2,c38b09694be88aa74de0741b39e9d3ba0d6ff61a,35a1a66f78dfd6255c4d804586ee6863969be78d21acec5cd0ccf00476ddaa5c,f80984d28ef9a7550633fb3aea514f783f3db1fa655a6d3f49850b10857e6afc,b701f780ad99d469949a985b0472b8d1f26be0545e531d92895b7559ca142328,last,ood_metric/ap_in,OOD-2,appendix,up,id_train,id_test_vs_mnist,detector_declared,detector/vim_dim128,mnist,far,,,,80000,C1,adam,0.0003,0.0,0.8212076161422361,0.008396997710632166,0.821208 ± 0.008397,0.829711408041524,0.8209897892366922,0.8129216511484921
metric_contract_v1.2,c38b09694be88aa74de0741b39e9d3ba0d6ff61a,35a1a66f78dfd6255c4d804586ee6863969be78d21acec5cd0ccf00476ddaa5c,f80984d28ef9a7550633fb3aea514f783f3db1fa655a6d3f49850b10857e6afc,b701f780ad99d469949a985b0472b8d1f26be0545e531d92895b7559ca142328,last,ood_metric/ap_in,OOD-2,appendix,up,id_train,id_test_vs_mnist,detector_declared,detector/vim_dim256,mnist,far,,,,80000,C1,adam,0.0003,0.0,0.8049412223129971,0.005895064104613902,0.804941 ± 0.005895,0.810751643967509,0.7989650131228155,0.8051070098486668
metric_contract_v1.2,c38b09694be88aa74de0741b39e9d3ba0d6ff61a,35a1a66f78dfd6255c4d804586ee6863969be78d21acec5cd0ccf00476ddaa5c,f80984d28ef9a7550633fb3aea514f783f3db1fa655a6d3f49850b10857e6afc,b701f780ad99d469949a985b0472b8d1f26be0545e531d92895b7559ca142328,last,ood_metric/ap_in,OOD-2,appendix,up,id_train,id_test_vs_mnist,detector_declared,detector/vim_dim320,mnist,far,,,,80000,C1,adam,0.0003,0.0,0.7976348694657301,0.011693260216956693,0.797635 ± 0.011693,0.8084715427419278,0.7852410601748163,0.7991920054804463
metric_contract_v1.2,c38b09694be88aa74de0741b39e9d3ba0d6ff61a,35a1a66f78dfd6255c4d804586ee6863969be78d21acec5cd0ccf00476ddaa5c,f80984d28ef9a7550633fb3aea514f783f3db1fa655a6d3f49850b10857e6afc,b701f780ad99d469949a985b0472b8d1f26be0545e531d92895b7559ca142328,last,ood_metric/ap_in,OOD-2,appendix,up,id_train,id_test_vs_mnist,detector_declared,detector/vim_dim64,mnist,far,,,,80000,C1,adam,0.0003,0.0,0.8289865064997753,0.006967152696682991,0.828987 ± 0.006967,0.8225026585192163,0.8363528702365717,0.8281039907435381
metric_contract_v1.2,c38b09694be88aa74de0741b39e9d3ba0d6ff61a,35a1a66f78dfd6255c4d804586ee6863969be78d21acec5cd0ccf00476ddaa5c,f80984d28ef9a7550633fb3aea514f783f3db1fa655a6d3f49850b10857e6afc,b701f780ad99d469949a985b0472b8d1f26be0545e531d92895b7559ca142328,last,ood_metric/ap_in,OOD-2,appendix,up,id_train,id_test_vs_mnist,detector_declared,detector/weight_cosine_appendix,mnist,far,,,,80000,C1,adam,0.0003,0.0,0.8226678162794876,0.006092185479479453,0.822668 ± 0.006092,0.8247484158144829,0.8274471430547856,0.8158078899691941
metric_contract_v1.2,c38b09694be88aa74de0741b39e9d3ba0d6ff61a,35a1a66f78dfd6255c4d804586ee6863969be78d21acec5cd0ccf00476ddaa5c,f80984d28ef9a7550633fb3aea514f783f3db1fa655a6d3f49850b10857e6afc,b701f780ad99d469949a985b0472b8d1f26be0545e531d92895b7559ca142328,last,ood_metric/ap_in,OOD-2,appendix,up,,id_test_vs_mnist,detector_declared,ood_score/energy_t1,mnist,far,,,,80000,C1,adam,0.0003,0.0,0.867750251201597,0.01754007887365847,0.867750 ± 0.017540,0.8691651474160114,0.8845400291151335,0.8495455770736463
metric_contract_v1.2,c38b09694be88aa74de0741b39e9d3ba0d6ff61a,35a1a66f78dfd6255c4d804586ee6863969be78d21acec5cd0ccf00476ddaa5c,f80984d28ef9a7550633fb3aea514f783f3db1fa655a6d3f49850b10857e6afc,b701f780ad99d469949a985b0472b8d1f26be0545e531d92895b7559ca142328,last,ood_metric/ap_in,OOD-2,appendix,up,,id_test_vs_mnist,detector_declared,ood_score/max_logit,mnist,far,,,,80000,C1,adam,0.0003,0.0,0.8672466904833721,0.01745484512642632,0.867247 ± 0.017455,0.868647012490886,0.8839591956193533,0.8491338633398771
metric_contract_v1.2,c38b09694be88aa74de0741b39e9d3ba0d6ff61a,35a1a66f78dfd6255c4d804586ee6863969be78d21acec5cd0ccf00476ddaa5c,f80984d28ef9a7550633fb3aea514f783f3db1fa655a6d3f49850b10857e6afc,b701f780ad99d469949a985b0472b8d1f26be0545e531d92895b7559ca142328,last,ood_metric/ap_in,OOD-2,appendix,up,,id_test_vs_mnist,detector_declared,ood_score/msp,mnist,far,,,,80000,C1,adam,0.0003,0.0,0.8056541426258882,0.022945172890282597,0.805654 ± 0.022945,0.8104918346354307,0.8257947405633014,0.7806758526789324
metric_contract_v1.2,c38b09694be88aa74de0741b39e9d3ba0d6ff61a,35a1a66f78dfd6255c4d804586ee6863969be78d21acec5cd0ccf00476ddaa5c,f80984d28ef9a7550633fb3aea514f783f3db1fa655a6d3f49850b10857e6afc,b701f780ad99d469949a985b0472b8d1f26be0545e531d92895b7559ca142328,last,ood_metric/ap_out,OOD-3,appendix,up,id_train,id_test_vs_mnist,detector_declared,detector/ctm_prototype_cosine,mnist,far,,,,80000,C1,adam,0.0003,0.0,0.9764311011310113,0.002180590357252328,0.976431 ± 0.002181,0.9786186859302175,0.9764170442850754,0.9742575731777409
metric_contract_v1.2,c38b09694be88aa74de0741b39e9d3ba0d6ff61a,35a1a66f78dfd6255c4d804586ee6863969be78d21acec5cd0ccf00476ddaa5c,f80984d28ef9a7550633fb3aea514f783f3db1fa655a6d3f49850b10857e6afc,b701f780ad99d469949a985b0472b8d1f26be0545e531d92895b7559ca142328,last,ood_metric/ap_out,OOD-3,appendix,up,id_train,id_test_vs_mnist,detector_declared,detector/gda_class_density,mnist,far,,,,80000,C1,adam,0.0003,0.0,0.9584862823542685,0.006299128229341112,0.958486 ± 0.006299,0.9592248287909685,0.9518504368415688,0.964383581430268
metric_contract_v1.2,c38b09694be88aa74de0741b39e9d3ba0d6ff61a,35a1a66f78dfd6255c4d804586ee6863969be78d21acec5cd0ccf00476ddaa5c,f80984d28ef9a7550633fb3aea514f783f3db1fa655a6d3f49850b10857e6afc,b701f780ad99d469949a985b0472b8d1f26be0545e531d92895b7559ca142328,last,ood_metric/ap_out,OOD-3,appendix,up,id_train,id_test_vs_mnist,detector_declared,detector/knn_l2_k50,mnist,far,,,,80000,C1,adam,0.0003,0.0,0.9809744850945439,0.0015931333606116213,0.980974 ± 0.001593,0.982147892061366,0.9816147335141648,0.9791608297081009
metric_contract_v1.2,c38b09694be88aa74de0741b39e9d3ba0d6ff61a,35a1a66f78dfd6255c4d804586ee6863969be78d21acec5cd0ccf00476ddaa5c,f80984d28ef9a7550633fb3aea514f783f3db1fa655a6d3f49850b10857e6afc,b701f780ad99d469949a985b0472b8d1f26be0545e531d92895b7559ca142328,last,ood_metric/ap_out,OOD-3,appendix,up,id_train,id_test_vs_mnist,detector_declared,detector/mahalanobis_pp,mnist,far,,,,80000,C1,adam,0.0003,0.0,0.9789387573594975,0.0025731690821016776,0.978939 ± 0.002573,0.9810844354957341,0.9760859609528901,0.9796458756298684
metric_contract_v1.2,c38b09694be88aa74de0741b39e9d3ba0d6ff61a,35a1a66f78dfd6255c4d804586ee6863969be78d21acec5cd0ccf00476ddaa5c,f80984d28ef9a7550633fb3aea514f783f3db1fa655a6d3f49850b10857e6afc,b701f780ad99d469949a985b0472b8d1f26be0545e531d92895b7559ca142328,last,ood_metric/ap_out,OOD-3,appendix,up,id_train,id_test_vs_mnist,detector_declared,detector/mahalanobis_raw,mnist,far,,,,80000,C1,adam,0.0003,0.0,0.8899178293332269,0.03306341938732775,0.889918 ± 0.033063,0.8991469841881291,0.8532204414447127,0.9173860623668387
metric_contract_v1.2,c38b09694be88aa74de0741b39e9d3ba0d6ff61a,35a1a66f78dfd6255c4d804586ee6863969be78d21acec5cd0ccf00476ddaa5c,f80984d28ef9a7550633fb3aea514f783f3db1fa655a6d3f49850b10857e6afc,b701f780ad99d469949a985b0472b8d1f26be0545e531d92895b7559ca142328,last,ood_metric/ap_out,OOD-3,appendix,up,id_train,id_test_vs_mnist,detector_declared,detector/marginal_mahalanobis_raw,mnist,far,,,,80000,C1,adam,0.0003,0.0,0.8477470208188421,0.04407082139026616,0.847747 ± 0.044071,0.860030353714036,0.7988376434463882,0.884373065296102
metric_contract_v1.2,c38b09694be88aa74de0741b39e9d3ba0d6ff61a,35a1a66f78dfd6255c4d804586ee6863969be78d21acec5cd0ccf00476ddaa5c,f80984d28ef9a7550633fb3aea514f783f3db1fa655a6d3f49850b10857e6afc,b701f780ad99d469949a985b0472b8d1f26be0545e531d92895b7559ca142328,last,ood_metric/ap_out,OOD-3,appendix,up,id_train,id_test_vs_mnist,detector_declared,detector/ncp_euclidean_raw,mnist,far,,,,80000,C1,adam,0.0003,0.0,0.9697688723275638,0.0013207496236757107,0.969769 ± 0.001321,0.9685737144944166,0.9711868644838159,0.9695460380044587
metric_contract_v1.2,c38b09694be88aa74de0741b39e9d3ba0d6ff61a,35a1a66f78dfd6255c4d804586ee6863969be78d21acec5cd0ccf00476ddaa5c,f80984d28ef9a7550633fb3aea514f783f3db1fa655a6d3f49850b10857e6afc,b701f780ad99d469949a985b0472b8d1f26be0545e531d92895b7559ca142328,last,ood_metric/ap_out,OOD-3,appendix,up,id_train,id_test_vs_mnist,detector_declared,detector/neco_author_std_dim100,mnist,far,,,,80000,C1,adam,0.0003,0.0,0.9797152893318458,0.0027108719802735872,0.979715 ± 0.002711,0.9798405482779448,0.9769439591479852,0.9823613605696075
metric_contract_v1.2,c38b09694be88aa74de0741b39e9d3ba0d6ff61a,35a1a66f78dfd6255c4d804586ee6863969be78d21acec5cd0ccf00476ddaa5c,f80984d28ef9a7550633fb3aea514f783f3db1fa655a6d3f49850b10857e6afc,b701f780ad99d469949a985b0472b8d1f26be0545e531d92895b7559ca142328,last,ood_metric/ap_out,OOD-3,appendix,up,id_train,id_test_vs_mnist,detector_declared,detector/relative_mahalanobis_pp,mnist,far,,,,80000,C1,adam,0.0003,0.0,0.9784469162248254,0.0012315016966574588,0.978447 ± 0.001232,0.9790126243321292,0.9792939193222632,0.977034205020084
metric_contract_v1.2,c38b09694be88aa74de0741b39e9d3ba0d6ff61a,35a1a66f78dfd6255c4d804586ee6863969be78d21acec5cd0ccf00476ddaa5c,f80984d28ef9a7550633fb3aea514f783f3db1fa655a6d3f49850b10857e6afc,b701f780ad99d469949a985b0472b8d1f26be0545e531d92895b7559ca142328,last,ood_metric/ap_out,OOD-3,appendix,up,id_train,id_test_vs_mnist,detector_declared,detector/relative_mahalanobis_raw,mnist,far,,,,80000,C1,adam,0.0003,0.0,0.9819954569341945,0.001731726798740776,0.981995 ± 0.001732,0.9820512112474417,0.9836986333001095,0.9802365262550327
metric_contract_v1.2,c38b09694be88aa74de0741b39e9d3ba0d6ff61a,35a1a66f78dfd6255c4d804586ee6863969be78d21acec5cd0ccf00476ddaa5c,f80984d28ef9a7550633fb3aea514f783f3db1fa655a6d3f49850b10857e6afc,b701f780ad99d469949a985b0472b8d1f26be0545e531d92895b7559ca142328,last,ood_metric/ap_out,OOD-3,appendix,up,id_train,id_test_vs_mnist,detector_declared,detector/vim_author_dim,mnist,far,,,,80000,C1,adam,0.0003,0.0,0.9753870354353475,0.004030492439131871,0.975387 ± 0.004030,0.9766591735014507,0.9708739678392995,0.9786279649652927
metric_contract_v1.2,c38b09694be88aa74de0741b39e9d3ba0d6ff61a,35a1a66f78dfd6255c4d804586ee6863969be78d21acec5cd0ccf00476ddaa5c,f80984d28ef9a7550633fb3aea514f783f3db1fa655a6d3f49850b10857e6afc,b701f780ad99d469949a985b0472b8d1f26be0545e531d92895b7559ca142328,last,ood_metric/ap_out,OOD-3,appendix,up,id_train,id_test_vs_mnist,detector_declared,detector/vim_dim128,mnist,far,,,,80000,C1,adam,0.0003,0.0,0.9801762668106218,0.0015450520990784274,0.980176 ± 0.001545,0.9806074662516702,0.9784614218565229,0.9814599123236721
metric_contract_v1.2,c38b09694be88aa74de0741b39e9d3ba0d6ff61a,35a1a66f78dfd6255c4d804586ee6863969be78d21acec5cd0ccf00476ddaa5c,f80984d28ef9a7550633fb3aea514f783f3db1fa655a6d3f49850b10857e6afc,b701f780ad99d469949a985b0472b8d1f26be0545e531d92895b7559ca142328,last,ood_metric/ap_out,OOD-3,appendix,up,id_train,id_test_vs_mnist,detector_declared,detector/vim_dim256,mnist,far,,,,80000,C1,adam,0.0003,0.0,0.9766659822088691,0.003932185720676215,0.976666 ± 0.003932,0.977465934002619,0.9723953290601884,0.9801366835638001
metric_contract_v1.2,c38b09694be88aa74de0741b39e9d3ba0d6ff61a,35a1a66f78dfd6255c4d804586ee6863969be78d21acec5cd0ccf00476ddaa5c,f80984d28ef9a7550633fb3aea514f783f3db1fa655a6d3f49850b10857e6afc,b701f780ad99d469949a985b0472b8d1f26be0545e531d92895b7559ca142328,last,ood_metric/ap_out,OOD-3,appendix,up,id_train,id_test_vs_mnist,detector_declared,detector/vim_dim320,mnist,far,,,,80000,C1,adam,0.0003,0.0,0.9753870354353475,0.004030492439131871,0.975387 ± 0.004030,0.9766591735014507,0.9708739678392995,0.9786279649652927
metric_contract_v1.2,c38b09694be88aa74de0741b39e9d3ba0d6ff61a,35a1a66f78dfd6255c4d804586ee6863969be78d21acec5cd0ccf00476ddaa5c,f80984d28ef9a7550633fb3aea514f783f3db1fa655a6d3f49850b10857e6afc,b701f780ad99d469949a985b0472b8d1f26be0545e531d92895b7559ca142328,last,ood_metric/ap_out,OOD-3,appendix,up,id_train,id_test_vs_mnist,detector_declared,detector/vim_dim64,mnist,far,,,,80000,C1,adam,0.0003,0.0,0.980282237767352,0.0016984394176454622,0.980282 ± 0.001698,0.9787128812980862,0.9800483205672357,0.9820855114367342
metric_contract_v1.2,c38b09694be88aa74de0741b39e9d3ba0d6ff61a,35a1a66f78dfd6255c4d804586ee6863969be78d21acec5cd0ccf00476ddaa5c,f80984d28ef9a7550633fb3aea514f783f3db1fa655a6d3f49850b10857e6afc,b701f780ad99d469949a985b0472b8d1f26be0545e531d92895b7559ca142328,last,ood_metric/ap_out,OOD-3,appendix,up,id_train,id_test_vs_mnist,detector_declared,detector/weight_cosine_appendix,mnist,far,,,,80000,C1,adam,0.0003,0.0,0.985015578887943,0.0015278033065493281,0.985016 ± 0.001528,0.9847130860197375,0.9866720018871094,0.9836616487569821
metric_contract_v1.2,c38b09694be88aa74de0741b39e9d3ba0d6ff61a,35a1a66f78dfd6255c4d804586ee6863969be78d21acec5cd0ccf00476ddaa5c,f80984d28ef9a7550633fb3aea514f783f3db1fa655a6d3f49850b10857e6afc,b701f780ad99d469949a985b0472b8d1f26be0545e531d92895b7559ca142328,last,ood_metric/ap_out,OOD-3,appendix,up,,id_test_vs_mnist,detector_declared,ood_score/energy_t1,mnist,far,,,,80000,C1,adam,0.0003,0.0,0.9873148527821985,0.001921528020967509,0.987315 ± 0.001922,0.9869946564101585,0.9893763650861482,0.9855735368502887
metric_contract_v1.2,c38b09694be88aa74de0741b39e9d3ba0d6ff61a,35a1a66f78dfd6255c4d804586ee6863969be78d21acec5cd0ccf00476ddaa5c,f80984d28ef9a7550633fb3aea514f783f3db1fa655a6d3f49850b10857e6afc,b701f780ad99d469949a985b0472b8d1f26be0545e531d92895b7559ca142328,last,ood_metric/ap_out,OOD-3,appendix,up,,id_test_vs_mnist,detector_declared,ood_score/max_logit,mnist,far,,,,80000,C1,adam,0.0003,0.0,0.9873898876462336,0.0018730699905148856,0.987390 ± 0.001873,0.9870845918432813,0.9893968513363207,0.9856882197590986
metric_contract_v1.2,c38b09694be88aa74de0741b39e9d3ba0d6ff61a,35a1a66f78dfd6255c4d804586ee6863969be78d21acec5cd0ccf00476ddaa5c,f80984d28ef9a7550633fb3aea514f783f3db1fa655a6d3f49850b10857e6afc,b701f780ad99d469949a985b0472b8d1f26be0545e531d92895b7559ca142328,last,ood_metric/ap_out,OOD-3,appendix,up,,id_test_vs_mnist,detector_declared,ood_score/msp,mnist,far,,,,80000,C1,adam,0.0003,0.0,0.9794705234717701,0.001609058814615177,0.979471 ± 0.001609,0.9792969441184811,0.9811593346604345,0.9779552916363946
metric_contract_v1.2,c38b09694be88aa74de0741b39e9d3ba0d6ff61a,35a1a66f78dfd6255c4d804586ee6863969be78d21acec5cd0ccf00476ddaa5c,f80984d28ef9a7550633fb3aea514f783f3db1fa655a6d3f49850b10857e6afc,b701f780ad99d469949a985b0472b8d1f26be0545e531d92895b7559ca142328,last,ood_metric/aupr_in_openood_auc,OOD-2,primary,up,id_train,id_test_vs_mnist,detector_declared,detector/ctm_prototype_cosine,mnist,far,,,,80000,C1,adam,0.0003,0.0,0.7106955320783603,0.02492930459741925,0.710696 ± 0.024929,0.7355585655892598,0.7108275499047001,0.6857004807411209
metric_contract_v1.2,c38b09694be88aa74de0741b39e9d3ba0d6ff61a,35a1a66f78dfd6255c4d804586ee6863969be78d21acec5cd0ccf00476ddaa5c,f80984d28ef9a7550633fb3aea514f783f3db1fa655a6d3f49850b10857e6afc,b701f780ad99d469949a985b0472b8d1f26be0545e531d92895b7559ca142328,last,ood_metric/aupr_in_openood_auc,OOD-2,primary,up,id_train,id_test_vs_mnist,detector_declared,detector/gda_class_density,mnist,far,,,,80000,C1,adam,0.0003,0.0,0.6269026652923347,0.05056685686101911,0.626903 ± 0.050567,0.659338464393407,0.568637813232622,0.6527317182509752
metric_contract_v1.2,c38b09694be88aa74de0741b39e9d3ba0d6ff61a,35a1a66f78dfd6255c4d804586ee6863969be78d21acec5cd0ccf00476ddaa5c,f80984d28ef9a7550633fb3aea514f783f3db1fa655a6d3f49850b10857e6afc,b701f780ad99d469949a985b0472b8d1f26be0545e531d92895b7559ca142328,last,ood_metric/aupr_in_openood_auc,OOD-2,primary,up,id_train,id_test_vs_mnist,detector_declared,detector/knn_l2_k50,mnist,far,,,,80000,C1,adam,0.0003,0.0,0.7694310672250136,0.01895133058513432,0.769431 ± 0.018951,0.7860830539543457,0.7734008631567558,0.7488092845639398
metric_contract_v1.2,c38b09694be88aa74de0741b39e9d3ba0d6ff61a,35a1a66f78dfd6255c4d804586ee6863969be78d21acec5cd0ccf00476ddaa5c,f80984d28ef9a7550633fb3aea514f783f3db1fa655a6d3f49850b10857e6afc,b701f780ad99d469949a985b0472b8d1f26be0545e531d92895b7559ca142328,last,ood_metric/aupr_in_openood_auc,OOD-2,primary,up,id_train,id_test_vs_mnist,detector_declared,detector/mahalanobis_pp,mnist,far,,,,80000,C1,adam,0.0003,0.0,0.763038201585886,0.019343152871669832,0.763038 ± 0.019343,0.7826138250437243,0.7625645611939392,0.743936218519994
metric_contract_v1.2,c38b09694be88aa74de0741b39e9d3ba0d6ff61a,35a1a66f78dfd6255c4d804586ee6863969be78d21acec5cd0ccf00476ddaa5c,f80984d28ef9a7550633fb3aea514f783f3db1fa655a6d3f49850b10857e6afc,b701f780ad99d469949a985b0472b8d1f26be0545e531d92895b7559ca142328,last,ood_metric/aupr_in_openood_auc,OOD-2,primary,up,id_train,id_test_vs_mnist,detector_declared,detector/mahalanobis_raw,mnist,far,,,,80000,C1,adam,0.0003,0.0,0.2995959988248758,0.07547426090585252,0.299596 ± 0.075474,0.3238184790054538,0.21498429218635812,0.3599852252828155
metric_contract_v1.2,c38b09694be88aa74de0741b39e9d3ba0d6ff61a,35a1a66f78dfd6255c4d804586ee6863969be78d21acec5cd0ccf00476ddaa5c,f80984d28ef9a7550633fb3aea514f783f3db1fa655a6d3f49850b10857e6afc,b701f780ad99d469949a985b0472b8d1f26be0545e531d92895b7559ca142328,last,ood_metric/aupr_in_openood_auc,OOD-2,primary,up,id_train,id_test_vs_mnist,detector_declared,detector/marginal_mahalanobis_raw,mnist,far,,,,80000,C1,adam,0.0003,0.0,0.162893440398101,0.045999695443449846,0.162893 ± 0.046000,0.16998805790938715,0.11375861380405664,0.20493364948085918
metric_contract_v1.2,c38b09694be88aa74de0741b39e9d3ba0d6ff61a,35a1a66f78dfd6255c4d804586ee6863969be78d21acec5cd0ccf00476ddaa5c,f80984d28ef9a7550633fb3aea514f783f3db1fa655a6d3f49850b10857e6afc,b701f780ad99d469949a985b0472b8d1f26be0545e531d92895b7559ca142328,last,ood_metric/aupr_in_openood_auc,OOD-2,primary,up,id_train,id_test_vs_mnist,detector_declared,detector/ncp_euclidean_raw,mnist,far,,,,80000,C1,adam,0.0003,0.0,0.6439523720845228,0.033347104833071614,0.643952 ± 0.033347,0.6510924036630007,0.6731511579600019,0.607613554630566
metric_contract_v1.2,c38b09694be88aa74de0741b39e9d3ba0d6ff61a,35a1a66f78dfd6255c4d804586ee6863969be78d21acec5cd0ccf00476ddaa5c,f80984d28ef9a7550633fb3aea514f783f3db1fa655a6d3f49850b10857e6afc,b701f780ad99d469949a985b0472b8d1f26be0545e531d92895b7559ca142328,last,ood_metric/aupr_in_openood_auc,OOD-2,primary,up,id_train,id_test_vs_mnist,detector_declared,detector/neco_author_std_dim100,mnist,far,,,,80000,C1,adam,0.0003,0.0,0.8300806434232064,0.005196302609616554,0.830081 ± 0.005196,0.8349634232833203,0.8246192524270971,0.830659254559202
metric_contract_v1.2,c38b09694be88aa74de0741b39e9d3ba0d6ff61a,35a1a66f78dfd6255c4d804586ee6863969be78d21acec5cd0ccf00476ddaa5c,f80984d28ef9a7550633fb3aea514f783f3db1fa655a6d3f49850b10857e6afc,b701f780ad99d469949a985b0472b8d1f26be0545e531d92895b7559ca142328,last,ood_metric/aupr_in_openood_auc,OOD-2,primary,up,id_train,id_test_vs_mnist,detector_declared,detector/relative_mahalanobis_pp,mnist,far,,,,80000,C1,adam,0.0003,0.0,0.6881350328736806,0.03418573081978508,0.688135 ± 0.034186,0.7162918736122361,0.6980161290145604,0.6500970959942451
metric_contract_v1.2,c38b09694be88aa74de0741b39e9d3ba0d6ff61a,35a1a66f78dfd6255c4d804586ee6863969be78d21acec5cd0ccf00476ddaa5c,f80984d28ef9a7550633fb3aea514f783f3db1fa655a6d3f49850b10857e6afc,b701f780ad99d469949a985b0472b8d1f26be0545e531d92895b7559ca142328,last,ood_metric/aupr_in_openood_auc,OOD-2,primary,up,id_train,id_test_vs_mnist,detector_declared,detector/relative_mahalanobis_raw,mnist,far,,,,80000,C1,adam,0.0003,0.0,0.7187091550569286,0.03313683446276201,0.718709 ± 0.033137,0.7337651121455997,0.7416448994518623,0.6807174535733237
metric_contract_v1.2,c38b09694be88aa74de0741b39e9d3ba0d6ff61a,35a1a66f78dfd6255c4d804586ee6863969be78d21acec5cd0ccf00476ddaa5c,f80984d28ef9a7550633fb3aea514f783f3db1fa655a6d3f49850b10857e6afc,b701f780ad99d469949a985b0472b8d1f26be0545e531d92895b7559ca142328,last,ood_metric/aupr_in_openood_auc,OOD-2,primary,up,id_train,id_test_vs_mnist,detector_declared,detector/vim_author_dim,mnist,far,,,,80000,C1,adam,0.0003,0.0,0.7976295454968675,0.01169353832296235,0.797630 ± 0.011694,0.8084665184137168,0.7852354693135382,0.7991866487633474
metric_contract_v1.2,c38b09694be88aa74de0741b39e9d3ba0d6ff61a,35a1a66f78dfd6255c4d804586ee6863969be78d21acec5cd0ccf00476ddaa5c,f80984d28ef9a7550633fb3aea514f783f3db1fa655a6d3f49850b10857e6afc,b701f780ad99d469949a985b0472b8d1f26be0545e531d92895b7559ca142328,last,ood_metric/aupr_in_openood_auc,OOD-2,primary,up,id_train,id_test_vs_mnist,detector_declared,detector/vim_dim128,mnist,far,,,,80000,C1,adam,0.0003,0.0,0.8212028773054177,0.008397326942229045,0.821203 ± 0.008397,0.8297069531314458,0.8209851448510372,0.8129165339337703
metric_contract_v1.2,c38b09694be88aa74de0741b39e9d3ba0d6ff61a,35a1a66f78dfd6255c4d804586ee6863969be78d21acec5cd0ccf00476ddaa5c,f80984d28ef9a7550633fb3aea514f783f3db1fa655a6d3f49850b10857e6afc,b701f780ad99d469949a985b0472b8d1f26be0545e531d92895b7559ca142328,last,ood_metric/aupr_in_openood_auc,OOD-2,primary,up,id_train,id_test_vs_mnist,detector_declared,detector/vim_dim256,mnist,far,,,,80000,C1,adam,0.0003,0.0,0.8049360836620808,0.00589512377081514,0.804936 ± 0.005895,0.8107466642820224,0.798959906034477,0.8051016806697426
metric_contract_v1.2,c38b09694be88aa74de0741b39e9d3ba0d6ff61a,35a1a66f78dfd6255c4d804586ee6863969be78d21acec5cd0ccf00476ddaa5c,f80984d28ef9a7550633fb3aea514f783f3db1fa655a6d3f49850b10857e6afc,b701f780ad99d469949a985b0472b8d1f26be0545e531d92895b7559ca142328,last,ood_metric/aupr_in_openood_auc,OOD-2,primary,up,id_train,id_test_vs_mnist,detector_declared,detector/vim_dim320,mnist,far,,,,80000,C1,adam,0.0003,0.0,0.7976295454968675,0.01169353832296235,0.797630 ± 0.011694,0.8084665184137168,0.7852354693135382,0.7991866487633474
metric_contract_v1.2,c38b09694be88aa74de0741b39e9d3ba0d6ff61a,35a1a66f78dfd6255c4d804586ee6863969be78d21acec5cd0ccf00476ddaa5c,f80984d28ef9a7550633fb3aea514f783f3db1fa655a6d3f49850b10857e6afc,b701f780ad99d469949a985b0472b8d1f26be0545e531d92895b7559ca142328,last,ood_metric/aupr_in_openood_auc,OOD-2,primary,up,id_train,id_test_vs_mnist,detector_declared,detector/vim_dim64,mnist,far,,,,80000,C1,adam,0.0003,0.0,0.8289820783184773,0.00696741512370876,0.828982 ± 0.006967,0.8224979975589038,0.8363487272898255,0.8280995101067024
metric_contract_v1.2,c38b09694be88aa74de0741b39e9d3ba0d6ff61a,35a1a66f78dfd6255c4d804586ee6863969be78d21acec5cd0ccf00476ddaa5c,f80984d28ef9a7550633fb3aea514f783f3db1fa655a6d3f49850b10857e6afc,b701f780ad99d469949a985b0472b8d1f26be0545e531d92895b7559ca142328,last,ood_metric/aupr_in_openood_auc,OOD-2,primary,up,id_train,id_test_vs_mnist,detector_declared,detector/weight_cosine_appendix,mnist,far,,,,80000,C1,adam,0.0003,0.0,0.8226625865490034,0.006092192002524166,0.822663 ± 0.006092,0.8247432363079426,0.8274418815738822,0.8158026417651852
metric_contract_v1.2,c38b09694be88aa74de0741b39e9d3ba0d6ff61a,35a1a66f78dfd6255c4d804586ee6863969be78d21acec5cd0ccf00476ddaa5c,f80984d28ef9a7550633fb3aea514f783f3db1fa655a6d3f49850b10857e6afc,b701f780ad99d469949a985b0472b8d1f26be0545e531d92895b7559ca142328,last,ood_metric/aupr_in_openood_auc,OOD-2,primary,up,,id_test_vs_mnist,detector_declared,ood_score/energy_t1,mnist,far,,,,80000,C1,adam,0.0003,0.0,0.8677467022503628,0.017540663531474883,0.867747 ± 0.017541,0.8691617362416822,0.8845369890090882,0.8495413815003181
metric_contract_v1.2,c38b09694be88aa74de0741b39e9d3ba0d6ff61a,35a1a66f78dfd6255c4d804586ee6863969be78d21acec5cd0ccf00476ddaa5c,f80984d28ef9a7550633fb3aea514f783f3db1fa655a6d3f49850b10857e6afc,b701f780ad99d469949a985b0472b8d1f26be0545e531d92895b7559ca142328,last,ood_metric/aupr_in_openood_auc,OOD-2,primary,up,,id_test_vs_mnist,detector_declared,ood_score/max_logit,mnist,far,,,,80000,C1,adam,0.0003,0.0,0.867243154996567,0.017455430090666864,0.867243 ± 0.017455,0.8686436085347707,0.8839561728150099,0.8491296836399204
metric_contract_v1.2,c38b09694be88aa74de0741b39e9d3ba0d6ff61a,35a1a66f78dfd6255c4d804586ee6863969be78d21acec5cd0ccf00476ddaa5c,f80984d28ef9a7550633fb3aea514f783f3db1fa655a6d3f49850b10857e6afc,b701f780ad99d469949a985b0472b8d1f26be0545e531d92895b7559ca142328,last,ood_metric/aupr_in_openood_auc,OOD-2,primary,up,,id_test_vs_mnist,detector_declared,ood_score/msp,mnist,far,,,,80000,C1,adam,0.0003,0.0,0.8056490324157725,0.02294607038184828,0.805649 ± 0.022946,0.8104869933944421,0.825790365446985,0.7806697384058905
metric_contract_v1.2,c38b09694be88aa74de0741b39e9d3ba0d6ff61a,35a1a66f78dfd6255c4d804586ee6863969be78d21acec5cd0ccf00476ddaa5c,f80984d28ef9a7550633fb3aea514f783f3db1fa655a6d3f49850b10857e6afc,b701f780ad99d469949a985b0472b8d1f26be0545e531d92895b7559ca142328,last,ood_metric/aupr_out_openood_auc,OOD-3,primary,up,id_train,id_test_vs_mnist,detector_declared,detector/ctm_prototype_cosine,mnist,far,,,,80000,C1,adam,0.0003,0.0,0.9764300802029854,0.0021809884194631322,0.976430 ± 0.002181,0.9786183055391265,0.9764155336026176,0.9742564014672123
metric_contract_v1.2,c38b09694be88aa74de0741b39e9d3ba0d6ff61a,35a1a66f78dfd6255c4d804586ee6863969be78d21acec5cd0ccf00476ddaa5c,f80984d28ef9a7550633fb3aea514f783f3db1fa655a6d3f49850b10857e6afc,b701f780ad99d469949a985b0472b8d1f26be0545e531d92895b7559ca142328,last,ood_metric/aupr_out_openood_auc,OOD-3,primary,up,id_train,id_test_vs_mnist,detector_declared,detector/gda_class_density,mnist,far,,,,80000,C1,adam,0.0003,0.0,0.9584754426354113,0.006301141211297393,0.958475 ± 0.006301,0.9592174177845747,0.9518361630108986,0.9643727471107606
metric_contract_v1.2,c38b09694be88aa74de0741b39e9d3ba0d6ff61a,35a1a66f78dfd6255c4d804586ee6863969be78d21acec5cd0ccf00476ddaa5c,f80984d28ef9a7550633fb3aea514f783f3db1fa655a6d3f49850b10857e6afc,b701f780ad99d469949a985b0472b8d1f26be0545e531d92895b7559ca142328,last,ood_metric/aupr_out_openood_auc,OOD-3,primary,up,id_train,id_test_vs_mnist,detector_declared,detector/knn_l2_k50,mnist,far,,,,80000,C1,adam,0.0003,0.0,0.9809737942772679,0.0015932784339768846,0.980974 ± 0.001593,0.9821474580143277,0.9816139184969536,0.9791600063205226
metric_contract_v1.2,c38b09694be88aa74de0741b39e9d3ba0d6ff61a,35a1a66f78dfd6255c4d804586ee6863969be78d21acec5cd0ccf00476ddaa5c,f80984d28ef9a7550633fb3aea514f783f3db1fa655a6d3f49850b10857e6afc,b701f780ad99d469949a985b0472b8d1f26be0545e531d92895b7559ca142328,last,ood_metric/aupr_out_openood_auc,OOD-3,primary,up,id_train,id_test_vs_mnist,detector_declared,detector/mahalanobis_pp,mnist,far,,,,80000,C1,adam,0.0003,0.0,0.9789370776720228,0.002571659003514952,0.978937 ± 0.002572,0.9810802397547452,0.9760854482476828,0.9796455450136402
metric_contract_v1.2,c38b09694be88aa74de0741b39e9d3ba0d6ff61a,35a1a66f78dfd6255c4d804586ee6863969be78d21acec5cd0ccf00476ddaa5c,f80984d28ef9a7550633fb3aea514f783f3db1fa655a6d3f49850b10857e6afc,b701f780ad99d469949a985b0472b8d1f26be0545e531d92895b7559ca142328,last,ood_metric/aupr_out_openood_auc,OOD-3,primary,up,id_train,id_test_vs_mnist,detector_declared,detector/mahalanobis_raw,mnist,far,,,,80000,C1,adam,0.0003,0.0,0.8899049911464777,0.03306429792719664,0.889905 ± 0.033064,0.8991306229108671,0.8532076994803569,0.917376651048209
metric_contract_v1.2,c38b09694be88aa74de0741b39e9d3ba0d6ff61a,35a1a66f78dfd6255c4d804586ee6863969be78d21acec5cd0ccf00476ddaa5c,f80984d28ef9a7550633fb3aea514f783f3db1fa655a6d3f49850b10857e6afc,b701f780ad99d469949a985b0472b8d1f26be0545e531d92895b7559ca142328,last,ood_metric/aupr_out_openood_auc,OOD-3,primary,up,id_train,id_test_vs_mnist,detector_declared,detector/marginal_mahalanobis_raw,mnist,far,,,,80000,C1,adam,0.0003,0.0,0.8477338095978105,0.04407029019994826,0.847734 ± 0.044070,0.8600148765591182,0.7988256245095857,0.8843609277247275
metric_contract_v1.2,c38b09694be88aa74de0741b39e9d3ba0d6ff61a,35a1a66f78dfd6255c4d804586ee6863969be78d21acec5cd0ccf00476ddaa5c,f80984d28ef9a7550633fb3aea514f783f3db1fa655a6d3f49850b10857e6afc,b701f780ad99d469949a985b0472b8d1f26be0545e531d92895b7559ca142328,last,ood_metric/aupr_out_openood_auc,OOD-3,primary,up,id_train,id_test_vs_mnist,detector_declared,detector/ncp_euclidean_raw,mnist,far,,,,80000,C1,adam,0.0003,0.0,0.9697582616665383,0.0013216673881859058,0.969758 ± 0.001322,0.9685621868086888,0.9711771878734405,0.9695354103174857
metric_contract_v1.2,c38b09694be88aa74de0741b39e9d3ba0d6ff61a,35a1a66f78dfd6255c4d804586ee6863969be78d21acec5cd0ccf00476ddaa5c,f80984d28ef9a7550633fb3aea514f783f3db1fa655a6d3f49850b10857e6afc,b701f780ad99d469949a985b0472b8d1f26be0545e531d92895b7559ca142328,last,ood_metric/aupr_out_openood_auc,OOD-3,primary,up,id_train,id_test_vs_mnist,detector_declared,detector/neco_author_std_dim100,mnist,far,,,,80000,C1,adam,0.0003,0.0,0.9797097543149068,0.0027110761494121977,0.979710 ± 0.002711,0.9798318391582111,0.9769396981693714,0.9823577256171381
metric_contract_v1.2,c38b09694be88aa74de0741b39e9d3ba0d6ff61a,35a1a66f78dfd6255c4d804586ee6863969be78d21acec5cd0ccf00476ddaa5c,f80984d28ef9a7550633fb3aea514f783f3db1fa655a6d3f49850b10857e6afc,b701f780ad99d469949a985b0472b8d1f26be0545e531d92895b7559ca142328,last,ood_metric/aupr_out_openood_auc,OOD-3,primary,up,id_train,id_test_vs_mnist,detector_declared,detector/relative_mahalanobis_pp,mnist,far,,,,80000,C1,adam,0.0003,0.0,0.9784461614809286,0.0012311912546630614,0.978446 ± 0.001231,0.9790120933351798,0.9792926302609978,0.9770337608466079
metric_contract_v1.2,c38b09694be88aa74de0741b39e9d3ba0d6ff61a,35a1a66f78dfd6255c4d804586ee6863969be78d21acec5cd0ccf00476ddaa5c,f80984d28ef9a7550633fb3aea514f783f3db1fa655a6d3f49850b10857e6afc,b701f780ad99d469949a985b0472b8d1f26be0545e531d92895b7559ca142328,last,ood_metric/aupr_out_openood_auc,OOD-3,primary,up,id_train,id_test_vs_mnist,detector_declared,detector/relative_mahalanobis_raw,mnist,far,,,,80000,C1,adam,0.0003,0.0,0.9819948859439892,0.001731836704613334,0.981995 ± 0.001732,0.9820508694702559,0.9836980521040495,0.9802357362576622
metric_contract_v1.2,c38b09694be88aa74de0741b39e9d3ba0d6ff61a,35a1a66f78dfd6255c4d804586ee6863969be78d21acec5cd0ccf00476ddaa5c,f80984d28ef9a7550633fb3aea514f783f3db1fa655a6d3f49850b10857e6afc,b701f780ad99d469949a985b0472b8d1f26be0545e531d92895b7559ca142328,last,ood_metric/aupr_out_openood_auc,OOD-3,primary,up,id_train,id_test_vs_mnist,detector_declared,detector/vim_author_dim,mnist,far,,,,80000,C1,adam,0.0003,0.0,0.9753830707372728,0.004034429467869145,0.975383 ± 0.004034,0.9766568868226744,0.9708654842014939,0.9786268411876504
metric_contract_v1.2,c38b09694be88aa74de0741b39e9d3ba0d6ff61a,35a1a66f78dfd6255c4d804586ee6863969be78d21acec5cd0ccf00476ddaa5c,f80984d28ef9a7550633fb3aea514f783f3db1fa655a6d3f49850b10857e6afc,b701f780ad99d469949a985b0472b8d1f26be0545e531d92895b7559ca142328,last,ood_metric/aupr_out_openood_auc,OOD-3,primary,up,id_train,id_test_vs_mnist,detector_declared,detector/vim_dim128,mnist,far,,,,80000,C1,adam,0.0003,0.0,0.9801742778622641,0.0015460199134647889,0.980174 ± 0.001546,0.9806062725293213,0.9784582095208978,0.9814583515365732
metric_contract_v1.2,c38b09694be88aa74de0741b39e9d3ba0d6ff61a,35a1a66f78dfd6255c4d804586ee6863969be78d21acec5cd0ccf00476ddaa5c,f80984d28ef9a7550633fb3aea514f783f3db1fa655a6d3f49850b10857e6afc,b701f780ad99d469949a985b0472b8d1f26be0545e531d92895b7559ca142328,last,ood_metric/aupr_out_openood_auc,OOD-3,primary,up,id_train,id_test_vs_mnist,detector_declared,detector/vim_dim256,mnist,far,,,,80000,C1,adam,0.0003,0.0,0.9766618600346098,0.003936403137164446,0.976662 ± 0.003936,0.9774635191700425,0.9723863334940694,0.9801357274397173
metric_contract_v1.2,c38b09694be88aa74de0741b39e9d3ba0d6ff61a,35a1a66f78dfd6255c4d804586ee6863969be78d21acec5cd0ccf00476ddaa5c,f80984d28ef9a7550633fb3aea514f783f3db1fa655a6d3f49850b10857e6afc,b701f780ad99d469949a985b0472b8d1f26be0545e531d92895b7559ca142328,last,ood_metric/aupr_out_openood_auc,OOD-3,primary,up,id_train,id_test_vs_mnist,detector_declared,detector/vim_dim320,mnist,far,,,,80000,C1,adam,0.0003,0.0,0.9753830707372728,0.004034429467869145,0.975383 ± 0.004034,0.9766568868226744,0.9708654842014939,0.9786268411876504
metric_contract_v1.2,c38b09694be88aa74de0741b39e9d3ba0d6ff61a,35a1a66f78dfd6255c4d804586ee6863969be78d21acec5cd0ccf00476ddaa5c,f80984d28ef9a7550633fb3aea514f783f3db1fa655a6d3f49850b10857e6afc,b701f780ad99d469949a985b0472b8d1f26be0545e531d92895b7559ca142328,last,ood_metric/aupr_out_openood_auc,OOD-3,primary,up,id_train,id_test_vs_mnist,detector_declared,detector/vim_dim64,mnist,far,,,,80000,C1,adam,0.0003,0.0,0.9802755985764011,0.001698980794020418,0.980276 ± 0.001699,0.9787088113798161,0.9800365347677993,0.982081449581588
metric_contract_v1.2,c38b09694be88aa74de0741b39e9d3ba0d6ff61a,35a1a66f78dfd6255c4d804586ee6863969be78d21acec5cd0ccf00476ddaa5c,f80984d28ef9a7550633fb3aea514f783f3db1fa655a6d3f49850b10857e6afc,b701f780ad99d469949a985b0472b8d1f26be0545e531d92895b7559ca142328,last,ood_metric/aupr_out_openood_auc,OOD-3,primary,up,id_train,id_test_vs_mnist,detector_declared,detector/weight_cosine_appendix,mnist,far,,,,80000,C1,adam,0.0003,0.0,0.9850144824015339,0.0015281926745560012,0.985014 ± 0.001528,0.9847112418357529,0.9866715616576333,0.9836606437112154
metric_contract_v1.2,c38b09694be88aa74de0741b39e9d3ba0d6ff61a,35a1a66f78dfd6255c4d804586ee6863969be78d21acec5cd0ccf00476ddaa5c,f80984d28ef9a7550633fb3aea514f783f3db1fa655a6d3f49850b10857e6afc,b701f780ad99d469949a985b0472b8d1f26be0545e531d92895b7559ca142328,last,ood_metric/aupr_out_openood_auc,OOD-3,primary,up,,id_test_vs_mnist,detector_declared,ood_score/energy_t1,mnist,far,,,,80000,C1,adam,0.0003,0.0,0.9873129434319244,0.0019218408654549316,0.987313 ± 0.001922,0.9869915340810461,0.9893752249093909,0.9855720713053362
metric_contract_v1.2,c38b09694be88aa74de0741b39e9d3ba0d6ff61a,35a1a66f78dfd6255c4d804586ee6863969be78d21acec5cd0ccf00476ddaa5c,f80984d28ef9a7550633fb3aea514f783f3db1fa655a6d3f49850b10857e6afc,b701f780ad99d469949a985b0472b8d1f26be0545e531d92895b7559ca142328,last,ood_metric/aupr_out_openood_auc,OOD-3,primary,up,,id_test_vs_mnist,detector_declared,ood_score/max_logit,mnist,far,,,,80000,C1,adam,0.0003,0.0,0.9873884390469837,0.0018734865345291641,0.987388 ± 0.001873,0.9870818791720907,0.9893962991464591,0.9856871388224012
metric_contract_v1.2,c38b09694be88aa74de0741b39e9d3ba0d6ff61a,35a1a66f78dfd6255c4d804586ee6863969be78d21acec5cd0ccf00476ddaa5c,f80984d28ef9a7550633fb3aea514f783f3db1fa655a6d3f49850b10857e6afc,b701f780ad99d469949a985b0472b8d1f26be0545e531d92895b7559ca142328,last,ood_metric/aupr_out_openood_auc,OOD-3,primary,up,,id_test_vs_mnist,detector_declared,ood_score/msp,mnist,far,,,,80000,C1,adam,0.0003,0.0,0.979470042181223,0.0016091080310336463,0.979470 ± 0.001609,0.9792963531530957,0.9811589487248811,0.9779548246656923
metric_contract_v1.2,c38b09694be88aa74de0741b39e9d3ba0d6ff61a,35a1a66f78dfd6255c4d804586ee6863969be78d21acec5cd0ccf00476ddaa5c,f80984d28ef9a7550633fb3aea514f783f3db1fa655a6d3f49850b10857e6afc,b701f780ad99d469949a985b0472b8d1f26be0545e531d92895b7559ca142328,last,ood_metric/auroc_id_positive,OOD-1,primary,up,id_train,id_test_vs_mnist,detector_declared,detector/ctm_prototype_cosine,mnist,far,,,,80000,C1,adam,0.0003,0.0,0.89047637,0.008695436680927645,0.890476 ± 0.008695,0.898689997142857,0.891370842857143,0.88136827
metric_contract_v1.2,c38b09694be88aa74de0741b39e9d3ba0d6ff61a,35a1a66f78dfd6255c4d804586ee6863969be78d21acec5cd0ccf00476ddaa5c,f80984d28ef9a7550633fb3aea514f783f3db1fa655a6d3f49850b10857e6afc,b701f780ad99d469949a985b0472b8d1f26be0545e531d92895b7559ca142328,last,ood_metric/auroc_id_positive,OOD-1,primary,up,id_train,id_test_vs_mnist,detector_declared,detector/gda_class_density,mnist,far,,,,80000,C1,adam,0.0003,0.0,0.8416222919047619,0.017403554356461744,0.841622 ± 0.017404,0.8478988742857143,0.8219510914285715,0.85501691
metric_contract_v1.2,c38b09694be88aa74de0741b39e9d3ba0d6ff61a,35a1a66f78dfd6255c4d804586ee6863969be78d21acec5cd0ccf00476ddaa5c,f80984d28ef9a7550633fb3aea514f783f3db1fa655a6d3f49850b10857e6afc,b701f780ad99d469949a985b0472b8d1f26be0545e531d92895b7559ca142328,last,ood_metric/auroc_id_positive,OOD-1,primary,up,id_train,id_test_vs_mnist,detector_declared,detector/knn_l2_k50,mnist,far,,,,80000,C1,adam,0.0003,0.0,0.9105532938095239,0.007397397123804735,0.910553 ± 0.007397,0.916225692857143,0.9132478628571428,0.9021863257142857
metric_contract_v1.2,c38b09694be88aa74de0741b39e9d3ba0d6ff61a,35a1a66f78dfd6255c4d804586ee6863969be78d21acec5cd0ccf00476ddaa5c,f80984d28ef9a7550633fb3aea514f783f3db1fa655a6d3f49850b10857e6afc,b701f780ad99d469949a985b0472b8d1f26be0545e531d92895b7559ca142328,last,ood_metric/auroc_id_positive,OOD-1,primary,up,id_train,id_test_vs_mnist,detector_declared,detector/mahalanobis_pp,mnist,far,,,,80000,C1,adam,0.0003,0.0,0.9031018199999999,0.009954498759548508,0.903102 ± 0.009954,0.9140555742857143,0.8946077428571428,0.900642142857143
metric_contract_v1.2,c38b09694be88aa74de0741b39e9d3ba0d6ff61a,35a1a66f78dfd6255c4d804586ee6863969be78d21acec5cd0ccf00476ddaa5c,f80984d28ef9a7550633fb3aea514f783f3db1fa655a6d3f49850b10857e6afc,b701f780ad99d469949a985b0472b8d1f26be0545e531d92895b7559ca142328,last,ood_metric/auroc_id_positive,OOD-1,primary,up,id_train,id_test_vs_mnist,detector_declared,detector/mahalanobis_raw,mnist,far,,,,80000,C1,adam,0.0003,0.0,0.6128716057142857,0.07936000760880889,0.612872 ± 0.079360,0.6388551614285713,0.5237769242857142,0.6759827314285715
metric_contract_v1.2,c38b09694be88aa74de0741b39e9d3ba0d6ff61a,35a1a66f78dfd6255c4d804586ee6863969be78d21acec5cd0ccf00476ddaa5c,f80984d28ef9a7550633fb3aea514f783f3db1fa655a6d3f49850b10857e6afc,b701f780ad99d469949a985b0472b8d1f26be0545e531d92895b7559ca142328,last,ood_metric/auroc_id_positive,OOD-1,primary,up,id_train,id_test_vs_mnist,detector_declared,detector/marginal_mahalanobis_raw,mnist,far,,,,80000,C1,adam,0.0003,0.0,0.468023841904762,0.11004621558647858,0.468024 ± 0.110046,0.5026557471428572,0.34482756571428574,0.5565882128571429
metric_contract_v1.2,c38b09694be88aa74de0741b39e9d3ba0d6ff61a,35a1a66f78dfd6255c4d804586ee6863969be78d21acec5cd0ccf00476ddaa5c,f80984d28ef9a7550633fb3aea514f783f3db1fa655a6d3f49850b10857e6afc,b701f780ad99d469949a985b0472b8d1f26be0545e531d92895b7559ca142328,last,ood_metric/auroc_id_positive,OOD-1,primary,up,id_train,id_test_vs_mnist,detector_declared,detector/ncp_euclidean_raw,mnist,far,,,,80000,C1,adam,0.0003,0.0,0.8707478623809525,0.007096846552098601,0.870748 ± 0.007097,0.8699004557142858,0.8782303657142858,0.8641127657142857
metric_contract_v1.2,c38b09694be88aa74de0741b39e9d3ba0d6ff61a,35a1a66f78dfd6255c4d804586ee6863969be78d21acec5cd0ccf00476ddaa5c,f80984d28ef9a7550633fb3aea514f783f3db1fa655a6d3f49850b10857e6afc,b701f780ad99d469949a985b0472b8d1f26be0545e531d92895b7559ca142328,last,ood_metric/auroc_id_positive,OOD-1,primary,up,id_train,id_test_vs_mnist,detector_declared,detector/neco_author_std_dim100,mnist,far,,,,80000,C1,adam,0.0003,0.0,0.9247174623809524,0.007846223063931304,0.924717 ± 0.007846,0.9278049742857142,0.9157971442857143,0.9305502685714286
metric_contract_v1.2,c38b09694be88aa74de0741b39e9d3ba0d6ff61a,35a1a66f78dfd6255c4d804586ee6863969be78d21acec5cd0ccf00476ddaa5c,f80984d28ef9a7550633fb3aea514f783f3db1fa655a6d3f49850b10857e6afc,b701f780ad99d469949a985b0472b8d1f26be0545e531d92895b7559ca142328,last,ood_metric/auroc_id_positive,OOD-1,primary,up,id_train,id_test_vs_mnist,detector_declared,detector/relative_mahalanobis_pp,mnist,far,,,,80000,C1,adam,0.0003,0.0,0.89772101,0.007826205551785786,0.897721 ± 0.007826,0.9028594685714286,0.90158969,0.8887138714285714
metric_contract_v1.2,c38b09694be88aa74de0741b39e9d3ba0d6ff61a,35a1a66f78dfd6255c4d804586ee6863969be78d21acec5cd0ccf00476ddaa5c,f80984d28ef9a7550633fb3aea514f783f3db1fa655a6d3f49850b10857e6afc,b701f780ad99d469949a985b0472b8d1f26be0545e531d92895b7559ca142328,last,ood_metric/auroc_id_positive,OOD-1,primary,up,id_train,id_test_vs_mnist,detector_declared,detector/relative_mahalanobis_raw,mnist,far,,,,80000,C1,adam,0.0003,0.0,0.912919550952381,0.009006505383728318,0.912920 ± 0.009007,0.9145182814285716,0.9210196342857142,0.9032207371428571
metric_contract_v1.2,c38b09694be88aa74de0741b39e9d3ba0d6ff61a,35a1a66f78dfd6255c4d804586ee6863969be78d21acec5cd0ccf00476ddaa5c,f80984d28ef9a7550633fb3aea514f783f3db1fa655a6d3f49850b10857e6afc,b701f780ad99d469949a985b0472b8d1f26be0545e531d92895b7559ca142328,last,ood_metric/auroc_id_positive,OOD-1,primary,up,id_train,id_test_vs_mnist,detector_declared,detector/vim_author_dim,mnist,far,,,,80000,C1,adam,0.0003,0.0,0.9060928104761906,0.007734286050663224,0.906093 ± 0.007734,0.9105839300000002,0.8971620757142856,0.9105324257142857
metric_contract_v1.2,c38b09694be88aa74de0741b39e9d3ba0d6ff61a,35a1a66f78dfd6255c4d804586ee6863969be78d21acec5cd0ccf00476ddaa5c,f80984d28ef9a7550633fb3aea514f783f3db1fa655a6d3f49850b10857e6afc,b701f780ad99d469949a985b0472b8d1f26be0545e531d92895b7559ca142328,last,ood_metric/auroc_id_positive,OOD-1,primary,up,id_train,id_test_vs_mnist,detector_declared,detector/vim_dim128,mnist,far,,,,80000,C1,adam,0.0003,0.0,0.9205709419047619,0.0020387236856208137,0.920571 ± 0.002039,0.9227531257142858,0.9187150299999999,0.92024467
metric_contract_v1.2,c38b09694be88aa74de0741b39e9d3ba0d6ff61a,35a1a66f78dfd6255c4d804586ee6863969be78d21acec5cd0ccf00476ddaa5c,f80984d28ef9a7550633fb3aea514f783f3db1fa655a6d3f49850b10857e6afc,b701f780ad99d469949a985b0472b8d1f26be0545e531d92895b7559ca142328,last,ood_metric/auroc_id_positive,OOD-1,primary,up,id_train,id_test_vs_mnist,detector_declared,detector/vim_dim256,mnist,far,,,,80000,C1,adam,0.0003,0.0,0.9101808033333333,0.006365199864079555,0.910181 ± 0.006365,0.9124056414285715,0.9030018085714285,0.9151349599999999
metric_contract_v1.2,c38b09694be88aa74de0741b39e9d3ba0d6ff61a,35a1a66f78dfd6255c4d804586ee6863969be78d21acec5cd0ccf00476ddaa5c,f80984d28ef9a7550633fb3aea514f783f3db1fa655a6d3f49850b10857e6afc,b701f780ad99d469949a985b0472b8d1f26be0545e531d92895b7559ca142328,last,ood_metric/auroc_id_positive,OOD-1,primary,up,id_train,id_test_vs_mnist,detector_declared,detector/vim_dim320,mnist,far,,,,80000,C1,adam,0.0003,0.0,0.9060928104761906,0.007734286050663224,0.906093 ± 0.007734,0.9105839300000002,0.8971620757142856,0.9105324257142857
metric_contract_v1.2,c38b09694be88aa74de0741b39e9d3ba0d6ff61a,35a1a66f78dfd6255c4d804586ee6863969be78d21acec5cd0ccf00476ddaa5c,f80984d28ef9a7550633fb3aea514f783f3db1fa655a6d3f49850b10857e6afc,b701f780ad99d469949a985b0472b8d1f26be0545e531d92895b7559ca142328,last,ood_metric/auroc_id_positive,OOD-1,primary,up,id_train,id_test_vs_mnist,detector_declared,detector/vim_dim64,mnist,far,,,,80000,C1,adam,0.0003,0.0,0.9225545547619047,0.003380020550239785,0.922555 ± 0.003380,0.9186532442857144,0.9246020157142857,0.9244084042857144
metric_contract_v1.2,c38b09694be88aa74de0741b39e9d3ba0d6ff61a,35a1a66f78dfd6255c4d804586ee6863969be78d21acec5cd0ccf00476ddaa5c,f80984d28ef9a7550633fb3aea514f783f3db1fa655a6d3f49850b10857e6afc,b701f780ad99d469949a985b0472b8d1f26be0545e531d92895b7559ca142328,last,ood_metric/auroc_id_positive,OOD-1,primary,up,id_train,id_test_vs_mnist,detector_declared,detector/weight_cosine_appendix,mnist,far,,,,80000,C1,adam,0.0003,0.0,0.9307785376190477,0.004663927434807034,0.930779 ± 0.004664,0.9301706585714287,0.9357165985714286,0.9264483557142857
metric_contract_v1.2,c38b09694be88aa74de0741b39e9d3ba0d6ff61a,35a1a66f78dfd6255c4d804586ee6863969be78d21acec5cd0ccf00476ddaa5c,f80984d28ef9a7550633fb3aea514f783f3db1fa655a6d3f49850b10857e6afc,b701f780ad99d469949a985b0472b8d1f26be0545e531d92895b7559ca142328,last,ood_metric/auroc_id_positive,OOD-1,primary,up,,id_test_vs_mnist,detector_declared,ood_score/energy_t1,mnist,far,,,,80000,C1,adam,0.0003,0.0,0.9451933209523808,0.00715311230937162,0.945193 ± 0.007153,0.9441519542857144,0.9528100371428571,0.9386179714285714
metric_contract_v1.2,c38b09694be88aa74de0741b39e9d3ba0d6ff61a,35a1a66f78dfd6255c4d804586ee6863969be78d21acec5cd0ccf00476ddaa5c,f80984d28ef9a7550633fb3aea514f783f3db1fa655a6d3f49850b10857e6afc,b701f780ad99d469949a985b0472b8d1f26be0545e531d92895b7559ca142328,last,ood_metric/auroc_id_positive,OOD-1,primary,up,,id_test_vs_mnist,detector_declared,ood_score/max_logit,mnist,far,,,,80000,C1,adam,0.0003,0.0,0.9447447921428571,0.007105219102851446,0.944745 ± 0.007105,0.9436984007142857,0.9523151814285714,0.9382207942857143
metric_contract_v1.2,c38b09694be88aa74de0741b39e9d3ba0d6ff61a,35a1a66f78dfd6255c4d804586ee6863969be78d21acec5cd0ccf00476ddaa5c,f80984d28ef9a7550633fb3aea514f783f3db1fa655a6d3f49850b10857e6afc,b701f780ad99d469949a985b0472b8d1f26be0545e531d92895b7559ca142328,last,ood_metric/auroc_id_positive,OOD-1,primary,up,,id_test_vs_mnist,detector_declared,ood_score/msp,mnist,far,,,,80000,C1,adam,0.0003,0.0,0.9107134823809524,0.0076860611697929845,0.910713 ± 0.007686,0.9111667985714286,0.9181628528571429,0.9028107957142857
metric_contract_v1.2,c38b09694be88aa74de0741b39e9d3ba0d6ff61a,35a1a66f78dfd6255c4d804586ee6863969be78d21acec5cd0ccf00476ddaa5c,f80984d28ef9a7550633fb3aea514f783f3db1fa655a6d3f49850b10857e6afc,b701f780ad99d469949a985b0472b8d1f26be0545e531d92895b7559ca142328,last,ood_metric/fpr95_achieved_id_tpr,OOD-4,appendix,descriptive,id_train,id_test_vs_mnist,detector_declared,detector/ctm_prototype_cosine,mnist,far,,,,80000,C1,adam,0.0003,0.0,0.9499999999999998,1.3597399555105182e-16,0.950000 ± 0.000000,0.95,0.95,0.95
metric_contract_v1.2,c38b09694be88aa74de0741b39e9d3ba0d6ff61a,35a1a66f78dfd6255c4d804586ee6863969be78d21acec5cd0ccf00476ddaa5c,f80984d28ef9a7550633fb3aea514f783f3db1fa655a6d3f49850b10857e6afc,b701f780ad99d469949a985b0472b8d1f26be0545e531d92895b7559ca142328,last,ood_metric/fpr95_achieved_id_tpr,OOD-4,appendix,descriptive,id_train,id_test_vs_mnist,detector_declared,detector/gda_class_density,mnist,far,,,,80000,C1,adam,0.0003,0.0,0.9499999999999998,1.3597399555105182e-16,0.950000 ± 0.000000,0.95,0.95,0.95
metric_contract_v1.2,c38b09694be88aa74de0741b39e9d3ba0d6ff61a,35a1a66f78dfd6255c4d804586ee6863969be78d21acec5cd0ccf00476ddaa5c,f80984d28ef9a7550633fb3aea514f783f3db1fa655a6d3f49850b10857e6afc,b701f780ad99d469949a985b0472b8d1f26be0545e531d92895b7559ca142328,last,ood_metric/fpr95_achieved_id_tpr,OOD-4,appendix,descriptive,id_train,id_test_vs_mnist,detector_declared,detector/knn_l2_k50,mnist,far,,,,80000,C1,adam,0.0003,0.0,0.9499999999999998,1.3597399555105182e-16,0.950000 ± 0.000000,0.95,0.95,0.95
metric_contract_v1.2,c38b09694be88aa74de0741b39e9d3ba0d6ff61a,35a1a66f78dfd6255c4d804586ee6863969be78d21acec5cd0ccf00476ddaa5c,f80984d28ef9a7550633fb3aea514f783f3db1fa655a6d3f49850b10857e6afc,b701f780ad99d469949a985b0472b8d1f26be0545e531d92895b7559ca142328,last,ood_metric/fpr95_achieved_id_tpr,OOD-4,appendix,descriptive,id_train,id_test_vs_mnist,detector_declared,detector/mahalanobis_pp,mnist,far,,,,80000,C1,adam,0.0003,0.0,0.9499999999999998,1.3597399555105182e-16,0.950000 ± 0.000000,0.95,0.95,0.95
metric_contract_v1.2,c38b09694be88aa74de0741b39e9d3ba0d6ff61a,35a1a66f78dfd6255c4d804586ee6863969be78d21acec5cd0ccf00476ddaa5c,f80984d28ef9a7550633fb3aea514f783f3db1fa655a6d3f49850b10857e6afc,b701f780ad99d469949a985b0472b8d1f26be0545e531d92895b7559ca142328,last,ood_metric/fpr95_achieved_id_tpr,OOD-4,appendix,descriptive,id_train,id_test_vs_mnist,detector_declared,detector/mahalanobis_raw,mnist,far,,,,80000,C1,adam,0.0003,0.0,0.9499999999999998,1.3597399555105182e-16,0.950000 ± 0.000000,0.95,0.95,0.95
metric_contract_v1.2,c38b09694be88aa74de0741b39e9d3ba0d6ff61a,35a1a66f78dfd6255c4d804586ee6863969be78d21acec5cd0ccf00476ddaa5c,f80984d28ef9a7550633fb3aea514f783f3db1fa655a6d3f49850b10857e6afc,b701f780ad99d469949a985b0472b8d1f26be0545e531d92895b7559ca142328,last,ood_metric/fpr95_achieved_id_tpr,OOD-4,appendix,descriptive,id_train,id_test_vs_mnist,detector_declared,detector/marginal_mahalanobis_raw,mnist,far,,,,80000,C1,adam,0.0003,0.0,0.9499999999999998,1.3597399555105182e-16,0.950000 ± 0.000000,0.95,0.95,0.95
metric_contract_v1.2,c38b09694be88aa74de0741b39e9d3ba0d6ff61a,35a1a66f78dfd6255c4d804586ee6863969be78d21acec5cd0ccf00476ddaa5c,f80984d28ef9a7550633fb3aea514f783f3db1fa655a6d3f49850b10857e6afc,b701f780ad99d469949a985b0472b8d1f26be0545e531d92895b7559ca142328,last,ood_metric/fpr95_achieved_id_tpr,OOD-4,appendix,descriptive,id_train,id_test_vs_mnist,detector_declared,detector/ncp_euclidean_raw,mnist,far,,,,80000,C1,adam,0.0003,0.0,0.9499999999999998,1.3597399555105182e-16,0.950000 ± 0.000000,0.95,0.95,0.95
metric_contract_v1.2,c38b09694be88aa74de0741b39e9d3ba0d6ff61a,35a1a66f78dfd6255c4d804586ee6863969be78d21acec5cd0ccf00476ddaa5c,f80984d28ef9a7550633fb3aea514f783f3db1fa655a6d3f49850b10857e6afc,b701f780ad99d469949a985b0472b8d1f26be0545e531d92895b7559ca142328,last,ood_metric/fpr95_achieved_id_tpr,OOD-4,appendix,descriptive,id_train,id_test_vs_mnist,detector_declared,detector/neco_author_std_dim100,mnist,far,,,,80000,C1,adam,0.0003,0.0,0.9499999999999998,1.3597399555105182e-16,0.950000 ± 0.000000,0.95,0.95,0.95
metric_contract_v1.2,c38b09694be88aa74de0741b39e9d3ba0d6ff61a,35a1a66f78dfd6255c4d804586ee6863969be78d21acec5cd0ccf00476ddaa5c,f80984d28ef9a7550633fb3aea514f783f3db1fa655a6d3f49850b10857e6afc,b701f780ad99d469949a985b0472b8d1f26be0545e531d92895b7559ca142328,last,ood_metric/fpr95_achieved_id_tpr,OOD-4,appendix,descriptive,id_train,id_test_vs_mnist,detector_declared,detector/relative_mahalanobis_pp,mnist,far,,,,80000,C1,adam,0.0003,0.0,0.9499999999999998,1.3597399555105182e-16,0.950000 ± 0.000000,0.95,0.95,0.95
metric_contract_v1.2,c38b09694be88aa74de0741b39e9d3ba0d6ff61a,35a1a66f78dfd6255c4d804586ee6863969be78d21acec5cd0ccf00476ddaa5c,f80984d28ef9a7550633fb3aea514f783f3db1fa655a6d3f49850b10857e6afc,b701f780ad99d469949a985b0472b8d1f26be0545e531d92895b7559ca142328,last,ood_metric/fpr95_achieved_id_tpr,OOD-4,appendix,descriptive,id_train,id_test_vs_mnist,detector_declared,detector/relative_mahalanobis_raw,mnist,far,,,,80000,C1,adam,0.0003,0.0,0.9499999999999998,1.3597399555105182e-16,0.950000 ± 0.000000,0.95,0.95,0.95
metric_contract_v1.2,c38b09694be88aa74de0741b39e9d3ba0d6ff61a,35a1a66f78dfd6255c4d804586ee6863969be78d21acec5cd0ccf00476ddaa5c,f80984d28ef9a7550633fb3aea514f783f3db1fa655a6d3f49850b10857e6afc,b701f780ad99d469949a985b0472b8d1f26be0545e531d92895b7559ca142328,last,ood_metric/fpr95_achieved_id_tpr,OOD-4,appendix,descriptive,id_train,id_test_vs_mnist,detector_declared,detector/vim_author_dim,mnist,far,,,,80000,C1,adam,0.0003,0.0,0.9499999999999998,1.3597399555105182e-16,0.950000 ± 0.000000,0.95,0.95,0.95
metric_contract_v1.2,c38b09694be88aa74de0741b39e9d3ba0d6ff61a,35a1a66f78dfd6255c4d804586ee6863969be78d21acec5cd0ccf00476ddaa5c,f80984d28ef9a7550633fb3aea514f783f3db1fa655a6d3f49850b10857e6afc,b701f780ad99d469949a985b0472b8d1f26be0545e531d92895b7559ca142328,last,ood_metric/fpr95_achieved_id_tpr,OOD-4,appendix,descriptive,id_train,id_test_vs_mnist,detector_declared,detector/vim_dim128,mnist,far,,,,80000,C1,adam,0.0003,0.0,0.9499999999999998,1.3597399555105182e-16,0.950000 ± 0.000000,0.95,0.95,0.95
metric_contract_v1.2,c38b09694be88aa74de0741b39e9d3ba0d6ff61a,35a1a66f78dfd6255c4d804586ee6863969be78d21acec5cd0ccf00476ddaa5c,f80984d28ef9a7550633fb3aea514f783f3db1fa655a6d3f49850b10857e6afc,b701f780ad99d469949a985b0472b8d1f26be0545e531d92895b7559ca142328,last,ood_metric/fpr95_achieved_id_tpr,OOD-4,appendix,descriptive,id_train,id_test_vs_mnist,detector_declared,detector/vim_dim256,mnist,far,,,,80000,C1,adam,0.0003,0.0,0.9499999999999998,1.3597399555105182e-16,0.950000 ± 0.000000,0.95,0.95,0.95
metric_contract_v1.2,c38b09694be88aa74de0741b39e9d3ba0d6ff61a,35a1a66f78dfd6255c4d804586ee6863969be78d21acec5cd0ccf00476ddaa5c,f80984d28ef9a7550633fb3aea514f783f3db1fa655a6d3f49850b10857e6afc,b701f780ad99d469949a985b0472b8d1f26be0545e531d92895b7559ca142328,last,ood_metric/fpr95_achieved_id_tpr,OOD-4,appendix,descriptive,id_train,id_test_vs_mnist,detector_declared,detector/vim_dim320,mnist,far,,,,80000,C1,adam,0.0003,0.0,0.9499999999999998,1.3597399555105182e-16,0.950000 ± 0.000000,0.95,0.95,0.95
metric_contract_v1.2,c38b09694be88aa74de0741b39e9d3ba0d6ff61a,35a1a66f78dfd6255c4d804586ee6863969be78d21acec5cd0ccf00476ddaa5c,f80984d28ef9a7550633fb3aea514f783f3db1fa655a6d3f49850b10857e6afc,b701f780ad99d469949a985b0472b8d1f26be0545e531d92895b7559ca142328,last,ood_metric/fpr95_achieved_id_tpr,OOD-4,appendix,descriptive,id_train,id_test_vs_mnist,detector_declared,detector/vim_dim64,mnist,far,,,,80000,C1,adam,0.0003,0.0,0.9499999999999998,1.3597399555105182e-16,0.950000 ± 0.000000,0.95,0.95,0.95
metric_contract_v1.2,c38b09694be88aa74de0741b39e9d3ba0d6ff61a,35a1a66f78dfd6255c4d804586ee6863969be78d21acec5cd0ccf00476ddaa5c,f80984d28ef9a7550633fb3aea514f783f3db1fa655a6d3f49850b10857e6afc,b701f780ad99d469949a985b0472b8d1f26be0545e531d92895b7559ca142328,last,ood_metric/fpr95_achieved_id_tpr,OOD-4,appendix,descriptive,id_train,id_test_vs_mnist,detector_declared,detector/weight_cosine_appendix,mnist,far,,,,80000,C1,adam,0.0003,0.0,0.9499999999999998,1.3597399555105182e-16,0.950000 ± 0.000000,0.95,0.95,0.95
metric_contract_v1.2,c38b09694be88aa74de0741b39e9d3ba0d6ff61a,35a1a66f78dfd6255c4d804586ee6863969be78d21acec5cd0ccf00476ddaa5c,f80984d28ef9a7550633fb3aea514f783f3db1fa655a6d3f49850b10857e6afc,b701f780ad99d469949a985b0472b8d1f26be0545e531d92895b7559ca142328,last,ood_metric/fpr95_achieved_id_tpr,OOD-4,appendix,descriptive,,id_test_vs_mnist,detector_declared,ood_score/energy_t1,mnist,far,,,,80000,C1,adam,0.0003,0.0,0.9499999999999998,1.3597399555105182e-16,0.950000 ± 0.000000,0.95,0.95,0.95
metric_contract_v1.2,c38b09694be88aa74de0741b39e9d3ba0d6ff61a,35a1a66f78dfd6255c4d804586ee6863969be78d21acec5cd0ccf00476ddaa5c,f80984d28ef9a7550633fb3aea514f783f3db1fa655a6d3f49850b10857e6afc,b701f780ad99d469949a985b0472b8d1f26be0545e531d92895b7559ca142328,last,ood_metric/fpr95_achieved_id_tpr,OOD-4,appendix,descriptive,,id_test_vs_mnist,detector_declared,ood_score/max_logit,mnist,far,,,,80000,C1,adam,0.0003,0.0,0.9499999999999998,1.3597399555105182e-16,0.950000 ± 0.000000,0.95,0.95,0.95
metric_contract_v1.2,c38b09694be88aa74de0741b39e9d3ba0d6ff61a,35a1a66f78dfd6255c4d804586ee6863969be78d21acec5cd0ccf00476ddaa5c,f80984d28ef9a7550633fb3aea514f783f3db1fa655a6d3f49850b10857e6afc,b701f780ad99d469949a985b0472b8d1f26be0545e531d92895b7559ca142328,last,ood_metric/fpr95_achieved_id_tpr,OOD-4,appendix,descriptive,,id_test_vs_mnist,detector_declared,ood_score/msp,mnist,far,,,,80000,C1,adam,0.0003,0.0,0.9499999999999998,1.3597399555105182e-16,0.950000 ± 0.000000,0.95,0.95,0.95
metric_contract_v1.2,c38b09694be88aa74de0741b39e9d3ba0d6ff61a,35a1a66f78dfd6255c4d804586ee6863969be78d21acec5cd0ccf00476ddaa5c,f80984d28ef9a7550633fb3aea514f783f3db1fa655a6d3f49850b10857e6afc,b701f780ad99d469949a985b0472b8d1f26be0545e531d92895b7559ca142328,last,ood_metric/fpr95_id_tpr,OOD-4,primary,down,id_train,id_test_vs_mnist,detector_declared,detector/ctm_prototype_cosine,mnist,far,,,,80000,C1,adam,0.0003,0.0,0.594895238095238,0.020932400104853224,0.594895 ± 0.020932,0.5717142857142857,0.6005571428571429,0.6124142857142857
metric_contract_v1.2,c38b09694be88aa74de0741b39e9d3ba0d6ff61a,35a1a66f78dfd6255c4d804586ee6863969be78d21acec5cd0ccf00476ddaa5c,f80984d28ef9a7550633fb3aea514f783f3db1fa655a6d3f49850b10857e6afc,b701f780ad99d469949a985b0472b8d1f26be0545e531d92895b7559ca142328,last,ood_metric/fpr95_id_tpr,OOD-4,primary,down,id_train,id_test_vs_mnist,detector_declared,detector/gda_class_density,mnist,far,,,,80000,C1,adam,0.0003,0.0,0.8018761904761904,0.04741709270159982,0.801876 ± 0.047417,0.8046285714285715,0.8478571428571429,0.7531428571428571
metric_contract_v1.2,c38b09694be88aa74de0741b39e9d3ba0d6ff61a,35a1a66f78dfd6255c4d804586ee6863969be78d21acec5cd0ccf00476ddaa5c,f80984d28ef9a7550633fb3aea514f783f3db1fa655a6d3f49850b10857e6afc,b701f780ad99d469949a985b0472b8d1f26be0545e531d92895b7559ca142328,last,ood_metric/fpr95_id_tpr,OOD-4,primary,down,id_train,id_test_vs_mnist,detector_declared,detector/knn_l2_k50,mnist,far,,,,80000,C1,adam,0.0003,0.0,0.5107380952380952,0.022739919647576413,0.510738 ± 0.022740,0.49484285714285714,0.5005857142857143,0.5367857142857143
metric_contract_v1.2,c38b09694be88aa74de0741b39e9d3ba0d6ff61a,35a1a66f78dfd6255c4d804586ee6863969be78d21acec5cd0ccf00476ddaa5c,f80984d28ef9a7550633fb3aea514f783f3db1fa655a6d3f49850b10857e6afc,b701f780ad99d469949a985b0472b8d1f26be0545e531d92895b7559ca142328,last,ood_metric/fpr95_id_tpr,OOD-4,primary,down,id_train,id_test_vs_mnist,detector_declared,detector/mahalanobis_pp,mnist,far,,,,80000,C1,adam,0.0003,0.0,0.5684952380952382,0.06404934694075662,0.568495 ± 0.064049,0.5214714285714286,0.6414428571428571,0.5425714285714286
metric_contract_v1.2,c38b09694be88aa74de0741b39e9d3ba0d6ff61a,35a1a66f78dfd6255c4d804586ee6863969be78d21acec5cd0ccf00476ddaa5c,f80984d28ef9a7550633fb3aea514f783f3db1fa655a6d3f49850b10857e6afc,b701f780ad99d469949a985b0472b8d1f26be0545e531d92895b7559ca142328,last,ood_metric/fpr95_id_tpr,OOD-4,primary,down,id_train,id_test_vs_mnist,detector_declared,detector/mahalanobis_raw,mnist,far,,,,80000,C1,adam,0.0003,0.0,0.9578761904761904,0.037373788515846385,0.957876 ± 0.037374,0.9613857142857143,0.9933714285714286,0.9188714285714286
metric_contract_v1.2,c38b09694be88aa74de0741b39e9d3ba0d6ff61a,35a1a66f78dfd6255c4d804586ee6863969be78d21acec5cd0ccf00476ddaa5c,f80984d28ef9a7550633fb3aea514f783f3db1fa655a6d3f49850b10857e6afc,b701f780ad99d469949a985b0472b8d1f26be0545e531d92895b7559ca142328,last,ood_metric/fpr95_id_tpr,OOD-4,primary,down,id_train,id_test_vs_mnist,detector_declared,detector/marginal_mahalanobis_raw,mnist,far,,,,80000,C1,adam,0.0003,0.0,0.9768238095238094,0.02250283580013015,0.976824 ± 0.022503,0.9794714285714285,0.9978857142857143,0.9531142857142857
metric_contract_v1.2,c38b09694be88aa74de0741b39e9d3ba0d6ff61a,35a1a66f78dfd6255c4d804586ee6863969be78d21acec5cd0ccf00476ddaa5c,f80984d28ef9a7550633fb3aea514f783f3db1fa655a6d3f49850b10857e6afc,b701f780ad99d469949a985b0472b8d1f26be0545e531d92895b7559ca142328,last,ood_metric/fpr95_id_tpr,OOD-4,primary,down,id_train,id_test_vs_mnist,detector_declared,detector/ncp_euclidean_raw,mnist,far,,,,80000,C1,adam,0.0003,0.0,0.6573333333333333,0.006582449350795056,0.657333 ± 0.006582,0.6621285714285714,0.6600428571428572,0.6498285714285714
metric_contract_v1.2,c38b09694be88aa74de0741b39e9d3ba0d6ff61a,35a1a66f78dfd6255c4d804586ee6863969be78d21acec5cd0ccf00476ddaa5c,f80984d28ef9a7550633fb3aea514f783f3db1fa655a6d3f49850b10857e6afc,b701f780ad99d469949a985b0472b8d1f26be0545e531d92895b7559ca142328,last,ood_metric/fpr95_id_tpr,OOD-4,primary,down,id_train,id_test_vs_mnist,detector_declared,detector/neco_author_std_dim100,mnist,far,,,,80000,C1,adam,0.0003,0.0,0.511195238095238,0.0764126983962121,0.511195 ± 0.076413,0.49038571428571426,0.5958571428571429,0.44734285714285715
metric_contract_v1.2,c38b09694be88aa74de0741b39e9d3ba0d6ff61a,35a1a66f78dfd6255c4d804586ee6863969be78d21acec5cd0ccf00476ddaa5c,f80984d28ef9a7550633fb3aea514f783f3db1fa655a6d3f49850b10857e6afc,b701f780ad99d469949a985b0472b8d1f26be0545e531d92895b7559ca142328,last,ood_metric/fpr95_id_tpr,OOD-4,primary,down,id_train,id_test_vs_mnist,detector_declared,detector/relative_mahalanobis_pp,mnist,far,,,,80000,C1,adam,0.0003,0.0,0.5724095238095238,0.010889766150047544,0.572410 ± 0.010890,0.5656428571428571,0.5666142857142857,0.5849714285714286
metric_contract_v1.2,c38b09694be88aa74de0741b39e9d3ba0d6ff61a,35a1a66f78dfd6255c4d804586ee6863969be78d21acec5cd0ccf00476ddaa5c,f80984d28ef9a7550633fb3aea514f783f3db1fa655a6d3f49850b10857e6afc,b701f780ad99d469949a985b0472b8d1f26be0545e531d92895b7559ca142328,last,ood_metric/fpr95_id_tpr,OOD-4,primary,down,id_train,id_test_vs_mnist,detector_declared,detector/relative_mahalanobis_raw,mnist,far,,,,80000,C1,adam,0.0003,0.0,0.5078999999999999,0.03446794725183241,0.507900 ± 0.034468,0.5026285714285714,0.47637142857142856,0.5447
metric_contract_v1.2,c38b09694be88aa74de0741b39e9d3ba0d6ff61a,35a1a66f78dfd6255c4d804586ee6863969be78d21acec5cd0ccf00476ddaa5c,f80984d28ef9a7550633fb3aea514f783f3db1fa655a6d3f49850b10857e6afc,b701f780ad99d469949a985b0472b8d1f26be0545e531d92895b7559ca142328,last,ood_metric/fpr95_id_tpr,OOD-4,primary,down,id_train,id_test_vs_mnist,detector_declared,detector/vim_author_dim,mnist,far,,,,80000,C1,adam,0.0003,0.0,0.6186571428571429,0.0555613964503251,0.618657 ± 0.055561,0.6065571428571429,0.6792714285714285,0.5701428571428572
metric_contract_v1.2,c38b09694be88aa74de0741b39e9d3ba0d6ff61a,35a1a66f78dfd6255c4d804586ee6863969be78d21acec5cd0ccf00476ddaa5c,f80984d28ef9a7550633fb3aea514f783f3db1fa655a6d3f49850b10857e6afc,b701f780ad99d469949a985b0472b8d1f26be0545e531d92895b7559ca142328,last,ood_metric/fpr95_id_tpr,OOD-4,primary,down,id_train,id_test_vs_mnist,detector_declared,detector/vim_dim128,mnist,far,,,,80000,C1,adam,0.0003,0.0,0.5246285714285714,0.014065705870401724,0.524629 ± 0.014066,0.5276857142857143,0.5369142857142857,0.5092857142857142
metric_contract_v1.2,c38b09694be88aa74de0741b39e9d3ba0d6ff61a,35a1a66f78dfd6255c4d804586ee6863969be78d21acec5cd0ccf00476ddaa5c,f80984d28ef9a7550633fb3aea514f783f3db1fa655a6d3f49850b10857e6afc,b701f780ad99d469949a985b0472b8d1f26be0545e531d92895b7559ca142328,last,ood_metric/fpr95_id_tpr,OOD-4,primary,down,id_train,id_test_vs_mnist,detector_declared,detector/vim_dim256,mnist,far,,,,80000,C1,adam,0.0003,0.0,0.592204761904762,0.04379033844921274,0.592205 ± 0.043790,0.5959285714285715,0.6340142857142858,0.5466714285714286
metric_contract_v1.2,c38b09694be88aa74de0741b39e9d3ba0d6ff61a,35a1a66f78dfd6255c4d804586ee6863969be78d21acec5cd0ccf00476ddaa5c,f80984d28ef9a7550633fb3aea514f783f3db1fa655a6d3f49850b10857e6afc,b701f780ad99d469949a985b0472b8d1f26be0545e531d92895b7559ca142328,last,ood_metric/fpr95_id_tpr,OOD-4,primary,down,id_train,id_test_vs_mnist,detector_declared,detector/vim_dim320,mnist,far,,,,80000,C1,adam,0.0003,0.0,0.6186571428571429,0.0555613964503251,0.618657 ± 0.055561,0.6065571428571429,0.6792714285714285,0.5701428571428572
metric_contract_v1.2,c38b09694be88aa74de0741b39e9d3ba0d6ff61a,35a1a66f78dfd6255c4d804586ee6863969be78d21acec5cd0ccf00476ddaa5c,f80984d28ef9a7550633fb3aea514f783f3db1fa655a6d3f49850b10857e6afc,b701f780ad99d469949a985b0472b8d1f26be0545e531d92895b7559ca142328,last,ood_metric/fpr95_id_tpr,OOD-4,primary,down,id_train,id_test_vs_mnist,detector_declared,detector/vim_dim64,mnist,far,,,,80000,C1,adam,0.0003,0.0,0.5263857142857143,0.030564328280943864,0.526386 ± 0.030564,0.5605571428571429,0.5169428571428571,0.5016571428571429
metric_contract_v1.2,c38b09694be88aa74de0741b39e9d3ba0d6ff61a,35a1a66f78dfd6255c4d804586ee6863969be78d21acec5cd0ccf00476ddaa5c,f80984d28ef9a7550633fb3aea514f783f3db1fa655a6d3f49850b10857e6afc,b701f780ad99d469949a985b0472b8d1f26be0545e531d92895b7559ca142328,last,ood_metric/fpr95_id_tpr,OOD-4,primary,down,id_train,id_test_vs_mnist,detector_declared,detector/weight_cosine_appendix,mnist,far,,,,80000,C1,adam,0.0003,0.0,0.42819047619047623,0.025556022227820285,0.428190 ± 0.025556,0.4409,0.39877142857142855,0.4449
metric_contract_v1.2,c38b09694be88aa74de0741b39e9d3ba0d6ff61a,35a1a66f78dfd6255c4d804586ee6863969be78d21acec5cd0ccf00476ddaa5c,f80984d28ef9a7550633fb3aea514f783f3db1fa655a6d3f49850b10857e6afc,b701f780ad99d469949a985b0472b8d1f26be0545e531d92895b7559ca142328,last,ood_metric/fpr95_id_tpr,OOD-4,primary,down,,id_test_vs_mnist,detector_declared,ood_score/energy_t1,mnist,far,,,,80000,C1,adam,0.0003,0.0,0.35788095238095236,0.04261087418299999,0.357881 ± 0.042611,0.3770142857142857,0.30905714285714286,0.38757142857142857
metric_contract_v1.2,c38b09694be88aa74de0741b39e9d3ba0d6ff61a,35a1a66f78dfd6255c4d804586ee6863969be78d21acec5cd0ccf00476ddaa5c,f80984d28ef9a7550633fb3aea514f783f3db1fa655a6d3f49850b10857e6afc,b701f780ad99d469949a985b0472b8d1f26be0545e531d92895b7559ca142328,last,ood_metric/fpr95_id_tpr,OOD-4,primary,down,,id_test_vs_mnist,detector_declared,ood_score/max_logit,mnist,far,,,,80000,C1,adam,0.0003,0.0,0.3644476190476191,0.04351965386016809,0.364448 ± 0.043520,0.38345714285714283,0.31465714285714286,0.39522857142857143
metric_contract_v1.2,c38b09694be88aa74de0741b39e9d3ba0d6ff61a,35a1a66f78dfd6255c4d804586ee6863969be78d21acec5cd0ccf00476ddaa5c,f80984d28ef9a7550633fb3aea514f783f3db1fa655a6d3f49850b10857e6afc,b701f780ad99d469949a985b0472b8d1f26be0545e531d92895b7559ca142328,last,ood_metric/fpr95_id_tpr,OOD-4,primary,down,,id_test_vs_mnist,detector_declared,ood_score/msp,mnist,far,,,,80000,C1,adam,0.0003,0.0,0.6017714285714285,0.02189628148469836,0.601771 ± 0.021896,0.6119142857142857,0.5766428571428571,0.6167571428571429
metric_contract_v1.2,c38b09694be88aa74de0741b39e9d3ba0d6ff61a,35a1a66f78dfd6255c4d804586ee6863969be78d21acec5cd0ccf00476ddaa5c,f80984d28ef9a7550633fb3aea514f783f3db1fa655a6d3f49850b10857e6afc,b701f780ad99d469949a985b0472b8d1f26be0545e531d92895b7559ca142328,last,ood_metric/fpr95_threshold,OOD-4,appendix,descriptive,id_train,id_test_vs_mnist,detector_declared,detector/ctm_prototype_cosine,mnist,far,,,,80000,C1,adam,0.0003,0.0,0.8217472957298053,0.0004828025056351837,0.821747 ± 0.000483,0.8213143006876535,0.8216596802298649,0.8222679062718974
metric_contract_v1.2,c38b09694be88aa74de0741b39e9d3ba0d6ff61a,35a1a66f78dfd6255c4d804586ee6863969be78d21acec5cd0ccf00476ddaa5c,f80984d28ef9a7550633fb3aea514f783f3db1fa655a6d3f49850b10857e6afc,b701f780ad99d469949a985b0472b8d1f26be0545e531d92895b7559ca142328,last,ood_metric/fpr95_threshold,OOD-4,appendix,descriptive,id_train,id_test_vs_mnist,detector_declared,detector/gda_class_density,mnist,far,,,,80000,C1,adam,0.0003,0.0,639.9392419473724,28.896494945826213,639.939242 ± 28.896495,632.9878550281851,671.6773854967754,615.1524853171563
metric_contract_v1.2,c38b09694be88aa74de0741b39e9d3ba0d6ff61a,35a1a66f78dfd6255c4d804586ee6863969be78d21acec5cd0ccf00476ddaa5c,f80984d28ef9a7550633fb3aea514f783f3db1fa655a6d3f49850b10857e6afc,b701f780ad99d469949a985b0472b8d1f26be0545e531d92895b7559ca142328,last,ood_metric/fpr95_threshold,OOD-4,appendix,descriptive,id_train,id_test_vs_mnist,detector_declared,detector/knn_l2_k50,mnist,far,,,,80000,C1,adam,0.0003,0.0,-0.19686452867364398,0.0008763302002147784,-0.196865 ± 0.000876,-0.19731319555345503,-0.195854715671287,-0.19742567479618994
metric_contract_v1.2,c38b09694be88aa74de0741b39e9d3ba0d6ff61a,35a1a66f78dfd6255c4d804586ee6863969be78d21acec5cd0ccf00476ddaa5c,f80984d28ef9a7550633fb3aea514f783f3db1fa655a6d3f49850b10857e6afc,b701f780ad99d469949a985b0472b8d1f26be0545e531d92895b7559ca142328,last,ood_metric/fpr95_threshold,OOD-4,appendix,descriptive,id_train,id_test_vs_mnist,detector_declared,detector/mahalanobis_pp,mnist,far,,,,80000,C1,adam,0.0003,0.0,-1371.994737007553,20.508611504821125,-1371.994737 ± 20.508612,-1386.8267767834884,-1348.5908750851054,-1380.5665591540653
metric_contract_v1.2,c38b09694be88aa74de0741b39e9d3ba0d6ff61a,35a1a66f78dfd6255c4d804586ee6863969be78d21acec5cd0ccf00476ddaa5c,f80984d28ef9a7550633fb3aea514f783f3db1fa655a6d3f49850b10857e6afc,b701f780ad99d469949a985b0472b8d1f26be0545e531d92895b7559ca142328,last,ood_metric/fpr95_threshold,OOD-4,appendix,descriptive,id_train,id_test_vs_mnist,detector_declared,detector/mahalanobis_raw,mnist,far,,,,80000,C1,adam,0.0003,0.0,-1045.5231149289082,5.911939527613473,-1045.523115 ± 5.911940,-1051.331732427213,-1039.5130049873178,-1045.724607372194
metric_contract_v1.2,c38b09694be88aa74de0741b39e9d3ba0d6ff61a,35a1a66f78dfd6255c4d804586ee6863969be78d21acec5cd0ccf00476ddaa5c,f80984d28ef9a7550633fb3aea514f783f3db1fa655a6d3f49850b10857e6afc,b701f780ad99d469949a985b0472b8d1f26be0545e531d92895b7559ca142328,last,ood_metric/fpr95_threshold,OOD-4,appendix,descriptive,id_train,id_test_vs_mnist,detector_declared,detector/marginal_mahalanobis_raw,mnist,far,,,,80000,C1,adam,0.0003,0.0,-1004.6571486540664,5.758239805575564,-1004.657149 ± 5.758240,-1007.8438608620588,-998.0099846158399,-1008.1176004843005
metric_contract_v1.2,c38b09694be88aa74de0741b39e9d3ba0d6ff61a,35a1a66f78dfd6255c4d804586ee6863969be78d21acec5cd0ccf00476ddaa5c,f80984d28ef9a7550633fb3aea514f783f3db1fa655a6d3f49850b10857e6afc,b701f780ad99d469949a985b0472b8d1f26be0545e531d92895b7559ca142328,last,ood_metric/fpr95_threshold,OOD-4,appendix,descriptive,id_train,id_test_vs_mnist,detector_declared,detector/ncp_euclidean_raw,mnist,far,,,,80000,C1,adam,0.0003,0.0,-10.987117602598596,0.061612147019298076,-10.987118 ± 0.061612,-11.04424786056878,-10.921835217744869,-10.995269729482139
metric_contract_v1.2,c38b09694be88aa74de0741b39e9d3ba0d6ff61a,35a1a66f78dfd6255c4d804586ee6863969be78d21acec5cd0ccf00476ddaa5c,f80984d28ef9a7550633fb3aea514f783f3db1fa655a6d3f49850b10857e6afc,b701f780ad99d469949a985b0472b8d1f26be0545e531d92895b7559ca142328,last,ood_metric/fpr95_threshold,OOD-4,appendix,descriptive,id_train,id_test_vs_mnist,detector_declared,detector/neco_author_std_dim100,mnist,far,,,,80000,C1,adam,0.0003,0.0,0.9952880339607866,1.5412961479507736e-05,0.995288 ± 0.000015,0.9952930389739647,0.9952707405190045,0.9953003223893906
metric_contract_v1.2,c38b09694be88aa74de0741b39e9d3ba0d6ff61a,35a1a66f78dfd6255c4d804586ee6863969be78d21acec5cd0ccf00476ddaa5c,f80984d28ef9a7550633fb3aea514f783f3db1fa655a6d3f49850b10857e6afc,b701f780ad99d469949a985b0472b8d1f26be0545e531d92895b7559ca142328,last,ood_metric/fpr95_threshold,OOD-4,appendix,descriptive,id_train,id_test_vs_mnist,detector_declared,detector/relative_mahalanobis_pp,mnist,far,,,,80000,C1,adam,0.0003,0.0,-162.4192266710341,1.0214448877042512,-162.419227 ± 1.021445,-161.42159879338993,-162.37315197726457,-163.46292924244779
metric_contract_v1.2,c38b09694be88aa74de0741b39e9d3ba0d6ff61a,35a1a66f78dfd6255c4d804586ee6863969be78d21acec5cd0ccf00476ddaa5c,f80984d28ef9a7550633fb3aea514f783f3db1fa655a6d3f49850b10857e6afc,b701f780ad99d469949a985b0472b8d1f26be0545e531d92895b7559ca142328,last,ood_metric/fpr95_threshold,OOD-4,appendix,descriptive,id_train,id_test_vs_mnist,detector_declared,detector/relative_mahalanobis_raw,mnist,far,,,,80000,C1,adam,0.0003,0.0,-101.99813689857245,2.6433213174972563,-101.998137 ± 2.643321,-99.05977069169414,-102.75202243229528,-104.18261757172795
metric_contract_v1.2,c38b09694be88aa74de0741b39e9d3ba0d6ff61a,35a1a66f78dfd6255c4d804586ee6863969be78d21acec5cd0ccf00476ddaa5c,f80984d28ef9a7550633fb3aea514f783f3db1fa655a6d3f49850b10857e6afc,b701f780ad99d469949a985b0472b8d1f26be0545e531d92895b7559ca142328,last,ood_metric/fpr95_threshold,OOD-4,appendix,descriptive,id_train,id_test_vs_mnist,detector_declared,detector/vim_author_dim,mnist,far,,,,80000,C1,adam,0.0003,0.0,-15.091722292669482,0.22728033476277273,-15.091722 ± 0.227280,-15.239336072352446,-14.829995261263399,-15.205835544392604
metric_contract_v1.2,c38b09694be88aa74de0741b39e9d3ba0d6ff61a,35a1a66f78dfd6255c4d804586ee6863969be78d21acec5cd0ccf00476ddaa5c,f80984d28ef9a7550633fb3aea514f783f3db1fa655a6d3f49850b10857e6afc,b701f780ad99d469949a985b0472b8d1f26be0545e531d92895b7559ca142328,last,ood_metric/fpr95_threshold,OOD-4,appendix,descriptive,id_train,id_test_vs_mnist,detector_declared,detector/vim_dim128,mnist,far,,,,80000,C1,adam,0.0003,0.0,-14.257266454859504,0.2963525906436438,-14.257266 ± 0.296353,-14.479344822126363,-13.920759408604228,-14.37169513384792
metric_contract_v1.2,c38b09694be88aa74de0741b39e9d3ba0d6ff61a,35a1a66f78dfd6255c4d804586ee6863969be78d21acec5cd0ccf00476ddaa5c,f80984d28ef9a7550633fb3aea514f783f3db1fa655a6d3f49850b10857e6afc,b701f780ad99d469949a985b0472b8d1f26be0545e531d92895b7559ca142328,last,ood_metric/fpr95_threshold,OOD-4,appendix,descriptive,id_train,id_test_vs_mnist,detector_declared,detector/vim_dim256,mnist,far,,,,80000,C1,adam,0.0003,0.0,-15.008174595725068,0.3457222997498006,-15.008175 ± 0.345722,-15.229261150468668,-14.609769441704076,-15.185493195002461
metric_contract_v1.2,c38b09694be88aa74de0741b39e9d3ba0d6ff61a,35a1a66f78dfd6255c4d804586ee6863969be78d21acec5cd0ccf00476ddaa5c,f80984d28ef9a7550633fb3aea514f783f3db1fa655a6d3f49850b10857e6afc,b701f780ad99d469949a985b0472b8d1f26be0545e531d92895b7559ca142328,last,ood_metric/fpr95_threshold,OOD-4,appendix,descriptive,id_train,id_test_vs_mnist,detector_declared,detector/vim_dim320,mnist,far,,,,80000,C1,adam,0.0003,0.0,-15.091722292669482,0.22728033476277273,-15.091722 ± 0.227280,-15.239336072352446,-14.829995261263399,-15.205835544392604
metric_contract_v1.2,c38b09694be88aa74de0741b39e9d3ba0d6ff61a,35a1a66f78dfd6255c4d804586ee6863969be78d21acec5cd0ccf00476ddaa5c,f80984d28ef9a7550633fb3aea514f783f3db1fa655a6d3f49850b10857e6afc,b701f780ad99d469949a985b0472b8d1f26be0545e531d92895b7559ca142328,last,ood_metric/fpr95_threshold,OOD-4,appendix,descriptive,id_train,id_test_vs_mnist,detector_declared,detector/vim_dim64,mnist,far,,,,80000,C1,adam,0.0003,0.0,-13.539073910310412,0.3240185359682242,-13.539074 ± 0.324019,-13.863011678323772,-13.214974666741178,-13.539235385866283
metric_contract_v1.2,c38b09694be88aa74de0741b39e9d3ba0d6ff61a,35a1a66f78dfd6255c4d804586ee6863969be78d21acec5cd0ccf00476ddaa5c,f80984d28ef9a7550633fb3aea514f783f3db1fa655a6d3f49850b10857e6afc,b701f780ad99d469949a985b0472b8d1f26be0545e531d92895b7559ca142328,last,ood_metric/fpr95_threshold,OOD-4,appendix,descriptive,id_train,id_test_vs_mnist,detector_declared,detector/weight_cosine_appendix,mnist,far,,,,80000,C1,adam,0.0003,0.0,0.11473631197960484,0.002451884440007303,0.114736 ± 0.002452,0.11670964342989137,0.11199146266119481,0.11550782984772837
metric_contract_v1.2,c38b09694be88aa74de0741b39e9d3ba0d6ff61a,35a1a66f78dfd6255c4d804586ee6863969be78d21acec5cd0ccf00476ddaa5c,f80984d28ef9a7550633fb3aea514f783f3db1fa655a6d3f49850b10857e6afc,b701f780ad99d469949a985b0472b8d1f26be0545e531d92895b7559ca142328,last,ood_metric/fpr95_threshold,OOD-4,appendix,descriptive,,id_test_vs_mnist,detector_declared,ood_score/energy_t1,mnist,far,,,,80000,C1,adam,0.0003,0.0,4.593110724614186,0.025902172610035863,4.593111 ± 0.025902,4.586182751295584,4.571376994408806,4.6217724281381685
metric_contract_v1.2,c38b09694be88aa74de0741b39e9d3ba0d6ff61a,35a1a66f78dfd6255c4d804586ee6863969be78d21acec5cd0ccf00476ddaa5c,f80984d28ef9a7550633fb3aea514f783f3db1fa655a6d3f49850b10857e6afc,b701f780ad99d469949a985b0472b8d1f26be0545e531d92895b7559ca142328,last,ood_metric/fpr95_threshold,OOD-4,appendix,descriptive,,id_test_vs_mnist,detector_declared,ood_score/max_logit,mnist,far,,,,80000,C1,adam,0.0003,0.0,4.494941306114197,0.02020227880821581,4.494941 ± 0.020202,4.493599224090576,4.4754435300827025,4.5157811641693115
metric_contract_v1.2,c38b09694be88aa74de0741b39e9d3ba0d6ff61a,35a1a66f78dfd6255c4d804586ee6863969be78d21acec5cd0ccf00476ddaa5c,f80984d28ef9a7550633fb3aea514f783f3db1fa655a6d3f49850b10857e6afc,b701f780ad99d469949a985b0472b8d1f26be0545e531d92895b7559ca142328,last,ood_metric/fpr95_threshold,OOD-4,appendix,descriptive,,id_test_vs_mnist,detector_declared,ood_score/msp,mnist,far,,,,80000,C1,adam,0.0003,0.0,0.9475326066846833,0.005336261289199259,0.947533 ± 0.005336,0.9463391490062487,0.9428941250578406,0.9533645459899609
metric_contract_v1.2,c38b09694be88aa74de0741b39e9d3ba0d6ff61a,35a1a66f78dfd6255c4d804586ee6863969be78d21acec5cd0ccf00476ddaa5c,f80984d28ef9a7550633fb3aea514f783f3db1fa655a6d3f49850b10857e6afc,61d7d1f20bc593cc2d106f24f0343084f56f811c8ebc63c856eaced34c50b65f,last,analysis/angular_control_gap_ctm_ncp,OOD-7,exploratory,descriptive,id_train,id_test_vs_mnist,paired_auroc_difference,,mnist,,,,,80000,C1,adamw,0.003,0.1,0.06835923238095239,0.01479642606418223,0.068359 ± 0.014796,0.08542613571428581,0.05913669999999982,0.06051486142857154
metric_contract_v1.2,c38b09694be88aa74de0741b39e9d3ba0d6ff61a,35a1a66f78dfd6255c4d804586ee6863969be78d21acec5cd0ccf00476ddaa5c,f80984d28ef9a7550633fb3aea514f783f3db1fa655a6d3f49850b10857e6afc,61d7d1f20bc593cc2d106f24f0343084f56f811c8ebc63c856eaced34c50b65f,last,analysis/restoration_gap_mahalanobis,OOD-7,exploratory,descriptive,id_train,id_test_vs_mnist,paired_auroc_difference,,mnist,,,,,80000,C1,adamw,0.003,0.1,0.16910842714285715,0.06794568450362846,0.169108 ± 0.067946,0.17654624000000008,0.09774984857142854,0.23302919285714285
metric_contract_v1.2,c38b09694be88aa74de0741b39e9d3ba0d6ff61a,35a1a66f78dfd6255c4d804586ee6863969be78d21acec5cd0ccf00476ddaa5c,f80984d28ef9a7550633fb3aea514f783f3db1fa655a6d3f49850b10857e6afc,61d7d1f20bc593cc2d106f24f0343084f56f811c8ebc63c856eaced34c50b65f,last,analysis/restoration_gap_relative_mahalanobis,OOD-7,exploratory,descriptive,id_train,id_test_vs_mnist,paired_auroc_difference,,mnist,,,,,80000,C1,adamw,0.003,0.1,-0.011237157619047608,0.003014914334590441,-0.011237 ± 0.003015,-0.013586328571428608,-0.007837542857142887,-0.012287601428571326
metric_contract_v1.2,c38b09694be88aa74de0741b39e9d3ba0d6ff61a,35a1a66f78dfd6255c4d804586ee6863969be78d21acec5cd0ccf00476ddaa5c,f80984d28ef9a7550633fb3aea514f783f3db1fa655a6d3f49850b10857e6afc,61d7d1f20bc593cc2d106f24f0343084f56f811c8ebc63c856eaced34c50b65f,last,ood_metric/ap_in,OOD-2,appendix,up,id_train,id_test_vs_mnist,detector_declared,detector/ctm_prototype_cosine,mnist,far,,,,80000,C1,adamw,0.003,0.1,0.779991604373205,0.03994740300984039,0.779992 ± 0.039947,0.768290155772159,0.7472016495556222,0.8244830077918337
metric_contract_v1.2,c38b09694be88aa74de0741b39e9d3ba0d6ff61a,35a1a66f78dfd6255c4d804586ee6863969be78d21acec5cd0ccf00476ddaa5c,f80984d28ef9a7550633fb3aea514f783f3db1fa655a6d3f49850b10857e6afc,61d7d1f20bc593cc2d106f24f0343084f56f811c8ebc63c856eaced34c50b65f,last,ood_metric/ap_in,OOD-2,appendix,up,id_train,id_test_vs_mnist,detector_declared,detector/gda_class_density,mnist,far,,,,80000,C1,adamw,0.003,0.1,0.5894265712408439,0.16031755515618232,0.589427 ± 0.160318,0.4135031357807786,0.6274891193064247,0.7272874586353283
metric_contract_v1.2,c38b09694be88aa74de0741b39e9d3ba0d6ff61a,35a1a66f78dfd6255c4d804586ee6863969be78d21acec5cd0ccf00476ddaa5c,f80984d28ef9a7550633fb3aea514f783f3db1fa655a6d3f49850b10857e6afc,61d7d1f20bc593cc2d106f24f0343084f56f811c8ebc63c856eaced34c50b65f,last,ood_metric/ap_in,OOD-2,appendix,up,id_train,id_test_vs_mnist,detector_declared,detector/knn_l2_k50,mnist,far,,,,80000,C1,adamw,0.003,0.1,0.8377899643250205,0.00827601075876584,0.837790 ± 0.008276,0.8387181279321353,0.8290889997179974,0.8455627653249288
metric_contract_v1.2,c38b09694be88aa74de0741b39e9d3ba0d6ff61a,35a1a66f78dfd6255c4d804586ee6863969be78d21acec5cd0ccf00476ddaa5c,f80984d28ef9a7550633fb3aea514f783f3db1fa655a6d3f49850b10857e6afc,61d7d1f20bc593cc2d106f24f0343084f56f811c8ebc63c856eaced34c50b65f,last,ood_metric/ap_in,OOD-2,appendix,up,id_train,id_test_vs_mnist,detector_declared,detector/mahalanobis_pp,mnist,far,,,,80000,C1,adamw,0.003,0.1,0.768221170440374,0.10708763014650068,0.768221 ± 0.107088,0.7702800818329322,0.6601189301847032,0.8742644993034867
metric_contract_v1.2,c38b09694be88aa74de0741b39e9d3ba0d6ff61a,35a1a66f78dfd6255c4d804586ee6863969be78d21acec5cd0ccf00476ddaa5c,f80984d28ef9a7550633fb3aea514f783f3db1fa655a6d3f49850b10857e6afc,61d7d1f20bc593cc2d106f24f0343084f56f811c8ebc63c856eaced34c50b65f,last,ood_metric/ap_in,OOD-2,appendix,up,id_train,id_test_vs_mnist,detector_declared,detector/mahalanobis_raw,mnist,far,,,,80000,C1,adamw,0.003,0.1,0.5093647973553083,0.015353299430602704,0.509365 ± 0.015353,0.4945486034854067,0.5083417554103176,0.5252040331702007
metric_contract_v1.2,c38b09694be88aa74de0741b39e9d3ba0d6ff61a,35a1a66f78dfd6255c4d804586ee6863969be78d21acec5cd0ccf00476ddaa5c,f80984d28ef9a7550633fb3aea514f783f3db1fa655a6d3f49850b10857e6afc,61d7d1f20bc593cc2d106f24f0343084f56f811c8ebc63c856eaced34c50b65f,last,ood_metric/ap_in,OOD-2,appendix,up,id_train,id_test_vs_mnist,detector_declared,detector/marginal_mahalanobis_raw,mnist,far,,,,80000,C1,adamw,0.003,0.1,0.3289657419702507,0.024130334941454074,0.328966 ± 0.024130,0.3355035408574159,0.3491535250216416,0.3022401600316946
metric_contract_v1.2,c38b09694be88aa74de0741b39e9d3ba0d6ff61a,35a1a66f78dfd6255c4d804586ee6863969be78d21acec5cd0ccf00476ddaa5c,f80984d28ef9a7550633fb3aea514f783f3db1fa655a6d3f49850b10857e6afc,61d7d1f20bc593cc2d106f24f0343084f56f811c8ebc63c856eaced34c50b65f,last,ood_metric/ap_in,OOD-2,appendix,up,id_train,id_test_vs_mnist,detector_declared,detector/ncp_euclidean_raw,mnist,far,,,,80000,C1,adamw,0.003,0.1,0.655494638866295,0.06953239305331241,0.655495 ± 0.069532,0.5946904321940218,0.6404887030250244,0.7313047813798388
metric_contract_v1.2,c38b09694be88aa74de0741b39e9d3ba0d6ff61a,35a1a66f78dfd6255c4d804586ee6863969be78d21acec5cd0ccf00476ddaa5c,f80984d28ef9a7550633fb3aea514f783f3db1fa655a6d3f49850b10857e6afc,61d7d1f20bc593cc2d106f24f0343084f56f811c8ebc63c856eaced34c50b65f,last,ood_metric/ap_in,OOD-2,appendix,up,id_train,id_test_vs_mnist,detector_declared,detector/neco_author_std_dim100,mnist,far,,,,80000,C1,adamw,0.003,0.1,0.6072968338047753,0.17297806009778885,0.607297 ± 0.172978,0.7487132918765241,0.6587460781998179,0.4144311313379837
metric_contract_v1.2,c38b09694be88aa74de0741b39e9d3ba0d6ff61a,35a1a66f78dfd6255c4d804586ee6863969be78d21acec5cd0ccf00476ddaa5c,f80984d28ef9a7550633fb3aea514f783f3db1fa655a6d3f49850b10857e6afc,61d7d1f20bc593cc2d106f24f0343084f56f811c8ebc63c856eaced34c50b65f,last,ood_metric/ap_in,OOD-2,appendix,up,id_train,id_test_vs_mnist,detector_declared,detector/relative_mahalanobis_pp,mnist,far,,,,80000,C1,adamw,0.003,0.1,0.7426081537861554,0.03332892593576016,0.742608 ± 0.033329,0.7099525055996305,0.7765718443216946,0.7413001114371413
metric_contract_v1.2,c38b09694be88aa74de0741b39e9d3ba0d6ff61a,35a1a66f78dfd6255c4d804586ee6863969be78d21acec5cd0ccf00476ddaa5c,f80984d28ef9a7550633fb3aea514f783f3db1fa655a6d3f49850b10857e6afc,61d7d1f20bc593cc2d106f24f0343084f56f811c8ebc63c856eaced34c50b65f,last,ood_metric/ap_in,OOD-2,appendix,up,id_train,id_test_vs_mnist,detector_declared,detector/relative_mahalanobis_raw,mnist,far,,,,80000,C1,adamw,0.003,0.1,0.7783940721353254,0.013067764976315125,0.778394 ± 0.013068,0.7872630643407077,0.7845318139424554,0.7633873381228131
metric_contract_v1.2,c38b09694be88aa74de0741b39e9d3ba0d6ff61a,35a1a66f78dfd6255c4d804586ee6863969be78d21acec5cd0ccf00476ddaa5c,f80984d28ef9a7550633fb3aea514f783f3db1fa655a6d3f49850b10857e6afc,61d7d1f20bc593cc2d106f24f0343084f56f811c8ebc63c856eaced34c50b65f,last,ood_metric/ap_in,OOD-2,appendix,up,id_train,id_test_vs_mnist,detector_declared,detector/vim_author_dim,mnist,far,,,,80000,C1,adamw,0.003,0.1,0.8347260794972945,0.011802779591817431,0.834726 ± 0.011803,0.8210978779825558,0.841638662223959,0.841441698285369
metric_contract_v1.2,c38b09694be88aa74de0741b39e9d3ba0d6ff61a,35a1a66f78dfd6255c4d804586ee6863969be78d21acec5cd0ccf00476ddaa5c,f80984d28ef9a7550633fb3aea514f783f3db1fa655a6d3f49850b10857e6afc,61d7d1f20bc593cc2d106f24f0343084f56f811c8ebc63c856eaced34c50b65f,last,ood_metric/ap_in,OOD-2,appendix,up,id_train,id_test_vs_mnist,detector_declared,detector/vim_dim128,mnist,far,,,,80000,C1,adamw,0.003,0.1,0.834355486410971,0.025320240321186516,0.834355 ± 0.025320,0.8196978774175525,0.8635927468977697,0.819775834917591
metric_contract_v1.2,c38b09694be88aa74de0741b39e9d3ba0d6ff61a,35a1a66f78dfd6255c4d804586ee6863969be78d21acec5cd0ccf00476ddaa5c,f80984d28ef9a7550633fb3aea514f783f3db1fa655a6d3f49850b10857e6afc,61d7d1f20bc593cc2d106f24f0343084f56f811c8ebc63c856eaced34c50b65f,last,ood_metric/ap_in,OOD-2,appendix,up,id_train,id_test_vs_mnist,detector_declared,detector/vim_dim256,mnist,far,,,,80000,C1,adamw,0.003,0.1,0.8297089387261671,0.021592020442858347,0.829709 ± 0.021592,0.8068379098125268,0.849741102188756,0.8325478041772185
metric_contract_v1.2,c38b09694be88aa74de0741b39e9d3ba0d6ff61a,35a1a66f78dfd6255c4d804586ee6863969be78d21acec5cd0ccf00476ddaa5c,f80984d28ef9a7550633fb3aea514f783f3db1fa655a6d3f49850b10857e6afc,61d7d1f20bc593cc2d106f24f0343084f56f811c8ebc63c856eaced34c50b65f,last,ood_metric/ap_in,OOD-2,appendix,up,id_train,id_test_vs_mnist,detector_declared,detector/vim_dim320,mnist,far,,,,80000,C1,adamw,0.003,0.1,0.8347260794972945,0.011802779591817431,0.834726 ± 0.011803,0.8210978779825558,0.841638662223959,0.841441698285369
metric_contract_v1.2,c38b09694be88aa74de0741b39e9d3ba0d6ff61a,35a1a66f78dfd6255c4d804586ee6863969be78d21acec5cd0ccf00476ddaa5c,f80984d28ef9a7550633fb3aea514f783f3db1fa655a6d3f49850b10857e6afc,61d7d1f20bc593cc2d106f24f0343084f56f811c8ebc63c856eaced34c50b65f,last,ood_metric/ap_in,OOD-2,appendix,up,id_train,id_test_vs_mnist,detector_declared,detector/vim_dim64,mnist,far,,,,80000,C1,adamw,0.003,0.1,0.8283147316955342,0.05091624990462314,0.828315 ± 0.050916,0.855396999134544,0.8599662699165274,0.769580926035531
metric_contract_v1.2,c38b09694be88aa74de0741b39e9d3ba0d6ff61a,35a1a66f78dfd6255c4d804586ee6863969be78d21acec5cd0ccf00476ddaa5c,f80984d28ef9a7550633fb3aea514f783f3db1fa655a6d3f49850b10857e6afc,61d7d1f20bc593cc2d106f24f0343084f56f811c8ebc63c856eaced34c50b65f,last,ood_metric/ap_in,OOD-2,appendix,up,id_train,id_test_vs_mnist,detector_declared,detector/weight_cosine_appendix,mnist,far,,,,80000,C1,adamw,0.003,0.1,0.8104138616701405,0.04375559510725186,0.810414 ± 0.043756,0.8077601954307472,0.8554358964120654,0.7680454931676086
metric_contract_v1.2,c38b09694be88aa74de0741b39e9d3ba0d6ff61a,35a1a66f78dfd6255c4d804586ee6863969be78d21acec5cd0ccf00476ddaa5c,f80984d28ef9a7550633fb3aea514f783f3db1fa655a6d3f49850b10857e6afc,61d7d1f20bc593cc2d106f24f0343084f56f811c8ebc63c856eaced34c50b65f,last,ood_metric/ap_in,OOD-2,appendix,up,,id_test_vs_mnist,detector_declared,ood_score/energy_t1,mnist,far,,,,80000,C1,adamw,0.003,0.1,0.8105165278170539,0.03908992259782161,0.810517 ± 0.039090,0.8228647610767392,0.8419411199446538,0.7667437024297687
metric_contract_v1.2,c38b09694be88aa74de0741b39e9d3ba0d6ff61a,35a1a66f78dfd6255c4d804586ee6863969be78d21acec5cd0ccf00476ddaa5c,f80984d28ef9a7550633fb3aea514f783f3db1fa655a6d3f49850b10857e6afc,61d7d1f20bc593cc2d106f24f0343084f56f811c8ebc63c856eaced34c50b65f,last,ood_metric/ap_in,OOD-2,appendix,up,,id_test_vs_mnist,detector_declared,ood_score/max_logit,mnist,far,,,,80000,C1,adamw,0.003,0.1,0.810302310293093,0.03895626111055705,0.810302 ± 0.038956,0.822636073093662,0.8415987309509343,0.7666721268346827
metric_contract_v1.2,c38b09694be88aa74de0741b39e9d3ba0d6ff61a,35a1a66f78dfd6255c4d804586ee6863969be78d21acec5cd0ccf00476ddaa5c,f80984d28ef9a7550633fb3aea514f783f3db1fa655a6d3f49850b10857e6afc,61d7d1f20bc593cc2d106f24f0343084f56f811c8ebc63c856eaced34c50b65f,last,ood_metric/ap_in,OOD-2,appendix,up,,id_test_vs_mnist,detector_declared,ood_score/msp,mnist,far,,,,80000,C1,adamw,0.003,0.1,0.7612935035321614,0.027636023860899608,0.761294 ± 0.027636,0.7648989839203217,0.7869498273829125,0.7320316992932496
metric_contract_v1.2,c38b09694be88aa74de0741b39e9d3ba0d6ff61a,35a1a66f78dfd6255c4d804586ee6863969be78d21acec5cd0ccf00476ddaa5c,f80984d28ef9a7550633fb3aea514f783f3db1fa655a6d3f49850b10857e6afc,61d7d1f20bc593cc2d106f24f0343084f56f811c8ebc63c856eaced34c50b65f,last,ood_metric/ap_out,OOD-3,appendix,up,id_train,id_test_vs_mnist,detector_declared,detector/ctm_prototype_cosine,mnist,far,,,,80000,C1,adamw,0.003,0.1,0.9841642417230733,0.0018443966441856897,0.984164 ± 0.001844,0.9835678470461127,0.9826918363328045,0.9862330417903025
metric_contract_v1.2,c38b09694be88aa74de0741b39e9d3ba0d6ff61a,35a1a66f78dfd6255c4d804586ee6863969be78d21acec5cd0ccf00476ddaa5c,f80984d28ef9a7550633fb3aea514f783f3db1fa655a6d3f49850b10857e6afc,61d7d1f20bc593cc2d106f24f0343084f56f811c8ebc63c856eaced34c50b65f,last,ood_metric/ap_out,OOD-3,appendix,up,id_train,id_test_vs_mnist,detector_declared,detector/gda_class_density,mnist,far,,,,80000,C1,adamw,0.003,0.1,0.9389964654164297,0.03564220424900495,0.938996 ± 0.035642,0.8988096272864509,0.9514002645581753,0.9667795044046629
metric_contract_v1.2,c38b09694be88aa74de0741b39e9d3ba0d6ff61a,35a1a66f78dfd6255c4d804586ee6863969be78d21acec5cd0ccf00476ddaa5c,f80984d28ef9a7550633fb3aea514f783f3db1fa655a6d3f49850b10857e6afc,61d7d1f20bc593cc2d106f24f0343084f56f811c8ebc63c856eaced34c50b65f,last,ood_metric/ap_out,OOD-3,appendix,up,id_train,id_test_vs_mnist,detector_declared,detector/knn_l2_k50,mnist,far,,,,80000,C1,adamw,0.003,0.1,0.9881256668768809,0.000855844084546055,0.988126 ± 0.000856,0.9871976299989984,0.988295525899824,0.9888838447318199
metric_contract_v1.2,c38b09694be88aa74de0741b39e9d3ba0d6ff61a,35a1a66f78dfd6255c4d804586ee6863969be78d21acec5cd0ccf00476ddaa5c,f80984d28ef9a7550633fb3aea514f783f3db1fa655a6d3f49850b10857e6afc,61d7d1f20bc593cc2d106f24f0343084f56f811c8ebc63c856eaced34c50b65f,last,ood_metric/ap_out,OOD-3,appendix,up,id_train,id_test_vs_mnist,detector_declared,detector/mahalanobis_pp,mnist,far,,,,80000,C1,adamw,0.003,0.1,0.9749682320220424,0.014957245680926327,0.974968 ± 0.014957,0.976263454078459,0.9594054945033206,0.9892357474843476
metric_contract_v1.2,c38b09694be88aa74de0741b39e9d3ba0d6ff61a,35a1a66f78dfd6255c4d804586ee6863969be78d21acec5cd0ccf00476ddaa5c,f80984d28ef9a7550633fb3aea514f783f3db1fa655a6d3f49850b10857e6afc,61d7d1f20bc593cc2d106f24f0343084f56f811c8ebc63c856eaced34c50b65f,last,ood_metric/ap_out,OOD-3,appendix,up,id_train,id_test_vs_mnist,detector_declared,detector/mahalanobis_raw,mnist,far,,,,80000,C1,adamw,0.003,0.1,0.9242716314078766,0.002167957851649579,0.924272 ± 0.002168,0.9245396381995494,0.9262931257541503,0.92198213026993
metric_contract_v1.2,c38b09694be88aa74de0741b39e9d3ba0d6ff61a,35a1a66f78dfd6255c4d804586ee6863969be78d21acec5cd0ccf00476ddaa5c,f80984d28ef9a7550633fb3aea514f783f3db1fa655a6d3f49850b10857e6afc,61d7d1f20bc593cc2d106f24f0343084f56f811c8ebc63c856eaced34c50b65f,last,ood_metric/ap_out,OOD-3,appendix,up,id_train,id_test_vs_mnist,detector_declared,detector/marginal_mahalanobis_raw,mnist,far,,,,80000,C1,adamw,0.003,0.1,0.8912840950183071,0.0025824098611437977,0.891284 ± 0.002582,0.8935141565321183,0.8884547247604868,0.891883403762316
metric_contract_v1.2,c38b09694be88aa74de0741b39e9d3ba0d6ff61a,35a1a66f78dfd6255c4d804586ee6863969be78d21acec5cd0ccf00476ddaa5c,f80984d28ef9a7550633fb3aea514f783f3db1fa655a6d3f49850b10857e6afc,61d7d1f20bc593cc2d106f24f0343084f56f811c8ebc63c856eaced34c50b65f,last,ood_metric/ap_out,OOD-3,appendix,up,id_train,id_test_vs_mnist,detector_declared,detector/ncp_euclidean_raw,mnist,far,,,,80000,C1,adamw,0.003,0.1,0.9587245469890822,0.0022184934162635633,0.958725 ± 0.002218,0.9564094348354987,0.9589324163674029,0.9608317897643447
metric_contract_v1.2,c38b09694be88aa74de0741b39e9d3ba0d6ff61a,35a1a66f78dfd6255c4d804586ee6863969be78d21acec5cd0ccf00476ddaa5c,f80984d28ef9a7550633fb3aea514f783f3db1fa655a6d3f49850b10857e6afc,61d7d1f20bc593cc2d106f24f0343084f56f811c8ebc63c856eaced34c50b65f,last,ood_metric/ap_out,OOD-3,appendix,up,id_train,id_test_vs_mnist,detector_declared,detector/neco_author_std_dim100,mnist,far,,,,80000,C1,adamw,0.003,0.1,0.9788324781241892,0.007170467865457846,0.978832 ± 0.007170,0.981632836241457,0.9841801954207798,0.9706844027103307
metric_contract_v1.2,c38b09694be88aa74de0741b39e9d3ba0d6ff61a,35a1a66f78dfd6255c4d804586ee6863969be78d21acec5cd0ccf00476ddaa5c,f80984d28ef9a7550633fb3aea514f783f3db1fa655a6d3f49850b10857e6afc,61d7d1f20bc593cc2d106f24f0343084f56f811c8ebc63c856eaced34c50b65f,last,ood_metric/ap_out,OOD-3,appendix,up,id_train,id_test_vs_mnist,detector_declared,detector/relative_mahalanobis_pp,mnist,far,,,,80000,C1,adamw,0.003,0.1,0.9818054142951702,0.001855068020476707,0.981805 ± 0.001855,0.9805819783985138,0.983939853759625,0.9808944107273719
metric_contract_v1.2,c38b09694be88aa74de0741b39e9d3ba0d6ff61a,35a1a66f78dfd6255c4d804586ee6863969be78d21acec5cd0ccf00476ddaa5c,f80984d28ef9a7550633fb3aea514f783f3db1fa655a6d3f49850b10857e6afc,61d7d1f20bc593cc2d106f24f0343084f56f811c8ebc63c856eaced34c50b65f,last,ood_metric/ap_out,OOD-3,appendix,up,id_train,id_test_vs_mnist,detector_declared,detector/relative_mahalanobis_raw,mnist,far,,,,80000,C1,adamw,0.003,0.1,0.9839312242519842,0.0016537257674426346,0.983931 ± 0.001654,0.9827797521991358,0.9858261998311567,0.9831877207256601
metric_contract_v1.2,c38b09694be88aa74de0741b39e9d3ba0d6ff61a,35a1a66f78dfd6255c4d804586ee6863969be78d21acec5cd0ccf00476ddaa5c,f80984d28ef9a7550633fb3aea514f783f3db1fa655a6d3f49850b10857e6afc,61d7d1f20bc593cc2d106f24f0343084f56f811c8ebc63c856eaced34c50b65f,last,ood_metric/ap_out,OOD-3,appendix,up,id_train,id_test_vs_mnist,detector_declared,detector/vim_author_dim,mnist,far,,,,80000,C1,adamw,0.003,0.1,0.9844144349297873,0.0028842691378290347,0.984414 ± 0.002884,0.9833778209217008,0.9876737421177255,0.9821917417499356
metric_contract_v1.2,c38b09694be88aa74de0741b39e9d3ba0d6ff61a,35a1a66f78dfd6255c4d804586ee6863969be78d21acec5cd0ccf00476ddaa5c,f80984d28ef9a7550633fb3aea514f783f3db1fa655a6d3f49850b10857e6afc,61d7d1f20bc593cc2d106f24f0343084f56f811c8ebc63c856eaced34c50b65f,last,ood_metric/ap_out,OOD-3,appendix,up,id_train,id_test_vs_mnist,detector_declared,detector/vim_dim128,mnist,far,,,,80000,C1,adamw,0.003,0.1,0.9849147626318119,0.003917603411285946,0.984915 ± 0.003918,0.9839459824574864,0.9892258634760733,0.981572441961876
metric_contract_v1.2,c38b09694be88aa74de0741b39e9d3ba0d6ff61a,35a1a66f78dfd6255c4d804586ee6863969be78d21acec5cd0ccf00476ddaa5c,f80984d28ef9a7550633fb3aea514f783f3db1fa655a6d3f49850b10857e6afc,61d7d1f20bc593cc2d106f24f0343084f56f811c8ebc63c856eaced34c50b65f,last,ood_metric/ap_out,OOD-3,appendix,up,id_train,id_test_vs_mnist,detector_declared,detector/vim_dim256,mnist,far,,,,80000,C1,adamw,0.003,0.1,0.9843729039771555,0.0035393857631384,0.984373 ± 0.003539,0.9829395646264915,0.9884041483325462,0.9817749989724291
metric_contract_v1.2,c38b09694be88aa74de0741b39e9d3ba0d6ff61a,35a1a66f78dfd6255c4d804586ee6863969be78d21acec5cd0ccf00476ddaa5c,f80984d28ef9a7550633fb3aea514f783f3db1fa655a6d3f49850b10857e6afc,61d7d1f20bc593cc2d106f24f0343084f56f811c8ebc63c856eaced34c50b65f,last,ood_metric/ap_out,OOD-3,appendix,up,id_train,id_test_vs_mnist,detector_declared,detector/vim_dim320,mnist,far,,,,80000,C1,adamw,0.003,0.1,0.9844144349297873,0.0028842691378290347,0.984414 ± 0.002884,0.9833778209217008,0.9876737421177255,0.9821917417499356
metric_contract_v1.2,c38b09694be88aa74de0741b39e9d3ba0d6ff61a,35a1a66f78dfd6255c4d804586ee6863969be78d21acec5cd0ccf00476ddaa5c,f80984d28ef9a7550633fb3aea514f783f3db1fa655a6d3f49850b10857e6afc,61d7d1f20bc593cc2d106f24f0343084f56f811c8ebc63c856eaced34c50b65f,last,ood_metric/ap_out,OOD-3,appendix,up,id_train,id_test_vs_mnist,detector_declared,detector/vim_dim64,mnist,far,,,,80000,C1,adamw,0.003,0.1,0.985905992983323,0.006112810359322117,0.985906 ± 0.006113,0.9882122243254644,0.9905301970399835,0.9789755575845215
metric_contract_v1.2,c38b09694be88aa74de0741b39e9d3ba0d6ff61a,35a1a66f78dfd6255c4d804586ee6863969be78d21acec5cd0ccf00476ddaa5c,f80984d28ef9a7550633fb3aea514f783f3db1fa655a6d3f49850b10857e6afc,61d7d1f20bc593cc2d106f24f0343084f56f811c8ebc63c856eaced34c50b65f,last,ood_metric/ap_out,OOD-3,appendix,up,id_train,id_test_vs_mnist,detector_declared,detector/weight_cosine_appendix,mnist,far,,,,80000,C1,adamw,0.003,0.1,0.9860401370822686,0.0032550773081128615,0.986040 ± 0.003255,0.9843089824952695,0.98979498004869,0.984016448702846
metric_contract_v1.2,c38b09694be88aa74de0741b39e9d3ba0d6ff61a,35a1a66f78dfd6255c4d804586ee6863969be78d21acec5cd0ccf00476ddaa5c,f80984d28ef9a7550633fb3aea514f783f3db1fa655a6d3f49850b10857e6afc,61d7d1f20bc593cc2d106f24f0343084f56f811c8ebc63c856eaced34c50b65f,last,ood_metric/ap_out,OOD-3,appendix,up,,id_test_vs_mnist,detector_declared,ood_score/energy_t1,mnist,far,,,,80000,C1,adamw,0.003,0.1,0.9857943172273572,0.0031946440792456573,0.985794 ± 0.003195,0.9842222285325748,0.9894703708558517,0.9836903522936454
metric_contract_v1.2,c38b09694be88aa74de0741b39e9d3ba0d6ff61a,35a1a66f78dfd6255c4d804586ee6863969be78d21acec5cd0ccf00476ddaa5c,f80984d28ef9a7550633fb3aea514f783f3db1fa655a6d3f49850b10857e6afc,61d7d1f20bc593cc2d106f24f0343084f56f811c8ebc63c856eaced34c50b65f,last,ood_metric/ap_out,OOD-3,appendix,up,,id_test_vs_mnist,detector_declared,ood_score/max_logit,mnist,far,,,,80000,C1,adamw,0.003,0.1,0.9859425989848257,0.00302920491913885,0.985943 ± 0.003029,0.9843921833285284,0.9894331780420452,0.9840024355839033
metric_contract_v1.2,c38b09694be88aa74de0741b39e9d3ba0d6ff61a,35a1a66f78dfd6255c4d804586ee6863969be78d21acec5cd0ccf00476ddaa5c,f80984d28ef9a7550633fb3aea514f783f3db1fa655a6d3f49850b10857e6afc,61d7d1f20bc593cc2d106f24f0343084f56f811c8ebc63c856eaced34c50b65f,last,ood_metric/ap_out,OOD-3,appendix,up,,id_test_vs_mnist,detector_declared,ood_score/msp,mnist,far,,,,80000,C1,adamw,0.003,0.1,0.9819497584633906,0.001734633219962829,0.981950 ± 0.001735,0.9799548277118207,0.9831025971963809,0.9827918504819702
metric_contract_v1.2,c38b09694be88aa74de0741b39e9d3ba0d6ff61a,35a1a66f78dfd6255c4d804586ee6863969be78d21acec5cd0ccf00476ddaa5c,f80984d28ef9a7550633fb3aea514f783f3db1fa655a6d3f49850b10857e6afc,61d7d1f20bc593cc2d106f24f0343084f56f811c8ebc63c856eaced34c50b65f,last,ood_metric/aupr_in_openood_auc,OOD-2,primary,up,id_train,id_test_vs_mnist,detector_declared,detector/ctm_prototype_cosine,mnist,far,,,,80000,C1,adamw,0.003,0.1,0.7799836151173595,0.03994941813381802,0.779984 ± 0.039949,0.7682814988861781,0.7471920624772757,0.8244772839886246
metric_contract_v1.2,c38b09694be88aa74de0741b39e9d3ba0d6ff61a,35a1a66f78dfd6255c4d804586ee6863969be78d21acec5cd0ccf00476ddaa5c,f80984d28ef9a7550633fb3aea514f783f3db1fa655a6d3f49850b10857e6afc,61d7d1f20bc593cc2d106f24f0343084f56f811c8ebc63c856eaced34c50b65f,last,ood_metric/aupr_in_openood_auc,OOD-2,primary,up,id_train,id_test_vs_mnist,detector_declared,detector/gda_class_density,mnist,far,,,,80000,C1,adamw,0.003,0.1,0.5894142865163069,0.1603210569608849,0.589414 ± 0.160321,0.4134871141940819,0.6274773332606466,0.7272784120941923
metric_contract_v1.2,c38b09694be88aa74de0741b39e9d3ba0d6ff61a,35a1a66f78dfd6255c4d804586ee6863969be78d21acec5cd0ccf00476ddaa5c,f80984d28ef9a7550633fb3aea514f783f3db1fa655a6d3f49850b10857e6afc,61d7d1f20bc593cc2d106f24f0343084f56f811c8ebc63c856eaced34c50b65f,last,ood_metric/aupr_in_openood_auc,OOD-2,primary,up,id_train,id_test_vs_mnist,detector_declared,detector/knn_l2_k50,mnist,far,,,,80000,C1,adamw,0.003,0.1,0.8377848898702385,0.008276309984766419,0.837785 ± 0.008276,0.838713510973053,0.8290834345404812,0.8455577240971813
metric_contract_v1.2,c38b09694be88aa74de0741b39e9d3ba0d6ff61a,35a1a66f78dfd6255c4d804586ee6863969be78d21acec5cd0ccf00476ddaa5c,f80984d28ef9a7550633fb3aea514f783f3db1fa655a6d3f49850b10857e6afc,61d7d1f20bc593cc2d106f24f0343084f56f811c8ebc63c856eaced34c50b65f,last,ood_metric/aupr_in_openood_auc,OOD-2,primary,up,id_train,id_test_vs_mnist,detector_declared,detector/mahalanobis_pp,mnist,far,,,,80000,C1,adamw,0.003,0.1,0.7682140221091585,0.10709081640418083,0.768214 ± 0.107091,0.7702731414035531,0.6601084942015127,0.8742604307224096
metric_contract_v1.2,c38b09694be88aa74de0741b39e9d3ba0d6ff61a,35a1a66f78dfd6255c4d804586ee6863969be78d21acec5cd0ccf00476ddaa5c,f80984d28ef9a7550633fb3aea514f783f3db1fa655a6d3f49850b10857e6afc,61d7d1f20bc593cc2d106f24f0343084f56f811c8ebc63c856eaced34c50b65f,last,ood_metric/aupr_in_openood_auc,OOD-2,primary,up,id_train,id_test_vs_mnist,detector_declared,detector/mahalanobis_raw,mnist,far,,,,80000,C1,adamw,0.003,0.1,0.5093498234582036,0.015354880994478388,0.509350 ± 0.015355,0.4945332075039864,0.5083246689729828,0.5251915938976417
metric_contract_v1.2,c38b09694be88aa74de0741b39e9d3ba0d6ff61a,35a1a66f78dfd6255c4d804586ee6863969be78d21acec5cd0ccf00476ddaa5c,f80984d28ef9a7550633fb3aea514f783f3db1fa655a6d3f49850b10857e6afc,61d7d1f20bc593cc2d106f24f0343084f56f811c8ebc63c856eaced34c50b65f,last,ood_metric/aupr_in_openood_auc,OOD-2,primary,up,id_train,id_test_vs_mnist,detector_declared,detector/marginal_mahalanobis_raw,mnist,far,,,,80000,C1,adamw,0.003,0.1,0.3289436397381104,0.02413164936197641,0.328944 ± 0.024132,0.3354817279213024,0.3491325698367761,0.30221662145625283
metric_contract_v1.2,c38b09694be88aa74de0741b39e9d3ba0d6ff61a,35a1a66f78dfd6255c4d804586ee6863969be78d21acec5cd0ccf00476ddaa5c,f80984d28ef9a7550633fb3aea514f783f3db1fa655a6d3f49850b10857e6afc,61d7d1f20bc593cc2d106f24f0343084f56f811c8ebc63c856eaced34c50b65f,last,ood_metric/aupr_in_openood_auc,OOD-2,primary,up,id_train,id_test_vs_mnist,detector_declared,detector/ncp_euclidean_raw,mnist,far,,,,80000,C1,adamw,0.003,0.1,0.6554817398712693,0.06953665537071775,0.655482 ± 0.069537,0.5946741750542227,0.6404743288809018,0.7312967156786836
metric_contract_v1.2,c38b09694be88aa74de0741b39e9d3ba0d6ff61a,35a1a66f78dfd6255c4d804586ee6863969be78d21acec5cd0ccf00476ddaa5c,f80984d28ef9a7550633fb3aea514f783f3db1fa655a6d3f49850b10857e6afc,61d7d1f20bc593cc2d106f24f0343084f56f811c8ebc63c856eaced34c50b65f,last,ood_metric/aupr_in_openood_auc,OOD-2,primary,up,id_train,id_test_vs_mnist,detector_declared,detector/neco_author_std_dim100,mnist,far,,,,80000,C1,adamw,0.003,0.1,0.6072568897040863,0.17300755700035464,0.607257 ± 0.173008,0.7487039395080602,0.6587060452815954,0.4143606843226032
metric_contract_v1.2,c38b09694be88aa74de0741b39e9d3ba0d6ff61a,35a1a66f78dfd6255c4d804586ee6863969be78d21acec5cd0ccf00476ddaa5c,f80984d28ef9a7550633fb3aea514f783f3db1fa655a6d3f49850b10857e6afc,61d7d1f20bc593cc2d106f24f0343084f56f811c8ebc63c856eaced34c50b65f,last,ood_metric/aupr_in_openood_auc,OOD-2,primary,up,id_train,id_test_vs_mnist,detector_declared,detector/relative_mahalanobis_pp,mnist,far,,,,80000,C1,adamw,0.003,0.1,0.7425915840955154,0.03333588668148419,0.742592 ± 0.033336,0.7099265117117064,0.7765600530799076,0.7412881874949317
metric_contract_v1.2,c38b09694be88aa74de0741b39e9d3ba0d6ff61a,35a1a66f78dfd6255c4d804586ee6863969be78d21acec5cd0ccf00476ddaa5c,f80984d28ef9a7550633fb3aea514f783f3db1fa655a6d3f49850b10857e6afc,61d7d1f20bc593cc2d106f24f0343084f56f811c8ebc63c856eaced34c50b65f,last,ood_metric/aupr_in_openood_auc,OOD-2,primary,up,id_train,id_test_vs_mnist,detector_declared,detector/relative_mahalanobis_raw,mnist,far,,,,80000,C1,adamw,0.003,0.1,0.7783780995447728,0.013066025258417012,0.778378 ± 0.013066,0.787251974058307,0.7845081760285155,0.7633741485474956
metric_contract_v1.2,c38b09694be88aa74de0741b39e9d3ba0d6ff61a,35a1a66f78dfd6255c4d804586ee6863969be78d21acec5cd0ccf00476ddaa5c,f80984d28ef9a7550633fb3aea514f783f3db1fa655a6d3f49850b10857e6afc,61d7d1f20bc593cc2d106f24f0343084f56f811c8ebc63c856eaced34c50b65f,last,ood_metric/aupr_in_openood_auc,OOD-2,primary,up,id_train,id_test_vs_mnist,detector_declared,detector/vim_author_dim,mnist,far,,,,80000,C1,adamw,0.003,0.1,0.8347211018104446,0.011802915728432695,0.834721 ± 0.011803,0.8210927395000033,0.8416333912934969,0.8414371746378337
metric_contract_v1.2,c38b09694be88aa74de0741b39e9d3ba0d6ff61a,35a1a66f78dfd6255c4d804586ee6863969be78d21acec5cd0ccf00476ddaa5c,f80984d28ef9a7550633fb3aea514f783f3db1fa655a6d3f49850b10857e6afc,61d7d1f20bc593cc2d106f24f0343084f56f811c8ebc63c856eaced34c50b65f,last,ood_metric/aupr_in_openood_auc,OOD-2,primary,up,id_train,id_test_vs_mnist,detector_declared,detector/vim_dim128,mnist,far,,,,80000,C1,adamw,0.003,0.1,0.834350387997544,0.025320890713429637,0.834350 ± 0.025321,0.8196925782504159,0.8635883998037103,0.8197701859385061
metric_contract_v1.2,c38b09694be88aa74de0741b39e9d3ba0d6ff61a,35a1a66f78dfd6255c4d804586ee6863969be78d21acec5cd0ccf00476ddaa5c,f80984d28ef9a7550633fb3aea514f783f3db1fa655a6d3f49850b10857e6afc,61d7d1f20bc593cc2d106f24f0343084f56f811c8ebc63c856eaced34c50b65f,last,ood_metric/aupr_in_openood_auc,OOD-2,primary,up,id_train,id_test_vs_mnist,detector_declared,detector/vim_dim256,mnist,far,,,,80000,C1,adamw,0.003,0.1,0.8297036872899785,0.021592535518883987,0.829704 ± 0.021593,0.8068320498164526,0.849736234450623,0.8325427776028597
metric_contract_v1.2,c38b09694be88aa74de0741b39e9d3ba0d6ff61a,35a1a66f78dfd6255c4d804586ee6863969be78d21acec5cd0ccf00476ddaa5c,f80984d28ef9a7550633fb3aea514f783f3db1fa655a6d3f49850b10857e6afc,61d7d1f20bc593cc2d106f24f0343084f56f811c8ebc63c856eaced34c50b65f,last,ood_metric/aupr_in_openood_auc,OOD-2,primary,up,id_train,id_test_vs_mnist,detector_declared,detector/vim_dim320,mnist,far,,,,80000,C1,adamw,0.003,0.1,0.8347211018104446,0.011802915728432695,0.834721 ± 0.011803,0.8210927395000033,0.8416333912934969,0.8414371746378337
metric_contract_v1.2,c38b09694be88aa74de0741b39e9d3ba0d6ff61a,35a1a66f78dfd6255c4d804586ee6863969be78d21acec5cd0ccf00476ddaa5c,f80984d28ef9a7550633fb3aea514f783f3db1fa655a6d3f49850b10857e6afc,61d7d1f20bc593cc2d106f24f0343084f56f811c8ebc63c856eaced34c50b65f,last,ood_metric/aupr_in_openood_auc,OOD-2,primary,up,id_train,id_test_vs_mnist,detector_declared,detector/vim_dim64,mnist,far,,,,80000,C1,adamw,0.003,0.1,0.8283090202977167,0.05091852802895696,0.828309 ± 0.050919,0.8553928726742331,0.859961620348495,0.7695725678704217
metric_contract_v1.2,c38b09694be88aa74de0741b39e9d3ba0d6ff61a,35a1a66f78dfd6255c4d804586ee6863969be78d21acec5cd0ccf00476ddaa5c,f80984d28ef9a7550633fb3aea514f783f3db1fa655a6d3f49850b10857e6afc,61d7d1f20bc593cc2d106f24f0343084f56f811c8ebc63c856eaced34c50b65f,last,ood_metric/aupr_in_openood_auc,OOD-2,primary,up,id_train,id_test_vs_mnist,detector_declared,detector/weight_cosine_appendix,mnist,far,,,,80000,C1,adamw,0.003,0.1,0.810407365130344,0.04375763089342059,0.810407 ± 0.043758,0.8077542610283971,0.8554311830039407,0.7680366513586939
metric_contract_v1.2,c38b09694be88aa74de0741b39e9d3ba0d6ff61a,35a1a66f78dfd6255c4d804586ee6863969be78d21acec5cd0ccf00476ddaa5c,f80984d28ef9a7550633fb3aea514f783f3db1fa655a6d3f49850b10857e6afc,61d7d1f20bc593cc2d106f24f0343084f56f811c8ebc63c856eaced34c50b65f,last,ood_metric/aupr_in_openood_auc,OOD-2,primary,up,,id_test_vs_mnist,detector_declared,ood_score/energy_t1,mnist,far,,,,80000,C1,adamw,0.003,0.1,0.8105083358912658,0.03909213017682071,0.810508 ± 0.039092,0.8228592062331956,0.8419332550152957,0.7667325464253063
metric_contract_v1.2,c38b09694be88aa74de0741b39e9d3ba0d6ff61a,35a1a66f78dfd6255c4d804586ee6863969be78d21acec5cd0ccf00476ddaa5c,f80984d28ef9a7550633fb3aea514f783f3db1fa655a6d3f49850b10857e6afc,61d7d1f20bc593cc2d106f24f0343084f56f811c8ebc63c856eaced34c50b65f,last,ood_metric/aupr_in_openood_auc,OOD-2,primary,up,,id_test_vs_mnist,detector_declared,ood_score/max_logit,mnist,far,,,,80000,C1,adamw,0.003,0.1,0.810294135746123,0.03895847386700512,0.810294 ± 0.038958,0.8226305263513787,0.8415908945495931,0.7666609863373969
metric_contract_v1.2,c38b09694be88aa74de0741b39e9d3ba0d6ff61a,35a1a66f78dfd6255c4d804586ee6863969be78d21acec5cd0ccf00476ddaa5c,f80984d28ef9a7550633fb3aea514f783f3db1fa655a6d3f49850b10857e6afc,61d7d1f20bc593cc2d106f24f0343084f56f811c8ebc63c856eaced34c50b65f,last,ood_metric/aupr_in_openood_auc,OOD-2,primary,up,,id_test_vs_mnist,detector_declared,ood_score/msp,mnist,far,,,,80000,C1,adamw,0.003,0.1,0.761282270401277,0.0276389293973004,0.761282 ± 0.027639,0.7648907138015844,0.7869397451235779,0.7320163522786692
metric_contract_v1.2,c38b09694be88aa74de0741b39e9d3ba0d6ff61a,35a1a66f78dfd6255c4d804586ee6863969be78d21acec5cd0ccf00476ddaa5c,f80984d28ef9a7550633fb3aea514f783f3db1fa655a6d3f49850b10857e6afc,61d7d1f20bc593cc2d106f24f0343084f56f811c8ebc63c856eaced34c50b65f,last,ood_metric/aupr_out_openood_auc,OOD-3,primary,up,id_train,id_test_vs_mnist,detector_declared,detector/ctm_prototype_cosine,mnist,far,,,,80000,C1,adamw,0.003,0.1,0.9841637232211808,0.0018440688555595424,0.984164 ± 0.001844,0.9835674369085983,0.9826915777232932,0.9862321550316511
metric_contract_v1.2,c38b09694be88aa74de0741b39e9d3ba0d6ff61a,35a1a66f78dfd6255c4d804586ee6863969be78d21acec5cd0ccf00476ddaa5c,f80984d28ef9a7550633fb3aea514f783f3db1fa655a6d3f49850b10857e6afc,61d7d1f20bc593cc2d106f24f0343084f56f811c8ebc63c856eaced34c50b65f,last,ood_metric/aupr_out_openood_auc,OOD-3,primary,up,id_train,id_test_vs_mnist,detector_declared,detector/gda_class_density,mnist,far,,,,80000,C1,adamw,0.003,0.1,0.9389842769277488,0.035645309855243126,0.938984 ± 0.035645,0.8987939721594802,0.9513890023632953,0.9667698562604706
metric_contract_v1.2,c38b09694be88aa74de0741b39e9d3ba0d6ff61a,35a1a66f78dfd6255c4d804586ee6863969be78d21acec5cd0ccf00476ddaa5c,f80984d28ef9a7550633fb3aea514f783f3db1fa655a6d3f49850b10857e6afc,61d7d1f20bc593cc2d106f24f0343084f56f811c8ebc63c856eaced34c50b65f,last,ood_metric/aupr_out_openood_auc,OOD-3,primary,up,id_train,id_test_vs_mnist,detector_declared,detector/knn_l2_k50,mnist,far,,,,80000,C1,adamw,0.003,0.1,0.9881229575387801,0.0008597478406692327,0.988123 ± 0.000860,0.9871900796883122,0.9882953377341398,0.9888834551938882
metric_contract_v1.2,c38b09694be88aa74de0741b39e9d3ba0d6ff61a,35a1a66f78dfd6255c4d804586ee6863969be78d21acec5cd0ccf00476ddaa5c,f80984d28ef9a7550633fb3aea514f783f3db1fa655a6d3f49850b10857e6afc,61d7d1f20bc593cc2d106f24f0343084f56f811c8ebc63c856eaced34c50b65f,last,ood_metric/aupr_out_openood_auc,OOD-3,primary,up,id_train,id_test_vs_mnist,detector_declared,detector/mahalanobis_pp,mnist,far,,,,80000,C1,adamw,0.003,0.1,0.9749579415983943,0.014957926123686287,0.974958 ± 0.014958,0.9762542929704852,0.9593940306384272,0.9892255011862708
metric_contract_v1.2,c38b09694be88aa74de0741b39e9d3ba0d6ff61a,35a1a66f78dfd6255c4d804586ee6863969be78d21acec5cd0ccf00476ddaa5c,f80984d28ef9a7550633fb3aea514f783f3db1fa655a6d3f49850b10857e6afc,61d7d1f20bc593cc2d106f24f0343084f56f811c8ebc63c856eaced34c50b65f,last,ood_metric/aupr_out_openood_auc,OOD-3,primary,up,id_train,id_test_vs_mnist,detector_declared,detector/mahalanobis_raw,mnist,far,,,,80000,C1,adamw,0.003,0.1,0.9242588630123522,0.0021662850202789417,0.924259 ± 0.002166,0.9245279367247833,0.926278041618319,0.921970610693954
metric_contract_v1.2,c38b09694be88aa74de0741b39e9d3ba0d6ff61a,35a1a66f78dfd6255c4d804586ee6863969be78d21acec5cd0ccf00476ddaa5c,f80984d28ef9a7550633fb3aea514f783f3db1fa655a6d3f49850b10857e6afc,61d7d1f20bc593cc2d106f24f0343084f56f811c8ebc63c856eaced34c50b65f,last,ood_metric/aupr_out_openood_auc,OOD-3,primary,up,id_train,id_test_vs_mnist,detector_declared,detector/marginal_mahalanobis_raw,mnist,far,,,,80000,C1,adamw,0.003,0.1,0.8912703834242621,0.002584447825257255,0.891270 ± 0.002584,0.8935013323295167,0.8884383657015468,0.8918714522417228
metric_contract_v1.2,c38b09694be88aa74de0741b39e9d3ba0d6ff61a,35a1a66f78dfd6255c4d804586ee6863969be78d21acec5cd0ccf00476ddaa5c,f80984d28ef9a7550633fb3aea514f783f3db1fa655a6d3f49850b10857e6afc,61d7d1f20bc593cc2d106f24f0343084f56f811c8ebc63c856eaced34c50b65f,last,ood_metric/aupr_out_openood_auc,OOD-3,primary,up,id_train,id_test_vs_mnist,detector_declared,detector/ncp_euclidean_raw,mnist,far,,,,80000,C1,adamw,0.003,0.1,0.9587131305465596,0.00221785808727876,0.958713 ± 0.002218,0.9563989206126733,0.958920383534648,0.9608200874923575
metric_contract_v1.2,c38b09694be88aa74de0741b39e9d3ba0d6ff61a,35a1a66f78dfd6255c4d804586ee6863969be78d21acec5cd0ccf00476ddaa5c,f80984d28ef9a7550633fb3aea514f783f3db1fa655a6d3f49850b10857e6afc,61d7d1f20bc593cc2d106f24f0343084f56f811c8ebc63c856eaced34c50b65f,last,ood_metric/aupr_out_openood_auc,OOD-3,primary,up,id_train,id_test_vs_mnist,detector_declared,detector/neco_author_std_dim100,mnist,far,,,,80000,C1,adamw,0.003,0.1,0.9788295558751599,0.0071679768650418415,0.978830 ± 0.007168,0.9816321501699122,0.9841728114373443,0.9706837060182231
metric_contract_v1.2,c38b09694be88aa74de0741b39e9d3ba0d6ff61a,35a1a66f78dfd6255c4d804586ee6863969be78d21acec5cd0ccf00476ddaa5c,f80984d28ef9a7550633fb3aea514f783f3db1fa655a6d3f49850b10857e6afc,61d7d1f20bc593cc2d106f24f0343084f56f811c8ebc63c856eaced34c50b65f,last,ood_metric/aupr_out_openood_auc,OOD-3,primary,up,id_train,id_test_vs_mnist,detector_declared,detector/relative_mahalanobis_pp,mnist,far,,,,80000,C1,adamw,0.003,0.1,0.9818022271818679,0.0018576054574728049,0.981802 ± 0.001858,0.9805734629302841,0.9839392063804782,0.9808940122348414
metric_contract_v1.2,c38b09694be88aa74de0741b39e9d3ba0d6ff61a,35a1a66f78dfd6255c4d804586ee6863969be78d21acec5cd0ccf00476ddaa5c,f80984d28ef9a7550633fb3aea514f783f3db1fa655a6d3f49850b10857e6afc,61d7d1f20bc593cc2d106f24f0343084f56f811c8ebc63c856eaced34c50b65f,last,ood_metric/aupr_out_openood_auc,OOD-3,primary,up,id_train,id_test_vs_mnist,detector_declared,detector/relative_mahalanobis_raw,mnist,far,,,,80000,C1,adamw,0.003,0.1,0.9839279671858169,0.001656017920841004,0.983928 ± 0.001656,0.9827718217166115,0.9858250892351434,0.9831869906056958
metric_contract_v1.2,c38b09694be88aa74de0741b39e9d3ba0d6ff61a,35a1a66f78dfd6255c4d804586ee6863969be78d21acec5cd0ccf00476ddaa5c,f80984d28ef9a7550633fb3aea514f783f3db1fa655a6d3f49850b10857e6afc,61d7d1f20bc593cc2d106f24f0343084f56f811c8ebc63c856eaced34c50b65f,last,ood_metric/aupr_out_openood_auc,OOD-3,primary,up,id_train,id_test_vs_mnist,detector_declared,detector/vim_author_dim,mnist,far,,,,80000,C1,adamw,0.003,0.1,0.9844089871847261,0.0028862636360657296,0.984409 ± 0.002886,0.9833772830691779,0.9876693260324751,0.9821803524525257
metric_contract_v1.2,c38b09694be88aa74de0741b39e9d3ba0d6ff61a,35a1a66f78dfd6255c4d804586ee6863969be78d21acec5cd0ccf00476ddaa5c,f80984d28ef9a7550633fb3aea514f783f3db1fa655a6d3f49850b10857e6afc,61d7d1f20bc593cc2d106f24f0343084f56f811c8ebc63c856eaced34c50b65f,last,ood_metric/aupr_out_openood_auc,OOD-3,primary,up,id_train,id_test_vs_mnist,detector_declared,detector/vim_dim128,mnist,far,,,,80000,C1,adamw,0.003,0.1,0.9849100352386188,0.00392121104638107,0.984910 ± 0.003921,0.9839455308088026,0.9892235006391782,0.9815610742678752
metric_contract_v1.2,c38b09694be88aa74de0741b39e9d3ba0d6ff61a,35a1a66f78dfd6255c4d804586ee6863969be78d21acec5cd0ccf00476ddaa5c,f80984d28ef9a7550633fb3aea514f783f3db1fa655a6d3f49850b10857e6afc,61d7d1f20bc593cc2d106f24f0343084f56f811c8ebc63c856eaced34c50b65f,last,ood_metric/aupr_out_openood_auc,OOD-3,primary,up,id_train,id_test_vs_mnist,detector_declared,detector/vim_dim256,mnist,far,,,,80000,C1,adamw,0.003,0.1,0.9843697884264557,0.0035418256547318514,0.984370 ± 0.003542,0.9829390388654552,0.9884031815521117,0.9817671448618005
metric_contract_v1.2,c38b09694be88aa74de0741b39e9d3ba0d6ff61a,35a1a66f78dfd6255c4d804586ee6863969be78d21acec5cd0ccf00476ddaa5c,f80984d28ef9a7550633fb3aea514f783f3db1fa655a6d3f49850b10857e6afc,61d7d1f20bc593cc2d106f24f0343084f56f811c8ebc63c856eaced34c50b65f,last,ood_metric/aupr_out_openood_auc,OOD-3,primary,up,id_train,id_test_vs_mnist,detector_declared,detector/vim_dim320,mnist,far,,,,80000,C1,adamw,0.003,0.1,0.9844089871847261,0.0028862636360657296,0.984409 ± 0.002886,0.9833772830691779,0.9876693260324751,0.9821803524525257
metric_contract_v1.2,c38b09694be88aa74de0741b39e9d3ba0d6ff61a,35a1a66f78dfd6255c4d804586ee6863969be78d21acec5cd0ccf00476ddaa5c,f80984d28ef9a7550633fb3aea514f783f3db1fa655a6d3f49850b10857e6afc,61d7d1f20bc593cc2d106f24f0343084f56f811c8ebc63c856eaced34c50b65f,last,ood_metric/aupr_out_openood_auc,OOD-3,primary,up,id_train,id_test_vs_mnist,detector_declared,detector/vim_dim64,mnist,far,,,,80000,C1,adamw,0.003,0.1,0.9859022253012882,0.006118410445476731,0.985902 ± 0.006118,0.9882117049905704,0.9905297578519009,0.9789652130613934
metric_contract_v1.2,c38b09694be88aa74de0741b39e9d3ba0d6ff61a,35a1a66f78dfd6255c4d804586ee6863969be78d21acec5cd0ccf00476ddaa5c,f80984d28ef9a7550633fb3aea514f783f3db1fa655a6d3f49850b10857e6afc,61d7d1f20bc593cc2d106f24f0343084f56f811c8ebc63c856eaced34c50b65f,last,ood_metric/aupr_out_openood_auc,OOD-3,primary,up,id_train,id_test_vs_mnist,detector_declared,detector/weight_cosine_appendix,mnist,far,,,,80000,C1,adamw,0.003,0.1,0.9860396435707108,0.003255227133632467,0.986040 ± 0.003255,0.9843082622322168,0.98979466680771,0.9840160016722058
metric_contract_v1.2,c38b09694be88aa74de0741b39e9d3ba0d6ff61a,35a1a66f78dfd6255c4d804586ee6863969be78d21acec5cd0ccf00476ddaa5c,f80984d28ef9a7550633fb3aea514f783f3db1fa655a6d3f49850b10857e6afc,61d7d1f20bc593cc2d106f24f0343084f56f811c8ebc63c856eaced34c50b65f,last,ood_metric/aupr_out_openood_auc,OOD-3,primary,up,,id_test_vs_mnist,detector_declared,ood_score/energy_t1,mnist,far,,,,80000,C1,adamw,0.003,0.1,0.9857891928091441,0.003197834242868382,0.985789 ± 0.003198,0.9842128176915581,0.9894691661417028,0.9836855945941715
metric_contract_v1.2,c38b09694be88aa74de0741b39e9d3ba0d6ff61a,35a1a66f78dfd6255c4d804586ee6863969be78d21acec5cd0ccf00476ddaa5c,f80984d28ef9a7550633fb3aea514f783f3db1fa655a6d3f49850b10857e6afc,61d7d1f20bc593cc2d106f24f0343084f56f811c8ebc63c856eaced34c50b65f,last,ood_metric/aupr_out_openood_auc,OOD-3,primary,up,,id_test_vs_mnist,detector_declared,ood_score/max_logit,mnist,far,,,,80000,C1,adamw,0.003,0.1,0.9859388630042604,0.0030311008931088994,0.985939 ± 0.003031,0.984386987346477,0.9894316619045522,0.9839979397617516
metric_contract_v1.2,c38b09694be88aa74de0741b39e9d3ba0d6ff61a,35a1a66f78dfd6255c4d804586ee6863969be78d21acec5cd0ccf00476ddaa5c,f80984d28ef9a7550633fb3aea514f783f3db1fa655a6d3f49850b10857e6afc,61d7d1f20bc593cc2d106f24f0343084f56f811c8ebc63c856eaced34c50b65f,last,ood_metric/aupr_out_openood_auc,OOD-3,primary,up,,id_test_vs_mnist,detector_declared,ood_score/msp,mnist,far,,,,80000,C1,adamw,0.003,0.1,0.9819493335425612,0.0017346651780153646,0.981949 ± 0.001735,0.9799543636361694,0.9831021715911961,0.982791465400318
metric_contract_v1.2,c38b09694be88aa74de0741b39e9d3ba0d6ff61a,35a1a66f78dfd6255c4d804586ee6863969be78d21acec5cd0ccf00476ddaa5c,f80984d28ef9a7550633fb3aea514f783f3db1fa655a6d3f49850b10857e6afc,61d7d1f20bc593cc2d106f24f0343084f56f811c8ebc63c856eaced34c50b65f,last,ood_metric/auroc_id_positive,OOD-1,primary,up,id_train,id_test_vs_mnist,detector_declared,detector/ctm_prototype_cosine,mnist,far,,,,80000,C1,adamw,0.003,0.1,0.9217783385714285,0.011492226668915346,0.921778 ± 0.011492,0.9184977542857143,0.9122831199999999,0.9345541414285714
metric_contract_v1.2,c38b09694be88aa74de0741b39e9d3ba0d6ff61a,35a1a66f78dfd6255c4d804586ee6863969be78d21acec5cd0ccf00476ddaa5c,f80984d28ef9a7550633fb3aea514f783f3db1fa655a6d3f49850b10857e6afc,61d7d1f20bc593cc2d106f24f0343084f56f811c8ebc63c856eaced34c50b65f,last,ood_metric/auroc_id_positive,OOD-1,primary,up,id_train,id_test_vs_mnist,detector_declared,detector/gda_class_density,mnist,far,,,,80000,C1,adamw,0.003,0.1,0.7792707538095239,0.11401807544057475,0.779271 ± 0.114018,0.65228099,0.8126770757142857,0.8728541957142858
metric_contract_v1.2,c38b09694be88aa74de0741b39e9d3ba0d6ff61a,35a1a66f78dfd6255c4d804586ee6863969be78d21acec5cd0ccf00476ddaa5c,f80984d28ef9a7550633fb3aea514f783f3db1fa655a6d3f49850b10857e6afc,61d7d1f20bc593cc2d106f24f0343084f56f811c8ebc63c856eaced34c50b65f,last,ood_metric/auroc_id_positive,OOD-1,primary,up,id_train,id_test_vs_mnist,detector_declared,detector/knn_l2_k50,mnist,far,,,,80000,C1,adamw,0.003,0.1,0.9409591371428571,0.0034073200075208595,0.940959 ± 0.003407,0.9379470699999998,0.9402730442857141,0.9446572971428572
metric_contract_v1.2,c38b09694be88aa74de0741b39e9d3ba0d6ff61a,35a1a66f78dfd6255c4d804586ee6863969be78d21acec5cd0ccf00476ddaa5c,f80984d28ef9a7550633fb3aea514f783f3db1fa655a6d3f49850b10857e6afc,61d7d1f20bc593cc2d106f24f0343084f56f811c8ebc63c856eaced34c50b65f,last,ood_metric/auroc_id_positive,OOD-1,primary,up,id_train,id_test_vs_mnist,detector_declared,detector/mahalanobis_pp,mnist,far,,,,80000,C1,adamw,0.003,0.1,0.9002301028571429,0.05633775663102371,0.900230 ± 0.056338,0.9032436057142857,0.8424460742857143,0.9550006285714285
metric_contract_v1.2,c38b09694be88aa74de0741b39e9d3ba0d6ff61a,35a1a66f78dfd6255c4d804586ee6863969be78d21acec5cd0ccf00476ddaa5c,f80984d28ef9a7550633fb3aea514f783f3db1fa655a6d3f49850b10857e6afc,61d7d1f20bc593cc2d106f24f0343084f56f811c8ebc63c856eaced34c50b65f,last,ood_metric/auroc_id_positive,OOD-1,primary,up,id_train,id_test_vs_mnist,detector_declared,detector/mahalanobis_raw,mnist,far,,,,80000,C1,adamw,0.003,0.1,0.7311216757142857,0.011991034541193712,0.731122 ± 0.011991,0.7266973657142857,0.7446962257142857,0.7219714357142857
metric_contract_v1.2,c38b09694be88aa74de0741b39e9d3ba0d6ff61a,35a1a66f78dfd6255c4d804586ee6863969be78d21acec5cd0ccf00476ddaa5c,f80984d28ef9a7550633fb3aea514f783f3db1fa655a6d3f49850b10857e6afc,61d7d1f20bc593cc2d106f24f0343084f56f811c8ebc63c856eaced34c50b65f,last,ood_metric/auroc_id_positive,OOD-1,primary,up,id_train,id_test_vs_mnist,detector_declared,detector/marginal_mahalanobis_raw,mnist,far,,,,80000,C1,adamw,0.003,0.1,0.6076237271428572,0.012181018450909015,0.607624 ± 0.012181,0.6150184385714286,0.6142881228571428,0.59356462
metric_contract_v1.2,c38b09694be88aa74de0741b39e9d3ba0d6ff61a,35a1a66f78dfd6255c4d804586ee6863969be78d21acec5cd0ccf00476ddaa5c,f80984d28ef9a7550633fb3aea514f783f3db1fa655a6d3f49850b10857e6afc,61d7d1f20bc593cc2d106f24f0343084f56f811c8ebc63c856eaced34c50b65f,last,ood_metric/auroc_id_positive,OOD-1,primary,up,id_train,id_test_vs_mnist,detector_declared,detector/ncp_euclidean_raw,mnist,far,,,,80000,C1,adamw,0.003,0.1,0.8534191061904761,0.020485191945656015,0.853419 ± 0.020485,0.8330716185714285,0.8531464200000001,0.8740392799999999
metric_contract_v1.2,c38b09694be88aa74de0741b39e9d3ba0d6ff61a,35a1a66f78dfd6255c4d804586ee6863969be78d21acec5cd0ccf00476ddaa5c,f80984d28ef9a7550633fb3aea514f783f3db1fa655a6d3f49850b10857e6afc,61d7d1f20bc593cc2d106f24f0343084f56f811c8ebc63c856eaced34c50b65f,last,ood_metric/auroc_id_positive,OOD-1,primary,up,id_train,id_test_vs_mnist,detector_declared,detector/neco_author_std_dim100,mnist,far,,,,80000,C1,adamw,0.003,0.1,0.8887065976190476,0.04078759922177124,0.888707 ± 0.040788,0.9111606285714284,0.9133333214285715,0.8416258428571428
metric_contract_v1.2,c38b09694be88aa74de0741b39e9d3ba0d6ff61a,35a1a66f78dfd6255c4d804586ee6863969be78d21acec5cd0ccf00476ddaa5c,f80984d28ef9a7550633fb3aea514f783f3db1fa655a6d3f49850b10857e6afc,61d7d1f20bc593cc2d106f24f0343084f56f811c8ebc63c856eaced34c50b65f,last,ood_metric/auroc_id_positive,OOD-1,primary,up,id_train,id_test_vs_mnist,detector_declared,detector/relative_mahalanobis_pp,mnist,far,,,,80000,C1,adamw,0.003,0.1,0.9143777209523809,0.008852843072460002,0.914378 ± 0.008853,0.9099092799999999,0.9245742028571429,0.90864968
metric_contract_v1.2,c38b09694be88aa74de0741b39e9d3ba0d6ff61a,35a1a66f78dfd6255c4d804586ee6863969be78d21acec5cd0ccf00476ddaa5c,f80984d28ef9a7550633fb3aea514f783f3db1fa655a6d3f49850b10857e6afc,61d7d1f20bc593cc2d106f24f0343084f56f811c8ebc63c856eaced34c50b65f,last,ood_metric/auroc_id_positive,OOD-1,primary,up,id_train,id_test_vs_mnist,detector_declared,detector/relative_mahalanobis_raw,mnist,far,,,,80000,C1,adamw,0.003,0.1,0.9256148785714285,0.0060236460437768855,0.925615 ± 0.006024,0.9234956085714285,0.9324117457142858,0.9209372814285713
metric_contract_v1.2,c38b09694be88aa74de0741b39e9d3ba0d6ff61a,35a1a66f78dfd6255c4d804586ee6863969be78d21acec5cd0ccf00476ddaa5c,f80984d28ef9a7550633fb3aea514f783f3db1fa655a6d3f49850b10857e6afc,61d7d1f20bc593cc2d106f24f0343084f56f811c8ebc63c856eaced34c50b65f,last,ood_metric/auroc_id_positive,OOD-1,primary,up,id_train,id_test_vs_mnist,detector_declared,detector/vim_author_dim,mnist,far,,,,80000,C1,adamw,0.003,0.1,0.9343302290476191,0.008376673892907515,0.934330 ± 0.008377,0.9273574499999999,0.9436221271428572,0.9320111099999999
metric_contract_v1.2,c38b09694be88aa74de0741b39e9d3ba0d6ff61a,35a1a66f78dfd6255c4d804586ee6863969be78d21acec5cd0ccf00476ddaa5c,f80984d28ef9a7550633fb3aea514f783f3db1fa655a6d3f49850b10857e6afc,61d7d1f20bc593cc2d106f24f0343084f56f811c8ebc63c856eaced34c50b65f,last,ood_metric/auroc_id_positive,OOD-1,primary,up,id_train,id_test_vs_mnist,detector_declared,detector/vim_dim128,mnist,far,,,,80000,C1,adamw,0.003,0.1,0.9355680128571429,0.012964367457567847,0.935568 ± 0.012964,0.9285345499999998,0.9505290714285715,0.9276404171428572
metric_contract_v1.2,c38b09694be88aa74de0741b39e9d3ba0d6ff61a,35a1a66f78dfd6255c4d804586ee6863969be78d21acec5cd0ccf00476ddaa5c,f80984d28ef9a7550633fb3aea514f783f3db1fa655a6d3f49850b10857e6afc,61d7d1f20bc593cc2d106f24f0343084f56f811c8ebc63c856eaced34c50b65f,last,ood_metric/auroc_id_positive,OOD-1,primary,up,id_train,id_test_vs_mnist,detector_declared,detector/vim_dim256,mnist,far,,,,80000,C1,adamw,0.003,0.1,0.9336362138095238,0.011315489018127968,0.933636 ± 0.011315,0.9243961399999998,0.94625663,0.9302558714285714
metric_contract_v1.2,c38b09694be88aa74de0741b39e9d3ba0d6ff61a,35a1a66f78dfd6255c4d804586ee6863969be78d21acec5cd0ccf00476ddaa5c,f80984d28ef9a7550633fb3aea514f783f3db1fa655a6d3f49850b10857e6afc,61d7d1f20bc593cc2d106f24f0343084f56f811c8ebc63c856eaced34c50b65f,last,ood_metric/auroc_id_positive,OOD-1,primary,up,id_train,id_test_vs_mnist,detector_declared,detector/vim_dim320,mnist,far,,,,80000,C1,adamw,0.003,0.1,0.9343302290476191,0.008376673892907515,0.934330 ± 0.008377,0.9273574499999999,0.9436221271428572,0.9320111099999999
metric_contract_v1.2,c38b09694be88aa74de0741b39e9d3ba0d6ff61a,35a1a66f78dfd6255c4d804586ee6863969be78d21acec5cd0ccf00476ddaa5c,f80984d28ef9a7550633fb3aea514f783f3db1fa655a6d3f49850b10857e6afc,61d7d1f20bc593cc2d106f24f0343084f56f811c8ebc63c856eaced34c50b65f,last,ood_metric/auroc_id_positive,OOD-1,primary,up,id_train,id_test_vs_mnist,detector_declared,detector/vim_dim64,mnist,far,,,,80000,C1,adamw,0.003,0.1,0.9376688109523811,0.019881128423712105,0.937669 ± 0.019881,0.9448738985714287,0.9529428214285715,0.9151897128571429
metric_contract_v1.2,c38b09694be88aa74de0741b39e9d3ba0d6ff61a,35a1a66f78dfd6255c4d804586ee6863969be78d21acec5cd0ccf00476ddaa5c,f80984d28ef9a7550633fb3aea514f783f3db1fa655a6d3f49850b10857e6afc,61d7d1f20bc593cc2d106f24f0343084f56f811c8ebc63c856eaced34c50b65f,last,ood_metric/auroc_id_positive,OOD-1,primary,up,id_train,id_test_vs_mnist,detector_declared,detector/weight_cosine_appendix,mnist,far,,,,80000,C1,adamw,0.003,0.1,0.9332556438095239,0.014821617438413622,0.933256 ± 0.014822,0.9272295214285714,0.95014115,0.92239626
metric_contract_v1.2,c38b09694be88aa74de0741b39e9d3ba0d6ff61a,35a1a66f78dfd6255c4d804586ee6863969be78d21acec5cd0ccf00476ddaa5c,f80984d28ef9a7550633fb3aea514f783f3db1fa655a6d3f49850b10857e6afc,61d7d1f20bc593cc2d106f24f0343084f56f811c8ebc63c856eaced34c50b65f,last,ood_metric/auroc_id_positive,OOD-1,primary,up,,id_test_vs_mnist,detector_declared,ood_score/energy_t1,mnist,far,,,,80000,C1,adamw,0.003,0.1,0.9367643047619048,0.012099282738482302,0.936764 ± 0.012099,0.9323072899999999,0.9504598914285715,0.9275257328571429
metric_contract_v1.2,c38b09694be88aa74de0741b39e9d3ba0d6ff61a,35a1a66f78dfd6255c4d804586ee6863969be78d21acec5cd0ccf00476ddaa5c,f80984d28ef9a7550633fb3aea514f783f3db1fa655a6d3f49850b10857e6afc,61d7d1f20bc593cc2d106f24f0343084f56f811c8ebc63c856eaced34c50b65f,last,ood_metric/auroc_id_positive,OOD-1,primary,up,,id_test_vs_mnist,detector_declared,ood_score/max_logit,mnist,far,,,,80000,C1,adamw,0.003,0.1,0.9366736264285714,0.011912430514513989,0.936674 ± 0.011912,0.9321114242857144,0.950192865,0.92771659
metric_contract_v1.2,c38b09694be88aa74de0741b39e9d3ba0d6ff61a,35a1a66f78dfd6255c4d804586ee6863969be78d21acec5cd0ccf00476ddaa5c,f80984d28ef9a7550633fb3aea514f783f3db1fa655a6d3f49850b10857e6afc,61d7d1f20bc593cc2d106f24f0343084f56f811c8ebc63c856eaced34c50b65f,last,ood_metric/auroc_id_positive,OOD-1,primary,up,,id_test_vs_mnist,detector_declared,ood_score/msp,mnist,far,,,,80000,C1,adamw,0.003,0.1,0.9166954242857143,0.007248528881004875,0.916695 ± 0.007249,0.9093745542857141,0.9238693785714285,0.9168423400000001
metric_contract_v1.2,c38b09694be88aa74de0741b39e9d3ba0d6ff61a,35a1a66f78dfd6255c4d804586ee6863969be78d21acec5cd0ccf00476ddaa5c,f80984d28ef9a7550633fb3aea514f783f3db1fa655a6d3f49850b10857e6afc,61d7d1f20bc593cc2d106f24f0343084f56f811c8ebc63c856eaced34c50b65f,last,ood_metric/fpr95_achieved_id_tpr,OOD-4,appendix,descriptive,id_train,id_test_vs_mnist,detector_declared,detector/ctm_prototype_cosine,mnist,far,,,,80000,C1,adamw,0.003,0.1,0.9499999999999998,1.3597399555105182e-16,0.950000 ± 0.000000,0.95,0.95,0.95
metric_contract_v1.2,c38b09694be88aa74de0741b39e9d3ba0d6ff61a,35a1a66f78dfd6255c4d804586ee6863969be78d21acec5cd0ccf00476ddaa5c,f80984d28ef9a7550633fb3aea514f783f3db1fa655a6d3f49850b10857e6afc,61d7d1f20bc593cc2d106f24f0343084f56f811c8ebc63c856eaced34c50b65f,last,ood_metric/fpr95_achieved_id_tpr,OOD-4,appendix,descriptive,id_train,id_test_vs_mnist,detector_declared,detector/gda_class_density,mnist,far,,,,80000,C1,adamw,0.003,0.1,0.9499999999999998,1.3597399555105182e-16,0.950000 ± 0.000000,0.95,0.95,0.95
metric_contract_v1.2,c38b09694be88aa74de0741b39e9d3ba0d6ff61a,35a1a66f78dfd6255c4d804586ee6863969be78d21acec5cd0ccf00476ddaa5c,f80984d28ef9a7550633fb3aea514f783f3db1fa655a6d3f49850b10857e6afc,61d7d1f20bc593cc2d106f24f0343084f56f811c8ebc63c856eaced34c50b65f,last,ood_metric/fpr95_achieved_id_tpr,OOD-4,appendix,descriptive,id_train,id_test_vs_mnist,detector_declared,detector/knn_l2_k50,mnist,far,,,,80000,C1,adamw,0.003,0.1,0.9499999999999998,1.3597399555105182e-16,0.950000 ± 0.000000,0.95,0.95,0.95
metric_contract_v1.2,c38b09694be88aa74de0741b39e9d3ba0d6ff61a,35a1a66f78dfd6255c4d804586ee6863969be78d21acec5cd0ccf00476ddaa5c,f80984d28ef9a7550633fb3aea514f783f3db1fa655a6d3f49850b10857e6afc,61d7d1f20bc593cc2d106f24f0343084f56f811c8ebc63c856eaced34c50b65f,last,ood_metric/fpr95_achieved_id_tpr,OOD-4,appendix,descriptive,id_train,id_test_vs_mnist,detector_declared,detector/mahalanobis_pp,mnist,far,,,,80000,C1,adamw,0.003,0.1,0.9499999999999998,1.3597399555105182e-16,0.950000 ± 0.000000,0.95,0.95,0.95
metric_contract_v1.2,c38b09694be88aa74de0741b39e9d3ba0d6ff61a,35a1a66f78dfd6255c4d804586ee6863969be78d21acec5cd0ccf00476ddaa5c,f80984d28ef9a7550633fb3aea514f783f3db1fa655a6d3f49850b10857e6afc,61d7d1f20bc593cc2d106f24f0343084f56f811c8ebc63c856eaced34c50b65f,last,ood_metric/fpr95_achieved_id_tpr,OOD-4,appendix,descriptive,id_train,id_test_vs_mnist,detector_declared,detector/mahalanobis_raw,mnist,far,,,,80000,C1,adamw,0.003,0.1,0.9499999999999998,1.3597399555105182e-16,0.950000 ± 0.000000,0.95,0.95,0.95
metric_contract_v1.2,c38b09694be88aa74de0741b39e9d3ba0d6ff61a,35a1a66f78dfd6255c4d804586ee6863969be78d21acec5cd0ccf00476ddaa5c,f80984d28ef9a7550633fb3aea514f783f3db1fa655a6d3f49850b10857e6afc,61d7d1f20bc593cc2d106f24f0343084f56f811c8ebc63c856eaced34c50b65f,last,ood_metric/fpr95_achieved_id_tpr,OOD-4,appendix,descriptive,id_train,id_test_vs_mnist,detector_declared,detector/marginal_mahalanobis_raw,mnist,far,,,,80000,C1,adamw,0.003,0.1,0.9499999999999998,1.3597399555105182e-16,0.950000 ± 0.000000,0.95,0.95,0.95
metric_contract_v1.2,c38b09694be88aa74de0741b39e9d3ba0d6ff61a,35a1a66f78dfd6255c4d804586ee6863969be78d21acec5cd0ccf00476ddaa5c,f80984d28ef9a7550633fb3aea514f783f3db1fa655a6d3f49850b10857e6afc,61d7d1f20bc593cc2d106f24f0343084f56f811c8ebc63c856eaced34c50b65f,last,ood_metric/fpr95_achieved_id_tpr,OOD-4,appendix,descriptive,id_train,id_test_vs_mnist,detector_declared,detector/ncp_euclidean_raw,mnist,far,,,,80000,C1,adamw,0.003,0.1,0.9499999999999998,1.3597399555105182e-16,0.950000 ± 0.000000,0.95,0.95,0.95
metric_contract_v1.2,c38b09694be88aa74de0741b39e9d3ba0d6ff61a,35a1a66f78dfd6255c4d804586ee6863969be78d21acec5cd0ccf00476ddaa5c,f80984d28ef9a7550633fb3aea514f783f3db1fa655a6d3f49850b10857e6afc,61d7d1f20bc593cc2d106f24f0343084f56f811c8ebc63c856eaced34c50b65f,last,ood_metric/fpr95_achieved_id_tpr,OOD-4,appendix,descriptive,id_train,id_test_vs_mnist,detector_declared,detector/neco_author_std_dim100,mnist,far,,,,80000,C1,adamw,0.003,0.1,0.9499999999999998,1.3597399555105182e-16,0.950000 ± 0.000000,0.95,0.95,0.95
metric_contract_v1.2,c38b09694be88aa74de0741b39e9d3ba0d6ff61a,35a1a66f78dfd6255c4d804586ee6863969be78d21acec5cd0ccf00476ddaa5c,f80984d28ef9a7550633fb3aea514f783f3db1fa655a6d3f49850b10857e6afc,61d7d1f20bc593cc2d106f24f0343084f56f811c8ebc63c856eaced34c50b65f,last,ood_metric/fpr95_achieved_id_tpr,OOD-4,appendix,descriptive,id_train,id_test_vs_mnist,detector_declared,detector/relative_mahalanobis_pp,mnist,far,,,,80000,C1,adamw,0.003,0.1,0.9499999999999998,1.3597399555105182e-16,0.950000 ± 0.000000,0.95,0.95,0.95
metric_contract_v1.2,c38b09694be88aa74de0741b39e9d3ba0d6ff61a,35a1a66f78dfd6255c4d804586ee6863969be78d21acec5cd0ccf00476ddaa5c,f80984d28ef9a7550633fb3aea514f783f3db1fa655a6d3f49850b10857e6afc,61d7d1f20bc593cc2d106f24f0343084f56f811c8ebc63c856eaced34c50b65f,last,ood_metric/fpr95_achieved_id_tpr,OOD-4,appendix,descriptive,id_train,id_test_vs_mnist,detector_declared,detector/relative_mahalanobis_raw,mnist,far,,,,80000,C1,adamw,0.003,0.1,0.9499999999999998,1.3597399555105182e-16,0.950000 ± 0.000000,0.95,0.95,0.95
metric_contract_v1.2,c38b09694be88aa74de0741b39e9d3ba0d6ff61a,35a1a66f78dfd6255c4d804586ee6863969be78d21acec5cd0ccf00476ddaa5c,f80984d28ef9a7550633fb3aea514f783f3db1fa655a6d3f49850b10857e6afc,61d7d1f20bc593cc2d106f24f0343084f56f811c8ebc63c856eaced34c50b65f,last,ood_metric/fpr95_achieved_id_tpr,OOD-4,appendix,descriptive,id_train,id_test_vs_mnist,detector_declared,detector/vim_author_dim,mnist,far,,,,80000,C1,adamw,0.003,0.1,0.9499999999999998,1.3597399555105182e-16,0.950000 ± 0.000000,0.95,0.95,0.95
metric_contract_v1.2,c38b09694be88aa74de0741b39e9d3ba0d6ff61a,35a1a66f78dfd6255c4d804586ee6863969be78d21acec5cd0ccf00476ddaa5c,f80984d28ef9a7550633fb3aea514f783f3db1fa655a6d3f49850b10857e6afc,61d7d1f20bc593cc2d106f24f0343084f56f811c8ebc63c856eaced34c50b65f,last,ood_metric/fpr95_achieved_id_tpr,OOD-4,appendix,descriptive,id_train,id_test_vs_mnist,detector_declared,detector/vim_dim128,mnist,far,,,,80000,C1,adamw,0.003,0.1,0.9499999999999998,1.3597399555105182e-16,0.950000 ± 0.000000,0.95,0.95,0.95
metric_contract_v1.2,c38b09694be88aa74de0741b39e9d3ba0d6ff61a,35a1a66f78dfd6255c4d804586ee6863969be78d21acec5cd0ccf00476ddaa5c,f80984d28ef9a7550633fb3aea514f783f3db1fa655a6d3f49850b10857e6afc,61d7d1f20bc593cc2d106f24f0343084f56f811c8ebc63c856eaced34c50b65f,last,ood_metric/fpr95_achieved_id_tpr,OOD-4,appendix,descriptive,id_train,id_test_vs_mnist,detector_declared,detector/vim_dim256,mnist,far,,,,80000,C1,adamw,0.003,0.1,0.9499999999999998,1.3597399555105182e-16,0.950000 ± 0.000000,0.95,0.95,0.95
metric_contract_v1.2,c38b09694be88aa74de0741b39e9d3ba0d6ff61a,35a1a66f78dfd6255c4d804586ee6863969be78d21acec5cd0ccf00476ddaa5c,f80984d28ef9a7550633fb3aea514f783f3db1fa655a6d3f49850b10857e6afc,61d7d1f20bc593cc2d106f24f0343084f56f811c8ebc63c856eaced34c50b65f,last,ood_metric/fpr95_achieved_id_tpr,OOD-4,appendix,descriptive,id_train,id_test_vs_mnist,detector_declared,detector/vim_dim320,mnist,far,,,,80000,C1,adamw,0.003,0.1,0.9499999999999998,1.3597399555105182e-16,0.950000 ± 0.000000,0.95,0.95,0.95
metric_contract_v1.2,c38b09694be88aa74de0741b39e9d3ba0d6ff61a,35a1a66f78dfd6255c4d804586ee6863969be78d21acec5cd0ccf00476ddaa5c,f80984d28ef9a7550633fb3aea514f783f3db1fa655a6d3f49850b10857e6afc,61d7d1f20bc593cc2d106f24f0343084f56f811c8ebc63c856eaced34c50b65f,last,ood_metric/fpr95_achieved_id_tpr,OOD-4,appendix,descriptive,id_train,id_test_vs_mnist,detector_declared,detector/vim_dim64,mnist,far,,,,80000,C1,adamw,0.003,0.1,0.9499999999999998,1.3597399555105182e-16,0.950000 ± 0.000000,0.95,0.95,0.95
metric_contract_v1.2,c38b09694be88aa74de0741b39e9d3ba0d6ff61a,35a1a66f78dfd6255c4d804586ee6863969be78d21acec5cd0ccf00476ddaa5c,f80984d28ef9a7550633fb3aea514f783f3db1fa655a6d3f49850b10857e6afc,61d7d1f20bc593cc2d106f24f0343084f56f811c8ebc63c856eaced34c50b65f,last,ood_metric/fpr95_achieved_id_tpr,OOD-4,appendix,descriptive,id_train,id_test_vs_mnist,detector_declared,detector/weight_cosine_appendix,mnist,far,,,,80000,C1,adamw,0.003,0.1,0.9499999999999998,1.3597399555105182e-16,0.950000 ± 0.000000,0.95,0.95,0.95
metric_contract_v1.2,c38b09694be88aa74de0741b39e9d3ba0d6ff61a,35a1a66f78dfd6255c4d804586ee6863969be78d21acec5cd0ccf00476ddaa5c,f80984d28ef9a7550633fb3aea514f783f3db1fa655a6d3f49850b10857e6afc,61d7d1f20bc593cc2d106f24f0343084f56f811c8ebc63c856eaced34c50b65f,last,ood_metric/fpr95_achieved_id_tpr,OOD-4,appendix,descriptive,,id_test_vs_mnist,detector_declared,ood_score/energy_t1,mnist,far,,,,80000,C1,adamw,0.003,0.1,0.9499999999999998,1.3597399555105182e-16,0.950000 ± 0.000000,0.95,0.95,0.95
metric_contract_v1.2,c38b09694be88aa74de0741b39e9d3ba0d6ff61a,35a1a66f78dfd6255c4d804586ee6863969be78d21acec5cd0ccf00476ddaa5c,f80984d28ef9a7550633fb3aea514f783f3db1fa655a6d3f49850b10857e6afc,61d7d1f20bc593cc2d106f24f0343084f56f811c8ebc63c856eaced34c50b65f,last,ood_metric/fpr95_achieved_id_tpr,OOD-4,appendix,descriptive,,id_test_vs_mnist,detector_declared,ood_score/max_logit,mnist,far,,,,80000,C1,adamw,0.003,0.1,0.9499999999999998,1.3597399555105182e-16,0.950000 ± 0.000000,0.95,0.95,0.95
metric_contract_v1.2,c38b09694be88aa74de0741b39e9d3ba0d6ff61a,35a1a66f78dfd6255c4d804586ee6863969be78d21acec5cd0ccf00476ddaa5c,f80984d28ef9a7550633fb3aea514f783f3db1fa655a6d3f49850b10857e6afc,61d7d1f20bc593cc2d106f24f0343084f56f811c8ebc63c856eaced34c50b65f,last,ood_metric/fpr95_achieved_id_tpr,OOD-4,appendix,descriptive,,id_test_vs_mnist,detector_declared,ood_score/msp,mnist,far,,,,80000,C1,adamw,0.003,0.1,0.9499999999999998,1.3597399555105182e-16,0.950000 ± 0.000000,0.95,0.95,0.95
metric_contract_v1.2,c38b09694be88aa74de0741b39e9d3ba0d6ff61a,35a1a66f78dfd6255c4d804586ee6863969be78d21acec5cd0ccf00476ddaa5c,f80984d28ef9a7550633fb3aea514f783f3db1fa655a6d3f49850b10857e6afc,61d7d1f20bc593cc2d106f24f0343084f56f811c8ebc63c856eaced34c50b65f,last,ood_metric/fpr95_id_tpr,OOD-4,primary,down,id_train,id_test_vs_mnist,detector_declared,detector/ctm_prototype_cosine,mnist,far,,,,80000,C1,adamw,0.003,0.1,0.45144761904761904,0.03328746878678661,0.451448 ± 0.033287,0.46504285714285715,0.4757857142857143,0.4135142857142857
metric_contract_v1.2,c38b09694be88aa74de0741b39e9d3ba0d6ff61a,35a1a66f78dfd6255c4d804586ee6863969be78d21acec5cd0ccf00476ddaa5c,f80984d28ef9a7550633fb3aea514f783f3db1fa655a6d3f49850b10857e6afc,61d7d1f20bc593cc2d106f24f0343084f56f811c8ebc63c856eaced34c50b65f,last,ood_metric/fpr95_id_tpr,OOD-4,primary,down,id_train,id_test_vs_mnist,detector_declared,detector/gda_class_density,mnist,far,,,,80000,C1,adamw,0.003,0.1,0.8467095238095239,0.10991001359491943,0.846710 ± 0.109910,0.9624571428571429,0.8339142857142857,0.7437571428571429
metric_contract_v1.2,c38b09694be88aa74de0741b39e9d3ba0d6ff61a,35a1a66f78dfd6255c4d804586ee6863969be78d21acec5cd0ccf00476ddaa5c,f80984d28ef9a7550633fb3aea514f783f3db1fa655a6d3f49850b10857e6afc,61d7d1f20bc593cc2d106f24f0343084f56f811c8ebc63c856eaced34c50b65f,last,ood_metric/fpr95_id_tpr,OOD-4,primary,down,id_train,id_test_vs_mnist,detector_declared,detector/knn_l2_k50,mnist,far,,,,80000,C1,adamw,0.003,0.1,0.36275238095238094,0.024610004325988463,0.362752 ± 0.024610,0.38902857142857145,0.3589857142857143,0.3402428571428571
metric_contract_v1.2,c38b09694be88aa74de0741b39e9d3ba0d6ff61a,35a1a66f78dfd6255c4d804586ee6863969be78d21acec5cd0ccf00476ddaa5c,f80984d28ef9a7550633fb3aea514f783f3db1fa655a6d3f49850b10857e6afc,61d7d1f20bc593cc2d106f24f0343084f56f811c8ebc63c856eaced34c50b65f,last,ood_metric/fpr95_id_tpr,OOD-4,primary,down,id_train,id_test_vs_mnist,detector_declared,detector/mahalanobis_pp,mnist,far,,,,80000,C1,adamw,0.003,0.1,0.5519333333333333,0.25964937752996964,0.551933 ± 0.259649,0.5937857142857143,0.7881142857142858,0.2739
metric_contract_v1.2,c38b09694be88aa74de0741b39e9d3ba0d6ff61a,35a1a66f78dfd6255c4d804586ee6863969be78d21acec5cd0ccf00476ddaa5c,f80984d28ef9a7550633fb3aea514f783f3db1fa655a6d3f49850b10857e6afc,61d7d1f20bc593cc2d106f24f0343084f56f811c8ebc63c856eaced34c50b65f,last,ood_metric/fpr95_id_tpr,OOD-4,primary,down,id_train,id_test_vs_mnist,detector_declared,detector/mahalanobis_raw,mnist,far,,,,80000,C1,adamw,0.003,0.1,0.9316238095238095,0.005234429453214584,0.931624 ± 0.005234,0.9354428571428571,0.9337714285714286,0.9256571428571428
metric_contract_v1.2,c38b09694be88aa74de0741b39e9d3ba0d6ff61a,35a1a66f78dfd6255c4d804586ee6863969be78d21acec5cd0ccf00476ddaa5c,f80984d28ef9a7550633fb3aea514f783f3db1fa655a6d3f49850b10857e6afc,61d7d1f20bc593cc2d106f24f0343084f56f811c8ebc63c856eaced34c50b65f,last,ood_metric/fpr95_id_tpr,OOD-4,primary,down,id_train,id_test_vs_mnist,detector_declared,detector/marginal_mahalanobis_raw,mnist,far,,,,80000,C1,adamw,0.003,0.1,0.9563047619047619,0.012762399599503777,0.956305 ± 0.012762,0.9581285714285714,0.9680571428571428,0.9427285714285715
metric_contract_v1.2,c38b09694be88aa74de0741b39e9d3ba0d6ff61a,35a1a66f78dfd6255c4d804586ee6863969be78d21acec5cd0ccf00476ddaa5c,f80984d28ef9a7550633fb3aea514f783f3db1fa655a6d3f49850b10857e6afc,61d7d1f20bc593cc2d106f24f0343084f56f811c8ebc63c856eaced34c50b65f,last,ood_metric/fpr95_id_tpr,OOD-4,primary,down,id_train,id_test_vs_mnist,detector_declared,detector/ncp_euclidean_raw,mnist,far,,,,80000,C1,adamw,0.003,0.1,0.7849571428571428,0.009505218759895481,0.784957 ± 0.009505,0.7934428571428571,0.7746857142857143,0.7867428571428572
metric_contract_v1.2,c38b09694be88aa74de0741b39e9d3ba0d6ff61a,35a1a66f78dfd6255c4d804586ee6863969be78d21acec5cd0ccf00476ddaa5c,f80984d28ef9a7550633fb3aea514f783f3db1fa655a6d3f49850b10857e6afc,61d7d1f20bc593cc2d106f24f0343084f56f811c8ebc63c856eaced34c50b65f,last,ood_metric/fpr95_id_tpr,OOD-4,primary,down,id_train,id_test_vs_mnist,detector_declared,detector/neco_author_std_dim100,mnist,far,,,,80000,C1,adamw,0.003,0.1,0.4816761904761904,0.08189051218788755,0.481676 ± 0.081891,0.4887,0.3965,0.5598285714285715
metric_contract_v1.2,c38b09694be88aa74de0741b39e9d3ba0d6ff61a,35a1a66f78dfd6255c4d804586ee6863969be78d21acec5cd0ccf00476ddaa5c,f80984d28ef9a7550633fb3aea514f783f3db1fa655a6d3f49850b10857e6afc,61d7d1f20bc593cc2d106f24f0343084f56f811c8ebc63c856eaced34c50b65f,last,ood_metric/fpr95_id_tpr,OOD-4,primary,down,id_train,id_test_vs_mnist,detector_declared,detector/relative_mahalanobis_pp,mnist,far,,,,80000,C1,adamw,0.003,0.1,0.5115714285714286,0.03279891424285573,0.511571 ± 0.032799,0.5336714285714286,0.4738857142857143,0.5271571428571429
metric_contract_v1.2,c38b09694be88aa74de0741b39e9d3ba0d6ff61a,35a1a66f78dfd6255c4d804586ee6863969be78d21acec5cd0ccf00476ddaa5c,f80984d28ef9a7550633fb3aea514f783f3db1fa655a6d3f49850b10857e6afc,61d7d1f20bc593cc2d106f24f0343084f56f811c8ebc63c856eaced34c50b65f,last,ood_metric/fpr95_id_tpr,OOD-4,primary,down,id_train,id_test_vs_mnist,detector_declared,detector/relative_mahalanobis_raw,mnist,far,,,,80000,C1,adamw,0.003,0.1,0.46690000000000004,0.036787245460504776,0.466900 ± 0.036787,0.5009142857142858,0.4278571428571429,0.4719285714285714
metric_contract_v1.2,c38b09694be88aa74de0741b39e9d3ba0d6ff61a,35a1a66f78dfd6255c4d804586ee6863969be78d21acec5cd0ccf00476ddaa5c,f80984d28ef9a7550633fb3aea514f783f3db1fa655a6d3f49850b10857e6afc,61d7d1f20bc593cc2d106f24f0343084f56f811c8ebc63c856eaced34c50b65f,last,ood_metric/fpr95_id_tpr,OOD-4,primary,down,id_train,id_test_vs_mnist,detector_declared,detector/vim_author_dim,mnist,far,,,,80000,C1,adamw,0.003,0.1,0.4187047619047619,0.06030899403824246,0.418705 ± 0.060309,0.457,0.34918571428571427,0.44992857142857146
metric_contract_v1.2,c38b09694be88aa74de0741b39e9d3ba0d6ff61a,35a1a66f78dfd6255c4d804586ee6863969be78d21acec5cd0ccf00476ddaa5c,f80984d28ef9a7550633fb3aea514f783f3db1fa655a6d3f49850b10857e6afc,61d7d1f20bc593cc2d106f24f0343084f56f811c8ebc63c856eaced34c50b65f,last,ood_metric/fpr95_id_tpr,OOD-4,primary,down,id_train,id_test_vs_mnist,detector_declared,detector/vim_dim128,mnist,far,,,,80000,C1,adamw,0.003,0.1,0.4047809523809524,0.07703469842807693,0.404781 ± 0.077035,0.43588571428571427,0.31705714285714287,0.4614
metric_contract_v1.2,c38b09694be88aa74de0741b39e9d3ba0d6ff61a,35a1a66f78dfd6255c4d804586ee6863969be78d21acec5cd0ccf00476ddaa5c,f80984d28ef9a7550633fb3aea514f783f3db1fa655a6d3f49850b10857e6afc,61d7d1f20bc593cc2d106f24f0343084f56f811c8ebc63c856eaced34c50b65f,last,ood_metric/fpr95_id_tpr,OOD-4,primary,down,id_train,id_test_vs_mnist,detector_declared,detector/vim_dim256,mnist,far,,,,80000,C1,adamw,0.003,0.1,0.4198476190476191,0.06545094803468822,0.419848 ± 0.065451,0.45771428571428574,0.34427142857142856,0.4575571428571429
metric_contract_v1.2,c38b09694be88aa74de0741b39e9d3ba0d6ff61a,35a1a66f78dfd6255c4d804586ee6863969be78d21acec5cd0ccf00476ddaa5c,f80984d28ef9a7550633fb3aea514f783f3db1fa655a6d3f49850b10857e6afc,61d7d1f20bc593cc2d106f24f0343084f56f811c8ebc63c856eaced34c50b65f,last,ood_metric/fpr95_id_tpr,OOD-4,primary,down,id_train,id_test_vs_mnist,detector_declared,detector/vim_dim320,mnist,far,,,,80000,C1,adamw,0.003,0.1,0.4187047619047619,0.06030899403824246,0.418705 ± 0.060309,0.457,0.34918571428571427,0.44992857142857146
metric_contract_v1.2,c38b09694be88aa74de0741b39e9d3ba0d6ff61a,35a1a66f78dfd6255c4d804586ee6863969be78d21acec5cd0ccf00476ddaa5c,f80984d28ef9a7550633fb3aea514f783f3db1fa655a6d3f49850b10857e6afc,61d7d1f20bc593cc2d106f24f0343084f56f811c8ebc63c856eaced34c50b65f,last,ood_metric/fpr95_id_tpr,OOD-4,primary,down,id_train,id_test_vs_mnist,detector_declared,detector/vim_dim64,mnist,far,,,,80000,C1,adamw,0.003,0.1,0.3785095238095238,0.11761053796091478,0.378510 ± 0.117611,0.33727142857142856,0.2870714285714286,0.5111857142857142
metric_contract_v1.2,c38b09694be88aa74de0741b39e9d3ba0d6ff61a,35a1a66f78dfd6255c4d804586ee6863969be78d21acec5cd0ccf00476ddaa5c,f80984d28ef9a7550633fb3aea514f783f3db1fa655a6d3f49850b10857e6afc,61d7d1f20bc593cc2d106f24f0343084f56f811c8ebc63c856eaced34c50b65f,last,ood_metric/fpr95_id_tpr,OOD-4,primary,down,id_train,id_test_vs_mnist,detector_declared,detector/weight_cosine_appendix,mnist,far,,,,80000,C1,adamw,0.003,0.1,0.3904714285714285,0.07894411740889494,0.390471 ± 0.078944,0.4406,0.29947142857142856,0.43134285714285714
metric_contract_v1.2,c38b09694be88aa74de0741b39e9d3ba0d6ff61a,35a1a66f78dfd6255c4d804586ee6863969be78d21acec5cd0ccf00476ddaa5c,f80984d28ef9a7550633fb3aea514f783f3db1fa655a6d3f49850b10857e6afc,61d7d1f20bc593cc2d106f24f0343084f56f811c8ebc63c856eaced34c50b65f,last,ood_metric/fpr95_id_tpr,OOD-4,primary,down,,id_test_vs_mnist,detector_declared,ood_score/energy_t1,mnist,far,,,,80000,C1,adamw,0.003,0.1,0.3711380952380952,0.07830910147709307,0.371138 ± 0.078309,0.43015714285714285,0.2823,0.40095714285714285
metric_contract_v1.2,c38b09694be88aa74de0741b39e9d3ba0d6ff61a,35a1a66f78dfd6255c4d804586ee6863969be78d21acec5cd0ccf00476ddaa5c,f80984d28ef9a7550633fb3aea514f783f3db1fa655a6d3f49850b10857e6afc,61d7d1f20bc593cc2d106f24f0343084f56f811c8ebc63c856eaced34c50b65f,last,ood_metric/fpr95_id_tpr,OOD-4,primary,down,,id_test_vs_mnist,detector_declared,ood_score/max_logit,mnist,far,,,,80000,C1,adamw,0.003,0.1,0.37487619047619053,0.07898014776826262,0.374876 ± 0.078980,0.4358,0.28564285714285714,0.40318571428571426
metric_contract_v1.2,c38b09694be88aa74de0741b39e9d3ba0d6ff61a,35a1a66f78dfd6255c4d804586ee6863969be78d21acec5cd0ccf00476ddaa5c,f80984d28ef9a7550633fb3aea514f783f3db1fa655a6d3f49850b10857e6afc,61d7d1f20bc593cc2d106f24f0343084f56f811c8ebc63c856eaced34c50b65f,last,ood_metric/fpr95_id_tpr,OOD-4,primary,down,,id_test_vs_mnist,detector_declared,ood_score/msp,mnist,far,,,,80000,C1,adamw,0.003,0.1,0.5108952380952381,0.03805051779886713,0.510895 ± 0.038051,0.5547142857142857,0.4862,0.4917714285714286
metric_contract_v1.2,c38b09694be88aa74de0741b39e9d3ba0d6ff61a,35a1a66f78dfd6255c4d804586ee6863969be78d21acec5cd0ccf00476ddaa5c,f80984d28ef9a7550633fb3aea514f783f3db1fa655a6d3f49850b10857e6afc,61d7d1f20bc593cc2d106f24f0343084f56f811c8ebc63c856eaced34c50b65f,last,ood_metric/fpr95_threshold,OOD-4,appendix,descriptive,id_train,id_test_vs_mnist,detector_declared,detector/ctm_prototype_cosine,mnist,far,,,,80000,C1,adamw,0.003,0.1,0.8396766996022187,0.001829472844028767,0.839677 ± 0.001829,0.838054880768987,0.8416598925345294,0.8393153255031396
metric_contract_v1.2,c38b09694be88aa74de0741b39e9d3ba0d6ff61a,35a1a66f78dfd6255c4d804586ee6863969be78d21acec5cd0ccf00476ddaa5c,f80984d28ef9a7550633fb3aea514f783f3db1fa655a6d3f49850b10857e6afc,61d7d1f20bc593cc2d106f24f0343084f56f811c8ebc63c856eaced34c50b65f,last,ood_metric/fpr95_threshold,OOD-4,appendix,descriptive,id_train,id_test_vs_mnist,detector_declared,detector/gda_class_density,mnist,far,,,,80000,C1,adamw,0.003,0.1,3936.991639555404,1471.4647765468487,3936.991640 ± 1471.464777,2453.4595914681067,3961.430621489598,5396.0847057085075
metric_contract_v1.2,c38b09694be88aa74de0741b39e9d3ba0d6ff61a,35a1a66f78dfd6255c4d804586ee6863969be78d21acec5cd0ccf00476ddaa5c,f80984d28ef9a7550633fb3aea514f783f3db1fa655a6d3f49850b10857e6afc,61d7d1f20bc593cc2d106f24f0343084f56f811c8ebc63c856eaced34c50b65f,last,ood_metric/fpr95_threshold,OOD-4,appendix,descriptive,id_train,id_test_vs_mnist,detector_declared,detector/knn_l2_k50,mnist,far,,,,80000,C1,adamw,0.003,0.1,-0.20899529404331554,0.0030217668714410365,-0.208995 ± 0.003022,-0.21180300156847578,-0.20579737816776178,-0.2093855023937091
metric_contract_v1.2,c38b09694be88aa74de0741b39e9d3ba0d6ff61a,35a1a66f78dfd6255c4d804586ee6863969be78d21acec5cd0ccf00476ddaa5c,f80984d28ef9a7550633fb3aea514f783f3db1fa655a6d3f49850b10857e6afc,61d7d1f20bc593cc2d106f24f0343084f56f811c8ebc63c856eaced34c50b65f,last,ood_metric/fpr95_threshold,OOD-4,appendix,descriptive,id_train,id_test_vs_mnist,detector_declared,detector/mahalanobis_pp,mnist,far,,,,80000,C1,adamw,0.003,0.1,-986.4696279871129,12.775219284153312,-986.469628 ± 12.775219,-998.3698687020873,-972.9700420225478,-988.0689732367034
metric_contract_v1.2,c38b09694be88aa74de0741b39e9d3ba0d6ff61a,35a1a66f78dfd6255c4d804586ee6863969be78d21acec5cd0ccf00476ddaa5c,f80984d28ef9a7550633fb3aea514f783f3db1fa655a6d3f49850b10857e6afc,61d7d1f20bc593cc2d106f24f0343084f56f811c8ebc63c856eaced34c50b65f,last,ood_metric/fpr95_threshold,OOD-4,appendix,descriptive,id_train,id_test_vs_mnist,detector_declared,detector/mahalanobis_raw,mnist,far,,,,80000,C1,adamw,0.003,0.1,-977.9992625491041,8.389452120758724,-977.999263 ± 8.389452,-984.7068908700503,-968.5924575066344,-980.6984392706275
metric_contract_v1.2,c38b09694be88aa74de0741b39e9d3ba0d6ff61a,35a1a66f78dfd6255c4d804586ee6863969be78d21acec5cd0ccf00476ddaa5c,f80984d28ef9a7550633fb3aea514f783f3db1fa655a6d3f49850b10857e6afc,61d7d1f20bc593cc2d106f24f0343084f56f811c8ebc63c856eaced34c50b65f,last,ood_metric/fpr95_threshold,OOD-4,appendix,descriptive,id_train,id_test_vs_mnist,detector_declared,detector/marginal_mahalanobis_raw,mnist,far,,,,80000,C1,adamw,0.003,0.1,-952.3886685044821,6.4364671405527965,-952.388669 ± 6.436467,-957.980289767358,-945.3527590545222,-953.8329566915659
metric_contract_v1.2,c38b09694be88aa74de0741b39e9d3ba0d6ff61a,35a1a66f78dfd6255c4d804586ee6863969be78d21acec5cd0ccf00476ddaa5c,f80984d28ef9a7550633fb3aea514f783f3db1fa655a6d3f49850b10857e6afc,61d7d1f20bc593cc2d106f24f0343084f56f811c8ebc63c856eaced34c50b65f,last,ood_metric/fpr95_threshold,OOD-4,appendix,descriptive,id_train,id_test_vs_mnist,detector_declared,detector/ncp_euclidean_raw,mnist,far,,,,80000,C1,adamw,0.003,0.1,-9.492255194876762,0.09772854637657638,-9.492255 ± 0.097729,-9.567774813288427,-9.381876798497286,-9.527113972844573
metric_contract_v1.2,c38b09694be88aa74de0741b39e9d3ba0d6ff61a,35a1a66f78dfd6255c4d804586ee6863969be78d21acec5cd0ccf00476ddaa5c,f80984d28ef9a7550633fb3aea514f783f3db1fa655a6d3f49850b10857e6afc,61d7d1f20bc593cc2d106f24f0343084f56f811c8ebc63c856eaced34c50b65f,last,ood_metric/fpr95_threshold,OOD-4,appendix,descriptive,id_train,id_test_vs_mnist,detector_declared,detector/neco_author_std_dim100,mnist,far,,,,80000,C1,adamw,0.003,0.1,0.9591320719794781,0.003078874811045684,0.959132 ± 0.003079,0.9578636300882339,0.9568900520661849,0.9626425337840157
metric_contract_v1.2,c38b09694be88aa74de0741b39e9d3ba0d6ff61a,35a1a66f78dfd6255c4d804586ee6863969be78d21acec5cd0ccf00476ddaa5c,f80984d28ef9a7550633fb3aea514f783f3db1fa655a6d3f49850b10857e6afc,61d7d1f20bc593cc2d106f24f0343084f56f811c8ebc63c856eaced34c50b65f,last,ood_metric/fpr95_threshold,OOD-4,appendix,descriptive,id_train,id_test_vs_mnist,detector_declared,detector/relative_mahalanobis_pp,mnist,far,,,,80000,C1,adamw,0.003,0.1,-105.39081247118065,1.860442220390879,-105.390812 ± 1.860442,-107.52706213693345,-104.12628682468264,-104.51908845192587
metric_contract_v1.2,c38b09694be88aa74de0741b39e9d3ba0d6ff61a,35a1a66f78dfd6255c4d804586ee6863969be78d21acec5cd0ccf00476ddaa5c,f80984d28ef9a7550633fb3aea514f783f3db1fa655a6d3f49850b10857e6afc,61d7d1f20bc593cc2d106f24f0343084f56f811c8ebc63c856eaced34c50b65f,last,ood_metric/fpr95_threshold,OOD-4,appendix,descriptive,id_train,id_test_vs_mnist,detector_declared,detector/relative_mahalanobis_raw,mnist,far,,,,80000,C1,adamw,0.003,0.1,-90.81326395007015,3.3315333487603787,-90.813264 ± 3.331533,-89.10075432606722,-94.65273808767869,-88.68629943646452
metric_contract_v1.2,c38b09694be88aa74de0741b39e9d3ba0d6ff61a,35a1a66f78dfd6255c4d804586ee6863969be78d21acec5cd0ccf00476ddaa5c,f80984d28ef9a7550633fb3aea514f783f3db1fa655a6d3f49850b10857e6afc,61d7d1f20bc593cc2d106f24f0343084f56f811c8ebc63c856eaced34c50b65f,last,ood_metric/fpr95_threshold,OOD-4,appendix,descriptive,id_train,id_test_vs_mnist,detector_declared,detector/vim_author_dim,mnist,far,,,,80000,C1,adamw,0.003,0.1,-10.53592570298966,0.11451110531434718,-10.535926 ± 0.114511,-10.466300228927754,-10.473388487470269,-10.66808839257096
metric_contract_v1.2,c38b09694be88aa74de0741b39e9d3ba0d6ff61a,35a1a66f78dfd6255c4d804586ee6863969be78d21acec5cd0ccf00476ddaa5c,f80984d28ef9a7550633fb3aea514f783f3db1fa655a6d3f49850b10857e6afc,61d7d1f20bc593cc2d106f24f0343084f56f811c8ebc63c856eaced34c50b65f,last,ood_metric/fpr95_threshold,OOD-4,appendix,descriptive,id_train,id_test_vs_mnist,detector_declared,detector/vim_dim128,mnist,far,,,,80000,C1,adamw,0.003,0.1,-9.975605490018237,0.1421238836433124,-9.975605 ± 0.142124,-9.811509040749916,-10.055792315983355,-10.059515113321437
metric_contract_v1.2,c38b09694be88aa74de0741b39e9d3ba0d6ff61a,35a1a66f78dfd6255c4d804586ee6863969be78d21acec5cd0ccf00476ddaa5c,f80984d28ef9a7550633fb3aea514f783f3db1fa655a6d3f49850b10857e6afc,61d7d1f20bc593cc2d106f24f0343084f56f811c8ebc63c856eaced34c50b65f,last,ood_metric/fpr95_threshold,OOD-4,appendix,descriptive,id_train,id_test_vs_mnist,detector_declared,detector/vim_dim256,mnist,far,,,,80000,C1,adamw,0.003,0.1,-10.403663013208588,0.12236202131147707,-10.403663 ± 0.122362,-10.279978919678012,-10.406351463168015,-10.524658656779735
metric_contract_v1.2,c38b09694be88aa74de0741b39e9d3ba0d6ff61a,35a1a66f78dfd6255c4d804586ee6863969be78d21acec5cd0ccf00476ddaa5c,f80984d28ef9a7550633fb3aea514f783f3db1fa655a6d3f49850b10857e6afc,61d7d1f20bc593cc2d106f24f0343084f56f811c8ebc63c856eaced34c50b65f,last,ood_metric/fpr95_threshold,OOD-4,appendix,descriptive,id_train,id_test_vs_mnist,detector_declared,detector/vim_dim320,mnist,far,,,,80000,C1,adamw,0.003,0.1,-10.53592570298966,0.11451110531434718,-10.535926 ± 0.114511,-10.466300228927754,-10.473388487470269,-10.66808839257096
metric_contract_v1.2,c38b09694be88aa74de0741b39e9d3ba0d6ff61a,35a1a66f78dfd6255c4d804586ee6863969be78d21acec5cd0ccf00476ddaa5c,f80984d28ef9a7550633fb3aea514f783f3db1fa655a6d3f49850b10857e6afc,61d7d1f20bc593cc2d106f24f0343084f56f811c8ebc63c856eaced34c50b65f,last,ood_metric/fpr95_threshold,OOD-4,appendix,descriptive,id_train,id_test_vs_mnist,detector_declared,detector/vim_dim64,mnist,far,,,,80000,C1,adamw,0.003,0.1,-9.769856779138768,0.13068715394437333,-9.769857 ± 0.130687,-9.649056701327261,-9.751932887431769,-9.90858074865727
metric_contract_v1.2,c38b09694be88aa74de0741b39e9d3ba0d6ff61a,35a1a66f78dfd6255c4d804586ee6863969be78d21acec5cd0ccf00476ddaa5c,f80984d28ef9a7550633fb3aea514f783f3db1fa655a6d3f49850b10857e6afc,61d7d1f20bc593cc2d106f24f0343084f56f811c8ebc63c856eaced34c50b65f,last,ood_metric/fpr95_threshold,OOD-4,appendix,descriptive,id_train,id_test_vs_mnist,detector_declared,detector/weight_cosine_appendix,mnist,far,,,,80000,C1,adamw,0.003,0.1,0.03960778372402316,0.0036482664405346333,0.039608 ± 0.003648,0.04280536991526642,0.03563382117480268,0.04038416008200039
metric_contract_v1.2,c38b09694be88aa74de0741b39e9d3ba0d6ff61a,35a1a66f78dfd6255c4d804586ee6863969be78d21acec5cd0ccf00476ddaa5c,f80984d28ef9a7550633fb3aea514f783f3db1fa655a6d3f49850b10857e6afc,61d7d1f20bc593cc2d106f24f0343084f56f811c8ebc63c856eaced34c50b65f,last,ood_metric/fpr95_threshold,OOD-4,appendix,descriptive,,id_test_vs_mnist,detector_declared,ood_score/energy_t1,mnist,far,,,,80000,C1,adamw,0.003,0.1,1.8602449129781216,0.07941016058471291,1.860245 ± 0.079410,1.9291417369309687,1.7733952191376283,1.878197782865768
metric_contract_v1.2,c38b09694be88aa74de0741b39e9d3ba0d6ff61a,35a1a66f78dfd6255c4d804586ee6863969be78d21acec5cd0ccf00476ddaa5c,f80984d28ef9a7550633fb3aea514f783f3db1fa655a6d3f49850b10857e6afc,61d7d1f20bc593cc2d106f24f0343084f56f811c8ebc63c856eaced34c50b65f,last,ood_metric/fpr95_threshold,OOD-4,appendix,descriptive,,id_test_vs_mnist,detector_declared,ood_score/max_logit,mnist,far,,,,80000,C1,adamw,0.003,0.1,1.7737750848134362,0.0659377253226084,1.773775 ± 0.065938,1.8261765718460088,1.6997376739978793,1.7954110085964203
metric_contract_v1.2,c38b09694be88aa74de0741b39e9d3ba0d6ff61a,35a1a66f78dfd6255c4d804586ee6863969be78d21acec5cd0ccf00476ddaa5c,f80984d28ef9a7550633fb3aea514f783f3db1fa655a6d3f49850b10857e6afc,61d7d1f20bc593cc2d106f24f0343084f56f811c8ebc63c856eaced34c50b65f,last,ood_metric/fpr95_threshold,OOD-4,appendix,descriptive,,id_test_vs_mnist,detector_declared,ood_score/msp,mnist,far,,,,80000,C1,adamw,0.003,0.1,0.9732697118581907,0.0008467067267261607,0.973270 ± 0.000847,0.9724084924421506,0.9732995247109836,0.9741011184214379
metric_contract_v1.2,c38b09694be88aa74de0741b39e9d3ba0d6ff61a,35a1a66f78dfd6255c4d804586ee6863969be78d21acec5cd0ccf00476ddaa5c,f80984d28ef9a7550633fb3aea514f783f3db1fa655a6d3f49850b10857e6afc,86af0abedd46c2a0c8eddb4fea4739037bd2bfd7259cc44a9b8303088bfee3b9,last,analysis/angular_control_gap_ctm_ncp,OOD-7,exploratory,descriptive,id_train,id_test_vs_mnist,paired_auroc_difference,,mnist,,,,,80000,C2,sgd,0.3,0.0001,0.07168683523809523,0.012904226439364688,0.071687 ± 0.012904,0.06570652428571422,0.06285768571428585,0.08649629571428563
metric_contract_v1.2,c38b09694be88aa74de0741b39e9d3ba0d6ff61a,35a1a66f78dfd6255c4d804586ee6863969be78d21acec5cd0ccf00476ddaa5c,f80984d28ef9a7550633fb3aea514f783f3db1fa655a6d3f49850b10857e6afc,86af0abedd46c2a0c8eddb4fea4739037bd2bfd7259cc44a9b8303088bfee3b9,last,analysis/restoration_gap_mahalanobis,OOD-7,exploratory,descriptive,id_train,id_test_vs_mnist,paired_auroc_difference,,mnist,,,,,80000,C2,sgd,0.3,0.0001,0.0581236538095237,0.020905175316452647,0.058124 ± 0.020905,0.03428434857142859,0.06675818857142835,0.07332842428571418
metric_contract_v1.2,c38b09694be88aa74de0741b39e9d3ba0d6ff61a,35a1a66f78dfd6255c4d804586ee6863969be78d21acec5cd0ccf00476ddaa5c,f80984d28ef9a7550633fb3aea514f783f3db1fa655a6d3f49850b10857e6afc,86af0abedd46c2a0c8eddb4fea4739037bd2bfd7259cc44a9b8303088bfee3b9,last,analysis/restoration_gap_relative_mahalanobis,OOD-7,exploratory,descriptive,id_train,id_test_vs_mnist,paired_auroc_difference,,mnist,,,,,80000,C2,sgd,0.3,0.0001,-0.009020245714285724,0.0016854038708486179,-0.009020 ± 0.001685,-0.008673244285714365,-0.007535349999999941,-0.010852142857142866
metric_contract_v1.2,c38b09694be88aa74de0741b39e9d3ba0d6ff61a,35a1a66f78dfd6255c4d804586ee6863969be78d21acec5cd0ccf00476ddaa5c,f80984d28ef9a7550633fb3aea514f783f3db1fa655a6d3f49850b10857e6afc,86af0abedd46c2a0c8eddb4fea4739037bd2bfd7259cc44a9b8303088bfee3b9,last,ood_metric/ap_in,OOD-2,appendix,up,id_train,id_test_vs_mnist,detector_declared,detector/ctm_prototype_cosine,mnist,far,,,,80000,C2,sgd,0.3,0.0001,0.8119987512935344,0.022474402377149313,0.811999 ± 0.022474,0.8137352324185478,0.8335545433118743,0.7887064781501811
metric_contract_v1.2,c38b09694be88aa74de0741b39e9d3ba0d6ff61a,35a1a66f78dfd6255c4d804586ee6863969be78d21acec5cd0ccf00476ddaa5c,f80984d28ef9a7550633fb3aea514f783f3db1fa655a6d3f49850b10857e6afc,86af0abedd46c2a0c8eddb4fea4739037bd2bfd7259cc44a9b8303088bfee3b9,last,ood_metric/ap_in,OOD-2,appendix,up,id_train,id_test_vs_mnist,detector_declared,detector/gda_class_density,mnist,far,,,,80000,C2,sgd,0.3,0.0001,0.7142490351638505,0.13444487311647232,0.714249 ± 0.134445,0.6159412011810945,0.8674563098161829,0.6593495944942739
metric_contract_v1.2,c38b09694be88aa74de0741b39e9d3ba0d6ff61a,35a1a66f78dfd6255c4d804586ee6863969be78d21acec5cd0ccf00476ddaa5c,f80984d28ef9a7550633fb3aea514f783f3db1fa655a6d3f49850b10857e6afc,86af0abedd46c2a0c8eddb4fea4739037bd2bfd7259cc44a9b8303088bfee3b9,last,ood_metric/ap_in,OOD-2,appendix,up,id_train,id_test_vs_mnist,detector_declared,detector/knn_l2_k50,mnist,far,,,,80000,C2,sgd,0.3,0.0001,0.8778499772591454,0.015447031229027328,0.877850 ± 0.015447,0.8834793998464419,0.8896927887708954,0.8603777431600987
metric_contract_v1.2,c38b09694be88aa74de0741b39e9d3ba0d6ff61a,35a1a66f78dfd6255c4d804586ee6863969be78d21acec5cd0ccf00476ddaa5c,f80984d28ef9a7550633fb3aea514f783f3db1fa655a6d3f49850b10857e6afc,86af0abedd46c2a0c8eddb4fea4739037bd2bfd7259cc44a9b8303088bfee3b9,last,ood_metric/ap_in,OOD-2,appendix,up,id_train,id_test_vs_mnist,detector_declared,detector/mahalanobis_pp,mnist,far,,,,80000,C2,sgd,0.3,0.0001,0.9031912604455163,0.017164531115536466,0.903191 ± 0.017165,0.9221801072843627,0.8887786157811363,0.8986150582710501
metric_contract_v1.2,c38b09694be88aa74de0741b39e9d3ba0d6ff61a,35a1a66f78dfd6255c4d804586ee6863969be78d21acec5cd0ccf00476ddaa5c,f80984d28ef9a7550633fb3aea514f783f3db1fa655a6d3f49850b10857e6afc,86af0abedd46c2a0c8eddb4fea4739037bd2bfd7259cc44a9b8303088bfee3b9,last,ood_metric/ap_in,OOD-2,appendix,up,id_train,id_test_vs_mnist,detector_declared,detector/mahalanobis_raw,mnist,far,,,,80000,C2,sgd,0.3,0.0001,0.7885493406108068,0.060380277538486654,0.788549 ± 0.060380,0.8576982773915278,0.7462550067943804,0.7616947376465124
metric_contract_v1.2,c38b09694be88aa74de0741b39e9d3ba0d6ff61a,35a1a66f78dfd6255c4d804586ee6863969be78d21acec5cd0ccf00476ddaa5c,f80984d28ef9a7550633fb3aea514f783f3db1fa655a6d3f49850b10857e6afc,86af0abedd46c2a0c8eddb4fea4739037bd2bfd7259cc44a9b8303088bfee3b9,last,ood_metric/ap_in,OOD-2,appendix,up,id_train,id_test_vs_mnist,detector_declared,detector/marginal_mahalanobis_raw,mnist,far,,,,80000,C2,sgd,0.3,0.0001,0.7040245980525529,0.07780801522682837,0.704025 ± 0.077808,0.7924361396757749,0.6459755359273734,0.6736621185545103
metric_contract_v1.2,c38b09694be88aa74de0741b39e9d3ba0d6ff61a,35a1a66f78dfd6255c4d804586ee6863969be78d21acec5cd0ccf00476ddaa5c,f80984d28ef9a7550633fb3aea514f783f3db1fa655a6d3f49850b10857e6afc,86af0abedd46c2a0c8eddb4fea4739037bd2bfd7259cc44a9b8303088bfee3b9,last,ood_metric/ap_in,OOD-2,appendix,up,id_train,id_test_vs_mnist,detector_declared,detector/ncp_euclidean_raw,mnist,far,,,,80000,C2,sgd,0.3,0.0001,0.6759811751671837,0.046977292799527094,0.675981 ± 0.046977,0.7089820205091946,0.6967644512639645,0.6221970537283923
metric_contract_v1.2,c38b09694be88aa74de0741b39e9d3ba0d6ff61a,35a1a66f78dfd6255c4d804586ee6863969be78d21acec5cd0ccf00476ddaa5c,f80984d28ef9a7550633fb3aea514f783f3db1fa655a6d3f49850b10857e6afc,86af0abedd46c2a0c8eddb4fea4739037bd2bfd7259cc44a9b8303088bfee3b9,last,ood_metric/ap_in,OOD-2,appendix,up,id_train,id_test_vs_mnist,detector_declared,detector/neco_author_std_dim100,mnist,far,,,,80000,C2,sgd,0.3,0.0001,0.7617012530553874,0.05322970003378815,0.761701 ± 0.053230,0.7131051282551079,0.8185909318082614,0.7534076991027934
metric_contract_v1.2,c38b09694be88aa74de0741b39e9d3ba0d6ff61a,35a1a66f78dfd6255c4d804586ee6863969be78d21acec5cd0ccf00476ddaa5c,f80984d28ef9a7550633fb3aea514f783f3db1fa655a6d3f49850b10857e6afc,86af0abedd46c2a0c8eddb4fea4739037bd2bfd7259cc44a9b8303088bfee3b9,last,ood_metric/ap_in,OOD-2,appendix,up,id_train,id_test_vs_mnist,detector_declared,detector/relative_mahalanobis_pp,mnist,far,,,,80000,C2,sgd,0.3,0.0001,0.7739595307192606,0.028707021549080645,0.773960 ± 0.028707,0.763402682827916,0.8064502277814632,0.7520256815484025
metric_contract_v1.2,c38b09694be88aa74de0741b39e9d3ba0d6ff61a,35a1a66f78dfd6255c4d804586ee6863969be78d21acec5cd0ccf00476ddaa5c,f80984d28ef9a7550633fb3aea514f783f3db1fa655a6d3f49850b10857e6afc,86af0abedd46c2a0c8eddb4fea4739037bd2bfd7259cc44a9b8303088bfee3b9,last,ood_metric/ap_in,OOD-2,appendix,up,id_train,id_test_vs_mnist,detector_declared,detector/relative_mahalanobis_raw,mnist,far,,,,80000,C2,sgd,0.3,0.0001,0.8014274841135688,0.029685516183578606,0.801427 ± 0.029686,0.785803179890915,0.8356619886798529,0.7828172837699386
metric_contract_v1.2,c38b09694be88aa74de0741b39e9d3ba0d6ff61a,35a1a66f78dfd6255c4d804586ee6863969be78d21acec5cd0ccf00476ddaa5c,f80984d28ef9a7550633fb3aea514f783f3db1fa655a6d3f49850b10857e6afc,86af0abedd46c2a0c8eddb4fea4739037bd2bfd7259cc44a9b8303088bfee3b9,last,ood_metric/ap_in,OOD-2,appendix,up,id_train,id_test_vs_mnist,detector_declared,detector/vim_author_dim,mnist,far,,,,80000,C2,sgd,0.3,0.0001,0.8975735221169545,0.024900599745224274,0.897574 ± 0.024901,0.9113148621348077,0.912575701683636,0.86883000253242
metric_contract_v1.2,c38b09694be88aa74de0741b39e9d3ba0d6ff61a,35a1a66f78dfd6255c4d804586ee6863969be78d21acec5cd0ccf00476ddaa5c,f80984d28ef9a7550633fb3aea514f783f3db1fa655a6d3f49850b10857e6afc,86af0abedd46c2a0c8eddb4fea4739037bd2bfd7259cc44a9b8303088bfee3b9,last,ood_metric/ap_in,OOD-2,appendix,up,id_train,id_test_vs_mnist,detector_declared,detector/vim_dim128,mnist,far,,,,80000,C2,sgd,0.3,0.0001,0.9008384840986808,0.03441753712517012,0.900838 ± 0.034418,0.9167218708607295,0.9244460439653619,0.8613475374699512
metric_contract_v1.2,c38b09694be88aa74de0741b39e9d3ba0d6ff61a,35a1a66f78dfd6255c4d804586ee6863969be78d21acec5cd0ccf00476ddaa5c,f80984d28ef9a7550633fb3aea514f783f3db1fa655a6d3f49850b10857e6afc,86af0abedd46c2a0c8eddb4fea4739037bd2bfd7259cc44a9b8303088bfee3b9,last,ood_metric/ap_in,OOD-2,appendix,up,id_train,id_test_vs_mnist,detector_declared,detector/vim_dim256,mnist,far,,,,80000,C2,sgd,0.3,0.0001,0.907328250641957,0.02592148142448966,0.907328 ± 0.025921,0.9249210702325215,0.9195030764655061,0.8775606052278431
metric_contract_v1.2,c38b09694be88aa74de0741b39e9d3ba0d6ff61a,35a1a66f78dfd6255c4d804586ee6863969be78d21acec5cd0ccf00476ddaa5c,f80984d28ef9a7550633fb3aea514f783f3db1fa655a6d3f49850b10857e6afc,86af0abedd46c2a0c8eddb4fea4739037bd2bfd7259cc44a9b8303088bfee3b9,last,ood_metric/ap_in,OOD-2,appendix,up,id_train,id_test_vs_mnist,detector_declared,detector/vim_dim320,mnist,far,,,,80000,C2,sgd,0.3,0.0001,0.8975735221169545,0.024900599745224274,0.897574 ± 0.024901,0.9113148621348077,0.912575701683636,0.86883000253242
metric_contract_v1.2,c38b09694be88aa74de0741b39e9d3ba0d6ff61a,35a1a66f78dfd6255c4d804586ee6863969be78d21acec5cd0ccf00476ddaa5c,f80984d28ef9a7550633fb3aea514f783f3db1fa655a6d3f49850b10857e6afc,86af0abedd46c2a0c8eddb4fea4739037bd2bfd7259cc44a9b8303088bfee3b9,last,ood_metric/ap_in,OOD-2,appendix,up,id_train,id_test_vs_mnist,detector_declared,detector/vim_dim64,mnist,far,,,,80000,C2,sgd,0.3,0.0001,0.8844317261845682,0.031741857860808936,0.884432 ± 0.031742,0.8896120888624279,0.9132647595499007,0.8504183301413758
metric_contract_v1.2,c38b09694be88aa74de0741b39e9d3ba0d6ff61a,35a1a66f78dfd6255c4d804586ee6863969be78d21acec5cd0ccf00476ddaa5c,f80984d28ef9a7550633fb3aea514f783f3db1fa655a6d3f49850b10857e6afc,86af0abedd46c2a0c8eddb4fea4739037bd2bfd7259cc44a9b8303088bfee3b9,last,ood_metric/ap_in,OOD-2,appendix,up,id_train,id_test_vs_mnist,detector_declared,detector/weight_cosine_appendix,mnist,far,,,,80000,C2,sgd,0.3,0.0001,0.857723043509826,0.017567495987568522,0.857723 ± 0.017567,0.860273267778107,0.8738760460875337,0.8390198166638373
metric_contract_v1.2,c38b09694be88aa74de0741b39e9d3ba0d6ff61a,35a1a66f78dfd6255c4d804586ee6863969be78d21acec5cd0ccf00476ddaa5c,f80984d28ef9a7550633fb3aea514f783f3db1fa655a6d3f49850b10857e6afc,86af0abedd46c2a0c8eddb4fea4739037bd2bfd7259cc44a9b8303088bfee3b9,last,ood_metric/ap_in,OOD-2,appendix,up,,id_test_vs_mnist,detector_declared,ood_score/energy_t1,mnist,far,,,,80000,C2,sgd,0.3,0.0001,0.8186914216641709,0.051697238392340805,0.818691 ± 0.051697,0.8146489027527861,0.8722912424417228,0.7691341197980035
metric_contract_v1.2,c38b09694be88aa74de0741b39e9d3ba0d6ff61a,35a1a66f78dfd6255c4d804586ee6863969be78d21acec5cd0ccf00476ddaa5c,f80984d28ef9a7550633fb3aea514f783f3db1fa655a6d3f49850b10857e6afc,86af0abedd46c2a0c8eddb4fea4739037bd2bfd7259cc44a9b8303088bfee3b9,last,ood_metric/ap_in,OOD-2,appendix,up,,id_test_vs_mnist,detector_declared,ood_score/max_logit,mnist,far,,,,80000,C2,sgd,0.3,0.0001,0.8181436334681926,0.05158456751300968,0.818144 ± 0.051585,0.8142441441096007,0.8715672850573096,0.7686194712376675
metric_contract_v1.2,c38b09694be88aa74de0741b39e9d3ba0d6ff61a,35a1a66f78dfd6255c4d804586ee6863969be78d21acec5cd0ccf00476ddaa5c,f80984d28ef9a7550633fb3aea514f783f3db1fa655a6d3f49850b10857e6afc,86af0abedd46c2a0c8eddb4fea4739037bd2bfd7259cc44a9b8303088bfee3b9,last,ood_metric/ap_in,OOD-2,appendix,up,,id_test_vs_mnist,detector_declared,ood_score/msp,mnist,far,,,,80000,C2,sgd,0.3,0.0001,0.8062665084914968,0.04757545025578771,0.806267 ± 0.047575,0.8122742267553692,0.8505527535885364,0.7559725451305851
metric_contract_v1.2,c38b09694be88aa74de0741b39e9d3ba0d6ff61a,35a1a66f78dfd6255c4d804586ee6863969be78d21acec5cd0ccf00476ddaa5c,f80984d28ef9a7550633fb3aea514f783f3db1fa655a6d3f49850b10857e6afc,86af0abedd46c2a0c8eddb4fea4739037bd2bfd7259cc44a9b8303088bfee3b9,last,ood_metric/ap_out,OOD-3,appendix,up,id_train,id_test_vs_mnist,detector_declared,detector/ctm_prototype_cosine,mnist,far,,,,80000,C2,sgd,0.3,0.0001,0.9866147635293894,0.002442695478847366,0.986615 ± 0.002443,0.9869651239104463,0.9888633607430218,0.9840158059347002
metric_contract_v1.2,c38b09694be88aa74de0741b39e9d3ba0d6ff61a,35a1a66f78dfd6255c4d804586ee6863969be78d21acec5cd0ccf00476ddaa5c,f80984d28ef9a7550633fb3aea514f783f3db1fa655a6d3f49850b10857e6afc,86af0abedd46c2a0c8eddb4fea4739037bd2bfd7259cc44a9b8303088bfee3b9,last,ood_metric/ap_out,OOD-3,appendix,up,id_train,id_test_vs_mnist,detector_declared,detector/gda_class_density,mnist,far,,,,80000,C2,sgd,0.3,0.0001,0.964486175536808,0.025243740410742985,0.964486 ± 0.025244,0.972533080452799,0.9847254912819614,0.9361999548756638
metric_contract_v1.2,c38b09694be88aa74de0741b39e9d3ba0d6ff61a,35a1a66f78dfd6255c4d804586ee6863969be78d21acec5cd0ccf00476ddaa5c,f80984d28ef9a7550633fb3aea514f783f3db1fa655a6d3f49850b10857e6afc,86af0abedd46c2a0c8eddb4fea4739037bd2bfd7259cc44a9b8303088bfee3b9,last,ood_metric/ap_out,OOD-3,appendix,up,id_train,id_test_vs_mnist,detector_declared,detector/knn_l2_k50,mnist,far,,,,80000,C2,sgd,0.3,0.0001,0.9900846272741587,0.002382046121995451,0.990085 ± 0.002382,0.9916495844883191,0.9912610579083908,0.9873432394257661
metric_contract_v1.2,c38b09694be88aa74de0741b39e9d3ba0d6ff61a,35a1a66f78dfd6255c4d804586ee6863969be78d21acec5cd0ccf00476ddaa5c,f80984d28ef9a7550633fb3aea514f783f3db1fa655a6d3f49850b10857e6afc,86af0abedd46c2a0c8eddb4fea4739037bd2bfd7259cc44a9b8303088bfee3b9,last,ood_metric/ap_out,OOD-3,appendix,up,id_train,id_test_vs_mnist,detector_declared,detector/mahalanobis_pp,mnist,far,,,,80000,C2,sgd,0.3,0.0001,0.992646670452722,0.0019781930840759377,0.992647 ± 0.001978,0.994817018023403,0.9921782960226947,0.9909446973120681
metric_contract_v1.2,c38b09694be88aa74de0741b39e9d3ba0d6ff61a,35a1a66f78dfd6255c4d804586ee6863969be78d21acec5cd0ccf00476ddaa5c,f80984d28ef9a7550633fb3aea514f783f3db1fa655a6d3f49850b10857e6afc,86af0abedd46c2a0c8eddb4fea4739037bd2bfd7259cc44a9b8303088bfee3b9,last,ood_metric/ap_out,OOD-3,appendix,up,id_train,id_test_vs_mnist,detector_declared,detector/mahalanobis_raw,mnist,far,,,,80000,C2,sgd,0.3,0.0001,0.9765027898278945,0.008064007788730631,0.976503 ± 0.008064,0.9853555429054044,0.9745763720544369,0.9695764545238421
metric_contract_v1.2,c38b09694be88aa74de0741b39e9d3ba0d6ff61a,35a1a66f78dfd6255c4d804586ee6863969be78d21acec5cd0ccf00476ddaa5c,f80984d28ef9a7550633fb3aea514f783f3db1fa655a6d3f49850b10857e6afc,86af0abedd46c2a0c8eddb4fea4739037bd2bfd7259cc44a9b8303088bfee3b9,last,ood_metric/ap_out,OOD-3,appendix,up,id_train,id_test_vs_mnist,detector_declared,detector/marginal_mahalanobis_raw,mnist,far,,,,80000,C2,sgd,0.3,0.0001,0.9664412685607046,0.010663198796870886,0.966441 ± 0.010663,0.9786416335657686,0.9617788373888956,0.9589033347274496
metric_contract_v1.2,c38b09694be88aa74de0741b39e9d3ba0d6ff61a,35a1a66f78dfd6255c4d804586ee6863969be78d21acec5cd0ccf00476ddaa5c,f80984d28ef9a7550633fb3aea514f783f3db1fa655a6d3f49850b10857e6afc,86af0abedd46c2a0c8eddb4fea4739037bd2bfd7259cc44a9b8303088bfee3b9,last,ood_metric/ap_out,OOD-3,appendix,up,id_train,id_test_vs_mnist,detector_declared,detector/ncp_euclidean_raw,mnist,far,,,,80000,C2,sgd,0.3,0.0001,0.9619040795303486,0.008425295273301887,0.961904 ± 0.008425,0.9621196756267563,0.9702195076565233,0.9533730553077665
metric_contract_v1.2,c38b09694be88aa74de0741b39e9d3ba0d6ff61a,35a1a66f78dfd6255c4d804586ee6863969be78d21acec5cd0ccf00476ddaa5c,f80984d28ef9a7550633fb3aea514f783f3db1fa655a6d3f49850b10857e6afc,86af0abedd46c2a0c8eddb4fea4739037bd2bfd7259cc44a9b8303088bfee3b9,last,ood_metric/ap_out,OOD-3,appendix,up,id_train,id_test_vs_mnist,detector_declared,detector/neco_author_std_dim100,mnist,far,,,,80000,C2,sgd,0.3,0.0001,0.9783767312822652,0.008646802191252505,0.978377 ± 0.008647,0.9699658110344175,0.9872415372371945,0.9779228455751838
metric_contract_v1.2,c38b09694be88aa74de0741b39e9d3ba0d6ff61a,35a1a66f78dfd6255c4d804586ee6863969be78d21acec5cd0ccf00476ddaa5c,f80984d28ef9a7550633fb3aea514f783f3db1fa655a6d3f49850b10857e6afc,86af0abedd46c2a0c8eddb4fea4739037bd2bfd7259cc44a9b8303088bfee3b9,last,ood_metric/ap_out,OOD-3,appendix,up,id_train,id_test_vs_mnist,detector_declared,detector/relative_mahalanobis_pp,mnist,far,,,,80000,C2,sgd,0.3,0.0001,0.980850987509179,0.005465023764849917,0.980851 ± 0.005465,0.9821567732204138,0.9855448392245714,0.9748513500825513
metric_contract_v1.2,c38b09694be88aa74de0741b39e9d3ba0d6ff61a,35a1a66f78dfd6255c4d804586ee6863969be78d21acec5cd0ccf00476ddaa5c,f80984d28ef9a7550633fb3aea514f783f3db1fa655a6d3f49850b10857e6afc,86af0abedd46c2a0c8eddb4fea4739037bd2bfd7259cc44a9b8303088bfee3b9,last,ood_metric/ap_out,OOD-3,appendix,up,id_train,id_test_vs_mnist,detector_declared,detector/relative_mahalanobis_raw,mnist,far,,,,80000,C2,sgd,0.3,0.0001,0.9827465001521031,0.004973139906192637,0.982747 ± 0.004973,0.9840035007145547,0.9869705335097164,0.9772654662320386
metric_contract_v1.2,c38b09694be88aa74de0741b39e9d3ba0d6ff61a,35a1a66f78dfd6255c4d804586ee6863969be78d21acec5cd0ccf00476ddaa5c,f80984d28ef9a7550633fb3aea514f783f3db1fa655a6d3f49850b10857e6afc,86af0abedd46c2a0c8eddb4fea4739037bd2bfd7259cc44a9b8303088bfee3b9,last,ood_metric/ap_out,OOD-3,appendix,up,id_train,id_test_vs_mnist,detector_declared,detector/vim_author_dim,mnist,far,,,,80000,C2,sgd,0.3,0.0001,0.9930639308773003,0.0021298706371901733,0.993064 ± 0.002130,0.9945870466067737,0.9939746283121929,0.9906301177129344
metric_contract_v1.2,c38b09694be88aa74de0741b39e9d3ba0d6ff61a,35a1a66f78dfd6255c4d804586ee6863969be78d21acec5cd0ccf00476ddaa5c,f80984d28ef9a7550633fb3aea514f783f3db1fa655a6d3f49850b10857e6afc,86af0abedd46c2a0c8eddb4fea4739037bd2bfd7259cc44a9b8303088bfee3b9,last,ood_metric/ap_out,OOD-3,appendix,up,id_train,id_test_vs_mnist,detector_declared,detector/vim_dim128,mnist,far,,,,80000,C2,sgd,0.3,0.0001,0.9939455083492946,0.0022390134328210114,0.993946 ± 0.002239,0.995280881031523,0.9951950507378893,0.9913605932784714
metric_contract_v1.2,c38b09694be88aa74de0741b39e9d3ba0d6ff61a,35a1a66f78dfd6255c4d804586ee6863969be78d21acec5cd0ccf00476ddaa5c,f80984d28ef9a7550633fb3aea514f783f3db1fa655a6d3f49850b10857e6afc,86af0abedd46c2a0c8eddb4fea4739037bd2bfd7259cc44a9b8303088bfee3b9,last,ood_metric/ap_out,OOD-3,appendix,up,id_train,id_test_vs_mnist,detector_declared,detector/vim_dim256,mnist,far,,,,80000,C2,sgd,0.3,0.0001,0.9941513803706356,0.0018480642363117158,0.994151 ± 0.001848,0.9956885903254918,0.9946646024437693,0.9921009483426454
metric_contract_v1.2,c38b09694be88aa74de0741b39e9d3ba0d6ff61a,35a1a66f78dfd6255c4d804586ee6863969be78d21acec5cd0ccf00476ddaa5c,f80984d28ef9a7550633fb3aea514f783f3db1fa655a6d3f49850b10857e6afc,86af0abedd46c2a0c8eddb4fea4739037bd2bfd7259cc44a9b8303088bfee3b9,last,ood_metric/ap_out,OOD-3,appendix,up,id_train,id_test_vs_mnist,detector_declared,detector/vim_dim320,mnist,far,,,,80000,C2,sgd,0.3,0.0001,0.9930639308773003,0.0021298706371901733,0.993064 ± 0.002130,0.9945870466067737,0.9939746283121929,0.9906301177129344
metric_contract_v1.2,c38b09694be88aa74de0741b39e9d3ba0d6ff61a,35a1a66f78dfd6255c4d804586ee6863969be78d21acec5cd0ccf00476ddaa5c,f80984d28ef9a7550633fb3aea514f783f3db1fa655a6d3f49850b10857e6afc,86af0abedd46c2a0c8eddb4fea4739037bd2bfd7259cc44a9b8303088bfee3b9,last,ood_metric/ap_out,OOD-3,appendix,up,id_train,id_test_vs_mnist,detector_declared,detector/vim_dim64,mnist,far,,,,80000,C2,sgd,0.3,0.0001,0.9928777505355416,0.001560460553318697,0.992878 ± 0.001560,0.9934210187131298,0.9940939611644108,0.9911182717290842
metric_contract_v1.2,c38b09694be88aa74de0741b39e9d3ba0d6ff61a,35a1a66f78dfd6255c4d804586ee6863969be78d21acec5cd0ccf00476ddaa5c,f80984d28ef9a7550633fb3aea514f783f3db1fa655a6d3f49850b10857e6afc,86af0abedd46c2a0c8eddb4fea4739037bd2bfd7259cc44a9b8303088bfee3b9,last,ood_metric/ap_out,OOD-3,appendix,up,id_train,id_test_vs_mnist,detector_declared,detector/weight_cosine_appendix,mnist,far,,,,80000,C2,sgd,0.3,0.0001,0.9879562108865366,0.0032379163399623052,0.987956 ± 0.003238,0.9883996203508599,0.9909495712018982,0.9845194411068515
metric_contract_v1.2,c38b09694be88aa74de0741b39e9d3ba0d6ff61a,35a1a66f78dfd6255c4d804586ee6863969be78d21acec5cd0ccf00476ddaa5c,f80984d28ef9a7550633fb3aea514f783f3db1fa655a6d3f49850b10857e6afc,86af0abedd46c2a0c8eddb4fea4739037bd2bfd7259cc44a9b8303088bfee3b9,last,ood_metric/ap_out,OOD-3,appendix,up,,id_test_vs_mnist,detector_declared,ood_score/energy_t1,mnist,far,,,,80000,C2,sgd,0.3,0.0001,0.9879798919248365,0.004180495096453165,0.987980 ± 0.004180,0.989132768001914,0.9914629731699871,0.9833439346026084
metric_contract_v1.2,c38b09694be88aa74de0741b39e9d3ba0d6ff61a,35a1a66f78dfd6255c4d804586ee6863969be78d21acec5cd0ccf00476ddaa5c,f80984d28ef9a7550633fb3aea514f783f3db1fa655a6d3f49850b10857e6afc,86af0abedd46c2a0c8eddb4fea4739037bd2bfd7259cc44a9b8303088bfee3b9,last,ood_metric/ap_out,OOD-3,appendix,up,,id_test_vs_mnist,detector_declared,ood_score/max_logit,mnist,far,,,,80000,C2,sgd,0.3,0.0001,0.9879066549911056,0.004076508923131202,0.987907 ± 0.004077,0.9889473890575597,0.9913619111106132,0.9834106648051439
metric_contract_v1.2,c38b09694be88aa74de0741b39e9d3ba0d6ff61a,35a1a66f78dfd6255c4d804586ee6863969be78d21acec5cd0ccf00476ddaa5c,f80984d28ef9a7550633fb3aea514f783f3db1fa655a6d3f49850b10857e6afc,86af0abedd46c2a0c8eddb4fea4739037bd2bfd7259cc44a9b8303088bfee3b9,last,ood_metric/ap_out,OOD-3,appendix,up,,id_test_vs_mnist,detector_declared,ood_score/msp,mnist,far,,,,80000,C2,sgd,0.3,0.0001,0.9823923408501424,0.0037963087537461943,0.982392 ± 0.003796,0.983255263972657,0.9856829060106113,0.9782388525671593
metric_contract_v1.2,c38b09694be88aa74de0741b39e9d3ba0d6ff61a,35a1a66f78dfd6255c4d804586ee6863969be78d21acec5cd0ccf00476ddaa5c,f80984d28ef9a7550633fb3aea514f783f3db1fa655a6d3f49850b10857e6afc,86af0abedd46c2a0c8eddb4fea4739037bd2bfd7259cc44a9b8303088bfee3b9,last,ood_metric/aupr_in_openood_auc,OOD-2,primary,up,id_train,id_test_vs_mnist,detector_declared,detector/ctm_prototype_cosine,mnist,far,,,,80000,C2,sgd,0.3,0.0001,0.8119924661173256,0.02247480324617126,0.811992 ± 0.022475,0.8137291333966048,0.8335485560159827,0.788699708939389
metric_contract_v1.2,c38b09694be88aa74de0741b39e9d3ba0d6ff61a,35a1a66f78dfd6255c4d804586ee6863969be78d21acec5cd0ccf00476ddaa5c,f80984d28ef9a7550633fb3aea514f783f3db1fa655a6d3f49850b10857e6afc,86af0abedd46c2a0c8eddb4fea4739037bd2bfd7259cc44a9b8303088bfee3b9,last,ood_metric/aupr_in_openood_auc,OOD-2,primary,up,id_train,id_test_vs_mnist,detector_declared,detector/gda_class_density,mnist,far,,,,80000,C2,sgd,0.3,0.0001,0.7142397851624609,0.13445014533768546,0.714240 ± 0.134450,0.6159263722859768,0.8674527082230568,0.6593402749783491
metric_contract_v1.2,c38b09694be88aa74de0741b39e9d3ba0d6ff61a,35a1a66f78dfd6255c4d804586ee6863969be78d21acec5cd0ccf00476ddaa5c,f80984d28ef9a7550633fb3aea514f783f3db1fa655a6d3f49850b10857e6afc,86af0abedd46c2a0c8eddb4fea4739037bd2bfd7259cc44a9b8303088bfee3b9,last,ood_metric/aupr_in_openood_auc,OOD-2,primary,up,id_train,id_test_vs_mnist,detector_declared,detector/knn_l2_k50,mnist,far,,,,80000,C2,sgd,0.3,0.0001,0.8778464824166822,0.015447328112991023,0.877846 ± 0.015447,0.8834759724544479,0.8896895536494253,0.8603739211461736
metric_contract_v1.2,c38b09694be88aa74de0741b39e9d3ba0d6ff61a,35a1a66f78dfd6255c4d804586ee6863969be78d21acec5cd0ccf00476ddaa5c,f80984d28ef9a7550633fb3aea514f783f3db1fa655a6d3f49850b10857e6afc,86af0abedd46c2a0c8eddb4fea4739037bd2bfd7259cc44a9b8303088bfee3b9,last,ood_metric/aupr_in_openood_auc,OOD-2,primary,up,id_train,id_test_vs_mnist,detector_declared,detector/mahalanobis_pp,mnist,far,,,,80000,C2,sgd,0.3,0.0001,0.9031882747119063,0.017165062995101597,0.903188 ± 0.017165,0.9221776911858219,0.8887751384627739,0.8986119944871234
metric_contract_v1.2,c38b09694be88aa74de0741b39e9d3ba0d6ff61a,35a1a66f78dfd6255c4d804586ee6863969be78d21acec5cd0ccf00476ddaa5c,f80984d28ef9a7550633fb3aea514f783f3db1fa655a6d3f49850b10857e6afc,86af0abedd46c2a0c8eddb4fea4739037bd2bfd7259cc44a9b8303088bfee3b9,last,ood_metric/aupr_in_openood_auc,OOD-2,primary,up,id_train,id_test_vs_mnist,detector_declared,detector/mahalanobis_raw,mnist,far,,,,80000,C2,sgd,0.3,0.0001,0.7885431275965047,0.06038238229364701,0.788543 ± 0.060382,0.8576944056625271,0.7462468896338201,0.7616880874931669
metric_contract_v1.2,c38b09694be88aa74de0741b39e9d3ba0d6ff61a,35a1a66f78dfd6255c4d804586ee6863969be78d21acec5cd0ccf00476ddaa5c,f80984d28ef9a7550633fb3aea514f783f3db1fa655a6d3f49850b10857e6afc,86af0abedd46c2a0c8eddb4fea4739037bd2bfd7259cc44a9b8303088bfee3b9,last,ood_metric/aupr_in_openood_auc,OOD-2,primary,up,id_train,id_test_vs_mnist,detector_declared,detector/marginal_mahalanobis_raw,mnist,far,,,,80000,C2,sgd,0.3,0.0001,0.7040155782962243,0.07781074027618803,0.704016 ± 0.077811,0.7924301457006084,0.6459641801279457,0.673652409060119
metric_contract_v1.2,c38b09694be88aa74de0741b39e9d3ba0d6ff61a,35a1a66f78dfd6255c4d804586ee6863969be78d21acec5cd0ccf00476ddaa5c,f80984d28ef9a7550633fb3aea514f783f3db1fa655a6d3f49850b10857e6afc,86af0abedd46c2a0c8eddb4fea4739037bd2bfd7259cc44a9b8303088bfee3b9,last,ood_metric/aupr_in_openood_auc,OOD-2,primary,up,id_train,id_test_vs_mnist,detector_declared,detector/ncp_euclidean_raw,mnist,far,,,,80000,C2,sgd,0.3,0.0001,0.6759695697787483,0.04697954833563914,0.675970 ± 0.046980,0.7089729917985262,0.696752688969076,0.6221830285686428
metric_contract_v1.2,c38b09694be88aa74de0741b39e9d3ba0d6ff61a,35a1a66f78dfd6255c4d804586ee6863969be78d21acec5cd0ccf00476ddaa5c,f80984d28ef9a7550633fb3aea514f783f3db1fa655a6d3f49850b10857e6afc,86af0abedd46c2a0c8eddb4fea4739037bd2bfd7259cc44a9b8303088bfee3b9,last,ood_metric/aupr_in_openood_auc,OOD-2,primary,up,id_train,id_test_vs_mnist,detector_declared,detector/neco_author_std_dim100,mnist,far,,,,80000,C2,sgd,0.3,0.0001,0.761687051047596,0.053232963447096736,0.761687 ± 0.053233,0.7130953359006824,0.8185847845129527,0.7533810327291529
metric_contract_v1.2,c38b09694be88aa74de0741b39e9d3ba0d6ff61a,35a1a66f78dfd6255c4d804586ee6863969be78d21acec5cd0ccf00476ddaa5c,f80984d28ef9a7550633fb3aea514f783f3db1fa655a6d3f49850b10857e6afc,86af0abedd46c2a0c8eddb4fea4739037bd2bfd7259cc44a9b8303088bfee3b9,last,ood_metric/aupr_in_openood_auc,OOD-2,primary,up,id_train,id_test_vs_mnist,detector_declared,detector/relative_mahalanobis_pp,mnist,far,,,,80000,C2,sgd,0.3,0.0001,0.7739408774286421,0.02870673294098464,0.773941 ± 0.028707,0.7633779032614326,0.8064325500812972,0.7520121789431963
metric_contract_v1.2,c38b09694be88aa74de0741b39e9d3ba0d6ff61a,35a1a66f78dfd6255c4d804586ee6863969be78d21acec5cd0ccf00476ddaa5c,f80984d28ef9a7550633fb3aea514f783f3db1fa655a6d3f49850b10857e6afc,86af0abedd46c2a0c8eddb4fea4739037bd2bfd7259cc44a9b8303088bfee3b9,last,ood_metric/aupr_in_openood_auc,OOD-2,primary,up,id_train,id_test_vs_mnist,detector_declared,detector/relative_mahalanobis_raw,mnist,far,,,,80000,C2,sgd,0.3,0.0001,0.8014148821799708,0.02968202062596546,0.801415 ± 0.029682,0.7857909708355726,0.8356454372504543,0.7828082384538857
metric_contract_v1.2,c38b09694be88aa74de0741b39e9d3ba0d6ff61a,35a1a66f78dfd6255c4d804586ee6863969be78d21acec5cd0ccf00476ddaa5c,f80984d28ef9a7550633fb3aea514f783f3db1fa655a6d3f49850b10857e6afc,86af0abedd46c2a0c8eddb4fea4739037bd2bfd7259cc44a9b8303088bfee3b9,last,ood_metric/aupr_in_openood_auc,OOD-2,primary,up,id_train,id_test_vs_mnist,detector_declared,detector/vim_author_dim,mnist,far,,,,80000,C2,sgd,0.3,0.0001,0.897570218064701,0.024901390454543447,0.897570 ± 0.024901,0.9113120112910877,0.9125728576485213,0.8688257852544945
metric_contract_v1.2,c38b09694be88aa74de0741b39e9d3ba0d6ff61a,35a1a66f78dfd6255c4d804586ee6863969be78d21acec5cd0ccf00476ddaa5c,f80984d28ef9a7550633fb3aea514f783f3db1fa655a6d3f49850b10857e6afc,86af0abedd46c2a0c8eddb4fea4739037bd2bfd7259cc44a9b8303088bfee3b9,last,ood_metric/aupr_in_openood_auc,OOD-2,primary,up,id_train,id_test_vs_mnist,detector_declared,detector/vim_dim128,mnist,far,,,,80000,C2,sgd,0.3,0.0001,0.9008350828817774,0.03441878190301587,0.900835 ± 0.034419,0.9167190438383083,0.9244434967898888,0.861342708017135
metric_contract_v1.2,c38b09694be88aa74de0741b39e9d3ba0d6ff61a,35a1a66f78dfd6255c4d804586ee6863969be78d21acec5cd0ccf00476ddaa5c,f80984d28ef9a7550633fb3aea514f783f3db1fa655a6d3f49850b10857e6afc,86af0abedd46c2a0c8eddb4fea4739037bd2bfd7259cc44a9b8303088bfee3b9,last,ood_metric/aupr_in_openood_auc,OOD-2,primary,up,id_train,id_test_vs_mnist,detector_declared,detector/vim_dim256,mnist,far,,,,80000,C2,sgd,0.3,0.0001,0.9073252355632898,0.02592229500670174,0.907325 ± 0.025922,0.9249186080987795,0.9195004426419998,0.8775566559490899
metric_contract_v1.2,c38b09694be88aa74de0741b39e9d3ba0d6ff61a,35a1a66f78dfd6255c4d804586ee6863969be78d21acec5cd0ccf00476ddaa5c,f80984d28ef9a7550633fb3aea514f783f3db1fa655a6d3f49850b10857e6afc,86af0abedd46c2a0c8eddb4fea4739037bd2bfd7259cc44a9b8303088bfee3b9,last,ood_metric/aupr_in_openood_auc,OOD-2,primary,up,id_train,id_test_vs_mnist,detector_declared,detector/vim_dim320,mnist,far,,,,80000,C2,sgd,0.3,0.0001,0.897570218064701,0.024901390454543447,0.897570 ± 0.024901,0.9113120112910877,0.9125728576485213,0.8688257852544945
metric_contract_v1.2,c38b09694be88aa74de0741b39e9d3ba0d6ff61a,35a1a66f78dfd6255c4d804586ee6863969be78d21acec5cd0ccf00476ddaa5c,f80984d28ef9a7550633fb3aea514f783f3db1fa655a6d3f49850b10857e6afc,86af0abedd46c2a0c8eddb4fea4739037bd2bfd7259cc44a9b8303088bfee3b9,last,ood_metric/aupr_in_openood_auc,OOD-2,primary,up,id_train,id_test_vs_mnist,detector_declared,detector/vim_dim64,mnist,far,,,,80000,C2,sgd,0.3,0.0001,0.8844277307909462,0.031743136706181146,0.884428 ± 0.031743,0.8896082772748115,0.9132619413402182,0.8504129737578088
metric_contract_v1.2,c38b09694be88aa74de0741b39e9d3ba0d6ff61a,35a1a66f78dfd6255c4d804586ee6863969be78d21acec5cd0ccf00476ddaa5c,f80984d28ef9a7550633fb3aea514f783f3db1fa655a6d3f49850b10857e6afc,86af0abedd46c2a0c8eddb4fea4739037bd2bfd7259cc44a9b8303088bfee3b9,last,ood_metric/aupr_in_openood_auc,OOD-2,primary,up,id_train,id_test_vs_mnist,detector_declared,detector/weight_cosine_appendix,mnist,far,,,,80000,C2,sgd,0.3,0.0001,0.8577186974519075,0.017567803600045083,0.857719 ± 0.017568,0.860269007357398,0.8738719578852272,0.8390151271130973
metric_contract_v1.2,c38b09694be88aa74de0741b39e9d3ba0d6ff61a,35a1a66f78dfd6255c4d804586ee6863969be78d21acec5cd0ccf00476ddaa5c,f80984d28ef9a7550633fb3aea514f783f3db1fa655a6d3f49850b10857e6afc,86af0abedd46c2a0c8eddb4fea4739037bd2bfd7259cc44a9b8303088bfee3b9,last,ood_metric/aupr_in_openood_auc,OOD-2,primary,up,,id_test_vs_mnist,detector_declared,ood_score/energy_t1,mnist,far,,,,80000,C2,sgd,0.3,0.0001,0.8186840336497427,0.05169971217207463,0.818684 ± 0.051700,0.8146410714512671,0.8722865294847496,0.7691245000132113
metric_contract_v1.2,c38b09694be88aa74de0741b39e9d3ba0d6ff61a,35a1a66f78dfd6255c4d804586ee6863969be78d21acec5cd0ccf00476ddaa5c,f80984d28ef9a7550633fb3aea514f783f3db1fa655a6d3f49850b10857e6afc,86af0abedd46c2a0c8eddb4fea4739037bd2bfd7259cc44a9b8303088bfee3b9,last,ood_metric/aupr_in_openood_auc,OOD-2,primary,up,,id_test_vs_mnist,detector_declared,ood_score/max_logit,mnist,far,,,,80000,C2,sgd,0.3,0.0001,0.8181362927869237,0.05158703269816152,0.818136 ± 0.051587,0.8142363750491903,0.8715626047106677,0.7686098986009132
metric_contract_v1.2,c38b09694be88aa74de0741b39e9d3ba0d6ff61a,35a1a66f78dfd6255c4d804586ee6863969be78d21acec5cd0ccf00476ddaa5c,f80984d28ef9a7550633fb3aea514f783f3db1fa655a6d3f49850b10857e6afc,86af0abedd46c2a0c8eddb4fea4739037bd2bfd7259cc44a9b8303088bfee3b9,last,ood_metric/aupr_in_openood_auc,OOD-2,primary,up,,id_test_vs_mnist,detector_declared,ood_score/msp,mnist,far,,,,80000,C2,sgd,0.3,0.0001,0.8062596456627684,0.047577854618841224,0.806260 ± 0.047578,0.8122677568866599,0.8505480757094621,0.7559631043921835
metric_contract_v1.2,c38b09694be88aa74de0741b39e9d3ba0d6ff61a,35a1a66f78dfd6255c4d804586ee6863969be78d21acec5cd0ccf00476ddaa5c,f80984d28ef9a7550633fb3aea514f783f3db1fa655a6d3f49850b10857e6afc,86af0abedd46c2a0c8eddb4fea4739037bd2bfd7259cc44a9b8303088bfee3b9,last,ood_metric/aupr_out_openood_auc,OOD-3,primary,up,id_train,id_test_vs_mnist,detector_declared,detector/ctm_prototype_cosine,mnist,far,,,,80000,C2,sgd,0.3,0.0001,0.9866136523294422,0.002441624807218408,0.986614 ± 0.002442,0.986964837595175,0.9888606684931159,0.9840154509000357
metric_contract_v1.2,c38b09694be88aa74de0741b39e9d3ba0d6ff61a,35a1a66f78dfd6255c4d804586ee6863969be78d21acec5cd0ccf00476ddaa5c,f80984d28ef9a7550633fb3aea514f783f3db1fa655a6d3f49850b10857e6afc,86af0abedd46c2a0c8eddb4fea4739037bd2bfd7259cc44a9b8303088bfee3b9,last,ood_metric/aupr_out_openood_auc,OOD-3,primary,up,id_train,id_test_vs_mnist,detector_declared,detector/gda_class_density,mnist,far,,,,80000,C2,sgd,0.3,0.0001,0.9644773159323967,0.025247909904343124,0.964477 ± 0.025248,0.9725248525258587,0.9847204967768433,0.9361865984944883
metric_contract_v1.2,c38b09694be88aa74de0741b39e9d3ba0d6ff61a,35a1a66f78dfd6255c4d804586ee6863969be78d21acec5cd0ccf00476ddaa5c,f80984d28ef9a7550633fb3aea514f783f3db1fa655a6d3f49850b10857e6afc,86af0abedd46c2a0c8eddb4fea4739037bd2bfd7259cc44a9b8303088bfee3b9,last,ood_metric/aupr_out_openood_auc,OOD-3,primary,up,id_train,id_test_vs_mnist,detector_declared,detector/knn_l2_k50,mnist,far,,,,80000,C2,sgd,0.3,0.0001,0.990084407371466,0.0023821667955882626,0.990084 ± 0.002382,0.9916494574022949,0.9912608827242891,0.987342881987814
metric_contract_v1.2,c38b09694be88aa74de0741b39e9d3ba0d6ff61a,35a1a66f78dfd6255c4d804586ee6863969be78d21acec5cd0ccf00476ddaa5c,f80984d28ef9a7550633fb3aea514f783f3db1fa655a6d3f49850b10857e6afc,86af0abedd46c2a0c8eddb4fea4739037bd2bfd7259cc44a9b8303088bfee3b9,last,ood_metric/aupr_out_openood_auc,OOD-3,primary,up,id_train,id_test_vs_mnist,detector_declared,detector/mahalanobis_pp,mnist,far,,,,80000,C2,sgd,0.3,0.0001,0.9926400764497334,0.001978910232036798,0.992640 ± 0.001979,0.9948092088127274,0.99217779179642,0.9909332287400525
metric_contract_v1.2,c38b09694be88aa74de0741b39e9d3ba0d6ff61a,35a1a66f78dfd6255c4d804586ee6863969be78d21acec5cd0ccf00476ddaa5c,f80984d28ef9a7550633fb3aea514f783f3db1fa655a6d3f49850b10857e6afc,86af0abedd46c2a0c8eddb4fea4739037bd2bfd7259cc44a9b8303088bfee3b9,last,ood_metric/aupr_out_openood_auc,OOD-3,primary,up,id_train,id_test_vs_mnist,detector_declared,detector/mahalanobis_raw,mnist,far,,,,80000,C2,sgd,0.3,0.0001,0.9764936895347006,0.008065299678114842,0.976494 ± 0.008065,0.9853475828292865,0.9745678404552494,0.9695656453195658
metric_contract_v1.2,c38b09694be88aa74de0741b39e9d3ba0d6ff61a,35a1a66f78dfd6255c4d804586ee6863969be78d21acec5cd0ccf00476ddaa5c,f80984d28ef9a7550633fb3aea514f783f3db1fa655a6d3f49850b10857e6afc,86af0abedd46c2a0c8eddb4fea4739037bd2bfd7259cc44a9b8303088bfee3b9,last,ood_metric/aupr_out_openood_auc,OOD-3,primary,up,id_train,id_test_vs_mnist,detector_declared,detector/marginal_mahalanobis_raw,mnist,far,,,,80000,C2,sgd,0.3,0.0001,0.9664315957241983,0.010664536993341798,0.966432 ± 0.010665,0.9786333631947456,0.9617694622203323,0.9588919617575169
metric_contract_v1.2,c38b09694be88aa74de0741b39e9d3ba0d6ff61a,35a1a66f78dfd6255c4d804586ee6863969be78d21acec5cd0ccf00476ddaa5c,f80984d28ef9a7550633fb3aea514f783f3db1fa655a6d3f49850b10857e6afc,86af0abedd46c2a0c8eddb4fea4739037bd2bfd7259cc44a9b8303088bfee3b9,last,ood_metric/aupr_out_openood_auc,OOD-3,primary,up,id_train,id_test_vs_mnist,detector_declared,detector/ncp_euclidean_raw,mnist,far,,,,80000,C2,sgd,0.3,0.0001,0.9618937680435501,0.00842494037678169,0.961894 ± 0.008425,0.9621098768767238,0.9702085749627264,0.9533628522912
metric_contract_v1.2,c38b09694be88aa74de0741b39e9d3ba0d6ff61a,35a1a66f78dfd6255c4d804586ee6863969be78d21acec5cd0ccf00476ddaa5c,f80984d28ef9a7550633fb3aea514f783f3db1fa655a6d3f49850b10857e6afc,86af0abedd46c2a0c8eddb4fea4739037bd2bfd7259cc44a9b8303088bfee3b9,last,ood_metric/aupr_out_openood_auc,OOD-3,primary,up,id_train,id_test_vs_mnist,detector_declared,detector/neco_author_std_dim100,mnist,far,,,,80000,C2,sgd,0.3,0.0001,0.9783701324868609,0.008652030291969943,0.978370 ± 0.008652,0.9699553078323138,0.9872413064609261,0.9779137831673428
metric_contract_v1.2,c38b09694be88aa74de0741b39e9d3ba0d6ff61a,35a1a66f78dfd6255c4d804586ee6863969be78d21acec5cd0ccf00476ddaa5c,f80984d28ef9a7550633fb3aea514f783f3db1fa655a6d3f49850b10857e6afc,86af0abedd46c2a0c8eddb4fea4739037bd2bfd7259cc44a9b8303088bfee3b9,last,ood_metric/aupr_out_openood_auc,OOD-3,primary,up,id_train,id_test_vs_mnist,detector_declared,detector/relative_mahalanobis_pp,mnist,far,,,,80000,C2,sgd,0.3,0.0001,0.9808500203189325,0.00546603907283942,0.980850 ± 0.005466,0.9821564099975801,0.9855444971833924,0.9748491537758249
metric_contract_v1.2,c38b09694be88aa74de0741b39e9d3ba0d6ff61a,35a1a66f78dfd6255c4d804586ee6863969be78d21acec5cd0ccf00476ddaa5c,f80984d28ef9a7550633fb3aea514f783f3db1fa655a6d3f49850b10857e6afc,86af0abedd46c2a0c8eddb4fea4739037bd2bfd7259cc44a9b8303088bfee3b9,last,ood_metric/aupr_out_openood_auc,OOD-3,primary,up,id_train,id_test_vs_mnist,detector_declared,detector/relative_mahalanobis_raw,mnist,far,,,,80000,C2,sgd,0.3,0.0001,0.9827457398588031,0.004973766840406602,0.982746 ± 0.004974,0.9840031799322365,0.9869701105825216,0.9772639290616513
metric_contract_v1.2,c38b09694be88aa74de0741b39e9d3ba0d6ff61a,35a1a66f78dfd6255c4d804586ee6863969be78d21acec5cd0ccf00476ddaa5c,f80984d28ef9a7550633fb3aea514f783f3db1fa655a6d3f49850b10857e6afc,86af0abedd46c2a0c8eddb4fea4739037bd2bfd7259cc44a9b8303088bfee3b9,last,ood_metric/aupr_out_openood_auc,OOD-3,primary,up,id_train,id_test_vs_mnist,detector_declared,detector/vim_author_dim,mnist,far,,,,80000,C2,sgd,0.3,0.0001,0.9930608112081322,0.002133706979335378,0.993061 ± 0.002134,0.9945855102795076,0.9939745210478766,0.990622402297012
metric_contract_v1.2,c38b09694be88aa74de0741b39e9d3ba0d6ff61a,35a1a66f78dfd6255c4d804586ee6863969be78d21acec5cd0ccf00476ddaa5c,f80984d28ef9a7550633fb3aea514f783f3db1fa655a6d3f49850b10857e6afc,86af0abedd46c2a0c8eddb4fea4739037bd2bfd7259cc44a9b8303088bfee3b9,last,ood_metric/aupr_out_openood_auc,OOD-3,primary,up,id_train,id_test_vs_mnist,detector_declared,detector/vim_dim128,mnist,far,,,,80000,C2,sgd,0.3,0.0001,0.9939417261592663,0.0022420513872522772,0.993942 ± 0.002242,0.9952771247009904,0.9951947891001708,0.9913532646766375
metric_contract_v1.2,c38b09694be88aa74de0741b39e9d3ba0d6ff61a,35a1a66f78dfd6255c4d804586ee6863969be78d21acec5cd0ccf00476ddaa5c,f80984d28ef9a7550633fb3aea514f783f3db1fa655a6d3f49850b10857e6afc,86af0abedd46c2a0c8eddb4fea4739037bd2bfd7259cc44a9b8303088bfee3b9,last,ood_metric/aupr_out_openood_auc,OOD-3,primary,up,id_train,id_test_vs_mnist,detector_declared,detector/vim_dim256,mnist,far,,,,80000,C2,sgd,0.3,0.0001,0.9941476581679026,0.0018470293969837632,0.994148 ± 0.001847,0.9956812140160543,0.994664497179977,0.9920972633076763
metric_contract_v1.2,c38b09694be88aa74de0741b39e9d3ba0d6ff61a,35a1a66f78dfd6255c4d804586ee6863969be78d21acec5cd0ccf00476ddaa5c,f80984d28ef9a7550633fb3aea514f783f3db1fa655a6d3f49850b10857e6afc,86af0abedd46c2a0c8eddb4fea4739037bd2bfd7259cc44a9b8303088bfee3b9,last,ood_metric/aupr_out_openood_auc,OOD-3,primary,up,id_train,id_test_vs_mnist,detector_declared,detector/vim_dim320,mnist,far,,,,80000,C2,sgd,0.3,0.0001,0.9930608112081322,0.002133706979335378,0.993061 ± 0.002134,0.9945855102795076,0.9939745210478766,0.990622402297012
metric_contract_v1.2,c38b09694be88aa74de0741b39e9d3ba0d6ff61a,35a1a66f78dfd6255c4d804586ee6863969be78d21acec5cd0ccf00476ddaa5c,f80984d28ef9a7550633fb3aea514f783f3db1fa655a6d3f49850b10857e6afc,86af0abedd46c2a0c8eddb4fea4739037bd2bfd7259cc44a9b8303088bfee3b9,last,ood_metric/aupr_out_openood_auc,OOD-3,primary,up,id_train,id_test_vs_mnist,detector_declared,detector/vim_dim64,mnist,far,,,,80000,C2,sgd,0.3,0.0001,0.9928747755330506,0.0015649442769004908,0.992875 ± 0.001565,0.9934205879082026,0.9940937196154921,0.9911100190754568
metric_contract_v1.2,c38b09694be88aa74de0741b39e9d3ba0d6ff61a,35a1a66f78dfd6255c4d804586ee6863969be78d21acec5cd0ccf00476ddaa5c,f80984d28ef9a7550633fb3aea514f783f3db1fa655a6d3f49850b10857e6afc,86af0abedd46c2a0c8eddb4fea4739037bd2bfd7259cc44a9b8303088bfee3b9,last,ood_metric/aupr_out_openood_auc,OOD-3,primary,up,id_train,id_test_vs_mnist,detector_declared,detector/weight_cosine_appendix,mnist,far,,,,80000,C2,sgd,0.3,0.0001,0.9879532820280622,0.003239486440981572,0.987953 ± 0.003239,0.9883947844913711,0.990949373826845,0.9845156877659705
metric_contract_v1.2,c38b09694be88aa74de0741b39e9d3ba0d6ff61a,35a1a66f78dfd6255c4d804586ee6863969be78d21acec5cd0ccf00476ddaa5c,f80984d28ef9a7550633fb3aea514f783f3db1fa655a6d3f49850b10857e6afc,86af0abedd46c2a0c8eddb4fea4739037bd2bfd7259cc44a9b8303088bfee3b9,last,ood_metric/aupr_out_openood_auc,OOD-3,primary,up,,id_test_vs_mnist,detector_declared,ood_score/energy_t1,mnist,far,,,,80000,C2,sgd,0.3,0.0001,0.9879787216601809,0.004181982978999137,0.987979 ± 0.004182,0.9891323349813294,0.9914628094658036,0.9833410205334094
metric_contract_v1.2,c38b09694be88aa74de0741b39e9d3ba0d6ff61a,35a1a66f78dfd6255c4d804586ee6863969be78d21acec5cd0ccf00476ddaa5c,f80984d28ef9a7550633fb3aea514f783f3db1fa655a6d3f49850b10857e6afc,86af0abedd46c2a0c8eddb4fea4739037bd2bfd7259cc44a9b8303088bfee3b9,last,ood_metric/aupr_out_openood_auc,OOD-3,primary,up,,id_test_vs_mnist,detector_declared,ood_score/max_logit,mnist,far,,,,80000,C2,sgd,0.3,0.0001,0.9879057300159726,0.004077673752030703,0.987906 ± 0.004078,0.9889471038998509,0.991361734984841,0.9834083511632259
metric_contract_v1.2,c38b09694be88aa74de0741b39e9d3ba0d6ff61a,35a1a66f78dfd6255c4d804586ee6863969be78d21acec5cd0ccf00476ddaa5c,f80984d28ef9a7550633fb3aea514f783f3db1fa655a6d3f49850b10857e6afc,86af0abedd46c2a0c8eddb4fea4739037bd2bfd7259cc44a9b8303088bfee3b9,last,ood_metric/aupr_out_openood_auc,OOD-3,primary,up,,id_test_vs_mnist,detector_declared,ood_score/msp,mnist,far,,,,80000,C2,sgd,0.3,0.0001,0.9823918644702244,0.003796479427293457,0.982392 ± 0.003796,0.9832548528966114,0.9856825597032848,0.978238180810777
metric_contract_v1.2,c38b09694be88aa74de0741b39e9d3ba0d6ff61a,35a1a66f78dfd6255c4d804586ee6863969be78d21acec5cd0ccf00476ddaa5c,f80984d28ef9a7550633fb3aea514f783f3db1fa655a6d3f49850b10857e6afc,86af0abedd46c2a0c8eddb4fea4739037bd2bfd7259cc44a9b8303088bfee3b9,last,ood_metric/auroc_id_positive,OOD-1,primary,up,id_train,id_test_vs_mnist,detector_declared,detector/ctm_prototype_cosine,mnist,far,,,,80000,C2,sgd,0.3,0.0001,0.9336198057142857,0.011708070004045031,0.933620 ± 0.011708,0.9341094457142857,0.9450753742857144,0.921674597142857
metric_contract_v1.2,c38b09694be88aa74de0741b39e9d3ba0d6ff61a,35a1a66f78dfd6255c4d804586ee6863969be78d21acec5cd0ccf00476ddaa5c,f80984d28ef9a7550633fb3aea514f783f3db1fa655a6d3f49850b10857e6afc,86af0abedd46c2a0c8eddb4fea4739037bd2bfd7259cc44a9b8303088bfee3b9,last,ood_metric/auroc_id_positive,OOD-1,primary,up,id_train,id_test_vs_mnist,detector_declared,detector/gda_class_density,mnist,far,,,,80000,C2,sgd,0.3,0.0001,0.870241802857143,0.06882012513683873,0.870242 ± 0.068820,0.8674807785714287,0.9404008885714287,0.8028437414285715
metric_contract_v1.2,c38b09694be88aa74de0741b39e9d3ba0d6ff61a,35a1a66f78dfd6255c4d804586ee6863969be78d21acec5cd0ccf00476ddaa5c,f80984d28ef9a7550633fb3aea514f783f3db1fa655a6d3f49850b10857e6afc,86af0abedd46c2a0c8eddb4fea4739037bd2bfd7259cc44a9b8303088bfee3b9,last,ood_metric/auroc_id_positive,OOD-1,primary,up,id_train,id_test_vs_mnist,detector_declared,detector/knn_l2_k50,mnist,far,,,,80000,C2,sgd,0.3,0.0001,0.952873098095238,0.008721693029965158,0.952873 ± 0.008722,0.9573405114285715,0.9584560142857143,0.9428227685714284
metric_contract_v1.2,c38b09694be88aa74de0741b39e9d3ba0d6ff61a,35a1a66f78dfd6255c4d804586ee6863969be78d21acec5cd0ccf00476ddaa5c,f80984d28ef9a7550633fb3aea514f783f3db1fa655a6d3f49850b10857e6afc,86af0abedd46c2a0c8eddb4fea4739037bd2bfd7259cc44a9b8303088bfee3b9,last,ood_metric/auroc_id_positive,OOD-1,primary,up,id_train,id_test_vs_mnist,detector_declared,detector/mahalanobis_pp,mnist,far,,,,80000,C2,sgd,0.3,0.0001,0.9659853723809523,0.00746696409220502,0.965985 ± 0.007467,0.9744826042857143,0.9604705257142856,0.9630029871428571
metric_contract_v1.2,c38b09694be88aa74de0741b39e9d3ba0d6ff61a,35a1a66f78dfd6255c4d804586ee6863969be78d21acec5cd0ccf00476ddaa5c,f80984d28ef9a7550633fb3aea514f783f3db1fa655a6d3f49850b10857e6afc,86af0abedd46c2a0c8eddb4fea4739037bd2bfd7259cc44a9b8303088bfee3b9,last,ood_metric/auroc_id_positive,OOD-1,primary,up,id_train,id_test_vs_mnist,detector_declared,detector/mahalanobis_raw,mnist,far,,,,80000,C2,sgd,0.3,0.0001,0.9078617185714286,0.028076941270179793,0.907862 ± 0.028077,0.9401982557142857,0.8937123371428572,0.889674562857143
metric_contract_v1.2,c38b09694be88aa74de0741b39e9d3ba0d6ff61a,35a1a66f78dfd6255c4d804586ee6863969be78d21acec5cd0ccf00476ddaa5c,f80984d28ef9a7550633fb3aea514f783f3db1fa655a6d3f49850b10857e6afc,86af0abedd46c2a0c8eddb4fea4739037bd2bfd7259cc44a9b8303088bfee3b9,last,ood_metric/auroc_id_positive,OOD-1,primary,up,id_train,id_test_vs_mnist,detector_declared,detector/marginal_mahalanobis_raw,mnist,far,,,,80000,C2,sgd,0.3,0.0001,0.8668132876190476,0.03890862716929538,0.866813 ± 0.038909,0.9115980385714284,0.8413183599999999,0.8475234642857143
metric_contract_v1.2,c38b09694be88aa74de0741b39e9d3ba0d6ff61a,35a1a66f78dfd6255c4d804586ee6863969be78d21acec5cd0ccf00476ddaa5c,f80984d28ef9a7550633fb3aea514f783f3db1fa655a6d3f49850b10857e6afc,86af0abedd46c2a0c8eddb4fea4739037bd2bfd7259cc44a9b8303088bfee3b9,last,ood_metric/auroc_id_positive,OOD-1,primary,up,id_train,id_test_vs_mnist,detector_declared,detector/ncp_euclidean_raw,mnist,far,,,,80000,C2,sgd,0.3,0.0001,0.8619329704761904,0.02417790695425393,0.861933 ± 0.024178,0.8684029214285715,0.8822176885714286,0.8351783014285714
metric_contract_v1.2,c38b09694be88aa74de0741b39e9d3ba0d6ff61a,35a1a66f78dfd6255c4d804586ee6863969be78d21acec5cd0ccf00476ddaa5c,f80984d28ef9a7550633fb3aea514f783f3db1fa655a6d3f49850b10857e6afc,86af0abedd46c2a0c8eddb4fea4739037bd2bfd7259cc44a9b8303088bfee3b9,last,ood_metric/auroc_id_positive,OOD-1,primary,up,id_train,id_test_vs_mnist,detector_declared,detector/neco_author_std_dim100,mnist,far,,,,80000,C2,sgd,0.3,0.0001,0.9077542599999999,0.028335031663993475,0.907754 ± 0.028335,0.8794559085714286,0.9361258299999999,0.9076810414285714
metric_contract_v1.2,c38b09694be88aa74de0741b39e9d3ba0d6ff61a,35a1a66f78dfd6255c4d804586ee6863969be78d21acec5cd0ccf00476ddaa5c,f80984d28ef9a7550633fb3aea514f783f3db1fa655a6d3f49850b10857e6afc,86af0abedd46c2a0c8eddb4fea4739037bd2bfd7259cc44a9b8303088bfee3b9,last,ood_metric/auroc_id_positive,OOD-1,primary,up,id_train,id_test_vs_mnist,detector_declared,detector/relative_mahalanobis_pp,mnist,far,,,,80000,C2,sgd,0.3,0.0001,0.9166350357142857,0.015926676930381696,0.916635 ± 0.015927,0.9171478,0.9322991385714285,0.9004581685714286
metric_contract_v1.2,c38b09694be88aa74de0741b39e9d3ba0d6ff61a,35a1a66f78dfd6255c4d804586ee6863969be78d21acec5cd0ccf00476ddaa5c,f80984d28ef9a7550633fb3aea514f783f3db1fa655a6d3f49850b10857e6afc,86af0abedd46c2a0c8eddb4fea4739037bd2bfd7259cc44a9b8303088bfee3b9,last,ood_metric/auroc_id_positive,OOD-1,primary,up,id_train,id_test_vs_mnist,detector_declared,detector/relative_mahalanobis_raw,mnist,far,,,,80000,C2,sgd,0.3,0.0001,0.9256552814285713,0.014262811027734967,0.925655 ± 0.014263,0.9258210442857143,0.9398344885714285,0.9113103114285714
metric_contract_v1.2,c38b09694be88aa74de0741b39e9d3ba0d6ff61a,35a1a66f78dfd6255c4d804586ee6863969be78d21acec5cd0ccf00476ddaa5c,f80984d28ef9a7550633fb3aea514f783f3db1fa655a6d3f49850b10857e6afc,86af0abedd46c2a0c8eddb4fea4739037bd2bfd7259cc44a9b8303088bfee3b9,last,ood_metric/auroc_id_positive,OOD-1,primary,up,id_train,id_test_vs_mnist,detector_declared,detector/vim_author_dim,mnist,far,,,,80000,C2,sgd,0.3,0.0001,0.9655096361904763,0.009400050530784318,0.965510 ± 0.009400,0.9717894728571429,0.97003677,0.9547026657142857
metric_contract_v1.2,c38b09694be88aa74de0741b39e9d3ba0d6ff61a,35a1a66f78dfd6255c4d804586ee6863969be78d21acec5cd0ccf00476ddaa5c,f80984d28ef9a7550633fb3aea514f783f3db1fa655a6d3f49850b10857e6afc,86af0abedd46c2a0c8eddb4fea4739037bd2bfd7259cc44a9b8303088bfee3b9,last,ood_metric/auroc_id_positive,OOD-1,primary,up,id_train,id_test_vs_mnist,detector_declared,detector/vim_dim128,mnist,far,,,,80000,C2,sgd,0.3,0.0001,0.9691278028571428,0.011243496386462756,0.969128 ± 0.011243,0.9754094742857142,0.9758267671428573,0.956147167142857
metric_contract_v1.2,c38b09694be88aa74de0741b39e9d3ba0d6ff61a,35a1a66f78dfd6255c4d804586ee6863969be78d21acec5cd0ccf00476ddaa5c,f80984d28ef9a7550633fb3aea514f783f3db1fa655a6d3f49850b10857e6afc,86af0abedd46c2a0c8eddb4fea4739037bd2bfd7259cc44a9b8303088bfee3b9,last,ood_metric/auroc_id_positive,OOD-1,primary,up,id_train,id_test_vs_mnist,detector_declared,detector/vim_dim256,mnist,far,,,,80000,C2,sgd,0.3,0.0001,0.969974539047619,0.009367224581092196,0.969975 ± 0.009367,0.97731156,0.9731886871428571,0.9594233699999999
metric_contract_v1.2,c38b09694be88aa74de0741b39e9d3ba0d6ff61a,35a1a66f78dfd6255c4d804586ee6863969be78d21acec5cd0ccf00476ddaa5c,f80984d28ef9a7550633fb3aea514f783f3db1fa655a6d3f49850b10857e6afc,86af0abedd46c2a0c8eddb4fea4739037bd2bfd7259cc44a9b8303088bfee3b9,last,ood_metric/auroc_id_positive,OOD-1,primary,up,id_train,id_test_vs_mnist,detector_declared,detector/vim_dim320,mnist,far,,,,80000,C2,sgd,0.3,0.0001,0.9655096361904763,0.009400050530784318,0.965510 ± 0.009400,0.9717894728571429,0.97003677,0.9547026657142857
metric_contract_v1.2,c38b09694be88aa74de0741b39e9d3ba0d6ff61a,35a1a66f78dfd6255c4d804586ee6863969be78d21acec5cd0ccf00476ddaa5c,f80984d28ef9a7550633fb3aea514f783f3db1fa655a6d3f49850b10857e6afc,86af0abedd46c2a0c8eddb4fea4739037bd2bfd7259cc44a9b8303088bfee3b9,last,ood_metric/auroc_id_positive,OOD-1,primary,up,id_train,id_test_vs_mnist,detector_declared,detector/vim_dim64,mnist,far,,,,80000,C2,sgd,0.3,0.0001,0.963750799047619,0.00877720985656104,0.963751 ± 0.008777,0.9663493671428571,0.9709353228571428,0.953967707142857
metric_contract_v1.2,c38b09694be88aa74de0741b39e9d3ba0d6ff61a,35a1a66f78dfd6255c4d804586ee6863969be78d21acec5cd0ccf00476ddaa5c,f80984d28ef9a7550633fb3aea514f783f3db1fa655a6d3f49850b10857e6afc,86af0abedd46c2a0c8eddb4fea4739037bd2bfd7259cc44a9b8303088bfee3b9,last,ood_metric/auroc_id_positive,OOD-1,primary,up,id_train,id_test_vs_mnist,detector_declared,detector/weight_cosine_appendix,mnist,far,,,,80000,C2,sgd,0.3,0.0001,0.9460877676190477,0.010718807893424201,0.946088 ± 0.010719,0.9473750257142858,0.9561048171428571,0.93478346
metric_contract_v1.2,c38b09694be88aa74de0741b39e9d3ba0d6ff61a,35a1a66f78dfd6255c4d804586ee6863969be78d21acec5cd0ccf00476ddaa5c,f80984d28ef9a7550633fb3aea514f783f3db1fa655a6d3f49850b10857e6afc,86af0abedd46c2a0c8eddb4fea4739037bd2bfd7259cc44a9b8303088bfee3b9,last,ood_metric/auroc_id_positive,OOD-1,primary,up,,id_test_vs_mnist,detector_declared,ood_score/energy_t1,mnist,far,,,,80000,C2,sgd,0.3,0.0001,0.9422875076190476,0.016660089767070344,0.942288 ± 0.016660,0.9442681642857143,0.9578687314285714,0.9247256271428571
metric_contract_v1.2,c38b09694be88aa74de0741b39e9d3ba0d6ff61a,35a1a66f78dfd6255c4d804586ee6863969be78d21acec5cd0ccf00476ddaa5c,f80984d28ef9a7550633fb3aea514f783f3db1fa655a6d3f49850b10857e6afc,86af0abedd46c2a0c8eddb4fea4739037bd2bfd7259cc44a9b8303088bfee3b9,last,ood_metric/auroc_id_positive,OOD-1,primary,up,,id_test_vs_mnist,detector_declared,ood_score/max_logit,mnist,far,,,,80000,C2,sgd,0.3,0.0001,0.9417578814285714,0.016691306013109933,0.941758 ± 0.016691,0.9437031907142858,0.9573912957142857,0.9241791578571429
metric_contract_v1.2,c38b09694be88aa74de0741b39e9d3ba0d6ff61a,35a1a66f78dfd6255c4d804586ee6863969be78d21acec5cd0ccf00476ddaa5c,f80984d28ef9a7550633fb3aea514f783f3db1fa655a6d3f49850b10857e6afc,86af0abedd46c2a0c8eddb4fea4739037bd2bfd7259cc44a9b8303088bfee3b9,last,ood_metric/auroc_id_positive,OOD-1,primary,up,,id_test_vs_mnist,detector_declared,ood_score/msp,mnist,far,,,,80000,C2,sgd,0.3,0.0001,0.9227232819047618,0.015343906046562106,0.922723 ± 0.015344,0.9253702857142856,0.93657148,0.90622808
metric_contract_v1.2,c38b09694be88aa74de0741b39e9d3ba0d6ff61a,35a1a66f78dfd6255c4d804586ee6863969be78d21acec5cd0ccf00476ddaa5c,f80984d28ef9a7550633fb3aea514f783f3db1fa655a6d3f49850b10857e6afc,86af0abedd46c2a0c8eddb4fea4739037bd2bfd7259cc44a9b8303088bfee3b9,last,ood_metric/fpr95_achieved_id_tpr,OOD-4,appendix,descriptive,id_train,id_test_vs_mnist,detector_declared,detector/ctm_prototype_cosine,mnist,far,,,,80000,C2,sgd,0.3,0.0001,0.9499999999999998,1.3597399555105182e-16,0.950000 ± 0.000000,0.95,0.95,0.95
metric_contract_v1.2,c38b09694be88aa74de0741b39e9d3ba0d6ff61a,35a1a66f78dfd6255c4d804586ee6863969be78d21acec5cd0ccf00476ddaa5c,f80984d28ef9a7550633fb3aea514f783f3db1fa655a6d3f49850b10857e6afc,86af0abedd46c2a0c8eddb4fea4739037bd2bfd7259cc44a9b8303088bfee3b9,last,ood_metric/fpr95_achieved_id_tpr,OOD-4,appendix,descriptive,id_train,id_test_vs_mnist,detector_declared,detector/gda_class_density,mnist,far,,,,80000,C2,sgd,0.3,0.0001,0.9499999999999998,1.3597399555105182e-16,0.950000 ± 0.000000,0.95,0.95,0.95
metric_contract_v1.2,c38b09694be88aa74de0741b39e9d3ba0d6ff61a,35a1a66f78dfd6255c4d804586ee6863969be78d21acec5cd0ccf00476ddaa5c,f80984d28ef9a7550633fb3aea514f783f3db1fa655a6d3f49850b10857e6afc,86af0abedd46c2a0c8eddb4fea4739037bd2bfd7259cc44a9b8303088bfee3b9,last,ood_metric/fpr95_achieved_id_tpr,OOD-4,appendix,descriptive,id_train,id_test_vs_mnist,detector_declared,detector/knn_l2_k50,mnist,far,,,,80000,C2,sgd,0.3,0.0001,0.9499999999999998,1.3597399555105182e-16,0.950000 ± 0.000000,0.95,0.95,0.95
metric_contract_v1.2,c38b09694be88aa74de0741b39e9d3ba0d6ff61a,35a1a66f78dfd6255c4d804586ee6863969be78d21acec5cd0ccf00476ddaa5c,f80984d28ef9a7550633fb3aea514f783f3db1fa655a6d3f49850b10857e6afc,86af0abedd46c2a0c8eddb4fea4739037bd2bfd7259cc44a9b8303088bfee3b9,last,ood_metric/fpr95_achieved_id_tpr,OOD-4,appendix,descriptive,id_train,id_test_vs_mnist,detector_declared,detector/mahalanobis_pp,mnist,far,,,,80000,C2,sgd,0.3,0.0001,0.9499999999999998,1.3597399555105182e-16,0.950000 ± 0.000000,0.95,0.95,0.95
metric_contract_v1.2,c38b09694be88aa74de0741b39e9d3ba0d6ff61a,35a1a66f78dfd6255c4d804586ee6863969be78d21acec5cd0ccf00476ddaa5c,f80984d28ef9a7550633fb3aea514f783f3db1fa655a6d3f49850b10857e6afc,86af0abedd46c2a0c8eddb4fea4739037bd2bfd7259cc44a9b8303088bfee3b9,last,ood_metric/fpr95_achieved_id_tpr,OOD-4,appendix,descriptive,id_train,id_test_vs_mnist,detector_declared,detector/mahalanobis_raw,mnist,far,,,,80000,C2,sgd,0.3,0.0001,0.9499999999999998,1.3597399555105182e-16,0.950000 ± 0.000000,0.95,0.95,0.95
metric_contract_v1.2,c38b09694be88aa74de0741b39e9d3ba0d6ff61a,35a1a66f78dfd6255c4d804586ee6863969be78d21acec5cd0ccf00476ddaa5c,f80984d28ef9a7550633fb3aea514f783f3db1fa655a6d3f49850b10857e6afc,86af0abedd46c2a0c8eddb4fea4739037bd2bfd7259cc44a9b8303088bfee3b9,last,ood_metric/fpr95_achieved_id_tpr,OOD-4,appendix,descriptive,id_train,id_test_vs_mnist,detector_declared,detector/marginal_mahalanobis_raw,mnist,far,,,,80000,C2,sgd,0.3,0.0001,0.9499999999999998,1.3597399555105182e-16,0.950000 ± 0.000000,0.95,0.95,0.95
metric_contract_v1.2,c38b09694be88aa74de0741b39e9d3ba0d6ff61a,35a1a66f78dfd6255c4d804586ee6863969be78d21acec5cd0ccf00476ddaa5c,f80984d28ef9a7550633fb3aea514f783f3db1fa655a6d3f49850b10857e6afc,86af0abedd46c2a0c8eddb4fea4739037bd2bfd7259cc44a9b8303088bfee3b9,last,ood_metric/fpr95_achieved_id_tpr,OOD-4,appendix,descriptive,id_train,id_test_vs_mnist,detector_declared,detector/ncp_euclidean_raw,mnist,far,,,,80000,C2,sgd,0.3,0.0001,0.9499999999999998,1.3597399555105182e-16,0.950000 ± 0.000000,0.95,0.95,0.95
metric_contract_v1.2,c38b09694be88aa74de0741b39e9d3ba0d6ff61a,35a1a66f78dfd6255c4d804586ee6863969be78d21acec5cd0ccf00476ddaa5c,f80984d28ef9a7550633fb3aea514f783f3db1fa655a6d3f49850b10857e6afc,86af0abedd46c2a0c8eddb4fea4739037bd2bfd7259cc44a9b8303088bfee3b9,last,ood_metric/fpr95_achieved_id_tpr,OOD-4,appendix,descriptive,id_train,id_test_vs_mnist,detector_declared,detector/neco_author_std_dim100,mnist,far,,,,80000,C2,sgd,0.3,0.0001,0.9499999999999998,1.3597399555105182e-16,0.950000 ± 0.000000,0.95,0.95,0.95
metric_contract_v1.2,c38b09694be88aa74de0741b39e9d3ba0d6ff61a,35a1a66f78dfd6255c4d804586ee6863969be78d21acec5cd0ccf00476ddaa5c,f80984d28ef9a7550633fb3aea514f783f3db1fa655a6d3f49850b10857e6afc,86af0abedd46c2a0c8eddb4fea4739037bd2bfd7259cc44a9b8303088bfee3b9,last,ood_metric/fpr95_achieved_id_tpr,OOD-4,appendix,descriptive,id_train,id_test_vs_mnist,detector_declared,detector/relative_mahalanobis_pp,mnist,far,,,,80000,C2,sgd,0.3,0.0001,0.9499999999999998,1.3597399555105182e-16,0.950000 ± 0.000000,0.95,0.95,0.95
metric_contract_v1.2,c38b09694be88aa74de0741b39e9d3ba0d6ff61a,35a1a66f78dfd6255c4d804586ee6863969be78d21acec5cd0ccf00476ddaa5c,f80984d28ef9a7550633fb3aea514f783f3db1fa655a6d3f49850b10857e6afc,86af0abedd46c2a0c8eddb4fea4739037bd2bfd7259cc44a9b8303088bfee3b9,last,ood_metric/fpr95_achieved_id_tpr,OOD-4,appendix,descriptive,id_train,id_test_vs_mnist,detector_declared,detector/relative_mahalanobis_raw,mnist,far,,,,80000,C2,sgd,0.3,0.0001,0.9499999999999998,1.3597399555105182e-16,0.950000 ± 0.000000,0.95,0.95,0.95
metric_contract_v1.2,c38b09694be88aa74de0741b39e9d3ba0d6ff61a,35a1a66f78dfd6255c4d804586ee6863969be78d21acec5cd0ccf00476ddaa5c,f80984d28ef9a7550633fb3aea514f783f3db1fa655a6d3f49850b10857e6afc,86af0abedd46c2a0c8eddb4fea4739037bd2bfd7259cc44a9b8303088bfee3b9,last,ood_metric/fpr95_achieved_id_tpr,OOD-4,appendix,descriptive,id_train,id_test_vs_mnist,detector_declared,detector/vim_author_dim,mnist,far,,,,80000,C2,sgd,0.3,0.0001,0.9499999999999998,1.3597399555105182e-16,0.950000 ± 0.000000,0.95,0.95,0.95
metric_contract_v1.2,c38b09694be88aa74de0741b39e9d3ba0d6ff61a,35a1a66f78dfd6255c4d804586ee6863969be78d21acec5cd0ccf00476ddaa5c,f80984d28ef9a7550633fb3aea514f783f3db1fa655a6d3f49850b10857e6afc,86af0abedd46c2a0c8eddb4fea4739037bd2bfd7259cc44a9b8303088bfee3b9,last,ood_metric/fpr95_achieved_id_tpr,OOD-4,appendix,descriptive,id_train,id_test_vs_mnist,detector_declared,detector/vim_dim128,mnist,far,,,,80000,C2,sgd,0.3,0.0001,0.9499999999999998,1.3597399555105182e-16,0.950000 ± 0.000000,0.95,0.95,0.95
metric_contract_v1.2,c38b09694be88aa74de0741b39e9d3ba0d6ff61a,35a1a66f78dfd6255c4d804586ee6863969be78d21acec5cd0ccf00476ddaa5c,f80984d28ef9a7550633fb3aea514f783f3db1fa655a6d3f49850b10857e6afc,86af0abedd46c2a0c8eddb4fea4739037bd2bfd7259cc44a9b8303088bfee3b9,last,ood_metric/fpr95_achieved_id_tpr,OOD-4,appendix,descriptive,id_train,id_test_vs_mnist,detector_declared,detector/vim_dim256,mnist,far,,,,80000,C2,sgd,0.3,0.0001,0.9499999999999998,1.3597399555105182e-16,0.950000 ± 0.000000,0.95,0.95,0.95
metric_contract_v1.2,c38b09694be88aa74de0741b39e9d3ba0d6ff61a,35a1a66f78dfd6255c4d804586ee6863969be78d21acec5cd0ccf00476ddaa5c,f80984d28ef9a7550633fb3aea514f783f3db1fa655a6d3f49850b10857e6afc,86af0abedd46c2a0c8eddb4fea4739037bd2bfd7259cc44a9b8303088bfee3b9,last,ood_metric/fpr95_achieved_id_tpr,OOD-4,appendix,descriptive,id_train,id_test_vs_mnist,detector_declared,detector/vim_dim320,mnist,far,,,,80000,C2,sgd,0.3,0.0001,0.9499999999999998,1.3597399555105182e-16,0.950000 ± 0.000000,0.95,0.95,0.95
metric_contract_v1.2,c38b09694be88aa74de0741b39e9d3ba0d6ff61a,35a1a66f78dfd6255c4d804586ee6863969be78d21acec5cd0ccf00476ddaa5c,f80984d28ef9a7550633fb3aea514f783f3db1fa655a6d3f49850b10857e6afc,86af0abedd46c2a0c8eddb4fea4739037bd2bfd7259cc44a9b8303088bfee3b9,last,ood_metric/fpr95_achieved_id_tpr,OOD-4,appendix,descriptive,id_train,id_test_vs_mnist,detector_declared,detector/vim_dim64,mnist,far,,,,80000,C2,sgd,0.3,0.0001,0.9499999999999998,1.3597399555105182e-16,0.950000 ± 0.000000,0.95,0.95,0.95
metric_contract_v1.2,c38b09694be88aa74de0741b39e9d3ba0d6ff61a,35a1a66f78dfd6255c4d804586ee6863969be78d21acec5cd0ccf00476ddaa5c,f80984d28ef9a7550633fb3aea514f783f3db1fa655a6d3f49850b10857e6afc,86af0abedd46c2a0c8eddb4fea4739037bd2bfd7259cc44a9b8303088bfee3b9,last,ood_metric/fpr95_achieved_id_tpr,OOD-4,appendix,descriptive,id_train,id_test_vs_mnist,detector_declared,detector/weight_cosine_appendix,mnist,far,,,,80000,C2,sgd,0.3,0.0001,0.9499999999999998,1.3597399555105182e-16,0.950000 ± 0.000000,0.95,0.95,0.95
metric_contract_v1.2,c38b09694be88aa74de0741b39e9d3ba0d6ff61a,35a1a66f78dfd6255c4d804586ee6863969be78d21acec5cd0ccf00476ddaa5c,f80984d28ef9a7550633fb3aea514f783f3db1fa655a6d3f49850b10857e6afc,86af0abedd46c2a0c8eddb4fea4739037bd2bfd7259cc44a9b8303088bfee3b9,last,ood_metric/fpr95_achieved_id_tpr,OOD-4,appendix,descriptive,,id_test_vs_mnist,detector_declared,ood_score/energy_t1,mnist,far,,,,80000,C2,sgd,0.3,0.0001,0.9499999999999998,1.3597399555105182e-16,0.950000 ± 0.000000,0.95,0.95,0.95
metric_contract_v1.2,c38b09694be88aa74de0741b39e9d3ba0d6ff61a,35a1a66f78dfd6255c4d804586ee6863969be78d21acec5cd0ccf00476ddaa5c,f80984d28ef9a7550633fb3aea514f783f3db1fa655a6d3f49850b10857e6afc,86af0abedd46c2a0c8eddb4fea4739037bd2bfd7259cc44a9b8303088bfee3b9,last,ood_metric/fpr95_achieved_id_tpr,OOD-4,appendix,descriptive,,id_test_vs_mnist,detector_declared,ood_score/max_logit,mnist,far,,,,80000,C2,sgd,0.3,0.0001,0.9499999999999998,1.3597399555105182e-16,0.950000 ± 0.000000,0.95,0.95,0.95
metric_contract_v1.2,c38b09694be88aa74de0741b39e9d3ba0d6ff61a,35a1a66f78dfd6255c4d804586ee6863969be78d21acec5cd0ccf00476ddaa5c,f80984d28ef9a7550633fb3aea514f783f3db1fa655a6d3f49850b10857e6afc,86af0abedd46c2a0c8eddb4fea4739037bd2bfd7259cc44a9b8303088bfee3b9,last,ood_metric/fpr95_achieved_id_tpr,OOD-4,appendix,descriptive,,id_test_vs_mnist,detector_declared,ood_score/msp,mnist,far,,,,80000,C2,sgd,0.3,0.0001,0.9499999999999998,1.3597399555105182e-16,0.950000 ± 0.000000,0.95,0.95,0.95
metric_contract_v1.2,c38b09694be88aa74de0741b39e9d3ba0d6ff61a,35a1a66f78dfd6255c4d804586ee6863969be78d21acec5cd0ccf00476ddaa5c,f80984d28ef9a7550633fb3aea514f783f3db1fa655a6d3f49850b10857e6afc,86af0abedd46c2a0c8eddb4fea4739037bd2bfd7259cc44a9b8303088bfee3b9,last,ood_metric/fpr95_id_tpr,OOD-4,primary,down,id_train,id_test_vs_mnist,detector_declared,detector/ctm_prototype_cosine,mnist,far,,,,80000,C2,sgd,0.3,0.0001,0.38466666666666666,0.0689439469651198,0.384667 ± 0.068944,0.3851142857142857,0.3155,0.4533857142857143
metric_contract_v1.2,c38b09694be88aa74de0741b39e9d3ba0d6ff61a,35a1a66f78dfd6255c4d804586ee6863969be78d21acec5cd0ccf00476ddaa5c,f80984d28ef9a7550633fb3aea514f783f3db1fa655a6d3f49850b10857e6afc,86af0abedd46c2a0c8eddb4fea4739037bd2bfd7259cc44a9b8303088bfee3b9,last,ood_metric/fpr95_id_tpr,OOD-4,primary,down,id_train,id_test_vs_mnist,detector_declared,detector/gda_class_density,mnist,far,,,,80000,C2,sgd,0.3,0.0001,0.657247619047619,0.25975292119248095,0.657248 ± 0.259753,0.5900857142857143,0.43767142857142854,0.9439857142857143
metric_contract_v1.2,c38b09694be88aa74de0741b39e9d3ba0d6ff61a,35a1a66f78dfd6255c4d804586ee6863969be78d21acec5cd0ccf00476ddaa5c,f80984d28ef9a7550633fb3aea514f783f3db1fa655a6d3f49850b10857e6afc,86af0abedd46c2a0c8eddb4fea4739037bd2bfd7259cc44a9b8303088bfee3b9,last,ood_metric/fpr95_id_tpr,OOD-4,primary,down,id_train,id_test_vs_mnist,detector_declared,detector/knn_l2_k50,mnist,far,,,,80000,C2,sgd,0.3,0.0001,0.30801904761904764,0.061272333426575266,0.308019 ± 0.061272,0.2797,0.26602857142857145,0.3783285714285714
metric_contract_v1.2,c38b09694be88aa74de0741b39e9d3ba0d6ff61a,35a1a66f78dfd6255c4d804586ee6863969be78d21acec5cd0ccf00476ddaa5c,f80984d28ef9a7550633fb3aea514f783f3db1fa655a6d3f49850b10857e6afc,86af0abedd46c2a0c8eddb4fea4739037bd2bfd7259cc44a9b8303088bfee3b9,last,ood_metric/fpr95_id_tpr,OOD-4,primary,down,id_train,id_test_vs_mnist,detector_declared,detector/mahalanobis_pp,mnist,far,,,,80000,C2,sgd,0.3,0.0001,0.20683809523809524,0.05452960314405029,0.206838 ± 0.054530,0.1477,0.2551285714285714,0.2176857142857143
metric_contract_v1.2,c38b09694be88aa74de0741b39e9d3ba0d6ff61a,35a1a66f78dfd6255c4d804586ee6863969be78d21acec5cd0ccf00476ddaa5c,f80984d28ef9a7550633fb3aea514f783f3db1fa655a6d3f49850b10857e6afc,86af0abedd46c2a0c8eddb4fea4739037bd2bfd7259cc44a9b8303088bfee3b9,last,ood_metric/fpr95_id_tpr,OOD-4,primary,down,id_train,id_test_vs_mnist,detector_declared,detector/mahalanobis_raw,mnist,far,,,,80000,C2,sgd,0.3,0.0001,0.5687619047619048,0.14843980181172692,0.568762 ± 0.148440,0.4021571428571429,0.6171857142857143,0.6869428571428572
metric_contract_v1.2,c38b09694be88aa74de0741b39e9d3ba0d6ff61a,35a1a66f78dfd6255c4d804586ee6863969be78d21acec5cd0ccf00476ddaa5c,f80984d28ef9a7550633fb3aea514f783f3db1fa655a6d3f49850b10857e6afc,86af0abedd46c2a0c8eddb4fea4739037bd2bfd7259cc44a9b8303088bfee3b9,last,ood_metric/fpr95_id_tpr,OOD-4,primary,down,id_train,id_test_vs_mnist,detector_declared,detector/marginal_mahalanobis_raw,mnist,far,,,,80000,C2,sgd,0.3,0.0001,0.7007666666666666,0.12000798471167587,0.700767 ± 0.120008,0.5626857142857142,0.7597,0.7799142857142857
metric_contract_v1.2,c38b09694be88aa74de0741b39e9d3ba0d6ff61a,35a1a66f78dfd6255c4d804586ee6863969be78d21acec5cd0ccf00476ddaa5c,f80984d28ef9a7550633fb3aea514f783f3db1fa655a6d3f49850b10857e6afc,86af0abedd46c2a0c8eddb4fea4739037bd2bfd7259cc44a9b8303088bfee3b9,last,ood_metric/fpr95_id_tpr,OOD-4,primary,down,id_train,id_test_vs_mnist,detector_declared,detector/ncp_euclidean_raw,mnist,far,,,,80000,C2,sgd,0.3,0.0001,0.7542047619047619,0.07921449096113214,0.754205 ± 0.079214,0.7639428571428571,0.6705714285714286,0.8281
metric_contract_v1.2,c38b09694be88aa74de0741b39e9d3ba0d6ff61a,35a1a66f78dfd6255c4d804586ee6863969be78d21acec5cd0ccf00476ddaa5c,f80984d28ef9a7550633fb3aea514f783f3db1fa655a6d3f49850b10857e6afc,86af0abedd46c2a0c8eddb4fea4739037bd2bfd7259cc44a9b8303088bfee3b9,last,ood_metric/fpr95_id_tpr,OOD-4,primary,down,id_train,id_test_vs_mnist,detector_declared,detector/neco_author_std_dim100,mnist,far,,,,80000,C2,sgd,0.3,0.0001,0.5279285714285714,0.14415639537159153,0.527929 ± 0.144156,0.6691428571428572,0.381,0.5336428571428572
metric_contract_v1.2,c38b09694be88aa74de0741b39e9d3ba0d6ff61a,35a1a66f78dfd6255c4d804586ee6863969be78d21acec5cd0ccf00476ddaa5c,f80984d28ef9a7550633fb3aea514f783f3db1fa655a6d3f49850b10857e6afc,86af0abedd46c2a0c8eddb4fea4739037bd2bfd7259cc44a9b8303088bfee3b9,last,ood_metric/fpr95_id_tpr,OOD-4,primary,down,id_train,id_test_vs_mnist,detector_declared,detector/relative_mahalanobis_pp,mnist,far,,,,80000,C2,sgd,0.3,0.0001,0.5404333333333333,0.09609999079756731,0.540433 ± 0.096100,0.5291285714285714,0.45048571428571427,0.6416857142857143
metric_contract_v1.2,c38b09694be88aa74de0741b39e9d3ba0d6ff61a,35a1a66f78dfd6255c4d804586ee6863969be78d21acec5cd0ccf00476ddaa5c,f80984d28ef9a7550633fb3aea514f783f3db1fa655a6d3f49850b10857e6afc,86af0abedd46c2a0c8eddb4fea4739037bd2bfd7259cc44a9b8303088bfee3b9,last,ood_metric/fpr95_id_tpr,OOD-4,primary,down,id_train,id_test_vs_mnist,detector_declared,detector/relative_mahalanobis_raw,mnist,far,,,,80000,C2,sgd,0.3,0.0001,0.5019142857142858,0.08949625804513633,0.501914 ± 0.089496,0.4868142857142857,0.42092857142857143,0.598
metric_contract_v1.2,c38b09694be88aa74de0741b39e9d3ba0d6ff61a,35a1a66f78dfd6255c4d804586ee6863969be78d21acec5cd0ccf00476ddaa5c,f80984d28ef9a7550633fb3aea514f783f3db1fa655a6d3f49850b10857e6afc,86af0abedd46c2a0c8eddb4fea4739037bd2bfd7259cc44a9b8303088bfee3b9,last,ood_metric/fpr95_id_tpr,OOD-4,primary,down,id_train,id_test_vs_mnist,detector_declared,detector/vim_author_dim,mnist,far,,,,80000,C2,sgd,0.3,0.0001,0.20017619047619048,0.0598640404026769,0.200176 ± 0.059864,0.16597142857142858,0.16525714285714285,0.2693
metric_contract_v1.2,c38b09694be88aa74de0741b39e9d3ba0d6ff61a,35a1a66f78dfd6255c4d804586ee6863969be78d21acec5cd0ccf00476ddaa5c,f80984d28ef9a7550633fb3aea514f783f3db1fa655a6d3f49850b10857e6afc,86af0abedd46c2a0c8eddb4fea4739037bd2bfd7259cc44a9b8303088bfee3b9,last,ood_metric/fpr95_id_tpr,OOD-4,primary,down,id_train,id_test_vs_mnist,detector_declared,detector/vim_dim128,mnist,far,,,,80000,C2,sgd,0.3,0.0001,0.17017619047619048,0.06566534564781959,0.170176 ± 0.065665,0.13542857142857143,0.1291857142857143,0.24591428571428572
metric_contract_v1.2,c38b09694be88aa74de0741b39e9d3ba0d6ff61a,35a1a66f78dfd6255c4d804586ee6863969be78d21acec5cd0ccf00476ddaa5c,f80984d28ef9a7550633fb3aea514f783f3db1fa655a6d3f49850b10857e6afc,86af0abedd46c2a0c8eddb4fea4739037bd2bfd7259cc44a9b8303088bfee3b9,last,ood_metric/fpr95_id_tpr,OOD-4,primary,down,id_train,id_test_vs_mnist,detector_declared,detector/vim_dim256,mnist,far,,,,80000,C2,sgd,0.3,0.0001,0.17103333333333334,0.06105443261137227,0.171033 ± 0.061054,0.12855714285714287,0.14354285714285714,0.241
metric_contract_v1.2,c38b09694be88aa74de0741b39e9d3ba0d6ff61a,35a1a66f78dfd6255c4d804586ee6863969be78d21acec5cd0ccf00476ddaa5c,f80984d28ef9a7550633fb3aea514f783f3db1fa655a6d3f49850b10857e6afc,86af0abedd46c2a0c8eddb4fea4739037bd2bfd7259cc44a9b8303088bfee3b9,last,ood_metric/fpr95_id_tpr,OOD-4,primary,down,id_train,id_test_vs_mnist,detector_declared,detector/vim_dim320,mnist,far,,,,80000,C2,sgd,0.3,0.0001,0.20017619047619048,0.0598640404026769,0.200176 ± 0.059864,0.16597142857142858,0.16525714285714285,0.2693
metric_contract_v1.2,c38b09694be88aa74de0741b39e9d3ba0d6ff61a,35a1a66f78dfd6255c4d804586ee6863969be78d21acec5cd0ccf00476ddaa5c,f80984d28ef9a7550633fb3aea514f783f3db1fa655a6d3f49850b10857e6afc,86af0abedd46c2a0c8eddb4fea4739037bd2bfd7259cc44a9b8303088bfee3b9,last,ood_metric/fpr95_id_tpr,OOD-4,primary,down,id_train,id_test_vs_mnist,detector_declared,detector/vim_dim64,mnist,far,,,,80000,C2,sgd,0.3,0.0001,0.20249999999999999,0.045757584405344706,0.202500 ± 0.045758,0.19367142857142858,0.1618,0.25202857142857144
metric_contract_v1.2,c38b09694be88aa74de0741b39e9d3ba0d6ff61a,35a1a66f78dfd6255c4d804586ee6863969be78d21acec5cd0ccf00476ddaa5c,f80984d28ef9a7550633fb3aea514f783f3db1fa655a6d3f49850b10857e6afc,86af0abedd46c2a0c8eddb4fea4739037bd2bfd7259cc44a9b8303088bfee3b9,last,ood_metric/fpr95_id_tpr,OOD-4,primary,down,id_train,id_test_vs_mnist,detector_declared,detector/weight_cosine_appendix,mnist,far,,,,80000,C2,sgd,0.3,0.0001,0.3476047619047619,0.08072649001707055,0.347605 ± 0.080726,0.34491428571428573,0.26825714285714286,0.42964285714285716
metric_contract_v1.2,c38b09694be88aa74de0741b39e9d3ba0d6ff61a,35a1a66f78dfd6255c4d804586ee6863969be78d21acec5cd0ccf00476ddaa5c,f80984d28ef9a7550633fb3aea514f783f3db1fa655a6d3f49850b10857e6afc,86af0abedd46c2a0c8eddb4fea4739037bd2bfd7259cc44a9b8303088bfee3b9,last,ood_metric/fpr95_id_tpr,OOD-4,primary,down,,id_test_vs_mnist,detector_declared,ood_score/energy_t1,mnist,far,,,,80000,C2,sgd,0.3,0.0001,0.32772380952380953,0.08707162467261795,0.327724 ± 0.087072,0.31474285714285716,0.24787142857142858,0.42055714285714285
metric_contract_v1.2,c38b09694be88aa74de0741b39e9d3ba0d6ff61a,35a1a66f78dfd6255c4d804586ee6863969be78d21acec5cd0ccf00476ddaa5c,f80984d28ef9a7550633fb3aea514f783f3db1fa655a6d3f49850b10857e6afc,86af0abedd46c2a0c8eddb4fea4739037bd2bfd7259cc44a9b8303088bfee3b9,last,ood_metric/fpr95_id_tpr,OOD-4,primary,down,,id_test_vs_mnist,detector_declared,ood_score/max_logit,mnist,far,,,,80000,C2,sgd,0.3,0.0001,0.3339714285714286,0.08718931665505532,0.333971 ± 0.087189,0.3222857142857143,0.2532142857142857,0.4264142857142857
metric_contract_v1.2,c38b09694be88aa74de0741b39e9d3ba0d6ff61a,35a1a66f78dfd6255c4d804586ee6863969be78d21acec5cd0ccf00476ddaa5c,f80984d28ef9a7550633fb3aea514f783f3db1fa655a6d3f49850b10857e6afc,86af0abedd46c2a0c8eddb4fea4739037bd2bfd7259cc44a9b8303088bfee3b9,last,ood_metric/fpr95_id_tpr,OOD-4,primary,down,,id_test_vs_mnist,detector_declared,ood_score/msp,mnist,far,,,,80000,C2,sgd,0.3,0.0001,0.5242333333333333,0.07036873339385738,0.524233 ± 0.070369,0.5066428571428572,0.4643285714285714,0.6017285714285714
metric_contract_v1.2,c38b09694be88aa74de0741b39e9d3ba0d6ff61a,35a1a66f78dfd6255c4d804586ee6863969be78d21acec5cd0ccf00476ddaa5c,f80984d28ef9a7550633fb3aea514f783f3db1fa655a6d3f49850b10857e6afc,86af0abedd46c2a0c8eddb4fea4739037bd2bfd7259cc44a9b8303088bfee3b9,last,ood_metric/fpr95_threshold,OOD-4,appendix,descriptive,id_train,id_test_vs_mnist,detector_declared,detector/ctm_prototype_cosine,mnist,far,,,,80000,C2,sgd,0.3,0.0001,0.7591959449791373,0.003962538396473566,0.759196 ± 0.003963,0.7600922816623883,0.76263353859062,0.7548620146844041
metric_contract_v1.2,c38b09694be88aa74de0741b39e9d3ba0d6ff61a,35a1a66f78dfd6255c4d804586ee6863969be78d21acec5cd0ccf00476ddaa5c,f80984d28ef9a7550633fb3aea514f783f3db1fa655a6d3f49850b10857e6afc,86af0abedd46c2a0c8eddb4fea4739037bd2bfd7259cc44a9b8303088bfee3b9,last,ood_metric/fpr95_threshold,OOD-4,appendix,descriptive,id_train,id_test_vs_mnist,detector_declared,detector/gda_class_density,mnist,far,,,,80000,C2,sgd,0.3,0.0001,2770.501500046022,1984.4913087848572,2770.501500 ± 1984.491309,4916.972693815074,1002.4984489853662,2392.0333573376256
metric_contract_v1.2,c38b09694be88aa74de0741b39e9d3ba0d6ff61a,35a1a66f78dfd6255c4d804586ee6863969be78d21acec5cd0ccf00476ddaa5c,f80984d28ef9a7550633fb3aea514f783f3db1fa655a6d3f49850b10857e6afc,86af0abedd46c2a0c8eddb4fea4739037bd2bfd7259cc44a9b8303088bfee3b9,last,ood_metric/fpr95_threshold,OOD-4,appendix,descriptive,id_train,id_test_vs_mnist,detector_declared,detector/knn_l2_k50,mnist,far,,,,80000,C2,sgd,0.3,0.0001,-0.3330386751929493,0.004486015930127297,-0.333039 ± 0.004486,-0.33008945495388087,-0.33082534362212856,-0.3382012270028384
metric_contract_v1.2,c38b09694be88aa74de0741b39e9d3ba0d6ff61a,35a1a66f78dfd6255c4d804586ee6863969be78d21acec5cd0ccf00476ddaa5c,f80984d28ef9a7550633fb3aea514f783f3db1fa655a6d3f49850b10857e6afc,86af0abedd46c2a0c8eddb4fea4739037bd2bfd7259cc44a9b8303088bfee3b9,last,ood_metric/fpr95_threshold,OOD-4,appendix,descriptive,id_train,id_test_vs_mnist,detector_declared,detector/mahalanobis_pp,mnist,far,,,,80000,C2,sgd,0.3,0.0001,-1173.828480315389,3.3842957698348872,-1173.828480 ± 3.384296,-1169.9284608516768,-1175.564377939408,-1175.992602155082
metric_contract_v1.2,c38b09694be88aa74de0741b39e9d3ba0d6ff61a,35a1a66f78dfd6255c4d804586ee6863969be78d21acec5cd0ccf00476ddaa5c,f80984d28ef9a7550633fb3aea514f783f3db1fa655a6d3f49850b10857e6afc,86af0abedd46c2a0c8eddb4fea4739037bd2bfd7259cc44a9b8303088bfee3b9,last,ood_metric/fpr95_threshold,OOD-4,appendix,descriptive,id_train,id_test_vs_mnist,detector_declared,detector/mahalanobis_raw,mnist,far,,,,80000,C2,sgd,0.3,0.0001,-959.0490345936305,18.727082915321834,-959.049035 ± 18.727083,-938.4595710378089,-975.0673253500056,-963.6202073930772
metric_contract_v1.2,c38b09694be88aa74de0741b39e9d3ba0d6ff61a,35a1a66f78dfd6255c4d804586ee6863969be78d21acec5cd0ccf00476ddaa5c,f80984d28ef9a7550633fb3aea514f783f3db1fa655a6d3f49850b10857e6afc,86af0abedd46c2a0c8eddb4fea4739037bd2bfd7259cc44a9b8303088bfee3b9,last,ood_metric/fpr95_threshold,OOD-4,appendix,descriptive,id_train,id_test_vs_mnist,detector_declared,detector/marginal_mahalanobis_raw,mnist,far,,,,80000,C2,sgd,0.3,0.0001,-932.4614294705303,17.210619269132298,-932.461429 ± 17.210619,-913.8036376967019,-947.7165822047617,-935.8640685101273
metric_contract_v1.2,c38b09694be88aa74de0741b39e9d3ba0d6ff61a,35a1a66f78dfd6255c4d804586ee6863969be78d21acec5cd0ccf00476ddaa5c,f80984d28ef9a7550633fb3aea514f783f3db1fa655a6d3f49850b10857e6afc,86af0abedd46c2a0c8eddb4fea4739037bd2bfd7259cc44a9b8303088bfee3b9,last,ood_metric/fpr95_threshold,OOD-4,appendix,descriptive,id_train,id_test_vs_mnist,detector_declared,detector/ncp_euclidean_raw,mnist,far,,,,80000,C2,sgd,0.3,0.0001,-6.623973137760868,0.17324281620860857,-6.623973 ± 0.173243,-6.702996122017748,-6.743614400359585,-6.425308890905272
metric_contract_v1.2,c38b09694be88aa74de0741b39e9d3ba0d6ff61a,35a1a66f78dfd6255c4d804586ee6863969be78d21acec5cd0ccf00476ddaa5c,f80984d28ef9a7550633fb3aea514f783f3db1fa655a6d3f49850b10857e6afc,86af0abedd46c2a0c8eddb4fea4739037bd2bfd7259cc44a9b8303088bfee3b9,last,ood_metric/fpr95_threshold,OOD-4,appendix,descriptive,id_train,id_test_vs_mnist,detector_declared,detector/neco_author_std_dim100,mnist,far,,,,80000,C2,sgd,0.3,0.0001,0.9198464416612291,0.02296997266618419,0.919846 ± 0.022970,0.9049706969611848,0.9463015117280438,0.9082671162944589
metric_contract_v1.2,c38b09694be88aa74de0741b39e9d3ba0d6ff61a,35a1a66f78dfd6255c4d804586ee6863969be78d21acec5cd0ccf00476ddaa5c,f80984d28ef9a7550633fb3aea514f783f3db1fa655a6d3f49850b10857e6afc,86af0abedd46c2a0c8eddb4fea4739037bd2bfd7259cc44a9b8303088bfee3b9,last,ood_metric/fpr95_threshold,OOD-4,appendix,descriptive,id_train,id_test_vs_mnist,detector_declared,detector/relative_mahalanobis_pp,mnist,far,,,,80000,C2,sgd,0.3,0.0001,-116.05226436725077,5.4063200471291815,-116.052264 ± 5.406320,-109.84828341017783,-119.75530531388294,-118.55320437769156
metric_contract_v1.2,c38b09694be88aa74de0741b39e9d3ba0d6ff61a,35a1a66f78dfd6255c4d804586ee6863969be78d21acec5cd0ccf00476ddaa5c,f80984d28ef9a7550633fb3aea514f783f3db1fa655a6d3f49850b10857e6afc,86af0abedd46c2a0c8eddb4fea4739037bd2bfd7259cc44a9b8303088bfee3b9,last,ood_metric/fpr95_threshold,OOD-4,appendix,descriptive,id_train,id_test_vs_mnist,detector_declared,detector/relative_mahalanobis_raw,mnist,far,,,,80000,C2,sgd,0.3,0.0001,-81.52032081133308,3.145625227998566,-81.520321 ± 3.145625,-78.15562797799954,-84.38761012873663,-82.01772432726307
metric_contract_v1.2,c38b09694be88aa74de0741b39e9d3ba0d6ff61a,35a1a66f78dfd6255c4d804586ee6863969be78d21acec5cd0ccf00476ddaa5c,f80984d28ef9a7550633fb3aea514f783f3db1fa655a6d3f49850b10857e6afc,86af0abedd46c2a0c8eddb4fea4739037bd2bfd7259cc44a9b8303088bfee3b9,last,ood_metric/fpr95_threshold,OOD-4,appendix,descriptive,id_train,id_test_vs_mnist,detector_declared,detector/vim_author_dim,mnist,far,,,,80000,C2,sgd,0.3,0.0001,-9.450858510629194,0.18805415693632452,-9.450859 ± 0.188054,-9.541356368279546,-9.576553927313176,-9.23466523629486
metric_contract_v1.2,c38b09694be88aa74de0741b39e9d3ba0d6ff61a,35a1a66f78dfd6255c4d804586ee6863969be78d21acec5cd0ccf00476ddaa5c,f80984d28ef9a7550633fb3aea514f783f3db1fa655a6d3f49850b10857e6afc,86af0abedd46c2a0c8eddb4fea4739037bd2bfd7259cc44a9b8303088bfee3b9,last,ood_metric/fpr95_threshold,OOD-4,appendix,descriptive,id_train,id_test_vs_mnist,detector_declared,detector/vim_dim128,mnist,far,,,,80000,C2,sgd,0.3,0.0001,-9.104488085884144,0.21944748525322563,-9.104488 ± 0.219447,-9.151555728632411,-9.296582826019279,-8.865325703000744
metric_contract_v1.2,c38b09694be88aa74de0741b39e9d3ba0d6ff61a,35a1a66f78dfd6255c4d804586ee6863969be78d21acec5cd0ccf00476ddaa5c,f80984d28ef9a7550633fb3aea514f783f3db1fa655a6d3f49850b10857e6afc,86af0abedd46c2a0c8eddb4fea4739037bd2bfd7259cc44a9b8303088bfee3b9,last,ood_metric/fpr95_threshold,OOD-4,appendix,descriptive,id_train,id_test_vs_mnist,detector_declared,detector/vim_dim256,mnist,far,,,,80000,C2,sgd,0.3,0.0001,-9.36775031918866,0.1782116822220263,-9.367750 ± 0.178212,-9.46014753395169,-9.48078886107964,-9.162314562534652
metric_contract_v1.2,c38b09694be88aa74de0741b39e9d3ba0d6ff61a,35a1a66f78dfd6255c4d804586ee6863969be78d21acec5cd0ccf00476ddaa5c,f80984d28ef9a7550633fb3aea514f783f3db1fa655a6d3f49850b10857e6afc,86af0abedd46c2a0c8eddb4fea4739037bd2bfd7259cc44a9b8303088bfee3b9,last,ood_metric/fpr95_threshold,OOD-4,appendix,descriptive,id_train,id_test_vs_mnist,detector_declared,detector/vim_dim320,mnist,far,,,,80000,C2,sgd,0.3,0.0001,-9.450858510629194,0.18805415693632452,-9.450859 ± 0.188054,-9.541356368279546,-9.576553927313176,-9.23466523629486
metric_contract_v1.2,c38b09694be88aa74de0741b39e9d3ba0d6ff61a,35a1a66f78dfd6255c4d804586ee6863969be78d21acec5cd0ccf00476ddaa5c,f80984d28ef9a7550633fb3aea514f783f3db1fa655a6d3f49850b10857e6afc,86af0abedd46c2a0c8eddb4fea4739037bd2bfd7259cc44a9b8303088bfee3b9,last,ood_metric/fpr95_threshold,OOD-4,appendix,descriptive,id_train,id_test_vs_mnist,detector_declared,detector/vim_dim64,mnist,far,,,,80000,C2,sgd,0.3,0.0001,-8.9088896721802,0.3461059363974651,-8.908890 ± 0.346106,-9.19654676728868,-9.005330485833083,-8.524791763418836
metric_contract_v1.2,c38b09694be88aa74de0741b39e9d3ba0d6ff61a,35a1a66f78dfd6255c4d804586ee6863969be78d21acec5cd0ccf00476ddaa5c,f80984d28ef9a7550633fb3aea514f783f3db1fa655a6d3f49850b10857e6afc,86af0abedd46c2a0c8eddb4fea4739037bd2bfd7259cc44a9b8303088bfee3b9,last,ood_metric/fpr95_threshold,OOD-4,appendix,descriptive,id_train,id_test_vs_mnist,detector_declared,detector/weight_cosine_appendix,mnist,far,,,,80000,C2,sgd,0.3,0.0001,0.38598109971261946,0.0038245888842584233,0.385981 ± 0.003825,0.38570996917440703,0.389934039250386,0.38229929071306545
metric_contract_v1.2,c38b09694be88aa74de0741b39e9d3ba0d6ff61a,35a1a66f78dfd6255c4d804586ee6863969be78d21acec5cd0ccf00476ddaa5c,f80984d28ef9a7550633fb3aea514f783f3db1fa655a6d3f49850b10857e6afc,86af0abedd46c2a0c8eddb4fea4739037bd2bfd7259cc44a9b8303088bfee3b9,last,ood_metric/fpr95_threshold,OOD-4,appendix,descriptive,,id_test_vs_mnist,detector_declared,ood_score/energy_t1,mnist,far,,,,80000,C2,sgd,0.3,0.0001,8.971321610827088,0.2564853924594171,8.971322 ± 0.256485,8.98048947479067,9.223100155131942,8.710375202558653
metric_contract_v1.2,c38b09694be88aa74de0741b39e9d3ba0d6ff61a,35a1a66f78dfd6255c4d804586ee6863969be78d21acec5cd0ccf00476ddaa5c,f80984d28ef9a7550633fb3aea514f783f3db1fa655a6d3f49850b10857e6afc,86af0abedd46c2a0c8eddb4fea4739037bd2bfd7259cc44a9b8303088bfee3b9,last,ood_metric/fpr95_threshold,OOD-4,appendix,descriptive,,id_test_vs_mnist,detector_declared,ood_score/max_logit,mnist,far,,,,80000,C2,sgd,0.3,0.0001,8.839109007517498,0.2566334242928837,8.839109 ± 0.256633,8.846097850799561,9.092176628112792,8.579052543640136
metric_contract_v1.2,c38b09694be88aa74de0741b39e9d3ba0d6ff61a,35a1a66f78dfd6255c4d804586ee6863969be78d21acec5cd0ccf00476ddaa5c,f80984d28ef9a7550633fb3aea514f783f3db1fa655a6d3f49850b10857e6afc,86af0abedd46c2a0c8eddb4fea4739037bd2bfd7259cc44a9b8303088bfee3b9,last,ood_metric/fpr95_threshold,OOD-4,appendix,descriptive,,id_test_vs_mnist,detector_declared,ood_score/msp,mnist,far,,,,80000,C2,sgd,0.3,0.0001,0.904357546466732,0.01245722081261054,0.904358 ± 0.012457,0.9147065110760535,0.9078350320891038,0.890531096235039
metric_contract_v1.2,c38b09694be88aa74de0741b39e9d3ba0d6ff61a,35a1a66f78dfd6255c4d804586ee6863969be78d21acec5cd0ccf00476ddaa5c,f80984d28ef9a7550633fb3aea514f783f3db1fa655a6d3f49850b10857e6afc,db137e7d3c712f7a4752a4ecaee827c58ae25bc907f916dbab0de88a87e33211,last,analysis/angular_control_gap_ctm_ncp,OOD-7,exploratory,descriptive,id_train,id_test_vs_mnist,paired_auroc_difference,,mnist,,,,,80000,C2,adam,0.0003,0.001,-0.00227682095238102,0.001315534678385008,-0.002277 ± 0.001316,-0.0036011342857144024,-0.000970244285714239,-0.002259084285714419
metric_contract_v1.2,c38b09694be88aa74de0741b39e9d3ba0d6ff61a,35a1a66f78dfd6255c4d804586ee6863969be78d21acec5cd0ccf00476ddaa5c,f80984d28ef9a7550633fb3aea514f783f3db1fa655a6d3f49850b10857e6afc,db137e7d3c712f7a4752a4ecaee827c58ae25bc907f916dbab0de88a87e33211,last,analysis/restoration_gap_mahalanobis,OOD-7,exploratory,descriptive,id_train,id_test_vs_mnist,paired_auroc_difference,,mnist,,,,,80000,C2,adam,0.0003,0.001,0.45766078714285713,0.08016756340317416,0.457661 ± 0.080168,0.5400048842857142,0.3798632628571429,0.4531142142857142
metric_contract_v1.2,c38b09694be88aa74de0741b39e9d3ba0d6ff61a,35a1a66f78dfd6255c4d804586ee6863969be78d21acec5cd0ccf00476ddaa5c,f80984d28ef9a7550633fb3aea514f783f3db1fa655a6d3f49850b10857e6afc,db137e7d3c712f7a4752a4ecaee827c58ae25bc907f916dbab0de88a87e33211,last,analysis/restoration_gap_relative_mahalanobis,OOD-7,exploratory,descriptive,id_train,id_test_vs_mnist,paired_auroc_difference,,mnist,,,,,80000,C2,adam,0.0003,0.001,-0.039924495238095235,0.008859324247486524,-0.039924 ± 0.008859,-0.05013530285714285,-0.034278552857142874,-0.035359629999999975
metric_contract_v1.2,c38b09694be88aa74de0741b39e9d3ba0d6ff61a,35a1a66f78dfd6255c4d804586ee6863969be78d21acec5cd0ccf00476ddaa5c,f80984d28ef9a7550633fb3aea514f783f3db1fa655a6d3f49850b10857e6afc,db137e7d3c712f7a4752a4ecaee827c58ae25bc907f916dbab0de88a87e33211,last,ood_metric/ap_in,OOD-2,appendix,up,id_train,id_test_vs_mnist,detector_declared,detector/ctm_prototype_cosine,mnist,far,,,,80000,C2,adam,0.0003,0.001,0.7174628167687316,0.06395574987178798,0.717463 ± 0.063956,0.6449346398984823,0.7416817563226221,0.7657720540850902
metric_contract_v1.2,c38b09694be88aa74de0741b39e9d3ba0d6ff61a,35a1a66f78dfd6255c4d804586ee6863969be78d21acec5cd0ccf00476ddaa5c,f80984d28ef9a7550633fb3aea514f783f3db1fa655a6d3f49850b10857e6afc,db137e7d3c712f7a4752a4ecaee827c58ae25bc907f916dbab0de88a87e33211,last,ood_metric/ap_in,OOD-2,appendix,up,id_train,id_test_vs_mnist,detector_declared,detector/gda_class_density,mnist,far,,,,80000,C2,adam,0.0003,0.001,0.49071268190454537,0.09662427498691042,0.490713 ± 0.096624,0.3836703454707008,0.5714864495357218,0.5169812507072135
metric_contract_v1.2,c38b09694be88aa74de0741b39e9d3ba0d6ff61a,35a1a66f78dfd6255c4d804586ee6863969be78d21acec5cd0ccf00476ddaa5c,f80984d28ef9a7550633fb3aea514f783f3db1fa655a6d3f49850b10857e6afc,db137e7d3c712f7a4752a4ecaee827c58ae25bc907f916dbab0de88a87e33211,last,ood_metric/ap_in,OOD-2,appendix,up,id_train,id_test_vs_mnist,detector_declared,detector/knn_l2_k50,mnist,far,,,,80000,C2,adam,0.0003,0.001,0.7560530448116141,0.052748505057683324,0.756053 ± 0.052749,0.6968599813051537,0.7732181361671849,0.7980810169625036
metric_contract_v1.2,c38b09694be88aa74de0741b39e9d3ba0d6ff61a,35a1a66f78dfd6255c4d804586ee6863969be78d21acec5cd0ccf00476ddaa5c,f80984d28ef9a7550633fb3aea514f783f3db1fa655a6d3f49850b10857e6afc,db137e7d3c712f7a4752a4ecaee827c58ae25bc907f916dbab0de88a87e33211,last,ood_metric/ap_in,OOD-2,appendix,up,id_train,id_test_vs_mnist,detector_declared,detector/mahalanobis_pp,mnist,far,,,,80000,C2,adam,0.0003,0.001,0.8484771790274986,0.04255078786397079,0.848477 ± 0.042551,0.8038372551521815,0.8530199801921581,0.8885743017381564
metric_contract_v1.2,c38b09694be88aa74de0741b39e9d3ba0d6ff61a,35a1a66f78dfd6255c4d804586ee6863969be78d21acec5cd0ccf00476ddaa5c,f80984d28ef9a7550633fb3aea514f783f3db1fa655a6d3f49850b10857e6afc,db137e7d3c712f7a4752a4ecaee827c58ae25bc907f916dbab0de88a87e33211,last,ood_metric/ap_in,OOD-2,appendix,up,id_train,id_test_vs_mnist,detector_declared,detector/mahalanobis_raw,mnist,far,,,,80000,C2,adam,0.0003,0.001,0.17604802705330205,0.0583366993858482,0.176048 ± 0.058337,0.11465186925190425,0.23074723823258766,0.18274497367541426
metric_contract_v1.2,c38b09694be88aa74de0741b39e9d3ba0d6ff61a,35a1a66f78dfd6255c4d804586ee6863969be78d21acec5cd0ccf00476ddaa5c,f80984d28ef9a7550633fb3aea514f783f3db1fa655a6d3f49850b10857e6afc,db137e7d3c712f7a4752a4ecaee827c58ae25bc907f916dbab0de88a87e33211,last,ood_metric/ap_in,OOD-2,appendix,up,id_train,id_test_vs_mnist,detector_declared,detector/marginal_mahalanobis_raw,mnist,far,,,,80000,C2,adam,0.0003,0.001,0.11349809347712812,0.027693447936808793,0.113498 ± 0.027693,0.08595557826185242,0.14134004582031365,0.11319865634921829
metric_contract_v1.2,c38b09694be88aa74de0741b39e9d3ba0d6ff61a,35a1a66f78dfd6255c4d804586ee6863969be78d21acec5cd0ccf00476ddaa5c,f80984d28ef9a7550633fb3aea514f783f3db1fa655a6d3f49850b10857e6afc,db137e7d3c712f7a4752a4ecaee827c58ae25bc907f916dbab0de88a87e33211,last,ood_metric/ap_in,OOD-2,appendix,up,id_train,id_test_vs_mnist,detector_declared,detector/ncp_euclidean_raw,mnist,far,,,,80000,C2,adam,0.0003,0.001,0.7012556408727667,0.06602180681995329,0.701256 ± 0.066022,0.6292377217586665,0.7156094977833868,0.7589197030762469
metric_contract_v1.2,c38b09694be88aa74de0741b39e9d3ba0d6ff61a,35a1a66f78dfd6255c4d804586ee6863969be78d21acec5cd0ccf00476ddaa5c,f80984d28ef9a7550633fb3aea514f783f3db1fa655a6d3f49850b10857e6afc,db137e7d3c712f7a4752a4ecaee827c58ae25bc907f916dbab0de88a87e33211,last,ood_metric/ap_in,OOD-2,appendix,up,id_train,id_test_vs_mnist,detector_declared,detector/neco_author_std_dim100,mnist,far,,,,80000,C2,adam,0.0003,0.001,0.7666462250744576,0.050152495852527026,0.766646 ± 0.050152,0.7112140895508873,0.8088788903614943,0.7798456953109913
metric_contract_v1.2,c38b09694be88aa74de0741b39e9d3ba0d6ff61a,35a1a66f78dfd6255c4d804586ee6863969be78d21acec5cd0ccf00476ddaa5c,f80984d28ef9a7550633fb3aea514f783f3db1fa655a6d3f49850b10857e6afc,db137e7d3c712f7a4752a4ecaee827c58ae25bc907f916dbab0de88a87e33211,last,ood_metric/ap_in,OOD-2,appendix,up,id_train,id_test_vs_mnist,detector_declared,detector/relative_mahalanobis_pp,mnist,far,,,,80000,C2,adam,0.0003,0.001,0.6269017524631112,0.06744411811438918,0.626902 ± 0.067444,0.5567315852419963,0.6327324382444831,0.6912412339028542
metric_contract_v1.2,c38b09694be88aa74de0741b39e9d3ba0d6ff61a,35a1a66f78dfd6255c4d804586ee6863969be78d21acec5cd0ccf00476ddaa5c,f80984d28ef9a7550633fb3aea514f783f3db1fa655a6d3f49850b10857e6afc,db137e7d3c712f7a4752a4ecaee827c58ae25bc907f916dbab0de88a87e33211,last,ood_metric/ap_in,OOD-2,appendix,up,id_train,id_test_vs_mnist,detector_declared,detector/relative_mahalanobis_raw,mnist,far,,,,80000,C2,adam,0.0003,0.001,0.7589052448063386,0.03787829197382208,0.758905 ± 0.037878,0.7319869642751042,0.7425094083882363,0.8022193617556754
metric_contract_v1.2,c38b09694be88aa74de0741b39e9d3ba0d6ff61a,35a1a66f78dfd6255c4d804586ee6863969be78d21acec5cd0ccf00476ddaa5c,f80984d28ef9a7550633fb3aea514f783f3db1fa655a6d3f49850b10857e6afc,db137e7d3c712f7a4752a4ecaee827c58ae25bc907f916dbab0de88a87e33211,last,ood_metric/ap_in,OOD-2,appendix,up,id_train,id_test_vs_mnist,detector_declared,detector/vim_author_dim,mnist,far,,,,80000,C2,adam,0.0003,0.001,0.7630761492318912,0.037023693353790445,0.763076 ± 0.037024,0.7231009853967947,0.7699395711068534,0.7961878911920252
metric_contract_v1.2,c38b09694be88aa74de0741b39e9d3ba0d6ff61a,35a1a66f78dfd6255c4d804586ee6863969be78d21acec5cd0ccf00476ddaa5c,f80984d28ef9a7550633fb3aea514f783f3db1fa655a6d3f49850b10857e6afc,db137e7d3c712f7a4752a4ecaee827c58ae25bc907f916dbab0de88a87e33211,last,ood_metric/ap_in,OOD-2,appendix,up,id_train,id_test_vs_mnist,detector_declared,detector/vim_dim128,mnist,far,,,,80000,C2,adam,0.0003,0.001,0.7443519539912925,0.04124755124248075,0.744352 ± 0.041248,0.6971023833208772,0.7627835671651756,0.7731699114878243
metric_contract_v1.2,c38b09694be88aa74de0741b39e9d3ba0d6ff61a,35a1a66f78dfd6255c4d804586ee6863969be78d21acec5cd0ccf00476ddaa5c,f80984d28ef9a7550633fb3aea514f783f3db1fa655a6d3f49850b10857e6afc,db137e7d3c712f7a4752a4ecaee827c58ae25bc907f916dbab0de88a87e33211,last,ood_metric/ap_in,OOD-2,appendix,up,id_train,id_test_vs_mnist,detector_declared,detector/vim_dim256,mnist,far,,,,80000,C2,adam,0.0003,0.001,0.758999752960507,0.0443419113182038,0.759000 ± 0.044342,0.710161083027913,0.770103933449187,0.796734242404421
metric_contract_v1.2,c38b09694be88aa74de0741b39e9d3ba0d6ff61a,35a1a66f78dfd6255c4d804586ee6863969be78d21acec5cd0ccf00476ddaa5c,f80984d28ef9a7550633fb3aea514f783f3db1fa655a6d3f49850b10857e6afc,db137e7d3c712f7a4752a4ecaee827c58ae25bc907f916dbab0de88a87e33211,last,ood_metric/ap_in,OOD-2,appendix,up,id_train,id_test_vs_mnist,detector_declared,detector/vim_dim320,mnist,far,,,,80000,C2,adam,0.0003,0.001,0.7630761492318912,0.037023693353790445,0.763076 ± 0.037024,0.7231009853967947,0.7699395711068534,0.7961878911920252
metric_contract_v1.2,c38b09694be88aa74de0741b39e9d3ba0d6ff61a,35a1a66f78dfd6255c4d804586ee6863969be78d21acec5cd0ccf00476ddaa5c,f80984d28ef9a7550633fb3aea514f783f3db1fa655a6d3f49850b10857e6afc,db137e7d3c712f7a4752a4ecaee827c58ae25bc907f916dbab0de88a87e33211,last,ood_metric/ap_in,OOD-2,appendix,up,id_train,id_test_vs_mnist,detector_declared,detector/vim_dim64,mnist,far,,,,80000,C2,adam,0.0003,0.001,0.7453304616175727,0.042696110428916335,0.745330 ± 0.042696,0.6960483802084063,0.7711611176984189,0.7687818869458929
metric_contract_v1.2,c38b09694be88aa74de0741b39e9d3ba0d6ff61a,35a1a66f78dfd6255c4d804586ee6863969be78d21acec5cd0ccf00476ddaa5c,f80984d28ef9a7550633fb3aea514f783f3db1fa655a6d3f49850b10857e6afc,db137e7d3c712f7a4752a4ecaee827c58ae25bc907f916dbab0de88a87e33211,last,ood_metric/ap_in,OOD-2,appendix,up,id_train,id_test_vs_mnist,detector_declared,detector/weight_cosine_appendix,mnist,far,,,,80000,C2,adam,0.0003,0.001,0.7516477651202037,0.040639629171362227,0.751648 ± 0.040640,0.7048521556177586,0.7780799821138288,0.7720111576290235
metric_contract_v1.2,c38b09694be88aa74de0741b39e9d3ba0d6ff61a,35a1a66f78dfd6255c4d804586ee6863969be78d21acec5cd0ccf00476ddaa5c,f80984d28ef9a7550633fb3aea514f783f3db1fa655a6d3f49850b10857e6afc,db137e7d3c712f7a4752a4ecaee827c58ae25bc907f916dbab0de88a87e33211,last,ood_metric/ap_in,OOD-2,appendix,up,,id_test_vs_mnist,detector_declared,ood_score/energy_t1,mnist,far,,,,80000,C2,adam,0.0003,0.001,0.8726227781092412,0.02026780140480154,0.872623 ± 0.020268,0.85827607583734,0.8637832321236354,0.895809026366748
metric_contract_v1.2,c38b09694be88aa74de0741b39e9d3ba0d6ff61a,35a1a66f78dfd6255c4d804586ee6863969be78d21acec5cd0ccf00476ddaa5c,f80984d28ef9a7550633fb3aea514f783f3db1fa655a6d3f49850b10857e6afc,db137e7d3c712f7a4752a4ecaee827c58ae25bc907f916dbab0de88a87e33211,last,ood_metric/ap_in,OOD-2,appendix,up,,id_test_vs_mnist,detector_declared,ood_score/max_logit,mnist,far,,,,80000,C2,adam,0.0003,0.001,0.8710860227707379,0.020078961284671137,0.871086 ± 0.020079,0.8568743862558921,0.8623272034039113,0.8940564786524101
metric_contract_v1.2,c38b09694be88aa74de0741b39e9d3ba0d6ff61a,35a1a66f78dfd6255c4d804586ee6863969be78d21acec5cd0ccf00476ddaa5c,f80984d28ef9a7550633fb3aea514f783f3db1fa655a6d3f49850b10857e6afc,db137e7d3c712f7a4752a4ecaee827c58ae25bc907f916dbab0de88a87e33211,last,ood_metric/ap_in,OOD-2,appendix,up,,id_test_vs_mnist,detector_declared,ood_score/msp,mnist,far,,,,80000,C2,adam,0.0003,0.001,0.8074634992042555,0.022304071381009878,0.807463 ± 0.022304,0.7876229041954681,0.8031628722505788,0.8316047211667196
metric_contract_v1.2,c38b09694be88aa74de0741b39e9d3ba0d6ff61a,35a1a66f78dfd6255c4d804586ee6863969be78d21acec5cd0ccf00476ddaa5c,f80984d28ef9a7550633fb3aea514f783f3db1fa655a6d3f49850b10857e6afc,db137e7d3c712f7a4752a4ecaee827c58ae25bc907f916dbab0de88a87e33211,last,ood_metric/ap_out,OOD-3,appendix,up,id_train,id_test_vs_mnist,detector_declared,detector/ctm_prototype_cosine,mnist,far,,,,80000,C2,adam,0.0003,0.001,0.9794811279619112,0.004963073055893197,0.979481 ± 0.004963,0.9739535248187222,0.9809348544300529,0.9835550046369589
metric_contract_v1.2,c38b09694be88aa74de0741b39e9d3ba0d6ff61a,35a1a66f78dfd6255c4d804586ee6863969be78d21acec5cd0ccf00476ddaa5c,f80984d28ef9a7550633fb3aea514f783f3db1fa655a6d3f49850b10857e6afc,db137e7d3c712f7a4752a4ecaee827c58ae25bc907f916dbab0de88a87e33211,last,ood_metric/ap_out,OOD-3,appendix,up,id_train,id_test_vs_mnist,detector_declared,detector/gda_class_density,mnist,far,,,,80000,C2,adam,0.0003,0.001,0.9284946271352533,0.017401133354983864,0.928495 ± 0.017401,0.9086473850237571,0.9411320421153205,0.9357044542666821
metric_contract_v1.2,c38b09694be88aa74de0741b39e9d3ba0d6ff61a,35a1a66f78dfd6255c4d804586ee6863969be78d21acec5cd0ccf00476ddaa5c,f80984d28ef9a7550633fb3aea514f783f3db1fa655a6d3f49850b10857e6afc,db137e7d3c712f7a4752a4ecaee827c58ae25bc907f916dbab0de88a87e33211,last,ood_metric/ap_out,OOD-3,appendix,up,id_train,id_test_vs_mnist,detector_declared,detector/knn_l2_k50,mnist,far,,,,80000,C2,adam,0.0003,0.001,0.9818809460405689,0.004682240415020907,0.981881 ± 0.004682,0.9767459993861107,0.9829829442073269,0.9859138945282688
metric_contract_v1.2,c38b09694be88aa74de0741b39e9d3ba0d6ff61a,35a1a66f78dfd6255c4d804586ee6863969be78d21acec5cd0ccf00476ddaa5c,f80984d28ef9a7550633fb3aea514f783f3db1fa655a6d3f49850b10857e6afc,db137e7d3c712f7a4752a4ecaee827c58ae25bc907f916dbab0de88a87e33211,last,ood_metric/ap_out,OOD-3,appendix,up,id_train,id_test_vs_mnist,detector_declared,detector/mahalanobis_pp,mnist,far,,,,80000,C2,adam,0.0003,0.001,0.9911588821716505,0.00283810805015837,0.991159 ± 0.002838,0.9883622301245877,0.9910777115577681,0.9940367048325955
metric_contract_v1.2,c38b09694be88aa74de0741b39e9d3ba0d6ff61a,35a1a66f78dfd6255c4d804586ee6863969be78d21acec5cd0ccf00476ddaa5c,f80984d28ef9a7550633fb3aea514f783f3db1fa655a6d3f49850b10857e6afc,db137e7d3c712f7a4752a4ecaee827c58ae25bc907f916dbab0de88a87e33211,last,ood_metric/ap_out,OOD-3,appendix,up,id_train,id_test_vs_mnist,detector_declared,detector/mahalanobis_raw,mnist,far,,,,80000,C2,adam,0.0003,0.001,0.8617061007420171,0.03128479294863728,0.861706 ± 0.031285,0.8267714730149819,0.8871369005896501,0.8712099286214192
metric_contract_v1.2,c38b09694be88aa74de0741b39e9d3ba0d6ff61a,35a1a66f78dfd6255c4d804586ee6863969be78d21acec5cd0ccf00476ddaa5c,f80984d28ef9a7550633fb3aea514f783f3db1fa655a6d3f49850b10857e6afc,db137e7d3c712f7a4752a4ecaee827c58ae25bc907f916dbab0de88a87e33211,last,ood_metric/ap_out,OOD-3,appendix,up,id_train,id_test_vs_mnist,detector_declared,detector/marginal_mahalanobis_raw,mnist,far,,,,80000,C2,adam,0.0003,0.001,0.8418759803193052,0.03211418067647607,0.841876 ± 0.032114,0.80625366085267,0.8686094921743499,0.8507647879308956
metric_contract_v1.2,c38b09694be88aa74de0741b39e9d3ba0d6ff61a,35a1a66f78dfd6255c4d804586ee6863969be78d21acec5cd0ccf00476ddaa5c,f80984d28ef9a7550633fb3aea514f783f3db1fa655a6d3f49850b10857e6afc,db137e7d3c712f7a4752a4ecaee827c58ae25bc907f916dbab0de88a87e33211,last,ood_metric/ap_out,OOD-3,appendix,up,id_train,id_test_vs_mnist,detector_declared,detector/ncp_euclidean_raw,mnist,far,,,,80000,C2,adam,0.0003,0.001,0.9795376680446575,0.004515382829609543,0.979538 ± 0.004515,0.9744616690461237,0.9810439904030045,0.9831073446848441
metric_contract_v1.2,c38b09694be88aa74de0741b39e9d3ba0d6ff61a,35a1a66f78dfd6255c4d804586ee6863969be78d21acec5cd0ccf00476ddaa5c,f80984d28ef9a7550633fb3aea514f783f3db1fa655a6d3f49850b10857e6afc,db137e7d3c712f7a4752a4ecaee827c58ae25bc907f916dbab0de88a87e33211,last,ood_metric/ap_out,OOD-3,appendix,up,id_train,id_test_vs_mnist,detector_declared,detector/neco_author_std_dim100,mnist,far,,,,80000,C2,adam,0.0003,0.001,0.974694163873517,0.008572719643489235,0.974694 ± 0.008573,0.9657966200131654,0.9829001697630977,0.9753857018442881
metric_contract_v1.2,c38b09694be88aa74de0741b39e9d3ba0d6ff61a,35a1a66f78dfd6255c4d804586ee6863969be78d21acec5cd0ccf00476ddaa5c,f80984d28ef9a7550633fb3aea514f783f3db1fa655a6d3f49850b10857e6afc,db137e7d3c712f7a4752a4ecaee827c58ae25bc907f916dbab0de88a87e33211,last,ood_metric/ap_out,OOD-3,appendix,up,id_train,id_test_vs_mnist,detector_declared,detector/relative_mahalanobis_pp,mnist,far,,,,80000,C2,adam,0.0003,0.001,0.9721812469597103,0.004333124647873601,0.972181 ± 0.004333,0.9682792889706726,0.9714198446936303,0.9768446072148281
metric_contract_v1.2,c38b09694be88aa74de0741b39e9d3ba0d6ff61a,35a1a66f78dfd6255c4d804586ee6863969be78d21acec5cd0ccf00476ddaa5c,f80984d28ef9a7550633fb3aea514f783f3db1fa655a6d3f49850b10857e6afc,db137e7d3c712f7a4752a4ecaee827c58ae25bc907f916dbab0de88a87e33211,last,ood_metric/ap_out,OOD-3,appendix,up,id_train,id_test_vs_mnist,detector_declared,detector/relative_mahalanobis_raw,mnist,far,,,,80000,C2,adam,0.0003,0.001,0.9807681536792288,0.0031598950466013424,0.980768 ± 0.003160,0.9787369230760326,0.979158790241291,0.9844087477203627
metric_contract_v1.2,c38b09694be88aa74de0741b39e9d3ba0d6ff61a,35a1a66f78dfd6255c4d804586ee6863969be78d21acec5cd0ccf00476ddaa5c,f80984d28ef9a7550633fb3aea514f783f3db1fa655a6d3f49850b10857e6afc,db137e7d3c712f7a4752a4ecaee827c58ae25bc907f916dbab0de88a87e33211,last,ood_metric/ap_out,OOD-3,appendix,up,id_train,id_test_vs_mnist,detector_declared,detector/vim_author_dim,mnist,far,,,,80000,C2,adam,0.0003,0.001,0.9704462494029557,0.00776007112209588,0.970446 ± 0.007760,0.9616337307200884,0.9734477526559261,0.9762572648328522
metric_contract_v1.2,c38b09694be88aa74de0741b39e9d3ba0d6ff61a,35a1a66f78dfd6255c4d804586ee6863969be78d21acec5cd0ccf00476ddaa5c,f80984d28ef9a7550633fb3aea514f783f3db1fa655a6d3f49850b10857e6afc,db137e7d3c712f7a4752a4ecaee827c58ae25bc907f916dbab0de88a87e33211,last,ood_metric/ap_out,OOD-3,appendix,up,id_train,id_test_vs_mnist,detector_declared,detector/vim_dim128,mnist,far,,,,80000,C2,adam,0.0003,0.001,0.9661997104004776,0.00872300269196743,0.966200 ± 0.008723,0.95619515740992,0.9722131572861529,0.97019081650536
metric_contract_v1.2,c38b09694be88aa74de0741b39e9d3ba0d6ff61a,35a1a66f78dfd6255c4d804586ee6863969be78d21acec5cd0ccf00476ddaa5c,f80984d28ef9a7550633fb3aea514f783f3db1fa655a6d3f49850b10857e6afc,db137e7d3c712f7a4752a4ecaee827c58ae25bc907f916dbab0de88a87e33211,last,ood_metric/ap_out,OOD-3,appendix,up,id_train,id_test_vs_mnist,detector_declared,detector/vim_dim256,mnist,far,,,,80000,C2,adam,0.0003,0.001,0.96991776086618,0.008821977289431925,0.969918 ± 0.008822,0.959787339997251,0.974056573406094,0.9759093691951951
metric_contract_v1.2,c38b09694be88aa74de0741b39e9d3ba0d6ff61a,35a1a66f78dfd6255c4d804586ee6863969be78d21acec5cd0ccf00476ddaa5c,f80984d28ef9a7550633fb3aea514f783f3db1fa655a6d3f49850b10857e6afc,db137e7d3c712f7a4752a4ecaee827c58ae25bc907f916dbab0de88a87e33211,last,ood_metric/ap_out,OOD-3,appendix,up,id_train,id_test_vs_mnist,detector_declared,detector/vim_dim320,mnist,far,,,,80000,C2,adam,0.0003,0.001,0.9704462494029557,0.00776007112209588,0.970446 ± 0.007760,0.9616337307200884,0.9734477526559261,0.9762572648328522
metric_contract_v1.2,c38b09694be88aa74de0741b39e9d3ba0d6ff61a,35a1a66f78dfd6255c4d804586ee6863969be78d21acec5cd0ccf00476ddaa5c,f80984d28ef9a7550633fb3aea514f783f3db1fa655a6d3f49850b10857e6afc,db137e7d3c712f7a4752a4ecaee827c58ae25bc907f916dbab0de88a87e33211,last,ood_metric/ap_out,OOD-3,appendix,up,id_train,id_test_vs_mnist,detector_declared,detector/vim_dim64,mnist,far,,,,80000,C2,adam,0.0003,0.001,0.9644413739462011,0.009055782835915361,0.964441 ± 0.009056,0.9546840067467111,0.9725762119912997,0.9660639031005925
metric_contract_v1.2,c38b09694be88aa74de0741b39e9d3ba0d6ff61a,35a1a66f78dfd6255c4d804586ee6863969be78d21acec5cd0ccf00476ddaa5c,f80984d28ef9a7550633fb3aea514f783f3db1fa655a6d3f49850b10857e6afc,db137e7d3c712f7a4752a4ecaee827c58ae25bc907f916dbab0de88a87e33211,last,ood_metric/ap_out,OOD-3,appendix,up,id_train,id_test_vs_mnist,detector_declared,detector/weight_cosine_appendix,mnist,far,,,,80000,C2,adam,0.0003,0.001,0.9788360503919664,0.004063702832776429,0.978836 ± 0.004064,0.9741447800435056,0.9810941207253371,0.9812692504070564
metric_contract_v1.2,c38b09694be88aa74de0741b39e9d3ba0d6ff61a,35a1a66f78dfd6255c4d804586ee6863969be78d21acec5cd0ccf00476ddaa5c,f80984d28ef9a7550633fb3aea514f783f3db1fa655a6d3f49850b10857e6afc,db137e7d3c712f7a4752a4ecaee827c58ae25bc907f916dbab0de88a87e33211,last,ood_metric/ap_out,OOD-3,appendix,up,,id_test_vs_mnist,detector_declared,ood_score/energy_t1,mnist,far,,,,80000,C2,adam,0.0003,0.001,0.9925573382618369,0.0014777230977747588,0.992557 ± 0.001478,0.9918617390670688,0.9915557780577317,0.9942544976607104
metric_contract_v1.2,c38b09694be88aa74de0741b39e9d3ba0d6ff61a,35a1a66f78dfd6255c4d804586ee6863969be78d21acec5cd0ccf00476ddaa5c,f80984d28ef9a7550633fb3aea514f783f3db1fa655a6d3f49850b10857e6afc,db137e7d3c712f7a4752a4ecaee827c58ae25bc907f916dbab0de88a87e33211,last,ood_metric/ap_out,OOD-3,appendix,up,,id_test_vs_mnist,detector_declared,ood_score/max_logit,mnist,far,,,,80000,C2,adam,0.0003,0.001,0.9921216360692919,0.001488484271642665,0.992122 ± 0.001488,0.9913699296122014,0.9911589122628094,0.993836066332865
metric_contract_v1.2,c38b09694be88aa74de0741b39e9d3ba0d6ff61a,35a1a66f78dfd6255c4d804586ee6863969be78d21acec5cd0ccf00476ddaa5c,f80984d28ef9a7550633fb3aea514f783f3db1fa655a6d3f49850b10857e6afc,db137e7d3c712f7a4752a4ecaee827c58ae25bc907f916dbab0de88a87e33211,last,ood_metric/ap_out,OOD-3,appendix,up,,id_test_vs_mnist,detector_declared,ood_score/msp,mnist,far,,,,80000,C2,adam,0.0003,0.001,0.9824605727057665,0.0021816311210934363,0.982461 ± 0.002182,0.9806734057406266,0.9818166126840551,0.9848916996926178
metric_contract_v1.2,c38b09694be88aa74de0741b39e9d3ba0d6ff61a,35a1a66f78dfd6255c4d804586ee6863969be78d21acec5cd0ccf00476ddaa5c,f80984d28ef9a7550633fb3aea514f783f3db1fa655a6d3f49850b10857e6afc,db137e7d3c712f7a4752a4ecaee827c58ae25bc907f916dbab0de88a87e33211,last,ood_metric/aupr_in_openood_auc,OOD-2,primary,up,id_train,id_test_vs_mnist,detector_declared,detector/ctm_prototype_cosine,mnist,far,,,,80000,C2,adam,0.0003,0.001,0.7174503381590102,0.06396094893515776,0.717450 ± 0.063961,0.6449162012097861,0.7416715682875689,0.7657632449796759
metric_contract_v1.2,c38b09694be88aa74de0741b39e9d3ba0d6ff61a,35a1a66f78dfd6255c4d804586ee6863969be78d21acec5cd0ccf00476ddaa5c,f80984d28ef9a7550633fb3aea514f783f3db1fa655a6d3f49850b10857e6afc,db137e7d3c712f7a4752a4ecaee827c58ae25bc907f916dbab0de88a87e33211,last,ood_metric/aupr_in_openood_auc,OOD-2,primary,up,id_train,id_test_vs_mnist,detector_declared,detector/gda_class_density,mnist,far,,,,80000,C2,adam,0.0003,0.001,0.490695261754499,0.09662925936888199,0.490695 ± 0.096629,0.38364729387347124,0.5714729279340335,0.5169655634559922
metric_contract_v1.2,c38b09694be88aa74de0741b39e9d3ba0d6ff61a,35a1a66f78dfd6255c4d804586ee6863969be78d21acec5cd0ccf00476ddaa5c,f80984d28ef9a7550633fb3aea514f783f3db1fa655a6d3f49850b10857e6afc,db137e7d3c712f7a4752a4ecaee827c58ae25bc907f916dbab0de88a87e33211,last,ood_metric/aupr_in_openood_auc,OOD-2,primary,up,id_train,id_test_vs_mnist,detector_declared,detector/knn_l2_k50,mnist,far,,,,80000,C2,adam,0.0003,0.001,0.7560447323444172,0.05275085512837775,0.756045 ± 0.052751,0.696849019260342,0.7732106388734439,0.7980745388994653
metric_contract_v1.2,c38b09694be88aa74de0741b39e9d3ba0d6ff61a,35a1a66f78dfd6255c4d804586ee6863969be78d21acec5cd0ccf00476ddaa5c,f80984d28ef9a7550633fb3aea514f783f3db1fa655a6d3f49850b10857e6afc,db137e7d3c712f7a4752a4ecaee827c58ae25bc907f916dbab0de88a87e33211,last,ood_metric/aupr_in_openood_auc,OOD-2,primary,up,id_train,id_test_vs_mnist,detector_declared,detector/mahalanobis_pp,mnist,far,,,,80000,C2,adam,0.0003,0.001,0.8484718290140106,0.04255243231731623,0.848472 ± 0.042552,0.8038300954731856,0.8530150070715372,0.8885703844973089
metric_contract_v1.2,c38b09694be88aa74de0741b39e9d3ba0d6ff61a,35a1a66f78dfd6255c4d804586ee6863969be78d21acec5cd0ccf00476ddaa5c,f80984d28ef9a7550633fb3aea514f783f3db1fa655a6d3f49850b10857e6afc,db137e7d3c712f7a4752a4ecaee827c58ae25bc907f916dbab0de88a87e33211,last,ood_metric/aupr_in_openood_auc,OOD-2,primary,up,id_train,id_test_vs_mnist,detector_declared,detector/mahalanobis_raw,mnist,far,,,,80000,C2,adam,0.0003,0.001,0.17600779658845575,0.058341276773251724,0.176008 ± 0.058341,0.114605131817098,0.2307089028223474,0.1827093551259218
metric_contract_v1.2,c38b09694be88aa74de0741b39e9d3ba0d6ff61a,35a1a66f78dfd6255c4d804586ee6863969be78d21acec5cd0ccf00476ddaa5c,f80984d28ef9a7550633fb3aea514f783f3db1fa655a6d3f49850b10857e6afc,db137e7d3c712f7a4752a4ecaee827c58ae25bc907f916dbab0de88a87e33211,last,ood_metric/aupr_in_openood_auc,OOD-2,primary,up,id_train,id_test_vs_mnist,detector_declared,detector/marginal_mahalanobis_raw,mnist,far,,,,80000,C2,adam,0.0003,0.001,0.11343747424596944,0.027682734350051905,0.113437 ± 0.027683,0.08591512130363714,0.1412778498237543,0.11311945161051684
metric_contract_v1.2,c38b09694be88aa74de0741b39e9d3ba0d6ff61a,35a1a66f78dfd6255c4d804586ee6863969be78d21acec5cd0ccf00476ddaa5c,f80984d28ef9a7550633fb3aea514f783f3db1fa655a6d3f49850b10857e6afc,db137e7d3c712f7a4752a4ecaee827c58ae25bc907f916dbab0de88a87e33211,last,ood_metric/aupr_in_openood_auc,OOD-2,primary,up,id_train,id_test_vs_mnist,detector_declared,detector/ncp_euclidean_raw,mnist,far,,,,80000,C2,adam,0.0003,0.001,0.7012377187997109,0.06602999522959348,0.701238 ± 0.066030,0.6292105036839598,0.7155944456490877,0.7589082070660849
metric_contract_v1.2,c38b09694be88aa74de0741b39e9d3ba0d6ff61a,35a1a66f78dfd6255c4d804586ee6863969be78d21acec5cd0ccf00476ddaa5c,f80984d28ef9a7550633fb3aea514f783f3db1fa655a6d3f49850b10857e6afc,db137e7d3c712f7a4752a4ecaee827c58ae25bc907f916dbab0de88a87e33211,last,ood_metric/aupr_in_openood_auc,OOD-2,primary,up,id_train,id_test_vs_mnist,detector_declared,detector/neco_author_std_dim100,mnist,far,,,,80000,C2,adam,0.0003,0.001,0.766639524095941,0.050153888315271844,0.766640 ± 0.050154,0.7112057181552607,0.8088730514100811,0.7798398027224813
metric_contract_v1.2,c38b09694be88aa74de0741b39e9d3ba0d6ff61a,35a1a66f78dfd6255c4d804586ee6863969be78d21acec5cd0ccf00476ddaa5c,f80984d28ef9a7550633fb3aea514f783f3db1fa655a6d3f49850b10857e6afc,db137e7d3c712f7a4752a4ecaee827c58ae25bc907f916dbab0de88a87e33211,last,ood_metric/aupr_in_openood_auc,OOD-2,primary,up,id_train,id_test_vs_mnist,detector_declared,detector/relative_mahalanobis_pp,mnist,far,,,,80000,C2,adam,0.0003,0.001,0.6268566980547415,0.06746094847846074,0.626857 ± 0.067461,0.5566736914394755,0.6326781013207843,0.6912183014039645
metric_contract_v1.2,c38b09694be88aa74de0741b39e9d3ba0d6ff61a,35a1a66f78dfd6255c4d804586ee6863969be78d21acec5cd0ccf00476ddaa5c,f80984d28ef9a7550633fb3aea514f783f3db1fa655a6d3f49850b10857e6afc,db137e7d3c712f7a4752a4ecaee827c58ae25bc907f916dbab0de88a87e33211,last,ood_metric/aupr_in_openood_auc,OOD-2,primary,up,id_train,id_test_vs_mnist,detector_declared,detector/relative_mahalanobis_raw,mnist,far,,,,80000,C2,adam,0.0003,0.001,0.7588883871548769,0.03788571988829981,0.758888 ± 0.037886,0.7319647208648024,0.7424894614920702,0.8022109791077584
metric_contract_v1.2,c38b09694be88aa74de0741b39e9d3ba0d6ff61a,35a1a66f78dfd6255c4d804586ee6863969be78d21acec5cd0ccf00476ddaa5c,f80984d28ef9a7550633fb3aea514f783f3db1fa655a6d3f49850b10857e6afc,db137e7d3c712f7a4752a4ecaee827c58ae25bc907f916dbab0de88a87e33211,last,ood_metric/aupr_in_openood_auc,OOD-2,primary,up,id_train,id_test_vs_mnist,detector_declared,detector/vim_author_dim,mnist,far,,,,80000,C2,adam,0.0003,0.001,0.7630697399866303,0.03702485771899362,0.763070 ± 0.037025,0.7230933916051321,0.7699331754495976,0.7961826529051612
metric_contract_v1.2,c38b09694be88aa74de0741b39e9d3ba0d6ff61a,35a1a66f78dfd6255c4d804586ee6863969be78d21acec5cd0ccf00476ddaa5c,f80984d28ef9a7550633fb3aea514f783f3db1fa655a6d3f49850b10857e6afc,db137e7d3c712f7a4752a4ecaee827c58ae25bc907f916dbab0de88a87e33211,last,ood_metric/aupr_in_openood_auc,OOD-2,primary,up,id_train,id_test_vs_mnist,detector_declared,detector/vim_dim128,mnist,far,,,,80000,C2,adam,0.0003,0.001,0.7443449205245273,0.04124898880326004,0.744345 ± 0.041249,0.6970937466694502,0.7627768570711264,0.7731641578330053
metric_contract_v1.2,c38b09694be88aa74de0741b39e9d3ba0d6ff61a,35a1a66f78dfd6255c4d804586ee6863969be78d21acec5cd0ccf00476ddaa5c,f80984d28ef9a7550633fb3aea514f783f3db1fa655a6d3f49850b10857e6afc,db137e7d3c712f7a4752a4ecaee827c58ae25bc907f916dbab0de88a87e33211,last,ood_metric/aupr_in_openood_auc,OOD-2,primary,up,id_train,id_test_vs_mnist,detector_declared,detector/vim_dim256,mnist,far,,,,80000,C2,adam,0.0003,0.001,0.7589931840109667,0.044343354327023826,0.758993 ± 0.044343,0.7101529953134532,0.7700974964087659,0.7967290603106808
metric_contract_v1.2,c38b09694be88aa74de0741b39e9d3ba0d6ff61a,35a1a66f78dfd6255c4d804586ee6863969be78d21acec5cd0ccf00476ddaa5c,f80984d28ef9a7550633fb3aea514f783f3db1fa655a6d3f49850b10857e6afc,db137e7d3c712f7a4752a4ecaee827c58ae25bc907f916dbab0de88a87e33211,last,ood_metric/aupr_in_openood_auc,OOD-2,primary,up,id_train,id_test_vs_mnist,detector_declared,detector/vim_dim320,mnist,far,,,,80000,C2,adam,0.0003,0.001,0.7630697399866303,0.03702485771899362,0.763070 ± 0.037025,0.7230933916051321,0.7699331754495976,0.7961826529051612
metric_contract_v1.2,c38b09694be88aa74de0741b39e9d3ba0d6ff61a,35a1a66f78dfd6255c4d804586ee6863969be78d21acec5cd0ccf00476ddaa5c,f80984d28ef9a7550633fb3aea514f783f3db1fa655a6d3f49850b10857e6afc,db137e7d3c712f7a4752a4ecaee827c58ae25bc907f916dbab0de88a87e33211,last,ood_metric/aupr_in_openood_auc,OOD-2,primary,up,id_train,id_test_vs_mnist,detector_declared,detector/vim_dim64,mnist,far,,,,80000,C2,adam,0.0003,0.001,0.7453234748704839,0.04269758351064549,0.745323 ± 0.042698,0.6960396789921233,0.7711545891539867,0.7687761564653419
metric_contract_v1.2,c38b09694be88aa74de0741b39e9d3ba0d6ff61a,35a1a66f78dfd6255c4d804586ee6863969be78d21acec5cd0ccf00476ddaa5c,f80984d28ef9a7550633fb3aea514f783f3db1fa655a6d3f49850b10857e6afc,db137e7d3c712f7a4752a4ecaee827c58ae25bc907f916dbab0de88a87e33211,last,ood_metric/aupr_in_openood_auc,OOD-2,primary,up,id_train,id_test_vs_mnist,detector_declared,detector/weight_cosine_appendix,mnist,far,,,,80000,C2,adam,0.0003,0.001,0.7516400396255288,0.04064110283675174,0.751640 ± 0.040641,0.7048427412033763,0.7780733033225697,0.7720040743506407
metric_contract_v1.2,c38b09694be88aa74de0741b39e9d3ba0d6ff61a,35a1a66f78dfd6255c4d804586ee6863969be78d21acec5cd0ccf00476ddaa5c,f80984d28ef9a7550633fb3aea514f783f3db1fa655a6d3f49850b10857e6afc,db137e7d3c712f7a4752a4ecaee827c58ae25bc907f916dbab0de88a87e33211,last,ood_metric/aupr_in_openood_auc,OOD-2,primary,up,,id_test_vs_mnist,detector_declared,ood_score/energy_t1,mnist,far,,,,80000,C2,adam,0.0003,0.001,0.8726184691500398,0.020268542426639464,0.872618 ± 0.020269,0.8582711541226602,0.8637787033654674,0.8958055499619919
metric_contract_v1.2,c38b09694be88aa74de0741b39e9d3ba0d6ff61a,35a1a66f78dfd6255c4d804586ee6863969be78d21acec5cd0ccf00476ddaa5c,f80984d28ef9a7550633fb3aea514f783f3db1fa655a6d3f49850b10857e6afc,db137e7d3c712f7a4752a4ecaee827c58ae25bc907f916dbab0de88a87e33211,last,ood_metric/aupr_in_openood_auc,OOD-2,primary,up,,id_test_vs_mnist,detector_declared,ood_score/max_logit,mnist,far,,,,80000,C2,adam,0.0003,0.001,0.8710817378132685,0.02007968223781187,0.871082 ± 0.020080,0.8568695122837989,0.8623226962170736,0.8940530049389326
metric_contract_v1.2,c38b09694be88aa74de0741b39e9d3ba0d6ff61a,35a1a66f78dfd6255c4d804586ee6863969be78d21acec5cd0ccf00476ddaa5c,f80984d28ef9a7550633fb3aea514f783f3db1fa655a6d3f49850b10857e6afc,db137e7d3c712f7a4752a4ecaee827c58ae25bc907f916dbab0de88a87e33211,last,ood_metric/aupr_in_openood_auc,OOD-2,primary,up,,id_test_vs_mnist,detector_declared,ood_score/msp,mnist,far,,,,80000,C2,adam,0.0003,0.001,0.8074579011653009,0.02230495995400717,0.807458 ± 0.022305,0.7876164974038392,0.8031571312118349,0.8316000748802286
metric_contract_v1.2,c38b09694be88aa74de0741b39e9d3ba0d6ff61a,35a1a66f78dfd6255c4d804586ee6863969be78d21acec5cd0ccf00476ddaa5c,f80984d28ef9a7550633fb3aea514f783f3db1fa655a6d3f49850b10857e6afc,db137e7d3c712f7a4752a4ecaee827c58ae25bc907f916dbab0de88a87e33211,last,ood_metric/aupr_out_openood_auc,OOD-3,primary,up,id_train,id_test_vs_mnist,detector_declared,detector/ctm_prototype_cosine,mnist,far,,,,80000,C2,adam,0.0003,0.001,0.9794807670026948,0.00496320339670318,0.979481 ± 0.004963,0.9739530316370171,0.9809344842161896,0.9835547851548778
metric_contract_v1.2,c38b09694be88aa74de0741b39e9d3ba0d6ff61a,35a1a66f78dfd6255c4d804586ee6863969be78d21acec5cd0ccf00476ddaa5c,f80984d28ef9a7550633fb3aea514f783f3db1fa655a6d3f49850b10857e6afc,db137e7d3c712f7a4752a4ecaee827c58ae25bc907f916dbab0de88a87e33211,last,ood_metric/aupr_out_openood_auc,OOD-3,primary,up,id_train,id_test_vs_mnist,detector_declared,detector/gda_class_density,mnist,far,,,,80000,C2,adam,0.0003,0.001,0.9284820167748004,0.017404081369298705,0.928482 ± 0.017404,0.9086308582660908,0.9411188093563827,0.9356963827019276
metric_contract_v1.2,c38b09694be88aa74de0741b39e9d3ba0d6ff61a,35a1a66f78dfd6255c4d804586ee6863969be78d21acec5cd0ccf00476ddaa5c,f80984d28ef9a7550633fb3aea514f783f3db1fa655a6d3f49850b10857e6afc,db137e7d3c712f7a4752a4ecaee827c58ae25bc907f916dbab0de88a87e33211,last,ood_metric/aupr_out_openood_auc,OOD-3,primary,up,id_train,id_test_vs_mnist,detector_declared,detector/knn_l2_k50,mnist,far,,,,80000,C2,adam,0.0003,0.001,0.9818806465941279,0.00468237545750284,0.981881 ± 0.004682,0.976745554929067,0.9829826668831787,0.985913717970138
metric_contract_v1.2,c38b09694be88aa74de0741b39e9d3ba0d6ff61a,35a1a66f78dfd6255c4d804586ee6863969be78d21acec5cd0ccf00476ddaa5c,f80984d28ef9a7550633fb3aea514f783f3db1fa655a6d3f49850b10857e6afc,db137e7d3c712f7a4752a4ecaee827c58ae25bc907f916dbab0de88a87e33211,last,ood_metric/aupr_out_openood_auc,OOD-3,primary,up,id_train,id_test_vs_mnist,detector_declared,detector/mahalanobis_pp,mnist,far,,,,80000,C2,adam,0.0003,0.001,0.9911587761552724,0.00283814426925913,0.991159 ± 0.002838,0.988362093663356,0.9910775944468007,0.9940366403556604
metric_contract_v1.2,c38b09694be88aa74de0741b39e9d3ba0d6ff61a,35a1a66f78dfd6255c4d804586ee6863969be78d21acec5cd0ccf00476ddaa5c,f80984d28ef9a7550633fb3aea514f783f3db1fa655a6d3f49850b10857e6afc,db137e7d3c712f7a4752a4ecaee827c58ae25bc907f916dbab0de88a87e33211,last,ood_metric/aupr_out_openood_auc,OOD-3,primary,up,id_train,id_test_vs_mnist,detector_declared,detector/mahalanobis_raw,mnist,far,,,,80000,C2,adam,0.0003,0.001,0.861691050790057,0.03128473105006596,0.861691 ± 0.031285,0.8267559573340573,0.8871203078111022,0.8711968872250117
metric_contract_v1.2,c38b09694be88aa74de0741b39e9d3ba0d6ff61a,35a1a66f78dfd6255c4d804586ee6863969be78d21acec5cd0ccf00476ddaa5c,f80984d28ef9a7550633fb3aea514f783f3db1fa655a6d3f49850b10857e6afc,db137e7d3c712f7a4752a4ecaee827c58ae25bc907f916dbab0de88a87e33211,last,ood_metric/aupr_out_openood_auc,OOD-3,primary,up,id_train,id_test_vs_mnist,detector_declared,detector/marginal_mahalanobis_raw,mnist,far,,,,80000,C2,adam,0.0003,0.001,0.841860317005902,0.03211376703350891,0.841860 ± 0.032114,0.8062379767455633,0.8685922880454612,0.8507506862266818
metric_contract_v1.2,c38b09694be88aa74de0741b39e9d3ba0d6ff61a,35a1a66f78dfd6255c4d804586ee6863969be78d21acec5cd0ccf00476ddaa5c,f80984d28ef9a7550633fb3aea514f783f3db1fa655a6d3f49850b10857e6afc,db137e7d3c712f7a4752a4ecaee827c58ae25bc907f916dbab0de88a87e33211,last,ood_metric/aupr_out_openood_auc,OOD-3,primary,up,id_train,id_test_vs_mnist,detector_declared,detector/ncp_euclidean_raw,mnist,far,,,,80000,C2,adam,0.0003,0.001,0.9795298444319434,0.004515399455253625,0.979530 ± 0.004515,0.9744538220599578,0.9810361919615872,0.9830995192742851
metric_contract_v1.2,c38b09694be88aa74de0741b39e9d3ba0d6ff61a,35a1a66f78dfd6255c4d804586ee6863969be78d21acec5cd0ccf00476ddaa5c,f80984d28ef9a7550633fb3aea514f783f3db1fa655a6d3f49850b10857e6afc,db137e7d3c712f7a4752a4ecaee827c58ae25bc907f916dbab0de88a87e33211,last,ood_metric/aupr_out_openood_auc,OOD-3,primary,up,id_train,id_test_vs_mnist,detector_declared,detector/neco_author_std_dim100,mnist,far,,,,80000,C2,adam,0.0003,0.001,0.9746874712073845,0.008577403787381605,0.974687 ± 0.008577,0.9657860888036388,0.9828992658654924,0.9753770589530226
metric_contract_v1.2,c38b09694be88aa74de0741b39e9d3ba0d6ff61a,35a1a66f78dfd6255c4d804586ee6863969be78d21acec5cd0ccf00476ddaa5c,f80984d28ef9a7550633fb3aea514f783f3db1fa655a6d3f49850b10857e6afc,db137e7d3c712f7a4752a4ecaee827c58ae25bc907f916dbab0de88a87e33211,last,ood_metric/aupr_out_openood_auc,OOD-3,primary,up,id_train,id_test_vs_mnist,detector_declared,detector/relative_mahalanobis_pp,mnist,far,,,,80000,C2,adam,0.0003,0.001,0.9721804105430875,0.0043334424884414425,0.972180 ± 0.004333,0.9682781731277104,0.9714189417100406,0.9768441167915114
metric_contract_v1.2,c38b09694be88aa74de0741b39e9d3ba0d6ff61a,35a1a66f78dfd6255c4d804586ee6863969be78d21acec5cd0ccf00476ddaa5c,f80984d28ef9a7550633fb3aea514f783f3db1fa655a6d3f49850b10857e6afc,db137e7d3c712f7a4752a4ecaee827c58ae25bc907f916dbab0de88a87e33211,last,ood_metric/aupr_out_openood_auc,OOD-3,primary,up,id_train,id_test_vs_mnist,detector_declared,detector/relative_mahalanobis_raw,mnist,far,,,,80000,C2,adam,0.0003,0.001,0.9807675313063733,0.003160171777226429,0.980768 ± 0.003160,0.9787361954797824,0.9791579484256901,0.9844084500136472
metric_contract_v1.2,c38b09694be88aa74de0741b39e9d3ba0d6ff61a,35a1a66f78dfd6255c4d804586ee6863969be78d21acec5cd0ccf00476ddaa5c,f80984d28ef9a7550633fb3aea514f783f3db1fa655a6d3f49850b10857e6afc,db137e7d3c712f7a4752a4ecaee827c58ae25bc907f916dbab0de88a87e33211,last,ood_metric/aupr_out_openood_auc,OOD-3,primary,up,id_train,id_test_vs_mnist,detector_declared,detector/vim_author_dim,mnist,far,,,,80000,C2,adam,0.0003,0.001,0.9704420051501805,0.007764177502367499,0.970442 ± 0.007764,0.9616248702147502,0.9734448518290902,0.9762562934067012
metric_contract_v1.2,c38b09694be88aa74de0741b39e9d3ba0d6ff61a,35a1a66f78dfd6255c4d804586ee6863969be78d21acec5cd0ccf00476ddaa5c,f80984d28ef9a7550633fb3aea514f783f3db1fa655a6d3f49850b10857e6afc,db137e7d3c712f7a4752a4ecaee827c58ae25bc907f916dbab0de88a87e33211,last,ood_metric/aupr_out_openood_auc,OOD-3,primary,up,id_train,id_test_vs_mnist,detector_declared,detector/vim_dim128,mnist,far,,,,80000,C2,adam,0.0003,0.001,0.9661926227556945,0.008728189811276165,0.966193 ± 0.008728,0.9561817262033145,0.9722069119731757,0.9701892300905933
metric_contract_v1.2,c38b09694be88aa74de0741b39e9d3ba0d6ff61a,35a1a66f78dfd6255c4d804586ee6863969be78d21acec5cd0ccf00476ddaa5c,f80984d28ef9a7550633fb3aea514f783f3db1fa655a6d3f49850b10857e6afc,db137e7d3c712f7a4752a4ecaee827c58ae25bc907f916dbab0de88a87e33211,last,ood_metric/aupr_out_openood_auc,OOD-3,primary,up,id_train,id_test_vs_mnist,detector_declared,detector/vim_dim256,mnist,far,,,,80000,C2,adam,0.0003,0.001,0.9699139070291513,0.008825197432713159,0.969914 ± 0.008825,0.959779852673019,0.9740536713229258,0.975908197091509
metric_contract_v1.2,c38b09694be88aa74de0741b39e9d3ba0d6ff61a,35a1a66f78dfd6255c4d804586ee6863969be78d21acec5cd0ccf00476ddaa5c,f80984d28ef9a7550633fb3aea514f783f3db1fa655a6d3f49850b10857e6afc,db137e7d3c712f7a4752a4ecaee827c58ae25bc907f916dbab0de88a87e33211,last,ood_metric/aupr_out_openood_auc,OOD-3,primary,up,id_train,id_test_vs_mnist,detector_declared,detector/vim_dim320,mnist,far,,,,80000,C2,adam,0.0003,0.001,0.9704420051501805,0.007764177502367499,0.970442 ± 0.007764,0.9616248702147502,0.9734448518290902,0.9762562934067012
metric_contract_v1.2,c38b09694be88aa74de0741b39e9d3ba0d6ff61a,35a1a66f78dfd6255c4d804586ee6863969be78d21acec5cd0ccf00476ddaa5c,f80984d28ef9a7550633fb3aea514f783f3db1fa655a6d3f49850b10857e6afc,db137e7d3c712f7a4752a4ecaee827c58ae25bc907f916dbab0de88a87e33211,last,ood_metric/aupr_out_openood_auc,OOD-3,primary,up,id_train,id_test_vs_mnist,detector_declared,detector/vim_dim64,mnist,far,,,,80000,C2,adam,0.0003,0.001,0.9644289642812108,0.009057503876474032,0.964429 ± 0.009058,0.9546693736116607,0.972564703249476,0.9660528159824959
metric_contract_v1.2,c38b09694be88aa74de0741b39e9d3ba0d6ff61a,35a1a66f78dfd6255c4d804586ee6863969be78d21acec5cd0ccf00476ddaa5c,f80984d28ef9a7550633fb3aea514f783f3db1fa655a6d3f49850b10857e6afc,db137e7d3c712f7a4752a4ecaee827c58ae25bc907f916dbab0de88a87e33211,last,ood_metric/aupr_out_openood_auc,OOD-3,primary,up,id_train,id_test_vs_mnist,detector_declared,detector/weight_cosine_appendix,mnist,far,,,,80000,C2,adam,0.0003,0.001,0.9788349440339825,0.004064216399080916,0.978835 ± 0.004064,0.9741430827542543,0.9810932205958005,0.981268528751893
metric_contract_v1.2,c38b09694be88aa74de0741b39e9d3ba0d6ff61a,35a1a66f78dfd6255c4d804586ee6863969be78d21acec5cd0ccf00476ddaa5c,f80984d28ef9a7550633fb3aea514f783f3db1fa655a6d3f49850b10857e6afc,db137e7d3c712f7a4752a4ecaee827c58ae25bc907f916dbab0de88a87e33211,last,ood_metric/aupr_out_openood_auc,OOD-3,primary,up,,id_test_vs_mnist,detector_declared,ood_score/energy_t1,mnist,far,,,,80000,C2,adam,0.0003,0.001,0.9925572505966578,0.0014777460921796904,0.992557 ± 0.001478,0.9918616517976496,0.9915556648598622,0.9942544351324614
metric_contract_v1.2,c38b09694be88aa74de0741b39e9d3ba0d6ff61a,35a1a66f78dfd6255c4d804586ee6863969be78d21acec5cd0ccf00476ddaa5c,f80984d28ef9a7550633fb3aea514f783f3db1fa655a6d3f49850b10857e6afc,db137e7d3c712f7a4752a4ecaee827c58ae25bc907f916dbab0de88a87e33211,last,ood_metric/aupr_out_openood_auc,OOD-3,primary,up,,id_test_vs_mnist,detector_declared,ood_score/max_logit,mnist,far,,,,80000,C2,adam,0.0003,0.001,0.9921215373759158,0.0014885061028961203,0.992122 ± 0.001489,0.9913698314285752,0.9911587888237734,0.9938359918753991
metric_contract_v1.2,c38b09694be88aa74de0741b39e9d3ba0d6ff61a,35a1a66f78dfd6255c4d804586ee6863969be78d21acec5cd0ccf00476ddaa5c,f80984d28ef9a7550633fb3aea514f783f3db1fa655a6d3f49850b10857e6afc,db137e7d3c712f7a4752a4ecaee827c58ae25bc907f916dbab0de88a87e33211,last,ood_metric/aupr_out_openood_auc,OOD-3,primary,up,,id_test_vs_mnist,detector_declared,ood_score/msp,mnist,far,,,,80000,C2,adam,0.0003,0.001,0.9824602726305249,0.0021816927540580433,0.982460 ± 0.002182,0.9806730603811084,0.9818162872767318,0.9848914702337349
metric_contract_v1.2,c38b09694be88aa74de0741b39e9d3ba0d6ff61a,35a1a66f78dfd6255c4d804586ee6863969be78d21acec5cd0ccf00476ddaa5c,f80984d28ef9a7550633fb3aea514f783f3db1fa655a6d3f49850b10857e6afc,db137e7d3c712f7a4752a4ecaee827c58ae25bc907f916dbab0de88a87e33211,last,ood_metric/auroc_id_positive,OOD-1,primary,up,id_train,id_test_vs_mnist,detector_declared,detector/ctm_prototype_cosine,mnist,far,,,,80000,C2,adam,0.0003,0.001,0.8980436390476191,0.021604761348124713,0.898044 ± 0.021605,0.8737558514285714,0.9052536457142857,0.91512142
metric_contract_v1.2,c38b09694be88aa74de0741b39e9d3ba0d6ff61a,35a1a66f78dfd6255c4d804586ee6863969be78d21acec5cd0ccf00476ddaa5c,f80984d28ef9a7550633fb3aea514f783f3db1fa655a6d3f49850b10857e6afc,db137e7d3c712f7a4752a4ecaee827c58ae25bc907f916dbab0de88a87e33211,last,ood_metric/auroc_id_positive,OOD-1,primary,up,id_train,id_test_vs_mnist,detector_declared,detector/gda_class_density,mnist,far,,,,80000,C2,adam,0.0003,0.001,0.7390802676190477,0.05584592975751585,0.739080 ± 0.055846,0.6769206571428572,0.7850229457142859,0.7552972
metric_contract_v1.2,c38b09694be88aa74de0741b39e9d3ba0d6ff61a,35a1a66f78dfd6255c4d804586ee6863969be78d21acec5cd0ccf00476ddaa5c,f80984d28ef9a7550633fb3aea514f783f3db1fa655a6d3f49850b10857e6afc,db137e7d3c712f7a4752a4ecaee827c58ae25bc907f916dbab0de88a87e33211,last,ood_metric/auroc_id_positive,OOD-1,primary,up,id_train,id_test_vs_mnist,detector_declared,detector/knn_l2_k50,mnist,far,,,,80000,C2,adam,0.0003,0.001,0.9094629223809524,0.020228274971311546,0.909463 ± 0.020228,0.8870360471428571,0.9150230814285714,0.9263296385714285
metric_contract_v1.2,c38b09694be88aa74de0741b39e9d3ba0d6ff61a,35a1a66f78dfd6255c4d804586ee6863969be78d21acec5cd0ccf00476ddaa5c,f80984d28ef9a7550633fb3aea514f783f3db1fa655a6d3f49850b10857e6afc,db137e7d3c712f7a4752a4ecaee827c58ae25bc907f916dbab0de88a87e33211,last,ood_metric/auroc_id_positive,OOD-1,primary,up,id_train,id_test_vs_mnist,detector_declared,detector/mahalanobis_pp,mnist,far,,,,80000,C2,adam,0.0003,0.001,0.9517405485714286,0.01489860573383272,0.951741 ± 0.014899,0.9366197057142857,0.9521954414285715,0.9664064985714285
metric_contract_v1.2,c38b09694be88aa74de0741b39e9d3ba0d6ff61a,35a1a66f78dfd6255c4d804586ee6863969be78d21acec5cd0ccf00476ddaa5c,f80984d28ef9a7550633fb3aea514f783f3db1fa655a6d3f49850b10857e6afc,db137e7d3c712f7a4752a4ecaee827c58ae25bc907f916dbab0de88a87e33211,last,ood_metric/auroc_id_positive,OOD-1,primary,up,id_train,id_test_vs_mnist,detector_declared,detector/mahalanobis_raw,mnist,far,,,,80000,C2,adam,0.0003,0.001,0.49407976142857146,0.08942028951093696,0.494080 ± 0.089420,0.3966148214285714,0.5723321785714286,0.5132922842857143
metric_contract_v1.2,c38b09694be88aa74de0741b39e9d3ba0d6ff61a,35a1a66f78dfd6255c4d804586ee6863969be78d21acec5cd0ccf00476ddaa5c,f80984d28ef9a7550633fb3aea514f783f3db1fa655a6d3f49850b10857e6afc,db137e7d3c712f7a4752a4ecaee827c58ae25bc907f916dbab0de88a87e33211,last,ood_metric/auroc_id_positive,OOD-1,primary,up,id_train,id_test_vs_mnist,detector_declared,detector/marginal_mahalanobis_raw,mnist,far,,,,80000,C2,adam,0.0003,0.001,0.4178054666666666,0.09025743237338503,0.417805 ± 0.090257,0.32066622714285714,0.4990764657142857,0.4336737071428571
metric_contract_v1.2,c38b09694be88aa74de0741b39e9d3ba0d6ff61a,35a1a66f78dfd6255c4d804586ee6863969be78d21acec5cd0ccf00476ddaa5c,f80984d28ef9a7550633fb3aea514f783f3db1fa655a6d3f49850b10857e6afc,db137e7d3c712f7a4752a4ecaee827c58ae25bc907f916dbab0de88a87e33211,last,ood_metric/auroc_id_positive,OOD-1,primary,up,id_train,id_test_vs_mnist,detector_declared,detector/ncp_euclidean_raw,mnist,far,,,,80000,C2,adam,0.0003,0.001,0.90032046,0.020654500091579236,0.900320 ± 0.020655,0.8773569857142858,0.9062238899999999,0.9173805042857144
metric_contract_v1.2,c38b09694be88aa74de0741b39e9d3ba0d6ff61a,35a1a66f78dfd6255c4d804586ee6863969be78d21acec5cd0ccf00476ddaa5c,f80984d28ef9a7550633fb3aea514f783f3db1fa655a6d3f49850b10857e6afc,db137e7d3c712f7a4752a4ecaee827c58ae25bc907f916dbab0de88a87e33211,last,ood_metric/auroc_id_positive,OOD-1,primary,up,id_train,id_test_vs_mnist,detector_declared,detector/neco_author_std_dim100,mnist,far,,,,80000,C2,adam,0.0003,0.001,0.8957848442857143,0.028775879881580268,0.895785 ± 0.028776,0.8658222842857143,0.9232053771428571,0.8983268714285715
metric_contract_v1.2,c38b09694be88aa74de0741b39e9d3ba0d6ff61a,35a1a66f78dfd6255c4d804586ee6863969be78d21acec5cd0ccf00476ddaa5c,f80984d28ef9a7550633fb3aea514f783f3db1fa655a6d3f49850b10857e6afc,db137e7d3c712f7a4752a4ecaee827c58ae25bc907f916dbab0de88a87e33211,last,ood_metric/auroc_id_positive,OOD-1,primary,up,id_train,id_test_vs_mnist,detector_declared,detector/relative_mahalanobis_pp,mnist,far,,,,80000,C2,adam,0.0003,0.001,0.8721474857142858,0.017996463586405324,0.872147 ± 0.017996,0.8542946714285715,0.8718635471428572,0.8902842385714286
metric_contract_v1.2,c38b09694be88aa74de0741b39e9d3ba0d6ff61a,35a1a66f78dfd6255c4d804586ee6863969be78d21acec5cd0ccf00476ddaa5c,f80984d28ef9a7550633fb3aea514f783f3db1fa655a6d3f49850b10857e6afc,db137e7d3c712f7a4752a4ecaee827c58ae25bc907f916dbab0de88a87e33211,last,ood_metric/auroc_id_positive,OOD-1,primary,up,id_train,id_test_vs_mnist,detector_declared,detector/relative_mahalanobis_raw,mnist,far,,,,80000,C2,adam,0.0003,0.001,0.9120719809523811,0.011784733504556728,0.912072 ± 0.011785,0.9044299742857144,0.9061421000000001,0.9256438685714286
metric_contract_v1.2,c38b09694be88aa74de0741b39e9d3ba0d6ff61a,35a1a66f78dfd6255c4d804586ee6863969be78d21acec5cd0ccf00476ddaa5c,f80984d28ef9a7550633fb3aea514f783f3db1fa655a6d3f49850b10857e6afc,db137e7d3c712f7a4752a4ecaee827c58ae25bc907f916dbab0de88a87e33211,last,ood_metric/auroc_id_positive,OOD-1,primary,up,id_train,id_test_vs_mnist,detector_declared,detector/vim_author_dim,mnist,far,,,,80000,C2,adam,0.0003,0.001,0.8849152266666667,0.021833881181951186,0.884915 ± 0.021834,0.8602950771428571,0.8925237542857143,0.9019268485714286
metric_contract_v1.2,c38b09694be88aa74de0741b39e9d3ba0d6ff61a,35a1a66f78dfd6255c4d804586ee6863969be78d21acec5cd0ccf00476ddaa5c,f80984d28ef9a7550633fb3aea514f783f3db1fa655a6d3f49850b10857e6afc,db137e7d3c712f7a4752a4ecaee827c58ae25bc907f916dbab0de88a87e33211,last,ood_metric/auroc_id_positive,OOD-1,primary,up,id_train,id_test_vs_mnist,detector_declared,detector/vim_dim128,mnist,far,,,,80000,C2,adam,0.0003,0.001,0.8737489814285714,0.02346899743192678,0.873749 ± 0.023469,0.84672621,0.8890270614285714,0.8854936728571429
metric_contract_v1.2,c38b09694be88aa74de0741b39e9d3ba0d6ff61a,35a1a66f78dfd6255c4d804586ee6863969be78d21acec5cd0ccf00476ddaa5c,f80984d28ef9a7550633fb3aea514f783f3db1fa655a6d3f49850b10857e6afc,db137e7d3c712f7a4752a4ecaee827c58ae25bc907f916dbab0de88a87e33211,last,ood_metric/auroc_id_positive,OOD-1,primary,up,id_train,id_test_vs_mnist,detector_declared,detector/vim_dim256,mnist,far,,,,80000,C2,adam,0.0003,0.001,0.8826285042857144,0.025616947940900397,0.882629 ± 0.025617,0.8534378957142857,0.8930814300000001,0.9013661871428572
metric_contract_v1.2,c38b09694be88aa74de0741b39e9d3ba0d6ff61a,35a1a66f78dfd6255c4d804586ee6863969be78d21acec5cd0ccf00476ddaa5c,f80984d28ef9a7550633fb3aea514f783f3db1fa655a6d3f49850b10857e6afc,db137e7d3c712f7a4752a4ecaee827c58ae25bc907f916dbab0de88a87e33211,last,ood_metric/auroc_id_positive,OOD-1,primary,up,id_train,id_test_vs_mnist,detector_declared,detector/vim_dim320,mnist,far,,,,80000,C2,adam,0.0003,0.001,0.8849152266666667,0.021833881181951186,0.884915 ± 0.021834,0.8602950771428571,0.8925237542857143,0.9019268485714286
metric_contract_v1.2,c38b09694be88aa74de0741b39e9d3ba0d6ff61a,35a1a66f78dfd6255c4d804586ee6863969be78d21acec5cd0ccf00476ddaa5c,f80984d28ef9a7550633fb3aea514f783f3db1fa655a6d3f49850b10857e6afc,db137e7d3c712f7a4752a4ecaee827c58ae25bc907f916dbab0de88a87e33211,last,ood_metric/auroc_id_positive,OOD-1,primary,up,id_train,id_test_vs_mnist,detector_declared,detector/vim_dim64,mnist,far,,,,80000,C2,adam,0.0003,0.001,0.8723484685714286,0.024849507523392524,0.872348 ± 0.024850,0.8449300642857143,0.8933837442857143,0.8787315971428571
metric_contract_v1.2,c38b09694be88aa74de0741b39e9d3ba0d6ff61a,35a1a66f78dfd6255c4d804586ee6863969be78d21acec5cd0ccf00476ddaa5c,f80984d28ef9a7550633fb3aea514f783f3db1fa655a6d3f49850b10857e6afc,db137e7d3c712f7a4752a4ecaee827c58ae25bc907f916dbab0de88a87e33211,last,ood_metric/auroc_id_positive,OOD-1,primary,up,id_train,id_test_vs_mnist,detector_declared,detector/weight_cosine_appendix,mnist,far,,,,80000,C2,adam,0.0003,0.001,0.9015524533333332,0.01695669023714929,0.901552 ± 0.016957,0.8819793499999999,0.9117857299999998,0.9108922800000001
metric_contract_v1.2,c38b09694be88aa74de0741b39e9d3ba0d6ff61a,35a1a66f78dfd6255c4d804586ee6863969be78d21acec5cd0ccf00476ddaa5c,f80984d28ef9a7550633fb3aea514f783f3db1fa655a6d3f49850b10857e6afc,db137e7d3c712f7a4752a4ecaee827c58ae25bc907f916dbab0de88a87e33211,last,ood_metric/auroc_id_positive,OOD-1,primary,up,,id_test_vs_mnist,detector_declared,ood_score/energy_t1,mnist,far,,,,80000,C2,adam,0.0003,0.001,0.9592381328571428,0.007259557875783006,0.959238 ± 0.007260,0.9549898142857143,0.9551040957142857,0.9676204885714286
metric_contract_v1.2,c38b09694be88aa74de0741b39e9d3ba0d6ff61a,35a1a66f78dfd6255c4d804586ee6863969be78d21acec5cd0ccf00476ddaa5c,f80984d28ef9a7550633fb3aea514f783f3db1fa655a6d3f49850b10857e6afc,db137e7d3c712f7a4752a4ecaee827c58ae25bc907f916dbab0de88a87e33211,last,ood_metric/auroc_id_positive,OOD-1,primary,up,,id_test_vs_mnist,detector_declared,ood_score/max_logit,mnist,far,,,,80000,C2,adam,0.0003,0.001,0.9576918695238096,0.00720231091895294,0.957692 ± 0.007202,0.9533696307142858,0.9536997807142856,0.9660061971428572
metric_contract_v1.2,c38b09694be88aa74de0741b39e9d3ba0d6ff61a,35a1a66f78dfd6255c4d804586ee6863969be78d21acec5cd0ccf00476ddaa5c,f80984d28ef9a7550633fb3aea514f783f3db1fa655a6d3f49850b10857e6afc,db137e7d3c712f7a4752a4ecaee827c58ae25bc907f916dbab0de88a87e33211,last,ood_metric/auroc_id_positive,OOD-1,primary,up,,id_test_vs_mnist,detector_declared,ood_score/msp,mnist,far,,,,80000,C2,adam,0.0003,0.001,0.9181309490476192,0.008831823547968522,0.918131 ± 0.008832,0.9105267957142859,0.9160479814285714,0.92781807
metric_contract_v1.2,c38b09694be88aa74de0741b39e9d3ba0d6ff61a,35a1a66f78dfd6255c4d804586ee6863969be78d21acec5cd0ccf00476ddaa5c,f80984d28ef9a7550633fb3aea514f783f3db1fa655a6d3f49850b10857e6afc,db137e7d3c712f7a4752a4ecaee827c58ae25bc907f916dbab0de88a87e33211,last,ood_metric/fpr95_achieved_id_tpr,OOD-4,appendix,descriptive,id_train,id_test_vs_mnist,detector_declared,detector/ctm_prototype_cosine,mnist,far,,,,80000,C2,adam,0.0003,0.001,0.9499999999999998,1.3597399555105182e-16,0.950000 ± 0.000000,0.95,0.95,0.95
metric_contract_v1.2,c38b09694be88aa74de0741b39e9d3ba0d6ff61a,35a1a66f78dfd6255c4d804586ee6863969be78d21acec5cd0ccf00476ddaa5c,f80984d28ef9a7550633fb3aea514f783f3db1fa655a6d3f49850b10857e6afc,db137e7d3c712f7a4752a4ecaee827c58ae25bc907f916dbab0de88a87e33211,last,ood_metric/fpr95_achieved_id_tpr,OOD-4,appendix,descriptive,id_train,id_test_vs_mnist,detector_declared,detector/gda_class_density,mnist,far,,,,80000,C2,adam,0.0003,0.001,0.9499999999999998,1.3597399555105182e-16,0.950000 ± 0.000000,0.95,0.95,0.95
metric_contract_v1.2,c38b09694be88aa74de0741b39e9d3ba0d6ff61a,35a1a66f78dfd6255c4d804586ee6863969be78d21acec5cd0ccf00476ddaa5c,f80984d28ef9a7550633fb3aea514f783f3db1fa655a6d3f49850b10857e6afc,db137e7d3c712f7a4752a4ecaee827c58ae25bc907f916dbab0de88a87e33211,last,ood_metric/fpr95_achieved_id_tpr,OOD-4,appendix,descriptive,id_train,id_test_vs_mnist,detector_declared,detector/knn_l2_k50,mnist,far,,,,80000,C2,adam,0.0003,0.001,0.9499999999999998,1.3597399555105182e-16,0.950000 ± 0.000000,0.95,0.95,0.95
metric_contract_v1.2,c38b09694be88aa74de0741b39e9d3ba0d6ff61a,35a1a66f78dfd6255c4d804586ee6863969be78d21acec5cd0ccf00476ddaa5c,f80984d28ef9a7550633fb3aea514f783f3db1fa655a6d3f49850b10857e6afc,db137e7d3c712f7a4752a4ecaee827c58ae25bc907f916dbab0de88a87e33211,last,ood_metric/fpr95_achieved_id_tpr,OOD-4,appendix,descriptive,id_train,id_test_vs_mnist,detector_declared,detector/mahalanobis_pp,mnist,far,,,,80000,C2,adam,0.0003,0.001,0.9499999999999998,1.3597399555105182e-16,0.950000 ± 0.000000,0.95,0.95,0.95
metric_contract_v1.2,c38b09694be88aa74de0741b39e9d3ba0d6ff61a,35a1a66f78dfd6255c4d804586ee6863969be78d21acec5cd0ccf00476ddaa5c,f80984d28ef9a7550633fb3aea514f783f3db1fa655a6d3f49850b10857e6afc,db137e7d3c712f7a4752a4ecaee827c58ae25bc907f916dbab0de88a87e33211,last,ood_metric/fpr95_achieved_id_tpr,OOD-4,appendix,descriptive,id_train,id_test_vs_mnist,detector_declared,detector/mahalanobis_raw,mnist,far,,,,80000,C2,adam,0.0003,0.001,0.9499999999999998,1.3597399555105182e-16,0.950000 ± 0.000000,0.95,0.95,0.95
metric_contract_v1.2,c38b09694be88aa74de0741b39e9d3ba0d6ff61a,35a1a66f78dfd6255c4d804586ee6863969be78d21acec5cd0ccf00476ddaa5c,f80984d28ef9a7550633fb3aea514f783f3db1fa655a6d3f49850b10857e6afc,db137e7d3c712f7a4752a4ecaee827c58ae25bc907f916dbab0de88a87e33211,last,ood_metric/fpr95_achieved_id_tpr,OOD-4,appendix,descriptive,id_train,id_test_vs_mnist,detector_declared,detector/marginal_mahalanobis_raw,mnist,far,,,,80000,C2,adam,0.0003,0.001,0.9499999999999998,1.3597399555105182e-16,0.950000 ± 0.000000,0.95,0.95,0.95
metric_contract_v1.2,c38b09694be88aa74de0741b39e9d3ba0d6ff61a,35a1a66f78dfd6255c4d804586ee6863969be78d21acec5cd0ccf00476ddaa5c,f80984d28ef9a7550633fb3aea514f783f3db1fa655a6d3f49850b10857e6afc,db137e7d3c712f7a4752a4ecaee827c58ae25bc907f916dbab0de88a87e33211,last,ood_metric/fpr95_achieved_id_tpr,OOD-4,appendix,descriptive,id_train,id_test_vs_mnist,detector_declared,detector/ncp_euclidean_raw,mnist,far,,,,80000,C2,adam,0.0003,0.001,0.9499999999999998,1.3597399555105182e-16,0.950000 ± 0.000000,0.95,0.95,0.95
metric_contract_v1.2,c38b09694be88aa74de0741b39e9d3ba0d6ff61a,35a1a66f78dfd6255c4d804586ee6863969be78d21acec5cd0ccf00476ddaa5c,f80984d28ef9a7550633fb3aea514f783f3db1fa655a6d3f49850b10857e6afc,db137e7d3c712f7a4752a4ecaee827c58ae25bc907f916dbab0de88a87e33211,last,ood_metric/fpr95_achieved_id_tpr,OOD-4,appendix,descriptive,id_train,id_test_vs_mnist,detector_declared,detector/neco_author_std_dim100,mnist,far,,,,80000,C2,adam,0.0003,0.001,0.9499999999999998,1.3597399555105182e-16,0.950000 ± 0.000000,0.95,0.95,0.95
metric_contract_v1.2,c38b09694be88aa74de0741b39e9d3ba0d6ff61a,35a1a66f78dfd6255c4d804586ee6863969be78d21acec5cd0ccf00476ddaa5c,f80984d28ef9a7550633fb3aea514f783f3db1fa655a6d3f49850b10857e6afc,db137e7d3c712f7a4752a4ecaee827c58ae25bc907f916dbab0de88a87e33211,last,ood_metric/fpr95_achieved_id_tpr,OOD-4,appendix,descriptive,id_train,id_test_vs_mnist,detector_declared,detector/relative_mahalanobis_pp,mnist,far,,,,80000,C2,adam,0.0003,0.001,0.9499999999999998,1.3597399555105182e-16,0.950000 ± 0.000000,0.95,0.95,0.95
metric_contract_v1.2,c38b09694be88aa74de0741b39e9d3ba0d6ff61a,35a1a66f78dfd6255c4d804586ee6863969be78d21acec5cd0ccf00476ddaa5c,f80984d28ef9a7550633fb3aea514f783f3db1fa655a6d3f49850b10857e6afc,db137e7d3c712f7a4752a4ecaee827c58ae25bc907f916dbab0de88a87e33211,last,ood_metric/fpr95_achieved_id_tpr,OOD-4,appendix,descriptive,id_train,id_test_vs_mnist,detector_declared,detector/relative_mahalanobis_raw,mnist,far,,,,80000,C2,adam,0.0003,0.001,0.9499999999999998,1.3597399555105182e-16,0.950000 ± 0.000000,0.95,0.95,0.95
metric_contract_v1.2,c38b09694be88aa74de0741b39e9d3ba0d6ff61a,35a1a66f78dfd6255c4d804586ee6863969be78d21acec5cd0ccf00476ddaa5c,f80984d28ef9a7550633fb3aea514f783f3db1fa655a6d3f49850b10857e6afc,db137e7d3c712f7a4752a4ecaee827c58ae25bc907f916dbab0de88a87e33211,last,ood_metric/fpr95_achieved_id_tpr,OOD-4,appendix,descriptive,id_train,id_test_vs_mnist,detector_declared,detector/vim_author_dim,mnist,far,,,,80000,C2,adam,0.0003,0.001,0.9499999999999998,1.3597399555105182e-16,0.950000 ± 0.000000,0.95,0.95,0.95
metric_contract_v1.2,c38b09694be88aa74de0741b39e9d3ba0d6ff61a,35a1a66f78dfd6255c4d804586ee6863969be78d21acec5cd0ccf00476ddaa5c,f80984d28ef9a7550633fb3aea514f783f3db1fa655a6d3f49850b10857e6afc,db137e7d3c712f7a4752a4ecaee827c58ae25bc907f916dbab0de88a87e33211,last,ood_metric/fpr95_achieved_id_tpr,OOD-4,appendix,descriptive,id_train,id_test_vs_mnist,detector_declared,detector/vim_dim128,mnist,far,,,,80000,C2,adam,0.0003,0.001,0.9499999999999998,1.3597399555105182e-16,0.950000 ± 0.000000,0.95,0.95,0.95
metric_contract_v1.2,c38b09694be88aa74de0741b39e9d3ba0d6ff61a,35a1a66f78dfd6255c4d804586ee6863969be78d21acec5cd0ccf00476ddaa5c,f80984d28ef9a7550633fb3aea514f783f3db1fa655a6d3f49850b10857e6afc,db137e7d3c712f7a4752a4ecaee827c58ae25bc907f916dbab0de88a87e33211,last,ood_metric/fpr95_achieved_id_tpr,OOD-4,appendix,descriptive,id_train,id_test_vs_mnist,detector_declared,detector/vim_dim256,mnist,far,,,,80000,C2,adam,0.0003,0.001,0.9499999999999998,1.3597399555105182e-16,0.950000 ± 0.000000,0.95,0.95,0.95
metric_contract_v1.2,c38b09694be88aa74de0741b39e9d3ba0d6ff61a,35a1a66f78dfd6255c4d804586ee6863969be78d21acec5cd0ccf00476ddaa5c,f80984d28ef9a7550633fb3aea514f783f3db1fa655a6d3f49850b10857e6afc,db137e7d3c712f7a4752a4ecaee827c58ae25bc907f916dbab0de88a87e33211,last,ood_metric/fpr95_achieved_id_tpr,OOD-4,appendix,descriptive,id_train,id_test_vs_mnist,detector_declared,detector/vim_dim320,mnist,far,,,,80000,C2,adam,0.0003,0.001,0.9499999999999998,1.3597399555105182e-16,0.950000 ± 0.000000,0.95,0.95,0.95
metric_contract_v1.2,c38b09694be88aa74de0741b39e9d3ba0d6ff61a,35a1a66f78dfd6255c4d804586ee6863969be78d21acec5cd0ccf00476ddaa5c,f80984d28ef9a7550633fb3aea514f783f3db1fa655a6d3f49850b10857e6afc,db137e7d3c712f7a4752a4ecaee827c58ae25bc907f916dbab0de88a87e33211,last,ood_metric/fpr95_achieved_id_tpr,OOD-4,appendix,descriptive,id_train,id_test_vs_mnist,detector_declared,detector/vim_dim64,mnist,far,,,,80000,C2,adam,0.0003,0.001,0.9499999999999998,1.3597399555105182e-16,0.950000 ± 0.000000,0.95,0.95,0.95
metric_contract_v1.2,c38b09694be88aa74de0741b39e9d3ba0d6ff61a,35a1a66f78dfd6255c4d804586ee6863969be78d21acec5cd0ccf00476ddaa5c,f80984d28ef9a7550633fb3aea514f783f3db1fa655a6d3f49850b10857e6afc,db137e7d3c712f7a4752a4ecaee827c58ae25bc907f916dbab0de88a87e33211,last,ood_metric/fpr95_achieved_id_tpr,OOD-4,appendix,descriptive,id_train,id_test_vs_mnist,detector_declared,detector/weight_cosine_appendix,mnist,far,,,,80000,C2,adam,0.0003,0.001,0.9499999999999998,1.3597399555105182e-16,0.950000 ± 0.000000,0.95,0.95,0.95
metric_contract_v1.2,c38b09694be88aa74de0741b39e9d3ba0d6ff61a,35a1a66f78dfd6255c4d804586ee6863969be78d21acec5cd0ccf00476ddaa5c,f80984d28ef9a7550633fb3aea514f783f3db1fa655a6d3f49850b10857e6afc,db137e7d3c712f7a4752a4ecaee827c58ae25bc907f916dbab0de88a87e33211,last,ood_metric/fpr95_achieved_id_tpr,OOD-4,appendix,descriptive,,id_test_vs_mnist,detector_declared,ood_score/energy_t1,mnist,far,,,,80000,C2,adam,0.0003,0.001,0.9499999999999998,1.3597399555105182e-16,0.950000 ± 0.000000,0.95,0.95,0.95
metric_contract_v1.2,c38b09694be88aa74de0741b39e9d3ba0d6ff61a,35a1a66f78dfd6255c4d804586ee6863969be78d21acec5cd0ccf00476ddaa5c,f80984d28ef9a7550633fb3aea514f783f3db1fa655a6d3f49850b10857e6afc,db137e7d3c712f7a4752a4ecaee827c58ae25bc907f916dbab0de88a87e33211,last,ood_metric/fpr95_achieved_id_tpr,OOD-4,appendix,descriptive,,id_test_vs_mnist,detector_declared,ood_score/max_logit,mnist,far,,,,80000,C2,adam,0.0003,0.001,0.9499999999999998,1.3597399555105182e-16,0.950000 ± 0.000000,0.95,0.95,0.95
metric_contract_v1.2,c38b09694be88aa74de0741b39e9d3ba0d6ff61a,35a1a66f78dfd6255c4d804586ee6863969be78d21acec5cd0ccf00476ddaa5c,f80984d28ef9a7550633fb3aea514f783f3db1fa655a6d3f49850b10857e6afc,db137e7d3c712f7a4752a4ecaee827c58ae25bc907f916dbab0de88a87e33211,last,ood_metric/fpr95_achieved_id_tpr,OOD-4,appendix,descriptive,,id_test_vs_mnist,detector_declared,ood_score/msp,mnist,far,,,,80000,C2,adam,0.0003,0.001,0.9499999999999998,1.3597399555105182e-16,0.950000 ± 0.000000,0.95,0.95,0.95
metric_contract_v1.2,c38b09694be88aa74de0741b39e9d3ba0d6ff61a,35a1a66f78dfd6255c4d804586ee6863969be78d21acec5cd0ccf00476ddaa5c,f80984d28ef9a7550633fb3aea514f783f3db1fa655a6d3f49850b10857e6afc,db137e7d3c712f7a4752a4ecaee827c58ae25bc907f916dbab0de88a87e33211,last,ood_metric/fpr95_id_tpr,OOD-4,primary,down,id_train,id_test_vs_mnist,detector_declared,detector/ctm_prototype_cosine,mnist,far,,,,80000,C2,adam,0.0003,0.001,0.5377761904761905,0.06746054074659592,0.537776 ± 0.067461,0.6100571428571429,0.5267857142857143,0.4764857142857143
metric_contract_v1.2,c38b09694be88aa74de0741b39e9d3ba0d6ff61a,35a1a66f78dfd6255c4d804586ee6863969be78d21acec5cd0ccf00476ddaa5c,f80984d28ef9a7550633fb3aea514f783f3db1fa655a6d3f49850b10857e6afc,db137e7d3c712f7a4752a4ecaee827c58ae25bc907f916dbab0de88a87e33211,last,ood_metric/fpr95_id_tpr,OOD-4,primary,down,id_train,id_test_vs_mnist,detector_declared,detector/gda_class_density,mnist,far,,,,80000,C2,adam,0.0003,0.001,0.9156809523809524,0.03496144329124306,0.915681 ± 0.034961,0.9560428571428572,0.8948,0.8962
metric_contract_v1.2,c38b09694be88aa74de0741b39e9d3ba0d6ff61a,35a1a66f78dfd6255c4d804586ee6863969be78d21acec5cd0ccf00476ddaa5c,f80984d28ef9a7550633fb3aea514f783f3db1fa655a6d3f49850b10857e6afc,db137e7d3c712f7a4752a4ecaee827c58ae25bc907f916dbab0de88a87e33211,last,ood_metric/fpr95_id_tpr,OOD-4,primary,down,id_train,id_test_vs_mnist,detector_declared,detector/knn_l2_k50,mnist,far,,,,80000,C2,adam,0.0003,0.001,0.49902857142857143,0.0710984241623353,0.499029 ± 0.071098,0.5754428571428571,0.4868142857142857,0.43482857142857145
metric_contract_v1.2,c38b09694be88aa74de0741b39e9d3ba0d6ff61a,35a1a66f78dfd6255c4d804586ee6863969be78d21acec5cd0ccf00476ddaa5c,f80984d28ef9a7550633fb3aea514f783f3db1fa655a6d3f49850b10857e6afc,db137e7d3c712f7a4752a4ecaee827c58ae25bc907f916dbab0de88a87e33211,last,ood_metric/fpr95_id_tpr,OOD-4,primary,down,id_train,id_test_vs_mnist,detector_declared,detector/mahalanobis_pp,mnist,far,,,,80000,C2,adam,0.0003,0.001,0.2821190476190476,0.07858978010794383,0.282119 ± 0.078590,0.35647142857142855,0.29,0.19988571428571428
metric_contract_v1.2,c38b09694be88aa74de0741b39e9d3ba0d6ff61a,35a1a66f78dfd6255c4d804586ee6863969be78d21acec5cd0ccf00476ddaa5c,f80984d28ef9a7550633fb3aea514f783f3db1fa655a6d3f49850b10857e6afc,db137e7d3c712f7a4752a4ecaee827c58ae25bc907f916dbab0de88a87e33211,last,ood_metric/fpr95_id_tpr,OOD-4,primary,down,id_train,id_test_vs_mnist,detector_declared,detector/mahalanobis_raw,mnist,far,,,,80000,C2,adam,0.0003,0.001,0.9675476190476191,0.018336148825244016,0.967548 ± 0.018336,0.9877428571428571,0.9519428571428571,0.9629571428571428
metric_contract_v1.2,c38b09694be88aa74de0741b39e9d3ba0d6ff61a,35a1a66f78dfd6255c4d804586ee6863969be78d21acec5cd0ccf00476ddaa5c,f80984d28ef9a7550633fb3aea514f783f3db1fa655a6d3f49850b10857e6afc,db137e7d3c712f7a4752a4ecaee827c58ae25bc907f916dbab0de88a87e33211,last,ood_metric/fpr95_id_tpr,OOD-4,primary,down,id_train,id_test_vs_mnist,detector_declared,detector/marginal_mahalanobis_raw,mnist,far,,,,80000,C2,adam,0.0003,0.001,0.9736857142857143,0.015192768150723346,0.973686 ± 0.015193,0.9902857142857143,0.9604714285714285,0.9703
metric_contract_v1.2,c38b09694be88aa74de0741b39e9d3ba0d6ff61a,35a1a66f78dfd6255c4d804586ee6863969be78d21acec5cd0ccf00476ddaa5c,f80984d28ef9a7550633fb3aea514f783f3db1fa655a6d3f49850b10857e6afc,db137e7d3c712f7a4752a4ecaee827c58ae25bc907f916dbab0de88a87e33211,last,ood_metric/fpr95_id_tpr,OOD-4,primary,down,id_train,id_test_vs_mnist,detector_declared,detector/ncp_euclidean_raw,mnist,far,,,,80000,C2,adam,0.0003,0.001,0.5232142857142857,0.06776153113707521,0.523214 ± 0.067762,0.5999857142857142,0.4979142857142857,0.47174285714285713
metric_contract_v1.2,c38b09694be88aa74de0741b39e9d3ba0d6ff61a,35a1a66f78dfd6255c4d804586ee6863969be78d21acec5cd0ccf00476ddaa5c,f80984d28ef9a7550633fb3aea514f783f3db1fa655a6d3f49850b10857e6afc,db137e7d3c712f7a4752a4ecaee827c58ae25bc907f916dbab0de88a87e33211,last,ood_metric/fpr95_id_tpr,OOD-4,primary,down,id_train,id_test_vs_mnist,detector_declared,detector/neco_author_std_dim100,mnist,far,,,,80000,C2,adam,0.0003,0.001,0.6323428571428572,0.13454392576100813,0.632343 ± 0.134544,0.7628714285714285,0.49411428571428573,0.6400428571428571
metric_contract_v1.2,c38b09694be88aa74de0741b39e9d3ba0d6ff61a,35a1a66f78dfd6255c4d804586ee6863969be78d21acec5cd0ccf00476ddaa5c,f80984d28ef9a7550633fb3aea514f783f3db1fa655a6d3f49850b10857e6afc,db137e7d3c712f7a4752a4ecaee827c58ae25bc907f916dbab0de88a87e33211,last,ood_metric/fpr95_id_tpr,OOD-4,primary,down,id_train,id_test_vs_mnist,detector_declared,detector/relative_mahalanobis_pp,mnist,far,,,,80000,C2,adam,0.0003,0.001,0.6577666666666667,0.0513219138725108,0.657767 ± 0.051322,0.6980571428571428,0.6752571428571429,0.5999857142857142
metric_contract_v1.2,c38b09694be88aa74de0741b39e9d3ba0d6ff61a,35a1a66f78dfd6255c4d804586ee6863969be78d21acec5cd0ccf00476ddaa5c,f80984d28ef9a7550633fb3aea514f783f3db1fa655a6d3f49850b10857e6afc,db137e7d3c712f7a4752a4ecaee827c58ae25bc907f916dbab0de88a87e33211,last,ood_metric/fpr95_id_tpr,OOD-4,primary,down,id_train,id_test_vs_mnist,detector_declared,detector/relative_mahalanobis_raw,mnist,far,,,,80000,C2,adam,0.0003,0.001,0.5350952380952381,0.05143255209462182,0.535095 ± 0.051433,0.5608714285714286,0.5685428571428571,0.47587142857142856
metric_contract_v1.2,c38b09694be88aa74de0741b39e9d3ba0d6ff61a,35a1a66f78dfd6255c4d804586ee6863969be78d21acec5cd0ccf00476ddaa5c,f80984d28ef9a7550633fb3aea514f783f3db1fa655a6d3f49850b10857e6afc,db137e7d3c712f7a4752a4ecaee827c58ae25bc907f916dbab0de88a87e33211,last,ood_metric/fpr95_id_tpr,OOD-4,primary,down,id_train,id_test_vs_mnist,detector_declared,detector/vim_author_dim,mnist,far,,,,80000,C2,adam,0.0003,0.001,0.7120095238095238,0.08199238930999572,0.712010 ± 0.081992,0.8052714285714285,0.6795,0.6512571428571429
metric_contract_v1.2,c38b09694be88aa74de0741b39e9d3ba0d6ff61a,35a1a66f78dfd6255c4d804586ee6863969be78d21acec5cd0ccf00476ddaa5c,f80984d28ef9a7550633fb3aea514f783f3db1fa655a6d3f49850b10857e6afc,db137e7d3c712f7a4752a4ecaee827c58ae25bc907f916dbab0de88a87e33211,last,ood_metric/fpr95_id_tpr,OOD-4,primary,down,id_train,id_test_vs_mnist,detector_declared,detector/vim_dim128,mnist,far,,,,80000,C2,adam,0.0003,0.001,0.7521380952380953,0.08176379286168943,0.752138 ± 0.081764,0.8437571428571429,0.6865857142857142,0.7260714285714286
metric_contract_v1.2,c38b09694be88aa74de0741b39e9d3ba0d6ff61a,35a1a66f78dfd6255c4d804586ee6863969be78d21acec5cd0ccf00476ddaa5c,f80984d28ef9a7550633fb3aea514f783f3db1fa655a6d3f49850b10857e6afc,db137e7d3c712f7a4752a4ecaee827c58ae25bc907f916dbab0de88a87e33211,last,ood_metric/fpr95_id_tpr,OOD-4,primary,down,id_train,id_test_vs_mnist,detector_declared,detector/vim_dim256,mnist,far,,,,80000,C2,adam,0.0003,0.001,0.7160238095238096,0.0904981647500614,0.716024 ± 0.090498,0.8200428571428572,0.6726714285714286,0.6553571428571429
metric_contract_v1.2,c38b09694be88aa74de0741b39e9d3ba0d6ff61a,35a1a66f78dfd6255c4d804586ee6863969be78d21acec5cd0ccf00476ddaa5c,f80984d28ef9a7550633fb3aea514f783f3db1fa655a6d3f49850b10857e6afc,db137e7d3c712f7a4752a4ecaee827c58ae25bc907f916dbab0de88a87e33211,last,ood_metric/fpr95_id_tpr,OOD-4,primary,down,id_train,id_test_vs_mnist,detector_declared,detector/vim_dim320,mnist,far,,,,80000,C2,adam,0.0003,0.001,0.7120095238095238,0.08199238930999572,0.712010 ± 0.081992,0.8052714285714285,0.6795,0.6512571428571429
metric_contract_v1.2,c38b09694be88aa74de0741b39e9d3ba0d6ff61a,35a1a66f78dfd6255c4d804586ee6863969be78d21acec5cd0ccf00476ddaa5c,f80984d28ef9a7550633fb3aea514f783f3db1fa655a6d3f49850b10857e6afc,db137e7d3c712f7a4752a4ecaee827c58ae25bc907f916dbab0de88a87e33211,last,ood_metric/fpr95_id_tpr,OOD-4,primary,down,id_train,id_test_vs_mnist,detector_declared,detector/vim_dim64,mnist,far,,,,80000,C2,adam,0.0003,0.001,0.7720380952380953,0.08402521770804496,0.772038 ± 0.084025,0.8540428571428571,0.6861285714285714,0.7759428571428572
metric_contract_v1.2,c38b09694be88aa74de0741b39e9d3ba0d6ff61a,35a1a66f78dfd6255c4d804586ee6863969be78d21acec5cd0ccf00476ddaa5c,f80984d28ef9a7550633fb3aea514f783f3db1fa655a6d3f49850b10857e6afc,db137e7d3c712f7a4752a4ecaee827c58ae25bc907f916dbab0de88a87e33211,last,ood_metric/fpr95_id_tpr,OOD-4,primary,down,id_train,id_test_vs_mnist,detector_declared,detector/weight_cosine_appendix,mnist,far,,,,80000,C2,adam,0.0003,0.001,0.5502047619047619,0.06542897119861234,0.550205 ± 0.065429,0.6257142857142857,0.5146142857142857,0.5102857142857142
metric_contract_v1.2,c38b09694be88aa74de0741b39e9d3ba0d6ff61a,35a1a66f78dfd6255c4d804586ee6863969be78d21acec5cd0ccf00476ddaa5c,f80984d28ef9a7550633fb3aea514f783f3db1fa655a6d3f49850b10857e6afc,db137e7d3c712f7a4752a4ecaee827c58ae25bc907f916dbab0de88a87e33211,last,ood_metric/fpr95_id_tpr,OOD-4,primary,down,,id_test_vs_mnist,detector_declared,ood_score/energy_t1,mnist,far,,,,80000,C2,adam,0.0003,0.001,0.24473333333333333,0.04026345467434365,0.244733 ± 0.040263,0.26762857142857144,0.2683285714285714,0.19824285714285714
metric_contract_v1.2,c38b09694be88aa74de0741b39e9d3ba0d6ff61a,35a1a66f78dfd6255c4d804586ee6863969be78d21acec5cd0ccf00476ddaa5c,f80984d28ef9a7550633fb3aea514f783f3db1fa655a6d3f49850b10857e6afc,db137e7d3c712f7a4752a4ecaee827c58ae25bc907f916dbab0de88a87e33211,last,ood_metric/fpr95_id_tpr,OOD-4,primary,down,,id_test_vs_mnist,detector_declared,ood_score/max_logit,mnist,far,,,,80000,C2,adam,0.0003,0.001,0.25712380952380953,0.038696422693211587,0.257124 ± 0.038696,0.2791142857142857,0.27981428571428574,0.21244285714285716
metric_contract_v1.2,c38b09694be88aa74de0741b39e9d3ba0d6ff61a,35a1a66f78dfd6255c4d804586ee6863969be78d21acec5cd0ccf00476ddaa5c,f80984d28ef9a7550633fb3aea514f783f3db1fa655a6d3f49850b10857e6afc,db137e7d3c712f7a4752a4ecaee827c58ae25bc907f916dbab0de88a87e33211,last,ood_metric/fpr95_id_tpr,OOD-4,primary,down,,id_test_vs_mnist,detector_declared,ood_score/msp,mnist,far,,,,80000,C2,adam,0.0003,0.001,0.5467190476190477,0.041654213921462534,0.546719 ± 0.041654,0.5808,0.5590714285714286,0.5002857142857143
metric_contract_v1.2,c38b09694be88aa74de0741b39e9d3ba0d6ff61a,35a1a66f78dfd6255c4d804586ee6863969be78d21acec5cd0ccf00476ddaa5c,f80984d28ef9a7550633fb3aea514f783f3db1fa655a6d3f49850b10857e6afc,db137e7d3c712f7a4752a4ecaee827c58ae25bc907f916dbab0de88a87e33211,last,ood_metric/fpr95_threshold,OOD-4,appendix,descriptive,id_train,id_test_vs_mnist,detector_declared,detector/ctm_prototype_cosine,mnist,far,,,,80000,C2,adam,0.0003,0.001,0.8237217793949013,0.0015783112671614236,0.823722 ± 0.001578,0.8254770636417516,0.8224195205435695,0.8232687539993828
metric_contract_v1.2,c38b09694be88aa74de0741b39e9d3ba0d6ff61a,35a1a66f78dfd6255c4d804586ee6863969be78d21acec5cd0ccf00476ddaa5c,f80984d28ef9a7550633fb3aea514f783f3db1fa655a6d3f49850b10857e6afc,db137e7d3c712f7a4752a4ecaee827c58ae25bc907f916dbab0de88a87e33211,last,ood_metric/fpr95_threshold,OOD-4,appendix,descriptive,id_train,id_test_vs_mnist,detector_declared,detector/gda_class_density,mnist,far,,,,80000,C2,adam,0.0003,0.001,1519.492670637502,16.977399036047952,1519.492671 ± 16.977399,1501.1763662193557,1534.7020063982077,1522.5996392949426
metric_contract_v1.2,c38b09694be88aa74de0741b39e9d3ba0d6ff61a,35a1a66f78dfd6255c4d804586ee6863969be78d21acec5cd0ccf00476ddaa5c,f80984d28ef9a7550633fb3aea514f783f3db1fa655a6d3f49850b10857e6afc,db137e7d3c712f7a4752a4ecaee827c58ae25bc907f916dbab0de88a87e33211,last,ood_metric/fpr95_threshold,OOD-4,appendix,descriptive,id_train,id_test_vs_mnist,detector_declared,detector/knn_l2_k50,mnist,far,,,,80000,C2,adam,0.0003,0.001,-0.18637248944979734,0.0015937240077525815,-0.186372 ± 0.001594,-0.18455238256178821,-0.18751783930272747,-0.1870472464848763
metric_contract_v1.2,c38b09694be88aa74de0741b39e9d3ba0d6ff61a,35a1a66f78dfd6255c4d804586ee6863969be78d21acec5cd0ccf00476ddaa5c,f80984d28ef9a7550633fb3aea514f783f3db1fa655a6d3f49850b10857e6afc,db137e7d3c712f7a4752a4ecaee827c58ae25bc907f916dbab0de88a87e33211,last,ood_metric/fpr95_threshold,OOD-4,appendix,descriptive,id_train,id_test_vs_mnist,detector_declared,detector/mahalanobis_pp,mnist,far,,,,80000,C2,adam,0.0003,0.001,-1557.684694662538,27.800462653745427,-1557.684695 ± 27.800463,-1536.1392825839919,-1589.065945957033,-1547.8488554465896
metric_contract_v1.2,c38b09694be88aa74de0741b39e9d3ba0d6ff61a,35a1a66f78dfd6255c4d804586ee6863969be78d21acec5cd0ccf00476ddaa5c,f80984d28ef9a7550633fb3aea514f783f3db1fa655a6d3f49850b10857e6afc,db137e7d3c712f7a4752a4ecaee827c58ae25bc907f916dbab0de88a87e33211,last,ood_metric/fpr95_threshold,OOD-4,appendix,descriptive,id_train,id_test_vs_mnist,detector_declared,detector/mahalanobis_raw,mnist,far,,,,80000,C2,adam,0.0003,0.001,-1175.293757583299,9.792375463637274,-1175.293758 ± 9.792375,-1164.0616732230949,-1179.7824897284995,-1182.0371097983025
metric_contract_v1.2,c38b09694be88aa74de0741b39e9d3ba0d6ff61a,35a1a66f78dfd6255c4d804586ee6863969be78d21acec5cd0ccf00476ddaa5c,f80984d28ef9a7550633fb3aea514f783f3db1fa655a6d3f49850b10857e6afc,db137e7d3c712f7a4752a4ecaee827c58ae25bc907f916dbab0de88a87e33211,last,ood_metric/fpr95_threshold,OOD-4,appendix,descriptive,id_train,id_test_vs_mnist,detector_declared,detector/marginal_mahalanobis_raw,mnist,far,,,,80000,C2,adam,0.0003,0.001,-1156.4316017784265,7.84944472116172,-1156.431602 ± 7.849445,-1148.1603328957706,-1157.3573505934926,-1163.777121846016
metric_contract_v1.2,c38b09694be88aa74de0741b39e9d3ba0d6ff61a,35a1a66f78dfd6255c4d804586ee6863969be78d21acec5cd0ccf00476ddaa5c,f80984d28ef9a7550633fb3aea514f783f3db1fa655a6d3f49850b10857e6afc,db137e7d3c712f7a4752a4ecaee827c58ae25bc907f916dbab0de88a87e33211,last,ood_metric/fpr95_threshold,OOD-4,appendix,descriptive,id_train,id_test_vs_mnist,detector_declared,detector/ncp_euclidean_raw,mnist,far,,,,80000,C2,adam,0.0003,0.001,-14.13659165356549,0.08923777213541041,-14.136592 ± 0.089238,-14.21848462446196,-14.14980729477421,-14.041483041460301
metric_contract_v1.2,c38b09694be88aa74de0741b39e9d3ba0d6ff61a,35a1a66f78dfd6255c4d804586ee6863969be78d21acec5cd0ccf00476ddaa5c,f80984d28ef9a7550633fb3aea514f783f3db1fa655a6d3f49850b10857e6afc,db137e7d3c712f7a4752a4ecaee827c58ae25bc907f916dbab0de88a87e33211,last,ood_metric/fpr95_threshold,OOD-4,appendix,descriptive,id_train,id_test_vs_mnist,detector_declared,detector/neco_author_std_dim100,mnist,far,,,,80000,C2,adam,0.0003,0.001,0.9992259591402406,5.172784300177283e-05,0.999226 ± 0.000052,0.999205254993946,0.9992848320695868,0.9991877903571891
metric_contract_v1.2,c38b09694be88aa74de0741b39e9d3ba0d6ff61a,35a1a66f78dfd6255c4d804586ee6863969be78d21acec5cd0ccf00476ddaa5c,f80984d28ef9a7550633fb3aea514f783f3db1fa655a6d3f49850b10857e6afc,db137e7d3c712f7a4752a4ecaee827c58ae25bc907f916dbab0de88a87e33211,last,ood_metric/fpr95_threshold,OOD-4,appendix,descriptive,id_train,id_test_vs_mnist,detector_declared,detector/relative_mahalanobis_pp,mnist,far,,,,80000,C2,adam,0.0003,0.001,-145.17886894370906,5.780583497132551,-145.178869 ± 5.780583,-143.12328080295404,-151.70630514917244,-140.70702087900074
metric_contract_v1.2,c38b09694be88aa74de0741b39e9d3ba0d6ff61a,35a1a66f78dfd6255c4d804586ee6863969be78d21acec5cd0ccf00476ddaa5c,f80984d28ef9a7550633fb3aea514f783f3db1fa655a6d3f49850b10857e6afc,db137e7d3c712f7a4752a4ecaee827c58ae25bc907f916dbab0de88a87e33211,last,ood_metric/fpr95_threshold,OOD-4,appendix,descriptive,id_train,id_test_vs_mnist,detector_declared,detector/relative_mahalanobis_raw,mnist,far,,,,80000,C2,adam,0.0003,0.001,-68.04448213856426,3.5009659307713545,-68.044482 ± 3.500966,-65.22168198871694,-71.9619971218547,-66.94976730512116
metric_contract_v1.2,c38b09694be88aa74de0741b39e9d3ba0d6ff61a,35a1a66f78dfd6255c4d804586ee6863969be78d21acec5cd0ccf00476ddaa5c,f80984d28ef9a7550633fb3aea514f783f3db1fa655a6d3f49850b10857e6afc,db137e7d3c712f7a4752a4ecaee827c58ae25bc907f916dbab0de88a87e33211,last,ood_metric/fpr95_threshold,OOD-4,appendix,descriptive,id_train,id_test_vs_mnist,detector_declared,detector/vim_author_dim,mnist,far,,,,80000,C2,adam,0.0003,0.001,-11.662149850376956,0.0732262854427874,-11.662150 ± 0.073226,-11.60870299597028,-11.745615362449218,-11.632131192711368
metric_contract_v1.2,c38b09694be88aa74de0741b39e9d3ba0d6ff61a,35a1a66f78dfd6255c4d804586ee6863969be78d21acec5cd0ccf00476ddaa5c,f80984d28ef9a7550633fb3aea514f783f3db1fa655a6d3f49850b10857e6afc,db137e7d3c712f7a4752a4ecaee827c58ae25bc907f916dbab0de88a87e33211,last,ood_metric/fpr95_threshold,OOD-4,appendix,descriptive,id_train,id_test_vs_mnist,detector_declared,detector/vim_dim128,mnist,far,,,,80000,C2,adam,0.0003,0.001,-11.785053896609982,0.21868114497626856,-11.785054 ± 0.218681,-11.708767399732372,-12.0316599018274,-11.614734388270177
metric_contract_v1.2,c38b09694be88aa74de0741b39e9d3ba0d6ff61a,35a1a66f78dfd6255c4d804586ee6863969be78d21acec5cd0ccf00476ddaa5c,f80984d28ef9a7550633fb3aea514f783f3db1fa655a6d3f49850b10857e6afc,db137e7d3c712f7a4752a4ecaee827c58ae25bc907f916dbab0de88a87e33211,last,ood_metric/fpr95_threshold,OOD-4,appendix,descriptive,id_train,id_test_vs_mnist,detector_declared,detector/vim_dim256,mnist,far,,,,80000,C2,adam,0.0003,0.001,-11.68218451484667,0.08359050223399796,-11.682185 ± 0.083591,-11.631369343650746,-11.778660629668043,-11.636523571221222
metric_contract_v1.2,c38b09694be88aa74de0741b39e9d3ba0d6ff61a,35a1a66f78dfd6255c4d804586ee6863969be78d21acec5cd0ccf00476ddaa5c,f80984d28ef9a7550633fb3aea514f783f3db1fa655a6d3f49850b10857e6afc,db137e7d3c712f7a4752a4ecaee827c58ae25bc907f916dbab0de88a87e33211,last,ood_metric/fpr95_threshold,OOD-4,appendix,descriptive,id_train,id_test_vs_mnist,detector_declared,detector/vim_dim320,mnist,far,,,,80000,C2,adam,0.0003,0.001,-11.662149850376956,0.0732262854427874,-11.662150 ± 0.073226,-11.60870299597028,-11.745615362449218,-11.632131192711368
metric_contract_v1.2,c38b09694be88aa74de0741b39e9d3ba0d6ff61a,35a1a66f78dfd6255c4d804586ee6863969be78d21acec5cd0ccf00476ddaa5c,f80984d28ef9a7550633fb3aea514f783f3db1fa655a6d3f49850b10857e6afc,db137e7d3c712f7a4752a4ecaee827c58ae25bc907f916dbab0de88a87e33211,last,ood_metric/fpr95_threshold,OOD-4,appendix,descriptive,id_train,id_test_vs_mnist,detector_declared,detector/vim_dim64,mnist,far,,,,80000,C2,adam,0.0003,0.001,-12.05270234063631,0.19991907177862794,-12.052702 ± 0.199919,-11.884116960351156,-12.2735668522737,-12.00042320928408
metric_contract_v1.2,c38b09694be88aa74de0741b39e9d3ba0d6ff61a,35a1a66f78dfd6255c4d804586ee6863969be78d21acec5cd0ccf00476ddaa5c,f80984d28ef9a7550633fb3aea514f783f3db1fa655a6d3f49850b10857e6afc,db137e7d3c712f7a4752a4ecaee827c58ae25bc907f916dbab0de88a87e33211,last,ood_metric/fpr95_threshold,OOD-4,appendix,descriptive,id_train,id_test_vs_mnist,detector_declared,detector/weight_cosine_appendix,mnist,far,,,,80000,C2,adam,0.0003,0.001,0.4689868382392062,0.003934969160132351,0.468987 ± 0.003935,0.4662254813434323,0.4734924428241105,0.4672425905500759
metric_contract_v1.2,c38b09694be88aa74de0741b39e9d3ba0d6ff61a,35a1a66f78dfd6255c4d804586ee6863969be78d21acec5cd0ccf00476ddaa5c,f80984d28ef9a7550633fb3aea514f783f3db1fa655a6d3f49850b10857e6afc,db137e7d3c712f7a4752a4ecaee827c58ae25bc907f916dbab0de88a87e33211,last,ood_metric/fpr95_threshold,OOD-4,appendix,descriptive,,id_test_vs_mnist,detector_declared,ood_score/energy_t1,mnist,far,,,,80000,C2,adam,0.0003,0.001,8.007995774186655,0.09655680713757249,8.007996 ± 0.096557,8.111378704940842,7.992459449883947,7.920149167735177
metric_contract_v1.2,c38b09694be88aa74de0741b39e9d3ba0d6ff61a,35a1a66f78dfd6255c4d804586ee6863969be78d21acec5cd0ccf00476ddaa5c,f80984d28ef9a7550633fb3aea514f783f3db1fa655a6d3f49850b10857e6afc,db137e7d3c712f7a4752a4ecaee827c58ae25bc907f916dbab0de88a87e33211,last,ood_metric/fpr95_threshold,OOD-4,appendix,descriptive,,id_test_vs_mnist,detector_declared,ood_score/max_logit,mnist,far,,,,80000,C2,adam,0.0003,0.001,7.835884396235148,0.11627164978727769,7.835884 ± 0.116272,7.95751953125,7.824288439750672,7.725845217704774
metric_contract_v1.2,c38b09694be88aa74de0741b39e9d3ba0d6ff61a,35a1a66f78dfd6255c4d804586ee6863969be78d21acec5cd0ccf00476ddaa5c,f80984d28ef9a7550633fb3aea514f783f3db1fa655a6d3f49850b10857e6afc,db137e7d3c712f7a4752a4ecaee827c58ae25bc907f916dbab0de88a87e33211,last,ood_metric/fpr95_threshold,OOD-4,appendix,descriptive,,id_test_vs_mnist,detector_declared,ood_score/msp,mnist,far,,,,80000,C2,adam,0.0003,0.001,0.8276041865192892,0.005242613278643832,0.827604 ± 0.005243,0.8335658170896494,0.8237127589695734,0.8255339834986448
metric_contract_v1.2,c38b09694be88aa74de0741b39e9d3ba0d6ff61a,35a1a66f78dfd6255c4d804586ee6863969be78d21acec5cd0ccf00476ddaa5c,f80984d28ef9a7550633fb3aea514f783f3db1fa655a6d3f49850b10857e6afc,f315d560c588b29298c6e3749f644634c09a1f3187eeea25d98e941c498f6242,last,analysis/angular_control_gap_ctm_ncp,OOD-7,exploratory,descriptive,id_train,id_test_vs_mnist,paired_auroc_difference,,mnist,,,,,80000,C3,sgd,0.1,0.0,0.1432683252380952,0.014467933307402356,0.143268 ± 0.014468,0.15356387571428576,0.12672658999999986,0.14951451000000004
metric_contract_v1.2,c38b09694be88aa74de0741b39e9d3ba0d6ff61a,35a1a66f78dfd6255c4d804586ee6863969be78d21acec5cd0ccf00476ddaa5c,f80984d28ef9a7550633fb3aea514f783f3db1fa655a6d3f49850b10857e6afc,f315d560c588b29298c6e3749f644634c09a1f3187eeea25d98e941c498f6242,last,analysis/restoration_gap_mahalanobis,OOD-7,exploratory,descriptive,id_train,id_test_vs_mnist,paired_auroc_difference,,mnist,,,,,80000,C3,sgd,0.1,0.0,0.43669096380952377,0.04388009584731727,0.436691 ± 0.043880,0.48661284285714285,0.4192345099999999,0.4042255385714285
metric_contract_v1.2,c38b09694be88aa74de0741b39e9d3ba0d6ff61a,35a1a66f78dfd6255c4d804586ee6863969be78d21acec5cd0ccf00476ddaa5c,f80984d28ef9a7550633fb3aea514f783f3db1fa655a6d3f49850b10857e6afc,f315d560c588b29298c6e3749f644634c09a1f3187eeea25d98e941c498f6242,last,analysis/restoration_gap_relative_mahalanobis,OOD-7,exploratory,descriptive,id_train,id_test_vs_mnist,paired_auroc_difference,,mnist,,,,,80000,C3,sgd,0.1,0.0,-0.0022115233333333353,0.0007024513013731197,-0.002212 ± 0.000702,-0.002445485714285822,-0.0027671371428571456,-0.0014219471428570385
metric_contract_v1.2,c38b09694be88aa74de0741b39e9d3ba0d6ff61a,35a1a66f78dfd6255c4d804586ee6863969be78d21acec5cd0ccf00476ddaa5c,f80984d28ef9a7550633fb3aea514f783f3db1fa655a6d3f49850b10857e6afc,f315d560c588b29298c6e3749f644634c09a1f3187eeea25d98e941c498f6242,last,ood_metric/ap_in,OOD-2,appendix,up,id_train,id_test_vs_mnist,detector_declared,detector/ctm_prototype_cosine,mnist,far,,,,80000,C3,sgd,0.1,0.0,0.8096862658810723,0.01978528064200273,0.809686 ± 0.019785,0.8318143410794674,0.8035434624861606,0.7937009940775887
metric_contract_v1.2,c38b09694be88aa74de0741b39e9d3ba0d6ff61a,35a1a66f78dfd6255c4d804586ee6863969be78d21acec5cd0ccf00476ddaa5c,f80984d28ef9a7550633fb3aea514f783f3db1fa655a6d3f49850b10857e6afc,f315d560c588b29298c6e3749f644634c09a1f3187eeea25d98e941c498f6242,last,ood_metric/ap_in,OOD-2,appendix,up,id_train,id_test_vs_mnist,detector_declared,detector/gda_class_density,mnist,far,,,,80000,C3,sgd,0.1,0.0,0.6518776828472627,0.040465608556223734,0.651878 ± 0.040466,0.6363388437024163,0.6214846361164126,0.6978095687229592
metric_contract_v1.2,c38b09694be88aa74de0741b39e9d3ba0d6ff61a,35a1a66f78dfd6255c4d804586ee6863969be78d21acec5cd0ccf00476ddaa5c,f80984d28ef9a7550633fb3aea514f783f3db1fa655a6d3f49850b10857e6afc,f315d560c588b29298c6e3749f644634c09a1f3187eeea25d98e941c498f6242,last,ood_metric/ap_in,OOD-2,appendix,up,id_train,id_test_vs_mnist,detector_declared,detector/knn_l2_k50,mnist,far,,,,80000,C3,sgd,0.1,0.0,0.879547770788295,0.020396082958752126,0.879548 ± 0.020396,0.8960925349219097,0.8857910108191653,0.8567597666238098
metric_contract_v1.2,c38b09694be88aa74de0741b39e9d3ba0d6ff61a,35a1a66f78dfd6255c4d804586ee6863969be78d21acec5cd0ccf00476ddaa5c,f80984d28ef9a7550633fb3aea514f783f3db1fa655a6d3f49850b10857e6afc,f315d560c588b29298c6e3749f644634c09a1f3187eeea25d98e941c498f6242,last,ood_metric/ap_in,OOD-2,appendix,up,id_train,id_test_vs_mnist,detector_declared,detector/mahalanobis_pp,mnist,far,,,,80000,C3,sgd,0.1,0.0,0.7928271028414806,0.07533144474482685,0.792827 ± 0.075331,0.8723782681609011,0.7835234029523603,0.7225796374111805
metric_contract_v1.2,c38b09694be88aa74de0741b39e9d3ba0d6ff61a,35a1a66f78dfd6255c4d804586ee6863969be78d21acec5cd0ccf00476ddaa5c,f80984d28ef9a7550633fb3aea514f783f3db1fa655a6d3f49850b10857e6afc,f315d560c588b29298c6e3749f644634c09a1f3187eeea25d98e941c498f6242,last,ood_metric/ap_in,OOD-2,appendix,up,id_train,id_test_vs_mnist,detector_declared,detector/mahalanobis_raw,mnist,far,,,,80000,C3,sgd,0.1,0.0,0.1843098827042157,0.011267988467913792,0.184310 ± 0.011268,0.18261157325096383,0.17398744968049096,0.19633062518119226
metric_contract_v1.2,c38b09694be88aa74de0741b39e9d3ba0d6ff61a,35a1a66f78dfd6255c4d804586ee6863969be78d21acec5cd0ccf00476ddaa5c,f80984d28ef9a7550633fb3aea514f783f3db1fa655a6d3f49850b10857e6afc,f315d560c588b29298c6e3749f644634c09a1f3187eeea25d98e941c498f6242,last,ood_metric/ap_in,OOD-2,appendix,up,id_train,id_test_vs_mnist,detector_declared,detector/marginal_mahalanobis_raw,mnist,far,,,,80000,C3,sgd,0.1,0.0,0.12640376092588718,0.004329120283913875,0.126404 ± 0.004329,0.12895117635109132,0.12140523262416023,0.12885487380240995
metric_contract_v1.2,c38b09694be88aa74de0741b39e9d3ba0d6ff61a,35a1a66f78dfd6255c4d804586ee6863969be78d21acec5cd0ccf00476ddaa5c,f80984d28ef9a7550633fb3aea514f783f3db1fa655a6d3f49850b10857e6afc,f315d560c588b29298c6e3749f644634c09a1f3187eeea25d98e941c498f6242,last,ood_metric/ap_in,OOD-2,appendix,up,id_train,id_test_vs_mnist,detector_declared,detector/ncp_euclidean_raw,mnist,far,,,,80000,C3,sgd,0.1,0.0,0.539564285327858,0.01048289765307104,0.539564 ± 0.010483,0.5511115398585174,0.5369349907115795,0.5306463254134773
metric_contract_v1.2,c38b09694be88aa74de0741b39e9d3ba0d6ff61a,35a1a66f78dfd6255c4d804586ee6863969be78d21acec5cd0ccf00476ddaa5c,f80984d28ef9a7550633fb3aea514f783f3db1fa655a6d3f49850b10857e6afc,f315d560c588b29298c6e3749f644634c09a1f3187eeea25d98e941c498f6242,last,ood_metric/ap_in,OOD-2,appendix,up,id_train,id_test_vs_mnist,detector_declared,detector/neco_author_std_dim100,mnist,far,,,,80000,C3,sgd,0.1,0.0,0.784793599986663,0.02670587569845531,0.784794 ± 0.026706,0.8155655227438413,0.7711455609858082,0.7676697162303392
metric_contract_v1.2,c38b09694be88aa74de0741b39e9d3ba0d6ff61a,35a1a66f78dfd6255c4d804586ee6863969be78d21acec5cd0ccf00476ddaa5c,f80984d28ef9a7550633fb3aea514f783f3db1fa655a6d3f49850b10857e6afc,f315d560c588b29298c6e3749f644634c09a1f3187eeea25d98e941c498f6242,last,ood_metric/ap_in,OOD-2,appendix,up,id_train,id_test_vs_mnist,detector_declared,detector/relative_mahalanobis_pp,mnist,far,,,,80000,C3,sgd,0.1,0.0,0.7430034132013213,0.052308723575605245,0.743003 ± 0.052309,0.6827474443636559,0.7695097644685505,0.7767530307717577
metric_contract_v1.2,c38b09694be88aa74de0741b39e9d3ba0d6ff61a,35a1a66f78dfd6255c4d804586ee6863969be78d21acec5cd0ccf00476ddaa5c,f80984d28ef9a7550633fb3aea514f783f3db1fa655a6d3f49850b10857e6afc,f315d560c588b29298c6e3749f644634c09a1f3187eeea25d98e941c498f6242,last,ood_metric/ap_in,OOD-2,appendix,up,id_train,id_test_vs_mnist,detector_declared,detector/relative_mahalanobis_raw,mnist,far,,,,80000,C3,sgd,0.1,0.0,0.7572528877240607,0.04674793912630348,0.757253 ± 0.046748,0.7043932827467062,0.79315720517579,0.7742081752496863
metric_contract_v1.2,c38b09694be88aa74de0741b39e9d3ba0d6ff61a,35a1a66f78dfd6255c4d804586ee6863969be78d21acec5cd0ccf00476ddaa5c,f80984d28ef9a7550633fb3aea514f783f3db1fa655a6d3f49850b10857e6afc,f315d560c588b29298c6e3749f644634c09a1f3187eeea25d98e941c498f6242,last,ood_metric/ap_in,OOD-2,appendix,up,id_train,id_test_vs_mnist,detector_declared,detector/vim_author_dim,mnist,far,,,,80000,C3,sgd,0.1,0.0,0.8572151593690581,0.022834998199496068,0.857215 ± 0.022835,0.8829770159009898,0.8492006675603081,0.8394677946458766
metric_contract_v1.2,c38b09694be88aa74de0741b39e9d3ba0d6ff61a,35a1a66f78dfd6255c4d804586ee6863969be78d21acec5cd0ccf00476ddaa5c,f80984d28ef9a7550633fb3aea514f783f3db1fa655a6d3f49850b10857e6afc,f315d560c588b29298c6e3749f644634c09a1f3187eeea25d98e941c498f6242,last,ood_metric/ap_in,OOD-2,appendix,up,id_train,id_test_vs_mnist,detector_declared,detector/vim_dim128,mnist,far,,,,80000,C3,sgd,0.1,0.0,0.8683530903247384,0.013125998796452848,0.868353 ± 0.013126,0.8822065458177212,0.8667511322993184,0.8561015928571755
metric_contract_v1.2,c38b09694be88aa74de0741b39e9d3ba0d6ff61a,35a1a66f78dfd6255c4d804586ee6863969be78d21acec5cd0ccf00476ddaa5c,f80984d28ef9a7550633fb3aea514f783f3db1fa655a6d3f49850b10857e6afc,f315d560c588b29298c6e3749f644634c09a1f3187eeea25d98e941c498f6242,last,ood_metric/ap_in,OOD-2,appendix,up,id_train,id_test_vs_mnist,detector_declared,detector/vim_dim256,mnist,far,,,,80000,C3,sgd,0.1,0.0,0.8578853283445126,0.029617145529575454,0.857885 ± 0.029617,0.8885818931147296,0.8555933085487122,0.8294807833700963
metric_contract_v1.2,c38b09694be88aa74de0741b39e9d3ba0d6ff61a,35a1a66f78dfd6255c4d804586ee6863969be78d21acec5cd0ccf00476ddaa5c,f80984d28ef9a7550633fb3aea514f783f3db1fa655a6d3f49850b10857e6afc,f315d560c588b29298c6e3749f644634c09a1f3187eeea25d98e941c498f6242,last,ood_metric/ap_in,OOD-2,appendix,up,id_train,id_test_vs_mnist,detector_declared,detector/vim_dim320,mnist,far,,,,80000,C3,sgd,0.1,0.0,0.8572151593690581,0.022834998199496068,0.857215 ± 0.022835,0.8829770159009898,0.8492006675603081,0.8394677946458766
metric_contract_v1.2,c38b09694be88aa74de0741b39e9d3ba0d6ff61a,35a1a66f78dfd6255c4d804586ee6863969be78d21acec5cd0ccf00476ddaa5c,f80984d28ef9a7550633fb3aea514f783f3db1fa655a6d3f49850b10857e6afc,f315d560c588b29298c6e3749f644634c09a1f3187eeea25d98e941c498f6242,last,ood_metric/ap_in,OOD-2,appendix,up,id_train,id_test_vs_mnist,detector_declared,detector/vim_dim64,mnist,far,,,,80000,C3,sgd,0.1,0.0,0.883722427988446,0.020302329867689154,0.883722 ± 0.020302,0.9061870835741008,0.8782943258218234,0.8666858745694137
metric_contract_v1.2,c38b09694be88aa74de0741b39e9d3ba0d6ff61a,35a1a66f78dfd6255c4d804586ee6863969be78d21acec5cd0ccf00476ddaa5c,f80984d28ef9a7550633fb3aea514f783f3db1fa655a6d3f49850b10857e6afc,f315d560c588b29298c6e3749f644634c09a1f3187eeea25d98e941c498f6242,last,ood_metric/ap_in,OOD-2,appendix,up,id_train,id_test_vs_mnist,detector_declared,detector/weight_cosine_appendix,mnist,far,,,,80000,C3,sgd,0.1,0.0,0.8646361513241826,0.008949180813978485,0.864636 ± 0.008949,0.8590471978330638,0.8599033087330283,0.8749579474064557
metric_contract_v1.2,c38b09694be88aa74de0741b39e9d3ba0d6ff61a,35a1a66f78dfd6255c4d804586ee6863969be78d21acec5cd0ccf00476ddaa5c,f80984d28ef9a7550633fb3aea514f783f3db1fa655a6d3f49850b10857e6afc,f315d560c588b29298c6e3749f644634c09a1f3187eeea25d98e941c498f6242,last,ood_metric/ap_in,OOD-2,appendix,up,,id_test_vs_mnist,detector_declared,ood_score/energy_t1,mnist,far,,,,80000,C3,sgd,0.1,0.0,0.8858516274086284,0.023774291454750848,0.885852 ± 0.023774,0.9091670175178228,0.8867442858238543,0.8616435788842082
metric_contract_v1.2,c38b09694be88aa74de0741b39e9d3ba0d6ff61a,35a1a66f78dfd6255c4d804586ee6863969be78d21acec5cd0ccf00476ddaa5c,f80984d28ef9a7550633fb3aea514f783f3db1fa655a6d3f49850b10857e6afc,f315d560c588b29298c6e3749f644634c09a1f3187eeea25d98e941c498f6242,last,ood_metric/ap_in,OOD-2,appendix,up,,id_test_vs_mnist,detector_declared,ood_score/max_logit,mnist,far,,,,80000,C3,sgd,0.1,0.0,0.885340966958799,0.023625772873967516,0.885341 ± 0.023626,0.90848990156888,0.8862673901702756,0.8612656091372415
metric_contract_v1.2,c38b09694be88aa74de0741b39e9d3ba0d6ff61a,35a1a66f78dfd6255c4d804586ee6863969be78d21acec5cd0ccf00476ddaa5c,f80984d28ef9a7550633fb3aea514f783f3db1fa655a6d3f49850b10857e6afc,f315d560c588b29298c6e3749f644634c09a1f3187eeea25d98e941c498f6242,last,ood_metric/ap_in,OOD-2,appendix,up,,id_test_vs_mnist,detector_declared,ood_score/msp,mnist,far,,,,80000,C3,sgd,0.1,0.0,0.8108497148556412,0.00852246120316569,0.810850 ± 0.008522,0.820082963825081,0.8032847552372027,0.8091814255046403
metric_contract_v1.2,c38b09694be88aa74de0741b39e9d3ba0d6ff61a,35a1a66f78dfd6255c4d804586ee6863969be78d21acec5cd0ccf00476ddaa5c,f80984d28ef9a7550633fb3aea514f783f3db1fa655a6d3f49850b10857e6afc,f315d560c588b29298c6e3749f644634c09a1f3187eeea25d98e941c498f6242,last,ood_metric/ap_out,OOD-3,appendix,up,id_train,id_test_vs_mnist,detector_declared,detector/ctm_prototype_cosine,mnist,far,,,,80000,C3,sgd,0.1,0.0,0.9844765232096293,0.0023177375640180656,0.984477 ± 0.002318,0.9868821541803355,0.9842893908147351,0.9822580246338171
metric_contract_v1.2,c38b09694be88aa74de0741b39e9d3ba0d6ff61a,35a1a66f78dfd6255c4d804586ee6863969be78d21acec5cd0ccf00476ddaa5c,f80984d28ef9a7550633fb3aea514f783f3db1fa655a6d3f49850b10857e6afc,f315d560c588b29298c6e3749f644634c09a1f3187eeea25d98e941c498f6242,last,ood_metric/ap_out,OOD-3,appendix,up,id_train,id_test_vs_mnist,detector_declared,detector/gda_class_density,mnist,far,,,,80000,C3,sgd,0.1,0.0,0.9645033189219377,0.002327348795781295,0.964503 ± 0.002327,0.9618186916770239,0.9657401108209203,0.9659511542678687
metric_contract_v1.2,c38b09694be88aa74de0741b39e9d3ba0d6ff61a,35a1a66f78dfd6255c4d804586ee6863969be78d21acec5cd0ccf00476ddaa5c,f80984d28ef9a7550633fb3aea514f783f3db1fa655a6d3f49850b10857e6afc,f315d560c588b29298c6e3749f644634c09a1f3187eeea25d98e941c498f6242,last,ood_metric/ap_out,OOD-3,appendix,up,id_train,id_test_vs_mnist,detector_declared,detector/knn_l2_k50,mnist,far,,,,80000,C3,sgd,0.1,0.0,0.9895730306868805,0.002754953739585894,0.989573 ± 0.002755,0.9919126696713303,0.9902698491279703,0.9865365732613406
metric_contract_v1.2,c38b09694be88aa74de0741b39e9d3ba0d6ff61a,35a1a66f78dfd6255c4d804586ee6863969be78d21acec5cd0ccf00476ddaa5c,f80984d28ef9a7550633fb3aea514f783f3db1fa655a6d3f49850b10857e6afc,f315d560c588b29298c6e3749f644634c09a1f3187eeea25d98e941c498f6242,last,ood_metric/ap_out,OOD-3,appendix,up,id_train,id_test_vs_mnist,detector_declared,detector/mahalanobis_pp,mnist,far,,,,80000,C3,sgd,0.1,0.0,0.9787065811504337,0.010570977628521992,0.978707 ± 0.010571,0.9892811329226393,0.978699429234033,0.9681391812946291
metric_contract_v1.2,c38b09694be88aa74de0741b39e9d3ba0d6ff61a,35a1a66f78dfd6255c4d804586ee6863969be78d21acec5cd0ccf00476ddaa5c,f80984d28ef9a7550633fb3aea514f783f3db1fa655a6d3f49850b10857e6afc,f315d560c588b29298c6e3749f644634c09a1f3187eeea25d98e941c498f6242,last,ood_metric/ap_out,OOD-3,appendix,up,id_train,id_test_vs_mnist,detector_declared,detector/mahalanobis_raw,mnist,far,,,,80000,C3,sgd,0.1,0.0,0.843470789085727,0.007935854507718896,0.843471 ± 0.007936,0.844031380488308,0.8511114838355859,0.8352695029332875
metric_contract_v1.2,c38b09694be88aa74de0741b39e9d3ba0d6ff61a,35a1a66f78dfd6255c4d804586ee6863969be78d21acec5cd0ccf00476ddaa5c,f80984d28ef9a7550633fb3aea514f783f3db1fa655a6d3f49850b10857e6afc,f315d560c588b29298c6e3749f644634c09a1f3187eeea25d98e941c498f6242,last,ood_metric/ap_out,OOD-3,appendix,up,id_train,id_test_vs_mnist,detector_declared,detector/marginal_mahalanobis_raw,mnist,far,,,,80000,C3,sgd,0.1,0.0,0.8153410409450222,0.007771099070896771,0.815341 ± 0.007771,0.818121858162284,0.8213391553601647,0.8065621093126181
metric_contract_v1.2,c38b09694be88aa74de0741b39e9d3ba0d6ff61a,35a1a66f78dfd6255c4d804586ee6863969be78d21acec5cd0ccf00476ddaa5c,f80984d28ef9a7550633fb3aea514f783f3db1fa655a6d3f49850b10857e6afc,f315d560c588b29298c6e3749f644634c09a1f3187eeea25d98e941c498f6242,last,ood_metric/ap_out,OOD-3,appendix,up,id_train,id_test_vs_mnist,detector_declared,detector/ncp_euclidean_raw,mnist,far,,,,80000,C3,sgd,0.1,0.0,0.9350961119135065,0.00798535562384578,0.935096 ± 0.007985,0.934796353329344,0.9432271260266956,0.9272648563844798
metric_contract_v1.2,c38b09694be88aa74de0741b39e9d3ba0d6ff61a,35a1a66f78dfd6255c4d804586ee6863969be78d21acec5cd0ccf00476ddaa5c,f80984d28ef9a7550633fb3aea514f783f3db1fa655a6d3f49850b10857e6afc,f315d560c588b29298c6e3749f644634c09a1f3187eeea25d98e941c498f6242,last,ood_metric/ap_out,OOD-3,appendix,up,id_train,id_test_vs_mnist,detector_declared,detector/neco_author_std_dim100,mnist,far,,,,80000,C3,sgd,0.1,0.0,0.9713785626004648,0.00188701751257521,0.971379 ± 0.001887,0.9710140316891629,0.9734212508585438,0.9697004052536875
metric_contract_v1.2,c38b09694be88aa74de0741b39e9d3ba0d6ff61a,35a1a66f78dfd6255c4d804586ee6863969be78d21acec5cd0ccf00476ddaa5c,f80984d28ef9a7550633fb3aea514f783f3db1fa655a6d3f49850b10857e6afc,f315d560c588b29298c6e3749f644634c09a1f3187eeea25d98e941c498f6242,last,ood_metric/ap_out,OOD-3,appendix,up,id_train,id_test_vs_mnist,detector_declared,detector/relative_mahalanobis_pp,mnist,far,,,,80000,C3,sgd,0.1,0.0,0.9790405216550241,0.0035227222221228573,0.979041 ± 0.003523,0.9751584912249855,0.9820336545723131,0.9799294191677737
metric_contract_v1.2,c38b09694be88aa74de0741b39e9d3ba0d6ff61a,35a1a66f78dfd6255c4d804586ee6863969be78d21acec5cd0ccf00476ddaa5c,f80984d28ef9a7550633fb3aea514f783f3db1fa655a6d3f49850b10857e6afc,f315d560c588b29298c6e3749f644634c09a1f3187eeea25d98e941c498f6242,last,ood_metric/ap_out,OOD-3,appendix,up,id_train,id_test_vs_mnist,detector_declared,detector/relative_mahalanobis_raw,mnist,far,,,,80000,C3,sgd,0.1,0.0,0.9790169283841347,0.003701726268934429,0.979017 ± 0.003702,0.9748308613267695,0.9818585668243367,0.9803613570012978
metric_contract_v1.2,c38b09694be88aa74de0741b39e9d3ba0d6ff61a,35a1a66f78dfd6255c4d804586ee6863969be78d21acec5cd0ccf00476ddaa5c,f80984d28ef9a7550633fb3aea514f783f3db1fa655a6d3f49850b10857e6afc,f315d560c588b29298c6e3749f644634c09a1f3187eeea25d98e941c498f6242,last,ood_metric/ap_out,OOD-3,appendix,up,id_train,id_test_vs_mnist,detector_declared,detector/vim_author_dim,mnist,far,,,,80000,C3,sgd,0.1,0.0,0.9835528282819538,0.004043420712046935,0.983553 ± 0.004043,0.9877284728909936,0.9832739407824662,0.9796560711724015
metric_contract_v1.2,c38b09694be88aa74de0741b39e9d3ba0d6ff61a,35a1a66f78dfd6255c4d804586ee6863969be78d21acec5cd0ccf00476ddaa5c,f80984d28ef9a7550633fb3aea514f783f3db1fa655a6d3f49850b10857e6afc,f315d560c588b29298c6e3749f644634c09a1f3187eeea25d98e941c498f6242,last,ood_metric/ap_out,OOD-3,appendix,up,id_train,id_test_vs_mnist,detector_declared,detector/vim_dim128,mnist,far,,,,80000,C3,sgd,0.1,0.0,0.9860959720082899,0.0018695403088982536,0.986096 ± 0.001870,0.9877534831154957,0.9864649950918785,0.9840694378174955
metric_contract_v1.2,c38b09694be88aa74de0741b39e9d3ba0d6ff61a,35a1a66f78dfd6255c4d804586ee6863969be78d21acec5cd0ccf00476ddaa5c,f80984d28ef9a7550633fb3aea514f783f3db1fa655a6d3f49850b10857e6afc,f315d560c588b29298c6e3749f644634c09a1f3187eeea25d98e941c498f6242,last,ood_metric/ap_out,OOD-3,appendix,up,id_train,id_test_vs_mnist,detector_declared,detector/vim_dim256,mnist,far,,,,80000,C3,sgd,0.1,0.0,0.9839394401793737,0.005421355040846449,0.983939 ± 0.005421,0.988879887403594,0.9847986424032646,0.9781397907312624
metric_contract_v1.2,c38b09694be88aa74de0741b39e9d3ba0d6ff61a,35a1a66f78dfd6255c4d804586ee6863969be78d21acec5cd0ccf00476ddaa5c,f80984d28ef9a7550633fb3aea514f783f3db1fa655a6d3f49850b10857e6afc,f315d560c588b29298c6e3749f644634c09a1f3187eeea25d98e941c498f6242,last,ood_metric/ap_out,OOD-3,appendix,up,id_train,id_test_vs_mnist,detector_declared,detector/vim_dim320,mnist,far,,,,80000,C3,sgd,0.1,0.0,0.9835528282819538,0.004043420712046935,0.983553 ± 0.004043,0.9877284728909936,0.9832739407824662,0.9796560711724015
metric_contract_v1.2,c38b09694be88aa74de0741b39e9d3ba0d6ff61a,35a1a66f78dfd6255c4d804586ee6863969be78d21acec5cd0ccf00476ddaa5c,f80984d28ef9a7550633fb3aea514f783f3db1fa655a6d3f49850b10857e6afc,f315d560c588b29298c6e3749f644634c09a1f3187eeea25d98e941c498f6242,last,ood_metric/ap_out,OOD-3,appendix,up,id_train,id_test_vs_mnist,detector_declared,detector/vim_dim64,mnist,far,,,,80000,C3,sgd,0.1,0.0,0.9896039556663764,0.0028852758321902578,0.989604 ± 0.002885,0.9927452887053847,0.9889944533791168,0.9870721249146273
metric_contract_v1.2,c38b09694be88aa74de0741b39e9d3ba0d6ff61a,35a1a66f78dfd6255c4d804586ee6863969be78d21acec5cd0ccf00476ddaa5c,f80984d28ef9a7550633fb3aea514f783f3db1fa655a6d3f49850b10857e6afc,f315d560c588b29298c6e3749f644634c09a1f3187eeea25d98e941c498f6242,last,ood_metric/ap_out,OOD-3,appendix,up,id_train,id_test_vs_mnist,detector_declared,detector/weight_cosine_appendix,mnist,far,,,,80000,C3,sgd,0.1,0.0,0.9898190063982993,0.0007671848598562505,0.989819 ± 0.000767,0.9891121257675196,0.9897100481414982,0.9906348452858799
metric_contract_v1.2,c38b09694be88aa74de0741b39e9d3ba0d6ff61a,35a1a66f78dfd6255c4d804586ee6863969be78d21acec5cd0ccf00476ddaa5c,f80984d28ef9a7550633fb3aea514f783f3db1fa655a6d3f49850b10857e6afc,f315d560c588b29298c6e3749f644634c09a1f3187eeea25d98e941c498f6242,last,ood_metric/ap_out,OOD-3,appendix,up,,id_test_vs_mnist,detector_declared,ood_score/energy_t1,mnist,far,,,,80000,C3,sgd,0.1,0.0,0.9905984446463164,0.0017613972484752187,0.990598 ± 0.001761,0.9924856631527706,0.9903115887703994,0.988998082015779
metric_contract_v1.2,c38b09694be88aa74de0741b39e9d3ba0d6ff61a,35a1a66f78dfd6255c4d804586ee6863969be78d21acec5cd0ccf00476ddaa5c,f80984d28ef9a7550633fb3aea514f783f3db1fa655a6d3f49850b10857e6afc,f315d560c588b29298c6e3749f644634c09a1f3187eeea25d98e941c498f6242,last,ood_metric/ap_out,OOD-3,appendix,up,,id_test_vs_mnist,detector_declared,ood_score/max_logit,mnist,far,,,,80000,C3,sgd,0.1,0.0,0.9905395644698872,0.001704865125382165,0.990540 ± 0.001705,0.9923626936648229,0.9902712067206991,0.9889847930241394
metric_contract_v1.2,c38b09694be88aa74de0741b39e9d3ba0d6ff61a,35a1a66f78dfd6255c4d804586ee6863969be78d21acec5cd0ccf00476ddaa5c,f80984d28ef9a7550633fb3aea514f783f3db1fa655a6d3f49850b10857e6afc,f315d560c588b29298c6e3749f644634c09a1f3187eeea25d98e941c498f6242,last,ood_metric/ap_out,OOD-3,appendix,up,,id_test_vs_mnist,detector_declared,ood_score/msp,mnist,far,,,,80000,C3,sgd,0.1,0.0,0.9797093051689222,0.0004234157093160892,0.979709 ± 0.000423,0.9798543189237199,0.9792324356806339,0.9800411609024126
metric_contract_v1.2,c38b09694be88aa74de0741b39e9d3ba0d6ff61a,35a1a66f78dfd6255c4d804586ee6863969be78d21acec5cd0ccf00476ddaa5c,f80984d28ef9a7550633fb3aea514f783f3db1fa655a6d3f49850b10857e6afc,f315d560c588b29298c6e3749f644634c09a1f3187eeea25d98e941c498f6242,last,ood_metric/aupr_in_openood_auc,OOD-2,primary,up,id_train,id_test_vs_mnist,detector_declared,detector/ctm_prototype_cosine,mnist,far,,,,80000,C3,sgd,0.1,0.0,0.8096804463817563,0.01978617472546436,0.809680 ± 0.019786,0.831809503521901,0.8035374351420165,0.7936944004813514
metric_contract_v1.2,c38b09694be88aa74de0741b39e9d3ba0d6ff61a,35a1a66f78dfd6255c4d804586ee6863969be78d21acec5cd0ccf00476ddaa5c,f80984d28ef9a7550633fb3aea514f783f3db1fa655a6d3f49850b10857e6afc,f315d560c588b29298c6e3749f644634c09a1f3187eeea25d98e941c498f6242,last,ood_metric/aupr_in_openood_auc,OOD-2,primary,up,id_train,id_test_vs_mnist,detector_declared,detector/gda_class_density,mnist,far,,,,80000,C3,sgd,0.1,0.0,0.6518649788400439,0.04046795569197701,0.651865 ± 0.040468,0.6363260177695356,0.621469541524938,0.6977993772256582
metric_contract_v1.2,c38b09694be88aa74de0741b39e9d3ba0d6ff61a,35a1a66f78dfd6255c4d804586ee6863969be78d21acec5cd0ccf00476ddaa5c,f80984d28ef9a7550633fb3aea514f783f3db1fa655a6d3f49850b10857e6afc,f315d560c588b29298c6e3749f644634c09a1f3187eeea25d98e941c498f6242,last,ood_metric/aupr_in_openood_auc,OOD-2,primary,up,id_train,id_test_vs_mnist,detector_declared,detector/knn_l2_k50,mnist,far,,,,80000,C3,sgd,0.1,0.0,0.8795444751533813,0.020396687249795244,0.879544 ± 0.020397,0.8960897213523225,0.8857879111585121,0.8567557929493095
metric_contract_v1.2,c38b09694be88aa74de0741b39e9d3ba0d6ff61a,35a1a66f78dfd6255c4d804586ee6863969be78d21acec5cd0ccf00476ddaa5c,f80984d28ef9a7550633fb3aea514f783f3db1fa655a6d3f49850b10857e6afc,f315d560c588b29298c6e3749f644634c09a1f3187eeea25d98e941c498f6242,last,ood_metric/aupr_in_openood_auc,OOD-2,primary,up,id_train,id_test_vs_mnist,detector_declared,detector/mahalanobis_pp,mnist,far,,,,80000,C3,sgd,0.1,0.0,0.7928215451008488,0.07533336315284588,0.792822 ± 0.075333,0.8723747041048023,0.7835176873888158,0.7225722438089281
metric_contract_v1.2,c38b09694be88aa74de0741b39e9d3ba0d6ff61a,35a1a66f78dfd6255c4d804586ee6863969be78d21acec5cd0ccf00476ddaa5c,f80984d28ef9a7550633fb3aea514f783f3db1fa655a6d3f49850b10857e6afc,f315d560c588b29298c6e3749f644634c09a1f3187eeea25d98e941c498f6242,last,ood_metric/aupr_in_openood_auc,OOD-2,primary,up,id_train,id_test_vs_mnist,detector_declared,detector/mahalanobis_raw,mnist,far,,,,80000,C3,sgd,0.1,0.0,0.18427720878308673,0.011272565725751919,0.184277 ± 0.011273,0.18258318798872786,0.17394752654771128,0.19630091181282106
metric_contract_v1.2,c38b09694be88aa74de0741b39e9d3ba0d6ff61a,35a1a66f78dfd6255c4d804586ee6863969be78d21acec5cd0ccf00476ddaa5c,f80984d28ef9a7550633fb3aea514f783f3db1fa655a6d3f49850b10857e6afc,f315d560c588b29298c6e3749f644634c09a1f3187eeea25d98e941c498f6242,last,ood_metric/aupr_in_openood_auc,OOD-2,primary,up,id_train,id_test_vs_mnist,detector_declared,detector/marginal_mahalanobis_raw,mnist,far,,,,80000,C3,sgd,0.1,0.0,0.12636483280468436,0.004333938073707372,0.126365 ± 0.004334,0.12891617984408382,0.121360756082521,0.12881756248744827
metric_contract_v1.2,c38b09694be88aa74de0741b39e9d3ba0d6ff61a,35a1a66f78dfd6255c4d804586ee6863969be78d21acec5cd0ccf00476ddaa5c,f80984d28ef9a7550633fb3aea514f783f3db1fa655a6d3f49850b10857e6afc,f315d560c588b29298c6e3749f644634c09a1f3187eeea25d98e941c498f6242,last,ood_metric/aupr_in_openood_auc,OOD-2,primary,up,id_train,id_test_vs_mnist,detector_declared,detector/ncp_euclidean_raw,mnist,far,,,,80000,C3,sgd,0.1,0.0,0.539545348315314,0.010484970571212872,0.539545 ± 0.010485,0.5510953023925619,0.5369141792366802,0.5306265633166998
metric_contract_v1.2,c38b09694be88aa74de0741b39e9d3ba0d6ff61a,35a1a66f78dfd6255c4d804586ee6863969be78d21acec5cd0ccf00476ddaa5c,f80984d28ef9a7550633fb3aea514f783f3db1fa655a6d3f49850b10857e6afc,f315d560c588b29298c6e3749f644634c09a1f3187eeea25d98e941c498f6242,last,ood_metric/aupr_in_openood_auc,OOD-2,primary,up,id_train,id_test_vs_mnist,detector_declared,detector/neco_author_std_dim100,mnist,far,,,,80000,C3,sgd,0.1,0.0,0.7847882324533907,0.02670709254075827,0.784788 ± 0.026707,0.8155615679963986,0.771139424471604,0.7676637048921697
metric_contract_v1.2,c38b09694be88aa74de0741b39e9d3ba0d6ff61a,35a1a66f78dfd6255c4d804586ee6863969be78d21acec5cd0ccf00476ddaa5c,f80984d28ef9a7550633fb3aea514f783f3db1fa655a6d3f49850b10857e6afc,f315d560c588b29298c6e3749f644634c09a1f3187eeea25d98e941c498f6242,last,ood_metric/aupr_in_openood_auc,OOD-2,primary,up,id_train,id_test_vs_mnist,detector_declared,detector/relative_mahalanobis_pp,mnist,far,,,,80000,C3,sgd,0.1,0.0,0.7429896991284419,0.052314410167241504,0.742990 ± 0.052314,0.6827272264798165,0.7694983253644851,0.7767435455410243
metric_contract_v1.2,c38b09694be88aa74de0741b39e9d3ba0d6ff61a,35a1a66f78dfd6255c4d804586ee6863969be78d21acec5cd0ccf00476ddaa5c,f80984d28ef9a7550633fb3aea514f783f3db1fa655a6d3f49850b10857e6afc,f315d560c588b29298c6e3749f644634c09a1f3187eeea25d98e941c498f6242,last,ood_metric/aupr_in_openood_auc,OOD-2,primary,up,id_train,id_test_vs_mnist,detector_declared,detector/relative_mahalanobis_raw,mnist,far,,,,80000,C3,sgd,0.1,0.0,0.7572392129542428,0.04675580409016449,0.757239 ± 0.046756,0.7043705322223051,0.7931488983992139,0.7741982082412093
metric_contract_v1.2,c38b09694be88aa74de0741b39e9d3ba0d6ff61a,35a1a66f78dfd6255c4d804586ee6863969be78d21acec5cd0ccf00476ddaa5c,f80984d28ef9a7550633fb3aea514f783f3db1fa655a6d3f49850b10857e6afc,f315d560c588b29298c6e3749f644634c09a1f3187eeea25d98e941c498f6242,last,ood_metric/aupr_in_openood_auc,OOD-2,primary,up,id_train,id_test_vs_mnist,detector_declared,detector/vim_author_dim,mnist,far,,,,80000,C3,sgd,0.1,0.0,0.857211357956161,0.022835714678726384,0.857211 ± 0.022836,0.8829740264765471,0.8491965982530592,0.8394634491388766
metric_contract_v1.2,c38b09694be88aa74de0741b39e9d3ba0d6ff61a,35a1a66f78dfd6255c4d804586ee6863969be78d21acec5cd0ccf00476ddaa5c,f80984d28ef9a7550633fb3aea514f783f3db1fa655a6d3f49850b10857e6afc,f315d560c588b29298c6e3749f644634c09a1f3187eeea25d98e941c498f6242,last,ood_metric/aupr_in_openood_auc,OOD-2,primary,up,id_train,id_test_vs_mnist,detector_declared,detector/vim_dim128,mnist,far,,,,80000,C3,sgd,0.1,0.0,0.8683495723681299,0.013126445347790304,0.868350 ± 0.013126,0.882203517072139,0.8667475159377359,0.8560976840945149
metric_contract_v1.2,c38b09694be88aa74de0741b39e9d3ba0d6ff61a,35a1a66f78dfd6255c4d804586ee6863969be78d21acec5cd0ccf00476ddaa5c,f80984d28ef9a7550633fb3aea514f783f3db1fa655a6d3f49850b10857e6afc,f315d560c588b29298c6e3749f644634c09a1f3187eeea25d98e941c498f6242,last,ood_metric/aupr_in_openood_auc,OOD-2,primary,up,id_train,id_test_vs_mnist,detector_declared,detector/vim_dim256,mnist,far,,,,80000,C3,sgd,0.1,0.0,0.8578815154712395,0.029618024517603897,0.857882 ± 0.029618,0.8885790042574904,0.855589398245529,0.8294761439106988
metric_contract_v1.2,c38b09694be88aa74de0741b39e9d3ba0d6ff61a,35a1a66f78dfd6255c4d804586ee6863969be78d21acec5cd0ccf00476ddaa5c,f80984d28ef9a7550633fb3aea514f783f3db1fa655a6d3f49850b10857e6afc,f315d560c588b29298c6e3749f644634c09a1f3187eeea25d98e941c498f6242,last,ood_metric/aupr_in_openood_auc,OOD-2,primary,up,id_train,id_test_vs_mnist,detector_declared,detector/vim_dim320,mnist,far,,,,80000,C3,sgd,0.1,0.0,0.857211357956161,0.022835714678726384,0.857211 ± 0.022836,0.8829740264765471,0.8491965982530592,0.8394634491388766
metric_contract_v1.2,c38b09694be88aa74de0741b39e9d3ba0d6ff61a,35a1a66f78dfd6255c4d804586ee6863969be78d21acec5cd0ccf00476ddaa5c,f80984d28ef9a7550633fb3aea514f783f3db1fa655a6d3f49850b10857e6afc,f315d560c588b29298c6e3749f644634c09a1f3187eeea25d98e941c498f6242,last,ood_metric/aupr_in_openood_auc,OOD-2,primary,up,id_train,id_test_vs_mnist,detector_declared,detector/vim_dim64,mnist,far,,,,80000,C3,sgd,0.1,0.0,0.8837191880080894,0.02030294140471565,0.883719 ± 0.020303,0.9061845249672673,0.8782909063321398,0.866682132724861
metric_contract_v1.2,c38b09694be88aa74de0741b39e9d3ba0d6ff61a,35a1a66f78dfd6255c4d804586ee6863969be78d21acec5cd0ccf00476ddaa5c,f80984d28ef9a7550633fb3aea514f783f3db1fa655a6d3f49850b10857e6afc,f315d560c588b29298c6e3749f644634c09a1f3187eeea25d98e941c498f6242,last,ood_metric/aupr_in_openood_auc,OOD-2,primary,up,id_train,id_test_vs_mnist,detector_declared,detector/weight_cosine_appendix,mnist,far,,,,80000,C3,sgd,0.1,0.0,0.864631996129862,0.00894956004695618,0.864632 ± 0.008950,0.8590429626968086,0.8598987871608159,0.8749542385319615
metric_contract_v1.2,c38b09694be88aa74de0741b39e9d3ba0d6ff61a,35a1a66f78dfd6255c4d804586ee6863969be78d21acec5cd0ccf00476ddaa5c,f80984d28ef9a7550633fb3aea514f783f3db1fa655a6d3f49850b10857e6afc,f315d560c588b29298c6e3749f644634c09a1f3187eeea25d98e941c498f6242,last,ood_metric/aupr_in_openood_auc,OOD-2,primary,up,,id_test_vs_mnist,detector_declared,ood_score/energy_t1,mnist,far,,,,80000,C3,sgd,0.1,0.0,0.8858483316481299,0.02377520161755014,0.885848 ± 0.023775,0.9091645640861822,0.8867411194055586,0.8616393114526486
metric_contract_v1.2,c38b09694be88aa74de0741b39e9d3ba0d6ff61a,35a1a66f78dfd6255c4d804586ee6863969be78d21acec5cd0ccf00476ddaa5c,f80984d28ef9a7550633fb3aea514f783f3db1fa655a6d3f49850b10857e6afc,f315d560c588b29298c6e3749f644634c09a1f3187eeea25d98e941c498f6242,last,ood_metric/aupr_in_openood_auc,OOD-2,primary,up,,id_test_vs_mnist,detector_declared,ood_score/max_logit,mnist,far,,,,80000,C3,sgd,0.1,0.0,0.8853376836048898,0.023626680908583362,0.885338 ± 0.023627,0.9084874502637044,0.8862642513307739,0.8612613492201912
metric_contract_v1.2,c38b09694be88aa74de0741b39e9d3ba0d6ff61a,35a1a66f78dfd6255c4d804586ee6863969be78d21acec5cd0ccf00476ddaa5c,f80984d28ef9a7550633fb3aea514f783f3db1fa655a6d3f49850b10857e6afc,f315d560c588b29298c6e3749f644634c09a1f3187eeea25d98e941c498f6242,last,ood_metric/aupr_in_openood_auc,OOD-2,primary,up,,id_test_vs_mnist,detector_declared,ood_score/msp,mnist,far,,,,80000,C3,sgd,0.1,0.0,0.8108451876154518,0.00852278636240104,0.810845 ± 0.008523,0.8200786179952154,0.8032796235068098,0.8091773213443303
metric_contract_v1.2,c38b09694be88aa74de0741b39e9d3ba0d6ff61a,35a1a66f78dfd6255c4d804586ee6863969be78d21acec5cd0ccf00476ddaa5c,f80984d28ef9a7550633fb3aea514f783f3db1fa655a6d3f49850b10857e6afc,f315d560c588b29298c6e3749f644634c09a1f3187eeea25d98e941c498f6242,last,ood_metric/aupr_out_openood_auc,OOD-3,primary,up,id_train,id_test_vs_mnist,detector_declared,detector/ctm_prototype_cosine,mnist,far,,,,80000,C3,sgd,0.1,0.0,0.9844761269143039,0.002317818722327974,0.984476 ± 0.002318,0.986881841688717,0.9842889889508072,0.9822575501033872
metric_contract_v1.2,c38b09694be88aa74de0741b39e9d3ba0d6ff61a,35a1a66f78dfd6255c4d804586ee6863969be78d21acec5cd0ccf00476ddaa5c,f80984d28ef9a7550633fb3aea514f783f3db1fa655a6d3f49850b10857e6afc,f315d560c588b29298c6e3749f644634c09a1f3187eeea25d98e941c498f6242,last,ood_metric/aupr_out_openood_auc,OOD-3,primary,up,id_train,id_test_vs_mnist,detector_declared,detector/gda_class_density,mnist,far,,,,80000,C3,sgd,0.1,0.0,0.9644913279937303,0.002326306162891994,0.964491 ± 0.002326,0.9618078318985328,0.9657289756388127,0.9659371764438455
metric_contract_v1.2,c38b09694be88aa74de0741b39e9d3ba0d6ff61a,35a1a66f78dfd6255c4d804586ee6863969be78d21acec5cd0ccf00476ddaa5c,f80984d28ef9a7550633fb3aea514f783f3db1fa655a6d3f49850b10857e6afc,f315d560c588b29298c6e3749f644634c09a1f3187eeea25d98e941c498f6242,last,ood_metric/aupr_out_openood_auc,OOD-3,primary,up,id_train,id_test_vs_mnist,detector_declared,detector/knn_l2_k50,mnist,far,,,,80000,C3,sgd,0.1,0.0,0.9895727174820115,0.0027551881315453783,0.989573 ± 0.002755,0.9919125222232551,0.9902696431618133,0.9865359870609659
metric_contract_v1.2,c38b09694be88aa74de0741b39e9d3ba0d6ff61a,35a1a66f78dfd6255c4d804586ee6863969be78d21acec5cd0ccf00476ddaa5c,f80984d28ef9a7550633fb3aea514f783f3db1fa655a6d3f49850b10857e6afc,f315d560c588b29298c6e3749f644634c09a1f3187eeea25d98e941c498f6242,last,ood_metric/aupr_out_openood_auc,OOD-3,primary,up,id_train,id_test_vs_mnist,detector_declared,detector/mahalanobis_pp,mnist,far,,,,80000,C3,sgd,0.1,0.0,0.9787050310093348,0.010572809430772991,0.978705 ± 0.010573,0.989280949120418,0.9786988109041947,0.9681353330033916
metric_contract_v1.2,c38b09694be88aa74de0741b39e9d3ba0d6ff61a,35a1a66f78dfd6255c4d804586ee6863969be78d21acec5cd0ccf00476ddaa5c,f80984d28ef9a7550633fb3aea514f783f3db1fa655a6d3f49850b10857e6afc,f315d560c588b29298c6e3749f644634c09a1f3187eeea25d98e941c498f6242,last,ood_metric/aupr_out_openood_auc,OOD-3,primary,up,id_train,id_test_vs_mnist,detector_declared,detector/mahalanobis_raw,mnist,far,,,,80000,C3,sgd,0.1,0.0,0.843458253558094,0.007935250514789511,0.843458 ± 0.007935,0.8440194505518267,0.8510980082214811,0.8352573019009742
metric_contract_v1.2,c38b09694be88aa74de0741b39e9d3ba0d6ff61a,35a1a66f78dfd6255c4d804586ee6863969be78d21acec5cd0ccf00476ddaa5c,f80984d28ef9a7550633fb3aea514f783f3db1fa655a6d3f49850b10857e6afc,f315d560c588b29298c6e3749f644634c09a1f3187eeea25d98e941c498f6242,last,ood_metric/aupr_out_openood_auc,OOD-3,primary,up,id_train,id_test_vs_mnist,detector_declared,detector/marginal_mahalanobis_raw,mnist,far,,,,80000,C3,sgd,0.1,0.0,0.8153286792492785,0.007770520377700316,0.815329 ± 0.007771,0.818110050884587,0.821325751265364,0.8065502355978846
metric_contract_v1.2,c38b09694be88aa74de0741b39e9d3ba0d6ff61a,35a1a66f78dfd6255c4d804586ee6863969be78d21acec5cd0ccf00476ddaa5c,f80984d28ef9a7550633fb3aea514f783f3db1fa655a6d3f49850b10857e6afc,f315d560c588b29298c6e3749f644634c09a1f3187eeea25d98e941c498f6242,last,ood_metric/aupr_out_openood_auc,OOD-3,primary,up,id_train,id_test_vs_mnist,detector_declared,detector/ncp_euclidean_raw,mnist,far,,,,80000,C3,sgd,0.1,0.0,0.9350862341521807,0.00798562854896697,0.935086 ± 0.007986,0.9347866999781722,0.9432174154485231,0.9272545870298465
metric_contract_v1.2,c38b09694be88aa74de0741b39e9d3ba0d6ff61a,35a1a66f78dfd6255c4d804586ee6863969be78d21acec5cd0ccf00476ddaa5c,f80984d28ef9a7550633fb3aea514f783f3db1fa655a6d3f49850b10857e6afc,f315d560c588b29298c6e3749f644634c09a1f3187eeea25d98e941c498f6242,last,ood_metric/aupr_out_openood_auc,OOD-3,primary,up,id_train,id_test_vs_mnist,detector_declared,detector/neco_author_std_dim100,mnist,far,,,,80000,C3,sgd,0.1,0.0,0.9713750960805951,0.0018879600368821904,0.971375 ± 0.001888,0.9710086479964157,0.9734194165608269,0.9696972236845427
metric_contract_v1.2,c38b09694be88aa74de0741b39e9d3ba0d6ff61a,35a1a66f78dfd6255c4d804586ee6863969be78d21acec5cd0ccf00476ddaa5c,f80984d28ef9a7550633fb3aea514f783f3db1fa655a6d3f49850b10857e6afc,f315d560c588b29298c6e3749f644634c09a1f3187eeea25d98e941c498f6242,last,ood_metric/aupr_out_openood_auc,OOD-3,primary,up,id_train,id_test_vs_mnist,detector_declared,detector/relative_mahalanobis_pp,mnist,far,,,,80000,C3,sgd,0.1,0.0,0.9790398381355616,0.0035225393625302657,0.979040 ± 0.003523,0.9751579998639888,0.9820327944786698,0.9799287200640264
metric_contract_v1.2,c38b09694be88aa74de0741b39e9d3ba0d6ff61a,35a1a66f78dfd6255c4d804586ee6863969be78d21acec5cd0ccf00476ddaa5c,f80984d28ef9a7550633fb3aea514f783f3db1fa655a6d3f49850b10857e6afc,f315d560c588b29298c6e3749f644634c09a1f3187eeea25d98e941c498f6242,last,ood_metric/aupr_out_openood_auc,OOD-3,primary,up,id_train,id_test_vs_mnist,detector_declared,detector/relative_mahalanobis_raw,mnist,far,,,,80000,C3,sgd,0.1,0.0,0.9790148386958064,0.0037003124104805045,0.979015 ± 0.003700,0.9748301000293791,0.9818543918453849,0.9803600242126549
metric_contract_v1.2,c38b09694be88aa74de0741b39e9d3ba0d6ff61a,35a1a66f78dfd6255c4d804586ee6863969be78d21acec5cd0ccf00476ddaa5c,f80984d28ef9a7550633fb3aea514f783f3db1fa655a6d3f49850b10857e6afc,f315d560c588b29298c6e3749f644634c09a1f3187eeea25d98e941c498f6242,last,ood_metric/aupr_out_openood_auc,OOD-3,primary,up,id_train,id_test_vs_mnist,detector_declared,detector/vim_author_dim,mnist,far,,,,80000,C3,sgd,0.1,0.0,0.9835473193000598,0.004047940224693138,0.983547 ± 0.004048,0.9877273370150543,0.9832687764205584,0.9796458444645664
metric_contract_v1.2,c38b09694be88aa74de0741b39e9d3ba0d6ff61a,35a1a66f78dfd6255c4d804586ee6863969be78d21acec5cd0ccf00476ddaa5c,f80984d28ef9a7550633fb3aea514f783f3db1fa655a6d3f49850b10857e6afc,f315d560c588b29298c6e3749f644634c09a1f3187eeea25d98e941c498f6242,last,ood_metric/aupr_out_openood_auc,OOD-3,primary,up,id_train,id_test_vs_mnist,detector_declared,detector/vim_dim128,mnist,far,,,,80000,C3,sgd,0.1,0.0,0.986093491960715,0.0018707712116855942,0.986093 ± 0.001871,0.9877511356148528,0.9864642317466505,0.9840651085206416
metric_contract_v1.2,c38b09694be88aa74de0741b39e9d3ba0d6ff61a,35a1a66f78dfd6255c4d804586ee6863969be78d21acec5cd0ccf00476ddaa5c,f80984d28ef9a7550633fb3aea514f783f3db1fa655a6d3f49850b10857e6afc,f315d560c588b29298c6e3749f644634c09a1f3187eeea25d98e941c498f6242,last,ood_metric/aupr_out_openood_auc,OOD-3,primary,up,id_train,id_test_vs_mnist,detector_declared,detector/vim_dim256,mnist,far,,,,80000,C3,sgd,0.1,0.0,0.9839353898626338,0.005426683545459075,0.983935 ± 0.005427,0.9888795491431737,0.9847972809869394,0.9781293394577882
metric_contract_v1.2,c38b09694be88aa74de0741b39e9d3ba0d6ff61a,35a1a66f78dfd6255c4d804586ee6863969be78d21acec5cd0ccf00476ddaa5c,f80984d28ef9a7550633fb3aea514f783f3db1fa655a6d3f49850b10857e6afc,f315d560c588b29298c6e3749f644634c09a1f3187eeea25d98e941c498f6242,last,ood_metric/aupr_out_openood_auc,OOD-3,primary,up,id_train,id_test_vs_mnist,detector_declared,detector/vim_dim320,mnist,far,,,,80000,C3,sgd,0.1,0.0,0.9835473193000598,0.004047940224693138,0.983547 ± 0.004048,0.9877273370150543,0.9832687764205584,0.9796458444645664
metric_contract_v1.2,c38b09694be88aa74de0741b39e9d3ba0d6ff61a,35a1a66f78dfd6255c4d804586ee6863969be78d21acec5cd0ccf00476ddaa5c,f80984d28ef9a7550633fb3aea514f783f3db1fa655a6d3f49850b10857e6afc,f315d560c588b29298c6e3749f644634c09a1f3187eeea25d98e941c498f6242,last,ood_metric/aupr_out_openood_auc,OOD-3,primary,up,id_train,id_test_vs_mnist,detector_declared,detector/vim_dim64,mnist,far,,,,80000,C3,sgd,0.1,0.0,0.9896012228146129,0.0028886147538290195,0.989601 ± 0.002889,0.9927451680234559,0.98899403080125,0.9870644696191327
metric_contract_v1.2,c38b09694be88aa74de0741b39e9d3ba0d6ff61a,35a1a66f78dfd6255c4d804586ee6863969be78d21acec5cd0ccf00476ddaa5c,f80984d28ef9a7550633fb3aea514f783f3db1fa655a6d3f49850b10857e6afc,f315d560c588b29298c6e3749f644634c09a1f3187eeea25d98e941c498f6242,last,ood_metric/aupr_out_openood_auc,OOD-3,primary,up,id_train,id_test_vs_mnist,detector_declared,detector/weight_cosine_appendix,mnist,far,,,,80000,C3,sgd,0.1,0.0,0.9898167831748138,0.0007654849553937973,0.989817 ± 0.000765,0.9891118917809057,0.9897073703338692,0.9906310874096667
metric_contract_v1.2,c38b09694be88aa74de0741b39e9d3ba0d6ff61a,35a1a66f78dfd6255c4d804586ee6863969be78d21acec5cd0ccf00476ddaa5c,f80984d28ef9a7550633fb3aea514f783f3db1fa655a6d3f49850b10857e6afc,f315d560c588b29298c6e3749f644634c09a1f3187eeea25d98e941c498f6242,last,ood_metric/aupr_out_openood_auc,OOD-3,primary,up,,id_test_vs_mnist,detector_declared,ood_score/energy_t1,mnist,far,,,,80000,C3,sgd,0.1,0.0,0.9905934297073934,0.001765303790229219,0.990593 ± 0.001765,0.9924855218806172,0.9903041087366529,0.98899065850491
metric_contract_v1.2,c38b09694be88aa74de0741b39e9d3ba0d6ff61a,35a1a66f78dfd6255c4d804586ee6863969be78d21acec5cd0ccf00476ddaa5c,f80984d28ef9a7550633fb3aea514f783f3db1fa655a6d3f49850b10857e6afc,f315d560c588b29298c6e3749f644634c09a1f3187eeea25d98e941c498f6242,last,ood_metric/aupr_out_openood_auc,OOD-3,primary,up,,id_test_vs_mnist,detector_declared,ood_score/max_logit,mnist,far,,,,80000,C3,sgd,0.1,0.0,0.9905375478646689,0.0017060309401820545,0.990538 ± 0.001706,0.9923625583992507,0.9902673384640605,0.9889827467306954
metric_contract_v1.2,c38b09694be88aa74de0741b39e9d3ba0d6ff61a,35a1a66f78dfd6255c4d804586ee6863969be78d21acec5cd0ccf00476ddaa5c,f80984d28ef9a7550633fb3aea514f783f3db1fa655a6d3f49850b10857e6afc,f315d560c588b29298c6e3749f644634c09a1f3187eeea25d98e941c498f6242,last,ood_metric/aupr_out_openood_auc,OOD-3,primary,up,,id_test_vs_mnist,detector_declared,ood_score/msp,mnist,far,,,,80000,C3,sgd,0.1,0.0,0.9797087724863722,0.0004235813866576759,0.979709 ± 0.000424,0.9798539035351902,0.9792317024191896,0.980040711504737
metric_contract_v1.2,c38b09694be88aa74de0741b39e9d3ba0d6ff61a,35a1a66f78dfd6255c4d804586ee6863969be78d21acec5cd0ccf00476ddaa5c,f80984d28ef9a7550633fb3aea514f783f3db1fa655a6d3f49850b10857e6afc,f315d560c588b29298c6e3749f644634c09a1f3187eeea25d98e941c498f6242,last,ood_metric/auroc_id_positive,OOD-1,primary,up,id_train,id_test_vs_mnist,detector_declared,detector/ctm_prototype_cosine,mnist,far,,,,80000,C3,sgd,0.1,0.0,0.9262664523809523,0.007826203349411233,0.926266 ± 0.007826,0.9346189142857143,0.925077987142857,0.9191024557142857
metric_contract_v1.2,c38b09694be88aa74de0741b39e9d3ba0d6ff61a,35a1a66f78dfd6255c4d804586ee6863969be78d21acec5cd0ccf00476ddaa5c,f80984d28ef9a7550633fb3aea514f783f3db1fa655a6d3f49850b10857e6afc,f315d560c588b29298c6e3749f644634c09a1f3187eeea25d98e941c498f6242,last,ood_metric/auroc_id_positive,OOD-1,primary,up,id_train,id_test_vs_mnist,detector_declared,detector/gda_class_density,mnist,far,,,,80000,C3,sgd,0.1,0.0,0.8594712166666666,0.01139931142678659,0.859471 ± 0.011399,0.8494175385714287,0.8571402728571428,0.8718558385714286
metric_contract_v1.2,c38b09694be88aa74de0741b39e9d3ba0d6ff61a,35a1a66f78dfd6255c4d804586ee6863969be78d21acec5cd0ccf00476ddaa5c,f80984d28ef9a7550633fb3aea514f783f3db1fa655a6d3f49850b10857e6afc,f315d560c588b29298c6e3749f644634c09a1f3187eeea25d98e941c498f6242,last,ood_metric/auroc_id_positive,OOD-1,primary,up,id_train,id_test_vs_mnist,detector_declared,detector/knn_l2_k50,mnist,far,,,,80000,C3,sgd,0.1,0.0,0.9517251361904763,0.010020366024048585,0.951725 ± 0.010020,0.9598767228571428,0.9547607042857145,0.9405379814285714
metric_contract_v1.2,c38b09694be88aa74de0741b39e9d3ba0d6ff61a,35a1a66f78dfd6255c4d804586ee6863969be78d21acec5cd0ccf00476ddaa5c,f80984d28ef9a7550633fb3aea514f783f3db1fa655a6d3f49850b10857e6afc,f315d560c588b29298c6e3749f644634c09a1f3187eeea25d98e941c498f6242,last,ood_metric/auroc_id_positive,OOD-1,primary,up,id_train,id_test_vs_mnist,detector_declared,detector/mahalanobis_pp,mnist,far,,,,80000,C3,sgd,0.1,0.0,0.9062491204761903,0.04104253362643082,0.906249 ± 0.041043,0.9486188585714286,0.9034515714285714,0.8666769314285714
metric_contract_v1.2,c38b09694be88aa74de0741b39e9d3ba0d6ff61a,35a1a66f78dfd6255c4d804586ee6863969be78d21acec5cd0ccf00476ddaa5c,f80984d28ef9a7550633fb3aea514f783f3db1fa655a6d3f49850b10857e6afc,f315d560c588b29298c6e3749f644634c09a1f3187eeea25d98e941c498f6242,last,ood_metric/auroc_id_positive,OOD-1,primary,up,id_train,id_test_vs_mnist,detector_declared,detector/mahalanobis_raw,mnist,far,,,,80000,C3,sgd,0.1,0.0,0.4695581566666667,0.01269693690674214,0.469558 ± 0.012697,0.46200601571428573,0.48421706142857146,0.4624513928571429
metric_contract_v1.2,c38b09694be88aa74de0741b39e9d3ba0d6ff61a,35a1a66f78dfd6255c4d804586ee6863969be78d21acec5cd0ccf00476ddaa5c,f80984d28ef9a7550633fb3aea514f783f3db1fa655a6d3f49850b10857e6afc,f315d560c588b29298c6e3749f644634c09a1f3187eeea25d98e941c498f6242,last,ood_metric/auroc_id_positive,OOD-1,primary,up,id_train,id_test_vs_mnist,detector_declared,detector/marginal_mahalanobis_raw,mnist,far,,,,80000,C3,sgd,0.1,0.0,0.3816403552380952,0.012573097675958527,0.381640 ± 0.012573,0.38500066714285713,0.39219188000000005,0.3677285185714285
metric_contract_v1.2,c38b09694be88aa74de0741b39e9d3ba0d6ff61a,35a1a66f78dfd6255c4d804586ee6863969be78d21acec5cd0ccf00476ddaa5c,f80984d28ef9a7550633fb3aea514f783f3db1fa655a6d3f49850b10857e6afc,f315d560c588b29298c6e3749f644634c09a1f3187eeea25d98e941c498f6242,last,ood_metric/auroc_id_positive,OOD-1,primary,up,id_train,id_test_vs_mnist,detector_declared,detector/ncp_euclidean_raw,mnist,far,,,,80000,C3,sgd,0.1,0.0,0.7829981271428571,0.014479838722108073,0.782998 ± 0.014480,0.7810550385714286,0.7983513971428572,0.7695879457142857
metric_contract_v1.2,c38b09694be88aa74de0741b39e9d3ba0d6ff61a,35a1a66f78dfd6255c4d804586ee6863969be78d21acec5cd0ccf00476ddaa5c,f80984d28ef9a7550633fb3aea514f783f3db1fa655a6d3f49850b10857e6afc,f315d560c588b29298c6e3749f644634c09a1f3187eeea25d98e941c498f6242,last,ood_metric/auroc_id_positive,OOD-1,primary,up,id_train,id_test_vs_mnist,detector_declared,detector/neco_author_std_dim100,mnist,far,,,,80000,C3,sgd,0.1,0.0,0.8916825809523811,0.0069862010937417835,0.891683 ± 0.006986,0.8984812114285715,0.8920437142857143,0.8845228171428572
metric_contract_v1.2,c38b09694be88aa74de0741b39e9d3ba0d6ff61a,35a1a66f78dfd6255c4d804586ee6863969be78d21acec5cd0ccf00476ddaa5c,f80984d28ef9a7550633fb3aea514f783f3db1fa655a6d3f49850b10857e6afc,f315d560c588b29298c6e3749f644634c09a1f3187eeea25d98e941c498f6242,last,ood_metric/auroc_id_positive,OOD-1,primary,up,id_train,id_test_vs_mnist,detector_declared,detector/relative_mahalanobis_pp,mnist,far,,,,80000,C3,sgd,0.1,0.0,0.9041204152380952,0.015527248607602868,0.904120 ± 0.015527,0.88644663,0.9155694785714285,0.9103451371428571
metric_contract_v1.2,c38b09694be88aa74de0741b39e9d3ba0d6ff61a,35a1a66f78dfd6255c4d804586ee6863969be78d21acec5cd0ccf00476ddaa5c,f80984d28ef9a7550633fb3aea514f783f3db1fa655a6d3f49850b10857e6afc,f315d560c588b29298c6e3749f644634c09a1f3187eeea25d98e941c498f6242,last,ood_metric/auroc_id_positive,OOD-1,primary,up,id_train,id_test_vs_mnist,detector_declared,detector/relative_mahalanobis_raw,mnist,far,,,,80000,C3,sgd,0.1,0.0,0.9063319385714285,0.015456398408559955,0.906332 ± 0.015456,0.8888921157142858,0.9183366157142856,0.9117670842857142
metric_contract_v1.2,c38b09694be88aa74de0741b39e9d3ba0d6ff61a,35a1a66f78dfd6255c4d804586ee6863969be78d21acec5cd0ccf00476ddaa5c,f80984d28ef9a7550633fb3aea514f783f3db1fa655a6d3f49850b10857e6afc,f315d560c588b29298c6e3749f644634c09a1f3187eeea25d98e941c498f6242,last,ood_metric/auroc_id_positive,OOD-1,primary,up,id_train,id_test_vs_mnist,detector_declared,detector/vim_author_dim,mnist,far,,,,80000,C3,sgd,0.1,0.0,0.9366306647619047,0.011018386944242857,0.936631 ± 0.011018,0.94845938,0.9347741357142857,0.9266584785714286
metric_contract_v1.2,c38b09694be88aa74de0741b39e9d3ba0d6ff61a,35a1a66f78dfd6255c4d804586ee6863969be78d21acec5cd0ccf00476ddaa5c,f80984d28ef9a7550633fb3aea514f783f3db1fa655a6d3f49850b10857e6afc,f315d560c588b29298c6e3749f644634c09a1f3187eeea25d98e941c498f6242,last,ood_metric/auroc_id_positive,OOD-1,primary,up,id_train,id_test_vs_mnist,detector_declared,detector/vim_dim128,mnist,far,,,,80000,C3,sgd,0.1,0.0,0.943139429047619,0.0056780860105177505,0.943139 ± 0.005678,0.9483655257142857,0.9439551700000001,0.9370975914285714
metric_contract_v1.2,c38b09694be88aa74de0741b39e9d3ba0d6ff61a,35a1a66f78dfd6255c4d804586ee6863969be78d21acec5cd0ccf00476ddaa5c,f80984d28ef9a7550633fb3aea514f783f3db1fa655a6d3f49850b10857e6afc,f315d560c588b29298c6e3749f644634c09a1f3187eeea25d98e941c498f6242,last,ood_metric/auroc_id_positive,OOD-1,primary,up,id_train,id_test_vs_mnist,detector_declared,detector/vim_dim256,mnist,far,,,,80000,C3,sgd,0.1,0.0,0.9374610214285714,0.014908394240007667,0.937461 ± 0.014908,0.9519011,0.9383572200000001,0.9221247442857141
metric_contract_v1.2,c38b09694be88aa74de0741b39e9d3ba0d6ff61a,35a1a66f78dfd6255c4d804586ee6863969be78d21acec5cd0ccf00476ddaa5c,f80984d28ef9a7550633fb3aea514f783f3db1fa655a6d3f49850b10857e6afc,f315d560c588b29298c6e3749f644634c09a1f3187eeea25d98e941c498f6242,last,ood_metric/auroc_id_positive,OOD-1,primary,up,id_train,id_test_vs_mnist,detector_declared,detector/vim_dim320,mnist,far,,,,80000,C3,sgd,0.1,0.0,0.9366306647619047,0.011018386944242857,0.936631 ± 0.011018,0.94845938,0.9347741357142857,0.9266584785714286
metric_contract_v1.2,c38b09694be88aa74de0741b39e9d3ba0d6ff61a,35a1a66f78dfd6255c4d804586ee6863969be78d21acec5cd0ccf00476ddaa5c,f80984d28ef9a7550633fb3aea514f783f3db1fa655a6d3f49850b10857e6afc,f315d560c588b29298c6e3749f644634c09a1f3187eeea25d98e941c498f6242,last,ood_metric/auroc_id_positive,OOD-1,primary,up,id_train,id_test_vs_mnist,detector_declared,detector/vim_dim64,mnist,far,,,,80000,C3,sgd,0.1,0.0,0.9535276495238095,0.009918011134785755,0.953528 ± 0.009918,0.964270582857143,0.9515926028571429,0.9447197628571429
metric_contract_v1.2,c38b09694be88aa74de0741b39e9d3ba0d6ff61a,35a1a66f78dfd6255c4d804586ee6863969be78d21acec5cd0ccf00476ddaa5c,f80984d28ef9a7550633fb3aea514f783f3db1fa655a6d3f49850b10857e6afc,f315d560c588b29298c6e3749f644634c09a1f3187eeea25d98e941c498f6242,last,ood_metric/auroc_id_positive,OOD-1,primary,up,id_train,id_test_vs_mnist,detector_declared,detector/weight_cosine_appendix,mnist,far,,,,80000,C3,sgd,0.1,0.0,0.9510647347619047,0.003405895749742003,0.951065 ± 0.003406,0.94764786,0.9510867999999999,0.9544595442857142
metric_contract_v1.2,c38b09694be88aa74de0741b39e9d3ba0d6ff61a,35a1a66f78dfd6255c4d804586ee6863969be78d21acec5cd0ccf00476ddaa5c,f80984d28ef9a7550633fb3aea514f783f3db1fa655a6d3f49850b10857e6afc,f315d560c588b29298c6e3749f644634c09a1f3187eeea25d98e941c498f6242,last,ood_metric/auroc_id_positive,OOD-1,primary,up,,id_test_vs_mnist,detector_declared,ood_score/energy_t1,mnist,far,,,,80000,C3,sgd,0.1,0.0,0.9563031685714286,0.007509306155856525,0.956303 ± 0.007509,0.9639747328571427,0.9559673871428571,0.9489673857142857
metric_contract_v1.2,c38b09694be88aa74de0741b39e9d3ba0d6ff61a,35a1a66f78dfd6255c4d804586ee6863969be78d21acec5cd0ccf00476ddaa5c,f80984d28ef9a7550633fb3aea514f783f3db1fa655a6d3f49850b10857e6afc,f315d560c588b29298c6e3749f644634c09a1f3187eeea25d98e941c498f6242,last,ood_metric/auroc_id_positive,OOD-1,primary,up,,id_test_vs_mnist,detector_declared,ood_score/max_logit,mnist,far,,,,80000,C3,sgd,0.1,0.0,0.9559121585714285,0.007383285808841761,0.955912 ± 0.007383,0.9634368578571428,0.9556207000000001,0.9486789178571429
metric_contract_v1.2,c38b09694be88aa74de0741b39e9d3ba0d6ff61a,35a1a66f78dfd6255c4d804586ee6863969be78d21acec5cd0ccf00476ddaa5c,f80984d28ef9a7550633fb3aea514f783f3db1fa655a6d3f49850b10857e6afc,f315d560c588b29298c6e3749f644634c09a1f3187eeea25d98e941c498f6242,last,ood_metric/auroc_id_positive,OOD-1,primary,up,,id_test_vs_mnist,detector_declared,ood_score/msp,mnist,far,,,,80000,C3,sgd,0.1,0.0,0.9122278423809523,0.002115943181522364,0.912228 ± 0.002116,0.9132989678571428,0.9097905085714285,0.9135940507142858
metric_contract_v1.2,c38b09694be88aa74de0741b39e9d3ba0d6ff61a,35a1a66f78dfd6255c4d804586ee6863969be78d21acec5cd0ccf00476ddaa5c,f80984d28ef9a7550633fb3aea514f783f3db1fa655a6d3f49850b10857e6afc,f315d560c588b29298c6e3749f644634c09a1f3187eeea25d98e941c498f6242,last,ood_metric/fpr95_achieved_id_tpr,OOD-4,appendix,descriptive,id_train,id_test_vs_mnist,detector_declared,detector/ctm_prototype_cosine,mnist,far,,,,80000,C3,sgd,0.1,0.0,0.9499999999999998,1.3597399555105182e-16,0.950000 ± 0.000000,0.95,0.95,0.95
metric_contract_v1.2,c38b09694be88aa74de0741b39e9d3ba0d6ff61a,35a1a66f78dfd6255c4d804586ee6863969be78d21acec5cd0ccf00476ddaa5c,f80984d28ef9a7550633fb3aea514f783f3db1fa655a6d3f49850b10857e6afc,f315d560c588b29298c6e3749f644634c09a1f3187eeea25d98e941c498f6242,last,ood_metric/fpr95_achieved_id_tpr,OOD-4,appendix,descriptive,id_train,id_test_vs_mnist,detector_declared,detector/gda_class_density,mnist,far,,,,80000,C3,sgd,0.1,0.0,0.9499999999999998,1.3597399555105182e-16,0.950000 ± 0.000000,0.95,0.95,0.95
metric_contract_v1.2,c38b09694be88aa74de0741b39e9d3ba0d6ff61a,35a1a66f78dfd6255c4d804586ee6863969be78d21acec5cd0ccf00476ddaa5c,f80984d28ef9a7550633fb3aea514f783f3db1fa655a6d3f49850b10857e6afc,f315d560c588b29298c6e3749f644634c09a1f3187eeea25d98e941c498f6242,last,ood_metric/fpr95_achieved_id_tpr,OOD-4,appendix,descriptive,id_train,id_test_vs_mnist,detector_declared,detector/knn_l2_k50,mnist,far,,,,80000,C3,sgd,0.1,0.0,0.9499999999999998,1.3597399555105182e-16,0.950000 ± 0.000000,0.95,0.95,0.95
metric_contract_v1.2,c38b09694be88aa74de0741b39e9d3ba0d6ff61a,35a1a66f78dfd6255c4d804586ee6863969be78d21acec5cd0ccf00476ddaa5c,f80984d28ef9a7550633fb3aea514f783f3db1fa655a6d3f49850b10857e6afc,f315d560c588b29298c6e3749f644634c09a1f3187eeea25d98e941c498f6242,last,ood_metric/fpr95_achieved_id_tpr,OOD-4,appendix,descriptive,id_train,id_test_vs_mnist,detector_declared,detector/mahalanobis_pp,mnist,far,,,,80000,C3,sgd,0.1,0.0,0.9499999999999998,1.3597399555105182e-16,0.950000 ± 0.000000,0.95,0.95,0.95
metric_contract_v1.2,c38b09694be88aa74de0741b39e9d3ba0d6ff61a,35a1a66f78dfd6255c4d804586ee6863969be78d21acec5cd0ccf00476ddaa5c,f80984d28ef9a7550633fb3aea514f783f3db1fa655a6d3f49850b10857e6afc,f315d560c588b29298c6e3749f644634c09a1f3187eeea25d98e941c498f6242,last,ood_metric/fpr95_achieved_id_tpr,OOD-4,appendix,descriptive,id_train,id_test_vs_mnist,detector_declared,detector/mahalanobis_raw,mnist,far,,,,80000,C3,sgd,0.1,0.0,0.9499999999999998,1.3597399555105182e-16,0.950000 ± 0.000000,0.95,0.95,0.95
metric_contract_v1.2,c38b09694be88aa74de0741b39e9d3ba0d6ff61a,35a1a66f78dfd6255c4d804586ee6863969be78d21acec5cd0ccf00476ddaa5c,f80984d28ef9a7550633fb3aea514f783f3db1fa655a6d3f49850b10857e6afc,f315d560c588b29298c6e3749f644634c09a1f3187eeea25d98e941c498f6242,last,ood_metric/fpr95_achieved_id_tpr,OOD-4,appendix,descriptive,id_train,id_test_vs_mnist,detector_declared,detector/marginal_mahalanobis_raw,mnist,far,,,,80000,C3,sgd,0.1,0.0,0.9499999999999998,1.3597399555105182e-16,0.950000 ± 0.000000,0.95,0.95,0.95
metric_contract_v1.2,c38b09694be88aa74de0741b39e9d3ba0d6ff61a,35a1a66f78dfd6255c4d804586ee6863969be78d21acec5cd0ccf00476ddaa5c,f80984d28ef9a7550633fb3aea514f783f3db1fa655a6d3f49850b10857e6afc,f315d560c588b29298c6e3749f644634c09a1f3187eeea25d98e941c498f6242,last,ood_metric/fpr95_achieved_id_tpr,OOD-4,appendix,descriptive,id_train,id_test_vs_mnist,detector_declared,detector/ncp_euclidean_raw,mnist,far,,,,80000,C3,sgd,0.1,0.0,0.9499999999999998,1.3597399555105182e-16,0.950000 ± 0.000000,0.95,0.95,0.95
metric_contract_v1.2,c38b09694be88aa74de0741b39e9d3ba0d6ff61a,35a1a66f78dfd6255c4d804586ee6863969be78d21acec5cd0ccf00476ddaa5c,f80984d28ef9a7550633fb3aea514f783f3db1fa655a6d3f49850b10857e6afc,f315d560c588b29298c6e3749f644634c09a1f3187eeea25d98e941c498f6242,last,ood_metric/fpr95_achieved_id_tpr,OOD-4,appendix,descriptive,id_train,id_test_vs_mnist,detector_declared,detector/neco_author_std_dim100,mnist,far,,,,80000,C3,sgd,0.1,0.0,0.9499999999999998,1.3597399555105182e-16,0.950000 ± 0.000000,0.95,0.95,0.95
metric_contract_v1.2,c38b09694be88aa74de0741b39e9d3ba0d6ff61a,35a1a66f78dfd6255c4d804586ee6863969be78d21acec5cd0ccf00476ddaa5c,f80984d28ef9a7550633fb3aea514f783f3db1fa655a6d3f49850b10857e6afc,f315d560c588b29298c6e3749f644634c09a1f3187eeea25d98e941c498f6242,last,ood_metric/fpr95_achieved_id_tpr,OOD-4,appendix,descriptive,id_train,id_test_vs_mnist,detector_declared,detector/relative_mahalanobis_pp,mnist,far,,,,80000,C3,sgd,0.1,0.0,0.9499999999999998,1.3597399555105182e-16,0.950000 ± 0.000000,0.95,0.95,0.95
metric_contract_v1.2,c38b09694be88aa74de0741b39e9d3ba0d6ff61a,35a1a66f78dfd6255c4d804586ee6863969be78d21acec5cd0ccf00476ddaa5c,f80984d28ef9a7550633fb3aea514f783f3db1fa655a6d3f49850b10857e6afc,f315d560c588b29298c6e3749f644634c09a1f3187eeea25d98e941c498f6242,last,ood_metric/fpr95_achieved_id_tpr,OOD-4,appendix,descriptive,id_train,id_test_vs_mnist,detector_declared,detector/relative_mahalanobis_raw,mnist,far,,,,80000,C3,sgd,0.1,0.0,0.9499999999999998,1.3597399555105182e-16,0.950000 ± 0.000000,0.95,0.95,0.95
metric_contract_v1.2,c38b09694be88aa74de0741b39e9d3ba0d6ff61a,35a1a66f78dfd6255c4d804586ee6863969be78d21acec5cd0ccf00476ddaa5c,f80984d28ef9a7550633fb3aea514f783f3db1fa655a6d3f49850b10857e6afc,f315d560c588b29298c6e3749f644634c09a1f3187eeea25d98e941c498f6242,last,ood_metric/fpr95_achieved_id_tpr,OOD-4,appendix,descriptive,id_train,id_test_vs_mnist,detector_declared,detector/vim_author_dim,mnist,far,,,,80000,C3,sgd,0.1,0.0,0.9499999999999998,1.3597399555105182e-16,0.950000 ± 0.000000,0.95,0.95,0.95
metric_contract_v1.2,c38b09694be88aa74de0741b39e9d3ba0d6ff61a,35a1a66f78dfd6255c4d804586ee6863969be78d21acec5cd0ccf00476ddaa5c,f80984d28ef9a7550633fb3aea514f783f3db1fa655a6d3f49850b10857e6afc,f315d560c588b29298c6e3749f644634c09a1f3187eeea25d98e941c498f6242,last,ood_metric/fpr95_achieved_id_tpr,OOD-4,appendix,descriptive,id_train,id_test_vs_mnist,detector_declared,detector/vim_dim128,mnist,far,,,,80000,C3,sgd,0.1,0.0,0.9499999999999998,1.3597399555105182e-16,0.950000 ± 0.000000,0.95,0.95,0.95
metric_contract_v1.2,c38b09694be88aa74de0741b39e9d3ba0d6ff61a,35a1a66f78dfd6255c4d804586ee6863969be78d21acec5cd0ccf00476ddaa5c,f80984d28ef9a7550633fb3aea514f783f3db1fa655a6d3f49850b10857e6afc,f315d560c588b29298c6e3749f644634c09a1f3187eeea25d98e941c498f6242,last,ood_metric/fpr95_achieved_id_tpr,OOD-4,appendix,descriptive,id_train,id_test_vs_mnist,detector_declared,detector/vim_dim256,mnist,far,,,,80000,C3,sgd,0.1,0.0,0.9499999999999998,1.3597399555105182e-16,0.950000 ± 0.000000,0.95,0.95,0.95
metric_contract_v1.2,c38b09694be88aa74de0741b39e9d3ba0d6ff61a,35a1a66f78dfd6255c4d804586ee6863969be78d21acec5cd0ccf00476ddaa5c,f80984d28ef9a7550633fb3aea514f783f3db1fa655a6d3f49850b10857e6afc,f315d560c588b29298c6e3749f644634c09a1f3187eeea25d98e941c498f6242,last,ood_metric/fpr95_achieved_id_tpr,OOD-4,appendix,descriptive,id_train,id_test_vs_mnist,detector_declared,detector/vim_dim320,mnist,far,,,,80000,C3,sgd,0.1,0.0,0.9499999999999998,1.3597399555105182e-16,0.950000 ± 0.000000,0.95,0.95,0.95
metric_contract_v1.2,c38b09694be88aa74de0741b39e9d3ba0d6ff61a,35a1a66f78dfd6255c4d804586ee6863969be78d21acec5cd0ccf00476ddaa5c,f80984d28ef9a7550633fb3aea514f783f3db1fa655a6d3f49850b10857e6afc,f315d560c588b29298c6e3749f644634c09a1f3187eeea25d98e941c498f6242,last,ood_metric/fpr95_achieved_id_tpr,OOD-4,appendix,descriptive,id_train,id_test_vs_mnist,detector_declared,detector/vim_dim64,mnist,far,,,,80000,C3,sgd,0.1,0.0,0.9499999999999998,1.3597399555105182e-16,0.950000 ± 0.000000,0.95,0.95,0.95
metric_contract_v1.2,c38b09694be88aa74de0741b39e9d3ba0d6ff61a,35a1a66f78dfd6255c4d804586ee6863969be78d21acec5cd0ccf00476ddaa5c,f80984d28ef9a7550633fb3aea514f783f3db1fa655a6d3f49850b10857e6afc,f315d560c588b29298c6e3749f644634c09a1f3187eeea25d98e941c498f6242,last,ood_metric/fpr95_achieved_id_tpr,OOD-4,appendix,descriptive,id_train,id_test_vs_mnist,detector_declared,detector/weight_cosine_appendix,mnist,far,,,,80000,C3,sgd,0.1,0.0,0.9499999999999998,1.3597399555105182e-16,0.950000 ± 0.000000,0.95,0.95,0.95
metric_contract_v1.2,c38b09694be88aa74de0741b39e9d3ba0d6ff61a,35a1a66f78dfd6255c4d804586ee6863969be78d21acec5cd0ccf00476ddaa5c,f80984d28ef9a7550633fb3aea514f783f3db1fa655a6d3f49850b10857e6afc,f315d560c588b29298c6e3749f644634c09a1f3187eeea25d98e941c498f6242,last,ood_metric/fpr95_achieved_id_tpr,OOD-4,appendix,descriptive,,id_test_vs_mnist,detector_declared,ood_score/energy_t1,mnist,far,,,,80000,C3,sgd,0.1,0.0,0.9499999999999998,1.3597399555105182e-16,0.950000 ± 0.000000,0.95,0.95,0.95
metric_contract_v1.2,c38b09694be88aa74de0741b39e9d3ba0d6ff61a,35a1a66f78dfd6255c4d804586ee6863969be78d21acec5cd0ccf00476ddaa5c,f80984d28ef9a7550633fb3aea514f783f3db1fa655a6d3f49850b10857e6afc,f315d560c588b29298c6e3749f644634c09a1f3187eeea25d98e941c498f6242,last,ood_metric/fpr95_achieved_id_tpr,OOD-4,appendix,descriptive,,id_test_vs_mnist,detector_declared,ood_score/max_logit,mnist,far,,,,80000,C3,sgd,0.1,0.0,0.9499999999999998,1.3597399555105182e-16,0.950000 ± 0.000000,0.95,0.95,0.95
metric_contract_v1.2,c38b09694be88aa74de0741b39e9d3ba0d6ff61a,35a1a66f78dfd6255c4d804586ee6863969be78d21acec5cd0ccf00476ddaa5c,f80984d28ef9a7550633fb3aea514f783f3db1fa655a6d3f49850b10857e6afc,f315d560c588b29298c6e3749f644634c09a1f3187eeea25d98e941c498f6242,last,ood_metric/fpr95_achieved_id_tpr,OOD-4,appendix,descriptive,,id_test_vs_mnist,detector_declared,ood_score/msp,mnist,far,,,,80000,C3,sgd,0.1,0.0,0.9499999999999998,1.3597399555105182e-16,0.950000 ± 0.000000,0.95,0.95,0.95
metric_contract_v1.2,c38b09694be88aa74de0741b39e9d3ba0d6ff61a,35a1a66f78dfd6255c4d804586ee6863969be78d21acec5cd0ccf00476ddaa5c,f80984d28ef9a7550633fb3aea514f783f3db1fa655a6d3f49850b10857e6afc,f315d560c588b29298c6e3749f644634c09a1f3187eeea25d98e941c498f6242,last,ood_metric/fpr95_id_tpr,OOD-4,primary,down,id_train,id_test_vs_mnist,detector_declared,detector/ctm_prototype_cosine,mnist,far,,,,80000,C3,sgd,0.1,0.0,0.454352380952381,0.0374697546963788,0.454352 ± 0.037470,0.4162,0.45575714285714286,0.4911
metric_contract_v1.2,c38b09694be88aa74de0741b39e9d3ba0d6ff61a,35a1a66f78dfd6255c4d804586ee6863969be78d21acec5cd0ccf00476ddaa5c,f80984d28ef9a7550633fb3aea514f783f3db1fa655a6d3f49850b10857e6afc,f315d560c588b29298c6e3749f644634c09a1f3187eeea25d98e941c498f6242,last,ood_metric/fpr95_id_tpr,OOD-4,primary,down,id_train,id_test_vs_mnist,detector_declared,detector/gda_class_density,mnist,far,,,,80000,C3,sgd,0.1,0.0,0.7341095238095239,0.02604562062500137,0.734110 ± 0.026046,0.7603714285714286,0.7082857142857143,0.7336714285714285
metric_contract_v1.2,c38b09694be88aa74de0741b39e9d3ba0d6ff61a,35a1a66f78dfd6255c4d804586ee6863969be78d21acec5cd0ccf00476ddaa5c,f80984d28ef9a7550633fb3aea514f783f3db1fa655a6d3f49850b10857e6afc,f315d560c588b29298c6e3749f644634c09a1f3187eeea25d98e941c498f6242,last,ood_metric/fpr95_id_tpr,OOD-4,primary,down,id_train,id_test_vs_mnist,detector_declared,detector/knn_l2_k50,mnist,far,,,,80000,C3,sgd,0.1,0.0,0.3234142857142857,0.07472789960645111,0.323414 ± 0.074728,0.2655142857142857,0.29695714285714286,0.40777142857142856
metric_contract_v1.2,c38b09694be88aa74de0741b39e9d3ba0d6ff61a,35a1a66f78dfd6255c4d804586ee6863969be78d21acec5cd0ccf00476ddaa5c,f80984d28ef9a7550633fb3aea514f783f3db1fa655a6d3f49850b10857e6afc,f315d560c588b29298c6e3749f644634c09a1f3187eeea25d98e941c498f6242,last,ood_metric/fpr95_id_tpr,OOD-4,primary,down,id_train,id_test_vs_mnist,detector_declared,detector/mahalanobis_pp,mnist,far,,,,80000,C3,sgd,0.1,0.0,0.5637095238095239,0.19219250624252318,0.563710 ± 0.192193,0.3537,0.6065857142857143,0.7308428571428571
metric_contract_v1.2,c38b09694be88aa74de0741b39e9d3ba0d6ff61a,35a1a66f78dfd6255c4d804586ee6863969be78d21acec5cd0ccf00476ddaa5c,f80984d28ef9a7550633fb3aea514f783f3db1fa655a6d3f49850b10857e6afc,f315d560c588b29298c6e3749f644634c09a1f3187eeea25d98e941c498f6242,last,ood_metric/fpr95_id_tpr,OOD-4,primary,down,id_train,id_test_vs_mnist,detector_declared,detector/mahalanobis_raw,mnist,far,,,,80000,C3,sgd,0.1,0.0,0.9900476190476191,0.005207732346278576,0.990048 ± 0.005208,0.9899571428571429,0.9848857142857143,0.9953
metric_contract_v1.2,c38b09694be88aa74de0741b39e9d3ba0d6ff61a,35a1a66f78dfd6255c4d804586ee6863969be78d21acec5cd0ccf00476ddaa5c,f80984d28ef9a7550633fb3aea514f783f3db1fa655a6d3f49850b10857e6afc,f315d560c588b29298c6e3749f644634c09a1f3187eeea25d98e941c498f6242,last,ood_metric/fpr95_id_tpr,OOD-4,primary,down,id_train,id_test_vs_mnist,detector_declared,detector/marginal_mahalanobis_raw,mnist,far,,,,80000,C3,sgd,0.1,0.0,0.995052380952381,0.002869627485364962,0.995052 ± 0.002870,0.9956571428571429,0.9919285714285714,0.9975714285714286
metric_contract_v1.2,c38b09694be88aa74de0741b39e9d3ba0d6ff61a,35a1a66f78dfd6255c4d804586ee6863969be78d21acec5cd0ccf00476ddaa5c,f80984d28ef9a7550633fb3aea514f783f3db1fa655a6d3f49850b10857e6afc,f315d560c588b29298c6e3749f644634c09a1f3187eeea25d98e941c498f6242,last,ood_metric/fpr95_id_tpr,OOD-4,primary,down,id_train,id_test_vs_mnist,detector_declared,detector/ncp_euclidean_raw,mnist,far,,,,80000,C3,sgd,0.1,0.0,0.9227952380952381,0.039765758866533545,0.922795 ± 0.039766,0.9224,0.8832285714285715,0.9627571428571429
metric_contract_v1.2,c38b09694be88aa74de0741b39e9d3ba0d6ff61a,35a1a66f78dfd6255c4d804586ee6863969be78d21acec5cd0ccf00476ddaa5c,f80984d28ef9a7550633fb3aea514f783f3db1fa655a6d3f49850b10857e6afc,f315d560c588b29298c6e3749f644634c09a1f3187eeea25d98e941c498f6242,last,ood_metric/fpr95_id_tpr,OOD-4,primary,down,id_train,id_test_vs_mnist,detector_declared,detector/neco_author_std_dim100,mnist,far,,,,80000,C3,sgd,0.1,0.0,0.7146238095238097,0.02561100024078197,0.714624 ± 0.025611,0.7264,0.6852428571428572,0.7322285714285715
metric_contract_v1.2,c38b09694be88aa74de0741b39e9d3ba0d6ff61a,35a1a66f78dfd6255c4d804586ee6863969be78d21acec5cd0ccf00476ddaa5c,f80984d28ef9a7550633fb3aea514f783f3db1fa655a6d3f49850b10857e6afc,f315d560c588b29298c6e3749f644634c09a1f3187eeea25d98e941c498f6242,last,ood_metric/fpr95_id_tpr,OOD-4,primary,down,id_train,id_test_vs_mnist,detector_declared,detector/relative_mahalanobis_pp,mnist,far,,,,80000,C3,sgd,0.1,0.0,0.574147619047619,0.05768742361674179,0.574148 ± 0.057687,0.6382285714285715,0.5263571428571429,0.5578571428571428
metric_contract_v1.2,c38b09694be88aa74de0741b39e9d3ba0d6ff61a,35a1a66f78dfd6255c4d804586ee6863969be78d21acec5cd0ccf00476ddaa5c,f80984d28ef9a7550633fb3aea514f783f3db1fa655a6d3f49850b10857e6afc,f315d560c588b29298c6e3749f644634c09a1f3187eeea25d98e941c498f6242,last,ood_metric/fpr95_id_tpr,OOD-4,primary,down,id_train,id_test_vs_mnist,detector_declared,detector/relative_mahalanobis_raw,mnist,far,,,,80000,C3,sgd,0.1,0.0,0.5773666666666667,0.05421010210346432,0.577367 ± 0.054210,0.6394571428571428,0.5394428571428571,0.5532
metric_contract_v1.2,c38b09694be88aa74de0741b39e9d3ba0d6ff61a,35a1a66f78dfd6255c4d804586ee6863969be78d21acec5cd0ccf00476ddaa5c,f80984d28ef9a7550633fb3aea514f783f3db1fa655a6d3f49850b10857e6afc,f315d560c588b29298c6e3749f644634c09a1f3187eeea25d98e941c498f6242,last,ood_metric/fpr95_id_tpr,OOD-4,primary,down,id_train,id_test_vs_mnist,detector_declared,detector/vim_author_dim,mnist,far,,,,80000,C3,sgd,0.1,0.0,0.44398571428571426,0.07971652454613336,0.443986 ± 0.079717,0.3631714285714286,0.4462285714285714,0.5225571428571428
metric_contract_v1.2,c38b09694be88aa74de0741b39e9d3ba0d6ff61a,35a1a66f78dfd6255c4d804586ee6863969be78d21acec5cd0ccf00476ddaa5c,f80984d28ef9a7550633fb3aea514f783f3db1fa655a6d3f49850b10857e6afc,f315d560c588b29298c6e3749f644634c09a1f3187eeea25d98e941c498f6242,last,ood_metric/fpr95_id_tpr,OOD-4,primary,down,id_train,id_test_vs_mnist,detector_declared,detector/vim_dim128,mnist,far,,,,80000,C3,sgd,0.1,0.0,0.3920095238095238,0.03537717854641271,0.392010 ± 0.035377,0.3712,0.37197142857142856,0.4328571428571429
metric_contract_v1.2,c38b09694be88aa74de0741b39e9d3ba0d6ff61a,35a1a66f78dfd6255c4d804586ee6863969be78d21acec5cd0ccf00476ddaa5c,f80984d28ef9a7550633fb3aea514f783f3db1fa655a6d3f49850b10857e6afc,f315d560c588b29298c6e3749f644634c09a1f3187eeea25d98e941c498f6242,last,ood_metric/fpr95_id_tpr,OOD-4,primary,down,id_train,id_test_vs_mnist,detector_declared,detector/vim_dim256,mnist,far,,,,80000,C3,sgd,0.1,0.0,0.43061428571428567,0.10783758479249038,0.430614 ± 0.107838,0.32971428571428574,0.41787142857142856,0.5442571428571429
metric_contract_v1.2,c38b09694be88aa74de0741b39e9d3ba0d6ff61a,35a1a66f78dfd6255c4d804586ee6863969be78d21acec5cd0ccf00476ddaa5c,f80984d28ef9a7550633fb3aea514f783f3db1fa655a6d3f49850b10857e6afc,f315d560c588b29298c6e3749f644634c09a1f3187eeea25d98e941c498f6242,last,ood_metric/fpr95_id_tpr,OOD-4,primary,down,id_train,id_test_vs_mnist,detector_declared,detector/vim_dim320,mnist,far,,,,80000,C3,sgd,0.1,0.0,0.44398571428571426,0.07971652454613336,0.443986 ± 0.079717,0.3631714285714286,0.4462285714285714,0.5225571428571428
metric_contract_v1.2,c38b09694be88aa74de0741b39e9d3ba0d6ff61a,35a1a66f78dfd6255c4d804586ee6863969be78d21acec5cd0ccf00476ddaa5c,f80984d28ef9a7550633fb3aea514f783f3db1fa655a6d3f49850b10857e6afc,f315d560c588b29298c6e3749f644634c09a1f3187eeea25d98e941c498f6242,last,ood_metric/fpr95_id_tpr,OOD-4,primary,down,id_train,id_test_vs_mnist,detector_declared,detector/vim_dim64,mnist,far,,,,80000,C3,sgd,0.1,0.0,0.30765238095238095,0.07308910738986775,0.307652 ± 0.073089,0.23057142857142857,0.31642857142857145,0.3759571428571429
metric_contract_v1.2,c38b09694be88aa74de0741b39e9d3ba0d6ff61a,35a1a66f78dfd6255c4d804586ee6863969be78d21acec5cd0ccf00476ddaa5c,f80984d28ef9a7550633fb3aea514f783f3db1fa655a6d3f49850b10857e6afc,f315d560c588b29298c6e3749f644634c09a1f3187eeea25d98e941c498f6242,last,ood_metric/fpr95_id_tpr,OOD-4,primary,down,id_train,id_test_vs_mnist,detector_declared,detector/weight_cosine_appendix,mnist,far,,,,80000,C3,sgd,0.1,0.0,0.3044428571428571,0.029313826228646207,0.304443 ± 0.029314,0.33784285714285717,0.2925,0.2829857142857143
metric_contract_v1.2,c38b09694be88aa74de0741b39e9d3ba0d6ff61a,35a1a66f78dfd6255c4d804586ee6863969be78d21acec5cd0ccf00476ddaa5c,f80984d28ef9a7550633fb3aea514f783f3db1fa655a6d3f49850b10857e6afc,f315d560c588b29298c6e3749f644634c09a1f3187eeea25d98e941c498f6242,last,ood_metric/fpr95_id_tpr,OOD-4,primary,down,,id_test_vs_mnist,detector_declared,ood_score/energy_t1,mnist,far,,,,80000,C3,sgd,0.1,0.0,0.2820190476190476,0.0438167201646403,0.282019 ± 0.043817,0.23417142857142856,0.2917,0.3201857142857143
metric_contract_v1.2,c38b09694be88aa74de0741b39e9d3ba0d6ff61a,35a1a66f78dfd6255c4d804586ee6863969be78d21acec5cd0ccf00476ddaa5c,f80984d28ef9a7550633fb3aea514f783f3db1fa655a6d3f49850b10857e6afc,f315d560c588b29298c6e3749f644634c09a1f3187eeea25d98e941c498f6242,last,ood_metric/fpr95_id_tpr,OOD-4,primary,down,,id_test_vs_mnist,detector_declared,ood_score/max_logit,mnist,far,,,,80000,C3,sgd,0.1,0.0,0.28524285714285713,0.04138154720379111,0.285243 ± 0.041382,0.23991428571428572,0.2948142857142857,0.321
metric_contract_v1.2,c38b09694be88aa74de0741b39e9d3ba0d6ff61a,35a1a66f78dfd6255c4d804586ee6863969be78d21acec5cd0ccf00476ddaa5c,f80984d28ef9a7550633fb3aea514f783f3db1fa655a6d3f49850b10857e6afc,f315d560c588b29298c6e3749f644634c09a1f3187eeea25d98e941c498f6242,last,ood_metric/fpr95_id_tpr,OOD-4,primary,down,,id_test_vs_mnist,detector_declared,ood_score/msp,mnist,far,,,,80000,C3,sgd,0.1,0.0,0.6000857142857142,0.015485846072185647,0.600086 ± 0.015486,0.606,0.6117428571428571,0.5825142857142858
metric_contract_v1.2,c38b09694be88aa74de0741b39e9d3ba0d6ff61a,35a1a66f78dfd6255c4d804586ee6863969be78d21acec5cd0ccf00476ddaa5c,f80984d28ef9a7550633fb3aea514f783f3db1fa655a6d3f49850b10857e6afc,f315d560c588b29298c6e3749f644634c09a1f3187eeea25d98e941c498f6242,last,ood_metric/fpr95_threshold,OOD-4,appendix,descriptive,id_train,id_test_vs_mnist,detector_declared,detector/ctm_prototype_cosine,mnist,far,,,,80000,C3,sgd,0.1,0.0,0.805379927852739,0.000994170215735233,0.805380 ± 0.000994,0.8064124138965977,0.8044291116554032,0.8052982580062163
metric_contract_v1.2,c38b09694be88aa74de0741b39e9d3ba0d6ff61a,35a1a66f78dfd6255c4d804586ee6863969be78d21acec5cd0ccf00476ddaa5c,f80984d28ef9a7550633fb3aea514f783f3db1fa655a6d3f49850b10857e6afc,f315d560c588b29298c6e3749f644634c09a1f3187eeea25d98e941c498f6242,last,ood_metric/fpr95_threshold,OOD-4,appendix,descriptive,id_train,id_test_vs_mnist,detector_declared,detector/gda_class_density,mnist,far,,,,80000,C3,sgd,0.1,0.0,874.1171595804959,1.7888852717436732,874.117160 ± 1.788885,875.2980879451612,874.9944033608073,872.0589874355195
metric_contract_v1.2,c38b09694be88aa74de0741b39e9d3ba0d6ff61a,35a1a66f78dfd6255c4d804586ee6863969be78d21acec5cd0ccf00476ddaa5c,f80984d28ef9a7550633fb3aea514f783f3db1fa655a6d3f49850b10857e6afc,f315d560c588b29298c6e3749f644634c09a1f3187eeea25d98e941c498f6242,last,ood_metric/fpr95_threshold,OOD-4,appendix,descriptive,id_train,id_test_vs_mnist,detector_declared,detector/knn_l2_k50,mnist,far,,,,80000,C3,sgd,0.1,0.0,-0.27354815088447154,0.004463876442546056,-0.273548 ± 0.004464,-0.26839859423865475,-0.2759286545102097,-0.2763172039045502
metric_contract_v1.2,c38b09694be88aa74de0741b39e9d3ba0d6ff61a,35a1a66f78dfd6255c4d804586ee6863969be78d21acec5cd0ccf00476ddaa5c,f80984d28ef9a7550633fb3aea514f783f3db1fa655a6d3f49850b10857e6afc,f315d560c588b29298c6e3749f644634c09a1f3187eeea25d98e941c498f6242,last,ood_metric/fpr95_threshold,OOD-4,appendix,descriptive,id_train,id_test_vs_mnist,detector_declared,detector/mahalanobis_pp,mnist,far,,,,80000,C3,sgd,0.1,0.0,-1221.400034622661,4.371357270693948,-1221.400035 ± 4.371357,-1222.829637266297,-1224.8776003648095,-1216.4928662368766
metric_contract_v1.2,c38b09694be88aa74de0741b39e9d3ba0d6ff61a,35a1a66f78dfd6255c4d804586ee6863969be78d21acec5cd0ccf00476ddaa5c,f80984d28ef9a7550633fb3aea514f783f3db1fa655a6d3f49850b10857e6afc,f315d560c588b29298c6e3749f644634c09a1f3187eeea25d98e941c498f6242,last,ood_metric/fpr95_threshold,OOD-4,appendix,descriptive,id_train,id_test_vs_mnist,detector_declared,detector/mahalanobis_raw,mnist,far,,,,80000,C3,sgd,0.1,0.0,-884.5230016482479,4.149735549523118,-884.523002 ± 4.149736,-886.4862456017055,-879.7559391403016,-887.3268202027369
metric_contract_v1.2,c38b09694be88aa74de0741b39e9d3ba0d6ff61a,35a1a66f78dfd6255c4d804586ee6863969be78d21acec5cd0ccf00476ddaa5c,f80984d28ef9a7550633fb3aea514f783f3db1fa655a6d3f49850b10857e6afc,f315d560c588b29298c6e3749f644634c09a1f3187eeea25d98e941c498f6242,last,ood_metric/fpr95_threshold,OOD-4,appendix,descriptive,id_train,id_test_vs_mnist,detector_declared,detector/marginal_mahalanobis_raw,mnist,far,,,,80000,C3,sgd,0.1,0.0,-876.1753187520422,1.803531896855719,-876.175319 ± 1.803532,-876.4501466242298,-874.2501465734903,-877.8256630584069
metric_contract_v1.2,c38b09694be88aa74de0741b39e9d3ba0d6ff61a,35a1a66f78dfd6255c4d804586ee6863969be78d21acec5cd0ccf00476ddaa5c,f80984d28ef9a7550633fb3aea514f783f3db1fa655a6d3f49850b10857e6afc,f315d560c588b29298c6e3749f644634c09a1f3187eeea25d98e941c498f6242,last,ood_metric/fpr95_threshold,OOD-4,appendix,descriptive,id_train,id_test_vs_mnist,detector_declared,detector/ncp_euclidean_raw,mnist,far,,,,80000,C3,sgd,0.1,0.0,-5.572629568780563,0.07593864976868135,-5.572630 ± 0.075939,-5.5929652513609405,-5.488593442420373,-5.636330012560377
metric_contract_v1.2,c38b09694be88aa74de0741b39e9d3ba0d6ff61a,35a1a66f78dfd6255c4d804586ee6863969be78d21acec5cd0ccf00476ddaa5c,f80984d28ef9a7550633fb3aea514f783f3db1fa655a6d3f49850b10857e6afc,f315d560c588b29298c6e3749f644634c09a1f3187eeea25d98e941c498f6242,last,ood_metric/fpr95_threshold,OOD-4,appendix,descriptive,id_train,id_test_vs_mnist,detector_declared,detector/neco_author_std_dim100,mnist,far,,,,80000,C3,sgd,0.1,0.0,0.9685533894580632,0.0014178650770880691,0.968553 ± 0.001418,0.9701869468094865,0.9676419579348802,0.9678312636298233
metric_contract_v1.2,c38b09694be88aa74de0741b39e9d3ba0d6ff61a,35a1a66f78dfd6255c4d804586ee6863969be78d21acec5cd0ccf00476ddaa5c,f80984d28ef9a7550633fb3aea514f783f3db1fa655a6d3f49850b10857e6afc,f315d560c588b29298c6e3749f644634c09a1f3187eeea25d98e941c498f6242,last,ood_metric/fpr95_threshold,OOD-4,appendix,descriptive,id_train,id_test_vs_mnist,detector_declared,detector/relative_mahalanobis_pp,mnist,far,,,,80000,C3,sgd,0.1,0.0,-68.85619129494067,0.9961050912453145,-68.856191 ± 0.996105,-69.9262897087724,-67.95591285680015,-68.68637131924947
metric_contract_v1.2,c38b09694be88aa74de0741b39e9d3ba0d6ff61a,35a1a66f78dfd6255c4d804586ee6863969be78d21acec5cd0ccf00476ddaa5c,f80984d28ef9a7550633fb3aea514f783f3db1fa655a6d3f49850b10857e6afc,f315d560c588b29298c6e3749f644634c09a1f3187eeea25d98e941c498f6242,last,ood_metric/fpr95_threshold,OOD-4,appendix,descriptive,id_train,id_test_vs_mnist,detector_declared,detector/relative_mahalanobis_raw,mnist,far,,,,80000,C3,sgd,0.1,0.0,-43.50840055674113,0.3782780371088724,-43.508401 ± 0.378278,-43.89569626147703,-43.13983614947118,-43.489669259275196
metric_contract_v1.2,c38b09694be88aa74de0741b39e9d3ba0d6ff61a,35a1a66f78dfd6255c4d804586ee6863969be78d21acec5cd0ccf00476ddaa5c,f80984d28ef9a7550633fb3aea514f783f3db1fa655a6d3f49850b10857e6afc,f315d560c588b29298c6e3749f644634c09a1f3187eeea25d98e941c498f6242,last,ood_metric/fpr95_threshold,OOD-4,appendix,descriptive,id_train,id_test_vs_mnist,detector_declared,detector/vim_author_dim,mnist,far,,,,80000,C3,sgd,0.1,0.0,-18.030393346742972,0.14326008750803482,-18.030393 ± 0.143260,-18.19205132249695,-17.919175597305912,-17.979953120426064
metric_contract_v1.2,c38b09694be88aa74de0741b39e9d3ba0d6ff61a,35a1a66f78dfd6255c4d804586ee6863969be78d21acec5cd0ccf00476ddaa5c,f80984d28ef9a7550633fb3aea514f783f3db1fa655a6d3f49850b10857e6afc,f315d560c588b29298c6e3749f644634c09a1f3187eeea25d98e941c498f6242,last,ood_metric/fpr95_threshold,OOD-4,appendix,descriptive,id_train,id_test_vs_mnist,detector_declared,detector/vim_dim128,mnist,far,,,,80000,C3,sgd,0.1,0.0,-17.298283024644608,0.23464580593348605,-17.298283 ± 0.234646,-17.56505513756911,-17.123870951235517,-17.205922985129195
metric_contract_v1.2,c38b09694be88aa74de0741b39e9d3ba0d6ff61a,35a1a66f78dfd6255c4d804586ee6863969be78d21acec5cd0ccf00476ddaa5c,f80984d28ef9a7550633fb3aea514f783f3db1fa655a6d3f49850b10857e6afc,f315d560c588b29298c6e3749f644634c09a1f3187eeea25d98e941c498f6242,last,ood_metric/fpr95_threshold,OOD-4,appendix,descriptive,id_train,id_test_vs_mnist,detector_declared,detector/vim_dim256,mnist,far,,,,80000,C3,sgd,0.1,0.0,-17.816639065228767,0.11510751528250128,-17.816639 ± 0.115108,-17.949530807108186,-17.74805338595624,-17.752333002621867
metric_contract_v1.2,c38b09694be88aa74de0741b39e9d3ba0d6ff61a,35a1a66f78dfd6255c4d804586ee6863969be78d21acec5cd0ccf00476ddaa5c,f80984d28ef9a7550633fb3aea514f783f3db1fa655a6d3f49850b10857e6afc,f315d560c588b29298c6e3749f644634c09a1f3187eeea25d98e941c498f6242,last,ood_metric/fpr95_threshold,OOD-4,appendix,descriptive,id_train,id_test_vs_mnist,detector_declared,detector/vim_dim320,mnist,far,,,,80000,C3,sgd,0.1,0.0,-18.030393346742972,0.14326008750803482,-18.030393 ± 0.143260,-18.19205132249695,-17.919175597305912,-17.979953120426064
metric_contract_v1.2,c38b09694be88aa74de0741b39e9d3ba0d6ff61a,35a1a66f78dfd6255c4d804586ee6863969be78d21acec5cd0ccf00476ddaa5c,f80984d28ef9a7550633fb3aea514f783f3db1fa655a6d3f49850b10857e6afc,f315d560c588b29298c6e3749f644634c09a1f3187eeea25d98e941c498f6242,last,ood_metric/fpr95_threshold,OOD-4,appendix,descriptive,id_train,id_test_vs_mnist,detector_declared,detector/vim_dim64,mnist,far,,,,80000,C3,sgd,0.1,0.0,-16.72887902640106,0.07086147098786329,-16.728879 ± 0.070861,-16.805287390353804,-16.66532391724021,-16.71602577160917
metric_contract_v1.2,c38b09694be88aa74de0741b39e9d3ba0d6ff61a,35a1a66f78dfd6255c4d804586ee6863969be78d21acec5cd0ccf00476ddaa5c,f80984d28ef9a7550633fb3aea514f783f3db1fa655a6d3f49850b10857e6afc,f315d560c588b29298c6e3749f644634c09a1f3187eeea25d98e941c498f6242,last,ood_metric/fpr95_threshold,OOD-4,appendix,descriptive,id_train,id_test_vs_mnist,detector_declared,detector/weight_cosine_appendix,mnist,far,,,,80000,C3,sgd,0.1,0.0,0.31672022939550426,0.0023846806148383427,0.316720 ± 0.002385,0.31452644715500316,0.3192583669366462,0.3163758740948635
metric_contract_v1.2,c38b09694be88aa74de0741b39e9d3ba0d6ff61a,35a1a66f78dfd6255c4d804586ee6863969be78d21acec5cd0ccf00476ddaa5c,f80984d28ef9a7550633fb3aea514f783f3db1fa655a6d3f49850b10857e6afc,f315d560c588b29298c6e3749f644634c09a1f3187eeea25d98e941c498f6242,last,ood_metric/fpr95_threshold,OOD-4,appendix,descriptive,,id_test_vs_mnist,detector_declared,ood_score/energy_t1,mnist,far,,,,80000,C3,sgd,0.1,0.0,13.505413083488195,0.09334134700816453,13.505413 ± 0.093341,13.60143185465897,13.499805393015617,13.41500200279
metric_contract_v1.2,c38b09694be88aa74de0741b39e9d3ba0d6ff61a,35a1a66f78dfd6255c4d804586ee6863969be78d21acec5cd0ccf00476ddaa5c,f80984d28ef9a7550633fb3aea514f783f3db1fa655a6d3f49850b10857e6afc,f315d560c588b29298c6e3749f644634c09a1f3187eeea25d98e941c498f6242,last,ood_metric/fpr95_threshold,OOD-4,appendix,descriptive,,id_test_vs_mnist,detector_declared,ood_score/max_logit,mnist,far,,,,80000,C3,sgd,0.1,0.0,13.415928888320925,0.07709169908109466,13.415929 ± 0.077092,13.49616165161133,13.409206485748292,13.342418527603149
metric_contract_v1.2,c38b09694be88aa74de0741b39e9d3ba0d6ff61a,35a1a66f78dfd6255c4d804586ee6863969be78d21acec5cd0ccf00476ddaa5c,f80984d28ef9a7550633fb3aea514f783f3db1fa655a6d3f49850b10857e6afc,f315d560c588b29298c6e3749f644634c09a1f3187eeea25d98e941c498f6242,last,ood_metric/fpr95_threshold,OOD-4,appendix,descriptive,,id_test_vs_mnist,detector_declared,ood_score/msp,mnist,far,,,,80000,C3,sgd,0.1,0.0,0.9211230653074894,0.0023328496005886584,0.921123 ± 0.002333,0.9222485675524279,0.9184408518047348,0.9226797765653059
metric_contract_v1.2,c38b09694be88aa74de0741b39e9d3ba0d6ff61a,35a1a66f78dfd6255c4d804586ee6863969be78d21acec5cd0ccf00476ddaa5c,f80984d28ef9a7550633fb3aea514f783f3db1fa655a6d3f49850b10857e6afc,b701f780ad99d469949a985b0472b8d1f26be0545e531d92895b7559ca142328,last,analysis/angular_control_gap_ctm_ncp,OOD-7,exploratory,descriptive,id_train,id_test_vs_mnist,paired_auroc_difference,,mnist,,,,,80000,C3,adam,0.0003,0.0,0.01972850761904754,0.008112343210787593,0.019729 ± 0.008112,0.028789541428571264,0.013140477142857154,0.017255504285714207
metric_contract_v1.2,c38b09694be88aa74de0741b39e9d3ba0d6ff61a,35a1a66f78dfd6255c4d804586ee6863969be78d21acec5cd0ccf00476ddaa5c,f80984d28ef9a7550633fb3aea514f783f3db1fa655a6d3f49850b10857e6afc,b701f780ad99d469949a985b0472b8d1f26be0545e531d92895b7559ca142328,last,analysis/restoration_gap_mahalanobis,OOD-7,exploratory,descriptive,id_train,id_test_vs_mnist,paired_auroc_difference,,mnist,,,,,80000,C3,adam,0.0003,0.0,0.2902302142857143,0.07423571421335855,0.290230 ± 0.074236,0.2752004128571429,0.37083081857142863,0.2246594114285715
metric_contract_v1.2,c38b09694be88aa74de0741b39e9d3ba0d6ff61a,35a1a66f78dfd6255c4d804586ee6863969be78d21acec5cd0ccf00476ddaa5c,f80984d28ef9a7550633fb3aea514f783f3db1fa655a6d3f49850b10857e6afc,b701f780ad99d469949a985b0472b8d1f26be0545e531d92895b7559ca142328,last,analysis/restoration_gap_relative_mahalanobis,OOD-7,exploratory,descriptive,id_train,id_test_vs_mnist,paired_auroc_difference,,mnist,,,,,80000,C3,adam,0.0003,0.0,-0.015198540952380971,0.003931466888615169,-0.015199 ± 0.003931,-0.011658812857142986,-0.019429944285714207,-0.014506865714285722
metric_contract_v1.2,c38b09694be88aa74de0741b39e9d3ba0d6ff61a,35a1a66f78dfd6255c4d804586ee6863969be78d21acec5cd0ccf00476ddaa5c,f80984d28ef9a7550633fb3aea514f783f3db1fa655a6d3f49850b10857e6afc,b701f780ad99d469949a985b0472b8d1f26be0545e531d92895b7559ca142328,last,ood_metric/ap_in,OOD-2,appendix,up,id_train,id_test_vs_mnist,detector_declared,detector/ctm_prototype_cosine,mnist,far,,,,80000,C3,adam,0.0003,0.0,0.710707429057006,0.024927538783204046,0.710707 ± 0.024928,0.7355684348896764,0.7108399664386675,0.6857138858426741
metric_contract_v1.2,c38b09694be88aa74de0741b39e9d3ba0d6ff61a,35a1a66f78dfd6255c4d804586ee6863969be78d21acec5cd0ccf00476ddaa5c,f80984d28ef9a7550633fb3aea514f783f3db1fa655a6d3f49850b10857e6afc,b701f780ad99d469949a985b0472b8d1f26be0545e531d92895b7559ca142328,last,ood_metric/ap_in,OOD-2,appendix,up,id_train,id_test_vs_mnist,detector_declared,detector/gda_class_density,mnist,far,,,,80000,C3,adam,0.0003,0.0,0.6269170989105395,0.05056329137171171,0.626917 ± 0.050563,0.6593508632903109,0.5686563749544841,0.6527440584868236
metric_contract_v1.2,c38b09694be88aa74de0741b39e9d3ba0d6ff61a,35a1a66f78dfd6255c4d804586ee6863969be78d21acec5cd0ccf00476ddaa5c,f80984d28ef9a7550633fb3aea514f783f3db1fa655a6d3f49850b10857e6afc,b701f780ad99d469949a985b0472b8d1f26be0545e531d92895b7559ca142328,last,ood_metric/ap_in,OOD-2,appendix,up,id_train,id_test_vs_mnist,detector_declared,detector/knn_l2_k50,mnist,far,,,,80000,C3,adam,0.0003,0.0,0.7694383570958211,0.018950659854989355,0.769438 ± 0.018951,0.7860896969798152,0.7734080996719257,0.7488172746357227
metric_contract_v1.2,c38b09694be88aa74de0741b39e9d3ba0d6ff61a,35a1a66f78dfd6255c4d804586ee6863969be78d21acec5cd0ccf00476ddaa5c,f80984d28ef9a7550633fb3aea514f783f3db1fa655a6d3f49850b10857e6afc,b701f780ad99d469949a985b0472b8d1f26be0545e531d92895b7559ca142328,last,ood_metric/ap_in,OOD-2,appendix,up,id_train,id_test_vs_mnist,detector_declared,detector/mahalanobis_pp,mnist,far,,,,80000,C3,adam,0.0003,0.0,0.763045386309395,0.019342571543904025,0.763045 ± 0.019343,0.7826206863542957,0.7625712101310658,0.7439442624428235
metric_contract_v1.2,c38b09694be88aa74de0741b39e9d3ba0d6ff61a,35a1a66f78dfd6255c4d804586ee6863969be78d21acec5cd0ccf00476ddaa5c,f80984d28ef9a7550633fb3aea514f783f3db1fa655a6d3f49850b10857e6afc,b701f780ad99d469949a985b0472b8d1f26be0545e531d92895b7559ca142328,last,ood_metric/ap_in,OOD-2,appendix,up,id_train,id_test_vs_mnist,detector_declared,detector/mahalanobis_raw,mnist,far,,,,80000,C3,adam,0.0003,0.0,0.2996272382160333,0.07546767423141768,0.299627 ± 0.075468,0.3238478619897118,0.21502285145469263,0.36001100120369556
metric_contract_v1.2,c38b09694be88aa74de0741b39e9d3ba0d6ff61a,35a1a66f78dfd6255c4d804586ee6863969be78d21acec5cd0ccf00476ddaa5c,f80984d28ef9a7550633fb3aea514f783f3db1fa655a6d3f49850b10857e6afc,b701f780ad99d469949a985b0472b8d1f26be0545e531d92895b7559ca142328,last,ood_metric/ap_in,OOD-2,appendix,up,id_train,id_test_vs_mnist,detector_declared,detector/marginal_mahalanobis_raw,mnist,far,,,,80000,C3,adam,0.0003,0.0,0.16293435750795746,0.04600302093727112,0.162934 ± 0.046003,0.1700347162688515,0.11379397507405878,0.20497438118096206
metric_contract_v1.2,c38b09694be88aa74de0741b39e9d3ba0d6ff61a,35a1a66f78dfd6255c4d804586ee6863969be78d21acec5cd0ccf00476ddaa5c,f80984d28ef9a7550633fb3aea514f783f3db1fa655a6d3f49850b10857e6afc,b701f780ad99d469949a985b0472b8d1f26be0545e531d92895b7559ca142328,last,ood_metric/ap_in,OOD-2,appendix,up,id_train,id_test_vs_mnist,detector_declared,detector/ncp_euclidean_raw,mnist,far,,,,80000,C3,adam,0.0003,0.0,0.6439703687426868,0.0333436782916695,0.643970 ± 0.033344,0.6511088571837593,0.6731666913431419,0.607635557701159
metric_contract_v1.2,c38b09694be88aa74de0741b39e9d3ba0d6ff61a,35a1a66f78dfd6255c4d804586ee6863969be78d21acec5cd0ccf00476ddaa5c,f80984d28ef9a7550633fb3aea514f783f3db1fa655a6d3f49850b10857e6afc,b701f780ad99d469949a985b0472b8d1f26be0545e531d92895b7559ca142328,last,ood_metric/ap_in,OOD-2,appendix,up,id_train,id_test_vs_mnist,detector_declared,detector/neco_author_std_dim100,mnist,far,,,,80000,C3,adam,0.0003,0.0,0.8300853674893361,0.005196474490597041,0.830085 ± 0.005196,0.8349681600460273,0.8246236898056134,0.8306642526163678
metric_contract_v1.2,c38b09694be88aa74de0741b39e9d3ba0d6ff61a,35a1a66f78dfd6255c4d804586ee6863969be78d21acec5cd0ccf00476ddaa5c,f80984d28ef9a7550633fb3aea514f783f3db1fa655a6d3f49850b10857e6afc,b701f780ad99d469949a985b0472b8d1f26be0545e531d92895b7559ca142328,last,ood_metric/ap_in,OOD-2,appendix,up,id_train,id_test_vs_mnist,detector_declared,detector/relative_mahalanobis_pp,mnist,far,,,,80000,C3,adam,0.0003,0.0,0.6881660705509381,0.034168400115699285,0.688166 ± 0.034168,0.716311579339085,0.6980380925759249,0.6501485397378045
metric_contract_v1.2,c38b09694be88aa74de0741b39e9d3ba0d6ff61a,35a1a66f78dfd6255c4d804586ee6863969be78d21acec5cd0ccf00476ddaa5c,f80984d28ef9a7550633fb3aea514f783f3db1fa655a6d3f49850b10857e6afc,b701f780ad99d469949a985b0472b8d1f26be0545e531d92895b7559ca142328,last,ood_metric/ap_in,OOD-2,appendix,up,id_train,id_test_vs_mnist,detector_declared,detector/relative_mahalanobis_raw,mnist,far,,,,80000,C3,adam,0.0003,0.0,0.7187539209874206,0.03314652948313608,0.718754 ± 0.033147,0.7338414525429245,0.7416727094434761,0.6807476009758611
metric_contract_v1.2,c38b09694be88aa74de0741b39e9d3ba0d6ff61a,35a1a66f78dfd6255c4d804586ee6863969be78d21acec5cd0ccf00476ddaa5c,f80984d28ef9a7550633fb3aea514f783f3db1fa655a6d3f49850b10857e6afc,b701f780ad99d469949a985b0472b8d1f26be0545e531d92895b7559ca142328,last,ood_metric/ap_in,OOD-2,appendix,up,id_train,id_test_vs_mnist,detector_declared,detector/vim_author_dim,mnist,far,,,,80000,C3,adam,0.0003,0.0,0.7976348694657301,0.011693260216956693,0.797635 ± 0.011693,0.8084715427419278,0.7852410601748163,0.7991920054804463
metric_contract_v1.2,c38b09694be88aa74de0741b39e9d3ba0d6ff61a,35a1a66f78dfd6255c4d804586ee6863969be78d21acec5cd0ccf00476ddaa5c,f80984d28ef9a7550633fb3aea514f783f3db1fa655a6d3f49850b10857e6afc,b701f780ad99d469949a985b0472b8d1f26be0545e531d92895b7559ca142328,last,ood_metric/ap_in,OOD-2,appendix,up,id_train,id_test_vs_mnist,detector_declared,detector/vim_dim128,mnist,far,,,,80000,C3,adam,0.0003,0.0,0.8212076161422361,0.008396997710632166,0.821208 ± 0.008397,0.829711408041524,0.8209897892366922,0.8129216511484921
metric_contract_v1.2,c38b09694be88aa74de0741b39e9d3ba0d6ff61a,35a1a66f78dfd6255c4d804586ee6863969be78d21acec5cd0ccf00476ddaa5c,f80984d28ef9a7550633fb3aea514f783f3db1fa655a6d3f49850b10857e6afc,b701f780ad99d469949a985b0472b8d1f26be0545e531d92895b7559ca142328,last,ood_metric/ap_in,OOD-2,appendix,up,id_train,id_test_vs_mnist,detector_declared,detector/vim_dim256,mnist,far,,,,80000,C3,adam,0.0003,0.0,0.8049412223129971,0.005895064104613902,0.804941 ± 0.005895,0.810751643967509,0.7989650131228155,0.8051070098486668
metric_contract_v1.2,c38b09694be88aa74de0741b39e9d3ba0d6ff61a,35a1a66f78dfd6255c4d804586ee6863969be78d21acec5cd0ccf00476ddaa5c,f80984d28ef9a7550633fb3aea514f783f3db1fa655a6d3f49850b10857e6afc,b701f780ad99d469949a985b0472b8d1f26be0545e531d92895b7559ca142328,last,ood_metric/ap_in,OOD-2,appendix,up,id_train,id_test_vs_mnist,detector_declared,detector/vim_dim320,mnist,far,,,,80000,C3,adam,0.0003,0.0,0.7976348694657301,0.011693260216956693,0.797635 ± 0.011693,0.8084715427419278,0.7852410601748163,0.7991920054804463
metric_contract_v1.2,c38b09694be88aa74de0741b39e9d3ba0d6ff61a,35a1a66f78dfd6255c4d804586ee6863969be78d21acec5cd0ccf00476ddaa5c,f80984d28ef9a7550633fb3aea514f783f3db1fa655a6d3f49850b10857e6afc,b701f780ad99d469949a985b0472b8d1f26be0545e531d92895b7559ca142328,last,ood_metric/ap_in,OOD-2,appendix,up,id_train,id_test_vs_mnist,detector_declared,detector/vim_dim64,mnist,far,,,,80000,C3,adam,0.0003,0.0,0.8289865064997753,0.006967152696682991,0.828987 ± 0.006967,0.8225026585192163,0.8363528702365717,0.8281039907435381
metric_contract_v1.2,c38b09694be88aa74de0741b39e9d3ba0d6ff61a,35a1a66f78dfd6255c4d804586ee6863969be78d21acec5cd0ccf00476ddaa5c,f80984d28ef9a7550633fb3aea514f783f3db1fa655a6d3f49850b10857e6afc,b701f780ad99d469949a985b0472b8d1f26be0545e531d92895b7559ca142328,last,ood_metric/ap_in,OOD-2,appendix,up,id_train,id_test_vs_mnist,detector_declared,detector/weight_cosine_appendix,mnist,far,,,,80000,C3,adam,0.0003,0.0,0.8226678162794876,0.006092185479479453,0.822668 ± 0.006092,0.8247484158144829,0.8274471430547856,0.8158078899691941
metric_contract_v1.2,c38b09694be88aa74de0741b39e9d3ba0d6ff61a,35a1a66f78dfd6255c4d804586ee6863969be78d21acec5cd0ccf00476ddaa5c,f80984d28ef9a7550633fb3aea514f783f3db1fa655a6d3f49850b10857e6afc,b701f780ad99d469949a985b0472b8d1f26be0545e531d92895b7559ca142328,last,ood_metric/ap_in,OOD-2,appendix,up,,id_test_vs_mnist,detector_declared,ood_score/energy_t1,mnist,far,,,,80000,C3,adam,0.0003,0.0,0.867750251201597,0.01754007887365847,0.867750 ± 0.017540,0.8691651474160114,0.8845400291151335,0.8495455770736463
metric_contract_v1.2,c38b09694be88aa74de0741b39e9d3ba0d6ff61a,35a1a66f78dfd6255c4d804586ee6863969be78d21acec5cd0ccf00476ddaa5c,f80984d28ef9a7550633fb3aea514f783f3db1fa655a6d3f49850b10857e6afc,b701f780ad99d469949a985b0472b8d1f26be0545e531d92895b7559ca142328,last,ood_metric/ap_in,OOD-2,appendix,up,,id_test_vs_mnist,detector_declared,ood_score/max_logit,mnist,far,,,,80000,C3,adam,0.0003,0.0,0.8672466904833721,0.01745484512642632,0.867247 ± 0.017455,0.868647012490886,0.8839591956193533,0.8491338633398771
metric_contract_v1.2,c38b09694be88aa74de0741b39e9d3ba0d6ff61a,35a1a66f78dfd6255c4d804586ee6863969be78d21acec5cd0ccf00476ddaa5c,f80984d28ef9a7550633fb3aea514f783f3db1fa655a6d3f49850b10857e6afc,b701f780ad99d469949a985b0472b8d1f26be0545e531d92895b7559ca142328,last,ood_metric/ap_in,OOD-2,appendix,up,,id_test_vs_mnist,detector_declared,ood_score/msp,mnist,far,,,,80000,C3,adam,0.0003,0.0,0.8056541426258882,0.022945172890282597,0.805654 ± 0.022945,0.8104918346354307,0.8257947405633014,0.7806758526789324
metric_contract_v1.2,c38b09694be88aa74de0741b39e9d3ba0d6ff61a,35a1a66f78dfd6255c4d804586ee6863969be78d21acec5cd0ccf00476ddaa5c,f80984d28ef9a7550633fb3aea514f783f3db1fa655a6d3f49850b10857e6afc,b701f780ad99d469949a985b0472b8d1f26be0545e531d92895b7559ca142328,last,ood_metric/ap_out,OOD-3,appendix,up,id_train,id_test_vs_mnist,detector_declared,detector/ctm_prototype_cosine,mnist,far,,,,80000,C3,adam,0.0003,0.0,0.9764311011310113,0.002180590357252328,0.976431 ± 0.002181,0.9786186859302175,0.9764170442850754,0.9742575731777409
metric_contract_v1.2,c38b09694be88aa74de0741b39e9d3ba0d6ff61a,35a1a66f78dfd6255c4d804586ee6863969be78d21acec5cd0ccf00476ddaa5c,f80984d28ef9a7550633fb3aea514f783f3db1fa655a6d3f49850b10857e6afc,b701f780ad99d469949a985b0472b8d1f26be0545e531d92895b7559ca142328,last,ood_metric/ap_out,OOD-3,appendix,up,id_train,id_test_vs_mnist,detector_declared,detector/gda_class_density,mnist,far,,,,80000,C3,adam,0.0003,0.0,0.9584862823542685,0.006299128229341112,0.958486 ± 0.006299,0.9592248287909685,0.9518504368415688,0.964383581430268
metric_contract_v1.2,c38b09694be88aa74de0741b39e9d3ba0d6ff61a,35a1a66f78dfd6255c4d804586ee6863969be78d21acec5cd0ccf00476ddaa5c,f80984d28ef9a7550633fb3aea514f783f3db1fa655a6d3f49850b10857e6afc,b701f780ad99d469949a985b0472b8d1f26be0545e531d92895b7559ca142328,last,ood_metric/ap_out,OOD-3,appendix,up,id_train,id_test_vs_mnist,detector_declared,detector/knn_l2_k50,mnist,far,,,,80000,C3,adam,0.0003,0.0,0.9809744850945439,0.0015931333606116213,0.980974 ± 0.001593,0.982147892061366,0.9816147335141648,0.9791608297081009
metric_contract_v1.2,c38b09694be88aa74de0741b39e9d3ba0d6ff61a,35a1a66f78dfd6255c4d804586ee6863969be78d21acec5cd0ccf00476ddaa5c,f80984d28ef9a7550633fb3aea514f783f3db1fa655a6d3f49850b10857e6afc,b701f780ad99d469949a985b0472b8d1f26be0545e531d92895b7559ca142328,last,ood_metric/ap_out,OOD-3,appendix,up,id_train,id_test_vs_mnist,detector_declared,detector/mahalanobis_pp,mnist,far,,,,80000,C3,adam,0.0003,0.0,0.9789387573594975,0.0025731690821016776,0.978939 ± 0.002573,0.9810844354957341,0.9760859609528901,0.9796458756298684
metric_contract_v1.2,c38b09694be88aa74de0741b39e9d3ba0d6ff61a,35a1a66f78dfd6255c4d804586ee6863969be78d21acec5cd0ccf00476ddaa5c,f80984d28ef9a7550633fb3aea514f783f3db1fa655a6d3f49850b10857e6afc,b701f780ad99d469949a985b0472b8d1f26be0545e531d92895b7559ca142328,last,ood_metric/ap_out,OOD-3,appendix,up,id_train,id_test_vs_mnist,detector_declared,detector/mahalanobis_raw,mnist,far,,,,80000,C3,adam,0.0003,0.0,0.8899178293332269,0.03306341938732775,0.889918 ± 0.033063,0.8991469841881291,0.8532204414447127,0.9173860623668387
metric_contract_v1.2,c38b09694be88aa74de0741b39e9d3ba0d6ff61a,35a1a66f78dfd6255c4d804586ee6863969be78d21acec5cd0ccf00476ddaa5c,f80984d28ef9a7550633fb3aea514f783f3db1fa655a6d3f49850b10857e6afc,b701f780ad99d469949a985b0472b8d1f26be0545e531d92895b7559ca142328,last,ood_metric/ap_out,OOD-3,appendix,up,id_train,id_test_vs_mnist,detector_declared,detector/marginal_mahalanobis_raw,mnist,far,,,,80000,C3,adam,0.0003,0.0,0.8477470208188421,0.04407082139026616,0.847747 ± 0.044071,0.860030353714036,0.7988376434463882,0.884373065296102
metric_contract_v1.2,c38b09694be88aa74de0741b39e9d3ba0d6ff61a,35a1a66f78dfd6255c4d804586ee6863969be78d21acec5cd0ccf00476ddaa5c,f80984d28ef9a7550633fb3aea514f783f3db1fa655a6d3f49850b10857e6afc,b701f780ad99d469949a985b0472b8d1f26be0545e531d92895b7559ca142328,last,ood_metric/ap_out,OOD-3,appendix,up,id_train,id_test_vs_mnist,detector_declared,detector/ncp_euclidean_raw,mnist,far,,,,80000,C3,adam,0.0003,0.0,0.9697688723275638,0.0013207496236757107,0.969769 ± 0.001321,0.9685737144944166,0.9711868644838159,0.9695460380044587
metric_contract_v1.2,c38b09694be88aa74de0741b39e9d3ba0d6ff61a,35a1a66f78dfd6255c4d804586ee6863969be78d21acec5cd0ccf00476ddaa5c,f80984d28ef9a7550633fb3aea514f783f3db1fa655a6d3f49850b10857e6afc,b701f780ad99d469949a985b0472b8d1f26be0545e531d92895b7559ca142328,last,ood_metric/ap_out,OOD-3,appendix,up,id_train,id_test_vs_mnist,detector_declared,detector/neco_author_std_dim100,mnist,far,,,,80000,C3,adam,0.0003,0.0,0.9797152893318458,0.0027108719802735872,0.979715 ± 0.002711,0.9798405482779448,0.9769439591479852,0.9823613605696075
metric_contract_v1.2,c38b09694be88aa74de0741b39e9d3ba0d6ff61a,35a1a66f78dfd6255c4d804586ee6863969be78d21acec5cd0ccf00476ddaa5c,f80984d28ef9a7550633fb3aea514f783f3db1fa655a6d3f49850b10857e6afc,b701f780ad99d469949a985b0472b8d1f26be0545e531d92895b7559ca142328,last,ood_metric/ap_out,OOD-3,appendix,up,id_train,id_test_vs_mnist,detector_declared,detector/relative_mahalanobis_pp,mnist,far,,,,80000,C3,adam,0.0003,0.0,0.9784469162248254,0.0012315016966574588,0.978447 ± 0.001232,0.9790126243321292,0.9792939193222632,0.977034205020084
metric_contract_v1.2,c38b09694be88aa74de0741b39e9d3ba0d6ff61a,35a1a66f78dfd6255c4d804586ee6863969be78d21acec5cd0ccf00476ddaa5c,f80984d28ef9a7550633fb3aea514f783f3db1fa655a6d3f49850b10857e6afc,b701f780ad99d469949a985b0472b8d1f26be0545e531d92895b7559ca142328,last,ood_metric/ap_out,OOD-3,appendix,up,id_train,id_test_vs_mnist,detector_declared,detector/relative_mahalanobis_raw,mnist,far,,,,80000,C3,adam,0.0003,0.0,0.9819954569341945,0.001731726798740776,0.981995 ± 0.001732,0.9820512112474417,0.9836986333001095,0.9802365262550327
metric_contract_v1.2,c38b09694be88aa74de0741b39e9d3ba0d6ff61a,35a1a66f78dfd6255c4d804586ee6863969be78d21acec5cd0ccf00476ddaa5c,f80984d28ef9a7550633fb3aea514f783f3db1fa655a6d3f49850b10857e6afc,b701f780ad99d469949a985b0472b8d1f26be0545e531d92895b7559ca142328,last,ood_metric/ap_out,OOD-3,appendix,up,id_train,id_test_vs_mnist,detector_declared,detector/vim_author_dim,mnist,far,,,,80000,C3,adam,0.0003,0.0,0.9753870354353475,0.004030492439131871,0.975387 ± 0.004030,0.9766591735014507,0.9708739678392995,0.9786279649652927
metric_contract_v1.2,c38b09694be88aa74de0741b39e9d3ba0d6ff61a,35a1a66f78dfd6255c4d804586ee6863969be78d21acec5cd0ccf00476ddaa5c,f80984d28ef9a7550633fb3aea514f783f3db1fa655a6d3f49850b10857e6afc,b701f780ad99d469949a985b0472b8d1f26be0545e531d92895b7559ca142328,last,ood_metric/ap_out,OOD-3,appendix,up,id_train,id_test_vs_mnist,detector_declared,detector/vim_dim128,mnist,far,,,,80000,C3,adam,0.0003,0.0,0.9801762668106218,0.0015450520990784274,0.980176 ± 0.001545,0.9806074662516702,0.9784614218565229,0.9814599123236721
metric_contract_v1.2,c38b09694be88aa74de0741b39e9d3ba0d6ff61a,35a1a66f78dfd6255c4d804586ee6863969be78d21acec5cd0ccf00476ddaa5c,f80984d28ef9a7550633fb3aea514f783f3db1fa655a6d3f49850b10857e6afc,b701f780ad99d469949a985b0472b8d1f26be0545e531d92895b7559ca142328,last,ood_metric/ap_out,OOD-3,appendix,up,id_train,id_test_vs_mnist,detector_declared,detector/vim_dim256,mnist,far,,,,80000,C3,adam,0.0003,0.0,0.9766659822088691,0.003932185720676215,0.976666 ± 0.003932,0.977465934002619,0.9723953290601884,0.9801366835638001
metric_contract_v1.2,c38b09694be88aa74de0741b39e9d3ba0d6ff61a,35a1a66f78dfd6255c4d804586ee6863969be78d21acec5cd0ccf00476ddaa5c,f80984d28ef9a7550633fb3aea514f783f3db1fa655a6d3f49850b10857e6afc,b701f780ad99d469949a985b0472b8d1f26be0545e531d92895b7559ca142328,last,ood_metric/ap_out,OOD-3,appendix,up,id_train,id_test_vs_mnist,detector_declared,detector/vim_dim320,mnist,far,,,,80000,C3,adam,0.0003,0.0,0.9753870354353475,0.004030492439131871,0.975387 ± 0.004030,0.9766591735014507,0.9708739678392995,0.9786279649652927
metric_contract_v1.2,c38b09694be88aa74de0741b39e9d3ba0d6ff61a,35a1a66f78dfd6255c4d804586ee6863969be78d21acec5cd0ccf00476ddaa5c,f80984d28ef9a7550633fb3aea514f783f3db1fa655a6d3f49850b10857e6afc,b701f780ad99d469949a985b0472b8d1f26be0545e531d92895b7559ca142328,last,ood_metric/ap_out,OOD-3,appendix,up,id_train,id_test_vs_mnist,detector_declared,detector/vim_dim64,mnist,far,,,,80000,C3,adam,0.0003,0.0,0.980282237767352,0.0016984394176454622,0.980282 ± 0.001698,0.9787128812980862,0.9800483205672357,0.9820855114367342
metric_contract_v1.2,c38b09694be88aa74de0741b39e9d3ba0d6ff61a,35a1a66f78dfd6255c4d804586ee6863969be78d21acec5cd0ccf00476ddaa5c,f80984d28ef9a7550633fb3aea514f783f3db1fa655a6d3f49850b10857e6afc,b701f780ad99d469949a985b0472b8d1f26be0545e531d92895b7559ca142328,last,ood_metric/ap_out,OOD-3,appendix,up,id_train,id_test_vs_mnist,detector_declared,detector/weight_cosine_appendix,mnist,far,,,,80000,C3,adam,0.0003,0.0,0.985015578887943,0.0015278033065493281,0.985016 ± 0.001528,0.9847130860197375,0.9866720018871094,0.9836616487569821
metric_contract_v1.2,c38b09694be88aa74de0741b39e9d3ba0d6ff61a,35a1a66f78dfd6255c4d804586ee6863969be78d21acec5cd0ccf00476ddaa5c,f80984d28ef9a7550633fb3aea514f783f3db1fa655a6d3f49850b10857e6afc,b701f780ad99d469949a985b0472b8d1f26be0545e531d92895b7559ca142328,last,ood_metric/ap_out,OOD-3,appendix,up,,id_test_vs_mnist,detector_declared,ood_score/energy_t1,mnist,far,,,,80000,C3,adam,0.0003,0.0,0.9873148527821985,0.001921528020967509,0.987315 ± 0.001922,0.9869946564101585,0.9893763650861482,0.9855735368502887
metric_contract_v1.2,c38b09694be88aa74de0741b39e9d3ba0d6ff61a,35a1a66f78dfd6255c4d804586ee6863969be78d21acec5cd0ccf00476ddaa5c,f80984d28ef9a7550633fb3aea514f783f3db1fa655a6d3f49850b10857e6afc,b701f780ad99d469949a985b0472b8d1f26be0545e531d92895b7559ca142328,last,ood_metric/ap_out,OOD-3,appendix,up,,id_test_vs_mnist,detector_declared,ood_score/max_logit,mnist,far,,,,80000,C3,adam,0.0003,0.0,0.9873898876462336,0.0018730699905148856,0.987390 ± 0.001873,0.9870845918432813,0.9893968513363207,0.9856882197590986
metric_contract_v1.2,c38b09694be88aa74de0741b39e9d3ba0d6ff61a,35a1a66f78dfd6255c4d804586ee6863969be78d21acec5cd0ccf00476ddaa5c,f80984d28ef9a7550633fb3aea514f783f3db1fa655a6d3f49850b10857e6afc,b701f780ad99d469949a985b0472b8d1f26be0545e531d92895b7559ca142328,last,ood_metric/ap_out,OOD-3,appendix,up,,id_test_vs_mnist,detector_declared,ood_score/msp,mnist,far,,,,80000,C3,adam,0.0003,0.0,0.9794705234717701,0.001609058814615177,0.979471 ± 0.001609,0.9792969441184811,0.9811593346604345,0.9779552916363946
metric_contract_v1.2,c38b09694be88aa74de0741b39e9d3ba0d6ff61a,35a1a66f78dfd6255c4d804586ee6863969be78d21acec5cd0ccf00476ddaa5c,f80984d28ef9a7550633fb3aea514f783f3db1fa655a6d3f49850b10857e6afc,b701f780ad99d469949a985b0472b8d1f26be0545e531d92895b7559ca142328,last,ood_metric/aupr_in_openood_auc,OOD-2,primary,up,id_train,id_test_vs_mnist,detector_declared,detector/ctm_prototype_cosine,mnist,far,,,,80000,C3,adam,0.0003,0.0,0.7106955320783603,0.02492930459741925,0.710696 ± 0.024929,0.7355585655892598,0.7108275499047001,0.6857004807411209
metric_contract_v1.2,c38b09694be88aa74de0741b39e9d3ba0d6ff61a,35a1a66f78dfd6255c4d804586ee6863969be78d21acec5cd0ccf00476ddaa5c,f80984d28ef9a7550633fb3aea514f783f3db1fa655a6d3f49850b10857e6afc,b701f780ad99d469949a985b0472b8d1f26be0545e531d92895b7559ca142328,last,ood_metric/aupr_in_openood_auc,OOD-2,primary,up,id_train,id_test_vs_mnist,detector_declared,detector/gda_class_density,mnist,far,,,,80000,C3,adam,0.0003,0.0,0.6269026652923347,0.05056685686101911,0.626903 ± 0.050567,0.659338464393407,0.568637813232622,0.6527317182509752
metric_contract_v1.2,c38b09694be88aa74de0741b39e9d3ba0d6ff61a,35a1a66f78dfd6255c4d804586ee6863969be78d21acec5cd0ccf00476ddaa5c,f80984d28ef9a7550633fb3aea514f783f3db1fa655a6d3f49850b10857e6afc,b701f780ad99d469949a985b0472b8d1f26be0545e531d92895b7559ca142328,last,ood_metric/aupr_in_openood_auc,OOD-2,primary,up,id_train,id_test_vs_mnist,detector_declared,detector/knn_l2_k50,mnist,far,,,,80000,C3,adam,0.0003,0.0,0.7694310672250136,0.01895133058513432,0.769431 ± 0.018951,0.7860830539543457,0.7734008631567558,0.7488092845639398
metric_contract_v1.2,c38b09694be88aa74de0741b39e9d3ba0d6ff61a,35a1a66f78dfd6255c4d804586ee6863969be78d21acec5cd0ccf00476ddaa5c,f80984d28ef9a7550633fb3aea514f783f3db1fa655a6d3f49850b10857e6afc,b701f780ad99d469949a985b0472b8d1f26be0545e531d92895b7559ca142328,last,ood_metric/aupr_in_openood_auc,OOD-2,primary,up,id_train,id_test_vs_mnist,detector_declared,detector/mahalanobis_pp,mnist,far,,,,80000,C3,adam,0.0003,0.0,0.763038201585886,0.019343152871669832,0.763038 ± 0.019343,0.7826138250437243,0.7625645611939392,0.743936218519994
metric_contract_v1.2,c38b09694be88aa74de0741b39e9d3ba0d6ff61a,35a1a66f78dfd6255c4d804586ee6863969be78d21acec5cd0ccf00476ddaa5c,f80984d28ef9a7550633fb3aea514f783f3db1fa655a6d3f49850b10857e6afc,b701f780ad99d469949a985b0472b8d1f26be0545e531d92895b7559ca142328,last,ood_metric/aupr_in_openood_auc,OOD-2,primary,up,id_train,id_test_vs_mnist,detector_declared,detector/mahalanobis_raw,mnist,far,,,,80000,C3,adam,0.0003,0.0,0.2995959988248758,0.07547426090585252,0.299596 ± 0.075474,0.3238184790054538,0.21498429218635812,0.3599852252828155
metric_contract_v1.2,c38b09694be88aa74de0741b39e9d3ba0d6ff61a,35a1a66f78dfd6255c4d804586ee6863969be78d21acec5cd0ccf00476ddaa5c,f80984d28ef9a7550633fb3aea514f783f3db1fa655a6d3f49850b10857e6afc,b701f780ad99d469949a985b0472b8d1f26be0545e531d92895b7559ca142328,last,ood_metric/aupr_in_openood_auc,OOD-2,primary,up,id_train,id_test_vs_mnist,detector_declared,detector/marginal_mahalanobis_raw,mnist,far,,,,80000,C3,adam,0.0003,0.0,0.162893440398101,0.045999695443449846,0.162893 ± 0.046000,0.16998805790938715,0.11375861380405664,0.20493364948085918
metric_contract_v1.2,c38b09694be88aa74de0741b39e9d3ba0d6ff61a,35a1a66f78dfd6255c4d804586ee6863969be78d21acec5cd0ccf00476ddaa5c,f80984d28ef9a7550633fb3aea514f783f3db1fa655a6d3f49850b10857e6afc,b701f780ad99d469949a985b0472b8d1f26be0545e531d92895b7559ca142328,last,ood_metric/aupr_in_openood_auc,OOD-2,primary,up,id_train,id_test_vs_mnist,detector_declared,detector/ncp_euclidean_raw,mnist,far,,,,80000,C3,adam,0.0003,0.0,0.6439523720845228,0.033347104833071614,0.643952 ± 0.033347,0.6510924036630007,0.6731511579600019,0.607613554630566
metric_contract_v1.2,c38b09694be88aa74de0741b39e9d3ba0d6ff61a,35a1a66f78dfd6255c4d804586ee6863969be78d21acec5cd0ccf00476ddaa5c,f80984d28ef9a7550633fb3aea514f783f3db1fa655a6d3f49850b10857e6afc,b701f780ad99d469949a985b0472b8d1f26be0545e531d92895b7559ca142328,last,ood_metric/aupr_in_openood_auc,OOD-2,primary,up,id_train,id_test_vs_mnist,detector_declared,detector/neco_author_std_dim100,mnist,far,,,,80000,C3,adam,0.0003,0.0,0.8300806434232064,0.005196302609616554,0.830081 ± 0.005196,0.8349634232833203,0.8246192524270971,0.830659254559202
metric_contract_v1.2,c38b09694be88aa74de0741b39e9d3ba0d6ff61a,35a1a66f78dfd6255c4d804586ee6863969be78d21acec5cd0ccf00476ddaa5c,f80984d28ef9a7550633fb3aea514f783f3db1fa655a6d3f49850b10857e6afc,b701f780ad99d469949a985b0472b8d1f26be0545e531d92895b7559ca142328,last,ood_metric/aupr_in_openood_auc,OOD-2,primary,up,id_train,id_test_vs_mnist,detector_declared,detector/relative_mahalanobis_pp,mnist,far,,,,80000,C3,adam,0.0003,0.0,0.6881350328736806,0.03418573081978508,0.688135 ± 0.034186,0.7162918736122361,0.6980161290145604,0.6500970959942451
metric_contract_v1.2,c38b09694be88aa74de0741b39e9d3ba0d6ff61a,35a1a66f78dfd6255c4d804586ee6863969be78d21acec5cd0ccf00476ddaa5c,f80984d28ef9a7550633fb3aea514f783f3db1fa655a6d3f49850b10857e6afc,b701f780ad99d469949a985b0472b8d1f26be0545e531d92895b7559ca142328,last,ood_metric/aupr_in_openood_auc,OOD-2,primary,up,id_train,id_test_vs_mnist,detector_declared,detector/relative_mahalanobis_raw,mnist,far,,,,80000,C3,adam,0.0003,0.0,0.7187091550569286,0.03313683446276201,0.718709 ± 0.033137,0.7337651121455997,0.7416448994518623,0.6807174535733237
metric_contract_v1.2,c38b09694be88aa74de0741b39e9d3ba0d6ff61a,35a1a66f78dfd6255c4d804586ee6863969be78d21acec5cd0ccf00476ddaa5c,f80984d28ef9a7550633fb3aea514f783f3db1fa655a6d3f49850b10857e6afc,b701f780ad99d469949a985b0472b8d1f26be0545e531d92895b7559ca142328,last,ood_metric/aupr_in_openood_auc,OOD-2,primary,up,id_train,id_test_vs_mnist,detector_declared,detector/vim_author_dim,mnist,far,,,,80000,C3,adam,0.0003,0.0,0.7976295454968675,0.01169353832296235,0.797630 ± 0.011694,0.8084665184137168,0.7852354693135382,0.7991866487633474
metric_contract_v1.2,c38b09694be88aa74de0741b39e9d3ba0d6ff61a,35a1a66f78dfd6255c4d804586ee6863969be78d21acec5cd0ccf00476ddaa5c,f80984d28ef9a7550633fb3aea514f783f3db1fa655a6d3f49850b10857e6afc,b701f780ad99d469949a985b0472b8d1f26be0545e531d92895b7559ca142328,last,ood_metric/aupr_in_openood_auc,OOD-2,primary,up,id_train,id_test_vs_mnist,detector_declared,detector/vim_dim128,mnist,far,,,,80000,C3,adam,0.0003,0.0,0.8212028773054177,0.008397326942229045,0.821203 ± 0.008397,0.8297069531314458,0.8209851448510372,0.8129165339337703
metric_contract_v1.2,c38b09694be88aa74de0741b39e9d3ba0d6ff61a,35a1a66f78dfd6255c4d804586ee6863969be78d21acec5cd0ccf00476ddaa5c,f80984d28ef9a7550633fb3aea514f783f3db1fa655a6d3f49850b10857e6afc,b701f780ad99d469949a985b0472b8d1f26be0545e531d92895b7559ca142328,last,ood_metric/aupr_in_openood_auc,OOD-2,primary,up,id_train,id_test_vs_mnist,detector_declared,detector/vim_dim256,mnist,far,,,,80000,C3,adam,0.0003,0.0,0.8049360836620808,0.00589512377081514,0.804936 ± 0.005895,0.8107466642820224,0.798959906034477,0.8051016806697426
metric_contract_v1.2,c38b09694be88aa74de0741b39e9d3ba0d6ff61a,35a1a66f78dfd6255c4d804586ee6863969be78d21acec5cd0ccf00476ddaa5c,f80984d28ef9a7550633fb3aea514f783f3db1fa655a6d3f49850b10857e6afc,b701f780ad99d469949a985b0472b8d1f26be0545e531d92895b7559ca142328,last,ood_metric/aupr_in_openood_auc,OOD-2,primary,up,id_train,id_test_vs_mnist,detector_declared,detector/vim_dim320,mnist,far,,,,80000,C3,adam,0.0003,0.0,0.7976295454968675,0.01169353832296235,0.797630 ± 0.011694,0.8084665184137168,0.7852354693135382,0.7991866487633474
metric_contract_v1.2,c38b09694be88aa74de0741b39e9d3ba0d6ff61a,35a1a66f78dfd6255c4d804586ee6863969be78d21acec5cd0ccf00476ddaa5c,f80984d28ef9a7550633fb3aea514f783f3db1fa655a6d3f49850b10857e6afc,b701f780ad99d469949a985b0472b8d1f26be0545e531d92895b7559ca142328,last,ood_metric/aupr_in_openood_auc,OOD-2,primary,up,id_train,id_test_vs_mnist,detector_declared,detector/vim_dim64,mnist,far,,,,80000,C3,adam,0.0003,0.0,0.8289820783184773,0.00696741512370876,0.828982 ± 0.006967,0.8224979975589038,0.8363487272898255,0.8280995101067024
metric_contract_v1.2,c38b09694be88aa74de0741b39e9d3ba0d6ff61a,35a1a66f78dfd6255c4d804586ee6863969be78d21acec5cd0ccf00476ddaa5c,f80984d28ef9a7550633fb3aea514f783f3db1fa655a6d3f49850b10857e6afc,b701f780ad99d469949a985b0472b8d1f26be0545e531d92895b7559ca142328,last,ood_metric/aupr_in_openood_auc,OOD-2,primary,up,id_train,id_test_vs_mnist,detector_declared,detector/weight_cosine_appendix,mnist,far,,,,80000,C3,adam,0.0003,0.0,0.8226625865490034,0.006092192002524166,0.822663 ± 0.006092,0.8247432363079426,0.8274418815738822,0.8158026417651852
metric_contract_v1.2,c38b09694be88aa74de0741b39e9d3ba0d6ff61a,35a1a66f78dfd6255c4d804586ee6863969be78d21acec5cd0ccf00476ddaa5c,f80984d28ef9a7550633fb3aea514f783f3db1fa655a6d3f49850b10857e6afc,b701f780ad99d469949a985b0472b8d1f26be0545e531d92895b7559ca142328,last,ood_metric/aupr_in_openood_auc,OOD-2,primary,up,,id_test_vs_mnist,detector_declared,ood_score/energy_t1,mnist,far,,,,80000,C3,adam,0.0003,0.0,0.8677467022503628,0.017540663531474883,0.867747 ± 0.017541,0.8691617362416822,0.8845369890090882,0.8495413815003181
metric_contract_v1.2,c38b09694be88aa74de0741b39e9d3ba0d6ff61a,35a1a66f78dfd6255c4d804586ee6863969be78d21acec5cd0ccf00476ddaa5c,f80984d28ef9a7550633fb3aea514f783f3db1fa655a6d3f49850b10857e6afc,b701f780ad99d469949a985b0472b8d1f26be0545e531d92895b7559ca142328,last,ood_metric/aupr_in_openood_auc,OOD-2,primary,up,,id_test_vs_mnist,detector_declared,ood_score/max_logit,mnist,far,,,,80000,C3,adam,0.0003,0.0,0.867243154996567,0.017455430090666864,0.867243 ± 0.017455,0.8686436085347707,0.8839561728150099,0.8491296836399204
metric_contract_v1.2,c38b09694be88aa74de0741b39e9d3ba0d6ff61a,35a1a66f78dfd6255c4d804586ee6863969be78d21acec5cd0ccf00476ddaa5c,f80984d28ef9a7550633fb3aea514f783f3db1fa655a6d3f49850b10857e6afc,b701f780ad99d469949a985b0472b8d1f26be0545e531d92895b7559ca142328,last,ood_metric/aupr_in_openood_auc,OOD-2,primary,up,,id_test_vs_mnist,detector_declared,ood_score/msp,mnist,far,,,,80000,C3,adam,0.0003,0.0,0.8056490324157725,0.02294607038184828,0.805649 ± 0.022946,0.8104869933944421,0.825790365446985,0.7806697384058905
metric_contract_v1.2,c38b09694be88aa74de0741b39e9d3ba0d6ff61a,35a1a66f78dfd6255c4d804586ee6863969be78d21acec5cd0ccf00476ddaa5c,f80984d28ef9a7550633fb3aea514f783f3db1fa655a6d3f49850b10857e6afc,b701f780ad99d469949a985b0472b8d1f26be0545e531d92895b7559ca142328,last,ood_metric/aupr_out_openood_auc,OOD-3,primary,up,id_train,id_test_vs_mnist,detector_declared,detector/ctm_prototype_cosine,mnist,far,,,,80000,C3,adam,0.0003,0.0,0.9764300802029854,0.0021809884194631322,0.976430 ± 0.002181,0.9786183055391265,0.9764155336026176,0.9742564014672123
metric_contract_v1.2,c38b09694be88aa74de0741b39e9d3ba0d6ff61a,35a1a66f78dfd6255c4d804586ee6863969be78d21acec5cd0ccf00476ddaa5c,f80984d28ef9a7550633fb3aea514f783f3db1fa655a6d3f49850b10857e6afc,b701f780ad99d469949a985b0472b8d1f26be0545e531d92895b7559ca142328,last,ood_metric/aupr_out_openood_auc,OOD-3,primary,up,id_train,id_test_vs_mnist,detector_declared,detector/gda_class_density,mnist,far,,,,80000,C3,adam,0.0003,0.0,0.9584754426354113,0.006301141211297393,0.958475 ± 0.006301,0.9592174177845747,0.9518361630108986,0.9643727471107606
metric_contract_v1.2,c38b09694be88aa74de0741b39e9d3ba0d6ff61a,35a1a66f78dfd6255c4d804586ee6863969be78d21acec5cd0ccf00476ddaa5c,f80984d28ef9a7550633fb3aea514f783f3db1fa655a6d3f49850b10857e6afc,b701f780ad99d469949a985b0472b8d1f26be0545e531d92895b7559ca142328,last,ood_metric/aupr_out_openood_auc,OOD-3,primary,up,id_train,id_test_vs_mnist,detector_declared,detector/knn_l2_k50,mnist,far,,,,80000,C3,adam,0.0003,0.0,0.9809737942772679,0.0015932784339768846,0.980974 ± 0.001593,0.9821474580143277,0.9816139184969536,0.9791600063205226
metric_contract_v1.2,c38b09694be88aa74de0741b39e9d3ba0d6ff61a,35a1a66f78dfd6255c4d804586ee6863969be78d21acec5cd0ccf00476ddaa5c,f80984d28ef9a7550633fb3aea514f783f3db1fa655a6d3f49850b10857e6afc,b701f780ad99d469949a985b0472b8d1f26be0545e531d92895b7559ca142328,last,ood_metric/aupr_out_openood_auc,OOD-3,primary,up,id_train,id_test_vs_mnist,detector_declared,detector/mahalanobis_pp,mnist,far,,,,80000,C3,adam,0.0003,0.0,0.9789370776720228,0.002571659003514952,0.978937 ± 0.002572,0.9810802397547452,0.9760854482476828,0.9796455450136402
metric_contract_v1.2,c38b09694be88aa74de0741b39e9d3ba0d6ff61a,35a1a66f78dfd6255c4d804586ee6863969be78d21acec5cd0ccf00476ddaa5c,f80984d28ef9a7550633fb3aea514f783f3db1fa655a6d3f49850b10857e6afc,b701f780ad99d469949a985b0472b8d1f26be0545e531d92895b7559ca142328,last,ood_metric/aupr_out_openood_auc,OOD-3,primary,up,id_train,id_test_vs_mnist,detector_declared,detector/mahalanobis_raw,mnist,far,,,,80000,C3,adam,0.0003,0.0,0.8899049911464777,0.03306429792719664,0.889905 ± 0.033064,0.8991306229108671,0.8532076994803569,0.917376651048209
metric_contract_v1.2,c38b09694be88aa74de0741b39e9d3ba0d6ff61a,35a1a66f78dfd6255c4d804586ee6863969be78d21acec5cd0ccf00476ddaa5c,f80984d28ef9a7550633fb3aea514f783f3db1fa655a6d3f49850b10857e6afc,b701f780ad99d469949a985b0472b8d1f26be0545e531d92895b7559ca142328,last,ood_metric/aupr_out_openood_auc,OOD-3,primary,up,id_train,id_test_vs_mnist,detector_declared,detector/marginal_mahalanobis_raw,mnist,far,,,,80000,C3,adam,0.0003,0.0,0.8477338095978105,0.04407029019994826,0.847734 ± 0.044070,0.8600148765591182,0.7988256245095857,0.8843609277247275
metric_contract_v1.2,c38b09694be88aa74de0741b39e9d3ba0d6ff61a,35a1a66f78dfd6255c4d804586ee6863969be78d21acec5cd0ccf00476ddaa5c,f80984d28ef9a7550633fb3aea514f783f3db1fa655a6d3f49850b10857e6afc,b701f780ad99d469949a985b0472b8d1f26be0545e531d92895b7559ca142328,last,ood_metric/aupr_out_openood_auc,OOD-3,primary,up,id_train,id_test_vs_mnist,detector_declared,detector/ncp_euclidean_raw,mnist,far,,,,80000,C3,adam,0.0003,0.0,0.9697582616665383,0.0013216673881859058,0.969758 ± 0.001322,0.9685621868086888,0.9711771878734405,0.9695354103174857
metric_contract_v1.2,c38b09694be88aa74de0741b39e9d3ba0d6ff61a,35a1a66f78dfd6255c4d804586ee6863969be78d21acec5cd0ccf00476ddaa5c,f80984d28ef9a7550633fb3aea514f783f3db1fa655a6d3f49850b10857e6afc,b701f780ad99d469949a985b0472b8d1f26be0545e531d92895b7559ca142328,last,ood_metric/aupr_out_openood_auc,OOD-3,primary,up,id_train,id_test_vs_mnist,detector_declared,detector/neco_author_std_dim100,mnist,far,,,,80000,C3,adam,0.0003,0.0,0.9797097543149068,0.0027110761494121977,0.979710 ± 0.002711,0.9798318391582111,0.9769396981693714,0.9823577256171381
metric_contract_v1.2,c38b09694be88aa74de0741b39e9d3ba0d6ff61a,35a1a66f78dfd6255c4d804586ee6863969be78d21acec5cd0ccf00476ddaa5c,f80984d28ef9a7550633fb3aea514f783f3db1fa655a6d3f49850b10857e6afc,b701f780ad99d469949a985b0472b8d1f26be0545e531d92895b7559ca142328,last,ood_metric/aupr_out_openood_auc,OOD-3,primary,up,id_train,id_test_vs_mnist,detector_declared,detector/relative_mahalanobis_pp,mnist,far,,,,80000,C3,adam,0.0003,0.0,0.9784461614809286,0.0012311912546630614,0.978446 ± 0.001231,0.9790120933351798,0.9792926302609978,0.9770337608466079
metric_contract_v1.2,c38b09694be88aa74de0741b39e9d3ba0d6ff61a,35a1a66f78dfd6255c4d804586ee6863969be78d21acec5cd0ccf00476ddaa5c,f80984d28ef9a7550633fb3aea514f783f3db1fa655a6d3f49850b10857e6afc,b701f780ad99d469949a985b0472b8d1f26be0545e531d92895b7559ca142328,last,ood_metric/aupr_out_openood_auc,OOD-3,primary,up,id_train,id_test_vs_mnist,detector_declared,detector/relative_mahalanobis_raw,mnist,far,,,,80000,C3,adam,0.0003,0.0,0.9819948859439892,0.001731836704613334,0.981995 ± 0.001732,0.9820508694702559,0.9836980521040495,0.9802357362576622
metric_contract_v1.2,c38b09694be88aa74de0741b39e9d3ba0d6ff61a,35a1a66f78dfd6255c4d804586ee6863969be78d21acec5cd0ccf00476ddaa5c,f80984d28ef9a7550633fb3aea514f783f3db1fa655a6d3f49850b10857e6afc,b701f780ad99d469949a985b0472b8d1f26be0545e531d92895b7559ca142328,last,ood_metric/aupr_out_openood_auc,OOD-3,primary,up,id_train,id_test_vs_mnist,detector_declared,detector/vim_author_dim,mnist,far,,,,80000,C3,adam,0.0003,0.0,0.9753830707372728,0.004034429467869145,0.975383 ± 0.004034,0.9766568868226744,0.9708654842014939,0.9786268411876504
metric_contract_v1.2,c38b09694be88aa74de0741b39e9d3ba0d6ff61a,35a1a66f78dfd6255c4d804586ee6863969be78d21acec5cd0ccf00476ddaa5c,f80984d28ef9a7550633fb3aea514f783f3db1fa655a6d3f49850b10857e6afc,b701f780ad99d469949a985b0472b8d1f26be0545e531d92895b7559ca142328,last,ood_metric/aupr_out_openood_auc,OOD-3,primary,up,id_train,id_test_vs_mnist,detector_declared,detector/vim_dim128,mnist,far,,,,80000,C3,adam,0.0003,0.0,0.9801742778622641,0.0015460199134647889,0.980174 ± 0.001546,0.9806062725293213,0.9784582095208978,0.9814583515365732
metric_contract_v1.2,c38b09694be88aa74de0741b39e9d3ba0d6ff61a,35a1a66f78dfd6255c4d804586ee6863969be78d21acec5cd0ccf00476ddaa5c,f80984d28ef9a7550633fb3aea514f783f3db1fa655a6d3f49850b10857e6afc,b701f780ad99d469949a985b0472b8d1f26be0545e531d92895b7559ca142328,last,ood_metric/aupr_out_openood_auc,OOD-3,primary,up,id_train,id_test_vs_mnist,detector_declared,detector/vim_dim256,mnist,far,,,,80000,C3,adam,0.0003,0.0,0.9766618600346098,0.003936403137164446,0.976662 ± 0.003936,0.9774635191700425,0.9723863334940694,0.9801357274397173
metric_contract_v1.2,c38b09694be88aa74de0741b39e9d3ba0d6ff61a,35a1a66f78dfd6255c4d804586ee6863969be78d21acec5cd0ccf00476ddaa5c,f80984d28ef9a7550633fb3aea514f783f3db1fa655a6d3f49850b10857e6afc,b701f780ad99d469949a985b0472b8d1f26be0545e531d92895b7559ca142328,last,ood_metric/aupr_out_openood_auc,OOD-3,primary,up,id_train,id_test_vs_mnist,detector_declared,detector/vim_dim320,mnist,far,,,,80000,C3,adam,0.0003,0.0,0.9753830707372728,0.004034429467869145,0.975383 ± 0.004034,0.9766568868226744,0.9708654842014939,0.9786268411876504
metric_contract_v1.2,c38b09694be88aa74de0741b39e9d3ba0d6ff61a,35a1a66f78dfd6255c4d804586ee6863969be78d21acec5cd0ccf00476ddaa5c,f80984d28ef9a7550633fb3aea514f783f3db1fa655a6d3f49850b10857e6afc,b701f780ad99d469949a985b0472b8d1f26be0545e531d92895b7559ca142328,last,ood_metric/aupr_out_openood_auc,OOD-3,primary,up,id_train,id_test_vs_mnist,detector_declared,detector/vim_dim64,mnist,far,,,,80000,C3,adam,0.0003,0.0,0.9802755985764011,0.001698980794020418,0.980276 ± 0.001699,0.9787088113798161,0.9800365347677993,0.982081449581588
metric_contract_v1.2,c38b09694be88aa74de0741b39e9d3ba0d6ff61a,35a1a66f78dfd6255c4d804586ee6863969be78d21acec5cd0ccf00476ddaa5c,f80984d28ef9a7550633fb3aea514f783f3db1fa655a6d3f49850b10857e6afc,b701f780ad99d469949a985b0472b8d1f26be0545e531d92895b7559ca142328,last,ood_metric/aupr_out_openood_auc,OOD-3,primary,up,id_train,id_test_vs_mnist,detector_declared,detector/weight_cosine_appendix,mnist,far,,,,80000,C3,adam,0.0003,0.0,0.9850144824015339,0.0015281926745560012,0.985014 ± 0.001528,0.9847112418357529,0.9866715616576333,0.9836606437112154
metric_contract_v1.2,c38b09694be88aa74de0741b39e9d3ba0d6ff61a,35a1a66f78dfd6255c4d804586ee6863969be78d21acec5cd0ccf00476ddaa5c,f80984d28ef9a7550633fb3aea514f783f3db1fa655a6d3f49850b10857e6afc,b701f780ad99d469949a985b0472b8d1f26be0545e531d92895b7559ca142328,last,ood_metric/aupr_out_openood_auc,OOD-3,primary,up,,id_test_vs_mnist,detector_declared,ood_score/energy_t1,mnist,far,,,,80000,C3,adam,0.0003,0.0,0.9873129434319244,0.0019218408654549316,0.987313 ± 0.001922,0.9869915340810461,0.9893752249093909,0.9855720713053362
metric_contract_v1.2,c38b09694be88aa74de0741b39e9d3ba0d6ff61a,35a1a66f78dfd6255c4d804586ee6863969be78d21acec5cd0ccf00476ddaa5c,f80984d28ef9a7550633fb3aea514f783f3db1fa655a6d3f49850b10857e6afc,b701f780ad99d469949a985b0472b8d1f26be0545e531d92895b7559ca142328,last,ood_metric/aupr_out_openood_auc,OOD-3,primary,up,,id_test_vs_mnist,detector_declared,ood_score/max_logit,mnist,far,,,,80000,C3,adam,0.0003,0.0,0.9873884390469837,0.0018734865345291641,0.987388 ± 0.001873,0.9870818791720907,0.9893962991464591,0.9856871388224012
metric_contract_v1.2,c38b09694be88aa74de0741b39e9d3ba0d6ff61a,35a1a66f78dfd6255c4d804586ee6863969be78d21acec5cd0ccf00476ddaa5c,f80984d28ef9a7550633fb3aea514f783f3db1fa655a6d3f49850b10857e6afc,b701f780ad99d469949a985b0472b8d1f26be0545e531d92895b7559ca142328,last,ood_metric/aupr_out_openood_auc,OOD-3,primary,up,,id_test_vs_mnist,detector_declared,ood_score/msp,mnist,far,,,,80000,C3,adam,0.0003,0.0,0.979470042181223,0.0016091080310336463,0.979470 ± 0.001609,0.9792963531530957,0.9811589487248811,0.9779548246656923
metric_contract_v1.2,c38b09694be88aa74de0741b39e9d3ba0d6ff61a,35a1a66f78dfd6255c4d804586ee6863969be78d21acec5cd0ccf00476ddaa5c,f80984d28ef9a7550633fb3aea514f783f3db1fa655a6d3f49850b10857e6afc,b701f780ad99d469949a985b0472b8d1f26be0545e531d92895b7559ca142328,last,ood_metric/auroc_id_positive,OOD-1,primary,up,id_train,id_test_vs_mnist,detector_declared,detector/ctm_prototype_cosine,mnist,far,,,,80000,C3,adam,0.0003,0.0,0.89047637,0.008695436680927645,0.890476 ± 0.008695,0.898689997142857,0.891370842857143,0.88136827
metric_contract_v1.2,c38b09694be88aa74de0741b39e9d3ba0d6ff61a,35a1a66f78dfd6255c4d804586ee6863969be78d21acec5cd0ccf00476ddaa5c,f80984d28ef9a7550633fb3aea514f783f3db1fa655a6d3f49850b10857e6afc,b701f780ad99d469949a985b0472b8d1f26be0545e531d92895b7559ca142328,last,ood_metric/auroc_id_positive,OOD-1,primary,up,id_train,id_test_vs_mnist,detector_declared,detector/gda_class_density,mnist,far,,,,80000,C3,adam,0.0003,0.0,0.8416222919047619,0.017403554356461744,0.841622 ± 0.017404,0.8478988742857143,0.8219510914285715,0.85501691
metric_contract_v1.2,c38b09694be88aa74de0741b39e9d3ba0d6ff61a,35a1a66f78dfd6255c4d804586ee6863969be78d21acec5cd0ccf00476ddaa5c,f80984d28ef9a7550633fb3aea514f783f3db1fa655a6d3f49850b10857e6afc,b701f780ad99d469949a985b0472b8d1f26be0545e531d92895b7559ca142328,last,ood_metric/auroc_id_positive,OOD-1,primary,up,id_train,id_test_vs_mnist,detector_declared,detector/knn_l2_k50,mnist,far,,,,80000,C3,adam,0.0003,0.0,0.9105532938095239,0.007397397123804735,0.910553 ± 0.007397,0.916225692857143,0.9132478628571428,0.9021863257142857
metric_contract_v1.2,c38b09694be88aa74de0741b39e9d3ba0d6ff61a,35a1a66f78dfd6255c4d804586ee6863969be78d21acec5cd0ccf00476ddaa5c,f80984d28ef9a7550633fb3aea514f783f3db1fa655a6d3f49850b10857e6afc,b701f780ad99d469949a985b0472b8d1f26be0545e531d92895b7559ca142328,last,ood_metric/auroc_id_positive,OOD-1,primary,up,id_train,id_test_vs_mnist,detector_declared,detector/mahalanobis_pp,mnist,far,,,,80000,C3,adam,0.0003,0.0,0.9031018199999999,0.009954498759548508,0.903102 ± 0.009954,0.9140555742857143,0.8946077428571428,0.900642142857143
metric_contract_v1.2,c38b09694be88aa74de0741b39e9d3ba0d6ff61a,35a1a66f78dfd6255c4d804586ee6863969be78d21acec5cd0ccf00476ddaa5c,f80984d28ef9a7550633fb3aea514f783f3db1fa655a6d3f49850b10857e6afc,b701f780ad99d469949a985b0472b8d1f26be0545e531d92895b7559ca142328,last,ood_metric/auroc_id_positive,OOD-1,primary,up,id_train,id_test_vs_mnist,detector_declared,detector/mahalanobis_raw,mnist,far,,,,80000,C3,adam,0.0003,0.0,0.6128716057142857,0.07936000760880889,0.612872 ± 0.079360,0.6388551614285713,0.5237769242857142,0.6759827314285715
metric_contract_v1.2,c38b09694be88aa74de0741b39e9d3ba0d6ff61a,35a1a66f78dfd6255c4d804586ee6863969be78d21acec5cd0ccf00476ddaa5c,f80984d28ef9a7550633fb3aea514f783f3db1fa655a6d3f49850b10857e6afc,b701f780ad99d469949a985b0472b8d1f26be0545e531d92895b7559ca142328,last,ood_metric/auroc_id_positive,OOD-1,primary,up,id_train,id_test_vs_mnist,detector_declared,detector/marginal_mahalanobis_raw,mnist,far,,,,80000,C3,adam,0.0003,0.0,0.468023841904762,0.11004621558647858,0.468024 ± 0.110046,0.5026557471428572,0.34482756571428574,0.5565882128571429
metric_contract_v1.2,c38b09694be88aa74de0741b39e9d3ba0d6ff61a,35a1a66f78dfd6255c4d804586ee6863969be78d21acec5cd0ccf00476ddaa5c,f80984d28ef9a7550633fb3aea514f783f3db1fa655a6d3f49850b10857e6afc,b701f780ad99d469949a985b0472b8d1f26be0545e531d92895b7559ca142328,last,ood_metric/auroc_id_positive,OOD-1,primary,up,id_train,id_test_vs_mnist,detector_declared,detector/ncp_euclidean_raw,mnist,far,,,,80000,C3,adam,0.0003,0.0,0.8707478623809525,0.007096846552098601,0.870748 ± 0.007097,0.8699004557142858,0.8782303657142858,0.8641127657142857
metric_contract_v1.2,c38b09694be88aa74de0741b39e9d3ba0d6ff61a,35a1a66f78dfd6255c4d804586ee6863969be78d21acec5cd0ccf00476ddaa5c,f80984d28ef9a7550633fb3aea514f783f3db1fa655a6d3f49850b10857e6afc,b701f780ad99d469949a985b0472b8d1f26be0545e531d92895b7559ca142328,last,ood_metric/auroc_id_positive,OOD-1,primary,up,id_train,id_test_vs_mnist,detector_declared,detector/neco_author_std_dim100,mnist,far,,,,80000,C3,adam,0.0003,0.0,0.9247174623809524,0.007846223063931304,0.924717 ± 0.007846,0.9278049742857142,0.9157971442857143,0.9305502685714286
metric_contract_v1.2,c38b09694be88aa74de0741b39e9d3ba0d6ff61a,35a1a66f78dfd6255c4d804586ee6863969be78d21acec5cd0ccf00476ddaa5c,f80984d28ef9a7550633fb3aea514f783f3db1fa655a6d3f49850b10857e6afc,b701f780ad99d469949a985b0472b8d1f26be0545e531d92895b7559ca142328,last,ood_metric/auroc_id_positive,OOD-1,primary,up,id_train,id_test_vs_mnist,detector_declared,detector/relative_mahalanobis_pp,mnist,far,,,,80000,C3,adam,0.0003,0.0,0.89772101,0.007826205551785786,0.897721 ± 0.007826,0.9028594685714286,0.90158969,0.8887138714285714
metric_contract_v1.2,c38b09694be88aa74de0741b39e9d3ba0d6ff61a,35a1a66f78dfd6255c4d804586ee6863969be78d21acec5cd0ccf00476ddaa5c,f80984d28ef9a7550633fb3aea514f783f3db1fa655a6d3f49850b10857e6afc,b701f780ad99d469949a985b0472b8d1f26be0545e531d92895b7559ca142328,last,ood_metric/auroc_id_positive,OOD-1,primary,up,id_train,id_test_vs_mnist,detector_declared,detector/relative_mahalanobis_raw,mnist,far,,,,80000,C3,adam,0.0003,0.0,0.912919550952381,0.009006505383728318,0.912920 ± 0.009007,0.9145182814285716,0.9210196342857142,0.9032207371428571
metric_contract_v1.2,c38b09694be88aa74de0741b39e9d3ba0d6ff61a,35a1a66f78dfd6255c4d804586ee6863969be78d21acec5cd0ccf00476ddaa5c,f80984d28ef9a7550633fb3aea514f783f3db1fa655a6d3f49850b10857e6afc,b701f780ad99d469949a985b0472b8d1f26be0545e531d92895b7559ca142328,last,ood_metric/auroc_id_positive,OOD-1,primary,up,id_train,id_test_vs_mnist,detector_declared,detector/vim_author_dim,mnist,far,,,,80000,C3,adam,0.0003,0.0,0.9060928104761906,0.007734286050663224,0.906093 ± 0.007734,0.9105839300000002,0.8971620757142856,0.9105324257142857
metric_contract_v1.2,c38b09694be88aa74de0741b39e9d3ba0d6ff61a,35a1a66f78dfd6255c4d804586ee6863969be78d21acec5cd0ccf00476ddaa5c,f80984d28ef9a7550633fb3aea514f783f3db1fa655a6d3f49850b10857e6afc,b701f780ad99d469949a985b0472b8d1f26be0545e531d92895b7559ca142328,last,ood_metric/auroc_id_positive,OOD-1,primary,up,id_train,id_test_vs_mnist,detector_declared,detector/vim_dim128,mnist,far,,,,80000,C3,adam,0.0003,0.0,0.9205709419047619,0.0020387236856208137,0.920571 ± 0.002039,0.9227531257142858,0.9187150299999999,0.92024467
metric_contract_v1.2,c38b09694be88aa74de0741b39e9d3ba0d6ff61a,35a1a66f78dfd6255c4d804586ee6863969be78d21acec5cd0ccf00476ddaa5c,f80984d28ef9a7550633fb3aea514f783f3db1fa655a6d3f49850b10857e6afc,b701f780ad99d469949a985b0472b8d1f26be0545e531d92895b7559ca142328,last,ood_metric/auroc_id_positive,OOD-1,primary,up,id_train,id_test_vs_mnist,detector_declared,detector/vim_dim256,mnist,far,,,,80000,C3,adam,0.0003,0.0,0.9101808033333333,0.006365199864079555,0.910181 ± 0.006365,0.9124056414285715,0.9030018085714285,0.9151349599999999
metric_contract_v1.2,c38b09694be88aa74de0741b39e9d3ba0d6ff61a,35a1a66f78dfd6255c4d804586ee6863969be78d21acec5cd0ccf00476ddaa5c,f80984d28ef9a7550633fb3aea514f783f3db1fa655a6d3f49850b10857e6afc,b701f780ad99d469949a985b0472b8d1f26be0545e531d92895b7559ca142328,last,ood_metric/auroc_id_positive,OOD-1,primary,up,id_train,id_test_vs_mnist,detector_declared,detector/vim_dim320,mnist,far,,,,80000,C3,adam,0.0003,0.0,0.9060928104761906,0.007734286050663224,0.906093 ± 0.007734,0.9105839300000002,0.8971620757142856,0.9105324257142857
metric_contract_v1.2,c38b09694be88aa74de0741b39e9d3ba0d6ff61a,35a1a66f78dfd6255c4d804586ee6863969be78d21acec5cd0ccf00476ddaa5c,f80984d28ef9a7550633fb3aea514f783f3db1fa655a6d3f49850b10857e6afc,b701f780ad99d469949a985b0472b8d1f26be0545e531d92895b7559ca142328,last,ood_metric/auroc_id_positive,OOD-1,primary,up,id_train,id_test_vs_mnist,detector_declared,detector/vim_dim64,mnist,far,,,,80000,C3,adam,0.0003,0.0,0.9225545547619047,0.003380020550239785,0.922555 ± 0.003380,0.9186532442857144,0.9246020157142857,0.9244084042857144
metric_contract_v1.2,c38b09694be88aa74de0741b39e9d3ba0d6ff61a,35a1a66f78dfd6255c4d804586ee6863969be78d21acec5cd0ccf00476ddaa5c,f80984d28ef9a7550633fb3aea514f783f3db1fa655a6d3f49850b10857e6afc,b701f780ad99d469949a985b0472b8d1f26be0545e531d92895b7559ca142328,last,ood_metric/auroc_id_positive,OOD-1,primary,up,id_train,id_test_vs_mnist,detector_declared,detector/weight_cosine_appendix,mnist,far,,,,80000,C3,adam,0.0003,0.0,0.9307785376190477,0.004663927434807034,0.930779 ± 0.004664,0.9301706585714287,0.9357165985714286,0.9264483557142857
metric_contract_v1.2,c38b09694be88aa74de0741b39e9d3ba0d6ff61a,35a1a66f78dfd6255c4d804586ee6863969be78d21acec5cd0ccf00476ddaa5c,f80984d28ef9a7550633fb3aea514f783f3db1fa655a6d3f49850b10857e6afc,b701f780ad99d469949a985b0472b8d1f26be0545e531d92895b7559ca142328,last,ood_metric/auroc_id_positive,OOD-1,primary,up,,id_test_vs_mnist,detector_declared,ood_score/energy_t1,mnist,far,,,,80000,C3,adam,0.0003,0.0,0.9451933209523808,0.00715311230937162,0.945193 ± 0.007153,0.9441519542857144,0.9528100371428571,0.9386179714285714
metric_contract_v1.2,c38b09694be88aa74de0741b39e9d3ba0d6ff61a,35a1a66f78dfd6255c4d804586ee6863969be78d21acec5cd0ccf00476ddaa5c,f80984d28ef9a7550633fb3aea514f783f3db1fa655a6d3f49850b10857e6afc,b701f780ad99d469949a985b0472b8d1f26be0545e531d92895b7559ca142328,last,ood_metric/auroc_id_positive,OOD-1,primary,up,,id_test_vs_mnist,detector_declared,ood_score/max_logit,mnist,far,,,,80000,C3,adam,0.0003,0.0,0.9447447921428571,0.007105219102851446,0.944745 ± 0.007105,0.9436984007142857,0.9523151814285714,0.9382207942857143
metric_contract_v1.2,c38b09694be88aa74de0741b39e9d3ba0d6ff61a,35a1a66f78dfd6255c4d804586ee6863969be78d21acec5cd0ccf00476ddaa5c,f80984d28ef9a7550633fb3aea514f783f3db1fa655a6d3f49850b10857e6afc,b701f780ad99d469949a985b0472b8d1f26be0545e531d92895b7559ca142328,last,ood_metric/auroc_id_positive,OOD-1,primary,up,,id_test_vs_mnist,detector_declared,ood_score/msp,mnist,far,,,,80000,C3,adam,0.0003,0.0,0.9107134823809524,0.0076860611697929845,0.910713 ± 0.007686,0.9111667985714286,0.9181628528571429,0.9028107957142857
metric_contract_v1.2,c38b09694be88aa74de0741b39e9d3ba0d6ff61a,35a1a66f78dfd6255c4d804586ee6863969be78d21acec5cd0ccf00476ddaa5c,f80984d28ef9a7550633fb3aea514f783f3db1fa655a6d3f49850b10857e6afc,b701f780ad99d469949a985b0472b8d1f26be0545e531d92895b7559ca142328,last,ood_metric/fpr95_achieved_id_tpr,OOD-4,appendix,descriptive,id_train,id_test_vs_mnist,detector_declared,detector/ctm_prototype_cosine,mnist,far,,,,80000,C3,adam,0.0003,0.0,0.9499999999999998,1.3597399555105182e-16,0.950000 ± 0.000000,0.95,0.95,0.95
metric_contract_v1.2,c38b09694be88aa74de0741b39e9d3ba0d6ff61a,35a1a66f78dfd6255c4d804586ee6863969be78d21acec5cd0ccf00476ddaa5c,f80984d28ef9a7550633fb3aea514f783f3db1fa655a6d3f49850b10857e6afc,b701f780ad99d469949a985b0472b8d1f26be0545e531d92895b7559ca142328,last,ood_metric/fpr95_achieved_id_tpr,OOD-4,appendix,descriptive,id_train,id_test_vs_mnist,detector_declared,detector/gda_class_density,mnist,far,,,,80000,C3,adam,0.0003,0.0,0.9499999999999998,1.3597399555105182e-16,0.950000 ± 0.000000,0.95,0.95,0.95
metric_contract_v1.2,c38b09694be88aa74de0741b39e9d3ba0d6ff61a,35a1a66f78dfd6255c4d804586ee6863969be78d21acec5cd0ccf00476ddaa5c,f80984d28ef9a7550633fb3aea514f783f3db1fa655a6d3f49850b10857e6afc,b701f780ad99d469949a985b0472b8d1f26be0545e531d92895b7559ca142328,last,ood_metric/fpr95_achieved_id_tpr,OOD-4,appendix,descriptive,id_train,id_test_vs_mnist,detector_declared,detector/knn_l2_k50,mnist,far,,,,80000,C3,adam,0.0003,0.0,0.9499999999999998,1.3597399555105182e-16,0.950000 ± 0.000000,0.95,0.95,0.95
metric_contract_v1.2,c38b09694be88aa74de0741b39e9d3ba0d6ff61a,35a1a66f78dfd6255c4d804586ee6863969be78d21acec5cd0ccf00476ddaa5c,f80984d28ef9a7550633fb3aea514f783f3db1fa655a6d3f49850b10857e6afc,b701f780ad99d469949a985b0472b8d1f26be0545e531d92895b7559ca142328,last,ood_metric/fpr95_achieved_id_tpr,OOD-4,appendix,descriptive,id_train,id_test_vs_mnist,detector_declared,detector/mahalanobis_pp,mnist,far,,,,80000,C3,adam,0.0003,0.0,0.9499999999999998,1.3597399555105182e-16,0.950000 ± 0.000000,0.95,0.95,0.95
metric_contract_v1.2,c38b09694be88aa74de0741b39e9d3ba0d6ff61a,35a1a66f78dfd6255c4d804586ee6863969be78d21acec5cd0ccf00476ddaa5c,f80984d28ef9a7550633fb3aea514f783f3db1fa655a6d3f49850b10857e6afc,b701f780ad99d469949a985b0472b8d1f26be0545e531d92895b7559ca142328,last,ood_metric/fpr95_achieved_id_tpr,OOD-4,appendix,descriptive,id_train,id_test_vs_mnist,detector_declared,detector/mahalanobis_raw,mnist,far,,,,80000,C3,adam,0.0003,0.0,0.9499999999999998,1.3597399555105182e-16,0.950000 ± 0.000000,0.95,0.95,0.95
metric_contract_v1.2,c38b09694be88aa74de0741b39e9d3ba0d6ff61a,35a1a66f78dfd6255c4d804586ee6863969be78d21acec5cd0ccf00476ddaa5c,f80984d28ef9a7550633fb3aea514f783f3db1fa655a6d3f49850b10857e6afc,b701f780ad99d469949a985b0472b8d1f26be0545e531d92895b7559ca142328,last,ood_metric/fpr95_achieved_id_tpr,OOD-4,appendix,descriptive,id_train,id_test_vs_mnist,detector_declared,detector/marginal_mahalanobis_raw,mnist,far,,,,80000,C3,adam,0.0003,0.0,0.9499999999999998,1.3597399555105182e-16,0.950000 ± 0.000000,0.95,0.95,0.95
metric_contract_v1.2,c38b09694be88aa74de0741b39e9d3ba0d6ff61a,35a1a66f78dfd6255c4d804586ee6863969be78d21acec5cd0ccf00476ddaa5c,f80984d28ef9a7550633fb3aea514f783f3db1fa655a6d3f49850b10857e6afc,b701f780ad99d469949a985b0472b8d1f26be0545e531d92895b7559ca142328,last,ood_metric/fpr95_achieved_id_tpr,OOD-4,appendix,descriptive,id_train,id_test_vs_mnist,detector_declared,detector/ncp_euclidean_raw,mnist,far,,,,80000,C3,adam,0.0003,0.0,0.9499999999999998,1.3597399555105182e-16,0.950000 ± 0.000000,0.95,0.95,0.95
metric_contract_v1.2,c38b09694be88aa74de0741b39e9d3ba0d6ff61a,35a1a66f78dfd6255c4d804586ee6863969be78d21acec5cd0ccf00476ddaa5c,f80984d28ef9a7550633fb3aea514f783f3db1fa655a6d3f49850b10857e6afc,b701f780ad99d469949a985b0472b8d1f26be0545e531d92895b7559ca142328,last,ood_metric/fpr95_achieved_id_tpr,OOD-4,appendix,descriptive,id_train,id_test_vs_mnist,detector_declared,detector/neco_author_std_dim100,mnist,far,,,,80000,C3,adam,0.0003,0.0,0.9499999999999998,1.3597399555105182e-16,0.950000 ± 0.000000,0.95,0.95,0.95
metric_contract_v1.2,c38b09694be88aa74de0741b39e9d3ba0d6ff61a,35a1a66f78dfd6255c4d804586ee6863969be78d21acec5cd0ccf00476ddaa5c,f80984d28ef9a7550633fb3aea514f783f3db1fa655a6d3f49850b10857e6afc,b701f780ad99d469949a985b0472b8d1f26be0545e531d92895b7559ca142328,last,ood_metric/fpr95_achieved_id_tpr,OOD-4,appendix,descriptive,id_train,id_test_vs_mnist,detector_declared,detector/relative_mahalanobis_pp,mnist,far,,,,80000,C3,adam,0.0003,0.0,0.9499999999999998,1.3597399555105182e-16,0.950000 ± 0.000000,0.95,0.95,0.95
metric_contract_v1.2,c38b09694be88aa74de0741b39e9d3ba0d6ff61a,35a1a66f78dfd6255c4d804586ee6863969be78d21acec5cd0ccf00476ddaa5c,f80984d28ef9a7550633fb3aea514f783f3db1fa655a6d3f49850b10857e6afc,b701f780ad99d469949a985b0472b8d1f26be0545e531d92895b7559ca142328,last,ood_metric/fpr95_achieved_id_tpr,OOD-4,appendix,descriptive,id_train,id_test_vs_mnist,detector_declared,detector/relative_mahalanobis_raw,mnist,far,,,,80000,C3,adam,0.0003,0.0,0.9499999999999998,1.3597399555105182e-16,0.950000 ± 0.000000,0.95,0.95,0.95
metric_contract_v1.2,c38b09694be88aa74de0741b39e9d3ba0d6ff61a,35a1a66f78dfd6255c4d804586ee6863969be78d21acec5cd0ccf00476ddaa5c,f80984d28ef9a7550633fb3aea514f783f3db1fa655a6d3f49850b10857e6afc,b701f780ad99d469949a985b0472b8d1f26be0545e531d92895b7559ca142328,last,ood_metric/fpr95_achieved_id_tpr,OOD-4,appendix,descriptive,id_train,id_test_vs_mnist,detector_declared,detector/vim_author_dim,mnist,far,,,,80000,C3,adam,0.0003,0.0,0.9499999999999998,1.3597399555105182e-16,0.950000 ± 0.000000,0.95,0.95,0.95
metric_contract_v1.2,c38b09694be88aa74de0741b39e9d3ba0d6ff61a,35a1a66f78dfd6255c4d804586ee6863969be78d21acec5cd0ccf00476ddaa5c,f80984d28ef9a7550633fb3aea514f783f3db1fa655a6d3f49850b10857e6afc,b701f780ad99d469949a985b0472b8d1f26be0545e531d92895b7559ca142328,last,ood_metric/fpr95_achieved_id_tpr,OOD-4,appendix,descriptive,id_train,id_test_vs_mnist,detector_declared,detector/vim_dim128,mnist,far,,,,80000,C3,adam,0.0003,0.0,0.9499999999999998,1.3597399555105182e-16,0.950000 ± 0.000000,0.95,0.95,0.95
metric_contract_v1.2,c38b09694be88aa74de0741b39e9d3ba0d6ff61a,35a1a66f78dfd6255c4d804586ee6863969be78d21acec5cd0ccf00476ddaa5c,f80984d28ef9a7550633fb3aea514f783f3db1fa655a6d3f49850b10857e6afc,b701f780ad99d469949a985b0472b8d1f26be0545e531d92895b7559ca142328,last,ood_metric/fpr95_achieved_id_tpr,OOD-4,appendix,descriptive,id_train,id_test_vs_mnist,detector_declared,detector/vim_dim256,mnist,far,,,,80000,C3,adam,0.0003,0.0,0.9499999999999998,1.3597399555105182e-16,0.950000 ± 0.000000,0.95,0.95,0.95
metric_contract_v1.2,c38b09694be88aa74de0741b39e9d3ba0d6ff61a,35a1a66f78dfd6255c4d804586ee6863969be78d21acec5cd0ccf00476ddaa5c,f80984d28ef9a7550633fb3aea514f783f3db1fa655a6d3f49850b10857e6afc,b701f780ad99d469949a985b0472b8d1f26be0545e531d92895b7559ca142328,last,ood_metric/fpr95_achieved_id_tpr,OOD-4,appendix,descriptive,id_train,id_test_vs_mnist,detector_declared,detector/vim_dim320,mnist,far,,,,80000,C3,adam,0.0003,0.0,0.9499999999999998,1.3597399555105182e-16,0.950000 ± 0.000000,0.95,0.95,0.95
metric_contract_v1.2,c38b09694be88aa74de0741b39e9d3ba0d6ff61a,35a1a66f78dfd6255c4d804586ee6863969be78d21acec5cd0ccf00476ddaa5c,f80984d28ef9a7550633fb3aea514f783f3db1fa655a6d3f49850b10857e6afc,b701f780ad99d469949a985b0472b8d1f26be0545e531d92895b7559ca142328,last,ood_metric/fpr95_achieved_id_tpr,OOD-4,appendix,descriptive,id_train,id_test_vs_mnist,detector_declared,detector/vim_dim64,mnist,far,,,,80000,C3,adam,0.0003,0.0,0.9499999999999998,1.3597399555105182e-16,0.950000 ± 0.000000,0.95,0.95,0.95
metric_contract_v1.2,c38b09694be88aa74de0741b39e9d3ba0d6ff61a,35a1a66f78dfd6255c4d804586ee6863969be78d21acec5cd0ccf00476ddaa5c,f80984d28ef9a7550633fb3aea514f783f3db1fa655a6d3f49850b10857e6afc,b701f780ad99d469949a985b0472b8d1f26be0545e531d92895b7559ca142328,last,ood_metric/fpr95_achieved_id_tpr,OOD-4,appendix,descriptive,id_train,id_test_vs_mnist,detector_declared,detector/weight_cosine_appendix,mnist,far,,,,80000,C3,adam,0.0003,0.0,0.9499999999999998,1.3597399555105182e-16,0.950000 ± 0.000000,0.95,0.95,0.95
metric_contract_v1.2,c38b09694be88aa74de0741b39e9d3ba0d6ff61a,35a1a66f78dfd6255c4d804586ee6863969be78d21acec5cd0ccf00476ddaa5c,f80984d28ef9a7550633fb3aea514f783f3db1fa655a6d3f49850b10857e6afc,b701f780ad99d469949a985b0472b8d1f26be0545e531d92895b7559ca142328,last,ood_metric/fpr95_achieved_id_tpr,OOD-4,appendix,descriptive,,id_test_vs_mnist,detector_declared,ood_score/energy_t1,mnist,far,,,,80000,C3,adam,0.0003,0.0,0.9499999999999998,1.3597399555105182e-16,0.950000 ± 0.000000,0.95,0.95,0.95
metric_contract_v1.2,c38b09694be88aa74de0741b39e9d3ba0d6ff61a,35a1a66f78dfd6255c4d804586ee6863969be78d21acec5cd0ccf00476ddaa5c,f80984d28ef9a7550633fb3aea514f783f3db1fa655a6d3f49850b10857e6afc,b701f780ad99d469949a985b0472b8d1f26be0545e531d92895b7559ca142328,last,ood_metric/fpr95_achieved_id_tpr,OOD-4,appendix,descriptive,,id_test_vs_mnist,detector_declared,ood_score/max_logit,mnist,far,,,,80000,C3,adam,0.0003,0.0,0.9499999999999998,1.3597399555105182e-16,0.950000 ± 0.000000,0.95,0.95,0.95
metric_contract_v1.2,c38b09694be88aa74de0741b39e9d3ba0d6ff61a,35a1a66f78dfd6255c4d804586ee6863969be78d21acec5cd0ccf00476ddaa5c,f80984d28ef9a7550633fb3aea514f783f3db1fa655a6d3f49850b10857e6afc,b701f780ad99d469949a985b0472b8d1f26be0545e531d92895b7559ca142328,last,ood_metric/fpr95_achieved_id_tpr,OOD-4,appendix,descriptive,,id_test_vs_mnist,detector_declared,ood_score/msp,mnist,far,,,,80000,C3,adam,0.0003,0.0,0.9499999999999998,1.3597399555105182e-16,0.950000 ± 0.000000,0.95,0.95,0.95
metric_contract_v1.2,c38b09694be88aa74de0741b39e9d3ba0d6ff61a,35a1a66f78dfd6255c4d804586ee6863969be78d21acec5cd0ccf00476ddaa5c,f80984d28ef9a7550633fb3aea514f783f3db1fa655a6d3f49850b10857e6afc,b701f780ad99d469949a985b0472b8d1f26be0545e531d92895b7559ca142328,last,ood_metric/fpr95_id_tpr,OOD-4,primary,down,id_train,id_test_vs_mnist,detector_declared,detector/ctm_prototype_cosine,mnist,far,,,,80000,C3,adam,0.0003,0.0,0.594895238095238,0.020932400104853224,0.594895 ± 0.020932,0.5717142857142857,0.6005571428571429,0.6124142857142857
metric_contract_v1.2,c38b09694be88aa74de0741b39e9d3ba0d6ff61a,35a1a66f78dfd6255c4d804586ee6863969be78d21acec5cd0ccf00476ddaa5c,f80984d28ef9a7550633fb3aea514f783f3db1fa655a6d3f49850b10857e6afc,b701f780ad99d469949a985b0472b8d1f26be0545e531d92895b7559ca142328,last,ood_metric/fpr95_id_tpr,OOD-4,primary,down,id_train,id_test_vs_mnist,detector_declared,detector/gda_class_density,mnist,far,,,,80000,C3,adam,0.0003,0.0,0.8018761904761904,0.04741709270159982,0.801876 ± 0.047417,0.8046285714285715,0.8478571428571429,0.7531428571428571
metric_contract_v1.2,c38b09694be88aa74de0741b39e9d3ba0d6ff61a,35a1a66f78dfd6255c4d804586ee6863969be78d21acec5cd0ccf00476ddaa5c,f80984d28ef9a7550633fb3aea514f783f3db1fa655a6d3f49850b10857e6afc,b701f780ad99d469949a985b0472b8d1f26be0545e531d92895b7559ca142328,last,ood_metric/fpr95_id_tpr,OOD-4,primary,down,id_train,id_test_vs_mnist,detector_declared,detector/knn_l2_k50,mnist,far,,,,80000,C3,adam,0.0003,0.0,0.5107380952380952,0.022739919647576413,0.510738 ± 0.022740,0.49484285714285714,0.5005857142857143,0.5367857142857143
metric_contract_v1.2,c38b09694be88aa74de0741b39e9d3ba0d6ff61a,35a1a66f78dfd6255c4d804586ee6863969be78d21acec5cd0ccf00476ddaa5c,f80984d28ef9a7550633fb3aea514f783f3db1fa655a6d3f49850b10857e6afc,b701f780ad99d469949a985b0472b8d1f26be0545e531d92895b7559ca142328,last,ood_metric/fpr95_id_tpr,OOD-4,primary,down,id_train,id_test_vs_mnist,detector_declared,detector/mahalanobis_pp,mnist,far,,,,80000,C3,adam,0.0003,0.0,0.5684952380952382,0.06404934694075662,0.568495 ± 0.064049,0.5214714285714286,0.6414428571428571,0.5425714285714286
metric_contract_v1.2,c38b09694be88aa74de0741b39e9d3ba0d6ff61a,35a1a66f78dfd6255c4d804586ee6863969be78d21acec5cd0ccf00476ddaa5c,f80984d28ef9a7550633fb3aea514f783f3db1fa655a6d3f49850b10857e6afc,b701f780ad99d469949a985b0472b8d1f26be0545e531d92895b7559ca142328,last,ood_metric/fpr95_id_tpr,OOD-4,primary,down,id_train,id_test_vs_mnist,detector_declared,detector/mahalanobis_raw,mnist,far,,,,80000,C3,adam,0.0003,0.0,0.9578761904761904,0.037373788515846385,0.957876 ± 0.037374,0.9613857142857143,0.9933714285714286,0.9188714285714286
metric_contract_v1.2,c38b09694be88aa74de0741b39e9d3ba0d6ff61a,35a1a66f78dfd6255c4d804586ee6863969be78d21acec5cd0ccf00476ddaa5c,f80984d28ef9a7550633fb3aea514f783f3db1fa655a6d3f49850b10857e6afc,b701f780ad99d469949a985b0472b8d1f26be0545e531d92895b7559ca142328,last,ood_metric/fpr95_id_tpr,OOD-4,primary,down,id_train,id_test_vs_mnist,detector_declared,detector/marginal_mahalanobis_raw,mnist,far,,,,80000,C3,adam,0.0003,0.0,0.9768238095238094,0.02250283580013015,0.976824 ± 0.022503,0.9794714285714285,0.9978857142857143,0.9531142857142857
metric_contract_v1.2,c38b09694be88aa74de0741b39e9d3ba0d6ff61a,35a1a66f78dfd6255c4d804586ee6863969be78d21acec5cd0ccf00476ddaa5c,f80984d28ef9a7550633fb3aea514f783f3db1fa655a6d3f49850b10857e6afc,b701f780ad99d469949a985b0472b8d1f26be0545e531d92895b7559ca142328,last,ood_metric/fpr95_id_tpr,OOD-4,primary,down,id_train,id_test_vs_mnist,detector_declared,detector/ncp_euclidean_raw,mnist,far,,,,80000,C3,adam,0.0003,0.0,0.6573333333333333,0.006582449350795056,0.657333 ± 0.006582,0.6621285714285714,0.6600428571428572,0.6498285714285714
metric_contract_v1.2,c38b09694be88aa74de0741b39e9d3ba0d6ff61a,35a1a66f78dfd6255c4d804586ee6863969be78d21acec5cd0ccf00476ddaa5c,f80984d28ef9a7550633fb3aea514f783f3db1fa655a6d3f49850b10857e6afc,b701f780ad99d469949a985b0472b8d1f26be0545e531d92895b7559ca142328,last,ood_metric/fpr95_id_tpr,OOD-4,primary,down,id_train,id_test_vs_mnist,detector_declared,detector/neco_author_std_dim100,mnist,far,,,,80000,C3,adam,0.0003,0.0,0.511195238095238,0.0764126983962121,0.511195 ± 0.076413,0.49038571428571426,0.5958571428571429,0.44734285714285715
metric_contract_v1.2,c38b09694be88aa74de0741b39e9d3ba0d6ff61a,35a1a66f78dfd6255c4d804586ee6863969be78d21acec5cd0ccf00476ddaa5c,f80984d28ef9a7550633fb3aea514f783f3db1fa655a6d3f49850b10857e6afc,b701f780ad99d469949a985b0472b8d1f26be0545e531d92895b7559ca142328,last,ood_metric/fpr95_id_tpr,OOD-4,primary,down,id_train,id_test_vs_mnist,detector_declared,detector/relative_mahalanobis_pp,mnist,far,,,,80000,C3,adam,0.0003,0.0,0.5724095238095238,0.010889766150047544,0.572410 ± 0.010890,0.5656428571428571,0.5666142857142857,0.5849714285714286
metric_contract_v1.2,c38b09694be88aa74de0741b39e9d3ba0d6ff61a,35a1a66f78dfd6255c4d804586ee6863969be78d21acec5cd0ccf00476ddaa5c,f80984d28ef9a7550633fb3aea514f783f3db1fa655a6d3f49850b10857e6afc,b701f780ad99d469949a985b0472b8d1f26be0545e531d92895b7559ca142328,last,ood_metric/fpr95_id_tpr,OOD-4,primary,down,id_train,id_test_vs_mnist,detector_declared,detector/relative_mahalanobis_raw,mnist,far,,,,80000,C3,adam,0.0003,0.0,0.5078999999999999,0.03446794725183241,0.507900 ± 0.034468,0.5026285714285714,0.47637142857142856,0.5447
metric_contract_v1.2,c38b09694be88aa74de0741b39e9d3ba0d6ff61a,35a1a66f78dfd6255c4d804586ee6863969be78d21acec5cd0ccf00476ddaa5c,f80984d28ef9a7550633fb3aea514f783f3db1fa655a6d3f49850b10857e6afc,b701f780ad99d469949a985b0472b8d1f26be0545e531d92895b7559ca142328,last,ood_metric/fpr95_id_tpr,OOD-4,primary,down,id_train,id_test_vs_mnist,detector_declared,detector/vim_author_dim,mnist,far,,,,80000,C3,adam,0.0003,0.0,0.6186571428571429,0.0555613964503251,0.618657 ± 0.055561,0.6065571428571429,0.6792714285714285,0.5701428571428572
metric_contract_v1.2,c38b09694be88aa74de0741b39e9d3ba0d6ff61a,35a1a66f78dfd6255c4d804586ee6863969be78d21acec5cd0ccf00476ddaa5c,f80984d28ef9a7550633fb3aea514f783f3db1fa655a6d3f49850b10857e6afc,b701f780ad99d469949a985b0472b8d1f26be0545e531d92895b7559ca142328,last,ood_metric/fpr95_id_tpr,OOD-4,primary,down,id_train,id_test_vs_mnist,detector_declared,detector/vim_dim128,mnist,far,,,,80000,C3,adam,0.0003,0.0,0.5246285714285714,0.014065705870401724,0.524629 ± 0.014066,0.5276857142857143,0.5369142857142857,0.5092857142857142
metric_contract_v1.2,c38b09694be88aa74de0741b39e9d3ba0d6ff61a,35a1a66f78dfd6255c4d804586ee6863969be78d21acec5cd0ccf00476ddaa5c,f80984d28ef9a7550633fb3aea514f783f3db1fa655a6d3f49850b10857e6afc,b701f780ad99d469949a985b0472b8d1f26be0545e531d92895b7559ca142328,last,ood_metric/fpr95_id_tpr,OOD-4,primary,down,id_train,id_test_vs_mnist,detector_declared,detector/vim_dim256,mnist,far,,,,80000,C3,adam,0.0003,0.0,0.592204761904762,0.04379033844921274,0.592205 ± 0.043790,0.5959285714285715,0.6340142857142858,0.5466714285714286
metric_contract_v1.2,c38b09694be88aa74de0741b39e9d3ba0d6ff61a,35a1a66f78dfd6255c4d804586ee6863969be78d21acec5cd0ccf00476ddaa5c,f80984d28ef9a7550633fb3aea514f783f3db1fa655a6d3f49850b10857e6afc,b701f780ad99d469949a985b0472b8d1f26be0545e531d92895b7559ca142328,last,ood_metric/fpr95_id_tpr,OOD-4,primary,down,id_train,id_test_vs_mnist,detector_declared,detector/vim_dim320,mnist,far,,,,80000,C3,adam,0.0003,0.0,0.6186571428571429,0.0555613964503251,0.618657 ± 0.055561,0.6065571428571429,0.6792714285714285,0.5701428571428572
metric_contract_v1.2,c38b09694be88aa74de0741b39e9d3ba0d6ff61a,35a1a66f78dfd6255c4d804586ee6863969be78d21acec5cd0ccf00476ddaa5c,f80984d28ef9a7550633fb3aea514f783f3db1fa655a6d3f49850b10857e6afc,b701f780ad99d469949a985b0472b8d1f26be0545e531d92895b7559ca142328,last,ood_metric/fpr95_id_tpr,OOD-4,primary,down,id_train,id_test_vs_mnist,detector_declared,detector/vim_dim64,mnist,far,,,,80000,C3,adam,0.0003,0.0,0.5263857142857143,0.030564328280943864,0.526386 ± 0.030564,0.5605571428571429,0.5169428571428571,0.5016571428571429
metric_contract_v1.2,c38b09694be88aa74de0741b39e9d3ba0d6ff61a,35a1a66f78dfd6255c4d804586ee6863969be78d21acec5cd0ccf00476ddaa5c,f80984d28ef9a7550633fb3aea514f783f3db1fa655a6d3f49850b10857e6afc,b701f780ad99d469949a985b0472b8d1f26be0545e531d92895b7559ca142328,last,ood_metric/fpr95_id_tpr,OOD-4,primary,down,id_train,id_test_vs_mnist,detector_declared,detector/weight_cosine_appendix,mnist,far,,,,80000,C3,adam,0.0003,0.0,0.42819047619047623,0.025556022227820285,0.428190 ± 0.025556,0.4409,0.39877142857142855,0.4449
metric_contract_v1.2,c38b09694be88aa74de0741b39e9d3ba0d6ff61a,35a1a66f78dfd6255c4d804586ee6863969be78d21acec5cd0ccf00476ddaa5c,f80984d28ef9a7550633fb3aea514f783f3db1fa655a6d3f49850b10857e6afc,b701f780ad99d469949a985b0472b8d1f26be0545e531d92895b7559ca142328,last,ood_metric/fpr95_id_tpr,OOD-4,primary,down,,id_test_vs_mnist,detector_declared,ood_score/energy_t1,mnist,far,,,,80000,C3,adam,0.0003,0.0,0.35788095238095236,0.04261087418299999,0.357881 ± 0.042611,0.3770142857142857,0.30905714285714286,0.38757142857142857
metric_contract_v1.2,c38b09694be88aa74de0741b39e9d3ba0d6ff61a,35a1a66f78dfd6255c4d804586ee6863969be78d21acec5cd0ccf00476ddaa5c,f80984d28ef9a7550633fb3aea514f783f3db1fa655a6d3f49850b10857e6afc,b701f780ad99d469949a985b0472b8d1f26be0545e531d92895b7559ca142328,last,ood_metric/fpr95_id_tpr,OOD-4,primary,down,,id_test_vs_mnist,detector_declared,ood_score/max_logit,mnist,far,,,,80000,C3,adam,0.0003,0.0,0.3644476190476191,0.04351965386016809,0.364448 ± 0.043520,0.38345714285714283,0.31465714285714286,0.39522857142857143
metric_contract_v1.2,c38b09694be88aa74de0741b39e9d3ba0d6ff61a,35a1a66f78dfd6255c4d804586ee6863969be78d21acec5cd0ccf00476ddaa5c,f80984d28ef9a7550633fb3aea514f783f3db1fa655a6d3f49850b10857e6afc,b701f780ad99d469949a985b0472b8d1f26be0545e531d92895b7559ca142328,last,ood_metric/fpr95_id_tpr,OOD-4,primary,down,,id_test_vs_mnist,detector_declared,ood_score/msp,mnist,far,,,,80000,C3,adam,0.0003,0.0,0.6017714285714285,0.02189628148469836,0.601771 ± 0.021896,0.6119142857142857,0.5766428571428571,0.6167571428571429
metric_contract_v1.2,c38b09694be88aa74de0741b39e9d3ba0d6ff61a,35a1a66f78dfd6255c4d804586ee6863969be78d21acec5cd0ccf00476ddaa5c,f80984d28ef9a7550633fb3aea514f783f3db1fa655a6d3f49850b10857e6afc,b701f780ad99d469949a985b0472b8d1f26be0545e531d92895b7559ca142328,last,ood_metric/fpr95_threshold,OOD-4,appendix,descriptive,id_train,id_test_vs_mnist,detector_declared,detector/ctm_prototype_cosine,mnist,far,,,,80000,C3,adam,0.0003,0.0,0.8217472957298053,0.0004828025056351837,0.821747 ± 0.000483,0.8213143006876535,0.8216596802298649,0.8222679062718974
metric_contract_v1.2,c38b09694be88aa74de0741b39e9d3ba0d6ff61a,35a1a66f78dfd6255c4d804586ee6863969be78d21acec5cd0ccf00476ddaa5c,f80984d28ef9a7550633fb3aea514f783f3db1fa655a6d3f49850b10857e6afc,b701f780ad99d469949a985b0472b8d1f26be0545e531d92895b7559ca142328,last,ood_metric/fpr95_threshold,OOD-4,appendix,descriptive,id_train,id_test_vs_mnist,detector_declared,detector/gda_class_density,mnist,far,,,,80000,C3,adam,0.0003,0.0,639.9392419473724,28.896494945826213,639.939242 ± 28.896495,632.9878550281851,671.6773854967754,615.1524853171563
metric_contract_v1.2,c38b09694be88aa74de0741b39e9d3ba0d6ff61a,35a1a66f78dfd6255c4d804586ee6863969be78d21acec5cd0ccf00476ddaa5c,f80984d28ef9a7550633fb3aea514f783f3db1fa655a6d3f49850b10857e6afc,b701f780ad99d469949a985b0472b8d1f26be0545e531d92895b7559ca142328,last,ood_metric/fpr95_threshold,OOD-4,appendix,descriptive,id_train,id_test_vs_mnist,detector_declared,detector/knn_l2_k50,mnist,far,,,,80000,C3,adam,0.0003,0.0,-0.19686452867364398,0.0008763302002147784,-0.196865 ± 0.000876,-0.19731319555345503,-0.195854715671287,-0.19742567479618994
metric_contract_v1.2,c38b09694be88aa74de0741b39e9d3ba0d6ff61a,35a1a66f78dfd6255c4d804586ee6863969be78d21acec5cd0ccf00476ddaa5c,f80984d28ef9a7550633fb3aea514f783f3db1fa655a6d3f49850b10857e6afc,b701f780ad99d469949a985b0472b8d1f26be0545e531d92895b7559ca142328,last,ood_metric/fpr95_threshold,OOD-4,appendix,descriptive,id_train,id_test_vs_mnist,detector_declared,detector/mahalanobis_pp,mnist,far,,,,80000,C3,adam,0.0003,0.0,-1371.994737007553,20.508611504821125,-1371.994737 ± 20.508612,-1386.8267767834884,-1348.5908750851054,-1380.5665591540653
metric_contract_v1.2,c38b09694be88aa74de0741b39e9d3ba0d6ff61a,35a1a66f78dfd6255c4d804586ee6863969be78d21acec5cd0ccf00476ddaa5c,f80984d28ef9a7550633fb3aea514f783f3db1fa655a6d3f49850b10857e6afc,b701f780ad99d469949a985b0472b8d1f26be0545e531d92895b7559ca142328,last,ood_metric/fpr95_threshold,OOD-4,appendix,descriptive,id_train,id_test_vs_mnist,detector_declared,detector/mahalanobis_raw,mnist,far,,,,80000,C3,adam,0.0003,0.0,-1045.5231149289082,5.911939527613473,-1045.523115 ± 5.911940,-1051.331732427213,-1039.5130049873178,-1045.724607372194
metric_contract_v1.2,c38b09694be88aa74de0741b39e9d3ba0d6ff61a,35a1a66f78dfd6255c4d804586ee6863969be78d21acec5cd0ccf00476ddaa5c,f80984d28ef9a7550633fb3aea514f783f3db1fa655a6d3f49850b10857e6afc,b701f780ad99d469949a985b0472b8d1f26be0545e531d92895b7559ca142328,last,ood_metric/fpr95_threshold,OOD-4,appendix,descriptive,id_train,id_test_vs_mnist,detector_declared,detector/marginal_mahalanobis_raw,mnist,far,,,,80000,C3,adam,0.0003,0.0,-1004.6571486540664,5.758239805575564,-1004.657149 ± 5.758240,-1007.8438608620588,-998.0099846158399,-1008.1176004843005
metric_contract_v1.2,c38b09694be88aa74de0741b39e9d3ba0d6ff61a,35a1a66f78dfd6255c4d804586ee6863969be78d21acec5cd0ccf00476ddaa5c,f80984d28ef9a7550633fb3aea514f783f3db1fa655a6d3f49850b10857e6afc,b701f780ad99d469949a985b0472b8d1f26be0545e531d92895b7559ca142328,last,ood_metric/fpr95_threshold,OOD-4,appendix,descriptive,id_train,id_test_vs_mnist,detector_declared,detector/ncp_euclidean_raw,mnist,far,,,,80000,C3,adam,0.0003,0.0,-10.987117602598596,0.061612147019298076,-10.987118 ± 0.061612,-11.04424786056878,-10.921835217744869,-10.995269729482139
metric_contract_v1.2,c38b09694be88aa74de0741b39e9d3ba0d6ff61a,35a1a66f78dfd6255c4d804586ee6863969be78d21acec5cd0ccf00476ddaa5c,f80984d28ef9a7550633fb3aea514f783f3db1fa655a6d3f49850b10857e6afc,b701f780ad99d469949a985b0472b8d1f26be0545e531d92895b7559ca142328,last,ood_metric/fpr95_threshold,OOD-4,appendix,descriptive,id_train,id_test_vs_mnist,detector_declared,detector/neco_author_std_dim100,mnist,far,,,,80000,C3,adam,0.0003,0.0,0.9952880339607866,1.5412961479507736e-05,0.995288 ± 0.000015,0.9952930389739647,0.9952707405190045,0.9953003223893906
metric_contract_v1.2,c38b09694be88aa74de0741b39e9d3ba0d6ff61a,35a1a66f78dfd6255c4d804586ee6863969be78d21acec5cd0ccf00476ddaa5c,f80984d28ef9a7550633fb3aea514f783f3db1fa655a6d3f49850b10857e6afc,b701f780ad99d469949a985b0472b8d1f26be0545e531d92895b7559ca142328,last,ood_metric/fpr95_threshold,OOD-4,appendix,descriptive,id_train,id_test_vs_mnist,detector_declared,detector/relative_mahalanobis_pp,mnist,far,,,,80000,C3,adam,0.0003,0.0,-162.4192266710341,1.0214448877042512,-162.419227 ± 1.021445,-161.42159879338993,-162.37315197726457,-163.46292924244779
metric_contract_v1.2,c38b09694be88aa74de0741b39e9d3ba0d6ff61a,35a1a66f78dfd6255c4d804586ee6863969be78d21acec5cd0ccf00476ddaa5c,f80984d28ef9a7550633fb3aea514f783f3db1fa655a6d3f49850b10857e6afc,b701f780ad99d469949a985b0472b8d1f26be0545e531d92895b7559ca142328,last,ood_metric/fpr95_threshold,OOD-4,appendix,descriptive,id_train,id_test_vs_mnist,detector_declared,detector/relative_mahalanobis_raw,mnist,far,,,,80000,C3,adam,0.0003,0.0,-101.99813689857245,2.6433213174972563,-101.998137 ± 2.643321,-99.05977069169414,-102.75202243229528,-104.18261757172795
metric_contract_v1.2,c38b09694be88aa74de0741b39e9d3ba0d6ff61a,35a1a66f78dfd6255c4d804586ee6863969be78d21acec5cd0ccf00476ddaa5c,f80984d28ef9a7550633fb3aea514f783f3db1fa655a6d3f49850b10857e6afc,b701f780ad99d469949a985b0472b8d1f26be0545e531d92895b7559ca142328,last,ood_metric/fpr95_threshold,OOD-4,appendix,descriptive,id_train,id_test_vs_mnist,detector_declared,detector/vim_author_dim,mnist,far,,,,80000,C3,adam,0.0003,0.0,-15.091722292669482,0.22728033476277273,-15.091722 ± 0.227280,-15.239336072352446,-14.829995261263399,-15.205835544392604
metric_contract_v1.2,c38b09694be88aa74de0741b39e9d3ba0d6ff61a,35a1a66f78dfd6255c4d804586ee6863969be78d21acec5cd0ccf00476ddaa5c,f80984d28ef9a7550633fb3aea514f783f3db1fa655a6d3f49850b10857e6afc,b701f780ad99d469949a985b0472b8d1f26be0545e531d92895b7559ca142328,last,ood_metric/fpr95_threshold,OOD-4,appendix,descriptive,id_train,id_test_vs_mnist,detector_declared,detector/vim_dim128,mnist,far,,,,80000,C3,adam,0.0003,0.0,-14.257266454859504,0.2963525906436438,-14.257266 ± 0.296353,-14.479344822126363,-13.920759408604228,-14.37169513384792
metric_contract_v1.2,c38b09694be88aa74de0741b39e9d3ba0d6ff61a,35a1a66f78dfd6255c4d804586ee6863969be78d21acec5cd0ccf00476ddaa5c,f80984d28ef9a7550633fb3aea514f783f3db1fa655a6d3f49850b10857e6afc,b701f780ad99d469949a985b0472b8d1f26be0545e531d92895b7559ca142328,last,ood_metric/fpr95_threshold,OOD-4,appendix,descriptive,id_train,id_test_vs_mnist,detector_declared,detector/vim_dim256,mnist,far,,,,80000,C3,adam,0.0003,0.0,-15.008174595725068,0.3457222997498006,-15.008175 ± 0.345722,-15.229261150468668,-14.609769441704076,-15.185493195002461
metric_contract_v1.2,c38b09694be88aa74de0741b39e9d3ba0d6ff61a,35a1a66f78dfd6255c4d804586ee6863969be78d21acec5cd0ccf00476ddaa5c,f80984d28ef9a7550633fb3aea514f783f3db1fa655a6d3f49850b10857e6afc,b701f780ad99d469949a985b0472b8d1f26be0545e531d92895b7559ca142328,last,ood_metric/fpr95_threshold,OOD-4,appendix,descriptive,id_train,id_test_vs_mnist,detector_declared,detector/vim_dim320,mnist,far,,,,80000,C3,adam,0.0003,0.0,-15.091722292669482,0.22728033476277273,-15.091722 ± 0.227280,-15.239336072352446,-14.829995261263399,-15.205835544392604
metric_contract_v1.2,c38b09694be88aa74de0741b39e9d3ba0d6ff61a,35a1a66f78dfd6255c4d804586ee6863969be78d21acec5cd0ccf00476ddaa5c,f80984d28ef9a7550633fb3aea514f783f3db1fa655a6d3f49850b10857e6afc,b701f780ad99d469949a985b0472b8d1f26be0545e531d92895b7559ca142328,last,ood_metric/fpr95_threshold,OOD-4,appendix,descriptive,id_train,id_test_vs_mnist,detector_declared,detector/vim_dim64,mnist,far,,,,80000,C3,adam,0.0003,0.0,-13.539073910310412,0.3240185359682242,-13.539074 ± 0.324019,-13.863011678323772,-13.214974666741178,-13.539235385866283
metric_contract_v1.2,c38b09694be88aa74de0741b39e9d3ba0d6ff61a,35a1a66f78dfd6255c4d804586ee6863969be78d21acec5cd0ccf00476ddaa5c,f80984d28ef9a7550633fb3aea514f783f3db1fa655a6d3f49850b10857e6afc,b701f780ad99d469949a985b0472b8d1f26be0545e531d92895b7559ca142328,last,ood_metric/fpr95_threshold,OOD-4,appendix,descriptive,id_train,id_test_vs_mnist,detector_declared,detector/weight_cosine_appendix,mnist,far,,,,80000,C3,adam,0.0003,0.0,0.11473631197960484,0.002451884440007303,0.114736 ± 0.002452,0.11670964342989137,0.11199146266119481,0.11550782984772837
metric_contract_v1.2,c38b09694be88aa74de0741b39e9d3ba0d6ff61a,35a1a66f78dfd6255c4d804586ee6863969be78d21acec5cd0ccf00476ddaa5c,f80984d28ef9a7550633fb3aea514f783f3db1fa655a6d3f49850b10857e6afc,b701f780ad99d469949a985b0472b8d1f26be0545e531d92895b7559ca142328,last,ood_metric/fpr95_threshold,OOD-4,appendix,descriptive,,id_test_vs_mnist,detector_declared,ood_score/energy_t1,mnist,far,,,,80000,C3,adam,0.0003,0.0,4.593110724614186,0.025902172610035863,4.593111 ± 0.025902,4.586182751295584,4.571376994408806,4.6217724281381685
metric_contract_v1.2,c38b09694be88aa74de0741b39e9d3ba0d6ff61a,35a1a66f78dfd6255c4d804586ee6863969be78d21acec5cd0ccf00476ddaa5c,f80984d28ef9a7550633fb3aea514f783f3db1fa655a6d3f49850b10857e6afc,b701f780ad99d469949a985b0472b8d1f26be0545e531d92895b7559ca142328,last,ood_metric/fpr95_threshold,OOD-4,appendix,descriptive,,id_test_vs_mnist,detector_declared,ood_score/max_logit,mnist,far,,,,80000,C3,adam,0.0003,0.0,4.494941306114197,0.02020227880821581,4.494941 ± 0.020202,4.493599224090576,4.4754435300827025,4.5157811641693115
metric_contract_v1.2,c38b09694be88aa74de0741b39e9d3ba0d6ff61a,35a1a66f78dfd6255c4d804586ee6863969be78d21acec5cd0ccf00476ddaa5c,f80984d28ef9a7550633fb3aea514f783f3db1fa655a6d3f49850b10857e6afc,b701f780ad99d469949a985b0472b8d1f26be0545e531d92895b7559ca142328,last,ood_metric/fpr95_threshold,OOD-4,appendix,descriptive,,id_test_vs_mnist,detector_declared,ood_score/msp,mnist,far,,,,80000,C3,adam,0.0003,0.0,0.9475326066846833,0.005336261289199259,0.947533 ± 0.005336,0.9463391490062487,0.9428941250578406,0.9533645459899609
metric_contract_v1.2,c38b09694be88aa74de0741b39e9d3ba0d6ff61a,35a1a66f78dfd6255c4d804586ee6863969be78d21acec5cd0ccf00476ddaa5c,f80984d28ef9a7550633fb3aea514f783f3db1fa655a6d3f49850b10857e6afc,5742764ef3bd686abf56fbeafa222ed2fa2784afb6f787533493cfe88190f71f,last,analysis/angular_control_gap_ctm_ncp,OOD-7,exploratory,descriptive,id_train,id_test_vs_mnist,paired_auroc_difference,,mnist,,,,,80000,C3,adamw,0.001,0.0001,0.08315623238095242,0.022340403409406618,0.083156 ± 0.022340,0.08813430000000011,0.05874671142857135,0.10258768571428578
metric_contract_v1.2,c38b09694be88aa74de0741b39e9d3ba0d6ff61a,35a1a66f78dfd6255c4d804586ee6863969be78d21acec5cd0ccf00476ddaa5c,f80984d28ef9a7550633fb3aea514f783f3db1fa655a6d3f49850b10857e6afc,5742764ef3bd686abf56fbeafa222ed2fa2784afb6f787533493cfe88190f71f,last,analysis/restoration_gap_mahalanobis,OOD-7,exploratory,descriptive,id_train,id_test_vs_mnist,paired_auroc_difference,,mnist,,,,,80000,C3,adamw,0.001,0.0001,0.4727654152380953,0.15254494158033374,0.472765 ± 0.152545,0.44266626857142855,0.6381163200000002,0.3375136571428572
metric_contract_v1.2,c38b09694be88aa74de0741b39e9d3ba0d6ff61a,35a1a66f78dfd6255c4d804586ee6863969be78d21acec5cd0ccf00476ddaa5c,f80984d28ef9a7550633fb3aea514f783f3db1fa655a6d3f49850b10857e6afc,5742764ef3bd686abf56fbeafa222ed2fa2784afb6f787533493cfe88190f71f,last,analysis/restoration_gap_relative_mahalanobis,OOD-7,exploratory,descriptive,id_train,id_test_vs_mnist,paired_auroc_difference,,mnist,,,,,80000,C3,adamw,0.001,0.0001,-0.012189788571428531,0.013195418799044985,-0.012190 ± 0.013195,-0.019055879999999914,-0.020536457142857234,0.0030229714285715525
metric_contract_v1.2,c38b09694be88aa74de0741b39e9d3ba0d6ff61a,35a1a66f78dfd6255c4d804586ee6863969be78d21acec5cd0ccf00476ddaa5c,f80984d28ef9a7550633fb3aea514f783f3db1fa655a6d3f49850b10857e6afc,5742764ef3bd686abf56fbeafa222ed2fa2784afb6f787533493cfe88190f71f,last,ood_metric/ap_in,OOD-2,appendix,up,id_train,id_test_vs_mnist,detector_declared,detector/ctm_prototype_cosine,mnist,far,,,,80000,C3,adamw,0.001,0.0001,0.7301636411092834,0.027073912389597766,0.730164 ± 0.027074,0.7530654681079566,0.7002837701741137,0.7371416850457798
metric_contract_v1.2,c38b09694be88aa74de0741b39e9d3ba0d6ff61a,35a1a66f78dfd6255c4d804586ee6863969be78d21acec5cd0ccf00476ddaa5c,f80984d28ef9a7550633fb3aea514f783f3db1fa655a6d3f49850b10857e6afc,5742764ef3bd686abf56fbeafa222ed2fa2784afb6f787533493cfe88190f71f,last,ood_metric/ap_in,OOD-2,appendix,up,id_train,id_test_vs_mnist,detector_declared,detector/gda_class_density,mnist,far,,,,80000,C3,adamw,0.001,0.0001,0.5226592529162835,0.13420840727629801,0.522659 ± 0.134208,0.6037650440479234,0.36774602958194147,0.5964666851189854
metric_contract_v1.2,c38b09694be88aa74de0741b39e9d3ba0d6ff61a,35a1a66f78dfd6255c4d804586ee6863969be78d21acec5cd0ccf00476ddaa5c,f80984d28ef9a7550633fb3aea514f783f3db1fa655a6d3f49850b10857e6afc,5742764ef3bd686abf56fbeafa222ed2fa2784afb6f787533493cfe88190f71f,last,ood_metric/ap_in,OOD-2,appendix,up,id_train,id_test_vs_mnist,detector_declared,detector/knn_l2_k50,mnist,far,,,,80000,C3,adamw,0.001,0.0001,0.8141599088572781,0.02222653627199554,0.814160 ± 0.022227,0.8395448462474255,0.7981928974576338,0.8047419828667752
metric_contract_v1.2,c38b09694be88aa74de0741b39e9d3ba0d6ff61a,35a1a66f78dfd6255c4d804586ee6863969be78d21acec5cd0ccf00476ddaa5c,f80984d28ef9a7550633fb3aea514f783f3db1fa655a6d3f49850b10857e6afc,5742764ef3bd686abf56fbeafa222ed2fa2784afb6f787533493cfe88190f71f,last,ood_metric/ap_in,OOD-2,appendix,up,id_train,id_test_vs_mnist,detector_declared,detector/mahalanobis_pp,mnist,far,,,,80000,C3,adamw,0.001,0.0001,0.8051083136712688,0.07887829097042863,0.805108 ± 0.078878,0.8751014612833664,0.8205845469194047,0.7196389328110355
metric_contract_v1.2,c38b09694be88aa74de0741b39e9d3ba0d6ff61a,35a1a66f78dfd6255c4d804586ee6863969be78d21acec5cd0ccf00476ddaa5c,f80984d28ef9a7550633fb3aea514f783f3db1fa655a6d3f49850b10857e6afc,5742764ef3bd686abf56fbeafa222ed2fa2784afb6f787533493cfe88190f71f,last,ood_metric/ap_in,OOD-2,appendix,up,id_train,id_test_vs_mnist,detector_declared,detector/mahalanobis_raw,mnist,far,,,,80000,C3,adamw,0.001,0.0001,0.18224534962856662,0.07698700804103072,0.182245 ± 0.076987,0.19610348326075155,0.09927048407063627,0.25136208155431194
metric_contract_v1.2,c38b09694be88aa74de0741b39e9d3ba0d6ff61a,35a1a66f78dfd6255c4d804586ee6863969be78d21acec5cd0ccf00476ddaa5c,f80984d28ef9a7550633fb3aea514f783f3db1fa655a6d3f49850b10857e6afc,5742764ef3bd686abf56fbeafa222ed2fa2784afb6f787533493cfe88190f71f,last,ood_metric/ap_in,OOD-2,appendix,up,id_train,id_test_vs_mnist,detector_declared,detector/marginal_mahalanobis_raw,mnist,far,,,,80000,C3,adamw,0.001,0.0001,0.1194274701043236,0.04383227016144896,0.119427 ± 0.043832,0.11946570320975136,0.07557609589610574,0.16324061120711367
metric_contract_v1.2,c38b09694be88aa74de0741b39e9d3ba0d6ff61a,35a1a66f78dfd6255c4d804586ee6863969be78d21acec5cd0ccf00476ddaa5c,f80984d28ef9a7550633fb3aea514f783f3db1fa655a6d3f49850b10857e6afc,5742764ef3bd686abf56fbeafa222ed2fa2784afb6f787533493cfe88190f71f,last,ood_metric/ap_in,OOD-2,appendix,up,id_train,id_test_vs_mnist,detector_declared,detector/ncp_euclidean_raw,mnist,far,,,,80000,C3,adamw,0.001,0.0001,0.5480110546252938,0.041500768322195555,0.548011 ± 0.041501,0.5482710810697642,0.5893811987644311,0.506380884041686
metric_contract_v1.2,c38b09694be88aa74de0741b39e9d3ba0d6ff61a,35a1a66f78dfd6255c4d804586ee6863969be78d21acec5cd0ccf00476ddaa5c,f80984d28ef9a7550633fb3aea514f783f3db1fa655a6d3f49850b10857e6afc,5742764ef3bd686abf56fbeafa222ed2fa2784afb6f787533493cfe88190f71f,last,ood_metric/ap_in,OOD-2,appendix,up,id_train,id_test_vs_mnist,detector_declared,detector/neco_author_std_dim100,mnist,far,,,,80000,C3,adamw,0.001,0.0001,0.758769728060074,0.05240372995480958,0.758770 ± 0.052404,0.8167471687497396,0.7447847802902919,0.7147772351401906
metric_contract_v1.2,c38b09694be88aa74de0741b39e9d3ba0d6ff61a,35a1a66f78dfd6255c4d804586ee6863969be78d21acec5cd0ccf00476ddaa5c,f80984d28ef9a7550633fb3aea514f783f3db1fa655a6d3f49850b10857e6afc,5742764ef3bd686abf56fbeafa222ed2fa2784afb6f787533493cfe88190f71f,last,ood_metric/ap_in,OOD-2,appendix,up,id_train,id_test_vs_mnist,detector_declared,detector/relative_mahalanobis_pp,mnist,far,,,,80000,C3,adamw,0.001,0.0001,0.6673577844327085,0.018160934497953574,0.667358 ± 0.018161,0.6638353079093748,0.687021918024346,0.6512161273644048
metric_contract_v1.2,c38b09694be88aa74de0741b39e9d3ba0d6ff61a,35a1a66f78dfd6255c4d804586ee6863969be78d21acec5cd0ccf00476ddaa5c,f80984d28ef9a7550633fb3aea514f783f3db1fa655a6d3f49850b10857e6afc,5742764ef3bd686abf56fbeafa222ed2fa2784afb6f787533493cfe88190f71f,last,ood_metric/ap_in,OOD-2,appendix,up,id_train,id_test_vs_mnist,detector_declared,detector/relative_mahalanobis_raw,mnist,far,,,,80000,C3,adamw,0.001,0.0001,0.6742327669731386,0.06868062867568978,0.674233 ± 0.068681,0.6889098873211529,0.7343883943933636,0.5994000192048992
metric_contract_v1.2,c38b09694be88aa74de0741b39e9d3ba0d6ff61a,35a1a66f78dfd6255c4d804586ee6863969be78d21acec5cd0ccf00476ddaa5c,f80984d28ef9a7550633fb3aea514f783f3db1fa655a6d3f49850b10857e6afc,5742764ef3bd686abf56fbeafa222ed2fa2784afb6f787533493cfe88190f71f,last,ood_metric/ap_in,OOD-2,appendix,up,id_train,id_test_vs_mnist,detector_declared,detector/vim_author_dim,mnist,far,,,,80000,C3,adamw,0.001,0.0001,0.8185381455432367,0.018973396692235116,0.818538 ± 0.018973,0.8391888214824724,0.8145493657466666,0.8018762494005709
metric_contract_v1.2,c38b09694be88aa74de0741b39e9d3ba0d6ff61a,35a1a66f78dfd6255c4d804586ee6863969be78d21acec5cd0ccf00476ddaa5c,f80984d28ef9a7550633fb3aea514f783f3db1fa655a6d3f49850b10857e6afc,5742764ef3bd686abf56fbeafa222ed2fa2784afb6f787533493cfe88190f71f,last,ood_metric/ap_in,OOD-2,appendix,up,id_train,id_test_vs_mnist,detector_declared,detector/vim_dim128,mnist,far,,,,80000,C3,adamw,0.001,0.0001,0.8269388156787519,0.018810056309911345,0.826939 ± 0.018810,0.8460924178977474,0.8262317868272894,0.8084922423112193
metric_contract_v1.2,c38b09694be88aa74de0741b39e9d3ba0d6ff61a,35a1a66f78dfd6255c4d804586ee6863969be78d21acec5cd0ccf00476ddaa5c,f80984d28ef9a7550633fb3aea514f783f3db1fa655a6d3f49850b10857e6afc,5742764ef3bd686abf56fbeafa222ed2fa2784afb6f787533493cfe88190f71f,last,ood_metric/ap_in,OOD-2,appendix,up,id_train,id_test_vs_mnist,detector_declared,detector/vim_dim256,mnist,far,,,,80000,C3,adamw,0.001,0.0001,0.822025679193842,0.019854627309943463,0.822026 ± 0.019855,0.8434617254146742,0.8183488326492072,0.8042664795176444
metric_contract_v1.2,c38b09694be88aa74de0741b39e9d3ba0d6ff61a,35a1a66f78dfd6255c4d804586ee6863969be78d21acec5cd0ccf00476ddaa5c,f80984d28ef9a7550633fb3aea514f783f3db1fa655a6d3f49850b10857e6afc,5742764ef3bd686abf56fbeafa222ed2fa2784afb6f787533493cfe88190f71f,last,ood_metric/ap_in,OOD-2,appendix,up,id_train,id_test_vs_mnist,detector_declared,detector/vim_dim320,mnist,far,,,,80000,C3,adamw,0.001,0.0001,0.8185381455432367,0.018973396692235116,0.818538 ± 0.018973,0.8391888214824724,0.8145493657466666,0.8018762494005709
metric_contract_v1.2,c38b09694be88aa74de0741b39e9d3ba0d6ff61a,35a1a66f78dfd6255c4d804586ee6863969be78d21acec5cd0ccf00476ddaa5c,f80984d28ef9a7550633fb3aea514f783f3db1fa655a6d3f49850b10857e6afc,5742764ef3bd686abf56fbeafa222ed2fa2784afb6f787533493cfe88190f71f,last,ood_metric/ap_in,OOD-2,appendix,up,id_train,id_test_vs_mnist,detector_declared,detector/vim_dim64,mnist,far,,,,80000,C3,adamw,0.001,0.0001,0.8257691970930643,0.022835280531182597,0.825769 ± 0.022835,0.8517087867456521,0.8168985855304617,0.8087002190030791
metric_contract_v1.2,c38b09694be88aa74de0741b39e9d3ba0d6ff61a,35a1a66f78dfd6255c4d804586ee6863969be78d21acec5cd0ccf00476ddaa5c,f80984d28ef9a7550633fb3aea514f783f3db1fa655a6d3f49850b10857e6afc,5742764ef3bd686abf56fbeafa222ed2fa2784afb6f787533493cfe88190f71f,last,ood_metric/ap_in,OOD-2,appendix,up,id_train,id_test_vs_mnist,detector_declared,detector/weight_cosine_appendix,mnist,far,,,,80000,C3,adamw,0.001,0.0001,0.8114900188915385,0.0063790359229935,0.811490 ± 0.006379,0.8116167249069948,0.8050485738104645,0.8178047579571561
metric_contract_v1.2,c38b09694be88aa74de0741b39e9d3ba0d6ff61a,35a1a66f78dfd6255c4d804586ee6863969be78d21acec5cd0ccf00476ddaa5c,f80984d28ef9a7550633fb3aea514f783f3db1fa655a6d3f49850b10857e6afc,5742764ef3bd686abf56fbeafa222ed2fa2784afb6f787533493cfe88190f71f,last,ood_metric/ap_in,OOD-2,appendix,up,,id_test_vs_mnist,detector_declared,ood_score/energy_t1,mnist,far,,,,80000,C3,adamw,0.001,0.0001,0.8635047990279993,0.02814875870620998,0.863505 ± 0.028149,0.8729646580828285,0.8857050740430219,0.8318446649581475
metric_contract_v1.2,c38b09694be88aa74de0741b39e9d3ba0d6ff61a,35a1a66f78dfd6255c4d804586ee6863969be78d21acec5cd0ccf00476ddaa5c,f80984d28ef9a7550633fb3aea514f783f3db1fa655a6d3f49850b10857e6afc,5742764ef3bd686abf56fbeafa222ed2fa2784afb6f787533493cfe88190f71f,last,ood_metric/ap_in,OOD-2,appendix,up,,id_test_vs_mnist,detector_declared,ood_score/max_logit,mnist,far,,,,80000,C3,adamw,0.001,0.0001,0.8631755540492212,0.028083012523071424,0.863176 ± 0.028083,0.8726711967213273,0.8852797376672445,0.8315757277590917
metric_contract_v1.2,c38b09694be88aa74de0741b39e9d3ba0d6ff61a,35a1a66f78dfd6255c4d804586ee6863969be78d21acec5cd0ccf00476ddaa5c,f80984d28ef9a7550633fb3aea514f783f3db1fa655a6d3f49850b10857e6afc,5742764ef3bd686abf56fbeafa222ed2fa2784afb6f787533493cfe88190f71f,last,ood_metric/ap_in,OOD-2,appendix,up,,id_test_vs_mnist,detector_declared,ood_score/msp,mnist,far,,,,80000,C3,adamw,0.001,0.0001,0.8073556145418733,0.03017453495203751,0.807356 ± 0.030175,0.8236487789914563,0.8258811554747135,0.7725369091594503
metric_contract_v1.2,c38b09694be88aa74de0741b39e9d3ba0d6ff61a,35a1a66f78dfd6255c4d804586ee6863969be78d21acec5cd0ccf00476ddaa5c,f80984d28ef9a7550633fb3aea514f783f3db1fa655a6d3f49850b10857e6afc,5742764ef3bd686abf56fbeafa222ed2fa2784afb6f787533493cfe88190f71f,last,ood_metric/ap_out,OOD-3,appendix,up,id_train,id_test_vs_mnist,detector_declared,detector/ctm_prototype_cosine,mnist,far,,,,80000,C3,adamw,0.001,0.0001,0.9791831841286699,0.002848876239170218,0.979183 ± 0.002849,0.9824478503196563,0.9772007627269148,0.9779009393394386
metric_contract_v1.2,c38b09694be88aa74de0741b39e9d3ba0d6ff61a,35a1a66f78dfd6255c4d804586ee6863969be78d21acec5cd0ccf00476ddaa5c,f80984d28ef9a7550633fb3aea514f783f3db1fa655a6d3f49850b10857e6afc,5742764ef3bd686abf56fbeafa222ed2fa2784afb6f787533493cfe88190f71f,last,ood_metric/ap_out,OOD-3,appendix,up,id_train,id_test_vs_mnist,detector_declared,detector/gda_class_density,mnist,far,,,,80000,C3,adamw,0.001,0.0001,0.9482795212337831,0.01962950995575001,0.948280 ± 0.019630,0.9562599986895524,0.9259167038685281,0.9626618611432688
metric_contract_v1.2,c38b09694be88aa74de0741b39e9d3ba0d6ff61a,35a1a66f78dfd6255c4d804586ee6863969be78d21acec5cd0ccf00476ddaa5c,f80984d28ef9a7550633fb3aea514f783f3db1fa655a6d3f49850b10857e6afc,5742764ef3bd686abf56fbeafa222ed2fa2784afb6f787533493cfe88190f71f,last,ood_metric/ap_out,OOD-3,appendix,up,id_train,id_test_vs_mnist,detector_declared,detector/knn_l2_k50,mnist,far,,,,80000,C3,adamw,0.001,0.0001,0.9851735593363826,0.0021687250574880064,0.985174 ± 0.002169,0.9876589651785538,0.9841962555953123,0.983665457235282
metric_contract_v1.2,c38b09694be88aa74de0741b39e9d3ba0d6ff61a,35a1a66f78dfd6255c4d804586ee6863969be78d21acec5cd0ccf00476ddaa5c,f80984d28ef9a7550633fb3aea514f783f3db1fa655a6d3f49850b10857e6afc,5742764ef3bd686abf56fbeafa222ed2fa2784afb6f787533493cfe88190f71f,last,ood_metric/ap_out,OOD-3,appendix,up,id_train,id_test_vs_mnist,detector_declared,detector/mahalanobis_pp,mnist,far,,,,80000,C3,adamw,0.001,0.0001,0.9837121207752082,0.00969986479510679,0.983712 ± 0.009700,0.9914234271290445,0.9868913231605114,0.9728216120360689
metric_contract_v1.2,c38b09694be88aa74de0741b39e9d3ba0d6ff61a,35a1a66f78dfd6255c4d804586ee6863969be78d21acec5cd0ccf00476ddaa5c,f80984d28ef9a7550633fb3aea514f783f3db1fa655a6d3f49850b10857e6afc,5742764ef3bd686abf56fbeafa222ed2fa2784afb6f787533493cfe88190f71f,last,ood_metric/ap_out,OOD-3,appendix,up,id_train,id_test_vs_mnist,detector_declared,detector/mahalanobis_raw,mnist,far,,,,80000,C3,adamw,0.001,0.0001,0.836698729759836,0.046169002796804075,0.836699 ± 0.046169,0.863029902354465,0.7833886689785381,0.863677617946505
metric_contract_v1.2,c38b09694be88aa74de0741b39e9d3ba0d6ff61a,35a1a66f78dfd6255c4d804586ee6863969be78d21acec5cd0ccf00476ddaa5c,f80984d28ef9a7550633fb3aea514f783f3db1fa655a6d3f49850b10857e6afc,5742764ef3bd686abf56fbeafa222ed2fa2784afb6f787533493cfe88190f71f,last,ood_metric/ap_out,OOD-3,appendix,up,id_train,id_test_vs_mnist,detector_declared,detector/marginal_mahalanobis_raw,mnist,far,,,,80000,C3,adamw,0.001,0.0001,0.8059883735535217,0.04519077233279139,0.805988 ± 0.045191,0.8309986506074029,0.7538212830410792,0.8331451870120832
metric_contract_v1.2,c38b09694be88aa74de0741b39e9d3ba0d6ff61a,35a1a66f78dfd6255c4d804586ee6863969be78d21acec5cd0ccf00476ddaa5c,f80984d28ef9a7550633fb3aea514f783f3db1fa655a6d3f49850b10857e6afc,5742764ef3bd686abf56fbeafa222ed2fa2784afb6f787533493cfe88190f71f,last,ood_metric/ap_out,OOD-3,appendix,up,id_train,id_test_vs_mnist,detector_declared,detector/ncp_euclidean_raw,mnist,far,,,,80000,C3,adamw,0.001,0.0001,0.9522129640427365,0.005478648425686327,0.952213 ± 0.005479,0.9544999479048016,0.9561775898847455,0.945961354338662
metric_contract_v1.2,c38b09694be88aa74de0741b39e9d3ba0d6ff61a,35a1a66f78dfd6255c4d804586ee6863969be78d21acec5cd0ccf00476ddaa5c,f80984d28ef9a7550633fb3aea514f783f3db1fa655a6d3f49850b10857e6afc,5742764ef3bd686abf56fbeafa222ed2fa2784afb6f787533493cfe88190f71f,last,ood_metric/ap_out,OOD-3,appendix,up,id_train,id_test_vs_mnist,detector_declared,detector/neco_author_std_dim100,mnist,far,,,,80000,C3,adamw,0.001,0.0001,0.9665061967684463,0.00749457980189467,0.966506 ± 0.007495,0.9730843570261493,0.9583473546202605,0.9680868786589291
metric_contract_v1.2,c38b09694be88aa74de0741b39e9d3ba0d6ff61a,35a1a66f78dfd6255c4d804586ee6863969be78d21acec5cd0ccf00476ddaa5c,f80984d28ef9a7550633fb3aea514f783f3db1fa655a6d3f49850b10857e6afc,5742764ef3bd686abf56fbeafa222ed2fa2784afb6f787533493cfe88190f71f,last,ood_metric/ap_out,OOD-3,appendix,up,id_train,id_test_vs_mnist,detector_declared,detector/relative_mahalanobis_pp,mnist,far,,,,80000,C3,adamw,0.001,0.0001,0.975159470044887,0.0008282890468696353,0.975159 ± 0.000828,0.9745831366296505,0.9761086530843954,0.974786620420615
metric_contract_v1.2,c38b09694be88aa74de0741b39e9d3ba0d6ff61a,35a1a66f78dfd6255c4d804586ee6863969be78d21acec5cd0ccf00476ddaa5c,f80984d28ef9a7550633fb3aea514f783f3db1fa655a6d3f49850b10857e6afc,5742764ef3bd686abf56fbeafa222ed2fa2784afb6f787533493cfe88190f71f,last,ood_metric/ap_out,OOD-3,appendix,up,id_train,id_test_vs_mnist,detector_declared,detector/relative_mahalanobis_raw,mnist,far,,,,80000,C3,adamw,0.001,0.0001,0.978149075759847,0.0031969631975028658,0.978149 ± 0.003197,0.9793216837797472,0.9805941602947617,0.9745313832050322
metric_contract_v1.2,c38b09694be88aa74de0741b39e9d3ba0d6ff61a,35a1a66f78dfd6255c4d804586ee6863969be78d21acec5cd0ccf00476ddaa5c,f80984d28ef9a7550633fb3aea514f783f3db1fa655a6d3f49850b10857e6afc,5742764ef3bd686abf56fbeafa222ed2fa2784afb6f787533493cfe88190f71f,last,ood_metric/ap_out,OOD-3,appendix,up,id_train,id_test_vs_mnist,detector_declared,detector/vim_author_dim,mnist,far,,,,80000,C3,adamw,0.001,0.0001,0.9776732264161901,0.005238924371560628,0.977673 ± 0.005239,0.9805017346597775,0.9716279913607389,0.9808899532280542
metric_contract_v1.2,c38b09694be88aa74de0741b39e9d3ba0d6ff61a,35a1a66f78dfd6255c4d804586ee6863969be78d21acec5cd0ccf00476ddaa5c,f80984d28ef9a7550633fb3aea514f783f3db1fa655a6d3f49850b10857e6afc,5742764ef3bd686abf56fbeafa222ed2fa2784afb6f787533493cfe88190f71f,last,ood_metric/ap_out,OOD-3,appendix,up,id_train,id_test_vs_mnist,detector_declared,detector/vim_dim128,mnist,far,,,,80000,C3,adamw,0.001,0.0001,0.9791739237981131,0.004174549063011096,0.979174 ± 0.004175,0.982265069075505,0.9744251534547742,0.9808315488640602
metric_contract_v1.2,c38b09694be88aa74de0741b39e9d3ba0d6ff61a,35a1a66f78dfd6255c4d804586ee6863969be78d21acec5cd0ccf00476ddaa5c,f80984d28ef9a7550633fb3aea514f783f3db1fa655a6d3f49850b10857e6afc,5742764ef3bd686abf56fbeafa222ed2fa2784afb6f787533493cfe88190f71f,last,ood_metric/ap_out,OOD-3,appendix,up,id_train,id_test_vs_mnist,detector_declared,detector/vim_dim256,mnist,far,,,,80000,C3,adamw,0.001,0.0001,0.9779777009832489,0.00485261362109022,0.977978 ± 0.004853,0.9809257641293974,0.9723769816681312,0.980630357152218
metric_contract_v1.2,c38b09694be88aa74de0741b39e9d3ba0d6ff61a,35a1a66f78dfd6255c4d804586ee6863969be78d21acec5cd0ccf00476ddaa5c,f80984d28ef9a7550633fb3aea514f783f3db1fa655a6d3f49850b10857e6afc,5742764ef3bd686abf56fbeafa222ed2fa2784afb6f787533493cfe88190f71f,last,ood_metric/ap_out,OOD-3,appendix,up,id_train,id_test_vs_mnist,detector_declared,detector/vim_dim320,mnist,far,,,,80000,C3,adamw,0.001,0.0001,0.9776732264161901,0.005238924371560628,0.977673 ± 0.005239,0.9805017346597775,0.9716279913607389,0.9808899532280542
metric_contract_v1.2,c38b09694be88aa74de0741b39e9d3ba0d6ff61a,35a1a66f78dfd6255c4d804586ee6863969be78d21acec5cd0ccf00476ddaa5c,f80984d28ef9a7550633fb3aea514f783f3db1fa655a6d3f49850b10857e6afc,5742764ef3bd686abf56fbeafa222ed2fa2784afb6f787533493cfe88190f71f,last,ood_metric/ap_out,OOD-3,appendix,up,id_train,id_test_vs_mnist,detector_declared,detector/vim_dim64,mnist,far,,,,80000,C3,adamw,0.001,0.0001,0.9790609103884851,0.0055294378417945576,0.979061 ± 0.005529,0.9837373776799726,0.9729580156557369,0.9804873378297457
metric_contract_v1.2,c38b09694be88aa74de0741b39e9d3ba0d6ff61a,35a1a66f78dfd6255c4d804586ee6863969be78d21acec5cd0ccf00476ddaa5c,f80984d28ef9a7550633fb3aea514f783f3db1fa655a6d3f49850b10857e6afc,5742764ef3bd686abf56fbeafa222ed2fa2784afb6f787533493cfe88190f71f,last,ood_metric/ap_out,OOD-3,appendix,up,id_train,id_test_vs_mnist,detector_declared,detector/weight_cosine_appendix,mnist,far,,,,80000,C3,adamw,0.001,0.0001,0.9835766135937369,0.0008197697017274112,0.983577 ± 0.000820,0.9834528981531928,0.9828257332066221,0.9844512094213955
metric_contract_v1.2,c38b09694be88aa74de0741b39e9d3ba0d6ff61a,35a1a66f78dfd6255c4d804586ee6863969be78d21acec5cd0ccf00476ddaa5c,f80984d28ef9a7550633fb3aea514f783f3db1fa655a6d3f49850b10857e6afc,5742764ef3bd686abf56fbeafa222ed2fa2784afb6f787533493cfe88190f71f,last,ood_metric/ap_out,OOD-3,appendix,up,,id_test_vs_mnist,detector_declared,ood_score/energy_t1,mnist,far,,,,80000,C3,adamw,0.001,0.0001,0.9852463880314649,0.0006779329901649047,0.985246 ± 0.000678,0.9856712967620884,0.985603303991279,0.9844645633410274
metric_contract_v1.2,c38b09694be88aa74de0741b39e9d3ba0d6ff61a,35a1a66f78dfd6255c4d804586ee6863969be78d21acec5cd0ccf00476ddaa5c,f80984d28ef9a7550633fb3aea514f783f3db1fa655a6d3f49850b10857e6afc,5742764ef3bd686abf56fbeafa222ed2fa2784afb6f787533493cfe88190f71f,last,ood_metric/ap_out,OOD-3,appendix,up,,id_test_vs_mnist,detector_declared,ood_score/max_logit,mnist,far,,,,80000,C3,adamw,0.001,0.0001,0.9854398719349623,0.000702738347672012,0.985440 ± 0.000703,0.9858987279624061,0.985790038214559,0.9846308496279216
metric_contract_v1.2,c38b09694be88aa74de0741b39e9d3ba0d6ff61a,35a1a66f78dfd6255c4d804586ee6863969be78d21acec5cd0ccf00476ddaa5c,f80984d28ef9a7550633fb3aea514f783f3db1fa655a6d3f49850b10857e6afc,5742764ef3bd686abf56fbeafa222ed2fa2784afb6f787533493cfe88190f71f,last,ood_metric/ap_out,OOD-3,appendix,up,,id_test_vs_mnist,detector_declared,ood_score/msp,mnist,far,,,,80000,C3,adamw,0.001,0.0001,0.9792351659915793,0.002158752132202988,0.979235 ± 0.002159,0.9810100355671618,0.9798635112869613,0.9768319511206148
metric_contract_v1.2,c38b09694be88aa74de0741b39e9d3ba0d6ff61a,35a1a66f78dfd6255c4d804586ee6863969be78d21acec5cd0ccf00476ddaa5c,f80984d28ef9a7550633fb3aea514f783f3db1fa655a6d3f49850b10857e6afc,5742764ef3bd686abf56fbeafa222ed2fa2784afb6f787533493cfe88190f71f,last,ood_metric/aupr_in_openood_auc,OOD-2,primary,up,id_train,id_test_vs_mnist,detector_declared,detector/ctm_prototype_cosine,mnist,far,,,,80000,C3,adamw,0.001,0.0001,0.7301540719817395,0.027075628737554827,0.730154 ± 0.027076,0.7530569563955325,0.7002721364097637,0.7371331231399225
metric_contract_v1.2,c38b09694be88aa74de0741b39e9d3ba0d6ff61a,35a1a66f78dfd6255c4d804586ee6863969be78d21acec5cd0ccf00476ddaa5c,f80984d28ef9a7550633fb3aea514f783f3db1fa655a6d3f49850b10857e6afc,5742764ef3bd686abf56fbeafa222ed2fa2784afb6f787533493cfe88190f71f,last,ood_metric/aupr_in_openood_auc,OOD-2,primary,up,id_train,id_test_vs_mnist,detector_declared,detector/gda_class_density,mnist,far,,,,80000,C3,adamw,0.001,0.0001,0.5226381955770479,0.13421828812841285,0.522638 ± 0.134218,0.603750476731922,0.36771358359026163,0.5964505264089603
metric_contract_v1.2,c38b09694be88aa74de0741b39e9d3ba0d6ff61a,35a1a66f78dfd6255c4d804586ee6863969be78d21acec5cd0ccf00476ddaa5c,f80984d28ef9a7550633fb3aea514f783f3db1fa655a6d3f49850b10857e6afc,5742764ef3bd686abf56fbeafa222ed2fa2784afb6f787533493cfe88190f71f,last,ood_metric/aupr_in_openood_auc,OOD-2,primary,up,id_train,id_test_vs_mnist,detector_declared,detector/knn_l2_k50,mnist,far,,,,80000,C3,adamw,0.001,0.0001,0.8141545595195273,0.02222730524705312,0.814155 ± 0.022227,0.8395403614697889,0.7981869229745766,0.8047363941142163
metric_contract_v1.2,c38b09694be88aa74de0741b39e9d3ba0d6ff61a,35a1a66f78dfd6255c4d804586ee6863969be78d21acec5cd0ccf00476ddaa5c,f80984d28ef9a7550633fb3aea514f783f3db1fa655a6d3f49850b10857e6afc,5742764ef3bd686abf56fbeafa222ed2fa2784afb6f787533493cfe88190f71f,last,ood_metric/aupr_in_openood_auc,OOD-2,primary,up,id_train,id_test_vs_mnist,detector_declared,detector/mahalanobis_pp,mnist,far,,,,80000,C3,adamw,0.001,0.0001,0.8051026865780918,0.07888035026221184,0.805103 ± 0.078880,0.8750978133497731,0.8205790900331029,0.7196311563513992
metric_contract_v1.2,c38b09694be88aa74de0741b39e9d3ba0d6ff61a,35a1a66f78dfd6255c4d804586ee6863969be78d21acec5cd0ccf00476ddaa5c,f80984d28ef9a7550633fb3aea514f783f3db1fa655a6d3f49850b10857e6afc,5742764ef3bd686abf56fbeafa222ed2fa2784afb6f787533493cfe88190f71f,last,ood_metric/aupr_in_openood_auc,OOD-2,primary,up,id_train,id_test_vs_mnist,detector_declared,detector/mahalanobis_raw,mnist,far,,,,80000,C3,adamw,0.001,0.0001,0.1822112624018529,0.07699246653901326,0.182211 ± 0.076992,0.196067942911563,0.09923139877172323,0.25133444552227246
metric_contract_v1.2,c38b09694be88aa74de0741b39e9d3ba0d6ff61a,35a1a66f78dfd6255c4d804586ee6863969be78d21acec5cd0ccf00476ddaa5c,f80984d28ef9a7550633fb3aea514f783f3db1fa655a6d3f49850b10857e6afc,5742764ef3bd686abf56fbeafa222ed2fa2784afb6f787533493cfe88190f71f,last,ood_metric/aupr_in_openood_auc,OOD-2,primary,up,id_train,id_test_vs_mnist,detector_declared,detector/marginal_mahalanobis_raw,mnist,far,,,,80000,C3,adamw,0.001,0.0001,0.11938560770362468,0.04383841268465252,0.119386 ± 0.043838,0.11942089865576808,0.07552956019666884,0.1632063642584371
metric_contract_v1.2,c38b09694be88aa74de0741b39e9d3ba0d6ff61a,35a1a66f78dfd6255c4d804586ee6863969be78d21acec5cd0ccf00476ddaa5c,f80984d28ef9a7550633fb3aea514f783f3db1fa655a6d3f49850b10857e6afc,5742764ef3bd686abf56fbeafa222ed2fa2784afb6f787533493cfe88190f71f,last,ood_metric/aupr_in_openood_auc,OOD-2,primary,up,id_train,id_test_vs_mnist,detector_declared,detector/ncp_euclidean_raw,mnist,far,,,,80000,C3,adamw,0.001,0.0001,0.5479903080035301,0.04150269815715348,0.547990 ± 0.041503,0.5482498511164277,0.5893626259409033,0.5063584469532595
metric_contract_v1.2,c38b09694be88aa74de0741b39e9d3ba0d6ff61a,35a1a66f78dfd6255c4d804586ee6863969be78d21acec5cd0ccf00476ddaa5c,f80984d28ef9a7550633fb3aea514f783f3db1fa655a6d3f49850b10857e6afc,5742764ef3bd686abf56fbeafa222ed2fa2784afb6f787533493cfe88190f71f,last,ood_metric/aupr_in_openood_auc,OOD-2,primary,up,id_train,id_test_vs_mnist,detector_declared,detector/neco_author_std_dim100,mnist,far,,,,80000,C3,adamw,0.001,0.0001,0.7587637451453974,0.05240562024170427,0.758764 ± 0.052406,0.8167430770851389,0.7447789728367179,0.714769185514335
metric_contract_v1.2,c38b09694be88aa74de0741b39e9d3ba0d6ff61a,35a1a66f78dfd6255c4d804586ee6863969be78d21acec5cd0ccf00476ddaa5c,f80984d28ef9a7550633fb3aea514f783f3db1fa655a6d3f49850b10857e6afc,5742764ef3bd686abf56fbeafa222ed2fa2784afb6f787533493cfe88190f71f,last,ood_metric/aupr_in_openood_auc,OOD-2,primary,up,id_train,id_test_vs_mnist,detector_declared,detector/relative_mahalanobis_pp,mnist,far,,,,80000,C3,adamw,0.001,0.0001,0.6673327659691105,0.01816820988408955,0.667333 ± 0.018168,0.6638036960300425,0.6870066029746313,0.6511879989026575
metric_contract_v1.2,c38b09694be88aa74de0741b39e9d3ba0d6ff61a,35a1a66f78dfd6255c4d804586ee6863969be78d21acec5cd0ccf00476ddaa5c,f80984d28ef9a7550633fb3aea514f783f3db1fa655a6d3f49850b10857e6afc,5742764ef3bd686abf56fbeafa222ed2fa2784afb6f787533493cfe88190f71f,last,ood_metric/aupr_in_openood_auc,OOD-2,primary,up,id_train,id_test_vs_mnist,detector_declared,detector/relative_mahalanobis_raw,mnist,far,,,,80000,C3,adamw,0.001,0.0001,0.6742013949388365,0.0686896652552411,0.674201 ± 0.068690,0.6888788361811478,0.734366004989663,0.5993593436456989
metric_contract_v1.2,c38b09694be88aa74de0741b39e9d3ba0d6ff61a,35a1a66f78dfd6255c4d804586ee6863969be78d21acec5cd0ccf00476ddaa5c,f80984d28ef9a7550633fb3aea514f783f3db1fa655a6d3f49850b10857e6afc,5742764ef3bd686abf56fbeafa222ed2fa2784afb6f787533493cfe88190f71f,last,ood_metric/aupr_in_openood_auc,OOD-2,primary,up,id_train,id_test_vs_mnist,detector_declared,detector/vim_author_dim,mnist,far,,,,80000,C3,adamw,0.001,0.0001,0.8185334549615749,0.018974155891888125,0.818533 ± 0.018974,0.8391847855663728,0.8145450209156617,0.8018705584026904
metric_contract_v1.2,c38b09694be88aa74de0741b39e9d3ba0d6ff61a,35a1a66f78dfd6255c4d804586ee6863969be78d21acec5cd0ccf00476ddaa5c,f80984d28ef9a7550633fb3aea514f783f3db1fa655a6d3f49850b10857e6afc,5742764ef3bd686abf56fbeafa222ed2fa2784afb6f787533493cfe88190f71f,last,ood_metric/aupr_in_openood_auc,OOD-2,primary,up,id_train,id_test_vs_mnist,detector_declared,detector/vim_dim128,mnist,far,,,,80000,C3,adamw,0.001,0.0001,0.826934303446174,0.01881072913207635,0.826934 ± 0.018811,0.8460884200763368,0.826227611108263,0.8084868791539225
metric_contract_v1.2,c38b09694be88aa74de0741b39e9d3ba0d6ff61a,35a1a66f78dfd6255c4d804586ee6863969be78d21acec5cd0ccf00476ddaa5c,f80984d28ef9a7550633fb3aea514f783f3db1fa655a6d3f49850b10857e6afc,5742764ef3bd686abf56fbeafa222ed2fa2784afb6f787533493cfe88190f71f,last,ood_metric/aupr_in_openood_auc,OOD-2,primary,up,id_train,id_test_vs_mnist,detector_declared,detector/vim_dim256,mnist,far,,,,80000,C3,adamw,0.001,0.0001,0.8220211111595025,0.019855356259491714,0.822021 ± 0.019855,0.8434577827701797,0.8183445794471025,0.8042609712612253
metric_contract_v1.2,c38b09694be88aa74de0741b39e9d3ba0d6ff61a,35a1a66f78dfd6255c4d804586ee6863969be78d21acec5cd0ccf00476ddaa5c,f80984d28ef9a7550633fb3aea514f783f3db1fa655a6d3f49850b10857e6afc,5742764ef3bd686abf56fbeafa222ed2fa2784afb6f787533493cfe88190f71f,last,ood_metric/aupr_in_openood_auc,OOD-2,primary,up,id_train,id_test_vs_mnist,detector_declared,detector/vim_dim320,mnist,far,,,,80000,C3,adamw,0.001,0.0001,0.8185334549615749,0.018974155891888125,0.818533 ± 0.018974,0.8391847855663728,0.8145450209156617,0.8018705584026904
metric_contract_v1.2,c38b09694be88aa74de0741b39e9d3ba0d6ff61a,35a1a66f78dfd6255c4d804586ee6863969be78d21acec5cd0ccf00476ddaa5c,f80984d28ef9a7550633fb3aea514f783f3db1fa655a6d3f49850b10857e6afc,5742764ef3bd686abf56fbeafa222ed2fa2784afb6f787533493cfe88190f71f,last,ood_metric/aupr_in_openood_auc,OOD-2,primary,up,id_train,id_test_vs_mnist,detector_declared,detector/vim_dim64,mnist,far,,,,80000,C3,adamw,0.001,0.0001,0.8257647323508183,0.02283589035499512,0.825765 ± 0.022836,0.8517049498757043,0.8168942241026393,0.8086950230741111
metric_contract_v1.2,c38b09694be88aa74de0741b39e9d3ba0d6ff61a,35a1a66f78dfd6255c4d804586ee6863969be78d21acec5cd0ccf00476ddaa5c,f80984d28ef9a7550633fb3aea514f783f3db1fa655a6d3f49850b10857e6afc,5742764ef3bd686abf56fbeafa222ed2fa2784afb6f787533493cfe88190f71f,last,ood_metric/aupr_in_openood_auc,OOD-2,primary,up,id_train,id_test_vs_mnist,detector_declared,detector/weight_cosine_appendix,mnist,far,,,,80000,C3,adamw,0.001,0.0001,0.811484324552504,0.006379305631564445,0.811484 ± 0.006379,0.8116109784341076,0.8050426350133062,0.817799360210098
metric_contract_v1.2,c38b09694be88aa74de0741b39e9d3ba0d6ff61a,35a1a66f78dfd6255c4d804586ee6863969be78d21acec5cd0ccf00476ddaa5c,f80984d28ef9a7550633fb3aea514f783f3db1fa655a6d3f49850b10857e6afc,5742764ef3bd686abf56fbeafa222ed2fa2784afb6f787533493cfe88190f71f,last,ood_metric/aupr_in_openood_auc,OOD-2,primary,up,,id_test_vs_mnist,detector_declared,ood_score/energy_t1,mnist,far,,,,80000,C3,adamw,0.001,0.0001,0.8635012582289167,0.028149841238314464,0.863501 ± 0.028150,0.8729614480723222,0.8857024122169349,0.8318399143974927
metric_contract_v1.2,c38b09694be88aa74de0741b39e9d3ba0d6ff61a,35a1a66f78dfd6255c4d804586ee6863969be78d21acec5cd0ccf00476ddaa5c,f80984d28ef9a7550633fb3aea514f783f3db1fa655a6d3f49850b10857e6afc,5742764ef3bd686abf56fbeafa222ed2fa2784afb6f787533493cfe88190f71f,last,ood_metric/aupr_in_openood_auc,OOD-2,primary,up,,id_test_vs_mnist,detector_declared,ood_score/max_logit,mnist,far,,,,80000,C3,adamw,0.001,0.0001,0.8631720272156144,0.028084087422073,0.863172 ± 0.028084,0.8726680039989858,0.8852770793413057,0.8315709983065517
metric_contract_v1.2,c38b09694be88aa74de0741b39e9d3ba0d6ff61a,35a1a66f78dfd6255c4d804586ee6863969be78d21acec5cd0ccf00476ddaa5c,f80984d28ef9a7550633fb3aea514f783f3db1fa655a6d3f49850b10857e6afc,5742764ef3bd686abf56fbeafa222ed2fa2784afb6f787533493cfe88190f71f,last,ood_metric/aupr_in_openood_auc,OOD-2,primary,up,,id_test_vs_mnist,detector_declared,ood_score/msp,mnist,far,,,,80000,C3,adamw,0.001,0.0001,0.8073511208296816,0.030175064024517338,0.807351 ± 0.030175,0.8236444303253379,0.8258771213329302,0.7725318108307768
metric_contract_v1.2,c38b09694be88aa74de0741b39e9d3ba0d6ff61a,35a1a66f78dfd6255c4d804586ee6863969be78d21acec5cd0ccf00476ddaa5c,f80984d28ef9a7550633fb3aea514f783f3db1fa655a6d3f49850b10857e6afc,5742764ef3bd686abf56fbeafa222ed2fa2784afb6f787533493cfe88190f71f,last,ood_metric/aupr_out_openood_auc,OOD-3,primary,up,id_train,id_test_vs_mnist,detector_declared,detector/ctm_prototype_cosine,mnist,far,,,,80000,C3,adamw,0.001,0.0001,0.9791825932400077,0.0028491343804119295,0.979183 ± 0.002849,0.982447599253013,0.9772002781140395,0.9778999023529706
metric_contract_v1.2,c38b09694be88aa74de0741b39e9d3ba0d6ff61a,35a1a66f78dfd6255c4d804586ee6863969be78d21acec5cd0ccf00476ddaa5c,f80984d28ef9a7550633fb3aea514f783f3db1fa655a6d3f49850b10857e6afc,5742764ef3bd686abf56fbeafa222ed2fa2784afb6f787533493cfe88190f71f,last,ood_metric/aupr_out_openood_auc,OOD-3,primary,up,id_train,id_test_vs_mnist,detector_declared,detector/gda_class_density,mnist,far,,,,80000,C3,adamw,0.001,0.0001,0.948269038866688,0.019630618807266995,0.948269 ± 0.019631,0.9562478332825616,0.9259053301204065,0.9626539531970957
metric_contract_v1.2,c38b09694be88aa74de0741b39e9d3ba0d6ff61a,35a1a66f78dfd6255c4d804586ee6863969be78d21acec5cd0ccf00476ddaa5c,f80984d28ef9a7550633fb3aea514f783f3db1fa655a6d3f49850b10857e6afc,5742764ef3bd686abf56fbeafa222ed2fa2784afb6f787533493cfe88190f71f,last,ood_metric/aupr_out_openood_auc,OOD-3,primary,up,id_train,id_test_vs_mnist,detector_declared,detector/knn_l2_k50,mnist,far,,,,80000,C3,adamw,0.001,0.0001,0.9851730991536686,0.0021689969356202036,0.985173 ± 0.002169,0.987658772540419,0.9841960040030192,0.9836645209175675
metric_contract_v1.2,c38b09694be88aa74de0741b39e9d3ba0d6ff61a,35a1a66f78dfd6255c4d804586ee6863969be78d21acec5cd0ccf00476ddaa5c,f80984d28ef9a7550633fb3aea514f783f3db1fa655a6d3f49850b10857e6afc,5742764ef3bd686abf56fbeafa222ed2fa2784afb6f787533493cfe88190f71f,last,ood_metric/aupr_out_openood_auc,OOD-3,primary,up,id_train,id_test_vs_mnist,detector_declared,detector/mahalanobis_pp,mnist,far,,,,80000,C3,adamw,0.001,0.0001,0.9837107603806002,0.009701843719490911,0.983711 ± 0.009702,0.9914232855165653,0.9868910799785389,0.972817915646697
metric_contract_v1.2,c38b09694be88aa74de0741b39e9d3ba0d6ff61a,35a1a66f78dfd6255c4d804586ee6863969be78d21acec5cd0ccf00476ddaa5c,f80984d28ef9a7550633fb3aea514f783f3db1fa655a6d3f49850b10857e6afc,5742764ef3bd686abf56fbeafa222ed2fa2784afb6f787533493cfe88190f71f,last,ood_metric/aupr_out_openood_auc,OOD-3,primary,up,id_train,id_test_vs_mnist,detector_declared,detector/mahalanobis_raw,mnist,far,,,,80000,C3,adamw,0.001,0.0001,0.8366851060642629,0.046168431279128445,0.836685 ± 0.046168,0.8630159841849497,0.7833757049445916,0.8636636290632475
metric_contract_v1.2,c38b09694be88aa74de0741b39e9d3ba0d6ff61a,35a1a66f78dfd6255c4d804586ee6863969be78d21acec5cd0ccf00476ddaa5c,f80984d28ef9a7550633fb3aea514f783f3db1fa655a6d3f49850b10857e6afc,5742764ef3bd686abf56fbeafa222ed2fa2784afb6f787533493cfe88190f71f,last,ood_metric/aupr_out_openood_auc,OOD-3,primary,up,id_train,id_test_vs_mnist,detector_declared,detector/marginal_mahalanobis_raw,mnist,far,,,,80000,C3,adamw,0.001,0.0001,0.8059751848442732,0.045189358124874734,0.805975 ± 0.045189,0.8309845706865102,0.753809729795029,0.8331312540512804
metric_contract_v1.2,c38b09694be88aa74de0741b39e9d3ba0d6ff61a,35a1a66f78dfd6255c4d804586ee6863969be78d21acec5cd0ccf00476ddaa5c,f80984d28ef9a7550633fb3aea514f783f3db1fa655a6d3f49850b10857e6afc,5742764ef3bd686abf56fbeafa222ed2fa2784afb6f787533493cfe88190f71f,last,ood_metric/aupr_out_openood_auc,OOD-3,primary,up,id_train,id_test_vs_mnist,detector_declared,detector/ncp_euclidean_raw,mnist,far,,,,80000,C3,adamw,0.001,0.0001,0.952203227179314,0.005478690762650715,0.952203 ± 0.005479,0.9544901559746214,0.9561679444529255,0.9459515811103951
metric_contract_v1.2,c38b09694be88aa74de0741b39e9d3ba0d6ff61a,35a1a66f78dfd6255c4d804586ee6863969be78d21acec5cd0ccf00476ddaa5c,f80984d28ef9a7550633fb3aea514f783f3db1fa655a6d3f49850b10857e6afc,5742764ef3bd686abf56fbeafa222ed2fa2784afb6f787533493cfe88190f71f,last,ood_metric/aupr_out_openood_auc,OOD-3,primary,up,id_train,id_test_vs_mnist,detector_declared,detector/neco_author_std_dim100,mnist,far,,,,80000,C3,adamw,0.001,0.0001,0.9664957827891154,0.007497625682901584,0.966496 ± 0.007498,0.9730745076061879,0.9583325435133582,0.9680802972478
metric_contract_v1.2,c38b09694be88aa74de0741b39e9d3ba0d6ff61a,35a1a66f78dfd6255c4d804586ee6863969be78d21acec5cd0ccf00476ddaa5c,f80984d28ef9a7550633fb3aea514f783f3db1fa655a6d3f49850b10857e6afc,5742764ef3bd686abf56fbeafa222ed2fa2784afb6f787533493cfe88190f71f,last,ood_metric/aupr_out_openood_auc,OOD-3,primary,up,id_train,id_test_vs_mnist,detector_declared,detector/relative_mahalanobis_pp,mnist,far,,,,80000,C3,adamw,0.001,0.0001,0.9751563651030611,0.0008310451562412772,0.975156 ± 0.000831,0.9745748602941919,0.9761081962998182,0.974786038715173
metric_contract_v1.2,c38b09694be88aa74de0741b39e9d3ba0d6ff61a,35a1a66f78dfd6255c4d804586ee6863969be78d21acec5cd0ccf00476ddaa5c,f80984d28ef9a7550633fb3aea514f783f3db1fa655a6d3f49850b10857e6afc,5742764ef3bd686abf56fbeafa222ed2fa2784afb6f787533493cfe88190f71f,last,ood_metric/aupr_out_openood_auc,OOD-3,primary,up,id_train,id_test_vs_mnist,detector_declared,detector/relative_mahalanobis_raw,mnist,far,,,,80000,C3,adamw,0.001,0.0001,0.978148269997028,0.0031974825830771657,0.978148 ± 0.003197,0.9793210110686338,0.9805937971595831,0.9745300017628671
metric_contract_v1.2,c38b09694be88aa74de0741b39e9d3ba0d6ff61a,35a1a66f78dfd6255c4d804586ee6863969be78d21acec5cd0ccf00476ddaa5c,f80984d28ef9a7550633fb3aea514f783f3db1fa655a6d3f49850b10857e6afc,5742764ef3bd686abf56fbeafa222ed2fa2784afb6f787533493cfe88190f71f,last,ood_metric/aupr_out_openood_auc,OOD-3,primary,up,id_train,id_test_vs_mnist,detector_declared,detector/vim_author_dim,mnist,far,,,,80000,C3,adamw,0.001,0.0001,0.9776669350825388,0.005241979658302346,0.977667 ± 0.005242,0.9804973846956218,0.9716181622856443,0.9808852582663504
metric_contract_v1.2,c38b09694be88aa74de0741b39e9d3ba0d6ff61a,35a1a66f78dfd6255c4d804586ee6863969be78d21acec5cd0ccf00476ddaa5c,f80984d28ef9a7550633fb3aea514f783f3db1fa655a6d3f49850b10857e6afc,5742764ef3bd686abf56fbeafa222ed2fa2784afb6f787533493cfe88190f71f,last,ood_metric/aupr_out_openood_auc,OOD-3,primary,up,id_train,id_test_vs_mnist,detector_declared,detector/vim_dim128,mnist,far,,,,80000,C3,adamw,0.001,0.0001,0.9791695227489542,0.004177253676490334,0.979170 ± 0.004177,0.9822635125413939,0.9744178642742972,0.9808271914311714
metric_contract_v1.2,c38b09694be88aa74de0741b39e9d3ba0d6ff61a,35a1a66f78dfd6255c4d804586ee6863969be78d21acec5cd0ccf00476ddaa5c,f80984d28ef9a7550633fb3aea514f783f3db1fa655a6d3f49850b10857e6afc,5742764ef3bd686abf56fbeafa222ed2fa2784afb6f787533493cfe88190f71f,last,ood_metric/aupr_out_openood_auc,OOD-3,primary,up,id_train,id_test_vs_mnist,detector_declared,detector/vim_dim256,mnist,far,,,,80000,C3,adamw,0.001,0.0001,0.9779715492997596,0.004855293222529093,0.977972 ± 0.004855,0.9809202546930933,0.9723677021238337,0.9806266910823517
metric_contract_v1.2,c38b09694be88aa74de0741b39e9d3ba0d6ff61a,35a1a66f78dfd6255c4d804586ee6863969be78d21acec5cd0ccf00476ddaa5c,f80984d28ef9a7550633fb3aea514f783f3db1fa655a6d3f49850b10857e6afc,5742764ef3bd686abf56fbeafa222ed2fa2784afb6f787533493cfe88190f71f,last,ood_metric/aupr_out_openood_auc,OOD-3,primary,up,id_train,id_test_vs_mnist,detector_declared,detector/vim_dim320,mnist,far,,,,80000,C3,adamw,0.001,0.0001,0.9776669350825388,0.005241979658302346,0.977667 ± 0.005242,0.9804973846956218,0.9716181622856443,0.9808852582663504
metric_contract_v1.2,c38b09694be88aa74de0741b39e9d3ba0d6ff61a,35a1a66f78dfd6255c4d804586ee6863969be78d21acec5cd0ccf00476ddaa5c,f80984d28ef9a7550633fb3aea514f783f3db1fa655a6d3f49850b10857e6afc,5742764ef3bd686abf56fbeafa222ed2fa2784afb6f787533493cfe88190f71f,last,ood_metric/aupr_out_openood_auc,OOD-3,primary,up,id_train,id_test_vs_mnist,detector_declared,detector/vim_dim64,mnist,far,,,,80000,C3,adamw,0.001,0.0001,0.9790543766733437,0.005535722171805908,0.979054 ± 0.005536,0.9837362198862387,0.972944572200472,0.9804823379333201
metric_contract_v1.2,c38b09694be88aa74de0741b39e9d3ba0d6ff61a,35a1a66f78dfd6255c4d804586ee6863969be78d21acec5cd0ccf00476ddaa5c,f80984d28ef9a7550633fb3aea514f783f3db1fa655a6d3f49850b10857e6afc,5742764ef3bd686abf56fbeafa222ed2fa2784afb6f787533493cfe88190f71f,last,ood_metric/aupr_out_openood_auc,OOD-3,primary,up,id_train,id_test_vs_mnist,detector_declared,detector/weight_cosine_appendix,mnist,far,,,,80000,C3,adamw,0.001,0.0001,0.9835756345139499,0.000820315792386586,0.983576 ± 0.000820,0.9834522842543773,0.9828239791239989,0.9844506401634737
metric_contract_v1.2,c38b09694be88aa74de0741b39e9d3ba0d6ff61a,35a1a66f78dfd6255c4d804586ee6863969be78d21acec5cd0ccf00476ddaa5c,f80984d28ef9a7550633fb3aea514f783f3db1fa655a6d3f49850b10857e6afc,5742764ef3bd686abf56fbeafa222ed2fa2784afb6f787533493cfe88190f71f,last,ood_metric/aupr_out_openood_auc,OOD-3,primary,up,,id_test_vs_mnist,detector_declared,ood_score/energy_t1,mnist,far,,,,80000,C3,adamw,0.001,0.0001,0.9852433129831919,0.0006772684596417158,0.985243 ± 0.000677,0.985669281513564,0.9855983125864167,0.984462344849595
metric_contract_v1.2,c38b09694be88aa74de0741b39e9d3ba0d6ff61a,35a1a66f78dfd6255c4d804586ee6863969be78d21acec5cd0ccf00476ddaa5c,f80984d28ef9a7550633fb3aea514f783f3db1fa655a6d3f49850b10857e6afc,5742764ef3bd686abf56fbeafa222ed2fa2784afb6f787533493cfe88190f71f,last,ood_metric/aupr_out_openood_auc,OOD-3,primary,up,,id_test_vs_mnist,detector_declared,ood_score/max_logit,mnist,far,,,,80000,C3,adamw,0.001,0.0001,0.985437930521118,0.0007022645235056922,0.985438 ± 0.000702,0.9858975643883924,0.9857866704057932,0.9846295567691687
metric_contract_v1.2,c38b09694be88aa74de0741b39e9d3ba0d6ff61a,35a1a66f78dfd6255c4d804586ee6863969be78d21acec5cd0ccf00476ddaa5c,f80984d28ef9a7550633fb3aea514f783f3db1fa655a6d3f49850b10857e6afc,5742764ef3bd686abf56fbeafa222ed2fa2784afb6f787533493cfe88190f71f,last,ood_metric/aupr_out_openood_auc,OOD-3,primary,up,,id_test_vs_mnist,detector_declared,ood_score/msp,mnist,far,,,,80000,C3,adamw,0.001,0.0001,0.9792347153940796,0.0021588116049387003,0.979235 ± 0.002159,0.9810096449834615,0.9798630626788267,0.9768314385199506
metric_contract_v1.2,c38b09694be88aa74de0741b39e9d3ba0d6ff61a,35a1a66f78dfd6255c4d804586ee6863969be78d21acec5cd0ccf00476ddaa5c,f80984d28ef9a7550633fb3aea514f783f3db1fa655a6d3f49850b10857e6afc,5742764ef3bd686abf56fbeafa222ed2fa2784afb6f787533493cfe88190f71f,last,ood_metric/auroc_id_positive,OOD-1,primary,up,id_train,id_test_vs_mnist,detector_declared,detector/ctm_prototype_cosine,mnist,far,,,,80000,C3,adamw,0.001,0.0001,0.8989923847619048,0.010701789903231106,0.898992 ± 0.010702,0.9106421642857143,0.8895981414285714,0.8967368485714285
metric_contract_v1.2,c38b09694be88aa74de0741b39e9d3ba0d6ff61a,35a1a66f78dfd6255c4d804586ee6863969be78d21acec5cd0ccf00476ddaa5c,f80984d28ef9a7550633fb3aea514f783f3db1fa655a6d3f49850b10857e6afc,5742764ef3bd686abf56fbeafa222ed2fa2784afb6f787533493cfe88190f71f,last,ood_metric/auroc_id_positive,OOD-1,primary,up,id_train,id_test_vs_mnist,detector_declared,detector/gda_class_density,mnist,far,,,,80000,C3,adamw,0.001,0.0001,0.8001532957142857,0.06647609301053749,0.800153 ± 0.066476,0.8303103728571428,0.7239438814285714,0.8462056328571429
metric_contract_v1.2,c38b09694be88aa74de0741b39e9d3ba0d6ff61a,35a1a66f78dfd6255c4d804586ee6863969be78d21acec5cd0ccf00476ddaa5c,f80984d28ef9a7550633fb3aea514f783f3db1fa655a6d3f49850b10857e6afc,5742764ef3bd686abf56fbeafa222ed2fa2784afb6f787533493cfe88190f71f,last,ood_metric/auroc_id_positive,OOD-1,primary,up,id_train,id_test_vs_mnist,detector_declared,detector/knn_l2_k50,mnist,far,,,,80000,C3,adamw,0.001,0.0001,0.9277787285714286,0.009038575207483268,0.927779 ± 0.009039,0.9382048171428572,0.92215538,0.9229759885714286
metric_contract_v1.2,c38b09694be88aa74de0741b39e9d3ba0d6ff61a,35a1a66f78dfd6255c4d804586ee6863969be78d21acec5cd0ccf00476ddaa5c,f80984d28ef9a7550633fb3aea514f783f3db1fa655a6d3f49850b10857e6afc,5742764ef3bd686abf56fbeafa222ed2fa2784afb6f787533493cfe88190f71f,last,ood_metric/auroc_id_positive,OOD-1,primary,up,id_train,id_test_vs_mnist,detector_declared,detector/mahalanobis_pp,mnist,far,,,,80000,C3,adamw,0.001,0.0001,0.9221446171428571,0.039926051922557965,0.922145 ± 0.039926,0.9549868528571428,0.9337436757142858,0.8777033228571429
metric_contract_v1.2,c38b09694be88aa74de0741b39e9d3ba0d6ff61a,35a1a66f78dfd6255c4d804586ee6863969be78d21acec5cd0ccf00476ddaa5c,f80984d28ef9a7550633fb3aea514f783f3db1fa655a6d3f49850b10857e6afc,5742764ef3bd686abf56fbeafa222ed2fa2784afb6f787533493cfe88190f71f,last,ood_metric/auroc_id_positive,OOD-1,primary,up,id_train,id_test_vs_mnist,detector_declared,detector/mahalanobis_raw,mnist,far,,,,80000,C3,adamw,0.001,0.0001,0.44937920190476194,0.1338801481929004,0.449379 ± 0.133880,0.5123205842857143,0.2956273557142857,0.5401896657142857
metric_contract_v1.2,c38b09694be88aa74de0741b39e9d3ba0d6ff61a,35a1a66f78dfd6255c4d804586ee6863969be78d21acec5cd0ccf00476ddaa5c,f80984d28ef9a7550633fb3aea514f783f3db1fa655a6d3f49850b10857e6afc,5742764ef3bd686abf56fbeafa222ed2fa2784afb6f787533493cfe88190f71f,last,ood_metric/auroc_id_positive,OOD-1,primary,up,id_train,id_test_vs_mnist,detector_declared,detector/marginal_mahalanobis_raw,mnist,far,,,,80000,C3,adamw,0.001,0.0001,0.3493884180952381,0.13262031244711392,0.349388 ± 0.132620,0.40998819999999997,0.19729404000000003,0.44088301428571425
metric_contract_v1.2,c38b09694be88aa74de0741b39e9d3ba0d6ff61a,35a1a66f78dfd6255c4d804586ee6863969be78d21acec5cd0ccf00476ddaa5c,f80984d28ef9a7550633fb3aea514f783f3db1fa655a6d3f49850b10857e6afc,5742764ef3bd686abf56fbeafa222ed2fa2784afb6f787533493cfe88190f71f,last,ood_metric/auroc_id_positive,OOD-1,primary,up,id_train,id_test_vs_mnist,detector_declared,detector/ncp_euclidean_raw,mnist,far,,,,80000,C3,adamw,0.001,0.0001,0.8158361523809523,0.019239228367102495,0.815836 ± 0.019239,0.8225078642857142,0.8308514300000001,0.7941491628571428
metric_contract_v1.2,c38b09694be88aa74de0741b39e9d3ba0d6ff61a,35a1a66f78dfd6255c4d804586ee6863969be78d21acec5cd0ccf00476ddaa5c,f80984d28ef9a7550633fb3aea514f783f3db1fa655a6d3f49850b10857e6afc,5742764ef3bd686abf56fbeafa222ed2fa2784afb6f787533493cfe88190f71f,last,ood_metric/auroc_id_positive,OOD-1,primary,up,id_train,id_test_vs_mnist,detector_declared,detector/neco_author_std_dim100,mnist,far,,,,80000,C3,adamw,0.001,0.0001,0.8779256261904761,0.02298044020209506,0.877926 ± 0.022980,0.9033627799999999,0.8586638057142858,0.8717502928571428
metric_contract_v1.2,c38b09694be88aa74de0741b39e9d3ba0d6ff61a,35a1a66f78dfd6255c4d804586ee6863969be78d21acec5cd0ccf00476ddaa5c,f80984d28ef9a7550633fb3aea514f783f3db1fa655a6d3f49850b10857e6afc,5742764ef3bd686abf56fbeafa222ed2fa2784afb6f787533493cfe88190f71f,last,ood_metric/auroc_id_positive,OOD-1,primary,up,id_train,id_test_vs_mnist,detector_declared,detector/relative_mahalanobis_pp,mnist,far,,,,80000,C3,adamw,0.001,0.0001,0.8835733676190477,0.0030464718724888045,0.883573 ± 0.003046,0.8825774842857144,0.8869931499999999,0.8811494685714286
metric_contract_v1.2,c38b09694be88aa74de0741b39e9d3ba0d6ff61a,35a1a66f78dfd6255c4d804586ee6863969be78d21acec5cd0ccf00476ddaa5c,f80984d28ef9a7550633fb3aea514f783f3db1fa655a6d3f49850b10857e6afc,5742764ef3bd686abf56fbeafa222ed2fa2784afb6f787533493cfe88190f71f,last,ood_metric/auroc_id_positive,OOD-1,primary,up,id_train,id_test_vs_mnist,detector_declared,detector/relative_mahalanobis_raw,mnist,far,,,,80000,C3,adamw,0.001,0.0001,0.8957631561904762,0.015555713636123394,0.895763 ± 0.015556,0.9016333642857143,0.9075296071428571,0.8781264971428571
metric_contract_v1.2,c38b09694be88aa74de0741b39e9d3ba0d6ff61a,35a1a66f78dfd6255c4d804586ee6863969be78d21acec5cd0ccf00476ddaa5c,f80984d28ef9a7550633fb3aea514f783f3db1fa655a6d3f49850b10857e6afc,5742764ef3bd686abf56fbeafa222ed2fa2784afb6f787533493cfe88190f71f,last,ood_metric/auroc_id_positive,OOD-1,primary,up,id_train,id_test_vs_mnist,detector_declared,detector/vim_author_dim,mnist,far,,,,80000,C3,adamw,0.001,0.0001,0.9164060923809524,0.010276262477318237,0.916406 ± 0.010276,0.9251319914285715,0.9050792657142857,0.91900702
metric_contract_v1.2,c38b09694be88aa74de0741b39e9d3ba0d6ff61a,35a1a66f78dfd6255c4d804586ee6863969be78d21acec5cd0ccf00476ddaa5c,f80984d28ef9a7550633fb3aea514f783f3db1fa655a6d3f49850b10857e6afc,5742764ef3bd686abf56fbeafa222ed2fa2784afb6f787533493cfe88190f71f,last,ood_metric/auroc_id_positive,OOD-1,primary,up,id_train,id_test_vs_mnist,detector_declared,detector/vim_dim128,mnist,far,,,,80000,C3,adamw,0.001,0.0001,0.9217069585714285,0.00839369859155298,0.921707 ± 0.008394,0.9305521314285714,0.9138527014285714,0.9207160428571428
metric_contract_v1.2,c38b09694be88aa74de0741b39e9d3ba0d6ff61a,35a1a66f78dfd6255c4d804586ee6863969be78d21acec5cd0ccf00476ddaa5c,f80984d28ef9a7550633fb3aea514f783f3db1fa655a6d3f49850b10857e6afc,5742764ef3bd686abf56fbeafa222ed2fa2784afb6f787533493cfe88190f71f,last,ood_metric/auroc_id_positive,OOD-1,primary,up,id_train,id_test_vs_mnist,detector_declared,detector/vim_dim256,mnist,far,,,,80000,C3,adamw,0.001,0.0001,0.9176471552380953,0.010011787909688728,0.917647 ± 0.010012,0.9272748399999999,0.9072910514285715,0.9183755742857143
metric_contract_v1.2,c38b09694be88aa74de0741b39e9d3ba0d6ff61a,35a1a66f78dfd6255c4d804586ee6863969be78d21acec5cd0ccf00476ddaa5c,f80984d28ef9a7550633fb3aea514f783f3db1fa655a6d3f49850b10857e6afc,5742764ef3bd686abf56fbeafa222ed2fa2784afb6f787533493cfe88190f71f,last,ood_metric/auroc_id_positive,OOD-1,primary,up,id_train,id_test_vs_mnist,detector_declared,detector/vim_dim320,mnist,far,,,,80000,C3,adamw,0.001,0.0001,0.9164060923809524,0.010276262477318237,0.916406 ± 0.010276,0.9251319914285715,0.9050792657142857,0.91900702
metric_contract_v1.2,c38b09694be88aa74de0741b39e9d3ba0d6ff61a,35a1a66f78dfd6255c4d804586ee6863969be78d21acec5cd0ccf00476ddaa5c,f80984d28ef9a7550633fb3aea514f783f3db1fa655a6d3f49850b10857e6afc,5742764ef3bd686abf56fbeafa222ed2fa2784afb6f787533493cfe88190f71f,last,ood_metric/auroc_id_positive,OOD-1,primary,up,id_train,id_test_vs_mnist,detector_declared,detector/vim_dim64,mnist,far,,,,80000,C3,adamw,0.001,0.0001,0.9203120238095238,0.012809048365306868,0.920312 ± 0.012809,0.93391234,0.9084774571428571,0.9185462742857143
metric_contract_v1.2,c38b09694be88aa74de0741b39e9d3ba0d6ff61a,35a1a66f78dfd6255c4d804586ee6863969be78d21acec5cd0ccf00476ddaa5c,f80984d28ef9a7550633fb3aea514f783f3db1fa655a6d3f49850b10857e6afc,5742764ef3bd686abf56fbeafa222ed2fa2784afb6f787533493cfe88190f71f,last,ood_metric/auroc_id_positive,OOD-1,primary,up,id_train,id_test_vs_mnist,detector_declared,detector/weight_cosine_appendix,mnist,far,,,,80000,C3,adamw,0.001,0.0001,0.926183002857143,0.002741380981433567,0.926183 ± 0.002741,0.9260189857142858,0.9235273128571428,0.9290027100000001
metric_contract_v1.2,c38b09694be88aa74de0741b39e9d3ba0d6ff61a,35a1a66f78dfd6255c4d804586ee6863969be78d21acec5cd0ccf00476ddaa5c,f80984d28ef9a7550633fb3aea514f783f3db1fa655a6d3f49850b10857e6afc,5742764ef3bd686abf56fbeafa222ed2fa2784afb6f787533493cfe88190f71f,last,ood_metric/auroc_id_positive,OOD-1,primary,up,,id_test_vs_mnist,detector_declared,ood_score/energy_t1,mnist,far,,,,80000,C3,adamw,0.001,0.0001,0.9403790333333332,0.007291649846790472,0.940379 ± 0.007292,0.9431481828571429,0.94588046,0.9321084571428571
metric_contract_v1.2,c38b09694be88aa74de0741b39e9d3ba0d6ff61a,35a1a66f78dfd6255c4d804586ee6863969be78d21acec5cd0ccf00476ddaa5c,f80984d28ef9a7550633fb3aea514f783f3db1fa655a6d3f49850b10857e6afc,5742764ef3bd686abf56fbeafa222ed2fa2784afb6f787533493cfe88190f71f,last,ood_metric/auroc_id_positive,OOD-1,primary,up,,id_test_vs_mnist,detector_declared,ood_score/max_logit,mnist,far,,,,80000,C3,adamw,0.001,0.0001,0.9401921233333335,0.007326945888233736,0.940192 ± 0.007327,0.9430338607142859,0.945672525,0.9318699842857143
metric_contract_v1.2,c38b09694be88aa74de0741b39e9d3ba0d6ff61a,35a1a66f78dfd6255c4d804586ee6863969be78d21acec5cd0ccf00476ddaa5c,f80984d28ef9a7550633fb3aea514f783f3db1fa655a6d3f49850b10857e6afc,5742764ef3bd686abf56fbeafa222ed2fa2784afb6f787533493cfe88190f71f,last,ood_metric/auroc_id_positive,OOD-1,primary,up,,id_test_vs_mnist,detector_declared,ood_score/msp,mnist,far,,,,80000,C3,adamw,0.001,0.0001,0.9102111728571428,0.010303567048609389,0.910211 ± 0.010304,0.9173232521428571,0.9149151114285714,0.898395155
metric_contract_v1.2,c38b09694be88aa74de0741b39e9d3ba0d6ff61a,35a1a66f78dfd6255c4d804586ee6863969be78d21acec5cd0ccf00476ddaa5c,f80984d28ef9a7550633fb3aea514f783f3db1fa655a6d3f49850b10857e6afc,5742764ef3bd686abf56fbeafa222ed2fa2784afb6f787533493cfe88190f71f,last,ood_metric/fpr95_achieved_id_tpr,OOD-4,appendix,descriptive,id_train,id_test_vs_mnist,detector_declared,detector/ctm_prototype_cosine,mnist,far,,,,80000,C3,adamw,0.001,0.0001,0.9499999999999998,1.3597399555105182e-16,0.950000 ± 0.000000,0.95,0.95,0.95
metric_contract_v1.2,c38b09694be88aa74de0741b39e9d3ba0d6ff61a,35a1a66f78dfd6255c4d804586ee6863969be78d21acec5cd0ccf00476ddaa5c,f80984d28ef9a7550633fb3aea514f783f3db1fa655a6d3f49850b10857e6afc,5742764ef3bd686abf56fbeafa222ed2fa2784afb6f787533493cfe88190f71f,last,ood_metric/fpr95_achieved_id_tpr,OOD-4,appendix,descriptive,id_train,id_test_vs_mnist,detector_declared,detector/gda_class_density,mnist,far,,,,80000,C3,adamw,0.001,0.0001,0.9499999999999998,1.3597399555105182e-16,0.950000 ± 0.000000,0.95,0.95,0.95
metric_contract_v1.2,c38b09694be88aa74de0741b39e9d3ba0d6ff61a,35a1a66f78dfd6255c4d804586ee6863969be78d21acec5cd0ccf00476ddaa5c,f80984d28ef9a7550633fb3aea514f783f3db1fa655a6d3f49850b10857e6afc,5742764ef3bd686abf56fbeafa222ed2fa2784afb6f787533493cfe88190f71f,last,ood_metric/fpr95_achieved_id_tpr,OOD-4,appendix,descriptive,id_train,id_test_vs_mnist,detector_declared,detector/knn_l2_k50,mnist,far,,,,80000,C3,adamw,0.001,0.0001,0.9499999999999998,1.3597399555105182e-16,0.950000 ± 0.000000,0.95,0.95,0.95
metric_contract_v1.2,c38b09694be88aa74de0741b39e9d3ba0d6ff61a,35a1a66f78dfd6255c4d804586ee6863969be78d21acec5cd0ccf00476ddaa5c,f80984d28ef9a7550633fb3aea514f783f3db1fa655a6d3f49850b10857e6afc,5742764ef3bd686abf56fbeafa222ed2fa2784afb6f787533493cfe88190f71f,last,ood_metric/fpr95_achieved_id_tpr,OOD-4,appendix,descriptive,id_train,id_test_vs_mnist,detector_declared,detector/mahalanobis_pp,mnist,far,,,,80000,C3,adamw,0.001,0.0001,0.9499999999999998,1.3597399555105182e-16,0.950000 ± 0.000000,0.95,0.95,0.95
metric_contract_v1.2,c38b09694be88aa74de0741b39e9d3ba0d6ff61a,35a1a66f78dfd6255c4d804586ee6863969be78d21acec5cd0ccf00476ddaa5c,f80984d28ef9a7550633fb3aea514f783f3db1fa655a6d3f49850b10857e6afc,5742764ef3bd686abf56fbeafa222ed2fa2784afb6f787533493cfe88190f71f,last,ood_metric/fpr95_achieved_id_tpr,OOD-4,appendix,descriptive,id_train,id_test_vs_mnist,detector_declared,detector/mahalanobis_raw,mnist,far,,,,80000,C3,adamw,0.001,0.0001,0.9499999999999998,1.3597399555105182e-16,0.950000 ± 0.000000,0.95,0.95,0.95
metric_contract_v1.2,c38b09694be88aa74de0741b39e9d3ba0d6ff61a,35a1a66f78dfd6255c4d804586ee6863969be78d21acec5cd0ccf00476ddaa5c,f80984d28ef9a7550633fb3aea514f783f3db1fa655a6d3f49850b10857e6afc,5742764ef3bd686abf56fbeafa222ed2fa2784afb6f787533493cfe88190f71f,last,ood_metric/fpr95_achieved_id_tpr,OOD-4,appendix,descriptive,id_train,id_test_vs_mnist,detector_declared,detector/marginal_mahalanobis_raw,mnist,far,,,,80000,C3,adamw,0.001,0.0001,0.9499999999999998,1.3597399555105182e-16,0.950000 ± 0.000000,0.95,0.95,0.95
metric_contract_v1.2,c38b09694be88aa74de0741b39e9d3ba0d6ff61a,35a1a66f78dfd6255c4d804586ee6863969be78d21acec5cd0ccf00476ddaa5c,f80984d28ef9a7550633fb3aea514f783f3db1fa655a6d3f49850b10857e6afc,5742764ef3bd686abf56fbeafa222ed2fa2784afb6f787533493cfe88190f71f,last,ood_metric/fpr95_achieved_id_tpr,OOD-4,appendix,descriptive,id_train,id_test_vs_mnist,detector_declared,detector/ncp_euclidean_raw,mnist,far,,,,80000,C3,adamw,0.001,0.0001,0.9499999999999998,1.3597399555105182e-16,0.950000 ± 0.000000,0.95,0.95,0.95
metric_contract_v1.2,c38b09694be88aa74de0741b39e9d3ba0d6ff61a,35a1a66f78dfd6255c4d804586ee6863969be78d21acec5cd0ccf00476ddaa5c,f80984d28ef9a7550633fb3aea514f783f3db1fa655a6d3f49850b10857e6afc,5742764ef3bd686abf56fbeafa222ed2fa2784afb6f787533493cfe88190f71f,last,ood_metric/fpr95_achieved_id_tpr,OOD-4,appendix,descriptive,id_train,id_test_vs_mnist,detector_declared,detector/neco_author_std_dim100,mnist,far,,,,80000,C3,adamw,0.001,0.0001,0.9499999999999998,1.3597399555105182e-16,0.950000 ± 0.000000,0.95,0.95,0.95
metric_contract_v1.2,c38b09694be88aa74de0741b39e9d3ba0d6ff61a,35a1a66f78dfd6255c4d804586ee6863969be78d21acec5cd0ccf00476ddaa5c,f80984d28ef9a7550633fb3aea514f783f3db1fa655a6d3f49850b10857e6afc,5742764ef3bd686abf56fbeafa222ed2fa2784afb6f787533493cfe88190f71f,last,ood_metric/fpr95_achieved_id_tpr,OOD-4,appendix,descriptive,id_train,id_test_vs_mnist,detector_declared,detector/relative_mahalanobis_pp,mnist,far,,,,80000,C3,adamw,0.001,0.0001,0.9499999999999998,1.3597399555105182e-16,0.950000 ± 0.000000,0.95,0.95,0.95
metric_contract_v1.2,c38b09694be88aa74de0741b39e9d3ba0d6ff61a,35a1a66f78dfd6255c4d804586ee6863969be78d21acec5cd0ccf00476ddaa5c,f80984d28ef9a7550633fb3aea514f783f3db1fa655a6d3f49850b10857e6afc,5742764ef3bd686abf56fbeafa222ed2fa2784afb6f787533493cfe88190f71f,last,ood_metric/fpr95_achieved_id_tpr,OOD-4,appendix,descriptive,id_train,id_test_vs_mnist,detector_declared,detector/relative_mahalanobis_raw,mnist,far,,,,80000,C3,adamw,0.001,0.0001,0.9499999999999998,1.3597399555105182e-16,0.950000 ± 0.000000,0.95,0.95,0.95
metric_contract_v1.2,c38b09694be88aa74de0741b39e9d3ba0d6ff61a,35a1a66f78dfd6255c4d804586ee6863969be78d21acec5cd0ccf00476ddaa5c,f80984d28ef9a7550633fb3aea514f783f3db1fa655a6d3f49850b10857e6afc,5742764ef3bd686abf56fbeafa222ed2fa2784afb6f787533493cfe88190f71f,last,ood_metric/fpr95_achieved_id_tpr,OOD-4,appendix,descriptive,id_train,id_test_vs_mnist,detector_declared,detector/vim_author_dim,mnist,far,,,,80000,C3,adamw,0.001,0.0001,0.9499999999999998,1.3597399555105182e-16,0.950000 ± 0.000000,0.95,0.95,0.95
metric_contract_v1.2,c38b09694be88aa74de0741b39e9d3ba0d6ff61a,35a1a66f78dfd6255c4d804586ee6863969be78d21acec5cd0ccf00476ddaa5c,f80984d28ef9a7550633fb3aea514f783f3db1fa655a6d3f49850b10857e6afc,5742764ef3bd686abf56fbeafa222ed2fa2784afb6f787533493cfe88190f71f,last,ood_metric/fpr95_achieved_id_tpr,OOD-4,appendix,descriptive,id_train,id_test_vs_mnist,detector_declared,detector/vim_dim128,mnist,far,,,,80000,C3,adamw,0.001,0.0001,0.9499999999999998,1.3597399555105182e-16,0.950000 ± 0.000000,0.95,0.95,0.95
metric_contract_v1.2,c38b09694be88aa74de0741b39e9d3ba0d6ff61a,35a1a66f78dfd6255c4d804586ee6863969be78d21acec5cd0ccf00476ddaa5c,f80984d28ef9a7550633fb3aea514f783f3db1fa655a6d3f49850b10857e6afc,5742764ef3bd686abf56fbeafa222ed2fa2784afb6f787533493cfe88190f71f,last,ood_metric/fpr95_achieved_id_tpr,OOD-4,appendix,descriptive,id_train,id_test_vs_mnist,detector_declared,detector/vim_dim256,mnist,far,,,,80000,C3,adamw,0.001,0.0001,0.9499999999999998,1.3597399555105182e-16,0.950000 ± 0.000000,0.95,0.95,0.95
metric_contract_v1.2,c38b09694be88aa74de0741b39e9d3ba0d6ff61a,35a1a66f78dfd6255c4d804586ee6863969be78d21acec5cd0ccf00476ddaa5c,f80984d28ef9a7550633fb3aea514f783f3db1fa655a6d3f49850b10857e6afc,5742764ef3bd686abf56fbeafa222ed2fa2784afb6f787533493cfe88190f71f,last,ood_metric/fpr95_achieved_id_tpr,OOD-4,appendix,descriptive,id_train,id_test_vs_mnist,detector_declared,detector/vim_dim320,mnist,far,,,,80000,C3,adamw,0.001,0.0001,0.9499999999999998,1.3597399555105182e-16,0.950000 ± 0.000000,0.95,0.95,0.95
metric_contract_v1.2,c38b09694be88aa74de0741b39e9d3ba0d6ff61a,35a1a66f78dfd6255c4d804586ee6863969be78d21acec5cd0ccf00476ddaa5c,f80984d28ef9a7550633fb3aea514f783f3db1fa655a6d3f49850b10857e6afc,5742764ef3bd686abf56fbeafa222ed2fa2784afb6f787533493cfe88190f71f,last,ood_metric/fpr95_achieved_id_tpr,OOD-4,appendix,descriptive,id_train,id_test_vs_mnist,detector_declared,detector/vim_dim64,mnist,far,,,,80000,C3,adamw,0.001,0.0001,0.9499999999999998,1.3597399555105182e-16,0.950000 ± 0.000000,0.95,0.95,0.95
metric_contract_v1.2,c38b09694be88aa74de0741b39e9d3ba0d6ff61a,35a1a66f78dfd6255c4d804586ee6863969be78d21acec5cd0ccf00476ddaa5c,f80984d28ef9a7550633fb3aea514f783f3db1fa655a6d3f49850b10857e6afc,5742764ef3bd686abf56fbeafa222ed2fa2784afb6f787533493cfe88190f71f,last,ood_metric/fpr95_achieved_id_tpr,OOD-4,appendix,descriptive,id_train,id_test_vs_mnist,detector_declared,detector/weight_cosine_appendix,mnist,far,,,,80000,C3,adamw,0.001,0.0001,0.9499999999999998,1.3597399555105182e-16,0.950000 ± 0.000000,0.95,0.95,0.95
metric_contract_v1.2,c38b09694be88aa74de0741b39e9d3ba0d6ff61a,35a1a66f78dfd6255c4d804586ee6863969be78d21acec5cd0ccf00476ddaa5c,f80984d28ef9a7550633fb3aea514f783f3db1fa655a6d3f49850b10857e6afc,5742764ef3bd686abf56fbeafa222ed2fa2784afb6f787533493cfe88190f71f,last,ood_metric/fpr95_achieved_id_tpr,OOD-4,appendix,descriptive,,id_test_vs_mnist,detector_declared,ood_score/energy_t1,mnist,far,,,,80000,C3,adamw,0.001,0.0001,0.9499999999999998,1.3597399555105182e-16,0.950000 ± 0.000000,0.95,0.95,0.95
metric_contract_v1.2,c38b09694be88aa74de0741b39e9d3ba0d6ff61a,35a1a66f78dfd6255c4d804586ee6863969be78d21acec5cd0ccf00476ddaa5c,f80984d28ef9a7550633fb3aea514f783f3db1fa655a6d3f49850b10857e6afc,5742764ef3bd686abf56fbeafa222ed2fa2784afb6f787533493cfe88190f71f,last,ood_metric/fpr95_achieved_id_tpr,OOD-4,appendix,descriptive,,id_test_vs_mnist,detector_declared,ood_score/max_logit,mnist,far,,,,80000,C3,adamw,0.001,0.0001,0.9499999999999998,1.3597399555105182e-16,0.950000 ± 0.000000,0.95,0.95,0.95
metric_contract_v1.2,c38b09694be88aa74de0741b39e9d3ba0d6ff61a,35a1a66f78dfd6255c4d804586ee6863969be78d21acec5cd0ccf00476ddaa5c,f80984d28ef9a7550633fb3aea514f783f3db1fa655a6d3f49850b10857e6afc,5742764ef3bd686abf56fbeafa222ed2fa2784afb6f787533493cfe88190f71f,last,ood_metric/fpr95_achieved_id_tpr,OOD-4,appendix,descriptive,,id_test_vs_mnist,detector_declared,ood_score/msp,mnist,far,,,,80000,C3,adamw,0.001,0.0001,0.9499999999999998,1.3597399555105182e-16,0.950000 ± 0.000000,0.95,0.95,0.95
metric_contract_v1.2,c38b09694be88aa74de0741b39e9d3ba0d6ff61a,35a1a66f78dfd6255c4d804586ee6863969be78d21acec5cd0ccf00476ddaa5c,f80984d28ef9a7550633fb3aea514f783f3db1fa655a6d3f49850b10857e6afc,5742764ef3bd686abf56fbeafa222ed2fa2784afb6f787533493cfe88190f71f,last,ood_metric/fpr95_id_tpr,OOD-4,primary,down,id_train,id_test_vs_mnist,detector_declared,detector/ctm_prototype_cosine,mnist,far,,,,80000,C3,adamw,0.001,0.0001,0.5445428571428571,0.044895063589373375,0.544543 ± 0.044895,0.4927142857142857,0.5695,0.5714142857142858
metric_contract_v1.2,c38b09694be88aa74de0741b39e9d3ba0d6ff61a,35a1a66f78dfd6255c4d804586ee6863969be78d21acec5cd0ccf00476ddaa5c,f80984d28ef9a7550633fb3aea514f783f3db1fa655a6d3f49850b10857e6afc,5742764ef3bd686abf56fbeafa222ed2fa2784afb6f787533493cfe88190f71f,last,ood_metric/fpr95_id_tpr,OOD-4,primary,down,id_train,id_test_vs_mnist,detector_declared,detector/gda_class_density,mnist,far,,,,80000,C3,adamw,0.001,0.0001,0.8243095238095238,0.09944922746576472,0.824310 ± 0.099449,0.8145,0.9283,0.7301285714285715
metric_contract_v1.2,c38b09694be88aa74de0741b39e9d3ba0d6ff61a,35a1a66f78dfd6255c4d804586ee6863969be78d21acec5cd0ccf00476ddaa5c,f80984d28ef9a7550633fb3aea514f783f3db1fa655a6d3f49850b10857e6afc,5742764ef3bd686abf56fbeafa222ed2fa2784afb6f787533493cfe88190f71f,last,ood_metric/fpr95_id_tpr,OOD-4,primary,down,id_train,id_test_vs_mnist,detector_declared,detector/knn_l2_k50,mnist,far,,,,80000,C3,adamw,0.001,0.0001,0.434547619047619,0.03816104524445917,0.434548 ± 0.038161,0.3906,0.4593,0.45374285714285717
metric_contract_v1.2,c38b09694be88aa74de0741b39e9d3ba0d6ff61a,35a1a66f78dfd6255c4d804586ee6863969be78d21acec5cd0ccf00476ddaa5c,f80984d28ef9a7550633fb3aea514f783f3db1fa655a6d3f49850b10857e6afc,5742764ef3bd686abf56fbeafa222ed2fa2784afb6f787533493cfe88190f71f,last,ood_metric/fpr95_id_tpr,OOD-4,primary,down,id_train,id_test_vs_mnist,detector_declared,detector/mahalanobis_pp,mnist,far,,,,80000,C3,adamw,0.001,0.0001,0.44760952380952385,0.18542156729746304,0.447610 ± 0.185422,0.28412857142857145,0.4096142857142857,0.6490857142857143
metric_contract_v1.2,c38b09694be88aa74de0741b39e9d3ba0d6ff61a,35a1a66f78dfd6255c4d804586ee6863969be78d21acec5cd0ccf00476ddaa5c,f80984d28ef9a7550633fb3aea514f783f3db1fa655a6d3f49850b10857e6afc,5742764ef3bd686abf56fbeafa222ed2fa2784afb6f787533493cfe88190f71f,last,ood_metric/fpr95_id_tpr,OOD-4,primary,down,id_train,id_test_vs_mnist,detector_declared,detector/mahalanobis_raw,mnist,far,,,,80000,C3,adamw,0.001,0.0001,0.9865809523809523,0.010186128355972848,0.986581 ± 0.010186,0.9776714285714285,0.9976857142857143,0.9843857142857143
metric_contract_v1.2,c38b09694be88aa74de0741b39e9d3ba0d6ff61a,35a1a66f78dfd6255c4d804586ee6863969be78d21acec5cd0ccf00476ddaa5c,f80984d28ef9a7550633fb3aea514f783f3db1fa655a6d3f49850b10857e6afc,5742764ef3bd686abf56fbeafa222ed2fa2784afb6f787533493cfe88190f71f,last,ood_metric/fpr95_id_tpr,OOD-4,primary,down,id_train,id_test_vs_mnist,detector_declared,detector/marginal_mahalanobis_raw,mnist,far,,,,80000,C3,adamw,0.001,0.0001,0.9927,0.005445893416331293,0.992700 ± 0.005446,0.9882857142857143,0.9987857142857143,0.9910285714285715
metric_contract_v1.2,c38b09694be88aa74de0741b39e9d3ba0d6ff61a,35a1a66f78dfd6255c4d804586ee6863969be78d21acec5cd0ccf00476ddaa5c,f80984d28ef9a7550633fb3aea514f783f3db1fa655a6d3f49850b10857e6afc,5742764ef3bd686abf56fbeafa222ed2fa2784afb6f787533493cfe88190f71f,last,ood_metric/fpr95_id_tpr,OOD-4,primary,down,id_train,id_test_vs_mnist,detector_declared,detector/ncp_euclidean_raw,mnist,far,,,,80000,C3,adamw,0.001,0.0001,0.7980999999999999,0.04093677803538485,0.798100 ± 0.040937,0.7703428571428571,0.7788428571428572,0.8451142857142857
metric_contract_v1.2,c38b09694be88aa74de0741b39e9d3ba0d6ff61a,35a1a66f78dfd6255c4d804586ee6863969be78d21acec5cd0ccf00476ddaa5c,f80984d28ef9a7550633fb3aea514f783f3db1fa655a6d3f49850b10857e6afc,5742764ef3bd686abf56fbeafa222ed2fa2784afb6f787533493cfe88190f71f,last,ood_metric/fpr95_id_tpr,OOD-4,primary,down,id_train,id_test_vs_mnist,detector_declared,detector/neco_author_std_dim100,mnist,far,,,,80000,C3,adamw,0.001,0.0001,0.7409476190476191,0.08390393599939441,0.740948 ± 0.083904,0.6794428571428571,0.8365285714285714,0.7068714285714286
metric_contract_v1.2,c38b09694be88aa74de0741b39e9d3ba0d6ff61a,35a1a66f78dfd6255c4d804586ee6863969be78d21acec5cd0ccf00476ddaa5c,f80984d28ef9a7550633fb3aea514f783f3db1fa655a6d3f49850b10857e6afc,5742764ef3bd686abf56fbeafa222ed2fa2784afb6f787533493cfe88190f71f,last,ood_metric/fpr95_id_tpr,OOD-4,primary,down,id_train,id_test_vs_mnist,detector_declared,detector/relative_mahalanobis_pp,mnist,far,,,,80000,C3,adamw,0.001,0.0001,0.6333285714285715,0.01574065320326022,0.633329 ± 0.015741,0.6420714285714286,0.6151571428571428,0.6427571428571428
metric_contract_v1.2,c38b09694be88aa74de0741b39e9d3ba0d6ff61a,35a1a66f78dfd6255c4d804586ee6863969be78d21acec5cd0ccf00476ddaa5c,f80984d28ef9a7550633fb3aea514f783f3db1fa655a6d3f49850b10857e6afc,5742764ef3bd686abf56fbeafa222ed2fa2784afb6f787533493cfe88190f71f,last,ood_metric/fpr95_id_tpr,OOD-4,primary,down,id_train,id_test_vs_mnist,detector_declared,detector/relative_mahalanobis_raw,mnist,far,,,,80000,C3,adamw,0.001,0.0001,0.5776190476190476,0.04560528373732482,0.577619 ± 0.045605,0.5526285714285715,0.5499714285714286,0.6302571428571428
metric_contract_v1.2,c38b09694be88aa74de0741b39e9d3ba0d6ff61a,35a1a66f78dfd6255c4d804586ee6863969be78d21acec5cd0ccf00476ddaa5c,f80984d28ef9a7550633fb3aea514f783f3db1fa655a6d3f49850b10857e6afc,5742764ef3bd686abf56fbeafa222ed2fa2784afb6f787533493cfe88190f71f,last,ood_metric/fpr95_id_tpr,OOD-4,primary,down,id_train,id_test_vs_mnist,detector_declared,detector/vim_author_dim,mnist,far,,,,80000,C3,adamw,0.001,0.0001,0.5624809523809523,0.09506826798796378,0.562481 ± 0.095068,0.5364857142857142,0.6678428571428572,0.4831142857142857
metric_contract_v1.2,c38b09694be88aa74de0741b39e9d3ba0d6ff61a,35a1a66f78dfd6255c4d804586ee6863969be78d21acec5cd0ccf00476ddaa5c,f80984d28ef9a7550633fb3aea514f783f3db1fa655a6d3f49850b10857e6afc,5742764ef3bd686abf56fbeafa222ed2fa2784afb6f787533493cfe88190f71f,last,ood_metric/fpr95_id_tpr,OOD-4,primary,down,id_train,id_test_vs_mnist,detector_declared,detector/vim_dim128,mnist,far,,,,80000,C3,adamw,0.001,0.0001,0.5277047619047619,0.07553154001749839,0.527705 ± 0.075532,0.4773857142857143,0.6145571428571428,0.4911714285714286
metric_contract_v1.2,c38b09694be88aa74de0741b39e9d3ba0d6ff61a,35a1a66f78dfd6255c4d804586ee6863969be78d21acec5cd0ccf00476ddaa5c,f80984d28ef9a7550633fb3aea514f783f3db1fa655a6d3f49850b10857e6afc,5742764ef3bd686abf56fbeafa222ed2fa2784afb6f787533493cfe88190f71f,last,ood_metric/fpr95_id_tpr,OOD-4,primary,down,id_train,id_test_vs_mnist,detector_declared,detector/vim_dim256,mnist,far,,,,80000,C3,adamw,0.001,0.0001,0.557152380952381,0.07855475450781006,0.557152 ± 0.078555,0.5195285714285715,0.6474428571428571,0.5044857142857143
metric_contract_v1.2,c38b09694be88aa74de0741b39e9d3ba0d6ff61a,35a1a66f78dfd6255c4d804586ee6863969be78d21acec5cd0ccf00476ddaa5c,f80984d28ef9a7550633fb3aea514f783f3db1fa655a6d3f49850b10857e6afc,5742764ef3bd686abf56fbeafa222ed2fa2784afb6f787533493cfe88190f71f,last,ood_metric/fpr95_id_tpr,OOD-4,primary,down,id_train,id_test_vs_mnist,detector_declared,detector/vim_dim320,mnist,far,,,,80000,C3,adamw,0.001,0.0001,0.5624809523809523,0.09506826798796378,0.562481 ± 0.095068,0.5364857142857142,0.6678428571428572,0.4831142857142857
metric_contract_v1.2,c38b09694be88aa74de0741b39e9d3ba0d6ff61a,35a1a66f78dfd6255c4d804586ee6863969be78d21acec5cd0ccf00476ddaa5c,f80984d28ef9a7550633fb3aea514f783f3db1fa655a6d3f49850b10857e6afc,5742764ef3bd686abf56fbeafa222ed2fa2784afb6f787533493cfe88190f71f,last,ood_metric/fpr95_id_tpr,OOD-4,primary,down,id_train,id_test_vs_mnist,detector_declared,detector/vim_dim64,mnist,far,,,,80000,C3,adamw,0.001,0.0001,0.5363476190476191,0.09267077157746073,0.536348 ± 0.092671,0.46208571428571427,0.6402,0.5067571428571429
metric_contract_v1.2,c38b09694be88aa74de0741b39e9d3ba0d6ff61a,35a1a66f78dfd6255c4d804586ee6863969be78d21acec5cd0ccf00476ddaa5c,f80984d28ef9a7550633fb3aea514f783f3db1fa655a6d3f49850b10857e6afc,5742764ef3bd686abf56fbeafa222ed2fa2784afb6f787533493cfe88190f71f,last,ood_metric/fpr95_id_tpr,OOD-4,primary,down,id_train,id_test_vs_mnist,detector_declared,detector/weight_cosine_appendix,mnist,far,,,,80000,C3,adamw,0.001,0.0001,0.4536238095238095,0.013720060788029002,0.453624 ± 0.013720,0.4585142857142857,0.46422857142857143,0.4381285714285714
metric_contract_v1.2,c38b09694be88aa74de0741b39e9d3ba0d6ff61a,35a1a66f78dfd6255c4d804586ee6863969be78d21acec5cd0ccf00476ddaa5c,f80984d28ef9a7550633fb3aea514f783f3db1fa655a6d3f49850b10857e6afc,5742764ef3bd686abf56fbeafa222ed2fa2784afb6f787533493cfe88190f71f,last,ood_metric/fpr95_id_tpr,OOD-4,primary,down,,id_test_vs_mnist,detector_declared,ood_score/energy_t1,mnist,far,,,,80000,C3,adamw,0.001,0.0001,0.40386666666666665,0.024322704322879685,0.403867 ± 0.024323,0.39152857142857145,0.3881857142857143,0.43188571428571426
metric_contract_v1.2,c38b09694be88aa74de0741b39e9d3ba0d6ff61a,35a1a66f78dfd6255c4d804586ee6863969be78d21acec5cd0ccf00476ddaa5c,f80984d28ef9a7550633fb3aea514f783f3db1fa655a6d3f49850b10857e6afc,5742764ef3bd686abf56fbeafa222ed2fa2784afb6f787533493cfe88190f71f,last,ood_metric/fpr95_id_tpr,OOD-4,primary,down,,id_test_vs_mnist,detector_declared,ood_score/max_logit,mnist,far,,,,80000,C3,adamw,0.001,0.0001,0.40467142857142857,0.02448280112692188,0.404671 ± 0.024483,0.3894714285714286,0.39162857142857144,0.4329142857142857
metric_contract_v1.2,c38b09694be88aa74de0741b39e9d3ba0d6ff61a,35a1a66f78dfd6255c4d804586ee6863969be78d21acec5cd0ccf00476ddaa5c,f80984d28ef9a7550633fb3aea514f783f3db1fa655a6d3f49850b10857e6afc,5742764ef3bd686abf56fbeafa222ed2fa2784afb6f787533493cfe88190f71f,last,ood_metric/fpr95_id_tpr,OOD-4,primary,down,,id_test_vs_mnist,detector_declared,ood_score/msp,mnist,far,,,,80000,C3,adamw,0.001,0.0001,0.6047619047619047,0.031470609331576055,0.604762 ± 0.031471,0.5754428571428571,0.6008285714285714,0.6380142857142858
metric_contract_v1.2,c38b09694be88aa74de0741b39e9d3ba0d6ff61a,35a1a66f78dfd6255c4d804586ee6863969be78d21acec5cd0ccf00476ddaa5c,f80984d28ef9a7550633fb3aea514f783f3db1fa655a6d3f49850b10857e6afc,5742764ef3bd686abf56fbeafa222ed2fa2784afb6f787533493cfe88190f71f,last,ood_metric/fpr95_threshold,OOD-4,appendix,descriptive,id_train,id_test_vs_mnist,detector_declared,detector/ctm_prototype_cosine,mnist,far,,,,80000,C3,adamw,0.001,0.0001,0.8256673407198621,0.0041921311557351,0.825667 ± 0.004192,0.8254020047897178,0.8299858373078016,0.8216141800620669
metric_contract_v1.2,c38b09694be88aa74de0741b39e9d3ba0d6ff61a,35a1a66f78dfd6255c4d804586ee6863969be78d21acec5cd0ccf00476ddaa5c,f80984d28ef9a7550633fb3aea514f783f3db1fa655a6d3f49850b10857e6afc,5742764ef3bd686abf56fbeafa222ed2fa2784afb6f787533493cfe88190f71f,last,ood_metric/fpr95_threshold,OOD-4,appendix,descriptive,id_train,id_test_vs_mnist,detector_declared,detector/gda_class_density,mnist,far,,,,80000,C3,adamw,0.001,0.0001,763.5090089187696,16.0641498930455,763.509009 ± 16.064150,762.217317980956,780.1800084486242,748.1297003267287
metric_contract_v1.2,c38b09694be88aa74de0741b39e9d3ba0d6ff61a,35a1a66f78dfd6255c4d804586ee6863969be78d21acec5cd0ccf00476ddaa5c,f80984d28ef9a7550633fb3aea514f783f3db1fa655a6d3f49850b10857e6afc,5742764ef3bd686abf56fbeafa222ed2fa2784afb6f787533493cfe88190f71f,last,ood_metric/fpr95_threshold,OOD-4,appendix,descriptive,id_train,id_test_vs_mnist,detector_declared,detector/knn_l2_k50,mnist,far,,,,80000,C3,adamw,0.001,0.0001,-0.21776738697142814,0.0026390285078602494,-0.217767 ± 0.002639,-0.21835534818440339,-0.21488396672008941,-0.22006284600979162
metric_contract_v1.2,c38b09694be88aa74de0741b39e9d3ba0d6ff61a,35a1a66f78dfd6255c4d804586ee6863969be78d21acec5cd0ccf00476ddaa5c,f80984d28ef9a7550633fb3aea514f783f3db1fa655a6d3f49850b10857e6afc,5742764ef3bd686abf56fbeafa222ed2fa2784afb6f787533493cfe88190f71f,last,ood_metric/fpr95_threshold,OOD-4,appendix,descriptive,id_train,id_test_vs_mnist,detector_declared,detector/mahalanobis_pp,mnist,far,,,,80000,C3,adamw,0.001,0.0001,-1213.215659806423,24.444298610877293,-1213.215660 ± 24.444299,-1232.9608990907952,-1185.8754164340353,-1220.8106638944382
metric_contract_v1.2,c38b09694be88aa74de0741b39e9d3ba0d6ff61a,35a1a66f78dfd6255c4d804586ee6863969be78d21acec5cd0ccf00476ddaa5c,f80984d28ef9a7550633fb3aea514f783f3db1fa655a6d3f49850b10857e6afc,5742764ef3bd686abf56fbeafa222ed2fa2784afb6f787533493cfe88190f71f,last,ood_metric/fpr95_threshold,OOD-4,appendix,descriptive,id_train,id_test_vs_mnist,detector_declared,detector/mahalanobis_raw,mnist,far,,,,80000,C3,adamw,0.001,0.0001,-956.0345463589168,0.07646645106126916,-956.034546 ± 0.076466,-956.0664766669471,-956.089872576818,-955.9472898329852
metric_contract_v1.2,c38b09694be88aa74de0741b39e9d3ba0d6ff61a,35a1a66f78dfd6255c4d804586ee6863969be78d21acec5cd0ccf00476ddaa5c,f80984d28ef9a7550633fb3aea514f783f3db1fa655a6d3f49850b10857e6afc,5742764ef3bd686abf56fbeafa222ed2fa2784afb6f787533493cfe88190f71f,last,ood_metric/fpr95_threshold,OOD-4,appendix,descriptive,id_train,id_test_vs_mnist,detector_declared,detector/marginal_mahalanobis_raw,mnist,far,,,,80000,C3,adamw,0.001,0.0001,-942.8622237021656,1.3841940188102264,-942.862224 ± 1.384194,-943.027508597693,-944.1563542056153,-941.4028083031885
metric_contract_v1.2,c38b09694be88aa74de0741b39e9d3ba0d6ff61a,35a1a66f78dfd6255c4d804586ee6863969be78d21acec5cd0ccf00476ddaa5c,f80984d28ef9a7550633fb3aea514f783f3db1fa655a6d3f49850b10857e6afc,5742764ef3bd686abf56fbeafa222ed2fa2784afb6f787533493cfe88190f71f,last,ood_metric/fpr95_threshold,OOD-4,appendix,descriptive,id_train,id_test_vs_mnist,detector_declared,detector/ncp_euclidean_raw,mnist,far,,,,80000,C3,adamw,0.001,0.0001,-8.39600647788136,0.061797696316157724,-8.396006 ± 0.061798,-8.44702030393098,-8.327289063426708,-8.413710066286392
metric_contract_v1.2,c38b09694be88aa74de0741b39e9d3ba0d6ff61a,35a1a66f78dfd6255c4d804586ee6863969be78d21acec5cd0ccf00476ddaa5c,f80984d28ef9a7550633fb3aea514f783f3db1fa655a6d3f49850b10857e6afc,5742764ef3bd686abf56fbeafa222ed2fa2784afb6f787533493cfe88190f71f,last,ood_metric/fpr95_threshold,OOD-4,appendix,descriptive,id_train,id_test_vs_mnist,detector_declared,detector/neco_author_std_dim100,mnist,far,,,,80000,C3,adamw,0.001,0.0001,0.9868304013128796,0.00040082454183571246,0.986830 ± 0.000401,0.9872028248794021,0.9868821723623219,0.9864062066969144
metric_contract_v1.2,c38b09694be88aa74de0741b39e9d3ba0d6ff61a,35a1a66f78dfd6255c4d804586ee6863969be78d21acec5cd0ccf00476ddaa5c,f80984d28ef9a7550633fb3aea514f783f3db1fa655a6d3f49850b10857e6afc,5742764ef3bd686abf56fbeafa222ed2fa2784afb6f787533493cfe88190f71f,last,ood_metric/fpr95_threshold,OOD-4,appendix,descriptive,id_train,id_test_vs_mnist,detector_declared,detector/relative_mahalanobis_pp,mnist,far,,,,80000,C3,adamw,0.001,0.0001,-102.50161929336669,5.430436700404655,-102.501619 ± 5.430437,-107.39134065651604,-96.65710987991214,-103.45640734367193
metric_contract_v1.2,c38b09694be88aa74de0741b39e9d3ba0d6ff61a,35a1a66f78dfd6255c4d804586ee6863969be78d21acec5cd0ccf00476ddaa5c,f80984d28ef9a7550633fb3aea514f783f3db1fa655a6d3f49850b10857e6afc,5742764ef3bd686abf56fbeafa222ed2fa2784afb6f787533493cfe88190f71f,last,ood_metric/fpr95_threshold,OOD-4,appendix,descriptive,id_train,id_test_vs_mnist,detector_declared,detector/relative_mahalanobis_raw,mnist,far,,,,80000,C3,adamw,0.001,0.0001,-65.68439216264886,2.061609309061921,-65.684392 ± 2.061609,-65.72743762936102,-63.60159718646374,-67.7241416721218
metric_contract_v1.2,c38b09694be88aa74de0741b39e9d3ba0d6ff61a,35a1a66f78dfd6255c4d804586ee6863969be78d21acec5cd0ccf00476ddaa5c,f80984d28ef9a7550633fb3aea514f783f3db1fa655a6d3f49850b10857e6afc,5742764ef3bd686abf56fbeafa222ed2fa2784afb6f787533493cfe88190f71f,last,ood_metric/fpr95_threshold,OOD-4,appendix,descriptive,id_train,id_test_vs_mnist,detector_declared,detector/vim_author_dim,mnist,far,,,,80000,C3,adamw,0.001,0.0001,-16.63451515291972,0.19855234500476066,-16.634515 ± 0.198552,-16.86065495444551,-16.48875540157141,-16.554135102742244
metric_contract_v1.2,c38b09694be88aa74de0741b39e9d3ba0d6ff61a,35a1a66f78dfd6255c4d804586ee6863969be78d21acec5cd0ccf00476ddaa5c,f80984d28ef9a7550633fb3aea514f783f3db1fa655a6d3f49850b10857e6afc,5742764ef3bd686abf56fbeafa222ed2fa2784afb6f787533493cfe88190f71f,last,ood_metric/fpr95_threshold,OOD-4,appendix,descriptive,id_train,id_test_vs_mnist,detector_declared,detector/vim_dim128,mnist,far,,,,80000,C3,adamw,0.001,0.0001,-15.877375888307675,0.059104252383479106,-15.877376 ± 0.059104,-15.91582131574371,-15.809319021768548,-15.906987327410766
metric_contract_v1.2,c38b09694be88aa74de0741b39e9d3ba0d6ff61a,35a1a66f78dfd6255c4d804586ee6863969be78d21acec5cd0ccf00476ddaa5c,f80984d28ef9a7550633fb3aea514f783f3db1fa655a6d3f49850b10857e6afc,5742764ef3bd686abf56fbeafa222ed2fa2784afb6f787533493cfe88190f71f,last,ood_metric/fpr95_threshold,OOD-4,appendix,descriptive,id_train,id_test_vs_mnist,detector_declared,detector/vim_dim256,mnist,far,,,,80000,C3,adamw,0.001,0.0001,-16.440566931888366,0.1830982786726395,-16.440567 ± 0.183098,-16.61225105633513,-16.24786795265633,-16.46158178667364
metric_contract_v1.2,c38b09694be88aa74de0741b39e9d3ba0d6ff61a,35a1a66f78dfd6255c4d804586ee6863969be78d21acec5cd0ccf00476ddaa5c,f80984d28ef9a7550633fb3aea514f783f3db1fa655a6d3f49850b10857e6afc,5742764ef3bd686abf56fbeafa222ed2fa2784afb6f787533493cfe88190f71f,last,ood_metric/fpr95_threshold,OOD-4,appendix,descriptive,id_train,id_test_vs_mnist,detector_declared,detector/vim_dim320,mnist,far,,,,80000,C3,adamw,0.001,0.0001,-16.63451515291972,0.19855234500476066,-16.634515 ± 0.198552,-16.86065495444551,-16.48875540157141,-16.554135102742244
metric_contract_v1.2,c38b09694be88aa74de0741b39e9d3ba0d6ff61a,35a1a66f78dfd6255c4d804586ee6863969be78d21acec5cd0ccf00476ddaa5c,f80984d28ef9a7550633fb3aea514f783f3db1fa655a6d3f49850b10857e6afc,5742764ef3bd686abf56fbeafa222ed2fa2784afb6f787533493cfe88190f71f,last,ood_metric/fpr95_threshold,OOD-4,appendix,descriptive,id_train,id_test_vs_mnist,detector_declared,detector/vim_dim64,mnist,far,,,,80000,C3,adamw,0.001,0.0001,-15.522189127296128,0.11345014357835284,-15.522189 ± 0.113450,-15.648812024955449,-15.429793036140719,-15.487962320792215
metric_contract_v1.2,c38b09694be88aa74de0741b39e9d3ba0d6ff61a,35a1a66f78dfd6255c4d804586ee6863969be78d21acec5cd0ccf00476ddaa5c,f80984d28ef9a7550633fb3aea514f783f3db1fa655a6d3f49850b10857e6afc,5742764ef3bd686abf56fbeafa222ed2fa2784afb6f787533493cfe88190f71f,last,ood_metric/fpr95_threshold,OOD-4,appendix,descriptive,id_train,id_test_vs_mnist,detector_declared,detector/weight_cosine_appendix,mnist,far,,,,80000,C3,adamw,0.001,0.0001,0.06662534752519274,0.0038667002874027668,0.066625 ± 0.003867,0.07000231116999599,0.06240734825496465,0.06746638315061756
metric_contract_v1.2,c38b09694be88aa74de0741b39e9d3ba0d6ff61a,35a1a66f78dfd6255c4d804586ee6863969be78d21acec5cd0ccf00476ddaa5c,f80984d28ef9a7550633fb3aea514f783f3db1fa655a6d3f49850b10857e6afc,5742764ef3bd686abf56fbeafa222ed2fa2784afb6f787533493cfe88190f71f,last,ood_metric/fpr95_threshold,OOD-4,appendix,descriptive,,id_test_vs_mnist,detector_declared,ood_score/energy_t1,mnist,far,,,,80000,C3,adamw,0.001,0.0001,3.6231870318343575,0.19963431917606725,3.623187 ± 0.199634,3.804118516896517,3.409021209764932,3.6564213688416243
metric_contract_v1.2,c38b09694be88aa74de0741b39e9d3ba0d6ff61a,35a1a66f78dfd6255c4d804586ee6863969be78d21acec5cd0ccf00476ddaa5c,f80984d28ef9a7550633fb3aea514f783f3db1fa655a6d3f49850b10857e6afc,5742764ef3bd686abf56fbeafa222ed2fa2784afb6f787533493cfe88190f71f,last,ood_metric/fpr95_threshold,OOD-4,appendix,descriptive,,id_test_vs_mnist,detector_declared,ood_score/max_logit,mnist,far,,,,80000,C3,adamw,0.001,0.0001,3.566826844215394,0.2249425888830865,3.566827 ± 0.224943,3.7756912589073193,3.32867511510849,3.596114158630372
metric_contract_v1.2,c38b09694be88aa74de0741b39e9d3ba0d6ff61a,35a1a66f78dfd6255c4d804586ee6863969be78d21acec5cd0ccf00476ddaa5c,f80984d28ef9a7550633fb3aea514f783f3db1fa655a6d3f49850b10857e6afc,5742764ef3bd686abf56fbeafa222ed2fa2784afb6f787533493cfe88190f71f,last,ood_metric/fpr95_threshold,OOD-4,appendix,descriptive,,id_test_vs_mnist,detector_declared,ood_score/msp,mnist,far,,,,80000,C3,adamw,0.001,0.0001,0.964230944158056,0.0034136075615804292,0.964231 ± 0.003414,0.967719711700668,0.9608978211508488,0.9640752996226514
metric_contract_v1.2,c38b09694be88aa74de0741b39e9d3ba0d6ff61a,35a1a66f78dfd6255c4d804586ee6863969be78d21acec5cd0ccf00476ddaa5c,f80984d28ef9a7550633fb3aea514f783f3db1fa655a6d3f49850b10857e6afc,7aa36ee28bf5fa9c0b29152bb63c02833c5c6d02ae2c4908d0256a35582c9d9c,last,analysis/angular_control_gap_ctm_ncp,OOD-7,exploratory,descriptive,id_train,id_test_vs_mnist,paired_auroc_difference,,mnist,,,,,80000,C4,sgd,0.3,0.0,0.22857481809523805,0.019071680088607892,0.228575 ± 0.019072,0.24094092571428583,0.2381727185714283,0.20661081000000003
metric_contract_v1.2,c38b09694be88aa74de0741b39e9d3ba0d6ff61a,35a1a66f78dfd6255c4d804586ee6863969be78d21acec5cd0ccf00476ddaa5c,f80984d28ef9a7550633fb3aea514f783f3db1fa655a6d3f49850b10857e6afc,7aa36ee28bf5fa9c0b29152bb63c02833c5c6d02ae2c4908d0256a35582c9d9c,last,analysis/restoration_gap_mahalanobis,OOD-7,exploratory,descriptive,id_train,id_test_vs_mnist,paired_auroc_difference,,mnist,,,,,80000,C4,sgd,0.3,0.0,0.29782347,0.044154733221587764,0.297823 ± 0.044155,0.3373111957142857,0.3060113114285714,0.25014790285714283
metric_contract_v1.2,c38b09694be88aa74de0741b39e9d3ba0d6ff61a,35a1a66f78dfd6255c4d804586ee6863969be78d21acec5cd0ccf00476ddaa5c,f80984d28ef9a7550633fb3aea514f783f3db1fa655a6d3f49850b10857e6afc,7aa36ee28bf5fa9c0b29152bb63c02833c5c6d02ae2c4908d0256a35582c9d9c,last,analysis/restoration_gap_relative_mahalanobis,OOD-7,exploratory,descriptive,id_train,id_test_vs_mnist,paired_auroc_difference,,mnist,,,,,80000,C4,sgd,0.3,0.0,0.01186939238095234,0.005658236292829724,0.011869 ± 0.005658,0.009167139999999963,0.008068915714285585,0.018372121428571475
metric_contract_v1.2,c38b09694be88aa74de0741b39e9d3ba0d6ff61a,35a1a66f78dfd6255c4d804586ee6863969be78d21acec5cd0ccf00476ddaa5c,f80984d28ef9a7550633fb3aea514f783f3db1fa655a6d3f49850b10857e6afc,7aa36ee28bf5fa9c0b29152bb63c02833c5c6d02ae2c4908d0256a35582c9d9c,last,ood_metric/ap_in,OOD-2,appendix,up,id_train,id_test_vs_mnist,detector_declared,detector/ctm_prototype_cosine,mnist,far,,,,80000,C4,sgd,0.3,0.0,0.8707100401711374,0.01004878704864024,0.870710 ± 0.010049,0.8778058754813463,0.8592113387756264,0.8751129062564398
metric_contract_v1.2,c38b09694be88aa74de0741b39e9d3ba0d6ff61a,35a1a66f78dfd6255c4d804586ee6863969be78d21acec5cd0ccf00476ddaa5c,f80984d28ef9a7550633fb3aea514f783f3db1fa655a6d3f49850b10857e6afc,7aa36ee28bf5fa9c0b29152bb63c02833c5c6d02ae2c4908d0256a35582c9d9c,last,ood_metric/ap_in,OOD-2,appendix,up,id_train,id_test_vs_mnist,detector_declared,detector/gda_class_density,mnist,far,,,,80000,C4,sgd,0.3,0.0,0.55588251411187,0.22855041333322343,0.555883 ± 0.228550,0.29738759090292377,0.6390803020889649,0.7311796493437211
metric_contract_v1.2,c38b09694be88aa74de0741b39e9d3ba0d6ff61a,35a1a66f78dfd6255c4d804586ee6863969be78d21acec5cd0ccf00476ddaa5c,f80984d28ef9a7550633fb3aea514f783f3db1fa655a6d3f49850b10857e6afc,7aa36ee28bf5fa9c0b29152bb63c02833c5c6d02ae2c4908d0256a35582c9d9c,last,ood_metric/ap_in,OOD-2,appendix,up,id_train,id_test_vs_mnist,detector_declared,detector/knn_l2_k50,mnist,far,,,,80000,C4,sgd,0.3,0.0,0.9152032137387315,0.002360519818160412,0.915203 ± 0.002361,0.9177626378820324,0.9147353297603027,0.9131116735738591
metric_contract_v1.2,c38b09694be88aa74de0741b39e9d3ba0d6ff61a,35a1a66f78dfd6255c4d804586ee6863969be78d21acec5cd0ccf00476ddaa5c,f80984d28ef9a7550633fb3aea514f783f3db1fa655a6d3f49850b10857e6afc,7aa36ee28bf5fa9c0b29152bb63c02833c5c6d02ae2c4908d0256a35582c9d9c,last,ood_metric/ap_in,OOD-2,appendix,up,id_train,id_test_vs_mnist,detector_declared,detector/mahalanobis_pp,mnist,far,,,,80000,C4,sgd,0.3,0.0,0.8379328211435767,0.008140421822120204,0.837933 ± 0.008140,0.83807341756018,0.8460020340955217,0.8297230117750284
metric_contract_v1.2,c38b09694be88aa74de0741b39e9d3ba0d6ff61a,35a1a66f78dfd6255c4d804586ee6863969be78d21acec5cd0ccf00476ddaa5c,f80984d28ef9a7550633fb3aea514f783f3db1fa655a6d3f49850b10857e6afc,7aa36ee28bf5fa9c0b29152bb63c02833c5c6d02ae2c4908d0256a35582c9d9c,last,ood_metric/ap_in,OOD-2,appendix,up,id_train,id_test_vs_mnist,detector_declared,detector/mahalanobis_raw,mnist,far,,,,80000,C4,sgd,0.3,0.0,0.2776843017567206,0.02747471685313028,0.277684 ± 0.027475,0.25108884135557635,0.2760030072661436,0.3059610566484419
metric_contract_v1.2,c38b09694be88aa74de0741b39e9d3ba0d6ff61a,35a1a66f78dfd6255c4d804586ee6863969be78d21acec5cd0ccf00476ddaa5c,f80984d28ef9a7550633fb3aea514f783f3db1fa655a6d3f49850b10857e6afc,7aa36ee28bf5fa9c0b29152bb63c02833c5c6d02ae2c4908d0256a35582c9d9c,last,ood_metric/ap_in,OOD-2,appendix,up,id_train,id_test_vs_mnist,detector_declared,detector/marginal_mahalanobis_raw,mnist,far,,,,80000,C4,sgd,0.3,0.0,0.21845784361005494,0.021496596962404666,0.218458 ± 0.021497,0.19520923977107055,0.2225501806054695,0.23761411045362477
metric_contract_v1.2,c38b09694be88aa74de0741b39e9d3ba0d6ff61a,35a1a66f78dfd6255c4d804586ee6863969be78d21acec5cd0ccf00476ddaa5c,f80984d28ef9a7550633fb3aea514f783f3db1fa655a6d3f49850b10857e6afc,7aa36ee28bf5fa9c0b29152bb63c02833c5c6d02ae2c4908d0256a35582c9d9c,last,ood_metric/ap_in,OOD-2,appendix,up,id_train,id_test_vs_mnist,detector_declared,detector/ncp_euclidean_raw,mnist,far,,,,80000,C4,sgd,0.3,0.0,0.48623119197819675,0.04289279616177512,0.486231 ± 0.042893,0.4983819258752662,0.4385738371996226,0.5217378128597014
metric_contract_v1.2,c38b09694be88aa74de0741b39e9d3ba0d6ff61a,35a1a66f78dfd6255c4d804586ee6863969be78d21acec5cd0ccf00476ddaa5c,f80984d28ef9a7550633fb3aea514f783f3db1fa655a6d3f49850b10857e6afc,7aa36ee28bf5fa9c0b29152bb63c02833c5c6d02ae2c4908d0256a35582c9d9c,last,ood_metric/ap_in,OOD-2,appendix,up,id_train,id_test_vs_mnist,detector_declared,detector/neco_author_std_dim100,mnist,far,,,,80000,C4,sgd,0.3,0.0,0.6913757927009785,0.015994211971220428,0.691376 ± 0.015994,0.7059407783106666,0.6742591394224329,0.6939274603698362
metric_contract_v1.2,c38b09694be88aa74de0741b39e9d3ba0d6ff61a,35a1a66f78dfd6255c4d804586ee6863969be78d21acec5cd0ccf00476ddaa5c,f80984d28ef9a7550633fb3aea514f783f3db1fa655a6d3f49850b10857e6afc,7aa36ee28bf5fa9c0b29152bb63c02833c5c6d02ae2c4908d0256a35582c9d9c,last,ood_metric/ap_in,OOD-2,appendix,up,id_train,id_test_vs_mnist,detector_declared,detector/relative_mahalanobis_pp,mnist,far,,,,80000,C4,sgd,0.3,0.0,0.7493063015992419,0.036023230017469744,0.749306 ± 0.036023,0.721529353283891,0.7363805266045305,0.7900090249093041
metric_contract_v1.2,c38b09694be88aa74de0741b39e9d3ba0d6ff61a,35a1a66f78dfd6255c4d804586ee6863969be78d21acec5cd0ccf00476ddaa5c,f80984d28ef9a7550633fb3aea514f783f3db1fa655a6d3f49850b10857e6afc,7aa36ee28bf5fa9c0b29152bb63c02833c5c6d02ae2c4908d0256a35582c9d9c,last,ood_metric/ap_in,OOD-2,appendix,up,id_train,id_test_vs_mnist,detector_declared,detector/relative_mahalanobis_raw,mnist,far,,,,80000,C4,sgd,0.3,0.0,0.7322293336254065,0.019726379643968013,0.732229 ± 0.019726,0.7131797651175898,0.7309390585356286,0.7525691772230011
metric_contract_v1.2,c38b09694be88aa74de0741b39e9d3ba0d6ff61a,35a1a66f78dfd6255c4d804586ee6863969be78d21acec5cd0ccf00476ddaa5c,f80984d28ef9a7550633fb3aea514f783f3db1fa655a6d3f49850b10857e6afc,7aa36ee28bf5fa9c0b29152bb63c02833c5c6d02ae2c4908d0256a35582c9d9c,last,ood_metric/ap_in,OOD-2,appendix,up,id_train,id_test_vs_mnist,detector_declared,detector/vim_author_dim,mnist,far,,,,80000,C4,sgd,0.3,0.0,0.8657901361871656,0.016972065176658037,0.865790 ± 0.016972,0.8465336128612998,0.8722655057791553,0.8785712899210418
metric_contract_v1.2,c38b09694be88aa74de0741b39e9d3ba0d6ff61a,35a1a66f78dfd6255c4d804586ee6863969be78d21acec5cd0ccf00476ddaa5c,f80984d28ef9a7550633fb3aea514f783f3db1fa655a6d3f49850b10857e6afc,7aa36ee28bf5fa9c0b29152bb63c02833c5c6d02ae2c4908d0256a35582c9d9c,last,ood_metric/ap_in,OOD-2,appendix,up,id_train,id_test_vs_mnist,detector_declared,detector/vim_dim128,mnist,far,,,,80000,C4,sgd,0.3,0.0,0.8918328626128466,0.014735545125404644,0.891833 ± 0.014736,0.899220971897383,0.8748648420582128,0.9014127738829443
metric_contract_v1.2,c38b09694be88aa74de0741b39e9d3ba0d6ff61a,35a1a66f78dfd6255c4d804586ee6863969be78d21acec5cd0ccf00476ddaa5c,f80984d28ef9a7550633fb3aea514f783f3db1fa655a6d3f49850b10857e6afc,7aa36ee28bf5fa9c0b29152bb63c02833c5c6d02ae2c4908d0256a35582c9d9c,last,ood_metric/ap_in,OOD-2,appendix,up,id_train,id_test_vs_mnist,detector_declared,detector/vim_dim256,mnist,far,,,,80000,C4,sgd,0.3,0.0,0.8751085564284656,0.01354766826590296,0.875109 ± 0.013548,0.8599745374747092,0.879246219295061,0.8861049125156268
metric_contract_v1.2,c38b09694be88aa74de0741b39e9d3ba0d6ff61a,35a1a66f78dfd6255c4d804586ee6863969be78d21acec5cd0ccf00476ddaa5c,f80984d28ef9a7550633fb3aea514f783f3db1fa655a6d3f49850b10857e6afc,7aa36ee28bf5fa9c0b29152bb63c02833c5c6d02ae2c4908d0256a35582c9d9c,last,ood_metric/ap_in,OOD-2,appendix,up,id_train,id_test_vs_mnist,detector_declared,detector/vim_dim320,mnist,far,,,,80000,C4,sgd,0.3,0.0,0.8657901361871656,0.016972065176658037,0.865790 ± 0.016972,0.8465336128612998,0.8722655057791553,0.8785712899210418
metric_contract_v1.2,c38b09694be88aa74de0741b39e9d3ba0d6ff61a,35a1a66f78dfd6255c4d804586ee6863969be78d21acec5cd0ccf00476ddaa5c,f80984d28ef9a7550633fb3aea514f783f3db1fa655a6d3f49850b10857e6afc,7aa36ee28bf5fa9c0b29152bb63c02833c5c6d02ae2c4908d0256a35582c9d9c,last,ood_metric/ap_in,OOD-2,appendix,up,id_train,id_test_vs_mnist,detector_declared,detector/vim_dim64,mnist,far,,,,80000,C4,sgd,0.3,0.0,0.9000372103756629,0.00295059999957335,0.900037 ± 0.002951,0.8968720811301252,0.9005277548512901,0.9027117951455735
metric_contract_v1.2,c38b09694be88aa74de0741b39e9d3ba0d6ff61a,35a1a66f78dfd6255c4d804586ee6863969be78d21acec5cd0ccf00476ddaa5c,f80984d28ef9a7550633fb3aea514f783f3db1fa655a6d3f49850b10857e6afc,7aa36ee28bf5fa9c0b29152bb63c02833c5c6d02ae2c4908d0256a35582c9d9c,last,ood_metric/ap_in,OOD-2,appendix,up,id_train,id_test_vs_mnist,detector_declared,detector/weight_cosine_appendix,mnist,far,,,,80000,C4,sgd,0.3,0.0,0.8742102908028628,0.009990779218325445,0.874210 ± 0.009991,0.8709298237395751,0.8662721856855375,0.8854288629834759
metric_contract_v1.2,c38b09694be88aa74de0741b39e9d3ba0d6ff61a,35a1a66f78dfd6255c4d804586ee6863969be78d21acec5cd0ccf00476ddaa5c,f80984d28ef9a7550633fb3aea514f783f3db1fa655a6d3f49850b10857e6afc,7aa36ee28bf5fa9c0b29152bb63c02833c5c6d02ae2c4908d0256a35582c9d9c,last,ood_metric/ap_in,OOD-2,appendix,up,,id_test_vs_mnist,detector_declared,ood_score/energy_t1,mnist,far,,,,80000,C4,sgd,0.3,0.0,0.8626150869725775,0.0033276074282394103,0.862615 ± 0.003328,0.8662851402497408,0.8617654551297814,0.8597946655382103
metric_contract_v1.2,c38b09694be88aa74de0741b39e9d3ba0d6ff61a,35a1a66f78dfd6255c4d804586ee6863969be78d21acec5cd0ccf00476ddaa5c,f80984d28ef9a7550633fb3aea514f783f3db1fa655a6d3f49850b10857e6afc,7aa36ee28bf5fa9c0b29152bb63c02833c5c6d02ae2c4908d0256a35582c9d9c,last,ood_metric/ap_in,OOD-2,appendix,up,,id_test_vs_mnist,detector_declared,ood_score/max_logit,mnist,far,,,,80000,C4,sgd,0.3,0.0,0.8622762956042392,0.003318116676486092,0.862276 ± 0.003318,0.8659516230736326,0.8613761148151565,0.8595011489239286
metric_contract_v1.2,c38b09694be88aa74de0741b39e9d3ba0d6ff61a,35a1a66f78dfd6255c4d804586ee6863969be78d21acec5cd0ccf00476ddaa5c,f80984d28ef9a7550633fb3aea514f783f3db1fa655a6d3f49850b10857e6afc,7aa36ee28bf5fa9c0b29152bb63c02833c5c6d02ae2c4908d0256a35582c9d9c,last,ood_metric/ap_in,OOD-2,appendix,up,,id_test_vs_mnist,detector_declared,ood_score/msp,mnist,far,,,,80000,C4,sgd,0.3,0.0,0.7893832249644817,0.0055383817903591984,0.789383 ± 0.005538,0.7920106798464721,0.7830201378127795,0.7931188572341934
metric_contract_v1.2,c38b09694be88aa74de0741b39e9d3ba0d6ff61a,35a1a66f78dfd6255c4d804586ee6863969be78d21acec5cd0ccf00476ddaa5c,f80984d28ef9a7550633fb3aea514f783f3db1fa655a6d3f49850b10857e6afc,7aa36ee28bf5fa9c0b29152bb63c02833c5c6d02ae2c4908d0256a35582c9d9c,last,ood_metric/ap_out,OOD-3,appendix,up,id_train,id_test_vs_mnist,detector_declared,detector/ctm_prototype_cosine,mnist,far,,,,80000,C4,sgd,0.3,0.0,0.9893128571640698,0.00044462581453079257,0.989313 ± 0.000445,0.9897562522171066,0.989315308550451,0.9888670107246519
metric_contract_v1.2,c38b09694be88aa74de0741b39e9d3ba0d6ff61a,35a1a66f78dfd6255c4d804586ee6863969be78d21acec5cd0ccf00476ddaa5c,f80984d28ef9a7550633fb3aea514f783f3db1fa655a6d3f49850b10857e6afc,7aa36ee28bf5fa9c0b29152bb63c02833c5c6d02ae2c4908d0256a35582c9d9c,last,ood_metric/ap_out,OOD-3,appendix,up,id_train,id_test_vs_mnist,detector_declared,detector/gda_class_density,mnist,far,,,,80000,C4,sgd,0.3,0.0,0.9336792881498054,0.059834167471442705,0.933679 ± 0.059834,0.8648983545471741,0.9624115771027792,0.973727932799463
metric_contract_v1.2,c38b09694be88aa74de0741b39e9d3ba0d6ff61a,35a1a66f78dfd6255c4d804586ee6863969be78d21acec5cd0ccf00476ddaa5c,f80984d28ef9a7550633fb3aea514f783f3db1fa655a6d3f49850b10857e6afc,7aa36ee28bf5fa9c0b29152bb63c02833c5c6d02ae2c4908d0256a35582c9d9c,last,ood_metric/ap_out,OOD-3,appendix,up,id_train,id_test_vs_mnist,detector_declared,detector/knn_l2_k50,mnist,far,,,,80000,C4,sgd,0.3,0.0,0.9932096050167037,0.0011497345260756732,0.993210 ± 0.001150,0.9933537242880329,0.9942804853213572,0.9919946054407212
metric_contract_v1.2,c38b09694be88aa74de0741b39e9d3ba0d6ff61a,35a1a66f78dfd6255c4d804586ee6863969be78d21acec5cd0ccf00476ddaa5c,f80984d28ef9a7550633fb3aea514f783f3db1fa655a6d3f49850b10857e6afc,7aa36ee28bf5fa9c0b29152bb63c02833c5c6d02ae2c4908d0256a35582c9d9c,last,ood_metric/ap_out,OOD-3,appendix,up,id_train,id_test_vs_mnist,detector_declared,detector/mahalanobis_pp,mnist,far,,,,80000,C4,sgd,0.3,0.0,0.9845809347798551,0.002036144837099049,0.984581 ± 0.002036,0.9853340685902368,0.9861332219114929,0.9822755138378356
metric_contract_v1.2,c38b09694be88aa74de0741b39e9d3ba0d6ff61a,35a1a66f78dfd6255c4d804586ee6863969be78d21acec5cd0ccf00476ddaa5c,f80984d28ef9a7550633fb3aea514f783f3db1fa655a6d3f49850b10857e6afc,7aa36ee28bf5fa9c0b29152bb63c02833c5c6d02ae2c4908d0256a35582c9d9c,last,ood_metric/ap_out,OOD-3,appendix,up,id_train,id_test_vs_mnist,detector_declared,detector/mahalanobis_raw,mnist,far,,,,80000,C4,sgd,0.3,0.0,0.9125153058782723,0.007779452587251164,0.912515 ± 0.007779,0.9042155184255074,0.9136894595729173,0.919640939636392
metric_contract_v1.2,c38b09694be88aa74de0741b39e9d3ba0d6ff61a,35a1a66f78dfd6255c4d804586ee6863969be78d21acec5cd0ccf00476ddaa5c,f80984d28ef9a7550633fb3aea514f783f3db1fa655a6d3f49850b10857e6afc,7aa36ee28bf5fa9c0b29152bb63c02833c5c6d02ae2c4908d0256a35582c9d9c,last,ood_metric/ap_out,OOD-3,appendix,up,id_train,id_test_vs_mnist,detector_declared,detector/marginal_mahalanobis_raw,mnist,far,,,,80000,C4,sgd,0.3,0.0,0.9011620960912993,0.007394045201279416,0.901162 ± 0.007394,0.8931088856877913,0.9027328397158898,0.9076445628702166
metric_contract_v1.2,c38b09694be88aa74de0741b39e9d3ba0d6ff61a,35a1a66f78dfd6255c4d804586ee6863969be78d21acec5cd0ccf00476ddaa5c,f80984d28ef9a7550633fb3aea514f783f3db1fa655a6d3f49850b10857e6afc,7aa36ee28bf5fa9c0b29152bb63c02833c5c6d02ae2c4908d0256a35582c9d9c,last,ood_metric/ap_out,OOD-3,appendix,up,id_train,id_test_vs_mnist,detector_declared,detector/ncp_euclidean_raw,mnist,far,,,,80000,C4,sgd,0.3,0.0,0.9172183897774547,0.002630904683147616,0.917218 ± 0.002631,0.9146433324399523,0.9171100426518602,0.9199017942405513
metric_contract_v1.2,c38b09694be88aa74de0741b39e9d3ba0d6ff61a,35a1a66f78dfd6255c4d804586ee6863969be78d21acec5cd0ccf00476ddaa5c,f80984d28ef9a7550633fb3aea514f783f3db1fa655a6d3f49850b10857e6afc,7aa36ee28bf5fa9c0b29152bb63c02833c5c6d02ae2c4908d0256a35582c9d9c,last,ood_metric/ap_out,OOD-3,appendix,up,id_train,id_test_vs_mnist,detector_declared,detector/neco_author_std_dim100,mnist,far,,,,80000,C4,sgd,0.3,0.0,0.9445796549921948,0.0026985703125984224,0.944580 ± 0.002699,0.943695225225201,0.9424342803173423,0.9476094594340412
metric_contract_v1.2,c38b09694be88aa74de0741b39e9d3ba0d6ff61a,35a1a66f78dfd6255c4d804586ee6863969be78d21acec5cd0ccf00476ddaa5c,f80984d28ef9a7550633fb3aea514f783f3db1fa655a6d3f49850b10857e6afc,7aa36ee28bf5fa9c0b29152bb63c02833c5c6d02ae2c4908d0256a35582c9d9c,last,ood_metric/ap_out,OOD-3,appendix,up,id_train,id_test_vs_mnist,detector_declared,detector/relative_mahalanobis_pp,mnist,far,,,,80000,C4,sgd,0.3,0.0,0.972544322068566,0.005590445483612406,0.972544 ± 0.005590,0.9694384605319794,0.9691964060945192,0.9789980995791995
metric_contract_v1.2,c38b09694be88aa74de0741b39e9d3ba0d6ff61a,35a1a66f78dfd6255c4d804586ee6863969be78d21acec5cd0ccf00476ddaa5c,f80984d28ef9a7550633fb3aea514f783f3db1fa655a6d3f49850b10857e6afc,7aa36ee28bf5fa9c0b29152bb63c02833c5c6d02ae2c4908d0256a35582c9d9c,last,ood_metric/ap_out,OOD-3,appendix,up,id_train,id_test_vs_mnist,detector_declared,detector/relative_mahalanobis_raw,mnist,far,,,,80000,C4,sgd,0.3,0.0,0.9673117071945357,0.004778984363882078,0.967312 ± 0.004779,0.9649710499997346,0.964154255243832,0.9728098163400404
metric_contract_v1.2,c38b09694be88aa74de0741b39e9d3ba0d6ff61a,35a1a66f78dfd6255c4d804586ee6863969be78d21acec5cd0ccf00476ddaa5c,f80984d28ef9a7550633fb3aea514f783f3db1fa655a6d3f49850b10857e6afc,7aa36ee28bf5fa9c0b29152bb63c02833c5c6d02ae2c4908d0256a35582c9d9c,last,ood_metric/ap_out,OOD-3,appendix,up,id_train,id_test_vs_mnist,detector_declared,detector/vim_author_dim,mnist,far,,,,80000,C4,sgd,0.3,0.0,0.9869900912304068,0.0023235169216030186,0.986990 ± 0.002324,0.984311548778561,0.9884627364988574,0.9881959884138022
metric_contract_v1.2,c38b09694be88aa74de0741b39e9d3ba0d6ff61a,35a1a66f78dfd6255c4d804586ee6863969be78d21acec5cd0ccf00476ddaa5c,f80984d28ef9a7550633fb3aea514f783f3db1fa655a6d3f49850b10857e6afc,7aa36ee28bf5fa9c0b29152bb63c02833c5c6d02ae2c4908d0256a35582c9d9c,last,ood_metric/ap_out,OOD-3,appendix,up,id_train,id_test_vs_mnist,detector_declared,detector/vim_dim128,mnist,far,,,,80000,C4,sgd,0.3,0.0,0.9912117979839165,0.001455951135598032,0.991212 ± 0.001456,0.9924883583082889,0.9896261060775937,0.9915209295658669
metric_contract_v1.2,c38b09694be88aa74de0741b39e9d3ba0d6ff61a,35a1a66f78dfd6255c4d804586ee6863969be78d21acec5cd0ccf00476ddaa5c,f80984d28ef9a7550633fb3aea514f783f3db1fa655a6d3f49850b10857e6afc,7aa36ee28bf5fa9c0b29152bb63c02833c5c6d02ae2c4908d0256a35582c9d9c,last,ood_metric/ap_out,OOD-3,appendix,up,id_train,id_test_vs_mnist,detector_declared,detector/vim_dim256,mnist,far,,,,80000,C4,sgd,0.3,0.0,0.9886401475648677,0.00156996393859049,0.988640 ± 0.001570,0.986868845433156,0.9898599443132029,0.9891916529482445
metric_contract_v1.2,c38b09694be88aa74de0741b39e9d3ba0d6ff61a,35a1a66f78dfd6255c4d804586ee6863969be78d21acec5cd0ccf00476ddaa5c,f80984d28ef9a7550633fb3aea514f783f3db1fa655a6d3f49850b10857e6afc,7aa36ee28bf5fa9c0b29152bb63c02833c5c6d02ae2c4908d0256a35582c9d9c,last,ood_metric/ap_out,OOD-3,appendix,up,id_train,id_test_vs_mnist,detector_declared,detector/vim_dim320,mnist,far,,,,80000,C4,sgd,0.3,0.0,0.9869900912304068,0.0023235169216030186,0.986990 ± 0.002324,0.984311548778561,0.9884627364988574,0.9881959884138022
metric_contract_v1.2,c38b09694be88aa74de0741b39e9d3ba0d6ff61a,35a1a66f78dfd6255c4d804586ee6863969be78d21acec5cd0ccf00476ddaa5c,f80984d28ef9a7550633fb3aea514f783f3db1fa655a6d3f49850b10857e6afc,7aa36ee28bf5fa9c0b29152bb63c02833c5c6d02ae2c4908d0256a35582c9d9c,last,ood_metric/ap_out,OOD-3,appendix,up,id_train,id_test_vs_mnist,detector_declared,detector/vim_dim64,mnist,far,,,,80000,C4,sgd,0.3,0.0,0.9919549444677586,0.0004098265553606976,0.991955 ± 0.000410,0.9924025550020988,0.9915981301308242,0.9918641482703529
metric_contract_v1.2,c38b09694be88aa74de0741b39e9d3ba0d6ff61a,35a1a66f78dfd6255c4d804586ee6863969be78d21acec5cd0ccf00476ddaa5c,f80984d28ef9a7550633fb3aea514f783f3db1fa655a6d3f49850b10857e6afc,7aa36ee28bf5fa9c0b29152bb63c02833c5c6d02ae2c4908d0256a35582c9d9c,last,ood_metric/ap_out,OOD-3,appendix,up,id_train,id_test_vs_mnist,detector_declared,detector/weight_cosine_appendix,mnist,far,,,,80000,C4,sgd,0.3,0.0,0.9872351121990449,0.0008415914141906316,0.987235 ± 0.000842,0.9870734469922401,0.9864860807297697,0.9881458088751248
metric_contract_v1.2,c38b09694be88aa74de0741b39e9d3ba0d6ff61a,35a1a66f78dfd6255c4d804586ee6863969be78d21acec5cd0ccf00476ddaa5c,f80984d28ef9a7550633fb3aea514f783f3db1fa655a6d3f49850b10857e6afc,7aa36ee28bf5fa9c0b29152bb63c02833c5c6d02ae2c4908d0256a35582c9d9c,last,ood_metric/ap_out,OOD-3,appendix,up,,id_test_vs_mnist,detector_declared,ood_score/energy_t1,mnist,far,,,,80000,C4,sgd,0.3,0.0,0.9858241816347362,0.0007130816558623367,0.985824 ± 0.000713,0.9865847245441427,0.9851706588119833,0.9857171615480828
metric_contract_v1.2,c38b09694be88aa74de0741b39e9d3ba0d6ff61a,35a1a66f78dfd6255c4d804586ee6863969be78d21acec5cd0ccf00476ddaa5c,f80984d28ef9a7550633fb3aea514f783f3db1fa655a6d3f49850b10857e6afc,7aa36ee28bf5fa9c0b29152bb63c02833c5c6d02ae2c4908d0256a35582c9d9c,last,ood_metric/ap_out,OOD-3,appendix,up,,id_test_vs_mnist,detector_declared,ood_score/max_logit,mnist,far,,,,80000,C4,sgd,0.3,0.0,0.9858368657481508,0.0007214804049043995,0.985837 ± 0.000721,0.9865880821971557,0.9851493451004918,0.9857731699468049
metric_contract_v1.2,c38b09694be88aa74de0741b39e9d3ba0d6ff61a,35a1a66f78dfd6255c4d804586ee6863969be78d21acec5cd0ccf00476ddaa5c,f80984d28ef9a7550633fb3aea514f783f3db1fa655a6d3f49850b10857e6afc,7aa36ee28bf5fa9c0b29152bb63c02833c5c6d02ae2c4908d0256a35582c9d9c,last,ood_metric/ap_out,OOD-3,appendix,up,,id_test_vs_mnist,detector_declared,ood_score/msp,mnist,far,,,,80000,C4,sgd,0.3,0.0,0.9761669473938254,0.0011848690173356668,0.976167 ± 0.001185,0.9766312221013049,0.9748202467465765,0.977049373333595
metric_contract_v1.2,c38b09694be88aa74de0741b39e9d3ba0d6ff61a,35a1a66f78dfd6255c4d804586ee6863969be78d21acec5cd0ccf00476ddaa5c,f80984d28ef9a7550633fb3aea514f783f3db1fa655a6d3f49850b10857e6afc,7aa36ee28bf5fa9c0b29152bb63c02833c5c6d02ae2c4908d0256a35582c9d9c,last,ood_metric/aupr_in_openood_auc,OOD-2,primary,up,id_train,id_test_vs_mnist,detector_declared,detector/ctm_prototype_cosine,mnist,far,,,,80000,C4,sgd,0.3,0.0,0.8707065369145788,0.010049259363439688,0.870707 ± 0.010049,0.8778026392609741,0.859207283796342,0.87510968768642
metric_contract_v1.2,c38b09694be88aa74de0741b39e9d3ba0d6ff61a,35a1a66f78dfd6255c4d804586ee6863969be78d21acec5cd0ccf00476ddaa5c,f80984d28ef9a7550633fb3aea514f783f3db1fa655a6d3f49850b10857e6afc,7aa36ee28bf5fa9c0b29152bb63c02833c5c6d02ae2c4908d0256a35582c9d9c,last,ood_metric/aupr_in_openood_auc,OOD-2,primary,up,id_train,id_test_vs_mnist,detector_declared,detector/gda_class_density,mnist,far,,,,80000,C4,sgd,0.3,0.0,0.5558711466677765,0.22855321107247656,0.555871 ± 0.228553,0.2973732973951839,0.6390688310099937,0.731171311598152
metric_contract_v1.2,c38b09694be88aa74de0741b39e9d3ba0d6ff61a,35a1a66f78dfd6255c4d804586ee6863969be78d21acec5cd0ccf00476ddaa5c,f80984d28ef9a7550633fb3aea514f783f3db1fa655a6d3f49850b10857e6afc,7aa36ee28bf5fa9c0b29152bb63c02833c5c6d02ae2c4908d0256a35582c9d9c,last,ood_metric/aupr_in_openood_auc,OOD-2,primary,up,id_train,id_test_vs_mnist,detector_declared,detector/knn_l2_k50,mnist,far,,,,80000,C4,sgd,0.3,0.0,0.915200881692955,0.0023604913847842615,0.915201 ± 0.002360,0.9177603715306087,0.9147327268220289,0.9131095467262276
metric_contract_v1.2,c38b09694be88aa74de0741b39e9d3ba0d6ff61a,35a1a66f78dfd6255c4d804586ee6863969be78d21acec5cd0ccf00476ddaa5c,f80984d28ef9a7550633fb3aea514f783f3db1fa655a6d3f49850b10857e6afc,7aa36ee28bf5fa9c0b29152bb63c02833c5c6d02ae2c4908d0256a35582c9d9c,last,ood_metric/aupr_in_openood_auc,OOD-2,primary,up,id_train,id_test_vs_mnist,detector_declared,detector/mahalanobis_pp,mnist,far,,,,80000,C4,sgd,0.3,0.0,0.8379285462913858,0.008140426772575432,0.837929 ± 0.008140,0.8380689194315588,0.8459978787228009,0.8297188407197982
metric_contract_v1.2,c38b09694be88aa74de0741b39e9d3ba0d6ff61a,35a1a66f78dfd6255c4d804586ee6863969be78d21acec5cd0ccf00476ddaa5c,f80984d28ef9a7550633fb3aea514f783f3db1fa655a6d3f49850b10857e6afc,7aa36ee28bf5fa9c0b29152bb63c02833c5c6d02ae2c4908d0256a35582c9d9c,last,ood_metric/aupr_in_openood_auc,OOD-2,primary,up,id_train,id_test_vs_mnist,detector_declared,detector/mahalanobis_raw,mnist,far,,,,80000,C4,sgd,0.3,0.0,0.27765076806658456,0.027474273186749186,0.277651 ± 0.027474,0.25105467314004387,0.2759714496688648,0.30592618139084504
metric_contract_v1.2,c38b09694be88aa74de0741b39e9d3ba0d6ff61a,35a1a66f78dfd6255c4d804586ee6863969be78d21acec5cd0ccf00476ddaa5c,f80984d28ef9a7550633fb3aea514f783f3db1fa655a6d3f49850b10857e6afc,7aa36ee28bf5fa9c0b29152bb63c02833c5c6d02ae2c4908d0256a35582c9d9c,last,ood_metric/aupr_in_openood_auc,OOD-2,primary,up,id_train,id_test_vs_mnist,detector_declared,detector/marginal_mahalanobis_raw,mnist,far,,,,80000,C4,sgd,0.3,0.0,0.21841642662028715,0.021495751247201305,0.218416 ± 0.021496,0.19516753650546714,0.2225119837781913,0.23756975957720297
metric_contract_v1.2,c38b09694be88aa74de0741b39e9d3ba0d6ff61a,35a1a66f78dfd6255c4d804586ee6863969be78d21acec5cd0ccf00476ddaa5c,f80984d28ef9a7550633fb3aea514f783f3db1fa655a6d3f49850b10857e6afc,7aa36ee28bf5fa9c0b29152bb63c02833c5c6d02ae2c4908d0256a35582c9d9c,last,ood_metric/aupr_in_openood_auc,OOD-2,primary,up,id_train,id_test_vs_mnist,detector_declared,detector/ncp_euclidean_raw,mnist,far,,,,80000,C4,sgd,0.3,0.0,0.4862146234723852,0.04289625953793916,0.486215 ± 0.042896,0.49836793879622776,0.43855297119310616,0.5217229604278217
metric_contract_v1.2,c38b09694be88aa74de0741b39e9d3ba0d6ff61a,35a1a66f78dfd6255c4d804586ee6863969be78d21acec5cd0ccf00476ddaa5c,f80984d28ef9a7550633fb3aea514f783f3db1fa655a6d3f49850b10857e6afc,7aa36ee28bf5fa9c0b29152bb63c02833c5c6d02ae2c4908d0256a35582c9d9c,last,ood_metric/aupr_in_openood_auc,OOD-2,primary,up,id_train,id_test_vs_mnist,detector_declared,detector/neco_author_std_dim100,mnist,far,,,,80000,C4,sgd,0.3,0.0,0.6913562877491288,0.01597756063768639,0.691356 ± 0.015978,0.7058968080606346,0.6742517815249698,0.693920273661782
metric_contract_v1.2,c38b09694be88aa74de0741b39e9d3ba0d6ff61a,35a1a66f78dfd6255c4d804586ee6863969be78d21acec5cd0ccf00476ddaa5c,f80984d28ef9a7550633fb3aea514f783f3db1fa655a6d3f49850b10857e6afc,7aa36ee28bf5fa9c0b29152bb63c02833c5c6d02ae2c4908d0256a35582c9d9c,last,ood_metric/aupr_in_openood_auc,OOD-2,primary,up,id_train,id_test_vs_mnist,detector_declared,detector/relative_mahalanobis_pp,mnist,far,,,,80000,C4,sgd,0.3,0.0,0.7492960897401453,0.036026773979532356,0.749296 ± 0.036027,0.7215157928811972,0.7363698295138386,0.7900026468254004
metric_contract_v1.2,c38b09694be88aa74de0741b39e9d3ba0d6ff61a,35a1a66f78dfd6255c4d804586ee6863969be78d21acec5cd0ccf00476ddaa5c,f80984d28ef9a7550633fb3aea514f783f3db1fa655a6d3f49850b10857e6afc,7aa36ee28bf5fa9c0b29152bb63c02833c5c6d02ae2c4908d0256a35582c9d9c,last,ood_metric/aupr_in_openood_auc,OOD-2,primary,up,id_train,id_test_vs_mnist,detector_declared,detector/relative_mahalanobis_raw,mnist,far,,,,80000,C4,sgd,0.3,0.0,0.7322205508836492,0.0197277845137648,0.732221 ± 0.019728,0.7131694911449603,0.7309304289489544,0.752561732557033
metric_contract_v1.2,c38b09694be88aa74de0741b39e9d3ba0d6ff61a,35a1a66f78dfd6255c4d804586ee6863969be78d21acec5cd0ccf00476ddaa5c,f80984d28ef9a7550633fb3aea514f783f3db1fa655a6d3f49850b10857e6afc,7aa36ee28bf5fa9c0b29152bb63c02833c5c6d02ae2c4908d0256a35582c9d9c,last,ood_metric/aupr_in_openood_auc,OOD-2,primary,up,id_train,id_test_vs_mnist,detector_declared,detector/vim_author_dim,mnist,far,,,,80000,C4,sgd,0.3,0.0,0.8657866301771387,0.016972458873742526,0.865787 ± 0.016972,0.8465296865288668,0.8722620160182504,0.8785681879842988
metric_contract_v1.2,c38b09694be88aa74de0741b39e9d3ba0d6ff61a,35a1a66f78dfd6255c4d804586ee6863969be78d21acec5cd0ccf00476ddaa5c,f80984d28ef9a7550633fb3aea514f783f3db1fa655a6d3f49850b10857e6afc,7aa36ee28bf5fa9c0b29152bb63c02833c5c6d02ae2c4908d0256a35582c9d9c,last,ood_metric/aupr_in_openood_auc,OOD-2,primary,up,id_train,id_test_vs_mnist,detector_declared,detector/vim_dim128,mnist,far,,,,80000,C4,sgd,0.3,0.0,0.8918298679360389,0.01473600975997703,0.891830 ± 0.014736,0.8992181352522083,0.8748613185395966,0.9014101500163118
metric_contract_v1.2,c38b09694be88aa74de0741b39e9d3ba0d6ff61a,35a1a66f78dfd6255c4d804586ee6863969be78d21acec5cd0ccf00476ddaa5c,f80984d28ef9a7550633fb3aea514f783f3db1fa655a6d3f49850b10857e6afc,7aa36ee28bf5fa9c0b29152bb63c02833c5c6d02ae2c4908d0256a35582c9d9c,last,ood_metric/aupr_in_openood_auc,OOD-2,primary,up,id_train,id_test_vs_mnist,detector_declared,detector/vim_dim256,mnist,far,,,,80000,C4,sgd,0.3,0.0,0.8751052051775057,0.013548028205769926,0.875105 ± 0.013548,0.8599708184450904,0.8792428472699163,0.8861019498175107
metric_contract_v1.2,c38b09694be88aa74de0741b39e9d3ba0d6ff61a,35a1a66f78dfd6255c4d804586ee6863969be78d21acec5cd0ccf00476ddaa5c,f80984d28ef9a7550633fb3aea514f783f3db1fa655a6d3f49850b10857e6afc,7aa36ee28bf5fa9c0b29152bb63c02833c5c6d02ae2c4908d0256a35582c9d9c,last,ood_metric/aupr_in_openood_auc,OOD-2,primary,up,id_train,id_test_vs_mnist,detector_declared,detector/vim_dim320,mnist,far,,,,80000,C4,sgd,0.3,0.0,0.8657866301771387,0.016972458873742526,0.865787 ± 0.016972,0.8465296865288668,0.8722620160182504,0.8785681879842988
metric_contract_v1.2,c38b09694be88aa74de0741b39e9d3ba0d6ff61a,35a1a66f78dfd6255c4d804586ee6863969be78d21acec5cd0ccf00476ddaa5c,f80984d28ef9a7550633fb3aea514f783f3db1fa655a6d3f49850b10857e6afc,7aa36ee28bf5fa9c0b29152bb63c02833c5c6d02ae2c4908d0256a35582c9d9c,last,ood_metric/aupr_in_openood_auc,OOD-2,primary,up,id_train,id_test_vs_mnist,detector_declared,detector/vim_dim64,mnist,far,,,,80000,C4,sgd,0.3,0.0,0.9000344689071348,0.0029507349982974156,0.900034 ± 0.002951,0.8968692077091756,0.9005250014373964,0.9027091975748324
metric_contract_v1.2,c38b09694be88aa74de0741b39e9d3ba0d6ff61a,35a1a66f78dfd6255c4d804586ee6863969be78d21acec5cd0ccf00476ddaa5c,f80984d28ef9a7550633fb3aea514f783f3db1fa655a6d3f49850b10857e6afc,7aa36ee28bf5fa9c0b29152bb63c02833c5c6d02ae2c4908d0256a35582c9d9c,last,ood_metric/aupr_in_openood_auc,OOD-2,primary,up,id_train,id_test_vs_mnist,detector_declared,detector/weight_cosine_appendix,mnist,far,,,,80000,C4,sgd,0.3,0.0,0.8742069507814413,0.00999116539690095,0.874207 ± 0.009991,0.870926428924973,0.8662684843281202,0.8854259390912307
metric_contract_v1.2,c38b09694be88aa74de0741b39e9d3ba0d6ff61a,35a1a66f78dfd6255c4d804586ee6863969be78d21acec5cd0ccf00476ddaa5c,f80984d28ef9a7550633fb3aea514f783f3db1fa655a6d3f49850b10857e6afc,7aa36ee28bf5fa9c0b29152bb63c02833c5c6d02ae2c4908d0256a35582c9d9c,last,ood_metric/aupr_in_openood_auc,OOD-2,primary,up,,id_test_vs_mnist,detector_declared,ood_score/energy_t1,mnist,far,,,,80000,C4,sgd,0.3,0.0,0.8626114375112838,0.0033276516642449616,0.862611 ± 0.003328,0.866281564122074,0.8617617135353224,0.8597910348764548
metric_contract_v1.2,c38b09694be88aa74de0741b39e9d3ba0d6ff61a,35a1a66f78dfd6255c4d804586ee6863969be78d21acec5cd0ccf00476ddaa5c,f80984d28ef9a7550633fb3aea514f783f3db1fa655a6d3f49850b10857e6afc,7aa36ee28bf5fa9c0b29152bb63c02833c5c6d02ae2c4908d0256a35582c9d9c,last,ood_metric/aupr_in_openood_auc,OOD-2,primary,up,,id_test_vs_mnist,detector_declared,ood_score/max_logit,mnist,far,,,,80000,C4,sgd,0.3,0.0,0.8622726545450065,0.0033181619220735282,0.862273 ± 0.003318,0.8659480537505537,0.861372387100309,0.8594975227841566
metric_contract_v1.2,c38b09694be88aa74de0741b39e9d3ba0d6ff61a,35a1a66f78dfd6255c4d804586ee6863969be78d21acec5cd0ccf00476ddaa5c,f80984d28ef9a7550633fb3aea514f783f3db1fa655a6d3f49850b10857e6afc,7aa36ee28bf5fa9c0b29152bb63c02833c5c6d02ae2c4908d0256a35582c9d9c,last,ood_metric/aupr_in_openood_auc,OOD-2,primary,up,,id_test_vs_mnist,detector_declared,ood_score/msp,mnist,far,,,,80000,C4,sgd,0.3,0.0,0.7893780763275458,0.005538644136483094,0.789378 ± 0.005539,0.7920058682475732,0.7830146644412895,0.7931136962937747
metric_contract_v1.2,c38b09694be88aa74de0741b39e9d3ba0d6ff61a,35a1a66f78dfd6255c4d804586ee6863969be78d21acec5cd0ccf00476ddaa5c,f80984d28ef9a7550633fb3aea514f783f3db1fa655a6d3f49850b10857e6afc,7aa36ee28bf5fa9c0b29152bb63c02833c5c6d02ae2c4908d0256a35582c9d9c,last,ood_metric/aupr_out_openood_auc,OOD-3,primary,up,id_train,id_test_vs_mnist,detector_declared,detector/ctm_prototype_cosine,mnist,far,,,,80000,C4,sgd,0.3,0.0,0.9893125914233766,0.0004445960980257118,0.989313 ± 0.000445,0.9897559662448986,0.9893150239941206,0.9888667840311103
metric_contract_v1.2,c38b09694be88aa74de0741b39e9d3ba0d6ff61a,35a1a66f78dfd6255c4d804586ee6863969be78d21acec5cd0ccf00476ddaa5c,f80984d28ef9a7550633fb3aea514f783f3db1fa655a6d3f49850b10857e6afc,7aa36ee28bf5fa9c0b29152bb63c02833c5c6d02ae2c4908d0256a35582c9d9c,last,ood_metric/aupr_out_openood_auc,OOD-3,primary,up,id_train,id_test_vs_mnist,detector_declared,detector/gda_class_density,mnist,far,,,,80000,C4,sgd,0.3,0.0,0.9336735468643367,0.05984186861424573,0.933674 ± 0.059842,0.8648837142077802,0.9624099800427892,0.9737269463424407
metric_contract_v1.2,c38b09694be88aa74de0741b39e9d3ba0d6ff61a,35a1a66f78dfd6255c4d804586ee6863969be78d21acec5cd0ccf00476ddaa5c,f80984d28ef9a7550633fb3aea514f783f3db1fa655a6d3f49850b10857e6afc,7aa36ee28bf5fa9c0b29152bb63c02833c5c6d02ae2c4908d0256a35582c9d9c,last,ood_metric/aupr_out_openood_auc,OOD-3,primary,up,id_train,id_test_vs_mnist,detector_declared,detector/knn_l2_k50,mnist,far,,,,80000,C4,sgd,0.3,0.0,0.9932094365677465,0.0011497417717504118,0.993209 ± 0.001150,0.9933534551772157,0.9942803840083888,0.9919944705176349
metric_contract_v1.2,c38b09694be88aa74de0741b39e9d3ba0d6ff61a,35a1a66f78dfd6255c4d804586ee6863969be78d21acec5cd0ccf00476ddaa5c,f80984d28ef9a7550633fb3aea514f783f3db1fa655a6d3f49850b10857e6afc,7aa36ee28bf5fa9c0b29152bb63c02833c5c6d02ae2c4908d0256a35582c9d9c,last,ood_metric/aupr_out_openood_auc,OOD-3,primary,up,id_train,id_test_vs_mnist,detector_declared,detector/mahalanobis_pp,mnist,far,,,,80000,C4,sgd,0.3,0.0,0.984576090871205,0.0020321907645687916,0.984576 ± 0.002032,0.985328823660498,0.9861245216904337,0.9822749272626836
metric_contract_v1.2,c38b09694be88aa74de0741b39e9d3ba0d6ff61a,35a1a66f78dfd6255c4d804586ee6863969be78d21acec5cd0ccf00476ddaa5c,f80984d28ef9a7550633fb3aea514f783f3db1fa655a6d3f49850b10857e6afc,7aa36ee28bf5fa9c0b29152bb63c02833c5c6d02ae2c4908d0256a35582c9d9c,last,ood_metric/aupr_out_openood_auc,OOD-3,primary,up,id_train,id_test_vs_mnist,detector_declared,detector/mahalanobis_raw,mnist,far,,,,80000,C4,sgd,0.3,0.0,0.9125039827475158,0.0077780721938049534,0.912504 ± 0.007778,0.9042056362724034,0.913678010377495,0.9196283015926489
metric_contract_v1.2,c38b09694be88aa74de0741b39e9d3ba0d6ff61a,35a1a66f78dfd6255c4d804586ee6863969be78d21acec5cd0ccf00476ddaa5c,f80984d28ef9a7550633fb3aea514f783f3db1fa655a6d3f49850b10857e6afc,7aa36ee28bf5fa9c0b29152bb63c02833c5c6d02ae2c4908d0256a35582c9d9c,last,ood_metric/aupr_out_openood_auc,OOD-3,primary,up,id_train,id_test_vs_mnist,detector_declared,detector/marginal_mahalanobis_raw,mnist,far,,,,80000,C4,sgd,0.3,0.0,0.9011502329370598,0.007392477140961599,0.901150 ± 0.007392,0.8930987050244957,0.9027207185008694,0.9076312752858141
metric_contract_v1.2,c38b09694be88aa74de0741b39e9d3ba0d6ff61a,35a1a66f78dfd6255c4d804586ee6863969be78d21acec5cd0ccf00476ddaa5c,f80984d28ef9a7550633fb3aea514f783f3db1fa655a6d3f49850b10857e6afc,7aa36ee28bf5fa9c0b29152bb63c02833c5c6d02ae2c4908d0256a35582c9d9c,last,ood_metric/aupr_out_openood_auc,OOD-3,primary,up,id_train,id_test_vs_mnist,detector_declared,detector/ncp_euclidean_raw,mnist,far,,,,80000,C4,sgd,0.3,0.0,0.9172077949018748,0.0026307255299233643,0.917208 ± 0.002631,0.9146331698530392,0.9170989712555617,0.919891243597023
metric_contract_v1.2,c38b09694be88aa74de0741b39e9d3ba0d6ff61a,35a1a66f78dfd6255c4d804586ee6863969be78d21acec5cd0ccf00476ddaa5c,f80984d28ef9a7550633fb3aea514f783f3db1fa655a6d3f49850b10857e6afc,7aa36ee28bf5fa9c0b29152bb63c02833c5c6d02ae2c4908d0256a35582c9d9c,last,ood_metric/aupr_out_openood_auc,OOD-3,primary,up,id_train,id_test_vs_mnist,detector_declared,detector/neco_author_std_dim100,mnist,far,,,,80000,C4,sgd,0.3,0.0,0.9445669193822575,0.0026993232238610174,0.944567 ± 0.002699,0.9436806001467065,0.9424221890243201,0.9475979689757457
metric_contract_v1.2,c38b09694be88aa74de0741b39e9d3ba0d6ff61a,35a1a66f78dfd6255c4d804586ee6863969be78d21acec5cd0ccf00476ddaa5c,f80984d28ef9a7550633fb3aea514f783f3db1fa655a6d3f49850b10857e6afc,7aa36ee28bf5fa9c0b29152bb63c02833c5c6d02ae2c4908d0256a35582c9d9c,last,ood_metric/aupr_out_openood_auc,OOD-3,primary,up,id_train,id_test_vs_mnist,detector_declared,detector/relative_mahalanobis_pp,mnist,far,,,,80000,C4,sgd,0.3,0.0,0.9725393515594334,0.005594129957901407,0.972539 ± 0.005594,0.969428906641399,0.9691917035026408,0.9789974445342602
metric_contract_v1.2,c38b09694be88aa74de0741b39e9d3ba0d6ff61a,35a1a66f78dfd6255c4d804586ee6863969be78d21acec5cd0ccf00476ddaa5c,f80984d28ef9a7550633fb3aea514f783f3db1fa655a6d3f49850b10857e6afc,7aa36ee28bf5fa9c0b29152bb63c02833c5c6d02ae2c4908d0256a35582c9d9c,last,ood_metric/aupr_out_openood_auc,OOD-3,primary,up,id_train,id_test_vs_mnist,detector_declared,detector/relative_mahalanobis_raw,mnist,far,,,,80000,C4,sgd,0.3,0.0,0.9673058267905351,0.004781842169958481,0.967306 ± 0.004782,0.964964655973766,0.9641456843220582,0.9728071400757811
metric_contract_v1.2,c38b09694be88aa74de0741b39e9d3ba0d6ff61a,35a1a66f78dfd6255c4d804586ee6863969be78d21acec5cd0ccf00476ddaa5c,f80984d28ef9a7550633fb3aea514f783f3db1fa655a6d3f49850b10857e6afc,7aa36ee28bf5fa9c0b29152bb63c02833c5c6d02ae2c4908d0256a35582c9d9c,last,ood_metric/aupr_out_openood_auc,OOD-3,primary,up,id_train,id_test_vs_mnist,detector_declared,detector/vim_author_dim,mnist,far,,,,80000,C4,sgd,0.3,0.0,0.9869868191283128,0.0023220740439432253,0.986987 ± 0.002322,0.9843099482496205,0.9884586696704837,0.9881918394648341
metric_contract_v1.2,c38b09694be88aa74de0741b39e9d3ba0d6ff61a,35a1a66f78dfd6255c4d804586ee6863969be78d21acec5cd0ccf00476ddaa5c,f80984d28ef9a7550633fb3aea514f783f3db1fa655a6d3f49850b10857e6afc,7aa36ee28bf5fa9c0b29152bb63c02833c5c6d02ae2c4908d0256a35582c9d9c,last,ood_metric/aupr_out_openood_auc,OOD-3,primary,up,id_train,id_test_vs_mnist,detector_declared,detector/vim_dim128,mnist,far,,,,80000,C4,sgd,0.3,0.0,0.9912100703946463,0.0014555948221890765,0.991210 ± 0.001456,0.9924882217502515,0.9896257417768816,0.9915162476568058
metric_contract_v1.2,c38b09694be88aa74de0741b39e9d3ba0d6ff61a,35a1a66f78dfd6255c4d804586ee6863969be78d21acec5cd0ccf00476ddaa5c,f80984d28ef9a7550633fb3aea514f783f3db1fa655a6d3f49850b10857e6afc,7aa36ee28bf5fa9c0b29152bb63c02833c5c6d02ae2c4908d0256a35582c9d9c,last,ood_metric/aupr_out_openood_auc,OOD-3,primary,up,id_train,id_test_vs_mnist,detector_declared,detector/vim_dim256,mnist,far,,,,80000,C4,sgd,0.3,0.0,0.9886386447551213,0.0015695838632086873,0.988639 ± 0.001570,0.9868680800159999,0.9898592163760457,0.9891886378733185
metric_contract_v1.2,c38b09694be88aa74de0741b39e9d3ba0d6ff61a,35a1a66f78dfd6255c4d804586ee6863969be78d21acec5cd0ccf00476ddaa5c,f80984d28ef9a7550633fb3aea514f783f3db1fa655a6d3f49850b10857e6afc,7aa36ee28bf5fa9c0b29152bb63c02833c5c6d02ae2c4908d0256a35582c9d9c,last,ood_metric/aupr_out_openood_auc,OOD-3,primary,up,id_train,id_test_vs_mnist,detector_declared,detector/vim_dim320,mnist,far,,,,80000,C4,sgd,0.3,0.0,0.9869868191283128,0.0023220740439432253,0.986987 ± 0.002322,0.9843099482496205,0.9884586696704837,0.9881918394648341
metric_contract_v1.2,c38b09694be88aa74de0741b39e9d3ba0d6ff61a,35a1a66f78dfd6255c4d804586ee6863969be78d21acec5cd0ccf00476ddaa5c,f80984d28ef9a7550633fb3aea514f783f3db1fa655a6d3f49850b10857e6afc,7aa36ee28bf5fa9c0b29152bb63c02833c5c6d02ae2c4908d0256a35582c9d9c,last,ood_metric/aupr_out_openood_auc,OOD-3,primary,up,id_train,id_test_vs_mnist,detector_declared,detector/vim_dim64,mnist,far,,,,80000,C4,sgd,0.3,0.0,0.9919533788713645,0.0004103909624634548,0.991953 ± 0.000410,0.9924024379743674,0.9915977761205456,0.9918599225191804
metric_contract_v1.2,c38b09694be88aa74de0741b39e9d3ba0d6ff61a,35a1a66f78dfd6255c4d804586ee6863969be78d21acec5cd0ccf00476ddaa5c,f80984d28ef9a7550633fb3aea514f783f3db1fa655a6d3f49850b10857e6afc,7aa36ee28bf5fa9c0b29152bb63c02833c5c6d02ae2c4908d0256a35582c9d9c,last,ood_metric/aupr_out_openood_auc,OOD-3,primary,up,id_train,id_test_vs_mnist,detector_declared,detector/weight_cosine_appendix,mnist,far,,,,80000,C4,sgd,0.3,0.0,0.9872301340748834,0.0008384544532575542,0.987230 ± 0.000838,0.9870673709024153,0.9864849946496157,0.9881380366726188
metric_contract_v1.2,c38b09694be88aa74de0741b39e9d3ba0d6ff61a,35a1a66f78dfd6255c4d804586ee6863969be78d21acec5cd0ccf00476ddaa5c,f80984d28ef9a7550633fb3aea514f783f3db1fa655a6d3f49850b10857e6afc,7aa36ee28bf5fa9c0b29152bb63c02833c5c6d02ae2c4908d0256a35582c9d9c,last,ood_metric/aupr_out_openood_auc,OOD-3,primary,up,,id_test_vs_mnist,detector_declared,ood_score/energy_t1,mnist,far,,,,80000,C4,sgd,0.3,0.0,0.9858230922049689,0.000712940060194279,0.985823 ± 0.000713,0.9865836326927031,0.9851699352550907,0.9857157086671131
metric_contract_v1.2,c38b09694be88aa74de0741b39e9d3ba0d6ff61a,35a1a66f78dfd6255c4d804586ee6863969be78d21acec5cd0ccf00476ddaa5c,f80984d28ef9a7550633fb3aea514f783f3db1fa655a6d3f49850b10857e6afc,7aa36ee28bf5fa9c0b29152bb63c02833c5c6d02ae2c4908d0256a35582c9d9c,last,ood_metric/aupr_out_openood_auc,OOD-3,primary,up,,id_test_vs_mnist,detector_declared,ood_score/max_logit,mnist,far,,,,80000,C4,sgd,0.3,0.0,0.9858357746188323,0.0007209082883384962,0.985836 ± 0.000721,0.986586381323417,0.9851487808087626,0.9857721617243171
metric_contract_v1.2,c38b09694be88aa74de0741b39e9d3ba0d6ff61a,35a1a66f78dfd6255c4d804586ee6863969be78d21acec5cd0ccf00476ddaa5c,f80984d28ef9a7550633fb3aea514f783f3db1fa655a6d3f49850b10857e6afc,7aa36ee28bf5fa9c0b29152bb63c02833c5c6d02ae2c4908d0256a35582c9d9c,last,ood_metric/aupr_out_openood_auc,OOD-3,primary,up,,id_test_vs_mnist,detector_declared,ood_score/msp,mnist,far,,,,80000,C4,sgd,0.3,0.0,0.9761661126829692,0.0011849496642607005,0.976166 ± 0.001185,0.976630247074625,0.9748193526340676,0.9770487383402147
metric_contract_v1.2,c38b09694be88aa74de0741b39e9d3ba0d6ff61a,35a1a66f78dfd6255c4d804586ee6863969be78d21acec5cd0ccf00476ddaa5c,f80984d28ef9a7550633fb3aea514f783f3db1fa655a6d3f49850b10857e6afc,7aa36ee28bf5fa9c0b29152bb63c02833c5c6d02ae2c4908d0256a35582c9d9c,last,ood_metric/auroc_id_positive,OOD-1,primary,up,id_train,id_test_vs_mnist,detector_declared,detector/ctm_prototype_cosine,mnist,far,,,,80000,C4,sgd,0.3,0.0,0.9480973280952382,0.0026216567739245304,0.948097 ± 0.002622,0.9510880528571429,0.9461960614285713,0.9470078700000001
metric_contract_v1.2,c38b09694be88aa74de0741b39e9d3ba0d6ff61a,35a1a66f78dfd6255c4d804586ee6863969be78d21acec5cd0ccf00476ddaa5c,f80984d28ef9a7550633fb3aea514f783f3db1fa655a6d3f49850b10857e6afc,7aa36ee28bf5fa9c0b29152bb63c02833c5c6d02ae2c4908d0256a35582c9d9c,last,ood_metric/auroc_id_positive,OOD-1,primary,up,id_train,id_test_vs_mnist,detector_declared,detector/gda_class_density,mnist,far,,,,80000,C4,sgd,0.3,0.0,0.7460527366666666,0.20384273683417897,0.746053 ± 0.203843,0.5121061385714285,0.8405849285714286,0.8854671428571428
metric_contract_v1.2,c38b09694be88aa74de0741b39e9d3ba0d6ff61a,35a1a66f78dfd6255c4d804586ee6863969be78d21acec5cd0ccf00476ddaa5c,f80984d28ef9a7550633fb3aea514f783f3db1fa655a6d3f49850b10857e6afc,7aa36ee28bf5fa9c0b29152bb63c02833c5c6d02ae2c4908d0256a35582c9d9c,last,ood_metric/auroc_id_positive,OOD-1,primary,up,id_train,id_test_vs_mnist,detector_declared,detector/knn_l2_k50,mnist,far,,,,80000,C4,sgd,0.3,0.0,0.9672766861904761,0.004168399377959919,0.967277 ± 0.004168,0.9689484557142857,0.9703496942857143,0.9625319085714285
metric_contract_v1.2,c38b09694be88aa74de0741b39e9d3ba0d6ff61a,35a1a66f78dfd6255c4d804586ee6863969be78d21acec5cd0ccf00476ddaa5c,f80984d28ef9a7550633fb3aea514f783f3db1fa655a6d3f49850b10857e6afc,7aa36ee28bf5fa9c0b29152bb63c02833c5c6d02ae2c4908d0256a35582c9d9c,last,ood_metric/auroc_id_positive,OOD-1,primary,up,id_train,id_test_vs_mnist,detector_declared,detector/mahalanobis_pp,mnist,far,,,,80000,C4,sgd,0.3,0.0,0.9309005761904762,0.008318170517453255,0.930901 ± 0.008318,0.9348745657142856,0.9364863957142857,0.9213407671428572
metric_contract_v1.2,c38b09694be88aa74de0741b39e9d3ba0d6ff61a,35a1a66f78dfd6255c4d804586ee6863969be78d21acec5cd0ccf00476ddaa5c,f80984d28ef9a7550633fb3aea514f783f3db1fa655a6d3f49850b10857e6afc,7aa36ee28bf5fa9c0b29152bb63c02833c5c6d02ae2c4908d0256a35582c9d9c,last,ood_metric/auroc_id_positive,OOD-1,primary,up,id_train,id_test_vs_mnist,detector_declared,detector/mahalanobis_raw,mnist,far,,,,80000,C4,sgd,0.3,0.0,0.6330771061904762,0.03688364807997114,0.633077 ± 0.036884,0.5975633699999999,0.6304750842857143,0.6711928642857143
metric_contract_v1.2,c38b09694be88aa74de0741b39e9d3ba0d6ff61a,35a1a66f78dfd6255c4d804586ee6863969be78d21acec5cd0ccf00476ddaa5c,f80984d28ef9a7550633fb3aea514f783f3db1fa655a6d3f49850b10857e6afc,7aa36ee28bf5fa9c0b29152bb63c02833c5c6d02ae2c4908d0256a35582c9d9c,last,ood_metric/auroc_id_positive,OOD-1,primary,up,id_train,id_test_vs_mnist,detector_declared,detector/marginal_mahalanobis_raw,mnist,far,,,,80000,C4,sgd,0.3,0.0,0.5884693714285715,0.03657668368489329,0.588469 ± 0.036577,0.5521687442857143,0.5879233714285715,0.6253159985714286
metric_contract_v1.2,c38b09694be88aa74de0741b39e9d3ba0d6ff61a,35a1a66f78dfd6255c4d804586ee6863969be78d21acec5cd0ccf00476ddaa5c,f80984d28ef9a7550633fb3aea514f783f3db1fa655a6d3f49850b10857e6afc,7aa36ee28bf5fa9c0b29152bb63c02833c5c6d02ae2c4908d0256a35582c9d9c,last,ood_metric/auroc_id_positive,OOD-1,primary,up,id_train,id_test_vs_mnist,detector_declared,detector/ncp_euclidean_raw,mnist,far,,,,80000,C4,sgd,0.3,0.0,0.71952251,0.018109051416348037,0.719523 ± 0.018109,0.7101471271428571,0.708023342857143,0.74039706
metric_contract_v1.2,c38b09694be88aa74de0741b39e9d3ba0d6ff61a,35a1a66f78dfd6255c4d804586ee6863969be78d21acec5cd0ccf00476ddaa5c,f80984d28ef9a7550633fb3aea514f783f3db1fa655a6d3f49850b10857e6afc,7aa36ee28bf5fa9c0b29152bb63c02833c5c6d02ae2c4908d0256a35582c9d9c,last,ood_metric/auroc_id_positive,OOD-1,primary,up,id_train,id_test_vs_mnist,detector_declared,detector/neco_author_std_dim100,mnist,far,,,,80000,C4,sgd,0.3,0.0,0.8211732757142857,0.0076275532377413835,0.821173 ± 0.007628,0.8263173328571428,0.8124098357142857,0.8247926585714285
metric_contract_v1.2,c38b09694be88aa74de0741b39e9d3ba0d6ff61a,35a1a66f78dfd6255c4d804586ee6863969be78d21acec5cd0ccf00476ddaa5c,f80984d28ef9a7550633fb3aea514f783f3db1fa655a6d3f49850b10857e6afc,7aa36ee28bf5fa9c0b29152bb63c02833c5c6d02ae2c4908d0256a35582c9d9c,last,ood_metric/auroc_id_positive,OOD-1,primary,up,id_train,id_test_vs_mnist,detector_declared,detector/relative_mahalanobis_pp,mnist,far,,,,80000,C4,sgd,0.3,0.0,0.8882492104761904,0.017213296652682605,0.888249 ± 0.017213,0.8761192485714285,0.8806780042857143,0.9079503785714286
metric_contract_v1.2,c38b09694be88aa74de0741b39e9d3ba0d6ff61a,35a1a66f78dfd6255c4d804586ee6863969be78d21acec5cd0ccf00476ddaa5c,f80984d28ef9a7550633fb3aea514f783f3db1fa655a6d3f49850b10857e6afc,7aa36ee28bf5fa9c0b29152bb63c02833c5c6d02ae2c4908d0256a35582c9d9c,last,ood_metric/auroc_id_positive,OOD-1,primary,up,id_train,id_test_vs_mnist,detector_declared,detector/relative_mahalanobis_raw,mnist,far,,,,80000,C4,sgd,0.3,0.0,0.8763798180952381,0.011774950133668732,0.876380 ± 0.011775,0.8669521085714286,0.8726090885714287,0.8895782571428571
metric_contract_v1.2,c38b09694be88aa74de0741b39e9d3ba0d6ff61a,35a1a66f78dfd6255c4d804586ee6863969be78d21acec5cd0ccf00476ddaa5c,f80984d28ef9a7550633fb3aea514f783f3db1fa655a6d3f49850b10857e6afc,7aa36ee28bf5fa9c0b29152bb63c02833c5c6d02ae2c4908d0256a35582c9d9c,last,ood_metric/auroc_id_positive,OOD-1,primary,up,id_train,id_test_vs_mnist,detector_declared,detector/vim_author_dim,mnist,far,,,,80000,C4,sgd,0.3,0.0,0.9424767666666666,0.00903542317142023,0.942477 ± 0.009035,0.9320437042857143,0.9477410357142857,0.94764556
metric_contract_v1.2,c38b09694be88aa74de0741b39e9d3ba0d6ff61a,35a1a66f78dfd6255c4d804586ee6863969be78d21acec5cd0ccf00476ddaa5c,f80984d28ef9a7550633fb3aea514f783f3db1fa655a6d3f49850b10857e6afc,7aa36ee28bf5fa9c0b29152bb63c02833c5c6d02ae2c4908d0256a35582c9d9c,last,ood_metric/auroc_id_positive,OOD-1,primary,up,id_train,id_test_vs_mnist,detector_declared,detector/vim_dim128,mnist,far,,,,80000,C4,sgd,0.3,0.0,0.9579919228571429,0.006088955636801905,0.957992 ± 0.006089,0.9623469171428571,0.9510341642857142,0.9605946871428572
metric_contract_v1.2,c38b09694be88aa74de0741b39e9d3ba0d6ff61a,35a1a66f78dfd6255c4d804586ee6863969be78d21acec5cd0ccf00476ddaa5c,f80984d28ef9a7550633fb3aea514f783f3db1fa655a6d3f49850b10857e6afc,7aa36ee28bf5fa9c0b29152bb63c02833c5c6d02ae2c4908d0256a35582c9d9c,last,ood_metric/auroc_id_positive,OOD-1,primary,up,id_train,id_test_vs_mnist,detector_declared,detector/vim_dim256,mnist,far,,,,80000,C4,sgd,0.3,0.0,0.9485690285714284,0.006274802061107532,0.948569 ± 0.006275,0.9413260185714286,0.9523555957142857,0.9520254714285714
metric_contract_v1.2,c38b09694be88aa74de0741b39e9d3ba0d6ff61a,35a1a66f78dfd6255c4d804586ee6863969be78d21acec5cd0ccf00476ddaa5c,f80984d28ef9a7550633fb3aea514f783f3db1fa655a6d3f49850b10857e6afc,7aa36ee28bf5fa9c0b29152bb63c02833c5c6d02ae2c4908d0256a35582c9d9c,last,ood_metric/auroc_id_positive,OOD-1,primary,up,id_train,id_test_vs_mnist,detector_declared,detector/vim_dim320,mnist,far,,,,80000,C4,sgd,0.3,0.0,0.9424767666666666,0.00903542317142023,0.942477 ± 0.009035,0.9320437042857143,0.9477410357142857,0.94764556
metric_contract_v1.2,c38b09694be88aa74de0741b39e9d3ba0d6ff61a,35a1a66f78dfd6255c4d804586ee6863969be78d21acec5cd0ccf00476ddaa5c,f80984d28ef9a7550633fb3aea514f783f3db1fa655a6d3f49850b10857e6afc,7aa36ee28bf5fa9c0b29152bb63c02833c5c6d02ae2c4908d0256a35582c9d9c,last,ood_metric/auroc_id_positive,OOD-1,primary,up,id_train,id_test_vs_mnist,detector_declared,detector/vim_dim64,mnist,far,,,,80000,C4,sgd,0.3,0.0,0.9614385304761904,0.000467052901488005,0.961439 ± 0.000467,0.9616346428571428,0.9609053957142858,0.9617755528571428
metric_contract_v1.2,c38b09694be88aa74de0741b39e9d3ba0d6ff61a,35a1a66f78dfd6255c4d804586ee6863969be78d21acec5cd0ccf00476ddaa5c,f80984d28ef9a7550633fb3aea514f783f3db1fa655a6d3f49850b10857e6afc,7aa36ee28bf5fa9c0b29152bb63c02833c5c6d02ae2c4908d0256a35582c9d9c,last,ood_metric/auroc_id_positive,OOD-1,primary,up,id_train,id_test_vs_mnist,detector_declared,detector/weight_cosine_appendix,mnist,far,,,,80000,C4,sgd,0.3,0.0,0.9469450433333334,0.0029173191254476803,0.946945 ± 0.002917,0.9457067742857144,0.9448511042857144,0.9502772514285716
metric_contract_v1.2,c38b09694be88aa74de0741b39e9d3ba0d6ff61a,35a1a66f78dfd6255c4d804586ee6863969be78d21acec5cd0ccf00476ddaa5c,f80984d28ef9a7550633fb3aea514f783f3db1fa655a6d3f49850b10857e6afc,7aa36ee28bf5fa9c0b29152bb63c02833c5c6d02ae2c4908d0256a35582c9d9c,last,ood_metric/auroc_id_positive,OOD-1,primary,up,,id_test_vs_mnist,detector_declared,ood_score/energy_t1,mnist,far,,,,80000,C4,sgd,0.3,0.0,0.9403275052380953,0.002624433545750771,0.940328 ± 0.002624,0.9433417857142857,0.9390909871428571,0.9385497428571429
metric_contract_v1.2,c38b09694be88aa74de0741b39e9d3ba0d6ff61a,35a1a66f78dfd6255c4d804586ee6863969be78d21acec5cd0ccf00476ddaa5c,f80984d28ef9a7550633fb3aea514f783f3db1fa655a6d3f49850b10857e6afc,7aa36ee28bf5fa9c0b29152bb63c02833c5c6d02ae2c4908d0256a35582c9d9c,last,ood_metric/auroc_id_positive,OOD-1,primary,up,,id_test_vs_mnist,detector_declared,ood_score/max_logit,mnist,far,,,,80000,C4,sgd,0.3,0.0,0.9401701316666667,0.00262801193145875,0.940170 ± 0.002628,0.9431972692857142,0.9388403428571429,0.938472782857143
metric_contract_v1.2,c38b09694be88aa74de0741b39e9d3ba0d6ff61a,35a1a66f78dfd6255c4d804586ee6863969be78d21acec5cd0ccf00476ddaa5c,f80984d28ef9a7550633fb3aea514f783f3db1fa655a6d3f49850b10857e6afc,7aa36ee28bf5fa9c0b29152bb63c02833c5c6d02ae2c4908d0256a35582c9d9c,last,ood_metric/auroc_id_positive,OOD-1,primary,up,,id_test_vs_mnist,detector_declared,ood_score/msp,mnist,far,,,,80000,C4,sgd,0.3,0.0,0.9001135990476191,0.003033512682359815,0.900114 ± 0.003034,0.9016241078571429,0.8966213807142858,0.9020953085714286
metric_contract_v1.2,c38b09694be88aa74de0741b39e9d3ba0d6ff61a,35a1a66f78dfd6255c4d804586ee6863969be78d21acec5cd0ccf00476ddaa5c,f80984d28ef9a7550633fb3aea514f783f3db1fa655a6d3f49850b10857e6afc,7aa36ee28bf5fa9c0b29152bb63c02833c5c6d02ae2c4908d0256a35582c9d9c,last,ood_metric/fpr95_achieved_id_tpr,OOD-4,appendix,descriptive,id_train,id_test_vs_mnist,detector_declared,detector/ctm_prototype_cosine,mnist,far,,,,80000,C4,sgd,0.3,0.0,0.9499999999999998,1.3597399555105182e-16,0.950000 ± 0.000000,0.95,0.95,0.95
metric_contract_v1.2,c38b09694be88aa74de0741b39e9d3ba0d6ff61a,35a1a66f78dfd6255c4d804586ee6863969be78d21acec5cd0ccf00476ddaa5c,f80984d28ef9a7550633fb3aea514f783f3db1fa655a6d3f49850b10857e6afc,7aa36ee28bf5fa9c0b29152bb63c02833c5c6d02ae2c4908d0256a35582c9d9c,last,ood_metric/fpr95_achieved_id_tpr,OOD-4,appendix,descriptive,id_train,id_test_vs_mnist,detector_declared,detector/gda_class_density,mnist,far,,,,80000,C4,sgd,0.3,0.0,0.9499999999999998,1.3597399555105182e-16,0.950000 ± 0.000000,0.95,0.95,0.95
metric_contract_v1.2,c38b09694be88aa74de0741b39e9d3ba0d6ff61a,35a1a66f78dfd6255c4d804586ee6863969be78d21acec5cd0ccf00476ddaa5c,f80984d28ef9a7550633fb3aea514f783f3db1fa655a6d3f49850b10857e6afc,7aa36ee28bf5fa9c0b29152bb63c02833c5c6d02ae2c4908d0256a35582c9d9c,last,ood_metric/fpr95_achieved_id_tpr,OOD-4,appendix,descriptive,id_train,id_test_vs_mnist,detector_declared,detector/knn_l2_k50,mnist,far,,,,80000,C4,sgd,0.3,0.0,0.9499999999999998,1.3597399555105182e-16,0.950000 ± 0.000000,0.95,0.95,0.95
metric_contract_v1.2,c38b09694be88aa74de0741b39e9d3ba0d6ff61a,35a1a66f78dfd6255c4d804586ee6863969be78d21acec5cd0ccf00476ddaa5c,f80984d28ef9a7550633fb3aea514f783f3db1fa655a6d3f49850b10857e6afc,7aa36ee28bf5fa9c0b29152bb63c02833c5c6d02ae2c4908d0256a35582c9d9c,last,ood_metric/fpr95_achieved_id_tpr,OOD-4,appendix,descriptive,id_train,id_test_vs_mnist,detector_declared,detector/mahalanobis_pp,mnist,far,,,,80000,C4,sgd,0.3,0.0,0.9499999999999998,1.3597399555105182e-16,0.950000 ± 0.000000,0.95,0.95,0.95
metric_contract_v1.2,c38b09694be88aa74de0741b39e9d3ba0d6ff61a,35a1a66f78dfd6255c4d804586ee6863969be78d21acec5cd0ccf00476ddaa5c,f80984d28ef9a7550633fb3aea514f783f3db1fa655a6d3f49850b10857e6afc,7aa36ee28bf5fa9c0b29152bb63c02833c5c6d02ae2c4908d0256a35582c9d9c,last,ood_metric/fpr95_achieved_id_tpr,OOD-4,appendix,descriptive,id_train,id_test_vs_mnist,detector_declared,detector/mahalanobis_raw,mnist,far,,,,80000,C4,sgd,0.3,0.0,0.9499999999999998,1.3597399555105182e-16,0.950000 ± 0.000000,0.95,0.95,0.95
metric_contract_v1.2,c38b09694be88aa74de0741b39e9d3ba0d6ff61a,35a1a66f78dfd6255c4d804586ee6863969be78d21acec5cd0ccf00476ddaa5c,f80984d28ef9a7550633fb3aea514f783f3db1fa655a6d3f49850b10857e6afc,7aa36ee28bf5fa9c0b29152bb63c02833c5c6d02ae2c4908d0256a35582c9d9c,last,ood_metric/fpr95_achieved_id_tpr,OOD-4,appendix,descriptive,id_train,id_test_vs_mnist,detector_declared,detector/marginal_mahalanobis_raw,mnist,far,,,,80000,C4,sgd,0.3,0.0,0.9499999999999998,1.3597399555105182e-16,0.950000 ± 0.000000,0.95,0.95,0.95
metric_contract_v1.2,c38b09694be88aa74de0741b39e9d3ba0d6ff61a,35a1a66f78dfd6255c4d804586ee6863969be78d21acec5cd0ccf00476ddaa5c,f80984d28ef9a7550633fb3aea514f783f3db1fa655a6d3f49850b10857e6afc,7aa36ee28bf5fa9c0b29152bb63c02833c5c6d02ae2c4908d0256a35582c9d9c,last,ood_metric/fpr95_achieved_id_tpr,OOD-4,appendix,descriptive,id_train,id_test_vs_mnist,detector_declared,detector/ncp_euclidean_raw,mnist,far,,,,80000,C4,sgd,0.3,0.0,0.9499999999999998,1.3597399555105182e-16,0.950000 ± 0.000000,0.95,0.95,0.95
metric_contract_v1.2,c38b09694be88aa74de0741b39e9d3ba0d6ff61a,35a1a66f78dfd6255c4d804586ee6863969be78d21acec5cd0ccf00476ddaa5c,f80984d28ef9a7550633fb3aea514f783f3db1fa655a6d3f49850b10857e6afc,7aa36ee28bf5fa9c0b29152bb63c02833c5c6d02ae2c4908d0256a35582c9d9c,last,ood_metric/fpr95_achieved_id_tpr,OOD-4,appendix,descriptive,id_train,id_test_vs_mnist,detector_declared,detector/neco_author_std_dim100,mnist,far,,,,80000,C4,sgd,0.3,0.0,0.9499999999999998,1.3597399555105182e-16,0.950000 ± 0.000000,0.95,0.95,0.95
metric_contract_v1.2,c38b09694be88aa74de0741b39e9d3ba0d6ff61a,35a1a66f78dfd6255c4d804586ee6863969be78d21acec5cd0ccf00476ddaa5c,f80984d28ef9a7550633fb3aea514f783f3db1fa655a6d3f49850b10857e6afc,7aa36ee28bf5fa9c0b29152bb63c02833c5c6d02ae2c4908d0256a35582c9d9c,last,ood_metric/fpr95_achieved_id_tpr,OOD-4,appendix,descriptive,id_train,id_test_vs_mnist,detector_declared,detector/relative_mahalanobis_pp,mnist,far,,,,80000,C4,sgd,0.3,0.0,0.9499999999999998,1.3597399555105182e-16,0.950000 ± 0.000000,0.95,0.95,0.95
metric_contract_v1.2,c38b09694be88aa74de0741b39e9d3ba0d6ff61a,35a1a66f78dfd6255c4d804586ee6863969be78d21acec5cd0ccf00476ddaa5c,f80984d28ef9a7550633fb3aea514f783f3db1fa655a6d3f49850b10857e6afc,7aa36ee28bf5fa9c0b29152bb63c02833c5c6d02ae2c4908d0256a35582c9d9c,last,ood_metric/fpr95_achieved_id_tpr,OOD-4,appendix,descriptive,id_train,id_test_vs_mnist,detector_declared,detector/relative_mahalanobis_raw,mnist,far,,,,80000,C4,sgd,0.3,0.0,0.9499999999999998,1.3597399555105182e-16,0.950000 ± 0.000000,0.95,0.95,0.95
metric_contract_v1.2,c38b09694be88aa74de0741b39e9d3ba0d6ff61a,35a1a66f78dfd6255c4d804586ee6863969be78d21acec5cd0ccf00476ddaa5c,f80984d28ef9a7550633fb3aea514f783f3db1fa655a6d3f49850b10857e6afc,7aa36ee28bf5fa9c0b29152bb63c02833c5c6d02ae2c4908d0256a35582c9d9c,last,ood_metric/fpr95_achieved_id_tpr,OOD-4,appendix,descriptive,id_train,id_test_vs_mnist,detector_declared,detector/vim_author_dim,mnist,far,,,,80000,C4,sgd,0.3,0.0,0.9499999999999998,1.3597399555105182e-16,0.950000 ± 0.000000,0.95,0.95,0.95
metric_contract_v1.2,c38b09694be88aa74de0741b39e9d3ba0d6ff61a,35a1a66f78dfd6255c4d804586ee6863969be78d21acec5cd0ccf00476ddaa5c,f80984d28ef9a7550633fb3aea514f783f3db1fa655a6d3f49850b10857e6afc,7aa36ee28bf5fa9c0b29152bb63c02833c5c6d02ae2c4908d0256a35582c9d9c,last,ood_metric/fpr95_achieved_id_tpr,OOD-4,appendix,descriptive,id_train,id_test_vs_mnist,detector_declared,detector/vim_dim128,mnist,far,,,,80000,C4,sgd,0.3,0.0,0.9499999999999998,1.3597399555105182e-16,0.950000 ± 0.000000,0.95,0.95,0.95
metric_contract_v1.2,c38b09694be88aa74de0741b39e9d3ba0d6ff61a,35a1a66f78dfd6255c4d804586ee6863969be78d21acec5cd0ccf00476ddaa5c,f80984d28ef9a7550633fb3aea514f783f3db1fa655a6d3f49850b10857e6afc,7aa36ee28bf5fa9c0b29152bb63c02833c5c6d02ae2c4908d0256a35582c9d9c,last,ood_metric/fpr95_achieved_id_tpr,OOD-4,appendix,descriptive,id_train,id_test_vs_mnist,detector_declared,detector/vim_dim256,mnist,far,,,,80000,C4,sgd,0.3,0.0,0.9499999999999998,1.3597399555105182e-16,0.950000 ± 0.000000,0.95,0.95,0.95
metric_contract_v1.2,c38b09694be88aa74de0741b39e9d3ba0d6ff61a,35a1a66f78dfd6255c4d804586ee6863969be78d21acec5cd0ccf00476ddaa5c,f80984d28ef9a7550633fb3aea514f783f3db1fa655a6d3f49850b10857e6afc,7aa36ee28bf5fa9c0b29152bb63c02833c5c6d02ae2c4908d0256a35582c9d9c,last,ood_metric/fpr95_achieved_id_tpr,OOD-4,appendix,descriptive,id_train,id_test_vs_mnist,detector_declared,detector/vim_dim320,mnist,far,,,,80000,C4,sgd,0.3,0.0,0.9499999999999998,1.3597399555105182e-16,0.950000 ± 0.000000,0.95,0.95,0.95
metric_contract_v1.2,c38b09694be88aa74de0741b39e9d3ba0d6ff61a,35a1a66f78dfd6255c4d804586ee6863969be78d21acec5cd0ccf00476ddaa5c,f80984d28ef9a7550633fb3aea514f783f3db1fa655a6d3f49850b10857e6afc,7aa36ee28bf5fa9c0b29152bb63c02833c5c6d02ae2c4908d0256a35582c9d9c,last,ood_metric/fpr95_achieved_id_tpr,OOD-4,appendix,descriptive,id_train,id_test_vs_mnist,detector_declared,detector/vim_dim64,mnist,far,,,,80000,C4,sgd,0.3,0.0,0.9499999999999998,1.3597399555105182e-16,0.950000 ± 0.000000,0.95,0.95,0.95
metric_contract_v1.2,c38b09694be88aa74de0741b39e9d3ba0d6ff61a,35a1a66f78dfd6255c4d804586ee6863969be78d21acec5cd0ccf00476ddaa5c,f80984d28ef9a7550633fb3aea514f783f3db1fa655a6d3f49850b10857e6afc,7aa36ee28bf5fa9c0b29152bb63c02833c5c6d02ae2c4908d0256a35582c9d9c,last,ood_metric/fpr95_achieved_id_tpr,OOD-4,appendix,descriptive,id_train,id_test_vs_mnist,detector_declared,detector/weight_cosine_appendix,mnist,far,,,,80000,C4,sgd,0.3,0.0,0.9499999999999998,1.3597399555105182e-16,0.950000 ± 0.000000,0.95,0.95,0.95
metric_contract_v1.2,c38b09694be88aa74de0741b39e9d3ba0d6ff61a,35a1a66f78dfd6255c4d804586ee6863969be78d21acec5cd0ccf00476ddaa5c,f80984d28ef9a7550633fb3aea514f783f3db1fa655a6d3f49850b10857e6afc,7aa36ee28bf5fa9c0b29152bb63c02833c5c6d02ae2c4908d0256a35582c9d9c,last,ood_metric/fpr95_achieved_id_tpr,OOD-4,appendix,descriptive,,id_test_vs_mnist,detector_declared,ood_score/energy_t1,mnist,far,,,,80000,C4,sgd,0.3,0.0,0.9499999999999998,1.3597399555105182e-16,0.950000 ± 0.000000,0.95,0.95,0.95
metric_contract_v1.2,c38b09694be88aa74de0741b39e9d3ba0d6ff61a,35a1a66f78dfd6255c4d804586ee6863969be78d21acec5cd0ccf00476ddaa5c,f80984d28ef9a7550633fb3aea514f783f3db1fa655a6d3f49850b10857e6afc,7aa36ee28bf5fa9c0b29152bb63c02833c5c6d02ae2c4908d0256a35582c9d9c,last,ood_metric/fpr95_achieved_id_tpr,OOD-4,appendix,descriptive,,id_test_vs_mnist,detector_declared,ood_score/max_logit,mnist,far,,,,80000,C4,sgd,0.3,0.0,0.9499999999999998,1.3597399555105182e-16,0.950000 ± 0.000000,0.95,0.95,0.95
metric_contract_v1.2,c38b09694be88aa74de0741b39e9d3ba0d6ff61a,35a1a66f78dfd6255c4d804586ee6863969be78d21acec5cd0ccf00476ddaa5c,f80984d28ef9a7550633fb3aea514f783f3db1fa655a6d3f49850b10857e6afc,7aa36ee28bf5fa9c0b29152bb63c02833c5c6d02ae2c4908d0256a35582c9d9c,last,ood_metric/fpr95_achieved_id_tpr,OOD-4,appendix,descriptive,,id_test_vs_mnist,detector_declared,ood_score/msp,mnist,far,,,,80000,C4,sgd,0.3,0.0,0.9499999999999998,1.3597399555105182e-16,0.950000 ± 0.000000,0.95,0.95,0.95
metric_contract_v1.2,c38b09694be88aa74de0741b39e9d3ba0d6ff61a,35a1a66f78dfd6255c4d804586ee6863969be78d21acec5cd0ccf00476ddaa5c,f80984d28ef9a7550633fb3aea514f783f3db1fa655a6d3f49850b10857e6afc,7aa36ee28bf5fa9c0b29152bb63c02833c5c6d02ae2c4908d0256a35582c9d9c,last,ood_metric/fpr95_id_tpr,OOD-4,primary,down,id_train,id_test_vs_mnist,detector_declared,detector/ctm_prototype_cosine,mnist,far,,,,80000,C4,sgd,0.3,0.0,0.3580190476190476,0.03128112925741408,0.358019 ± 0.031281,0.3245571428571429,0.36297142857142856,0.38652857142857144
metric_contract_v1.2,c38b09694be88aa74de0741b39e9d3ba0d6ff61a,35a1a66f78dfd6255c4d804586ee6863969be78d21acec5cd0ccf00476ddaa5c,f80984d28ef9a7550633fb3aea514f783f3db1fa655a6d3f49850b10857e6afc,7aa36ee28bf5fa9c0b29152bb63c02833c5c6d02ae2c4908d0256a35582c9d9c,last,ood_metric/fpr95_id_tpr,OOD-4,primary,down,id_train,id_test_vs_mnist,detector_declared,detector/gda_class_density,mnist,far,,,,80000,C4,sgd,0.3,0.0,0.7874857142857143,0.16020950632957878,0.787486 ± 0.160210,0.9591857142857143,0.7612714285714286,0.642
metric_contract_v1.2,c38b09694be88aa74de0741b39e9d3ba0d6ff61a,35a1a66f78dfd6255c4d804586ee6863969be78d21acec5cd0ccf00476ddaa5c,f80984d28ef9a7550633fb3aea514f783f3db1fa655a6d3f49850b10857e6afc,7aa36ee28bf5fa9c0b29152bb63c02833c5c6d02ae2c4908d0256a35582c9d9c,last,ood_metric/fpr95_id_tpr,OOD-4,primary,down,id_train,id_test_vs_mnist,detector_declared,detector/knn_l2_k50,mnist,far,,,,80000,C4,sgd,0.3,0.0,0.20668095238095238,0.047818889473472605,0.206681 ± 0.047819,0.18732857142857143,0.17157142857142857,0.2611428571428571
metric_contract_v1.2,c38b09694be88aa74de0741b39e9d3ba0d6ff61a,35a1a66f78dfd6255c4d804586ee6863969be78d21acec5cd0ccf00476ddaa5c,f80984d28ef9a7550633fb3aea514f783f3db1fa655a6d3f49850b10857e6afc,7aa36ee28bf5fa9c0b29152bb63c02833c5c6d02ae2c4908d0256a35582c9d9c,last,ood_metric/fpr95_id_tpr,OOD-4,primary,down,id_train,id_test_vs_mnist,detector_declared,detector/mahalanobis_pp,mnist,far,,,,80000,C4,sgd,0.3,0.0,0.45616666666666666,0.07542551445825557,0.456167 ± 0.075426,0.40231428571428574,0.4238142857142857,0.5423714285714286
metric_contract_v1.2,c38b09694be88aa74de0741b39e9d3ba0d6ff61a,35a1a66f78dfd6255c4d804586ee6863969be78d21acec5cd0ccf00476ddaa5c,f80984d28ef9a7550633fb3aea514f783f3db1fa655a6d3f49850b10857e6afc,7aa36ee28bf5fa9c0b29152bb63c02833c5c6d02ae2c4908d0256a35582c9d9c,last,ood_metric/fpr95_id_tpr,OOD-4,primary,down,id_train,id_test_vs_mnist,detector_declared,detector/mahalanobis_raw,mnist,far,,,,80000,C4,sgd,0.3,0.0,0.8918380952380952,0.011066610318682873,0.891838 ± 0.011067,0.8987,0.8790714285714286,0.8977428571428572
metric_contract_v1.2,c38b09694be88aa74de0741b39e9d3ba0d6ff61a,35a1a66f78dfd6255c4d804586ee6863969be78d21acec5cd0ccf00476ddaa5c,f80984d28ef9a7550633fb3aea514f783f3db1fa655a6d3f49850b10857e6afc,7aa36ee28bf5fa9c0b29152bb63c02833c5c6d02ae2c4908d0256a35582c9d9c,last,ood_metric/fpr95_id_tpr,OOD-4,primary,down,id_train,id_test_vs_mnist,detector_declared,detector/marginal_mahalanobis_raw,mnist,far,,,,80000,C4,sgd,0.3,0.0,0.9080666666666666,0.013276781431132593,0.908067 ± 0.013277,0.9069714285714285,0.8953714285714286,0.9218571428571428
metric_contract_v1.2,c38b09694be88aa74de0741b39e9d3ba0d6ff61a,35a1a66f78dfd6255c4d804586ee6863969be78d21acec5cd0ccf00476ddaa5c,f80984d28ef9a7550633fb3aea514f783f3db1fa655a6d3f49850b10857e6afc,7aa36ee28bf5fa9c0b29152bb63c02833c5c6d02ae2c4908d0256a35582c9d9c,last,ood_metric/fpr95_id_tpr,OOD-4,primary,down,id_train,id_test_vs_mnist,detector_declared,detector/ncp_euclidean_raw,mnist,far,,,,80000,C4,sgd,0.3,0.0,0.9488714285714286,0.012822079171714459,0.948871 ± 0.012822,0.9423571428571429,0.9406142857142857,0.9636428571428571
metric_contract_v1.2,c38b09694be88aa74de0741b39e9d3ba0d6ff61a,35a1a66f78dfd6255c4d804586ee6863969be78d21acec5cd0ccf00476ddaa5c,f80984d28ef9a7550633fb3aea514f783f3db1fa655a6d3f49850b10857e6afc,7aa36ee28bf5fa9c0b29152bb63c02833c5c6d02ae2c4908d0256a35582c9d9c,last,ood_metric/fpr95_id_tpr,OOD-4,primary,down,id_train,id_test_vs_mnist,detector_declared,detector/neco_author_std_dim100,mnist,far,,,,80000,C4,sgd,0.3,0.0,0.9084380952380952,0.02088200247128814,0.908438 ± 0.020882,0.9227142857142857,0.9181285714285714,0.8844714285714286
metric_contract_v1.2,c38b09694be88aa74de0741b39e9d3ba0d6ff61a,35a1a66f78dfd6255c4d804586ee6863969be78d21acec5cd0ccf00476ddaa5c,f80984d28ef9a7550633fb3aea514f783f3db1fa655a6d3f49850b10857e6afc,7aa36ee28bf5fa9c0b29152bb63c02833c5c6d02ae2c4908d0256a35582c9d9c,last,ood_metric/fpr95_id_tpr,OOD-4,primary,down,id_train,id_test_vs_mnist,detector_declared,detector/relative_mahalanobis_pp,mnist,far,,,,80000,C4,sgd,0.3,0.0,0.6826523809523809,0.08168741982596299,0.682652 ± 0.081687,0.7295,0.7301285714285715,0.5883285714285714
metric_contract_v1.2,c38b09694be88aa74de0741b39e9d3ba0d6ff61a,35a1a66f78dfd6255c4d804586ee6863969be78d21acec5cd0ccf00476ddaa5c,f80984d28ef9a7550633fb3aea514f783f3db1fa655a6d3f49850b10857e6afc,7aa36ee28bf5fa9c0b29152bb63c02833c5c6d02ae2c4908d0256a35582c9d9c,last,ood_metric/fpr95_id_tpr,OOD-4,primary,down,id_train,id_test_vs_mnist,detector_declared,detector/relative_mahalanobis_raw,mnist,far,,,,80000,C4,sgd,0.3,0.0,0.7366,0.06571807597764927,0.736600 ± 0.065718,0.7665428571428572,0.7820142857142857,0.6612428571428571
metric_contract_v1.2,c38b09694be88aa74de0741b39e9d3ba0d6ff61a,35a1a66f78dfd6255c4d804586ee6863969be78d21acec5cd0ccf00476ddaa5c,f80984d28ef9a7550633fb3aea514f783f3db1fa655a6d3f49850b10857e6afc,7aa36ee28bf5fa9c0b29152bb63c02833c5c6d02ae2c4908d0256a35582c9d9c,last,ood_metric/fpr95_id_tpr,OOD-4,primary,down,id_train,id_test_vs_mnist,detector_declared,detector/vim_author_dim,mnist,far,,,,80000,C4,sgd,0.3,0.0,0.4000761904761905,0.0636084552416681,0.400076 ± 0.063608,0.4714714285714286,0.34944285714285717,0.3793142857142857
metric_contract_v1.2,c38b09694be88aa74de0741b39e9d3ba0d6ff61a,35a1a66f78dfd6255c4d804586ee6863969be78d21acec5cd0ccf00476ddaa5c,f80984d28ef9a7550633fb3aea514f783f3db1fa655a6d3f49850b10857e6afc,7aa36ee28bf5fa9c0b29152bb63c02833c5c6d02ae2c4908d0256a35582c9d9c,last,ood_metric/fpr95_id_tpr,OOD-4,primary,down,id_train,id_test_vs_mnist,detector_declared,detector/vim_dim128,mnist,far,,,,80000,C4,sgd,0.3,0.0,0.2849333333333333,0.050521465095285496,0.284933 ± 0.050521,0.24327142857142858,0.34112857142857145,0.2704
metric_contract_v1.2,c38b09694be88aa74de0741b39e9d3ba0d6ff61a,35a1a66f78dfd6255c4d804586ee6863969be78d21acec5cd0ccf00476ddaa5c,f80984d28ef9a7550633fb3aea514f783f3db1fa655a6d3f49850b10857e6afc,7aa36ee28bf5fa9c0b29152bb63c02833c5c6d02ae2c4908d0256a35582c9d9c,last,ood_metric/fpr95_id_tpr,OOD-4,primary,down,id_train,id_test_vs_mnist,detector_declared,detector/vim_dim256,mnist,far,,,,80000,C4,sgd,0.3,0.0,0.3450619047619048,0.04411064551351577,0.345062 ± 0.044111,0.39475714285714286,0.3105428571428571,0.3298857142857143
metric_contract_v1.2,c38b09694be88aa74de0741b39e9d3ba0d6ff61a,35a1a66f78dfd6255c4d804586ee6863969be78d21acec5cd0ccf00476ddaa5c,f80984d28ef9a7550633fb3aea514f783f3db1fa655a6d3f49850b10857e6afc,7aa36ee28bf5fa9c0b29152bb63c02833c5c6d02ae2c4908d0256a35582c9d9c,last,ood_metric/fpr95_id_tpr,OOD-4,primary,down,id_train,id_test_vs_mnist,detector_declared,detector/vim_dim320,mnist,far,,,,80000,C4,sgd,0.3,0.0,0.4000761904761905,0.0636084552416681,0.400076 ± 0.063608,0.4714714285714286,0.34944285714285717,0.3793142857142857
metric_contract_v1.2,c38b09694be88aa74de0741b39e9d3ba0d6ff61a,35a1a66f78dfd6255c4d804586ee6863969be78d21acec5cd0ccf00476ddaa5c,f80984d28ef9a7550633fb3aea514f783f3db1fa655a6d3f49850b10857e6afc,7aa36ee28bf5fa9c0b29152bb63c02833c5c6d02ae2c4908d0256a35582c9d9c,last,ood_metric/fpr95_id_tpr,OOD-4,primary,down,id_train,id_test_vs_mnist,detector_declared,detector/vim_dim64,mnist,far,,,,80000,C4,sgd,0.3,0.0,0.2553095238095238,0.005710719125046354,0.255310 ± 0.005711,0.24948571428571428,0.2609,0.2555428571428571
metric_contract_v1.2,c38b09694be88aa74de0741b39e9d3ba0d6ff61a,35a1a66f78dfd6255c4d804586ee6863969be78d21acec5cd0ccf00476ddaa5c,f80984d28ef9a7550633fb3aea514f783f3db1fa655a6d3f49850b10857e6afc,7aa36ee28bf5fa9c0b29152bb63c02833c5c6d02ae2c4908d0256a35582c9d9c,last,ood_metric/fpr95_id_tpr,OOD-4,primary,down,id_train,id_test_vs_mnist,detector_declared,detector/weight_cosine_appendix,mnist,far,,,,80000,C4,sgd,0.3,0.0,0.3554095238095238,0.013556084057204217,0.355410 ± 0.013556,0.3674,0.3581285714285714,0.3407
metric_contract_v1.2,c38b09694be88aa74de0741b39e9d3ba0d6ff61a,35a1a66f78dfd6255c4d804586ee6863969be78d21acec5cd0ccf00476ddaa5c,f80984d28ef9a7550633fb3aea514f783f3db1fa655a6d3f49850b10857e6afc,7aa36ee28bf5fa9c0b29152bb63c02833c5c6d02ae2c4908d0256a35582c9d9c,last,ood_metric/fpr95_id_tpr,OOD-4,primary,down,,id_test_vs_mnist,detector_declared,ood_score/energy_t1,mnist,far,,,,80000,C4,sgd,0.3,0.0,0.4224666666666666,0.027570970881964776,0.422467 ± 0.027571,0.3907,0.44017142857142855,0.43652857142857143
metric_contract_v1.2,c38b09694be88aa74de0741b39e9d3ba0d6ff61a,35a1a66f78dfd6255c4d804586ee6863969be78d21acec5cd0ccf00476ddaa5c,f80984d28ef9a7550633fb3aea514f783f3db1fa655a6d3f49850b10857e6afc,7aa36ee28bf5fa9c0b29152bb63c02833c5c6d02ae2c4908d0256a35582c9d9c,last,ood_metric/fpr95_id_tpr,OOD-4,primary,down,,id_test_vs_mnist,detector_declared,ood_score/max_logit,mnist,far,,,,80000,C4,sgd,0.3,0.0,0.42172380952380956,0.027541850653414076,0.421724 ± 0.027542,0.39024285714285717,0.4413714285714286,0.43355714285714286
metric_contract_v1.2,c38b09694be88aa74de0741b39e9d3ba0d6ff61a,35a1a66f78dfd6255c4d804586ee6863969be78d21acec5cd0ccf00476ddaa5c,f80984d28ef9a7550633fb3aea514f783f3db1fa655a6d3f49850b10857e6afc,7aa36ee28bf5fa9c0b29152bb63c02833c5c6d02ae2c4908d0256a35582c9d9c,last,ood_metric/fpr95_id_tpr,OOD-4,primary,down,,id_test_vs_mnist,detector_declared,ood_score/msp,mnist,far,,,,80000,C4,sgd,0.3,0.0,0.6520523809523809,0.02312593884838078,0.652052 ± 0.023126,0.6446571428571428,0.6779714285714286,0.6335285714285714
metric_contract_v1.2,c38b09694be88aa74de0741b39e9d3ba0d6ff61a,35a1a66f78dfd6255c4d804586ee6863969be78d21acec5cd0ccf00476ddaa5c,f80984d28ef9a7550633fb3aea514f783f3db1fa655a6d3f49850b10857e6afc,7aa36ee28bf5fa9c0b29152bb63c02833c5c6d02ae2c4908d0256a35582c9d9c,last,ood_metric/fpr95_threshold,OOD-4,appendix,descriptive,id_train,id_test_vs_mnist,detector_declared,detector/ctm_prototype_cosine,mnist,far,,,,80000,C4,sgd,0.3,0.0,0.7241413562611747,0.002075783784940544,0.724141 ± 0.002076,0.7247417765411702,0.7218315441861286,0.7258507480562251
metric_contract_v1.2,c38b09694be88aa74de0741b39e9d3ba0d6ff61a,35a1a66f78dfd6255c4d804586ee6863969be78d21acec5cd0ccf00476ddaa5c,f80984d28ef9a7550633fb3aea514f783f3db1fa655a6d3f49850b10857e6afc,7aa36ee28bf5fa9c0b29152bb63c02833c5c6d02ae2c4908d0256a35582c9d9c,last,ood_metric/fpr95_threshold,OOD-4,appendix,descriptive,id_train,id_test_vs_mnist,detector_declared,detector/gda_class_density,mnist,far,,,,80000,C4,sgd,0.3,0.0,2152.512852852014,660.4831046012649,2152.512853 ± 660.483105,2881.3825420831154,1593.6566525323026,1982.4993639406246
metric_contract_v1.2,c38b09694be88aa74de0741b39e9d3ba0d6ff61a,35a1a66f78dfd6255c4d804586ee6863969be78d21acec5cd0ccf00476ddaa5c,f80984d28ef9a7550633fb3aea514f783f3db1fa655a6d3f49850b10857e6afc,7aa36ee28bf5fa9c0b29152bb63c02833c5c6d02ae2c4908d0256a35582c9d9c,last,ood_metric/fpr95_threshold,OOD-4,appendix,descriptive,id_train,id_test_vs_mnist,detector_declared,detector/knn_l2_k50,mnist,far,,,,80000,C4,sgd,0.3,0.0,-0.42547865898204024,0.0028476599246411646,-0.425479 ± 0.002848,-0.42288184198351597,-0.42852394273544586,-0.4250301922271589
metric_contract_v1.2,c38b09694be88aa74de0741b39e9d3ba0d6ff61a,35a1a66f78dfd6255c4d804586ee6863969be78d21acec5cd0ccf00476ddaa5c,f80984d28ef9a7550633fb3aea514f783f3db1fa655a6d3f49850b10857e6afc,7aa36ee28bf5fa9c0b29152bb63c02833c5c6d02ae2c4908d0256a35582c9d9c,last,ood_metric/fpr95_threshold,OOD-4,appendix,descriptive,id_train,id_test_vs_mnist,detector_declared,detector/mahalanobis_pp,mnist,far,,,,80000,C4,sgd,0.3,0.0,-1153.7550719224662,6.879623369799135,-1153.755072 ± 6.879623,-1161.611613765494,-1148.8093136979107,-1150.8442883039936
metric_contract_v1.2,c38b09694be88aa74de0741b39e9d3ba0d6ff61a,35a1a66f78dfd6255c4d804586ee6863969be78d21acec5cd0ccf00476ddaa5c,f80984d28ef9a7550633fb3aea514f783f3db1fa655a6d3f49850b10857e6afc,7aa36ee28bf5fa9c0b29152bb63c02833c5c6d02ae2c4908d0256a35582c9d9c,last,ood_metric/fpr95_threshold,OOD-4,appendix,descriptive,id_train,id_test_vs_mnist,detector_declared,detector/mahalanobis_raw,mnist,far,,,,80000,C4,sgd,0.3,0.0,-880.3910383719436,0.2612438504524427,-880.391038 ± 0.261244,-880.6913617364966,-880.2163255812005,-880.2654277981339
metric_contract_v1.2,c38b09694be88aa74de0741b39e9d3ba0d6ff61a,35a1a66f78dfd6255c4d804586ee6863969be78d21acec5cd0ccf00476ddaa5c,f80984d28ef9a7550633fb3aea514f783f3db1fa655a6d3f49850b10857e6afc,7aa36ee28bf5fa9c0b29152bb63c02833c5c6d02ae2c4908d0256a35582c9d9c,last,ood_metric/fpr95_threshold,OOD-4,appendix,descriptive,id_train,id_test_vs_mnist,detector_declared,detector/marginal_mahalanobis_raw,mnist,far,,,,80000,C4,sgd,0.3,0.0,-876.7653141286733,1.0662974886720973,-876.765314 ± 1.066297,-876.8671658863151,-875.651745318785,-877.7770311809196
metric_contract_v1.2,c38b09694be88aa74de0741b39e9d3ba0d6ff61a,35a1a66f78dfd6255c4d804586ee6863969be78d21acec5cd0ccf00476ddaa5c,f80984d28ef9a7550633fb3aea514f783f3db1fa655a6d3f49850b10857e6afc,7aa36ee28bf5fa9c0b29152bb63c02833c5c6d02ae2c4908d0256a35582c9d9c,last,ood_metric/fpr95_threshold,OOD-4,appendix,descriptive,id_train,id_test_vs_mnist,detector_declared,detector/ncp_euclidean_raw,mnist,far,,,,80000,C4,sgd,0.3,0.0,-4.502811583528933,0.09600475698455628,-4.502812 ± 0.096005,-4.608653581806816,-4.478439085472746,-4.421342083307236
metric_contract_v1.2,c38b09694be88aa74de0741b39e9d3ba0d6ff61a,35a1a66f78dfd6255c4d804586ee6863969be78d21acec5cd0ccf00476ddaa5c,f80984d28ef9a7550633fb3aea514f783f3db1fa655a6d3f49850b10857e6afc,7aa36ee28bf5fa9c0b29152bb63c02833c5c6d02ae2c4908d0256a35582c9d9c,last,ood_metric/fpr95_threshold,OOD-4,appendix,descriptive,id_train,id_test_vs_mnist,detector_declared,detector/neco_author_std_dim100,mnist,far,,,,80000,C4,sgd,0.3,0.0,0.9106254088697551,0.002524916812634865,0.910625 ± 0.002525,0.9096942673194514,0.9134836635920047,0.908698295697809
metric_contract_v1.2,c38b09694be88aa74de0741b39e9d3ba0d6ff61a,35a1a66f78dfd6255c4d804586ee6863969be78d21acec5cd0ccf00476ddaa5c,f80984d28ef9a7550633fb3aea514f783f3db1fa655a6d3f49850b10857e6afc,7aa36ee28bf5fa9c0b29152bb63c02833c5c6d02ae2c4908d0256a35582c9d9c,last,ood_metric/fpr95_threshold,OOD-4,appendix,descriptive,id_train,id_test_vs_mnist,detector_declared,detector/relative_mahalanobis_pp,mnist,far,,,,80000,C4,sgd,0.3,0.0,-46.36064802013593,1.5984887905433016,-46.360648 ± 1.598489,-48.19828080790427,-45.59181734717772,-45.29184590532582
metric_contract_v1.2,c38b09694be88aa74de0741b39e9d3ba0d6ff61a,35a1a66f78dfd6255c4d804586ee6863969be78d21acec5cd0ccf00476ddaa5c,f80984d28ef9a7550633fb3aea514f783f3db1fa655a6d3f49850b10857e6afc,7aa36ee28bf5fa9c0b29152bb63c02833c5c6d02ae2c4908d0256a35582c9d9c,last,ood_metric/fpr95_threshold,OOD-4,appendix,descriptive,id_train,id_test_vs_mnist,detector_declared,detector/relative_mahalanobis_raw,mnist,far,,,,80000,C4,sgd,0.3,0.0,-31.250942832808345,0.3332143750458312,-31.250943 ± 0.333214,-31.619448381688386,-31.162526194927807,-30.97085392180884
metric_contract_v1.2,c38b09694be88aa74de0741b39e9d3ba0d6ff61a,35a1a66f78dfd6255c4d804586ee6863969be78d21acec5cd0ccf00476ddaa5c,f80984d28ef9a7550633fb3aea514f783f3db1fa655a6d3f49850b10857e6afc,7aa36ee28bf5fa9c0b29152bb63c02833c5c6d02ae2c4908d0256a35582c9d9c,last,ood_metric/fpr95_threshold,OOD-4,appendix,descriptive,id_train,id_test_vs_mnist,detector_declared,detector/vim_author_dim,mnist,far,,,,80000,C4,sgd,0.3,0.0,-21.298959249647627,0.600040475111923,-21.298959 ± 0.600040,-21.991138233857498,-20.979604793285755,-20.92613472179962
metric_contract_v1.2,c38b09694be88aa74de0741b39e9d3ba0d6ff61a,35a1a66f78dfd6255c4d804586ee6863969be78d21acec5cd0ccf00476ddaa5c,f80984d28ef9a7550633fb3aea514f783f3db1fa655a6d3f49850b10857e6afc,7aa36ee28bf5fa9c0b29152bb63c02833c5c6d02ae2c4908d0256a35582c9d9c,last,ood_metric/fpr95_threshold,OOD-4,appendix,descriptive,id_train,id_test_vs_mnist,detector_declared,detector/vim_dim128,mnist,far,,,,80000,C4,sgd,0.3,0.0,-20.412173395418495,0.5242666665228325,-20.412173 ± 0.524267,-21.00635561263258,-20.215412527451445,-20.01475204617146
metric_contract_v1.2,c38b09694be88aa74de0741b39e9d3ba0d6ff61a,35a1a66f78dfd6255c4d804586ee6863969be78d21acec5cd0ccf00476ddaa5c,f80984d28ef9a7550633fb3aea514f783f3db1fa655a6d3f49850b10857e6afc,7aa36ee28bf5fa9c0b29152bb63c02833c5c6d02ae2c4908d0256a35582c9d9c,last,ood_metric/fpr95_threshold,OOD-4,appendix,descriptive,id_train,id_test_vs_mnist,detector_declared,detector/vim_dim256,mnist,far,,,,80000,C4,sgd,0.3,0.0,-21.003459408894262,0.6401089152394943,-21.003459 ± 0.640109,-21.741850608552042,-20.66295615246987,-20.605571465660876
metric_contract_v1.2,c38b09694be88aa74de0741b39e9d3ba0d6ff61a,35a1a66f78dfd6255c4d804586ee6863969be78d21acec5cd0ccf00476ddaa5c,f80984d28ef9a7550633fb3aea514f783f3db1fa655a6d3f49850b10857e6afc,7aa36ee28bf5fa9c0b29152bb63c02833c5c6d02ae2c4908d0256a35582c9d9c,last,ood_metric/fpr95_threshold,OOD-4,appendix,descriptive,id_train,id_test_vs_mnist,detector_declared,detector/vim_dim320,mnist,far,,,,80000,C4,sgd,0.3,0.0,-21.298959249647627,0.600040475111923,-21.298959 ± 0.600040,-21.991138233857498,-20.979604793285755,-20.92613472179962
metric_contract_v1.2,c38b09694be88aa74de0741b39e9d3ba0d6ff61a,35a1a66f78dfd6255c4d804586ee6863969be78d21acec5cd0ccf00476ddaa5c,f80984d28ef9a7550633fb3aea514f783f3db1fa655a6d3f49850b10857e6afc,7aa36ee28bf5fa9c0b29152bb63c02833c5c6d02ae2c4908d0256a35582c9d9c,last,ood_metric/fpr95_threshold,OOD-4,appendix,descriptive,id_train,id_test_vs_mnist,detector_declared,detector/vim_dim64,mnist,far,,,,80000,C4,sgd,0.3,0.0,-19.578924786315735,0.53318443855464,-19.578925 ± 0.533184,-20.18184066725987,-19.3854250594999,-19.169508632187434
metric_contract_v1.2,c38b09694be88aa74de0741b39e9d3ba0d6ff61a,35a1a66f78dfd6255c4d804586ee6863969be78d21acec5cd0ccf00476ddaa5c,f80984d28ef9a7550633fb3aea514f783f3db1fa655a6d3f49850b10857e6afc,7aa36ee28bf5fa9c0b29152bb63c02833c5c6d02ae2c4908d0256a35582c9d9c,last,ood_metric/fpr95_threshold,OOD-4,appendix,descriptive,id_train,id_test_vs_mnist,detector_declared,detector/weight_cosine_appendix,mnist,far,,,,80000,C4,sgd,0.3,0.0,0.25969714524023635,0.0017590253219458803,0.259697 ± 0.001759,0.2594674704935952,0.2580642391494543,0.2615597260776595
metric_contract_v1.2,c38b09694be88aa74de0741b39e9d3ba0d6ff61a,35a1a66f78dfd6255c4d804586ee6863969be78d21acec5cd0ccf00476ddaa5c,f80984d28ef9a7550633fb3aea514f783f3db1fa655a6d3f49850b10857e6afc,7aa36ee28bf5fa9c0b29152bb63c02833c5c6d02ae2c4908d0256a35582c9d9c,last,ood_metric/fpr95_threshold,OOD-4,appendix,descriptive,,id_test_vs_mnist,detector_declared,ood_score/energy_t1,mnist,far,,,,80000,C4,sgd,0.3,0.0,14.303836867117449,0.0772361186465751,14.303837 ± 0.077236,14.336048722267238,14.359753264653902,14.215708614431207
metric_contract_v1.2,c38b09694be88aa74de0741b39e9d3ba0d6ff61a,35a1a66f78dfd6255c4d804586ee6863969be78d21acec5cd0ccf00476ddaa5c,f80984d28ef9a7550633fb3aea514f783f3db1fa655a6d3f49850b10857e6afc,7aa36ee28bf5fa9c0b29152bb63c02833c5c6d02ae2c4908d0256a35582c9d9c,last,ood_metric/fpr95_threshold,OOD-4,appendix,descriptive,,id_test_vs_mnist,detector_declared,ood_score/max_logit,mnist,far,,,,80000,C4,sgd,0.3,0.0,14.236314884821574,0.058360029910457835,14.236315 ± 0.058360,14.272405338287353,14.267554569244385,14.168984746932983
metric_contract_v1.2,c38b09694be88aa74de0741b39e9d3ba0d6ff61a,35a1a66f78dfd6255c4d804586ee6863969be78d21acec5cd0ccf00476ddaa5c,f80984d28ef9a7550633fb3aea514f783f3db1fa655a6d3f49850b10857e6afc,7aa36ee28bf5fa9c0b29152bb63c02833c5c6d02ae2c4908d0256a35582c9d9c,last,ood_metric/fpr95_threshold,OOD-4,appendix,descriptive,,id_test_vs_mnist,detector_declared,ood_score/msp,mnist,far,,,,80000,C4,sgd,0.3,0.0,0.9139165257744318,0.005947303001842514,0.913917 ± 0.005947,0.9119895981312452,0.9091716075670112,0.9205883716250388
metric_contract_v1.2,c38b09694be88aa74de0741b39e9d3ba0d6ff61a,35a1a66f78dfd6255c4d804586ee6863969be78d21acec5cd0ccf00476ddaa5c,f80984d28ef9a7550633fb3aea514f783f3db1fa655a6d3f49850b10857e6afc,3e2bac6d488d016b4c0a216c6e210e16bcc4ca139bf6356687dc98bc7c39ec78,last,analysis/angular_control_gap_ctm_ncp,OOD-7,exploratory,descriptive,id_train,id_test_vs_mnist,paired_auroc_difference,,mnist,,,,,80000,C4,adam,0.0003,0.0001,0.01250423095238092,0.003730532250560821,0.012504 ± 0.003731,0.01519848857142847,0.014067875714285805,0.008246328571428485
metric_contract_v1.2,c38b09694be88aa74de0741b39e9d3ba0d6ff61a,35a1a66f78dfd6255c4d804586ee6863969be78d21acec5cd0ccf00476ddaa5c,f80984d28ef9a7550633fb3aea514f783f3db1fa655a6d3f49850b10857e6afc,3e2bac6d488d016b4c0a216c6e210e16bcc4ca139bf6356687dc98bc7c39ec78,last,analysis/restoration_gap_mahalanobis,OOD-7,exploratory,descriptive,id_train,id_test_vs_mnist,paired_auroc_difference,,mnist,,,,,80000,C4,adam,0.0003,0.0001,0.25970794190476193,0.03473516199891629,0.259708 ± 0.034735,0.2908584771428572,0.22225198428571435,0.2660133642857143
metric_contract_v1.2,c38b09694be88aa74de0741b39e9d3ba0d6ff61a,35a1a66f78dfd6255c4d804586ee6863969be78d21acec5cd0ccf00476ddaa5c,f80984d28ef9a7550633fb3aea514f783f3db1fa655a6d3f49850b10857e6afc,3e2bac6d488d016b4c0a216c6e210e16bcc4ca139bf6356687dc98bc7c39ec78,last,analysis/restoration_gap_relative_mahalanobis,OOD-7,exploratory,descriptive,id_train,id_test_vs_mnist,paired_auroc_difference,,mnist,,,,,80000,C4,adam,0.0003,0.0001,-0.011160769047619016,0.002070719517494727,-0.011161 ± 0.002071,-0.011975038571428565,-0.00880668714285704,-0.012700581428571445
metric_contract_v1.2,c38b09694be88aa74de0741b39e9d3ba0d6ff61a,35a1a66f78dfd6255c4d804586ee6863969be78d21acec5cd0ccf00476ddaa5c,f80984d28ef9a7550633fb3aea514f783f3db1fa655a6d3f49850b10857e6afc,3e2bac6d488d016b4c0a216c6e210e16bcc4ca139bf6356687dc98bc7c39ec78,last,ood_metric/ap_in,OOD-2,appendix,up,id_train,id_test_vs_mnist,detector_declared,detector/ctm_prototype_cosine,mnist,far,,,,80000,C4,adam,0.0003,0.0001,0.7433512801689686,0.030750332360683773,0.743351 ± 0.030750,0.7125675795845665,0.74341812559853,0.7740681353238092
metric_contract_v1.2,c38b09694be88aa74de0741b39e9d3ba0d6ff61a,35a1a66f78dfd6255c4d804586ee6863969be78d21acec5cd0ccf00476ddaa5c,f80984d28ef9a7550633fb3aea514f783f3db1fa655a6d3f49850b10857e6afc,3e2bac6d488d016b4c0a216c6e210e16bcc4ca139bf6356687dc98bc7c39ec78,last,ood_metric/ap_in,OOD-2,appendix,up,id_train,id_test_vs_mnist,detector_declared,detector/gda_class_density,mnist,far,,,,80000,C4,adam,0.0003,0.0001,0.5956581277486199,0.04388227627818616,0.595658 ± 0.043882,0.546342725719746,0.6102337896140078,0.6303978679121061
metric_contract_v1.2,c38b09694be88aa74de0741b39e9d3ba0d6ff61a,35a1a66f78dfd6255c4d804586ee6863969be78d21acec5cd0ccf00476ddaa5c,f80984d28ef9a7550633fb3aea514f783f3db1fa655a6d3f49850b10857e6afc,3e2bac6d488d016b4c0a216c6e210e16bcc4ca139bf6356687dc98bc7c39ec78,last,ood_metric/ap_in,OOD-2,appendix,up,id_train,id_test_vs_mnist,detector_declared,detector/knn_l2_k50,mnist,far,,,,80000,C4,adam,0.0003,0.0001,0.7730508688745715,0.027239891288887316,0.773051 ± 0.027240,0.7492519452518402,0.7671396568292312,0.8027610045426432
metric_contract_v1.2,c38b09694be88aa74de0741b39e9d3ba0d6ff61a,35a1a66f78dfd6255c4d804586ee6863969be78d21acec5cd0ccf00476ddaa5c,f80984d28ef9a7550633fb3aea514f783f3db1fa655a6d3f49850b10857e6afc,3e2bac6d488d016b4c0a216c6e210e16bcc4ca139bf6356687dc98bc7c39ec78,last,ood_metric/ap_in,OOD-2,appendix,up,id_train,id_test_vs_mnist,detector_declared,detector/mahalanobis_pp,mnist,far,,,,80000,C4,adam,0.0003,0.0001,0.7096748657732078,0.06206821920866951,0.709675 ± 0.062068,0.6924702724541956,0.6580238196849375,0.77853050518049
metric_contract_v1.2,c38b09694be88aa74de0741b39e9d3ba0d6ff61a,35a1a66f78dfd6255c4d804586ee6863969be78d21acec5cd0ccf00476ddaa5c,f80984d28ef9a7550633fb3aea514f783f3db1fa655a6d3f49850b10857e6afc,3e2bac6d488d016b4c0a216c6e210e16bcc4ca139bf6356687dc98bc7c39ec78,last,ood_metric/ap_in,OOD-2,appendix,up,id_train,id_test_vs_mnist,detector_declared,detector/mahalanobis_raw,mnist,far,,,,80000,C4,adam,0.0003,0.0001,0.2735552898441575,0.02532601631481192,0.273555 ± 0.025326,0.2460446516523196,0.29590017773521754,0.2787210401449354
metric_contract_v1.2,c38b09694be88aa74de0741b39e9d3ba0d6ff61a,35a1a66f78dfd6255c4d804586ee6863969be78d21acec5cd0ccf00476ddaa5c,f80984d28ef9a7550633fb3aea514f783f3db1fa655a6d3f49850b10857e6afc,3e2bac6d488d016b4c0a216c6e210e16bcc4ca139bf6356687dc98bc7c39ec78,last,ood_metric/ap_in,OOD-2,appendix,up,id_train,id_test_vs_mnist,detector_declared,detector/marginal_mahalanobis_raw,mnist,far,,,,80000,C4,adam,0.0003,0.0001,0.1445761500208358,0.011175955404644621,0.144576 ± 0.011176,0.13538458429446518,0.1570165691936254,0.14132729657441678
metric_contract_v1.2,c38b09694be88aa74de0741b39e9d3ba0d6ff61a,35a1a66f78dfd6255c4d804586ee6863969be78d21acec5cd0ccf00476ddaa5c,f80984d28ef9a7550633fb3aea514f783f3db1fa655a6d3f49850b10857e6afc,3e2bac6d488d016b4c0a216c6e210e16bcc4ca139bf6356687dc98bc7c39ec78,last,ood_metric/ap_in,OOD-2,appendix,up,id_train,id_test_vs_mnist,detector_declared,detector/ncp_euclidean_raw,mnist,far,,,,80000,C4,adam,0.0003,0.0001,0.6999414569664261,0.051439202758076834,0.699941 ± 0.051439,0.6454244490088117,0.7067815020685555,0.7476184198219114
metric_contract_v1.2,c38b09694be88aa74de0741b39e9d3ba0d6ff61a,35a1a66f78dfd6255c4d804586ee6863969be78d21acec5cd0ccf00476ddaa5c,f80984d28ef9a7550633fb3aea514f783f3db1fa655a6d3f49850b10857e6afc,3e2bac6d488d016b4c0a216c6e210e16bcc4ca139bf6356687dc98bc7c39ec78,last,ood_metric/ap_in,OOD-2,appendix,up,id_train,id_test_vs_mnist,detector_declared,detector/neco_author_std_dim100,mnist,far,,,,80000,C4,adam,0.0003,0.0001,0.7780137899285274,0.024454627976077763,0.778014 ± 0.024455,0.7821038098273765,0.7517720315948957,0.8001655283633099
metric_contract_v1.2,c38b09694be88aa74de0741b39e9d3ba0d6ff61a,35a1a66f78dfd6255c4d804586ee6863969be78d21acec5cd0ccf00476ddaa5c,f80984d28ef9a7550633fb3aea514f783f3db1fa655a6d3f49850b10857e6afc,3e2bac6d488d016b4c0a216c6e210e16bcc4ca139bf6356687dc98bc7c39ec78,last,ood_metric/ap_in,OOD-2,appendix,up,id_train,id_test_vs_mnist,detector_declared,detector/relative_mahalanobis_pp,mnist,far,,,,80000,C4,adam,0.0003,0.0001,0.7401908793163,0.027214568947085113,0.740191 ± 0.027215,0.7131546573946332,0.7398376244061229,0.767580356148144
metric_contract_v1.2,c38b09694be88aa74de0741b39e9d3ba0d6ff61a,35a1a66f78dfd6255c4d804586ee6863969be78d21acec5cd0ccf00476ddaa5c,f80984d28ef9a7550633fb3aea514f783f3db1fa655a6d3f49850b10857e6afc,3e2bac6d488d016b4c0a216c6e210e16bcc4ca139bf6356687dc98bc7c39ec78,last,ood_metric/ap_in,OOD-2,appendix,up,id_train,id_test_vs_mnist,detector_declared,detector/relative_mahalanobis_raw,mnist,far,,,,80000,C4,adam,0.0003,0.0001,0.7540959788160921,0.03312409729477282,0.754096 ± 0.033124,0.7249192995118194,0.7472659417749472,0.7901026951615098
metric_contract_v1.2,c38b09694be88aa74de0741b39e9d3ba0d6ff61a,35a1a66f78dfd6255c4d804586ee6863969be78d21acec5cd0ccf00476ddaa5c,f80984d28ef9a7550633fb3aea514f783f3db1fa655a6d3f49850b10857e6afc,3e2bac6d488d016b4c0a216c6e210e16bcc4ca139bf6356687dc98bc7c39ec78,last,ood_metric/ap_in,OOD-2,appendix,up,id_train,id_test_vs_mnist,detector_declared,detector/vim_author_dim,mnist,far,,,,80000,C4,adam,0.0003,0.0001,0.7850518911094534,0.02086556521457309,0.785052 ± 0.020866,0.7660076033849762,0.7817928714673741,0.8073551984760095
metric_contract_v1.2,c38b09694be88aa74de0741b39e9d3ba0d6ff61a,35a1a66f78dfd6255c4d804586ee6863969be78d21acec5cd0ccf00476ddaa5c,f80984d28ef9a7550633fb3aea514f783f3db1fa655a6d3f49850b10857e6afc,3e2bac6d488d016b4c0a216c6e210e16bcc4ca139bf6356687dc98bc7c39ec78,last,ood_metric/ap_in,OOD-2,appendix,up,id_train,id_test_vs_mnist,detector_declared,detector/vim_dim128,mnist,far,,,,80000,C4,adam,0.0003,0.0001,0.7890059021172391,0.009957493887869026,0.789006 ± 0.009957,0.7781435645037625,0.791172273731947,0.7977018681160076
metric_contract_v1.2,c38b09694be88aa74de0741b39e9d3ba0d6ff61a,35a1a66f78dfd6255c4d804586ee6863969be78d21acec5cd0ccf00476ddaa5c,f80984d28ef9a7550633fb3aea514f783f3db1fa655a6d3f49850b10857e6afc,3e2bac6d488d016b4c0a216c6e210e16bcc4ca139bf6356687dc98bc7c39ec78,last,ood_metric/ap_in,OOD-2,appendix,up,id_train,id_test_vs_mnist,detector_declared,detector/vim_dim256,mnist,far,,,,80000,C4,adam,0.0003,0.0001,0.7871337925478223,0.01860269091345663,0.787134 ± 0.018603,0.7709009916411556,0.7830669159270269,0.8074334700752844
metric_contract_v1.2,c38b09694be88aa74de0741b39e9d3ba0d6ff61a,35a1a66f78dfd6255c4d804586ee6863969be78d21acec5cd0ccf00476ddaa5c,f80984d28ef9a7550633fb3aea514f783f3db1fa655a6d3f49850b10857e6afc,3e2bac6d488d016b4c0a216c6e210e16bcc4ca139bf6356687dc98bc7c39ec78,last,ood_metric/ap_in,OOD-2,appendix,up,id_train,id_test_vs_mnist,detector_declared,detector/vim_dim320,mnist,far,,,,80000,C4,adam,0.0003,0.0001,0.7850518911094534,0.02086556521457309,0.785052 ± 0.020866,0.7660076033849762,0.7817928714673741,0.8073551984760095
metric_contract_v1.2,c38b09694be88aa74de0741b39e9d3ba0d6ff61a,35a1a66f78dfd6255c4d804586ee6863969be78d21acec5cd0ccf00476ddaa5c,f80984d28ef9a7550633fb3aea514f783f3db1fa655a6d3f49850b10857e6afc,3e2bac6d488d016b4c0a216c6e210e16bcc4ca139bf6356687dc98bc7c39ec78,last,ood_metric/ap_in,OOD-2,appendix,up,id_train,id_test_vs_mnist,detector_declared,detector/vim_dim64,mnist,far,,,,80000,C4,adam,0.0003,0.0001,0.8060778251039228,0.011390143539596664,0.806078 ± 0.011390,0.8184366014923362,0.7960021753054969,0.8037946985139357
metric_contract_v1.2,c38b09694be88aa74de0741b39e9d3ba0d6ff61a,35a1a66f78dfd6255c4d804586ee6863969be78d21acec5cd0ccf00476ddaa5c,f80984d28ef9a7550633fb3aea514f783f3db1fa655a6d3f49850b10857e6afc,3e2bac6d488d016b4c0a216c6e210e16bcc4ca139bf6356687dc98bc7c39ec78,last,ood_metric/ap_in,OOD-2,appendix,up,id_train,id_test_vs_mnist,detector_declared,detector/weight_cosine_appendix,mnist,far,,,,80000,C4,adam,0.0003,0.0001,0.8313495439769768,0.003989410620163559,0.831350 ± 0.003989,0.8305818218004601,0.8277997872532157,0.8356670228772547
metric_contract_v1.2,c38b09694be88aa74de0741b39e9d3ba0d6ff61a,35a1a66f78dfd6255c4d804586ee6863969be78d21acec5cd0ccf00476ddaa5c,f80984d28ef9a7550633fb3aea514f783f3db1fa655a6d3f49850b10857e6afc,3e2bac6d488d016b4c0a216c6e210e16bcc4ca139bf6356687dc98bc7c39ec78,last,ood_metric/ap_in,OOD-2,appendix,up,,id_test_vs_mnist,detector_declared,ood_score/energy_t1,mnist,far,,,,80000,C4,adam,0.0003,0.0001,0.8763462109483217,0.009603760617244418,0.876346 ± 0.009604,0.8674959377507052,0.8749845767516863,0.8865581183425735
metric_contract_v1.2,c38b09694be88aa74de0741b39e9d3ba0d6ff61a,35a1a66f78dfd6255c4d804586ee6863969be78d21acec5cd0ccf00476ddaa5c,f80984d28ef9a7550633fb3aea514f783f3db1fa655a6d3f49850b10857e6afc,3e2bac6d488d016b4c0a216c6e210e16bcc4ca139bf6356687dc98bc7c39ec78,last,ood_metric/ap_in,OOD-2,appendix,up,,id_test_vs_mnist,detector_declared,ood_score/max_logit,mnist,far,,,,80000,C4,adam,0.0003,0.0001,0.8756007204395854,0.009626676582718034,0.875601 ± 0.009627,0.866719859882957,0.874251449615205,0.8858308518205942
metric_contract_v1.2,c38b09694be88aa74de0741b39e9d3ba0d6ff61a,35a1a66f78dfd6255c4d804586ee6863969be78d21acec5cd0ccf00476ddaa5c,f80984d28ef9a7550633fb3aea514f783f3db1fa655a6d3f49850b10857e6afc,3e2bac6d488d016b4c0a216c6e210e16bcc4ca139bf6356687dc98bc7c39ec78,last,ood_metric/ap_in,OOD-2,appendix,up,,id_test_vs_mnist,detector_declared,ood_score/msp,mnist,far,,,,80000,C4,adam,0.0003,0.0001,0.8212540301739354,0.018965173489334727,0.821254 ± 0.018965,0.806616474577946,0.8144666291799498,0.84267898676391
metric_contract_v1.2,c38b09694be88aa74de0741b39e9d3ba0d6ff61a,35a1a66f78dfd6255c4d804586ee6863969be78d21acec5cd0ccf00476ddaa5c,f80984d28ef9a7550633fb3aea514f783f3db1fa655a6d3f49850b10857e6afc,3e2bac6d488d016b4c0a216c6e210e16bcc4ca139bf6356687dc98bc7c39ec78,last,ood_metric/ap_out,OOD-3,appendix,up,id_train,id_test_vs_mnist,detector_declared,detector/ctm_prototype_cosine,mnist,far,,,,80000,C4,adam,0.0003,0.0001,0.9808039144885826,0.005036240746690946,0.980804 ± 0.005036,0.9751437021729022,0.9824785041970832,0.9847895370957627
metric_contract_v1.2,c38b09694be88aa74de0741b39e9d3ba0d6ff61a,35a1a66f78dfd6255c4d804586ee6863969be78d21acec5cd0ccf00476ddaa5c,f80984d28ef9a7550633fb3aea514f783f3db1fa655a6d3f49850b10857e6afc,3e2bac6d488d016b4c0a216c6e210e16bcc4ca139bf6356687dc98bc7c39ec78,last,ood_metric/ap_out,OOD-3,appendix,up,id_train,id_test_vs_mnist,detector_declared,detector/gda_class_density,mnist,far,,,,80000,C4,adam,0.0003,0.0001,0.9529185831581556,0.011927409782780384,0.952919 ± 0.011927,0.9396286693767743,0.9564335643478306,0.9626935157498624
metric_contract_v1.2,c38b09694be88aa74de0741b39e9d3ba0d6ff61a,35a1a66f78dfd6255c4d804586ee6863969be78d21acec5cd0ccf00476ddaa5c,f80984d28ef9a7550633fb3aea514f783f3db1fa655a6d3f49850b10857e6afc,3e2bac6d488d016b4c0a216c6e210e16bcc4ca139bf6356687dc98bc7c39ec78,last,ood_metric/ap_out,OOD-3,appendix,up,id_train,id_test_vs_mnist,detector_declared,detector/knn_l2_k50,mnist,far,,,,80000,C4,adam,0.0003,0.0001,0.9825349379865534,0.004928021674066817,0.982535 ± 0.004928,0.977172903134724,0.9835661571502864,0.9868657536746498
metric_contract_v1.2,c38b09694be88aa74de0741b39e9d3ba0d6ff61a,35a1a66f78dfd6255c4d804586ee6863969be78d21acec5cd0ccf00476ddaa5c,f80984d28ef9a7550633fb3aea514f783f3db1fa655a6d3f49850b10857e6afc,3e2bac6d488d016b4c0a216c6e210e16bcc4ca139bf6356687dc98bc7c39ec78,last,ood_metric/ap_out,OOD-3,appendix,up,id_train,id_test_vs_mnist,detector_declared,detector/mahalanobis_pp,mnist,far,,,,80000,C4,adam,0.0003,0.0001,0.9746748235968948,0.007685925861680038,0.974675 ± 0.007686,0.9690532385676095,0.9715381971192242,0.9834330351038507
metric_contract_v1.2,c38b09694be88aa74de0741b39e9d3ba0d6ff61a,35a1a66f78dfd6255c4d804586ee6863969be78d21acec5cd0ccf00476ddaa5c,f80984d28ef9a7550633fb3aea514f783f3db1fa655a6d3f49850b10857e6afc,3e2bac6d488d016b4c0a216c6e210e16bcc4ca139bf6356687dc98bc7c39ec78,last,ood_metric/ap_out,OOD-3,appendix,up,id_train,id_test_vs_mnist,detector_declared,detector/mahalanobis_raw,mnist,far,,,,80000,C4,adam,0.0003,0.0001,0.9002377432084265,0.01697127368436097,0.900238 ± 0.016971,0.8820758869142786,0.9029441625561871,0.9156931801548138
metric_contract_v1.2,c38b09694be88aa74de0741b39e9d3ba0d6ff61a,35a1a66f78dfd6255c4d804586ee6863969be78d21acec5cd0ccf00476ddaa5c,f80984d28ef9a7550633fb3aea514f783f3db1fa655a6d3f49850b10857e6afc,3e2bac6d488d016b4c0a216c6e210e16bcc4ca139bf6356687dc98bc7c39ec78,last,ood_metric/ap_out,OOD-3,appendix,up,id_train,id_test_vs_mnist,detector_declared,detector/marginal_mahalanobis_raw,mnist,far,,,,80000,C4,adam,0.0003,0.0001,0.8665319662961316,0.018148931389550597,0.866532 ± 0.018149,0.8480946611438676,0.8671231601140696,0.8843780776304576
metric_contract_v1.2,c38b09694be88aa74de0741b39e9d3ba0d6ff61a,35a1a66f78dfd6255c4d804586ee6863969be78d21acec5cd0ccf00476ddaa5c,f80984d28ef9a7550633fb3aea514f783f3db1fa655a6d3f49850b10857e6afc,3e2bac6d488d016b4c0a216c6e210e16bcc4ca139bf6356687dc98bc7c39ec78,last,ood_metric/ap_out,OOD-3,appendix,up,id_train,id_test_vs_mnist,detector_declared,detector/ncp_euclidean_raw,mnist,far,,,,80000,C4,adam,0.0003,0.0001,0.9763711730693397,0.0056021215374294515,0.976371 ± 0.005602,0.9706714659070493,0.9765717306273436,0.9818703226736263
metric_contract_v1.2,c38b09694be88aa74de0741b39e9d3ba0d6ff61a,35a1a66f78dfd6255c4d804586ee6863969be78d21acec5cd0ccf00476ddaa5c,f80984d28ef9a7550633fb3aea514f783f3db1fa655a6d3f49850b10857e6afc,3e2bac6d488d016b4c0a216c6e210e16bcc4ca139bf6356687dc98bc7c39ec78,last,ood_metric/ap_out,OOD-3,appendix,up,id_train,id_test_vs_mnist,detector_declared,detector/neco_author_std_dim100,mnist,far,,,,80000,C4,adam,0.0003,0.0001,0.9780240608423371,0.002264403535024533,0.978024 ± 0.002264,0.9755222515732452,0.9786167587044731,0.9799331722492929
metric_contract_v1.2,c38b09694be88aa74de0741b39e9d3ba0d6ff61a,35a1a66f78dfd6255c4d804586ee6863969be78d21acec5cd0ccf00476ddaa5c,f80984d28ef9a7550633fb3aea514f783f3db1fa655a6d3f49850b10857e6afc,3e2bac6d488d016b4c0a216c6e210e16bcc4ca139bf6356687dc98bc7c39ec78,last,ood_metric/ap_out,OOD-3,appendix,up,id_train,id_test_vs_mnist,detector_declared,detector/relative_mahalanobis_pp,mnist,far,,,,80000,C4,adam,0.0003,0.0001,0.9800755960676231,0.0046467724473474754,0.980076 ± 0.004647,0.974744447635778,0.9822152078555576,0.9832671327115335
metric_contract_v1.2,c38b09694be88aa74de0741b39e9d3ba0d6ff61a,35a1a66f78dfd6255c4d804586ee6863969be78d21acec5cd0ccf00476ddaa5c,f80984d28ef9a7550633fb3aea514f783f3db1fa655a6d3f49850b10857e6afc,3e2bac6d488d016b4c0a216c6e210e16bcc4ca139bf6356687dc98bc7c39ec78,last,ood_metric/ap_out,OOD-3,appendix,up,id_train,id_test_vs_mnist,detector_declared,detector/relative_mahalanobis_raw,mnist,far,,,,80000,C4,adam,0.0003,0.0001,0.9824748495821005,0.004451116227144717,0.982475 ± 0.004451,0.9774471240348094,0.9840646357715891,0.9859127889399033
metric_contract_v1.2,c38b09694be88aa74de0741b39e9d3ba0d6ff61a,35a1a66f78dfd6255c4d804586ee6863969be78d21acec5cd0ccf00476ddaa5c,f80984d28ef9a7550633fb3aea514f783f3db1fa655a6d3f49850b10857e6afc,3e2bac6d488d016b4c0a216c6e210e16bcc4ca139bf6356687dc98bc7c39ec78,last,ood_metric/ap_out,OOD-3,appendix,up,id_train,id_test_vs_mnist,detector_declared,detector/vim_author_dim,mnist,far,,,,80000,C4,adam,0.0003,0.0001,0.9749949238207734,0.004720644027441284,0.974995 ± 0.004721,0.9697046808217423,0.9765022945601399,0.9787777960804378
metric_contract_v1.2,c38b09694be88aa74de0741b39e9d3ba0d6ff61a,35a1a66f78dfd6255c4d804586ee6863969be78d21acec5cd0ccf00476ddaa5c,f80984d28ef9a7550633fb3aea514f783f3db1fa655a6d3f49850b10857e6afc,3e2bac6d488d016b4c0a216c6e210e16bcc4ca139bf6356687dc98bc7c39ec78,last,ood_metric/ap_out,OOD-3,appendix,up,id_train,id_test_vs_mnist,detector_declared,detector/vim_dim128,mnist,far,,,,80000,C4,adam,0.0003,0.0001,0.9760512633354318,0.004506141075971708,0.976051 ± 0.004506,0.9709163388954936,0.9793465446563132,0.9778909064544888
metric_contract_v1.2,c38b09694be88aa74de0741b39e9d3ba0d6ff61a,35a1a66f78dfd6255c4d804586ee6863969be78d21acec5cd0ccf00476ddaa5c,f80984d28ef9a7550633fb3aea514f783f3db1fa655a6d3f49850b10857e6afc,3e2bac6d488d016b4c0a216c6e210e16bcc4ca139bf6356687dc98bc7c39ec78,last,ood_metric/ap_out,OOD-3,appendix,up,id_train,id_test_vs_mnist,detector_declared,detector/vim_dim256,mnist,far,,,,80000,C4,adam,0.0003,0.0001,0.9755924711807072,0.004180036186032505,0.975592 ± 0.004180,0.9707872084694449,0.9776016686494462,0.9783885364232305
metric_contract_v1.2,c38b09694be88aa74de0741b39e9d3ba0d6ff61a,35a1a66f78dfd6255c4d804586ee6863969be78d21acec5cd0ccf00476ddaa5c,f80984d28ef9a7550633fb3aea514f783f3db1fa655a6d3f49850b10857e6afc,3e2bac6d488d016b4c0a216c6e210e16bcc4ca139bf6356687dc98bc7c39ec78,last,ood_metric/ap_out,OOD-3,appendix,up,id_train,id_test_vs_mnist,detector_declared,detector/vim_dim320,mnist,far,,,,80000,C4,adam,0.0003,0.0001,0.9749949238207734,0.004720644027441284,0.974995 ± 0.004721,0.9697046808217423,0.9765022945601399,0.9787777960804378
metric_contract_v1.2,c38b09694be88aa74de0741b39e9d3ba0d6ff61a,35a1a66f78dfd6255c4d804586ee6863969be78d21acec5cd0ccf00476ddaa5c,f80984d28ef9a7550633fb3aea514f783f3db1fa655a6d3f49850b10857e6afc,3e2bac6d488d016b4c0a216c6e210e16bcc4ca139bf6356687dc98bc7c39ec78,last,ood_metric/ap_out,OOD-3,appendix,up,id_train,id_test_vs_mnist,detector_declared,detector/vim_dim64,mnist,far,,,,80000,C4,adam,0.0003,0.0001,0.9801107112709703,0.0024191222147361387,0.980111 ± 0.002419,0.9776886075070422,0.9825268408713426,0.9801166854345256
metric_contract_v1.2,c38b09694be88aa74de0741b39e9d3ba0d6ff61a,35a1a66f78dfd6255c4d804586ee6863969be78d21acec5cd0ccf00476ddaa5c,f80984d28ef9a7550633fb3aea514f783f3db1fa655a6d3f49850b10857e6afc,3e2bac6d488d016b4c0a216c6e210e16bcc4ca139bf6356687dc98bc7c39ec78,last,ood_metric/ap_out,OOD-3,appendix,up,id_train,id_test_vs_mnist,detector_declared,detector/weight_cosine_appendix,mnist,far,,,,80000,C4,adam,0.0003,0.0001,0.9865599114029014,0.0016775104062651794,0.986560 ± 0.001678,0.9846325549727484,0.9876909636198082,0.9873562156161477
metric_contract_v1.2,c38b09694be88aa74de0741b39e9d3ba0d6ff61a,35a1a66f78dfd6255c4d804586ee6863969be78d21acec5cd0ccf00476ddaa5c,f80984d28ef9a7550633fb3aea514f783f3db1fa655a6d3f49850b10857e6afc,3e2bac6d488d016b4c0a216c6e210e16bcc4ca139bf6356687dc98bc7c39ec78,last,ood_metric/ap_out,OOD-3,appendix,up,,id_test_vs_mnist,detector_declared,ood_score/energy_t1,mnist,far,,,,80000,C4,adam,0.0003,0.0001,0.9898756090405114,0.0015883402633921405,0.989876 ± 0.001588,0.9880777646079802,0.99046045906822,0.9910886034453341
metric_contract_v1.2,c38b09694be88aa74de0741b39e9d3ba0d6ff61a,35a1a66f78dfd6255c4d804586ee6863969be78d21acec5cd0ccf00476ddaa5c,f80984d28ef9a7550633fb3aea514f783f3db1fa655a6d3f49850b10857e6afc,3e2bac6d488d016b4c0a216c6e210e16bcc4ca139bf6356687dc98bc7c39ec78,last,ood_metric/ap_out,OOD-3,appendix,up,,id_test_vs_mnist,detector_declared,ood_score/max_logit,mnist,far,,,,80000,C4,adam,0.0003,0.0001,0.9898195345466227,0.0016613219037063347,0.989820 ± 0.001661,0.9879478438808158,0.9903912768633576,0.9911194828956946
metric_contract_v1.2,c38b09694be88aa74de0741b39e9d3ba0d6ff61a,35a1a66f78dfd6255c4d804586ee6863969be78d21acec5cd0ccf00476ddaa5c,f80984d28ef9a7550633fb3aea514f783f3db1fa655a6d3f49850b10857e6afc,3e2bac6d488d016b4c0a216c6e210e16bcc4ca139bf6356687dc98bc7c39ec78,last,ood_metric/ap_out,OOD-3,appendix,up,,id_test_vs_mnist,detector_declared,ood_score/msp,mnist,far,,,,80000,C4,adam,0.0003,0.0001,0.9821162584501885,0.002792988541175663,0.982116 ± 0.002793,0.9791790445002255,0.9824314506471102,0.9847382802032294
metric_contract_v1.2,c38b09694be88aa74de0741b39e9d3ba0d6ff61a,35a1a66f78dfd6255c4d804586ee6863969be78d21acec5cd0ccf00476ddaa5c,f80984d28ef9a7550633fb3aea514f783f3db1fa655a6d3f49850b10857e6afc,3e2bac6d488d016b4c0a216c6e210e16bcc4ca139bf6356687dc98bc7c39ec78,last,ood_metric/aupr_in_openood_auc,OOD-2,primary,up,id_train,id_test_vs_mnist,detector_declared,detector/ctm_prototype_cosine,mnist,far,,,,80000,C4,adam,0.0003,0.0001,0.7433398635401938,0.030751692483154496,0.743340 ± 0.030752,0.7125548516194411,0.7434066110737308,0.7740581279274095
metric_contract_v1.2,c38b09694be88aa74de0741b39e9d3ba0d6ff61a,35a1a66f78dfd6255c4d804586ee6863969be78d21acec5cd0ccf00476ddaa5c,f80984d28ef9a7550633fb3aea514f783f3db1fa655a6d3f49850b10857e6afc,3e2bac6d488d016b4c0a216c6e210e16bcc4ca139bf6356687dc98bc7c39ec78,last,ood_metric/aupr_in_openood_auc,OOD-2,primary,up,id_train,id_test_vs_mnist,detector_declared,detector/gda_class_density,mnist,far,,,,80000,C4,adam,0.0003,0.0001,0.595642146265013,0.04388295509187007,0.595642 ± 0.043883,0.5463260809923915,0.6102176183577418,0.6303827394449055
metric_contract_v1.2,c38b09694be88aa74de0741b39e9d3ba0d6ff61a,35a1a66f78dfd6255c4d804586ee6863969be78d21acec5cd0ccf00476ddaa5c,f80984d28ef9a7550633fb3aea514f783f3db1fa655a6d3f49850b10857e6afc,3e2bac6d488d016b4c0a216c6e210e16bcc4ca139bf6356687dc98bc7c39ec78,last,ood_metric/aupr_in_openood_auc,OOD-2,primary,up,id_train,id_test_vs_mnist,detector_declared,detector/knn_l2_k50,mnist,far,,,,80000,C4,adam,0.0003,0.0001,0.7730431120735366,0.027240702065903382,0.773043 ± 0.027241,0.7492437390646136,0.7671313350690685,0.8027542620869275
metric_contract_v1.2,c38b09694be88aa74de0741b39e9d3ba0d6ff61a,35a1a66f78dfd6255c4d804586ee6863969be78d21acec5cd0ccf00476ddaa5c,f80984d28ef9a7550633fb3aea514f783f3db1fa655a6d3f49850b10857e6afc,3e2bac6d488d016b4c0a216c6e210e16bcc4ca139bf6356687dc98bc7c39ec78,last,ood_metric/aupr_in_openood_auc,OOD-2,primary,up,id_train,id_test_vs_mnist,detector_declared,detector/mahalanobis_pp,mnist,far,,,,80000,C4,adam,0.0003,0.0001,0.7096639849882814,0.06207136267065918,0.709664 ± 0.062071,0.6924603328609432,0.6580090286212261,0.7785225934826748
metric_contract_v1.2,c38b09694be88aa74de0741b39e9d3ba0d6ff61a,35a1a66f78dfd6255c4d804586ee6863969be78d21acec5cd0ccf00476ddaa5c,f80984d28ef9a7550633fb3aea514f783f3db1fa655a6d3f49850b10857e6afc,3e2bac6d488d016b4c0a216c6e210e16bcc4ca139bf6356687dc98bc7c39ec78,last,ood_metric/aupr_in_openood_auc,OOD-2,primary,up,id_train,id_test_vs_mnist,detector_declared,detector/mahalanobis_raw,mnist,far,,,,80000,C4,adam,0.0003,0.0001,0.2735144737124299,0.025322003438095358,0.273514 ± 0.025322,0.24600868728208236,0.2958567582188999,0.27867797563630736
metric_contract_v1.2,c38b09694be88aa74de0741b39e9d3ba0d6ff61a,35a1a66f78dfd6255c4d804586ee6863969be78d21acec5cd0ccf00476ddaa5c,f80984d28ef9a7550633fb3aea514f783f3db1fa655a6d3f49850b10857e6afc,3e2bac6d488d016b4c0a216c6e210e16bcc4ca139bf6356687dc98bc7c39ec78,last,ood_metric/aupr_in_openood_auc,OOD-2,primary,up,id_train,id_test_vs_mnist,detector_declared,detector/marginal_mahalanobis_raw,mnist,far,,,,80000,C4,adam,0.0003,0.0001,0.14452551513165435,0.01117109601835932,0.144526 ± 0.011171,0.13534252501827787,0.15696225751934662,0.14127176285733856
metric_contract_v1.2,c38b09694be88aa74de0741b39e9d3ba0d6ff61a,35a1a66f78dfd6255c4d804586ee6863969be78d21acec5cd0ccf00476ddaa5c,f80984d28ef9a7550633fb3aea514f783f3db1fa655a6d3f49850b10857e6afc,3e2bac6d488d016b4c0a216c6e210e16bcc4ca139bf6356687dc98bc7c39ec78,last,ood_metric/aupr_in_openood_auc,OOD-2,primary,up,id_train,id_test_vs_mnist,detector_declared,detector/ncp_euclidean_raw,mnist,far,,,,80000,C4,adam,0.0003,0.0001,0.6999254337682892,0.051442771308378286,0.699925 ± 0.051443,0.6454043375535303,0.7067667196328291,0.7476052441185084
metric_contract_v1.2,c38b09694be88aa74de0741b39e9d3ba0d6ff61a,35a1a66f78dfd6255c4d804586ee6863969be78d21acec5cd0ccf00476ddaa5c,f80984d28ef9a7550633fb3aea514f783f3db1fa655a6d3f49850b10857e6afc,3e2bac6d488d016b4c0a216c6e210e16bcc4ca139bf6356687dc98bc7c39ec78,last,ood_metric/aupr_in_openood_auc,OOD-2,primary,up,id_train,id_test_vs_mnist,detector_declared,detector/neco_author_std_dim100,mnist,far,,,,80000,C4,adam,0.0003,0.0001,0.7780060627528317,0.02445623725207381,0.778006 ± 0.024456,0.7820966748245278,0.7517624569794216,0.8001590564545455
metric_contract_v1.2,c38b09694be88aa74de0741b39e9d3ba0d6ff61a,35a1a66f78dfd6255c4d804586ee6863969be78d21acec5cd0ccf00476ddaa5c,f80984d28ef9a7550633fb3aea514f783f3db1fa655a6d3f49850b10857e6afc,3e2bac6d488d016b4c0a216c6e210e16bcc4ca139bf6356687dc98bc7c39ec78,last,ood_metric/aupr_in_openood_auc,OOD-2,primary,up,id_train,id_test_vs_mnist,detector_declared,detector/relative_mahalanobis_pp,mnist,far,,,,80000,C4,adam,0.0003,0.0001,0.7401758636373037,0.02721858590224544,0.740176 ± 0.027219,0.7131356425520855,0.7398225733255868,0.7675693750342385
metric_contract_v1.2,c38b09694be88aa74de0741b39e9d3ba0d6ff61a,35a1a66f78dfd6255c4d804586ee6863969be78d21acec5cd0ccf00476ddaa5c,f80984d28ef9a7550633fb3aea514f783f3db1fa655a6d3f49850b10857e6afc,3e2bac6d488d016b4c0a216c6e210e16bcc4ca139bf6356687dc98bc7c39ec78,last,ood_metric/aupr_in_openood_auc,OOD-2,primary,up,id_train,id_test_vs_mnist,detector_declared,detector/relative_mahalanobis_raw,mnist,far,,,,80000,C4,adam,0.0003,0.0001,0.7540550361295306,0.033151559861430036,0.754055 ± 0.033152,0.7248360494709517,0.7472469190591907,0.7900821398584497
metric_contract_v1.2,c38b09694be88aa74de0741b39e9d3ba0d6ff61a,35a1a66f78dfd6255c4d804586ee6863969be78d21acec5cd0ccf00476ddaa5c,f80984d28ef9a7550633fb3aea514f783f3db1fa655a6d3f49850b10857e6afc,3e2bac6d488d016b4c0a216c6e210e16bcc4ca139bf6356687dc98bc7c39ec78,last,ood_metric/aupr_in_openood_auc,OOD-2,primary,up,id_train,id_test_vs_mnist,detector_declared,detector/vim_author_dim,mnist,far,,,,80000,C4,adam,0.0003,0.0001,0.7850456782433706,0.02086622553716506,0.785046 ± 0.020866,0.7660011009661378,0.7817860489736106,0.8073498847903633
metric_contract_v1.2,c38b09694be88aa74de0741b39e9d3ba0d6ff61a,35a1a66f78dfd6255c4d804586ee6863969be78d21acec5cd0ccf00476ddaa5c,f80984d28ef9a7550633fb3aea514f783f3db1fa655a6d3f49850b10857e6afc,3e2bac6d488d016b4c0a216c6e210e16bcc4ca139bf6356687dc98bc7c39ec78,last,ood_metric/aupr_in_openood_auc,OOD-2,primary,up,id_train,id_test_vs_mnist,detector_declared,detector/vim_dim128,mnist,far,,,,80000,C4,adam,0.0003,0.0001,0.7889995650124275,0.009957660332313115,0.789000 ± 0.009958,0.7781371963106878,0.7911655221224575,0.797695976604137
metric_contract_v1.2,c38b09694be88aa74de0741b39e9d3ba0d6ff61a,35a1a66f78dfd6255c4d804586ee6863969be78d21acec5cd0ccf00476ddaa5c,f80984d28ef9a7550633fb3aea514f783f3db1fa655a6d3f49850b10857e6afc,3e2bac6d488d016b4c0a216c6e210e16bcc4ca139bf6356687dc98bc7c39ec78,last,ood_metric/aupr_in_openood_auc,OOD-2,primary,up,id_train,id_test_vs_mnist,detector_declared,detector/vim_dim256,mnist,far,,,,80000,C4,adam,0.0003,0.0001,0.7871275513301956,0.01860341973625284,0.787128 ± 0.018603,0.770894499261772,0.7830599384415665,0.8074282162872484
metric_contract_v1.2,c38b09694be88aa74de0741b39e9d3ba0d6ff61a,35a1a66f78dfd6255c4d804586ee6863969be78d21acec5cd0ccf00476ddaa5c,f80984d28ef9a7550633fb3aea514f783f3db1fa655a6d3f49850b10857e6afc,3e2bac6d488d016b4c0a216c6e210e16bcc4ca139bf6356687dc98bc7c39ec78,last,ood_metric/aupr_in_openood_auc,OOD-2,primary,up,id_train,id_test_vs_mnist,detector_declared,detector/vim_dim320,mnist,far,,,,80000,C4,adam,0.0003,0.0001,0.7850456782433706,0.02086622553716506,0.785046 ± 0.020866,0.7660011009661378,0.7817860489736106,0.8073498847903633
metric_contract_v1.2,c38b09694be88aa74de0741b39e9d3ba0d6ff61a,35a1a66f78dfd6255c4d804586ee6863969be78d21acec5cd0ccf00476ddaa5c,f80984d28ef9a7550633fb3aea514f783f3db1fa655a6d3f49850b10857e6afc,3e2bac6d488d016b4c0a216c6e210e16bcc4ca139bf6356687dc98bc7c39ec78,last,ood_metric/aupr_in_openood_auc,OOD-2,primary,up,id_train,id_test_vs_mnist,detector_declared,detector/vim_dim64,mnist,far,,,,80000,C4,adam,0.0003,0.0001,0.8060718704112833,0.011391075623890471,0.806072 ± 0.011391,0.8184316015192679,0.7959952896928313,0.8037887200217506
metric_contract_v1.2,c38b09694be88aa74de0741b39e9d3ba0d6ff61a,35a1a66f78dfd6255c4d804586ee6863969be78d21acec5cd0ccf00476ddaa5c,f80984d28ef9a7550633fb3aea514f783f3db1fa655a6d3f49850b10857e6afc,3e2bac6d488d016b4c0a216c6e210e16bcc4ca139bf6356687dc98bc7c39ec78,last,ood_metric/aupr_in_openood_auc,OOD-2,primary,up,id_train,id_test_vs_mnist,detector_declared,detector/weight_cosine_appendix,mnist,far,,,,80000,C4,adam,0.0003,0.0001,0.8313440082570187,0.00398985354091499,0.831344 ± 0.003990,0.830576845954393,0.8277934404814322,0.8356617383352312
metric_contract_v1.2,c38b09694be88aa74de0741b39e9d3ba0d6ff61a,35a1a66f78dfd6255c4d804586ee6863969be78d21acec5cd0ccf00476ddaa5c,f80984d28ef9a7550633fb3aea514f783f3db1fa655a6d3f49850b10857e6afc,3e2bac6d488d016b4c0a216c6e210e16bcc4ca139bf6356687dc98bc7c39ec78,last,ood_metric/aupr_in_openood_auc,OOD-2,primary,up,,id_test_vs_mnist,detector_declared,ood_score/energy_t1,mnist,far,,,,80000,C4,adam,0.0003,0.0001,0.8763425048583543,0.009603988504146663,0.876343 ± 0.009604,0.8674920940778807,0.8749807190657362,0.8865547014314459
metric_contract_v1.2,c38b09694be88aa74de0741b39e9d3ba0d6ff61a,35a1a66f78dfd6255c4d804586ee6863969be78d21acec5cd0ccf00476ddaa5c,f80984d28ef9a7550633fb3aea514f783f3db1fa655a6d3f49850b10857e6afc,3e2bac6d488d016b4c0a216c6e210e16bcc4ca139bf6356687dc98bc7c39ec78,last,ood_metric/aupr_in_openood_auc,OOD-2,primary,up,,id_test_vs_mnist,detector_declared,ood_score/max_logit,mnist,far,,,,80000,C4,adam,0.0003,0.0001,0.8755970274317569,0.00962690485918851,0.875597 ± 0.009627,0.866716027450781,0.8742476071575698,0.8858274476869201
metric_contract_v1.2,c38b09694be88aa74de0741b39e9d3ba0d6ff61a,35a1a66f78dfd6255c4d804586ee6863969be78d21acec5cd0ccf00476ddaa5c,f80984d28ef9a7550633fb3aea514f783f3db1fa655a6d3f49850b10857e6afc,3e2bac6d488d016b4c0a216c6e210e16bcc4ca139bf6356687dc98bc7c39ec78,last,ood_metric/aupr_in_openood_auc,OOD-2,primary,up,,id_test_vs_mnist,detector_declared,ood_score/msp,mnist,far,,,,80000,C4,adam,0.0003,0.0001,0.8212490238053322,0.018965799853445427,0.821249 ± 0.018966,0.8066111554723546,0.814461180448915,0.8426747354947267
metric_contract_v1.2,c38b09694be88aa74de0741b39e9d3ba0d6ff61a,35a1a66f78dfd6255c4d804586ee6863969be78d21acec5cd0ccf00476ddaa5c,f80984d28ef9a7550633fb3aea514f783f3db1fa655a6d3f49850b10857e6afc,3e2bac6d488d016b4c0a216c6e210e16bcc4ca139bf6356687dc98bc7c39ec78,last,ood_metric/aupr_out_openood_auc,OOD-3,primary,up,id_train,id_test_vs_mnist,detector_declared,detector/ctm_prototype_cosine,mnist,far,,,,80000,C4,adam,0.0003,0.0001,0.9808030081370456,0.005037291764704719,0.980803 ± 0.005037,0.9751415513361689,0.9824782113358478,0.9847892617391203
metric_contract_v1.2,c38b09694be88aa74de0741b39e9d3ba0d6ff61a,35a1a66f78dfd6255c4d804586ee6863969be78d21acec5cd0ccf00476ddaa5c,f80984d28ef9a7550633fb3aea514f783f3db1fa655a6d3f49850b10857e6afc,3e2bac6d488d016b4c0a216c6e210e16bcc4ca139bf6356687dc98bc7c39ec78,last,ood_metric/aupr_out_openood_auc,OOD-3,primary,up,id_train,id_test_vs_mnist,detector_declared,detector/gda_class_density,mnist,far,,,,80000,C4,adam,0.0003,0.0001,0.9529077089844779,0.01193224820104834,0.952908 ± 0.011932,0.9396132693156966,0.9564209293690801,0.9626889282686567
metric_contract_v1.2,c38b09694be88aa74de0741b39e9d3ba0d6ff61a,35a1a66f78dfd6255c4d804586ee6863969be78d21acec5cd0ccf00476ddaa5c,f80984d28ef9a7550633fb3aea514f783f3db1fa655a6d3f49850b10857e6afc,3e2bac6d488d016b4c0a216c6e210e16bcc4ca139bf6356687dc98bc7c39ec78,last,ood_metric/aupr_out_openood_auc,OOD-3,primary,up,id_train,id_test_vs_mnist,detector_declared,detector/knn_l2_k50,mnist,far,,,,80000,C4,adam,0.0003,0.0001,0.9825337066587024,0.004929551139963421,0.982534 ± 0.004930,0.9771698332484001,0.9835657582253657,0.9868655285023415
metric_contract_v1.2,c38b09694be88aa74de0741b39e9d3ba0d6ff61a,35a1a66f78dfd6255c4d804586ee6863969be78d21acec5cd0ccf00476ddaa5c,f80984d28ef9a7550633fb3aea514f783f3db1fa655a6d3f49850b10857e6afc,3e2bac6d488d016b4c0a216c6e210e16bcc4ca139bf6356687dc98bc7c39ec78,last,ood_metric/aupr_out_openood_auc,OOD-3,primary,up,id_train,id_test_vs_mnist,detector_declared,detector/mahalanobis_pp,mnist,far,,,,80000,C4,adam,0.0003,0.0001,0.9746741088179922,0.007686308397211485,0.974674 ± 0.007686,0.969052181677962,0.9715374015664852,0.9834327432095297
metric_contract_v1.2,c38b09694be88aa74de0741b39e9d3ba0d6ff61a,35a1a66f78dfd6255c4d804586ee6863969be78d21acec5cd0ccf00476ddaa5c,f80984d28ef9a7550633fb3aea514f783f3db1fa655a6d3f49850b10857e6afc,3e2bac6d488d016b4c0a216c6e210e16bcc4ca139bf6356687dc98bc7c39ec78,last,ood_metric/aupr_out_openood_auc,OOD-3,primary,up,id_train,id_test_vs_mnist,detector_declared,detector/mahalanobis_raw,mnist,far,,,,80000,C4,adam,0.0003,0.0001,0.900224306067317,0.016972347748459776,0.900224 ± 0.016972,0.8820622202672703,0.9029284713898372,0.915682226544843
metric_contract_v1.2,c38b09694be88aa74de0741b39e9d3ba0d6ff61a,35a1a66f78dfd6255c4d804586ee6863969be78d21acec5cd0ccf00476ddaa5c,f80984d28ef9a7550633fb3aea514f783f3db1fa655a6d3f49850b10857e6afc,3e2bac6d488d016b4c0a216c6e210e16bcc4ca139bf6356687dc98bc7c39ec78,last,ood_metric/aupr_out_openood_auc,OOD-3,primary,up,id_train,id_test_vs_mnist,detector_declared,detector/marginal_mahalanobis_raw,mnist,far,,,,80000,C4,adam,0.0003,0.0001,0.8665167749730968,0.01814772658577272,0.866517 ± 0.018148,0.8480808584954652,0.8671075831637042,0.8843618832601212
metric_contract_v1.2,c38b09694be88aa74de0741b39e9d3ba0d6ff61a,35a1a66f78dfd6255c4d804586ee6863969be78d21acec5cd0ccf00476ddaa5c,f80984d28ef9a7550633fb3aea514f783f3db1fa655a6d3f49850b10857e6afc,3e2bac6d488d016b4c0a216c6e210e16bcc4ca139bf6356687dc98bc7c39ec78,last,ood_metric/aupr_out_openood_auc,OOD-3,primary,up,id_train,id_test_vs_mnist,detector_declared,detector/ncp_euclidean_raw,mnist,far,,,,80000,C4,adam,0.0003,0.0001,0.9763635599253894,0.005606627322080885,0.976364 ± 0.005607,0.970660062320504,0.9765626013877731,0.9818680160678912
metric_contract_v1.2,c38b09694be88aa74de0741b39e9d3ba0d6ff61a,35a1a66f78dfd6255c4d804586ee6863969be78d21acec5cd0ccf00476ddaa5c,f80984d28ef9a7550633fb3aea514f783f3db1fa655a6d3f49850b10857e6afc,3e2bac6d488d016b4c0a216c6e210e16bcc4ca139bf6356687dc98bc7c39ec78,last,ood_metric/aupr_out_openood_auc,OOD-3,primary,up,id_train,id_test_vs_mnist,detector_declared,detector/neco_author_std_dim100,mnist,far,,,,80000,C4,adam,0.0003,0.0001,0.9780199366128488,0.002264170701454736,0.978020 ± 0.002264,0.9755178754112834,0.9786142813884136,0.9799276530388493
metric_contract_v1.2,c38b09694be88aa74de0741b39e9d3ba0d6ff61a,35a1a66f78dfd6255c4d804586ee6863969be78d21acec5cd0ccf00476ddaa5c,f80984d28ef9a7550633fb3aea514f783f3db1fa655a6d3f49850b10857e6afc,3e2bac6d488d016b4c0a216c6e210e16bcc4ca139bf6356687dc98bc7c39ec78,last,ood_metric/aupr_out_openood_auc,OOD-3,primary,up,id_train,id_test_vs_mnist,detector_declared,detector/relative_mahalanobis_pp,mnist,far,,,,80000,C4,adam,0.0003,0.0001,0.9800751409721807,0.0046470166684098035,0.980075 ± 0.004647,0.9747437184841196,0.982214815518988,0.9832668889134345
metric_contract_v1.2,c38b09694be88aa74de0741b39e9d3ba0d6ff61a,35a1a66f78dfd6255c4d804586ee6863969be78d21acec5cd0ccf00476ddaa5c,f80984d28ef9a7550633fb3aea514f783f3db1fa655a6d3f49850b10857e6afc,3e2bac6d488d016b4c0a216c6e210e16bcc4ca139bf6356687dc98bc7c39ec78,last,ood_metric/aupr_out_openood_auc,OOD-3,primary,up,id_train,id_test_vs_mnist,detector_declared,detector/relative_mahalanobis_raw,mnist,far,,,,80000,C4,adam,0.0003,0.0001,0.9824743656246114,0.0044515096878409415,0.982474 ± 0.004452,0.9774461862932148,0.984064335190199,0.9859125753904204
metric_contract_v1.2,c38b09694be88aa74de0741b39e9d3ba0d6ff61a,35a1a66f78dfd6255c4d804586ee6863969be78d21acec5cd0ccf00476ddaa5c,f80984d28ef9a7550633fb3aea514f783f3db1fa655a6d3f49850b10857e6afc,3e2bac6d488d016b4c0a216c6e210e16bcc4ca139bf6356687dc98bc7c39ec78,last,ood_metric/aupr_out_openood_auc,OOD-3,primary,up,id_train,id_test_vs_mnist,detector_declared,detector/vim_author_dim,mnist,far,,,,80000,C4,adam,0.0003,0.0001,0.9749894960157581,0.004720861596396306,0.974989 ± 0.004721,0.9697001566178228,0.9764923685512961,0.9787759628781556
metric_contract_v1.2,c38b09694be88aa74de0741b39e9d3ba0d6ff61a,35a1a66f78dfd6255c4d804586ee6863969be78d21acec5cd0ccf00476ddaa5c,f80984d28ef9a7550633fb3aea514f783f3db1fa655a6d3f49850b10857e6afc,3e2bac6d488d016b4c0a216c6e210e16bcc4ca139bf6356687dc98bc7c39ec78,last,ood_metric/aupr_out_openood_auc,OOD-3,primary,up,id_train,id_test_vs_mnist,detector_declared,detector/vim_dim128,mnist,far,,,,80000,C4,adam,0.0003,0.0001,0.9760445331861085,0.004506928225148939,0.976045 ± 0.004507,0.9709082694975522,0.979338267206415,0.9778870628543584
metric_contract_v1.2,c38b09694be88aa74de0741b39e9d3ba0d6ff61a,35a1a66f78dfd6255c4d804586ee6863969be78d21acec5cd0ccf00476ddaa5c,f80984d28ef9a7550633fb3aea514f783f3db1fa655a6d3f49850b10857e6afc,3e2bac6d488d016b4c0a216c6e210e16bcc4ca139bf6356687dc98bc7c39ec78,last,ood_metric/aupr_out_openood_auc,OOD-3,primary,up,id_train,id_test_vs_mnist,detector_declared,detector/vim_dim256,mnist,far,,,,80000,C4,adam,0.0003,0.0001,0.9755849827487296,0.0041835563698022675,0.975585 ± 0.004184,0.9707760476030732,0.9775922715545445,0.9783866290885711
metric_contract_v1.2,c38b09694be88aa74de0741b39e9d3ba0d6ff61a,35a1a66f78dfd6255c4d804586ee6863969be78d21acec5cd0ccf00476ddaa5c,f80984d28ef9a7550633fb3aea514f783f3db1fa655a6d3f49850b10857e6afc,3e2bac6d488d016b4c0a216c6e210e16bcc4ca139bf6356687dc98bc7c39ec78,last,ood_metric/aupr_out_openood_auc,OOD-3,primary,up,id_train,id_test_vs_mnist,detector_declared,detector/vim_dim320,mnist,far,,,,80000,C4,adam,0.0003,0.0001,0.9749894960157581,0.004720861596396306,0.974989 ± 0.004721,0.9697001566178228,0.9764923685512961,0.9787759628781556
metric_contract_v1.2,c38b09694be88aa74de0741b39e9d3ba0d6ff61a,35a1a66f78dfd6255c4d804586ee6863969be78d21acec5cd0ccf00476ddaa5c,f80984d28ef9a7550633fb3aea514f783f3db1fa655a6d3f49850b10857e6afc,3e2bac6d488d016b4c0a216c6e210e16bcc4ca139bf6356687dc98bc7c39ec78,last,ood_metric/aupr_out_openood_auc,OOD-3,primary,up,id_train,id_test_vs_mnist,detector_declared,detector/vim_dim64,mnist,far,,,,80000,C4,adam,0.0003,0.0001,0.9801033144519371,0.002424805060702307,0.980103 ± 0.002425,0.9776765520832603,0.9825261574533198,0.9801072338192314
metric_contract_v1.2,c38b09694be88aa74de0741b39e9d3ba0d6ff61a,35a1a66f78dfd6255c4d804586ee6863969be78d21acec5cd0ccf00476ddaa5c,f80984d28ef9a7550633fb3aea514f783f3db1fa655a6d3f49850b10857e6afc,3e2bac6d488d016b4c0a216c6e210e16bcc4ca139bf6356687dc98bc7c39ec78,last,ood_metric/aupr_out_openood_auc,OOD-3,primary,up,id_train,id_test_vs_mnist,detector_declared,detector/weight_cosine_appendix,mnist,far,,,,80000,C4,adam,0.0003,0.0001,0.9865584601579126,0.001676935730171179,0.986558 ± 0.001677,0.9846316633244212,0.9876883035053728,0.9873554136439435
metric_contract_v1.2,c38b09694be88aa74de0741b39e9d3ba0d6ff61a,35a1a66f78dfd6255c4d804586ee6863969be78d21acec5cd0ccf00476ddaa5c,f80984d28ef9a7550633fb3aea514f783f3db1fa655a6d3f49850b10857e6afc,3e2bac6d488d016b4c0a216c6e210e16bcc4ca139bf6356687dc98bc7c39ec78,last,ood_metric/aupr_out_openood_auc,OOD-3,primary,up,,id_test_vs_mnist,detector_declared,ood_score/energy_t1,mnist,far,,,,80000,C4,adam,0.0003,0.0001,0.9898679179110816,0.0015886146041038816,0.989868 ± 0.001589,0.9880697481186863,0.9904529400609051,0.9910810655536533
metric_contract_v1.2,c38b09694be88aa74de0741b39e9d3ba0d6ff61a,35a1a66f78dfd6255c4d804586ee6863969be78d21acec5cd0ccf00476ddaa5c,f80984d28ef9a7550633fb3aea514f783f3db1fa655a6d3f49850b10857e6afc,3e2bac6d488d016b4c0a216c6e210e16bcc4ca139bf6356687dc98bc7c39ec78,last,ood_metric/aupr_out_openood_auc,OOD-3,primary,up,,id_test_vs_mnist,detector_declared,ood_score/max_logit,mnist,far,,,,80000,C4,adam,0.0003,0.0001,0.9898154313694333,0.0016583698305357995,0.989815 ± 0.001658,0.9879467685021,0.9903874579438747,0.9911120676623254
metric_contract_v1.2,c38b09694be88aa74de0741b39e9d3ba0d6ff61a,35a1a66f78dfd6255c4d804586ee6863969be78d21acec5cd0ccf00476ddaa5c,f80984d28ef9a7550633fb3aea514f783f3db1fa655a6d3f49850b10857e6afc,3e2bac6d488d016b4c0a216c6e210e16bcc4ca139bf6356687dc98bc7c39ec78,last,ood_metric/aupr_out_openood_auc,OOD-3,primary,up,,id_test_vs_mnist,detector_declared,ood_score/msp,mnist,far,,,,80000,C4,adam,0.0003,0.0001,0.9821156306959798,0.0027934405781932193,0.982116 ± 0.002793,0.9791778767647273,0.9824310295978985,0.9847379857253136
metric_contract_v1.2,c38b09694be88aa74de0741b39e9d3ba0d6ff61a,35a1a66f78dfd6255c4d804586ee6863969be78d21acec5cd0ccf00476ddaa5c,f80984d28ef9a7550633fb3aea514f783f3db1fa655a6d3f49850b10857e6afc,3e2bac6d488d016b4c0a216c6e210e16bcc4ca139bf6356687dc98bc7c39ec78,last,ood_metric/auroc_id_positive,OOD-1,primary,up,id_train,id_test_vs_mnist,detector_declared,detector/ctm_prototype_cosine,mnist,far,,,,80000,C4,adam,0.0003,0.0001,0.9080685776190475,0.016465896118557317,0.908069 ± 0.016466,0.8899472928571428,0.9121452442857143,0.9221131957142856
metric_contract_v1.2,c38b09694be88aa74de0741b39e9d3ba0d6ff61a,35a1a66f78dfd6255c4d804586ee6863969be78d21acec5cd0ccf00476ddaa5c,f80984d28ef9a7550633fb3aea514f783f3db1fa655a6d3f49850b10857e6afc,3e2bac6d488d016b4c0a216c6e210e16bcc4ca139bf6356687dc98bc7c39ec78,last,ood_metric/auroc_id_positive,OOD-1,primary,up,id_train,id_test_vs_mnist,detector_declared,detector/gda_class_density,mnist,far,,,,80000,C4,adam,0.0003,0.0001,0.818547471904762,0.03290270421527605,0.818547 ± 0.032903,0.7814852314285714,0.8298411414285713,0.8443160428571429
metric_contract_v1.2,c38b09694be88aa74de0741b39e9d3ba0d6ff61a,35a1a66f78dfd6255c4d804586ee6863969be78d21acec5cd0ccf00476ddaa5c,f80984d28ef9a7550633fb3aea514f783f3db1fa655a6d3f49850b10857e6afc,3e2bac6d488d016b4c0a216c6e210e16bcc4ca139bf6356687dc98bc7c39ec78,last,ood_metric/auroc_id_positive,OOD-1,primary,up,id_train,id_test_vs_mnist,detector_declared,detector/knn_l2_k50,mnist,far,,,,80000,C4,adam,0.0003,0.0001,0.915772681904762,0.01662794347018481,0.915773 ± 0.016628,0.8981790842857144,0.9179108400000001,0.9312281214285715
metric_contract_v1.2,c38b09694be88aa74de0741b39e9d3ba0d6ff61a,35a1a66f78dfd6255c4d804586ee6863969be78d21acec5cd0ccf00476ddaa5c,f80984d28ef9a7550633fb3aea514f783f3db1fa655a6d3f49850b10857e6afc,3e2bac6d488d016b4c0a216c6e210e16bcc4ca139bf6356687dc98bc7c39ec78,last,ood_metric/auroc_id_positive,OOD-1,primary,up,id_train,id_test_vs_mnist,detector_declared,detector/mahalanobis_pp,mnist,far,,,,80000,C4,adam,0.0003,0.0001,0.8844031171428571,0.02995323493968726,0.884403 ± 0.029953,0.8657907171428572,0.8684629271428572,0.9189557071428572
metric_contract_v1.2,c38b09694be88aa74de0741b39e9d3ba0d6ff61a,35a1a66f78dfd6255c4d804586ee6863969be78d21acec5cd0ccf00476ddaa5c,f80984d28ef9a7550633fb3aea514f783f3db1fa655a6d3f49850b10857e6afc,3e2bac6d488d016b4c0a216c6e210e16bcc4ca139bf6356687dc98bc7c39ec78,last,ood_metric/auroc_id_positive,OOD-1,primary,up,id_train,id_test_vs_mnist,detector_declared,detector/mahalanobis_raw,mnist,far,,,,80000,C4,adam,0.0003,0.0001,0.6246951752380953,0.04322719316730093,0.624695 ± 0.043227,0.57493224,0.6462109428571429,0.6529423428571429
metric_contract_v1.2,c38b09694be88aa74de0741b39e9d3ba0d6ff61a,35a1a66f78dfd6255c4d804586ee6863969be78d21acec5cd0ccf00476ddaa5c,f80984d28ef9a7550633fb3aea514f783f3db1fa655a6d3f49850b10857e6afc,3e2bac6d488d016b4c0a216c6e210e16bcc4ca139bf6356687dc98bc7c39ec78,last,ood_metric/auroc_id_positive,OOD-1,primary,up,id_train,id_test_vs_mnist,detector_declared,detector/marginal_mahalanobis_raw,mnist,far,,,,80000,C4,adam,0.0003,0.0001,0.49951956809523806,0.04109066976498123,0.499520 ± 0.041091,0.45242050857142857,0.5180989785714286,0.5280392171428571
metric_contract_v1.2,c38b09694be88aa74de0741b39e9d3ba0d6ff61a,35a1a66f78dfd6255c4d804586ee6863969be78d21acec5cd0ccf00476ddaa5c,f80984d28ef9a7550633fb3aea514f783f3db1fa655a6d3f49850b10857e6afc,3e2bac6d488d016b4c0a216c6e210e16bcc4ca139bf6356687dc98bc7c39ec78,last,ood_metric/auroc_id_positive,OOD-1,primary,up,id_train,id_test_vs_mnist,detector_declared,detector/ncp_euclidean_raw,mnist,far,,,,80000,C4,adam,0.0003,0.0001,0.8955643466666666,0.019679740083248142,0.895564 ± 0.019680,0.8747488042857143,0.8980773685714285,0.9138668671428571
metric_contract_v1.2,c38b09694be88aa74de0741b39e9d3ba0d6ff61a,35a1a66f78dfd6255c4d804586ee6863969be78d21acec5cd0ccf00476ddaa5c,f80984d28ef9a7550633fb3aea514f783f3db1fa655a6d3f49850b10857e6afc,3e2bac6d488d016b4c0a216c6e210e16bcc4ca139bf6356687dc98bc7c39ec78,last,ood_metric/auroc_id_positive,OOD-1,primary,up,id_train,id_test_vs_mnist,detector_declared,detector/neco_author_std_dim100,mnist,far,,,,80000,C4,adam,0.0003,0.0001,0.9115533285714287,0.00646432009584769,0.911553 ± 0.006464,0.908007792857143,0.9076375714285714,0.9190146214285713
metric_contract_v1.2,c38b09694be88aa74de0741b39e9d3ba0d6ff61a,35a1a66f78dfd6255c4d804586ee6863969be78d21acec5cd0ccf00476ddaa5c,f80984d28ef9a7550633fb3aea514f783f3db1fa655a6d3f49850b10857e6afc,3e2bac6d488d016b4c0a216c6e210e16bcc4ca139bf6356687dc98bc7c39ec78,last,ood_metric/auroc_id_positive,OOD-1,primary,up,id_train,id_test_vs_mnist,detector_declared,detector/relative_mahalanobis_pp,mnist,far,,,,80000,C4,adam,0.0003,0.0001,0.9073186219047619,0.013345482957338534,0.907319 ± 0.013345,0.8920927785714285,0.9128743157142858,0.9169887714285714
metric_contract_v1.2,c38b09694be88aa74de0741b39e9d3ba0d6ff61a,35a1a66f78dfd6255c4d804586ee6863969be78d21acec5cd0ccf00476ddaa5c,f80984d28ef9a7550633fb3aea514f783f3db1fa655a6d3f49850b10857e6afc,3e2bac6d488d016b4c0a216c6e210e16bcc4ca139bf6356687dc98bc7c39ec78,last,ood_metric/auroc_id_positive,OOD-1,primary,up,id_train,id_test_vs_mnist,detector_declared,detector/relative_mahalanobis_raw,mnist,far,,,,80000,C4,adam,0.0003,0.0001,0.9184793909523808,0.01310738388013182,0.918479 ± 0.013107,0.9040678171428571,0.9216810028571428,0.9296893528571428
metric_contract_v1.2,c38b09694be88aa74de0741b39e9d3ba0d6ff61a,35a1a66f78dfd6255c4d804586ee6863969be78d21acec5cd0ccf00476ddaa5c,f80984d28ef9a7550633fb3aea514f783f3db1fa655a6d3f49850b10857e6afc,3e2bac6d488d016b4c0a216c6e210e16bcc4ca139bf6356687dc98bc7c39ec78,last,ood_metric/auroc_id_positive,OOD-1,primary,up,id_train,id_test_vs_mnist,detector_declared,detector/vim_author_dim,mnist,far,,,,80000,C4,adam,0.0003,0.0001,0.9013775980952382,0.012978960405500985,0.901378 ± 0.012979,0.8869513228571428,0.9050742957142858,0.9121071757142859
metric_contract_v1.2,c38b09694be88aa74de0741b39e9d3ba0d6ff61a,35a1a66f78dfd6255c4d804586ee6863969be78d21acec5cd0ccf00476ddaa5c,f80984d28ef9a7550633fb3aea514f783f3db1fa655a6d3f49850b10857e6afc,3e2bac6d488d016b4c0a216c6e210e16bcc4ca139bf6356687dc98bc7c39ec78,last,ood_metric/auroc_id_positive,OOD-1,primary,up,id_train,id_test_vs_mnist,detector_declared,detector/vim_dim128,mnist,far,,,,80000,C4,adam,0.0003,0.0001,0.9055981580952381,0.009530269650921176,0.905598 ± 0.009530,0.8948350142857142,0.9129652,0.90899426
metric_contract_v1.2,c38b09694be88aa74de0741b39e9d3ba0d6ff61a,35a1a66f78dfd6255c4d804586ee6863969be78d21acec5cd0ccf00476ddaa5c,f80984d28ef9a7550633fb3aea514f783f3db1fa655a6d3f49850b10857e6afc,3e2bac6d488d016b4c0a216c6e210e16bcc4ca139bf6356687dc98bc7c39ec78,last,ood_metric/auroc_id_positive,OOD-1,primary,up,id_train,id_test_vs_mnist,detector_declared,detector/vim_dim256,mnist,far,,,,80000,C4,adam,0.0003,0.0001,0.9031522633333333,0.01113056278151048,0.903152 ± 0.011131,0.8904349128571429,0.9079012257142858,0.9111206514285713
metric_contract_v1.2,c38b09694be88aa74de0741b39e9d3ba0d6ff61a,35a1a66f78dfd6255c4d804586ee6863969be78d21acec5cd0ccf00476ddaa5c,f80984d28ef9a7550633fb3aea514f783f3db1fa655a6d3f49850b10857e6afc,3e2bac6d488d016b4c0a216c6e210e16bcc4ca139bf6356687dc98bc7c39ec78,last,ood_metric/auroc_id_positive,OOD-1,primary,up,id_train,id_test_vs_mnist,detector_declared,detector/vim_dim320,mnist,far,,,,80000,C4,adam,0.0003,0.0001,0.9013775980952382,0.012978960405500985,0.901378 ± 0.012979,0.8869513228571428,0.9050742957142858,0.9121071757142859
metric_contract_v1.2,c38b09694be88aa74de0741b39e9d3ba0d6ff61a,35a1a66f78dfd6255c4d804586ee6863969be78d21acec5cd0ccf00476ddaa5c,f80984d28ef9a7550633fb3aea514f783f3db1fa655a6d3f49850b10857e6afc,3e2bac6d488d016b4c0a216c6e210e16bcc4ca139bf6356687dc98bc7c39ec78,last,ood_metric/auroc_id_positive,OOD-1,primary,up,id_train,id_test_vs_mnist,detector_declared,detector/vim_dim64,mnist,far,,,,80000,C4,adam,0.0003,0.0001,0.9188963790476191,0.002287369382803904,0.918896 ± 0.002287,0.91696007,0.9214201971428573,0.91830887
metric_contract_v1.2,c38b09694be88aa74de0741b39e9d3ba0d6ff61a,35a1a66f78dfd6255c4d804586ee6863969be78d21acec5cd0ccf00476ddaa5c,f80984d28ef9a7550633fb3aea514f783f3db1fa655a6d3f49850b10857e6afc,3e2bac6d488d016b4c0a216c6e210e16bcc4ca139bf6356687dc98bc7c39ec78,last,ood_metric/auroc_id_positive,OOD-1,primary,up,id_train,id_test_vs_mnist,detector_declared,detector/weight_cosine_appendix,mnist,far,,,,80000,C4,adam,0.0003,0.0001,0.9373049619047619,0.0048706462586517,0.937305 ± 0.004871,0.9317092700000001,0.9405920614285713,0.9396135542857142
metric_contract_v1.2,c38b09694be88aa74de0741b39e9d3ba0d6ff61a,35a1a66f78dfd6255c4d804586ee6863969be78d21acec5cd0ccf00476ddaa5c,f80984d28ef9a7550633fb3aea514f783f3db1fa655a6d3f49850b10857e6afc,3e2bac6d488d016b4c0a216c6e210e16bcc4ca139bf6356687dc98bc7c39ec78,last,ood_metric/auroc_id_positive,OOD-1,primary,up,,id_test_vs_mnist,detector_declared,ood_score/energy_t1,mnist,far,,,,80000,C4,adam,0.0003,0.0001,0.95362539,0.005411050860815554,0.953625 ± 0.005411,0.9477292100000001,0.9547830142857143,0.9583639457142858
metric_contract_v1.2,c38b09694be88aa74de0741b39e9d3ba0d6ff61a,35a1a66f78dfd6255c4d804586ee6863969be78d21acec5cd0ccf00476ddaa5c,f80984d28ef9a7550633fb3aea514f783f3db1fa655a6d3f49850b10857e6afc,3e2bac6d488d016b4c0a216c6e210e16bcc4ca139bf6356687dc98bc7c39ec78,last,ood_metric/auroc_id_positive,OOD-1,primary,up,,id_test_vs_mnist,detector_declared,ood_score/max_logit,mnist,far,,,,80000,C4,adam,0.0003,0.0001,0.9529525428571429,0.005524357710921951,0.952953 ± 0.005524,0.9469394957142857,0.9541148928571429,0.9578032400000001
metric_contract_v1.2,c38b09694be88aa74de0741b39e9d3ba0d6ff61a,35a1a66f78dfd6255c4d804586ee6863969be78d21acec5cd0ccf00476ddaa5c,f80984d28ef9a7550633fb3aea514f783f3db1fa655a6d3f49850b10857e6afc,3e2bac6d488d016b4c0a216c6e210e16bcc4ca139bf6356687dc98bc7c39ec78,last,ood_metric/auroc_id_positive,OOD-1,primary,up,,id_test_vs_mnist,detector_declared,ood_score/msp,mnist,far,,,,80000,C4,adam,0.0003,0.0001,0.9215227842857142,0.009448391482230093,0.921523 ± 0.009448,0.9123694014285714,0.9209580957142857,0.9312408557142857
metric_contract_v1.2,c38b09694be88aa74de0741b39e9d3ba0d6ff61a,35a1a66f78dfd6255c4d804586ee6863969be78d21acec5cd0ccf00476ddaa5c,f80984d28ef9a7550633fb3aea514f783f3db1fa655a6d3f49850b10857e6afc,3e2bac6d488d016b4c0a216c6e210e16bcc4ca139bf6356687dc98bc7c39ec78,last,ood_metric/fpr95_achieved_id_tpr,OOD-4,appendix,descriptive,id_train,id_test_vs_mnist,detector_declared,detector/ctm_prototype_cosine,mnist,far,,,,80000,C4,adam,0.0003,0.0001,0.9499999999999998,1.3597399555105182e-16,0.950000 ± 0.000000,0.95,0.95,0.95
metric_contract_v1.2,c38b09694be88aa74de0741b39e9d3ba0d6ff61a,35a1a66f78dfd6255c4d804586ee6863969be78d21acec5cd0ccf00476ddaa5c,f80984d28ef9a7550633fb3aea514f783f3db1fa655a6d3f49850b10857e6afc,3e2bac6d488d016b4c0a216c6e210e16bcc4ca139bf6356687dc98bc7c39ec78,last,ood_metric/fpr95_achieved_id_tpr,OOD-4,appendix,descriptive,id_train,id_test_vs_mnist,detector_declared,detector/gda_class_density,mnist,far,,,,80000,C4,adam,0.0003,0.0001,0.9499999999999998,1.3597399555105182e-16,0.950000 ± 0.000000,0.95,0.95,0.95
metric_contract_v1.2,c38b09694be88aa74de0741b39e9d3ba0d6ff61a,35a1a66f78dfd6255c4d804586ee6863969be78d21acec5cd0ccf00476ddaa5c,f80984d28ef9a7550633fb3aea514f783f3db1fa655a6d3f49850b10857e6afc,3e2bac6d488d016b4c0a216c6e210e16bcc4ca139bf6356687dc98bc7c39ec78,last,ood_metric/fpr95_achieved_id_tpr,OOD-4,appendix,descriptive,id_train,id_test_vs_mnist,detector_declared,detector/knn_l2_k50,mnist,far,,,,80000,C4,adam,0.0003,0.0001,0.9499999999999998,1.3597399555105182e-16,0.950000 ± 0.000000,0.95,0.95,0.95
metric_contract_v1.2,c38b09694be88aa74de0741b39e9d3ba0d6ff61a,35a1a66f78dfd6255c4d804586ee6863969be78d21acec5cd0ccf00476ddaa5c,f80984d28ef9a7550633fb3aea514f783f3db1fa655a6d3f49850b10857e6afc,3e2bac6d488d016b4c0a216c6e210e16bcc4ca139bf6356687dc98bc7c39ec78,last,ood_metric/fpr95_achieved_id_tpr,OOD-4,appendix,descriptive,id_train,id_test_vs_mnist,detector_declared,detector/mahalanobis_pp,mnist,far,,,,80000,C4,adam,0.0003,0.0001,0.9499999999999998,1.3597399555105182e-16,0.950000 ± 0.000000,0.95,0.95,0.95
metric_contract_v1.2,c38b09694be88aa74de0741b39e9d3ba0d6ff61a,35a1a66f78dfd6255c4d804586ee6863969be78d21acec5cd0ccf00476ddaa5c,f80984d28ef9a7550633fb3aea514f783f3db1fa655a6d3f49850b10857e6afc,3e2bac6d488d016b4c0a216c6e210e16bcc4ca139bf6356687dc98bc7c39ec78,last,ood_metric/fpr95_achieved_id_tpr,OOD-4,appendix,descriptive,id_train,id_test_vs_mnist,detector_declared,detector/mahalanobis_raw,mnist,far,,,,80000,C4,adam,0.0003,0.0001,0.9499999999999998,1.3597399555105182e-16,0.950000 ± 0.000000,0.95,0.95,0.95
metric_contract_v1.2,c38b09694be88aa74de0741b39e9d3ba0d6ff61a,35a1a66f78dfd6255c4d804586ee6863969be78d21acec5cd0ccf00476ddaa5c,f80984d28ef9a7550633fb3aea514f783f3db1fa655a6d3f49850b10857e6afc,3e2bac6d488d016b4c0a216c6e210e16bcc4ca139bf6356687dc98bc7c39ec78,last,ood_metric/fpr95_achieved_id_tpr,OOD-4,appendix,descriptive,id_train,id_test_vs_mnist,detector_declared,detector/marginal_mahalanobis_raw,mnist,far,,,,80000,C4,adam,0.0003,0.0001,0.9499999999999998,1.3597399555105182e-16,0.950000 ± 0.000000,0.95,0.95,0.95
metric_contract_v1.2,c38b09694be88aa74de0741b39e9d3ba0d6ff61a,35a1a66f78dfd6255c4d804586ee6863969be78d21acec5cd0ccf00476ddaa5c,f80984d28ef9a7550633fb3aea514f783f3db1fa655a6d3f49850b10857e6afc,3e2bac6d488d016b4c0a216c6e210e16bcc4ca139bf6356687dc98bc7c39ec78,last,ood_metric/fpr95_achieved_id_tpr,OOD-4,appendix,descriptive,id_train,id_test_vs_mnist,detector_declared,detector/ncp_euclidean_raw,mnist,far,,,,80000,C4,adam,0.0003,0.0001,0.9499999999999998,1.3597399555105182e-16,0.950000 ± 0.000000,0.95,0.95,0.95
metric_contract_v1.2,c38b09694be88aa74de0741b39e9d3ba0d6ff61a,35a1a66f78dfd6255c4d804586ee6863969be78d21acec5cd0ccf00476ddaa5c,f80984d28ef9a7550633fb3aea514f783f3db1fa655a6d3f49850b10857e6afc,3e2bac6d488d016b4c0a216c6e210e16bcc4ca139bf6356687dc98bc7c39ec78,last,ood_metric/fpr95_achieved_id_tpr,OOD-4,appendix,descriptive,id_train,id_test_vs_mnist,detector_declared,detector/neco_author_std_dim100,mnist,far,,,,80000,C4,adam,0.0003,0.0001,0.9499999999999998,1.3597399555105182e-16,0.950000 ± 0.000000,0.95,0.95,0.95
metric_contract_v1.2,c38b09694be88aa74de0741b39e9d3ba0d6ff61a,35a1a66f78dfd6255c4d804586ee6863969be78d21acec5cd0ccf00476ddaa5c,f80984d28ef9a7550633fb3aea514f783f3db1fa655a6d3f49850b10857e6afc,3e2bac6d488d016b4c0a216c6e210e16bcc4ca139bf6356687dc98bc7c39ec78,last,ood_metric/fpr95_achieved_id_tpr,OOD-4,appendix,descriptive,id_train,id_test_vs_mnist,detector_declared,detector/relative_mahalanobis_pp,mnist,far,,,,80000,C4,adam,0.0003,0.0001,0.9499999999999998,1.3597399555105182e-16,0.950000 ± 0.000000,0.95,0.95,0.95
metric_contract_v1.2,c38b09694be88aa74de0741b39e9d3ba0d6ff61a,35a1a66f78dfd6255c4d804586ee6863969be78d21acec5cd0ccf00476ddaa5c,f80984d28ef9a7550633fb3aea514f783f3db1fa655a6d3f49850b10857e6afc,3e2bac6d488d016b4c0a216c6e210e16bcc4ca139bf6356687dc98bc7c39ec78,last,ood_metric/fpr95_achieved_id_tpr,OOD-4,appendix,descriptive,id_train,id_test_vs_mnist,detector_declared,detector/relative_mahalanobis_raw,mnist,far,,,,80000,C4,adam,0.0003,0.0001,0.9499999999999998,1.3597399555105182e-16,0.950000 ± 0.000000,0.95,0.95,0.95
metric_contract_v1.2,c38b09694be88aa74de0741b39e9d3ba0d6ff61a,35a1a66f78dfd6255c4d804586ee6863969be78d21acec5cd0ccf00476ddaa5c,f80984d28ef9a7550633fb3aea514f783f3db1fa655a6d3f49850b10857e6afc,3e2bac6d488d016b4c0a216c6e210e16bcc4ca139bf6356687dc98bc7c39ec78,last,ood_metric/fpr95_achieved_id_tpr,OOD-4,appendix,descriptive,id_train,id_test_vs_mnist,detector_declared,detector/vim_author_dim,mnist,far,,,,80000,C4,adam,0.0003,0.0001,0.9499999999999998,1.3597399555105182e-16,0.950000 ± 0.000000,0.95,0.95,0.95
metric_contract_v1.2,c38b09694be88aa74de0741b39e9d3ba0d6ff61a,35a1a66f78dfd6255c4d804586ee6863969be78d21acec5cd0ccf00476ddaa5c,f80984d28ef9a7550633fb3aea514f783f3db1fa655a6d3f49850b10857e6afc,3e2bac6d488d016b4c0a216c6e210e16bcc4ca139bf6356687dc98bc7c39ec78,last,ood_metric/fpr95_achieved_id_tpr,OOD-4,appendix,descriptive,id_train,id_test_vs_mnist,detector_declared,detector/vim_dim128,mnist,far,,,,80000,C4,adam,0.0003,0.0001,0.9499999999999998,1.3597399555105182e-16,0.950000 ± 0.000000,0.95,0.95,0.95
metric_contract_v1.2,c38b09694be88aa74de0741b39e9d3ba0d6ff61a,35a1a66f78dfd6255c4d804586ee6863969be78d21acec5cd0ccf00476ddaa5c,f80984d28ef9a7550633fb3aea514f783f3db1fa655a6d3f49850b10857e6afc,3e2bac6d488d016b4c0a216c6e210e16bcc4ca139bf6356687dc98bc7c39ec78,last,ood_metric/fpr95_achieved_id_tpr,OOD-4,appendix,descriptive,id_train,id_test_vs_mnist,detector_declared,detector/vim_dim256,mnist,far,,,,80000,C4,adam,0.0003,0.0001,0.9499999999999998,1.3597399555105182e-16,0.950000 ± 0.000000,0.95,0.95,0.95
metric_contract_v1.2,c38b09694be88aa74de0741b39e9d3ba0d6ff61a,35a1a66f78dfd6255c4d804586ee6863969be78d21acec5cd0ccf00476ddaa5c,f80984d28ef9a7550633fb3aea514f783f3db1fa655a6d3f49850b10857e6afc,3e2bac6d488d016b4c0a216c6e210e16bcc4ca139bf6356687dc98bc7c39ec78,last,ood_metric/fpr95_achieved_id_tpr,OOD-4,appendix,descriptive,id_train,id_test_vs_mnist,detector_declared,detector/vim_dim320,mnist,far,,,,80000,C4,adam,0.0003,0.0001,0.9499999999999998,1.3597399555105182e-16,0.950000 ± 0.000000,0.95,0.95,0.95
metric_contract_v1.2,c38b09694be88aa74de0741b39e9d3ba0d6ff61a,35a1a66f78dfd6255c4d804586ee6863969be78d21acec5cd0ccf00476ddaa5c,f80984d28ef9a7550633fb3aea514f783f3db1fa655a6d3f49850b10857e6afc,3e2bac6d488d016b4c0a216c6e210e16bcc4ca139bf6356687dc98bc7c39ec78,last,ood_metric/fpr95_achieved_id_tpr,OOD-4,appendix,descriptive,id_train,id_test_vs_mnist,detector_declared,detector/vim_dim64,mnist,far,,,,80000,C4,adam,0.0003,0.0001,0.9499999999999998,1.3597399555105182e-16,0.950000 ± 0.000000,0.95,0.95,0.95
metric_contract_v1.2,c38b09694be88aa74de0741b39e9d3ba0d6ff61a,35a1a66f78dfd6255c4d804586ee6863969be78d21acec5cd0ccf00476ddaa5c,f80984d28ef9a7550633fb3aea514f783f3db1fa655a6d3f49850b10857e6afc,3e2bac6d488d016b4c0a216c6e210e16bcc4ca139bf6356687dc98bc7c39ec78,last,ood_metric/fpr95_achieved_id_tpr,OOD-4,appendix,descriptive,id_train,id_test_vs_mnist,detector_declared,detector/weight_cosine_appendix,mnist,far,,,,80000,C4,adam,0.0003,0.0001,0.9499999999999998,1.3597399555105182e-16,0.950000 ± 0.000000,0.95,0.95,0.95
metric_contract_v1.2,c38b09694be88aa74de0741b39e9d3ba0d6ff61a,35a1a66f78dfd6255c4d804586ee6863969be78d21acec5cd0ccf00476ddaa5c,f80984d28ef9a7550633fb3aea514f783f3db1fa655a6d3f49850b10857e6afc,3e2bac6d488d016b4c0a216c6e210e16bcc4ca139bf6356687dc98bc7c39ec78,last,ood_metric/fpr95_achieved_id_tpr,OOD-4,appendix,descriptive,,id_test_vs_mnist,detector_declared,ood_score/energy_t1,mnist,far,,,,80000,C4,adam,0.0003,0.0001,0.9499999999999998,1.3597399555105182e-16,0.950000 ± 0.000000,0.95,0.95,0.95
metric_contract_v1.2,c38b09694be88aa74de0741b39e9d3ba0d6ff61a,35a1a66f78dfd6255c4d804586ee6863969be78d21acec5cd0ccf00476ddaa5c,f80984d28ef9a7550633fb3aea514f783f3db1fa655a6d3f49850b10857e6afc,3e2bac6d488d016b4c0a216c6e210e16bcc4ca139bf6356687dc98bc7c39ec78,last,ood_metric/fpr95_achieved_id_tpr,OOD-4,appendix,descriptive,,id_test_vs_mnist,detector_declared,ood_score/max_logit,mnist,far,,,,80000,C4,adam,0.0003,0.0001,0.9499999999999998,1.3597399555105182e-16,0.950000 ± 0.000000,0.95,0.95,0.95
metric_contract_v1.2,c38b09694be88aa74de0741b39e9d3ba0d6ff61a,35a1a66f78dfd6255c4d804586ee6863969be78d21acec5cd0ccf00476ddaa5c,f80984d28ef9a7550633fb3aea514f783f3db1fa655a6d3f49850b10857e6afc,3e2bac6d488d016b4c0a216c6e210e16bcc4ca139bf6356687dc98bc7c39ec78,last,ood_metric/fpr95_achieved_id_tpr,OOD-4,appendix,descriptive,,id_test_vs_mnist,detector_declared,ood_score/msp,mnist,far,,,,80000,C4,adam,0.0003,0.0001,0.9499999999999998,1.3597399555105182e-16,0.950000 ± 0.000000,0.95,0.95,0.95
metric_contract_v1.2,c38b09694be88aa74de0741b39e9d3ba0d6ff61a,35a1a66f78dfd6255c4d804586ee6863969be78d21acec5cd0ccf00476ddaa5c,f80984d28ef9a7550633fb3aea514f783f3db1fa655a6d3f49850b10857e6afc,3e2bac6d488d016b4c0a216c6e210e16bcc4ca139bf6356687dc98bc7c39ec78,last,ood_metric/fpr95_id_tpr,OOD-4,primary,down,id_train,id_test_vs_mnist,detector_declared,detector/ctm_prototype_cosine,mnist,far,,,,80000,C4,adam,0.0003,0.0001,0.5295000000000001,0.08721176198524733,0.529500 ± 0.087212,0.6280142857142857,0.49832857142857145,0.4621571428571429
metric_contract_v1.2,c38b09694be88aa74de0741b39e9d3ba0d6ff61a,35a1a66f78dfd6255c4d804586ee6863969be78d21acec5cd0ccf00476ddaa5c,f80984d28ef9a7550633fb3aea514f783f3db1fa655a6d3f49850b10857e6afc,3e2bac6d488d016b4c0a216c6e210e16bcc4ca139bf6356687dc98bc7c39ec78,last,ood_metric/fpr95_id_tpr,OOD-4,primary,down,id_train,id_test_vs_mnist,detector_declared,detector/gda_class_density,mnist,far,,,,80000,C4,adam,0.0003,0.0001,0.8238523809523809,0.06902682757573364,0.823852 ± 0.069027,0.8988142857142857,0.8098285714285715,0.7629142857142858
metric_contract_v1.2,c38b09694be88aa74de0741b39e9d3ba0d6ff61a,35a1a66f78dfd6255c4d804586ee6863969be78d21acec5cd0ccf00476ddaa5c,f80984d28ef9a7550633fb3aea514f783f3db1fa655a6d3f49850b10857e6afc,3e2bac6d488d016b4c0a216c6e210e16bcc4ca139bf6356687dc98bc7c39ec78,last,ood_metric/fpr95_id_tpr,OOD-4,primary,down,id_train,id_test_vs_mnist,detector_declared,detector/knn_l2_k50,mnist,far,,,,80000,C4,adam,0.0003,0.0001,0.4952761904761905,0.10369222545132115,0.495276 ± 0.103692,0.6088285714285714,0.4713857142857143,0.4056142857142857
metric_contract_v1.2,c38b09694be88aa74de0741b39e9d3ba0d6ff61a,35a1a66f78dfd6255c4d804586ee6863969be78d21acec5cd0ccf00476ddaa5c,f80984d28ef9a7550633fb3aea514f783f3db1fa655a6d3f49850b10857e6afc,3e2bac6d488d016b4c0a216c6e210e16bcc4ca139bf6356687dc98bc7c39ec78,last,ood_metric/fpr95_id_tpr,OOD-4,primary,down,id_train,id_test_vs_mnist,detector_declared,detector/mahalanobis_pp,mnist,far,,,,80000,C4,adam,0.0003,0.0001,0.6059380952380953,0.12570765918682636,0.605938 ± 0.125708,0.695,0.6606714285714286,0.46214285714285713
metric_contract_v1.2,c38b09694be88aa74de0741b39e9d3ba0d6ff61a,35a1a66f78dfd6255c4d804586ee6863969be78d21acec5cd0ccf00476ddaa5c,f80984d28ef9a7550633fb3aea514f783f3db1fa655a6d3f49850b10857e6afc,3e2bac6d488d016b4c0a216c6e210e16bcc4ca139bf6356687dc98bc7c39ec78,last,ood_metric/fpr95_id_tpr,OOD-4,primary,down,id_train,id_test_vs_mnist,detector_declared,detector/mahalanobis_raw,mnist,far,,,,80000,C4,adam,0.0003,0.0001,0.9415428571428571,0.03660341514121329,0.941543 ± 0.036603,0.9666428571428571,0.9584428571428572,0.8995428571428571
metric_contract_v1.2,c38b09694be88aa74de0741b39e9d3ba0d6ff61a,35a1a66f78dfd6255c4d804586ee6863969be78d21acec5cd0ccf00476ddaa5c,f80984d28ef9a7550633fb3aea514f783f3db1fa655a6d3f49850b10857e6afc,3e2bac6d488d016b4c0a216c6e210e16bcc4ca139bf6356687dc98bc7c39ec78,last,ood_metric/fpr95_id_tpr,OOD-4,primary,down,id_train,id_test_vs_mnist,detector_declared,detector/marginal_mahalanobis_raw,mnist,far,,,,80000,C4,adam,0.0003,0.0001,0.964695238095238,0.02512358974957129,0.964695 ± 0.025124,0.9807571428571429,0.9775857142857143,0.9357428571428571
metric_contract_v1.2,c38b09694be88aa74de0741b39e9d3ba0d6ff61a,35a1a66f78dfd6255c4d804586ee6863969be78d21acec5cd0ccf00476ddaa5c,f80984d28ef9a7550633fb3aea514f783f3db1fa655a6d3f49850b10857e6afc,3e2bac6d488d016b4c0a216c6e210e16bcc4ca139bf6356687dc98bc7c39ec78,last,ood_metric/fpr95_id_tpr,OOD-4,primary,down,id_train,id_test_vs_mnist,detector_declared,detector/ncp_euclidean_raw,mnist,far,,,,80000,C4,adam,0.0003,0.0001,0.5759428571428572,0.07667261837294502,0.575943 ± 0.076673,0.6552428571428571,0.5703857142857143,0.5022
metric_contract_v1.2,c38b09694be88aa74de0741b39e9d3ba0d6ff61a,35a1a66f78dfd6255c4d804586ee6863969be78d21acec5cd0ccf00476ddaa5c,f80984d28ef9a7550633fb3aea514f783f3db1fa655a6d3f49850b10857e6afc,3e2bac6d488d016b4c0a216c6e210e16bcc4ca139bf6356687dc98bc7c39ec78,last,ood_metric/fpr95_id_tpr,OOD-4,primary,down,id_train,id_test_vs_mnist,detector_declared,detector/neco_author_std_dim100,mnist,far,,,,80000,C4,adam,0.0003,0.0001,0.5545428571428571,0.04805568835916793,0.554543 ± 0.048056,0.6064571428571428,0.5455571428571429,0.5116142857142857
metric_contract_v1.2,c38b09694be88aa74de0741b39e9d3ba0d6ff61a,35a1a66f78dfd6255c4d804586ee6863969be78d21acec5cd0ccf00476ddaa5c,f80984d28ef9a7550633fb3aea514f783f3db1fa655a6d3f49850b10857e6afc,3e2bac6d488d016b4c0a216c6e210e16bcc4ca139bf6356687dc98bc7c39ec78,last,ood_metric/fpr95_id_tpr,OOD-4,primary,down,id_train,id_test_vs_mnist,detector_declared,detector/relative_mahalanobis_pp,mnist,far,,,,80000,C4,adam,0.0003,0.0001,0.5608333333333333,0.0884130396391352,0.560833 ± 0.088413,0.6626714285714286,0.5161285714285714,0.5037
metric_contract_v1.2,c38b09694be88aa74de0741b39e9d3ba0d6ff61a,35a1a66f78dfd6255c4d804586ee6863969be78d21acec5cd0ccf00476ddaa5c,f80984d28ef9a7550633fb3aea514f783f3db1fa655a6d3f49850b10857e6afc,3e2bac6d488d016b4c0a216c6e210e16bcc4ca139bf6356687dc98bc7c39ec78,last,ood_metric/fpr95_id_tpr,OOD-4,primary,down,id_train,id_test_vs_mnist,detector_declared,detector/relative_mahalanobis_raw,mnist,far,,,,80000,C4,adam,0.0003,0.0001,0.5113952380952381,0.08700665038308482,0.511395 ± 0.087007,0.6116857142857143,0.4664,0.4561
metric_contract_v1.2,c38b09694be88aa74de0741b39e9d3ba0d6ff61a,35a1a66f78dfd6255c4d804586ee6863969be78d21acec5cd0ccf00476ddaa5c,f80984d28ef9a7550633fb3aea514f783f3db1fa655a6d3f49850b10857e6afc,3e2bac6d488d016b4c0a216c6e210e16bcc4ca139bf6356687dc98bc7c39ec78,last,ood_metric/fpr95_id_tpr,OOD-4,primary,down,id_train,id_test_vs_mnist,detector_declared,detector/vim_author_dim,mnist,far,,,,80000,C4,adam,0.0003,0.0001,0.6553523809523809,0.06752813825200801,0.655352 ± 0.067528,0.7311428571428571,0.6333285714285715,0.6015857142857143
metric_contract_v1.2,c38b09694be88aa74de0741b39e9d3ba0d6ff61a,35a1a66f78dfd6255c4d804586ee6863969be78d21acec5cd0ccf00476ddaa5c,f80984d28ef9a7550633fb3aea514f783f3db1fa655a6d3f49850b10857e6afc,3e2bac6d488d016b4c0a216c6e210e16bcc4ca139bf6356687dc98bc7c39ec78,last,ood_metric/fpr95_id_tpr,OOD-4,primary,down,id_train,id_test_vs_mnist,detector_declared,detector/vim_dim128,mnist,far,,,,80000,C4,adam,0.0003,0.0001,0.6424190476190476,0.0715430515933764,0.642419 ± 0.071543,0.7197571428571429,0.5786,0.6289
metric_contract_v1.2,c38b09694be88aa74de0741b39e9d3ba0d6ff61a,35a1a66f78dfd6255c4d804586ee6863969be78d21acec5cd0ccf00476ddaa5c,f80984d28ef9a7550633fb3aea514f783f3db1fa655a6d3f49850b10857e6afc,3e2bac6d488d016b4c0a216c6e210e16bcc4ca139bf6356687dc98bc7c39ec78,last,ood_metric/fpr95_id_tpr,OOD-4,primary,down,id_train,id_test_vs_mnist,detector_declared,detector/vim_dim256,mnist,far,,,,80000,C4,adam,0.0003,0.0001,0.6483666666666666,0.06539460960955723,0.648367 ± 0.065395,0.7237,0.6062142857142857,0.6151857142857143
metric_contract_v1.2,c38b09694be88aa74de0741b39e9d3ba0d6ff61a,35a1a66f78dfd6255c4d804586ee6863969be78d21acec5cd0ccf00476ddaa5c,f80984d28ef9a7550633fb3aea514f783f3db1fa655a6d3f49850b10857e6afc,3e2bac6d488d016b4c0a216c6e210e16bcc4ca139bf6356687dc98bc7c39ec78,last,ood_metric/fpr95_id_tpr,OOD-4,primary,down,id_train,id_test_vs_mnist,detector_declared,detector/vim_dim320,mnist,far,,,,80000,C4,adam,0.0003,0.0001,0.6553523809523809,0.06752813825200801,0.655352 ± 0.067528,0.7311428571428571,0.6333285714285715,0.6015857142857143
metric_contract_v1.2,c38b09694be88aa74de0741b39e9d3ba0d6ff61a,35a1a66f78dfd6255c4d804586ee6863969be78d21acec5cd0ccf00476ddaa5c,f80984d28ef9a7550633fb3aea514f783f3db1fa655a6d3f49850b10857e6afc,3e2bac6d488d016b4c0a216c6e210e16bcc4ca139bf6356687dc98bc7c39ec78,last,ood_metric/fpr95_id_tpr,OOD-4,primary,down,id_train,id_test_vs_mnist,detector_declared,detector/vim_dim64,mnist,far,,,,80000,C4,adam,0.0003,0.0001,0.5348238095238096,0.0423198808236173,0.534824 ± 0.042320,0.5797142857142857,0.49565714285714285,0.5291
metric_contract_v1.2,c38b09694be88aa74de0741b39e9d3ba0d6ff61a,35a1a66f78dfd6255c4d804586ee6863969be78d21acec5cd0ccf00476ddaa5c,f80984d28ef9a7550633fb3aea514f783f3db1fa655a6d3f49850b10857e6afc,3e2bac6d488d016b4c0a216c6e210e16bcc4ca139bf6356687dc98bc7c39ec78,last,ood_metric/fpr95_id_tpr,OOD-4,primary,down,id_train,id_test_vs_mnist,detector_declared,detector/weight_cosine_appendix,mnist,far,,,,80000,C4,adam,0.0003,0.0001,0.3960047619047619,0.039528747826890566,0.396005 ± 0.039529,0.44164285714285717,0.37255714285714286,0.3738142857142857
metric_contract_v1.2,c38b09694be88aa74de0741b39e9d3ba0d6ff61a,35a1a66f78dfd6255c4d804586ee6863969be78d21acec5cd0ccf00476ddaa5c,f80984d28ef9a7550633fb3aea514f783f3db1fa655a6d3f49850b10857e6afc,3e2bac6d488d016b4c0a216c6e210e16bcc4ca139bf6356687dc98bc7c39ec78,last,ood_metric/fpr95_id_tpr,OOD-4,primary,down,,id_test_vs_mnist,detector_declared,ood_score/energy_t1,mnist,far,,,,80000,C4,adam,0.0003,0.0001,0.2963428571428572,0.04612671986727742,0.296343 ± 0.046127,0.3455142857142857,0.2894857142857143,0.25402857142857144
metric_contract_v1.2,c38b09694be88aa74de0741b39e9d3ba0d6ff61a,35a1a66f78dfd6255c4d804586ee6863969be78d21acec5cd0ccf00476ddaa5c,f80984d28ef9a7550633fb3aea514f783f3db1fa655a6d3f49850b10857e6afc,3e2bac6d488d016b4c0a216c6e210e16bcc4ca139bf6356687dc98bc7c39ec78,last,ood_metric/fpr95_id_tpr,OOD-4,primary,down,,id_test_vs_mnist,detector_declared,ood_score/max_logit,mnist,far,,,,80000,C4,adam,0.0003,0.0001,0.3028952380952381,0.04817473368879576,0.302895 ± 0.048175,0.3554428571428571,0.2924285714285714,0.2608142857142857
metric_contract_v1.2,c38b09694be88aa74de0741b39e9d3ba0d6ff61a,35a1a66f78dfd6255c4d804586ee6863969be78d21acec5cd0ccf00476ddaa5c,f80984d28ef9a7550633fb3aea514f783f3db1fa655a6d3f49850b10857e6afc,3e2bac6d488d016b4c0a216c6e210e16bcc4ca139bf6356687dc98bc7c39ec78,last,ood_metric/fpr95_id_tpr,OOD-4,primary,down,,id_test_vs_mnist,detector_declared,ood_score/msp,mnist,far,,,,80000,C4,adam,0.0003,0.0001,0.5363809523809525,0.05754256159190191,0.536381 ± 0.057543,0.5920285714285715,0.54,0.4771142857142857
metric_contract_v1.2,c38b09694be88aa74de0741b39e9d3ba0d6ff61a,35a1a66f78dfd6255c4d804586ee6863969be78d21acec5cd0ccf00476ddaa5c,f80984d28ef9a7550633fb3aea514f783f3db1fa655a6d3f49850b10857e6afc,3e2bac6d488d016b4c0a216c6e210e16bcc4ca139bf6356687dc98bc7c39ec78,last,ood_metric/fpr95_threshold,OOD-4,appendix,descriptive,id_train,id_test_vs_mnist,detector_declared,detector/ctm_prototype_cosine,mnist,far,,,,80000,C4,adam,0.0003,0.0001,0.8282260968389784,0.0018974309979848999,0.828226 ± 0.001897,0.8275600631473047,0.830366748529932,0.8267514788396982
metric_contract_v1.2,c38b09694be88aa74de0741b39e9d3ba0d6ff61a,35a1a66f78dfd6255c4d804586ee6863969be78d21acec5cd0ccf00476ddaa5c,f80984d28ef9a7550633fb3aea514f783f3db1fa655a6d3f49850b10857e6afc,3e2bac6d488d016b4c0a216c6e210e16bcc4ca139bf6356687dc98bc7c39ec78,last,ood_metric/fpr95_threshold,OOD-4,appendix,descriptive,id_train,id_test_vs_mnist,detector_declared,detector/gda_class_density,mnist,far,,,,80000,C4,adam,0.0003,0.0001,740.502873982989,25.8492400754784,740.502874 ± 25.849240,720.9246762021057,769.8036063575646,730.7803393892963
metric_contract_v1.2,c38b09694be88aa74de0741b39e9d3ba0d6ff61a,35a1a66f78dfd6255c4d804586ee6863969be78d21acec5cd0ccf00476ddaa5c,f80984d28ef9a7550633fb3aea514f783f3db1fa655a6d3f49850b10857e6afc,3e2bac6d488d016b4c0a216c6e210e16bcc4ca139bf6356687dc98bc7c39ec78,last,ood_metric/fpr95_threshold,OOD-4,appendix,descriptive,id_train,id_test_vs_mnist,detector_declared,detector/knn_l2_k50,mnist,far,,,,80000,C4,adam,0.0003,0.0001,-0.19496281515159927,0.0032622346678864065,-0.194963 ± 0.003262,-0.19597178752651842,-0.19131529601993638,-0.19760136190834304
metric_contract_v1.2,c38b09694be88aa74de0741b39e9d3ba0d6ff61a,35a1a66f78dfd6255c4d804586ee6863969be78d21acec5cd0ccf00476ddaa5c,f80984d28ef9a7550633fb3aea514f783f3db1fa655a6d3f49850b10857e6afc,3e2bac6d488d016b4c0a216c6e210e16bcc4ca139bf6356687dc98bc7c39ec78,last,ood_metric/fpr95_threshold,OOD-4,appendix,descriptive,id_train,id_test_vs_mnist,detector_declared,detector/mahalanobis_pp,mnist,far,,,,80000,C4,adam,0.0003,0.0001,-1452.3757375692005,9.740554506574165,-1452.375738 ± 9.740555,-1446.300967282446,-1447.2154842375096,-1463.6107611876457
metric_contract_v1.2,c38b09694be88aa74de0741b39e9d3ba0d6ff61a,35a1a66f78dfd6255c4d804586ee6863969be78d21acec5cd0ccf00476ddaa5c,f80984d28ef9a7550633fb3aea514f783f3db1fa655a6d3f49850b10857e6afc,3e2bac6d488d016b4c0a216c6e210e16bcc4ca139bf6356687dc98bc7c39ec78,last,ood_metric/fpr95_threshold,OOD-4,appendix,descriptive,id_train,id_test_vs_mnist,detector_declared,detector/mahalanobis_raw,mnist,far,,,,80000,C4,adam,0.0003,0.0001,-1166.4950489783653,20.381918810185926,-1166.495049 ± 20.381919,-1158.0620758784933,-1189.7401018933126,-1151.6829691632902
metric_contract_v1.2,c38b09694be88aa74de0741b39e9d3ba0d6ff61a,35a1a66f78dfd6255c4d804586ee6863969be78d21acec5cd0ccf00476ddaa5c,f80984d28ef9a7550633fb3aea514f783f3db1fa655a6d3f49850b10857e6afc,3e2bac6d488d016b4c0a216c6e210e16bcc4ca139bf6356687dc98bc7c39ec78,last,ood_metric/fpr95_threshold,OOD-4,appendix,descriptive,id_train,id_test_vs_mnist,detector_declared,detector/marginal_mahalanobis_raw,mnist,far,,,,80000,C4,adam,0.0003,0.0001,-1118.159751857518,17.612154672592993,-1118.159752 ± 17.612155,-1112.5900411717842,-1137.883371451925,-1104.0058429488447
metric_contract_v1.2,c38b09694be88aa74de0741b39e9d3ba0d6ff61a,35a1a66f78dfd6255c4d804586ee6863969be78d21acec5cd0ccf00476ddaa5c,f80984d28ef9a7550633fb3aea514f783f3db1fa655a6d3f49850b10857e6afc,3e2bac6d488d016b4c0a216c6e210e16bcc4ca139bf6356687dc98bc7c39ec78,last,ood_metric/fpr95_threshold,OOD-4,appendix,descriptive,id_train,id_test_vs_mnist,detector_declared,detector/ncp_euclidean_raw,mnist,far,,,,80000,C4,adam,0.0003,0.0001,-11.318908724112843,0.06313067422666985,-11.318909 ± 0.063131,-11.368358275404402,-11.340568627361192,-11.247799269572933
metric_contract_v1.2,c38b09694be88aa74de0741b39e9d3ba0d6ff61a,35a1a66f78dfd6255c4d804586ee6863969be78d21acec5cd0ccf00476ddaa5c,f80984d28ef9a7550633fb3aea514f783f3db1fa655a6d3f49850b10857e6afc,3e2bac6d488d016b4c0a216c6e210e16bcc4ca139bf6356687dc98bc7c39ec78,last,ood_metric/fpr95_threshold,OOD-4,appendix,descriptive,id_train,id_test_vs_mnist,detector_declared,detector/neco_author_std_dim100,mnist,far,,,,80000,C4,adam,0.0003,0.0001,0.9957781282716446,0.0005233280010097975,0.995778 ± 0.000523,0.9953965915461964,0.9963747223260044,0.995563070942733
metric_contract_v1.2,c38b09694be88aa74de0741b39e9d3ba0d6ff61a,35a1a66f78dfd6255c4d804586ee6863969be78d21acec5cd0ccf00476ddaa5c,f80984d28ef9a7550633fb3aea514f783f3db1fa655a6d3f49850b10857e6afc,3e2bac6d488d016b4c0a216c6e210e16bcc4ca139bf6356687dc98bc7c39ec78,last,ood_metric/fpr95_threshold,OOD-4,appendix,descriptive,id_train,id_test_vs_mnist,detector_declared,detector/relative_mahalanobis_pp,mnist,far,,,,80000,C4,adam,0.0003,0.0001,-178.8832449921055,2.4153443114476465,-178.883245 ± 2.415344,-179.59174815873718,-176.19288433813452,-180.86510247944477
metric_contract_v1.2,c38b09694be88aa74de0741b39e9d3ba0d6ff61a,35a1a66f78dfd6255c4d804586ee6863969be78d21acec5cd0ccf00476ddaa5c,f80984d28ef9a7550633fb3aea514f783f3db1fa655a6d3f49850b10857e6afc,3e2bac6d488d016b4c0a216c6e210e16bcc4ca139bf6356687dc98bc7c39ec78,last,ood_metric/fpr95_threshold,OOD-4,appendix,descriptive,id_train,id_test_vs_mnist,detector_declared,detector/relative_mahalanobis_raw,mnist,far,,,,80000,C4,adam,0.0003,0.0001,-113.7912756875996,1.0209025502455273,-113.791276 ± 1.020903,-114.949569620799,-113.02236995220929,-113.40188748979052
metric_contract_v1.2,c38b09694be88aa74de0741b39e9d3ba0d6ff61a,35a1a66f78dfd6255c4d804586ee6863969be78d21acec5cd0ccf00476ddaa5c,f80984d28ef9a7550633fb3aea514f783f3db1fa655a6d3f49850b10857e6afc,3e2bac6d488d016b4c0a216c6e210e16bcc4ca139bf6356687dc98bc7c39ec78,last,ood_metric/fpr95_threshold,OOD-4,appendix,descriptive,id_train,id_test_vs_mnist,detector_declared,detector/vim_author_dim,mnist,far,,,,80000,C4,adam,0.0003,0.0001,-14.589066555092126,0.192411671935037,-14.589067 ± 0.192412,-14.656139729462511,-14.372095665071432,-14.738964270742434
metric_contract_v1.2,c38b09694be88aa74de0741b39e9d3ba0d6ff61a,35a1a66f78dfd6255c4d804586ee6863969be78d21acec5cd0ccf00476ddaa5c,f80984d28ef9a7550633fb3aea514f783f3db1fa655a6d3f49850b10857e6afc,3e2bac6d488d016b4c0a216c6e210e16bcc4ca139bf6356687dc98bc7c39ec78,last,ood_metric/fpr95_threshold,OOD-4,appendix,descriptive,id_train,id_test_vs_mnist,detector_declared,detector/vim_dim128,mnist,far,,,,80000,C4,adam,0.0003,0.0001,-13.387801424298827,0.1539577564014147,-13.387801 ± 0.153958,-13.266575002167052,-13.561025055348852,-13.335804215380575
metric_contract_v1.2,c38b09694be88aa74de0741b39e9d3ba0d6ff61a,35a1a66f78dfd6255c4d804586ee6863969be78d21acec5cd0ccf00476ddaa5c,f80984d28ef9a7550633fb3aea514f783f3db1fa655a6d3f49850b10857e6afc,3e2bac6d488d016b4c0a216c6e210e16bcc4ca139bf6356687dc98bc7c39ec78,last,ood_metric/fpr95_threshold,OOD-4,appendix,descriptive,id_train,id_test_vs_mnist,detector_declared,detector/vim_dim256,mnist,far,,,,80000,C4,adam,0.0003,0.0001,-14.470300906964622,0.1890319118823846,-14.470301 ± 0.189032,-14.496096754688109,-14.26969577921853,-14.645110186987223
metric_contract_v1.2,c38b09694be88aa74de0741b39e9d3ba0d6ff61a,35a1a66f78dfd6255c4d804586ee6863969be78d21acec5cd0ccf00476ddaa5c,f80984d28ef9a7550633fb3aea514f783f3db1fa655a6d3f49850b10857e6afc,3e2bac6d488d016b4c0a216c6e210e16bcc4ca139bf6356687dc98bc7c39ec78,last,ood_metric/fpr95_threshold,OOD-4,appendix,descriptive,id_train,id_test_vs_mnist,detector_declared,detector/vim_dim320,mnist,far,,,,80000,C4,adam,0.0003,0.0001,-14.589066555092126,0.192411671935037,-14.589067 ± 0.192412,-14.656139729462511,-14.372095665071432,-14.738964270742434
metric_contract_v1.2,c38b09694be88aa74de0741b39e9d3ba0d6ff61a,35a1a66f78dfd6255c4d804586ee6863969be78d21acec5cd0ccf00476ddaa5c,f80984d28ef9a7550633fb3aea514f783f3db1fa655a6d3f49850b10857e6afc,3e2bac6d488d016b4c0a216c6e210e16bcc4ca139bf6356687dc98bc7c39ec78,last,ood_metric/fpr95_threshold,OOD-4,appendix,descriptive,id_train,id_test_vs_mnist,detector_declared,detector/vim_dim64,mnist,far,,,,80000,C4,adam,0.0003,0.0001,-12.470030922265906,0.15733122439433828,-12.470031 ± 0.157331,-12.297723136885974,-12.506328676993544,-12.606040952918203
metric_contract_v1.2,c38b09694be88aa74de0741b39e9d3ba0d6ff61a,35a1a66f78dfd6255c4d804586ee6863969be78d21acec5cd0ccf00476ddaa5c,f80984d28ef9a7550633fb3aea514f783f3db1fa655a6d3f49850b10857e6afc,3e2bac6d488d016b4c0a216c6e210e16bcc4ca139bf6356687dc98bc7c39ec78,last,ood_metric/fpr95_threshold,OOD-4,appendix,descriptive,id_train,id_test_vs_mnist,detector_declared,detector/weight_cosine_appendix,mnist,far,,,,80000,C4,adam,0.0003,0.0001,0.20620895068544995,0.0021746114459482812,0.206209 ± 0.002175,0.20587325277863858,0.20422170912396506,0.20853189015374612
metric_contract_v1.2,c38b09694be88aa74de0741b39e9d3ba0d6ff61a,35a1a66f78dfd6255c4d804586ee6863969be78d21acec5cd0ccf00476ddaa5c,f80984d28ef9a7550633fb3aea514f783f3db1fa655a6d3f49850b10857e6afc,3e2bac6d488d016b4c0a216c6e210e16bcc4ca139bf6356687dc98bc7c39ec78,last,ood_metric/fpr95_threshold,OOD-4,appendix,descriptive,,id_test_vs_mnist,detector_declared,ood_score/energy_t1,mnist,far,,,,80000,C4,adam,0.0003,0.0001,6.172272536343697,0.0710430605576823,6.172273 ± 0.071043,6.103960333253479,6.245763083799777,6.167094191977834
metric_contract_v1.2,c38b09694be88aa74de0741b39e9d3ba0d6ff61a,35a1a66f78dfd6255c4d804586ee6863969be78d21acec5cd0ccf00476ddaa5c,f80984d28ef9a7550633fb3aea514f783f3db1fa655a6d3f49850b10857e6afc,3e2bac6d488d016b4c0a216c6e210e16bcc4ca139bf6356687dc98bc7c39ec78,last,ood_metric/fpr95_threshold,OOD-4,appendix,descriptive,,id_test_vs_mnist,detector_declared,ood_score/max_logit,mnist,far,,,,80000,C4,adam,0.0003,0.0001,6.062124347686766,0.10033283689054932,6.062124 ± 0.100333,5.966901683807373,6.166886019706726,6.052585339546203
metric_contract_v1.2,c38b09694be88aa74de0741b39e9d3ba0d6ff61a,35a1a66f78dfd6255c4d804586ee6863969be78d21acec5cd0ccf00476ddaa5c,f80984d28ef9a7550633fb3aea514f783f3db1fa655a6d3f49850b10857e6afc,3e2bac6d488d016b4c0a216c6e210e16bcc4ca139bf6356687dc98bc7c39ec78,last,ood_metric/fpr95_threshold,OOD-4,appendix,descriptive,,id_test_vs_mnist,detector_declared,ood_score/msp,mnist,far,,,,80000,C4,adam,0.0003,0.0001,0.9158057217495044,0.007351610622291328,0.915806 ± 0.007352,0.9099865882227293,0.9133627711154463,0.9240678059103375
metric_contract_v1.2,c38b09694be88aa74de0741b39e9d3ba0d6ff61a,35a1a66f78dfd6255c4d804586ee6863969be78d21acec5cd0ccf00476ddaa5c,f80984d28ef9a7550633fb3aea514f783f3db1fa655a6d3f49850b10857e6afc,4039a31891b5637f4198ad78f79d97e89aa97f4ccd6efa5779b14c5b4203059e,last,analysis/angular_control_gap_ctm_ncp,OOD-7,exploratory,descriptive,id_train,id_test_vs_mnist,paired_auroc_difference,,mnist,,,,,80000,C4,adamw,0.003,0.001,0.1309271628571429,0.013578182516621358,0.130927 ± 0.013578,0.12339915428571446,0.12278050571428578,0.14660182857142845
metric_contract_v1.2,c38b09694be88aa74de0741b39e9d3ba0d6ff61a,35a1a66f78dfd6255c4d804586ee6863969be78d21acec5cd0ccf00476ddaa5c,f80984d28ef9a7550633fb3aea514f783f3db1fa655a6d3f49850b10857e6afc,4039a31891b5637f4198ad78f79d97e89aa97f4ccd6efa5779b14c5b4203059e,last,analysis/restoration_gap_mahalanobis,OOD-7,exploratory,descriptive,id_train,id_test_vs_mnist,paired_auroc_difference,,mnist,,,,,80000,C4,adamw,0.003,0.001,0.5820330890476191,0.10827232691440015,0.582033 ± 0.108272,0.4947059542857145,0.7031781085714285,0.5482152042857142
metric_contract_v1.2,c38b09694be88aa74de0741b39e9d3ba0d6ff61a,35a1a66f78dfd6255c4d804586ee6863969be78d21acec5cd0ccf00476ddaa5c,f80984d28ef9a7550633fb3aea514f783f3db1fa655a6d3f49850b10857e6afc,4039a31891b5637f4198ad78f79d97e89aa97f4ccd6efa5779b14c5b4203059e,last,analysis/restoration_gap_relative_mahalanobis,OOD-7,exploratory,descriptive,id_train,id_test_vs_mnist,paired_auroc_difference,,mnist,,,,,80000,C4,adamw,0.003,0.001,-0.015406602380952483,0.006590421806524931,-0.015407 ± 0.006590,-0.020366060000000186,-0.017925522857142884,-0.00792822428571438
metric_contract_v1.2,c38b09694be88aa74de0741b39e9d3ba0d6ff61a,35a1a66f78dfd6255c4d804586ee6863969be78d21acec5cd0ccf00476ddaa5c,f80984d28ef9a7550633fb3aea514f783f3db1fa655a6d3f49850b10857e6afc,4039a31891b5637f4198ad78f79d97e89aa97f4ccd6efa5779b14c5b4203059e,last,ood_metric/ap_in,OOD-2,appendix,up,id_train,id_test_vs_mnist,detector_declared,detector/ctm_prototype_cosine,mnist,far,,,,80000,C4,adamw,0.003,0.001,0.8504954106152537,0.015220785769805904,0.850495 ± 0.015221,0.8680524135648817,0.8424140856033179,0.8410197326775616
metric_contract_v1.2,c38b09694be88aa74de0741b39e9d3ba0d6ff61a,35a1a66f78dfd6255c4d804586ee6863969be78d21acec5cd0ccf00476ddaa5c,f80984d28ef9a7550633fb3aea514f783f3db1fa655a6d3f49850b10857e6afc,4039a31891b5637f4198ad78f79d97e89aa97f4ccd6efa5779b14c5b4203059e,last,ood_metric/ap_in,OOD-2,appendix,up,id_train,id_test_vs_mnist,detector_declared,detector/gda_class_density,mnist,far,,,,80000,C4,adamw,0.003,0.001,0.2774320477389369,0.1419976608862661,0.277432 ± 0.141998,0.20574057478510432,0.18557271295220512,0.44098285547950133
metric_contract_v1.2,c38b09694be88aa74de0741b39e9d3ba0d6ff61a,35a1a66f78dfd6255c4d804586ee6863969be78d21acec5cd0ccf00476ddaa5c,f80984d28ef9a7550633fb3aea514f783f3db1fa655a6d3f49850b10857e6afc,4039a31891b5637f4198ad78f79d97e89aa97f4ccd6efa5779b14c5b4203059e,last,ood_metric/ap_in,OOD-2,appendix,up,id_train,id_test_vs_mnist,detector_declared,detector/knn_l2_k50,mnist,far,,,,80000,C4,adamw,0.003,0.001,0.8921223301245224,0.004142947459363071,0.892122 ± 0.004143,0.8875970276575225,0.893041388474122,0.8957285742419223
metric_contract_v1.2,c38b09694be88aa74de0741b39e9d3ba0d6ff61a,35a1a66f78dfd6255c4d804586ee6863969be78d21acec5cd0ccf00476ddaa5c,f80984d28ef9a7550633fb3aea514f783f3db1fa655a6d3f49850b10857e6afc,4039a31891b5637f4198ad78f79d97e89aa97f4ccd6efa5779b14c5b4203059e,last,ood_metric/ap_in,OOD-2,appendix,up,id_train,id_test_vs_mnist,detector_declared,detector/mahalanobis_pp,mnist,far,,,,80000,C4,adamw,0.003,0.001,0.9145577263971475,0.008402097135929081,0.914558 ± 0.008402,0.9123855659272698,0.9074550017466704,0.9238326115175024
metric_contract_v1.2,c38b09694be88aa74de0741b39e9d3ba0d6ff61a,35a1a66f78dfd6255c4d804586ee6863969be78d21acec5cd0ccf00476ddaa5c,f80984d28ef9a7550633fb3aea514f783f3db1fa655a6d3f49850b10857e6afc,4039a31891b5637f4198ad78f79d97e89aa97f4ccd6efa5779b14c5b4203059e,last,ood_metric/ap_in,OOD-2,appendix,up,id_train,id_test_vs_mnist,detector_declared,detector/mahalanobis_raw,mnist,far,,,,80000,C4,adamw,0.003,0.001,0.1349582775341158,0.043029490708545136,0.134958 ± 0.043029,0.1635532365278679,0.08547154810567684,0.15585004796880259
metric_contract_v1.2,c38b09694be88aa74de0741b39e9d3ba0d6ff61a,35a1a66f78dfd6255c4d804586ee6863969be78d21acec5cd0ccf00476ddaa5c,f80984d28ef9a7550633fb3aea514f783f3db1fa655a6d3f49850b10857e6afc,4039a31891b5637f4198ad78f79d97e89aa97f4ccd6efa5779b14c5b4203059e,last,ood_metric/ap_in,OOD-2,appendix,up,id_train,id_test_vs_mnist,detector_declared,detector/marginal_mahalanobis_raw,mnist,far,,,,80000,C4,adamw,0.003,0.001,0.10056195422397429,0.02405229432834785,0.100562 ± 0.024052,0.12318859623770866,0.07530090344326193,0.10319636299095233
metric_contract_v1.2,c38b09694be88aa74de0741b39e9d3ba0d6ff61a,35a1a66f78dfd6255c4d804586ee6863969be78d21acec5cd0ccf00476ddaa5c,f80984d28ef9a7550633fb3aea514f783f3db1fa655a6d3f49850b10857e6afc,4039a31891b5637f4198ad78f79d97e89aa97f4ccd6efa5779b14c5b4203059e,last,ood_metric/ap_in,OOD-2,appendix,up,id_train,id_test_vs_mnist,detector_declared,detector/ncp_euclidean_raw,mnist,far,,,,80000,C4,adamw,0.003,0.001,0.6149471416726238,0.04671900137883625,0.614947 ± 0.046719,0.6514676766208838,0.6310722342395838,0.5623015141574037
metric_contract_v1.2,c38b09694be88aa74de0741b39e9d3ba0d6ff61a,35a1a66f78dfd6255c4d804586ee6863969be78d21acec5cd0ccf00476ddaa5c,f80984d28ef9a7550633fb3aea514f783f3db1fa655a6d3f49850b10857e6afc,4039a31891b5637f4198ad78f79d97e89aa97f4ccd6efa5779b14c5b4203059e,last,ood_metric/ap_in,OOD-2,appendix,up,id_train,id_test_vs_mnist,detector_declared,detector/neco_author_std_dim100,mnist,far,,,,80000,C4,adamw,0.003,0.001,0.6447197124176344,0.13891103036757108,0.644720 ± 0.138911,0.7104993926543466,0.4851371352985048,0.7385226093000519
metric_contract_v1.2,c38b09694be88aa74de0741b39e9d3ba0d6ff61a,35a1a66f78dfd6255c4d804586ee6863969be78d21acec5cd0ccf00476ddaa5c,f80984d28ef9a7550633fb3aea514f783f3db1fa655a6d3f49850b10857e6afc,4039a31891b5637f4198ad78f79d97e89aa97f4ccd6efa5779b14c5b4203059e,last,ood_metric/ap_in,OOD-2,appendix,up,id_train,id_test_vs_mnist,detector_declared,detector/relative_mahalanobis_pp,mnist,far,,,,80000,C4,adamw,0.003,0.001,0.663099213261637,0.061567283233538536,0.663099 ± 0.061567,0.5987942216609511,0.6689994442799553,0.7215039738440048
metric_contract_v1.2,c38b09694be88aa74de0741b39e9d3ba0d6ff61a,35a1a66f78dfd6255c4d804586ee6863969be78d21acec5cd0ccf00476ddaa5c,f80984d28ef9a7550633fb3aea514f783f3db1fa655a6d3f49850b10857e6afc,4039a31891b5637f4198ad78f79d97e89aa97f4ccd6efa5779b14c5b4203059e,last,ood_metric/ap_in,OOD-2,appendix,up,id_train,id_test_vs_mnist,detector_declared,detector/relative_mahalanobis_raw,mnist,far,,,,80000,C4,adamw,0.003,0.001,0.7237545148361123,0.025229238722664526,0.723755 ± 0.025229,0.698277701221554,0.7242571763631892,0.7487286669235935
metric_contract_v1.2,c38b09694be88aa74de0741b39e9d3ba0d6ff61a,35a1a66f78dfd6255c4d804586ee6863969be78d21acec5cd0ccf00476ddaa5c,f80984d28ef9a7550633fb3aea514f783f3db1fa655a6d3f49850b10857e6afc,4039a31891b5637f4198ad78f79d97e89aa97f4ccd6efa5779b14c5b4203059e,last,ood_metric/ap_in,OOD-2,appendix,up,id_train,id_test_vs_mnist,detector_declared,detector/vim_author_dim,mnist,far,,,,80000,C4,adamw,0.003,0.001,0.8283061261474588,0.007447506521945043,0.828306 ± 0.007448,0.8368869294737078,0.8235230642549766,0.8245083847136924
metric_contract_v1.2,c38b09694be88aa74de0741b39e9d3ba0d6ff61a,35a1a66f78dfd6255c4d804586ee6863969be78d21acec5cd0ccf00476ddaa5c,f80984d28ef9a7550633fb3aea514f783f3db1fa655a6d3f49850b10857e6afc,4039a31891b5637f4198ad78f79d97e89aa97f4ccd6efa5779b14c5b4203059e,last,ood_metric/ap_in,OOD-2,appendix,up,id_train,id_test_vs_mnist,detector_declared,detector/vim_dim128,mnist,far,,,,80000,C4,adamw,0.003,0.001,0.8288019312068148,0.006440402220570836,0.828802 ± 0.006440,0.8361922658546395,0.8243884351923954,0.8258250925734096
metric_contract_v1.2,c38b09694be88aa74de0741b39e9d3ba0d6ff61a,35a1a66f78dfd6255c4d804586ee6863969be78d21acec5cd0ccf00476ddaa5c,f80984d28ef9a7550633fb3aea514f783f3db1fa655a6d3f49850b10857e6afc,4039a31891b5637f4198ad78f79d97e89aa97f4ccd6efa5779b14c5b4203059e,last,ood_metric/ap_in,OOD-2,appendix,up,id_train,id_test_vs_mnist,detector_declared,detector/vim_dim256,mnist,far,,,,80000,C4,adamw,0.003,0.001,0.8316224781877316,0.011431972940597633,0.831622 ± 0.011432,0.844554700619159,0.8274494484255694,0.8228632855184665
metric_contract_v1.2,c38b09694be88aa74de0741b39e9d3ba0d6ff61a,35a1a66f78dfd6255c4d804586ee6863969be78d21acec5cd0ccf00476ddaa5c,f80984d28ef9a7550633fb3aea514f783f3db1fa655a6d3f49850b10857e6afc,4039a31891b5637f4198ad78f79d97e89aa97f4ccd6efa5779b14c5b4203059e,last,ood_metric/ap_in,OOD-2,appendix,up,id_train,id_test_vs_mnist,detector_declared,detector/vim_dim320,mnist,far,,,,80000,C4,adamw,0.003,0.001,0.8283061261474588,0.007447506521945043,0.828306 ± 0.007448,0.8368869294737078,0.8235230642549766,0.8245083847136924
metric_contract_v1.2,c38b09694be88aa74de0741b39e9d3ba0d6ff61a,35a1a66f78dfd6255c4d804586ee6863969be78d21acec5cd0ccf00476ddaa5c,f80984d28ef9a7550633fb3aea514f783f3db1fa655a6d3f49850b10857e6afc,4039a31891b5637f4198ad78f79d97e89aa97f4ccd6efa5779b14c5b4203059e,last,ood_metric/ap_in,OOD-2,appendix,up,id_train,id_test_vs_mnist,detector_declared,detector/vim_dim64,mnist,far,,,,80000,C4,adamw,0.003,0.001,0.8309293237133195,0.012350489788093095,0.830929 ± 0.012350,0.8402079809185623,0.8169110565590021,0.8356689336623939
metric_contract_v1.2,c38b09694be88aa74de0741b39e9d3ba0d6ff61a,35a1a66f78dfd6255c4d804586ee6863969be78d21acec5cd0ccf00476ddaa5c,f80984d28ef9a7550633fb3aea514f783f3db1fa655a6d3f49850b10857e6afc,4039a31891b5637f4198ad78f79d97e89aa97f4ccd6efa5779b14c5b4203059e,last,ood_metric/ap_in,OOD-2,appendix,up,id_train,id_test_vs_mnist,detector_declared,detector/weight_cosine_appendix,mnist,far,,,,80000,C4,adamw,0.003,0.001,0.759973106175528,0.027426229641402212,0.759973 ± 0.027426,0.7659136897111721,0.7839421939993921,0.7300634348160199
metric_contract_v1.2,c38b09694be88aa74de0741b39e9d3ba0d6ff61a,35a1a66f78dfd6255c4d804586ee6863969be78d21acec5cd0ccf00476ddaa5c,f80984d28ef9a7550633fb3aea514f783f3db1fa655a6d3f49850b10857e6afc,4039a31891b5637f4198ad78f79d97e89aa97f4ccd6efa5779b14c5b4203059e,last,ood_metric/ap_in,OOD-2,appendix,up,,id_test_vs_mnist,detector_declared,ood_score/energy_t1,mnist,far,,,,80000,C4,adamw,0.003,0.001,0.8569708727990334,0.022262143851243754,0.856971 ± 0.022262,0.8491828823025076,0.8820807454006604,0.8396489906939322
metric_contract_v1.2,c38b09694be88aa74de0741b39e9d3ba0d6ff61a,35a1a66f78dfd6255c4d804586ee6863969be78d21acec5cd0ccf00476ddaa5c,f80984d28ef9a7550633fb3aea514f783f3db1fa655a6d3f49850b10857e6afc,4039a31891b5637f4198ad78f79d97e89aa97f4ccd6efa5779b14c5b4203059e,last,ood_metric/ap_in,OOD-2,appendix,up,,id_test_vs_mnist,detector_declared,ood_score/max_logit,mnist,far,,,,80000,C4,adamw,0.003,0.001,0.8567600445236585,0.022246458585661457,0.856760 ± 0.022246,0.8490053797100328,0.88184595537941,0.8394287984815326
metric_contract_v1.2,c38b09694be88aa74de0741b39e9d3ba0d6ff61a,35a1a66f78dfd6255c4d804586ee6863969be78d21acec5cd0ccf00476ddaa5c,f80984d28ef9a7550633fb3aea514f783f3db1fa655a6d3f49850b10857e6afc,4039a31891b5637f4198ad78f79d97e89aa97f4ccd6efa5779b14c5b4203059e,last,ood_metric/ap_in,OOD-2,appendix,up,,id_test_vs_mnist,detector_declared,ood_score/msp,mnist,far,,,,80000,C4,adamw,0.003,0.001,0.8182010884216663,0.018868337864919503,0.818201 ± 0.018868,0.810493179755556,0.8397031384531513,0.804406947056292
metric_contract_v1.2,c38b09694be88aa74de0741b39e9d3ba0d6ff61a,35a1a66f78dfd6255c4d804586ee6863969be78d21acec5cd0ccf00476ddaa5c,f80984d28ef9a7550633fb3aea514f783f3db1fa655a6d3f49850b10857e6afc,4039a31891b5637f4198ad78f79d97e89aa97f4ccd6efa5779b14c5b4203059e,last,ood_metric/ap_out,OOD-3,appendix,up,id_train,id_test_vs_mnist,detector_declared,detector/ctm_prototype_cosine,mnist,far,,,,80000,C4,adamw,0.003,0.001,0.989682936986967,0.0021320019487647297,0.989683 ± 0.002132,0.9920922626279641,0.988916217971382,0.988040330361555
metric_contract_v1.2,c38b09694be88aa74de0741b39e9d3ba0d6ff61a,35a1a66f78dfd6255c4d804586ee6863969be78d21acec5cd0ccf00476ddaa5c,f80984d28ef9a7550633fb3aea514f783f3db1fa655a6d3f49850b10857e6afc,4039a31891b5637f4198ad78f79d97e89aa97f4ccd6efa5779b14c5b4203059e,last,ood_metric/ap_out,OOD-3,appendix,up,id_train,id_test_vs_mnist,detector_declared,detector/gda_class_density,mnist,far,,,,80000,C4,adamw,0.003,0.001,0.8761867425898601,0.028254756466797388,0.876187 ± 0.028255,0.8857361188412239,0.8443946837019176,0.8984294252264384
metric_contract_v1.2,c38b09694be88aa74de0741b39e9d3ba0d6ff61a,35a1a66f78dfd6255c4d804586ee6863969be78d21acec5cd0ccf00476ddaa5c,f80984d28ef9a7550633fb3aea514f783f3db1fa655a6d3f49850b10857e6afc,4039a31891b5637f4198ad78f79d97e89aa97f4ccd6efa5779b14c5b4203059e,last,ood_metric/ap_out,OOD-3,appendix,up,id_train,id_test_vs_mnist,detector_declared,detector/knn_l2_k50,mnist,far,,,,80000,C4,adamw,0.003,0.001,0.9930910394401979,0.0005949271090134419,0.993091 ± 0.000595,0.9937278753033182,0.99254953334754,0.9929957096697354
metric_contract_v1.2,c38b09694be88aa74de0741b39e9d3ba0d6ff61a,35a1a66f78dfd6255c4d804586ee6863969be78d21acec5cd0ccf00476ddaa5c,f80984d28ef9a7550633fb3aea514f783f3db1fa655a6d3f49850b10857e6afc,4039a31891b5637f4198ad78f79d97e89aa97f4ccd6efa5779b14c5b4203059e,last,ood_metric/ap_out,OOD-3,appendix,up,id_train,id_test_vs_mnist,detector_declared,detector/mahalanobis_pp,mnist,far,,,,80000,C4,adamw,0.003,0.001,0.9939870223609941,0.00043275779957220324,0.993987 ± 0.000433,0.994476476341056,0.9936550863453878,0.9938295043965387
metric_contract_v1.2,c38b09694be88aa74de0741b39e9d3ba0d6ff61a,35a1a66f78dfd6255c4d804586ee6863969be78d21acec5cd0ccf00476ddaa5c,f80984d28ef9a7550633fb3aea514f783f3db1fa655a6d3f49850b10857e6afc,4039a31891b5637f4198ad78f79d97e89aa97f4ccd6efa5779b14c5b4203059e,last,ood_metric/ap_out,OOD-3,appendix,up,id_train,id_test_vs_mnist,detector_declared,detector/mahalanobis_raw,mnist,far,,,,80000,C4,adamw,0.003,0.001,0.8226783528130427,0.032601894908606925,0.822678 ± 0.032602,0.8548066542581823,0.7896226531228381,0.823605751058108
metric_contract_v1.2,c38b09694be88aa74de0741b39e9d3ba0d6ff61a,35a1a66f78dfd6255c4d804586ee6863969be78d21acec5cd0ccf00476ddaa5c,f80984d28ef9a7550633fb3aea514f783f3db1fa655a6d3f49850b10857e6afc,4039a31891b5637f4198ad78f79d97e89aa97f4ccd6efa5779b14c5b4203059e,last,ood_metric/ap_out,OOD-3,appendix,up,id_train,id_test_vs_mnist,detector_declared,detector/marginal_mahalanobis_raw,mnist,far,,,,80000,C4,adamw,0.003,0.001,0.8040260934143983,0.031073523173114626,0.804026 ± 0.031074,0.8353248691753937,0.7731828311337587,0.8035705799340428
metric_contract_v1.2,c38b09694be88aa74de0741b39e9d3ba0d6ff61a,35a1a66f78dfd6255c4d804586ee6863969be78d21acec5cd0ccf00476ddaa5c,f80984d28ef9a7550633fb3aea514f783f3db1fa655a6d3f49850b10857e6afc,4039a31891b5637f4198ad78f79d97e89aa97f4ccd6efa5779b14c5b4203059e,last,ood_metric/ap_out,OOD-3,appendix,up,id_train,id_test_vs_mnist,detector_declared,detector/ncp_euclidean_raw,mnist,far,,,,80000,C4,adamw,0.003,0.001,0.9426351611933087,0.0056994194493517275,0.942635 ± 0.005699,0.9476850737922493,0.9437649510022496,0.9364554587854276
metric_contract_v1.2,c38b09694be88aa74de0741b39e9d3ba0d6ff61a,35a1a66f78dfd6255c4d804586ee6863969be78d21acec5cd0ccf00476ddaa5c,f80984d28ef9a7550633fb3aea514f783f3db1fa655a6d3f49850b10857e6afc,4039a31891b5637f4198ad78f79d97e89aa97f4ccd6efa5779b14c5b4203059e,last,ood_metric/ap_out,OOD-3,appendix,up,id_train,id_test_vs_mnist,detector_declared,detector/neco_author_std_dim100,mnist,far,,,,80000,C4,adamw,0.003,0.001,0.9593316054810991,0.015245525967425474,0.959332 ± 0.015246,0.9654428432640514,0.9419785867702988,0.9705733864089467
metric_contract_v1.2,c38b09694be88aa74de0741b39e9d3ba0d6ff61a,35a1a66f78dfd6255c4d804586ee6863969be78d21acec5cd0ccf00476ddaa5c,f80984d28ef9a7550633fb3aea514f783f3db1fa655a6d3f49850b10857e6afc,4039a31891b5637f4198ad78f79d97e89aa97f4ccd6efa5779b14c5b4203059e,last,ood_metric/ap_out,OOD-3,appendix,up,id_train,id_test_vs_mnist,detector_declared,detector/relative_mahalanobis_pp,mnist,far,,,,80000,C4,adamw,0.003,0.001,0.9744658988234217,0.0019578010036132103,0.974466 ± 0.001958,0.972931654832614,0.9737951208562927,0.9766709207813583
metric_contract_v1.2,c38b09694be88aa74de0741b39e9d3ba0d6ff61a,35a1a66f78dfd6255c4d804586ee6863969be78d21acec5cd0ccf00476ddaa5c,f80984d28ef9a7550633fb3aea514f783f3db1fa655a6d3f49850b10857e6afc,4039a31891b5637f4198ad78f79d97e89aa97f4ccd6efa5779b14c5b4203059e,last,ood_metric/ap_out,OOD-3,appendix,up,id_train,id_test_vs_mnist,detector_declared,detector/relative_mahalanobis_raw,mnist,far,,,,80000,C4,adamw,0.003,0.001,0.9766340760570319,0.0008951086153432139,0.976634 ± 0.000895,0.9756256520278151,0.9769419970473029,0.9773345790959775
metric_contract_v1.2,c38b09694be88aa74de0741b39e9d3ba0d6ff61a,35a1a66f78dfd6255c4d804586ee6863969be78d21acec5cd0ccf00476ddaa5c,f80984d28ef9a7550633fb3aea514f783f3db1fa655a6d3f49850b10857e6afc,4039a31891b5637f4198ad78f79d97e89aa97f4ccd6efa5779b14c5b4203059e,last,ood_metric/ap_out,OOD-3,appendix,up,id_train,id_test_vs_mnist,detector_declared,detector/vim_author_dim,mnist,far,,,,80000,C4,adamw,0.003,0.001,0.9777233847252228,0.005239581452075459,0.977723 ± 0.005240,0.9823037929378968,0.9720100082237405,0.9788563530140308
metric_contract_v1.2,c38b09694be88aa74de0741b39e9d3ba0d6ff61a,35a1a66f78dfd6255c4d804586ee6863969be78d21acec5cd0ccf00476ddaa5c,f80984d28ef9a7550633fb3aea514f783f3db1fa655a6d3f49850b10857e6afc,4039a31891b5637f4198ad78f79d97e89aa97f4ccd6efa5779b14c5b4203059e,last,ood_metric/ap_out,OOD-3,appendix,up,id_train,id_test_vs_mnist,detector_declared,detector/vim_dim128,mnist,far,,,,80000,C4,adamw,0.003,0.001,0.9785489999572409,0.004485826355979401,0.978549 ± 0.004486,0.9828510633056007,0.9738996035566801,0.9788963330094416
metric_contract_v1.2,c38b09694be88aa74de0741b39e9d3ba0d6ff61a,35a1a66f78dfd6255c4d804586ee6863969be78d21acec5cd0ccf00476ddaa5c,f80984d28ef9a7550633fb3aea514f783f3db1fa655a6d3f49850b10857e6afc,4039a31891b5637f4198ad78f79d97e89aa97f4ccd6efa5779b14c5b4203059e,last,ood_metric/ap_out,OOD-3,appendix,up,id_train,id_test_vs_mnist,detector_declared,detector/vim_dim256,mnist,far,,,,80000,C4,adamw,0.003,0.001,0.9784700373786448,0.004640401845266576,0.978470 ± 0.004640,0.9831992959189795,0.9739239144620148,0.9782869017549404
metric_contract_v1.2,c38b09694be88aa74de0741b39e9d3ba0d6ff61a,35a1a66f78dfd6255c4d804586ee6863969be78d21acec5cd0ccf00476ddaa5c,f80984d28ef9a7550633fb3aea514f783f3db1fa655a6d3f49850b10857e6afc,4039a31891b5637f4198ad78f79d97e89aa97f4ccd6efa5779b14c5b4203059e,last,ood_metric/ap_out,OOD-3,appendix,up,id_train,id_test_vs_mnist,detector_declared,detector/vim_dim320,mnist,far,,,,80000,C4,adamw,0.003,0.001,0.9777233847252228,0.005239581452075459,0.977723 ± 0.005240,0.9823037929378968,0.9720100082237405,0.9788563530140308
metric_contract_v1.2,c38b09694be88aa74de0741b39e9d3ba0d6ff61a,35a1a66f78dfd6255c4d804586ee6863969be78d21acec5cd0ccf00476ddaa5c,f80984d28ef9a7550633fb3aea514f783f3db1fa655a6d3f49850b10857e6afc,4039a31891b5637f4198ad78f79d97e89aa97f4ccd6efa5779b14c5b4203059e,last,ood_metric/ap_out,OOD-3,appendix,up,id_train,id_test_vs_mnist,detector_declared,detector/vim_dim64,mnist,far,,,,80000,C4,adamw,0.003,0.001,0.9794301350679717,0.005978711415254437,0.979430 ± 0.005979,0.984589186612464,0.9728778104639386,0.9808234081275125
metric_contract_v1.2,c38b09694be88aa74de0741b39e9d3ba0d6ff61a,35a1a66f78dfd6255c4d804586ee6863969be78d21acec5cd0ccf00476ddaa5c,f80984d28ef9a7550633fb3aea514f783f3db1fa655a6d3f49850b10857e6afc,4039a31891b5637f4198ad78f79d97e89aa97f4ccd6efa5779b14c5b4203059e,last,ood_metric/ap_out,OOD-3,appendix,up,id_train,id_test_vs_mnist,detector_declared,detector/weight_cosine_appendix,mnist,far,,,,80000,C4,adamw,0.003,0.001,0.9806420134376691,0.0008636872471683413,0.980642 ± 0.000864,0.9798648872867838,0.9815718822216802,0.9804892708045431
metric_contract_v1.2,c38b09694be88aa74de0741b39e9d3ba0d6ff61a,35a1a66f78dfd6255c4d804586ee6863969be78d21acec5cd0ccf00476ddaa5c,f80984d28ef9a7550633fb3aea514f783f3db1fa655a6d3f49850b10857e6afc,4039a31891b5637f4198ad78f79d97e89aa97f4ccd6efa5779b14c5b4203059e,last,ood_metric/ap_out,OOD-3,appendix,up,,id_test_vs_mnist,detector_declared,ood_score/energy_t1,mnist,far,,,,80000,C4,adamw,0.003,0.001,0.9833461379594833,0.0010315167833719499,0.983346 ± 0.001032,0.982310691940815,0.9843736800849714,0.9833540418526632
metric_contract_v1.2,c38b09694be88aa74de0741b39e9d3ba0d6ff61a,35a1a66f78dfd6255c4d804586ee6863969be78d21acec5cd0ccf00476ddaa5c,f80984d28ef9a7550633fb3aea514f783f3db1fa655a6d3f49850b10857e6afc,4039a31891b5637f4198ad78f79d97e89aa97f4ccd6efa5779b14c5b4203059e,last,ood_metric/ap_out,OOD-3,appendix,up,,id_test_vs_mnist,detector_declared,ood_score/max_logit,mnist,far,,,,80000,C4,adamw,0.003,0.001,0.9835972579439837,0.0010218701329694632,0.983597 ± 0.001022,0.9826131165848905,0.9846530820338496,0.9835255752132109
metric_contract_v1.2,c38b09694be88aa74de0741b39e9d3ba0d6ff61a,35a1a66f78dfd6255c4d804586ee6863969be78d21acec5cd0ccf00476ddaa5c,f80984d28ef9a7550633fb3aea514f783f3db1fa655a6d3f49850b10857e6afc,4039a31891b5637f4198ad78f79d97e89aa97f4ccd6efa5779b14c5b4203059e,last,ood_metric/ap_out,OOD-3,appendix,up,,id_test_vs_mnist,detector_declared,ood_score/msp,mnist,far,,,,80000,C4,adamw,0.003,0.001,0.9800976244121248,0.0019484226641040261,0.980098 ± 0.001948,0.9799725393298936,0.9821055759512781,0.9782147579552024
metric_contract_v1.2,c38b09694be88aa74de0741b39e9d3ba0d6ff61a,35a1a66f78dfd6255c4d804586ee6863969be78d21acec5cd0ccf00476ddaa5c,f80984d28ef9a7550633fb3aea514f783f3db1fa655a6d3f49850b10857e6afc,4039a31891b5637f4198ad78f79d97e89aa97f4ccd6efa5779b14c5b4203059e,last,ood_metric/aupr_in_openood_auc,OOD-2,primary,up,id_train,id_test_vs_mnist,detector_declared,detector/ctm_prototype_cosine,mnist,far,,,,80000,C4,adamw,0.003,0.001,0.8504908143459028,0.015221007486730498,0.850491 ± 0.015221,0.8680480747760131,0.8424093380256701,0.841015030236025
metric_contract_v1.2,c38b09694be88aa74de0741b39e9d3ba0d6ff61a,35a1a66f78dfd6255c4d804586ee6863969be78d21acec5cd0ccf00476ddaa5c,f80984d28ef9a7550633fb3aea514f783f3db1fa655a6d3f49850b10857e6afc,4039a31891b5637f4198ad78f79d97e89aa97f4ccd6efa5779b14c5b4203059e,last,ood_metric/aupr_in_openood_auc,OOD-2,primary,up,id_train,id_test_vs_mnist,detector_declared,detector/gda_class_density,mnist,far,,,,80000,C4,adamw,0.003,0.001,0.27741385843014227,0.14200264976565077,0.277414 ± 0.142003,0.20571456256268153,0.18555618171274385,0.4409708310150015
metric_contract_v1.2,c38b09694be88aa74de0741b39e9d3ba0d6ff61a,35a1a66f78dfd6255c4d804586ee6863969be78d21acec5cd0ccf00476ddaa5c,f80984d28ef9a7550633fb3aea514f783f3db1fa655a6d3f49850b10857e6afc,4039a31891b5637f4198ad78f79d97e89aa97f4ccd6efa5779b14c5b4203059e,last,ood_metric/aupr_in_openood_auc,OOD-2,primary,up,id_train,id_test_vs_mnist,detector_declared,detector/knn_l2_k50,mnist,far,,,,80000,C4,adamw,0.003,0.001,0.8921189847461778,0.004143403772941778,0.892119 ± 0.004143,0.8875931086351448,0.8930383719480552,0.8957254736553333
metric_contract_v1.2,c38b09694be88aa74de0741b39e9d3ba0d6ff61a,35a1a66f78dfd6255c4d804586ee6863969be78d21acec5cd0ccf00476ddaa5c,f80984d28ef9a7550633fb3aea514f783f3db1fa655a6d3f49850b10857e6afc,4039a31891b5637f4198ad78f79d97e89aa97f4ccd6efa5779b14c5b4203059e,last,ood_metric/aupr_in_openood_auc,OOD-2,primary,up,id_train,id_test_vs_mnist,detector_declared,detector/mahalanobis_pp,mnist,far,,,,80000,C4,adamw,0.003,0.001,0.9145551826271046,0.008402408758740761,0.914555 ± 0.008402,0.9123828024545392,0.907452291798025,0.9238304536287492
metric_contract_v1.2,c38b09694be88aa74de0741b39e9d3ba0d6ff61a,35a1a66f78dfd6255c4d804586ee6863969be78d21acec5cd0ccf00476ddaa5c,f80984d28ef9a7550633fb3aea514f783f3db1fa655a6d3f49850b10857e6afc,4039a31891b5637f4198ad78f79d97e89aa97f4ccd6efa5779b14c5b4203059e,last,ood_metric/aupr_in_openood_auc,OOD-2,primary,up,id_train,id_test_vs_mnist,detector_declared,detector/mahalanobis_raw,mnist,far,,,,80000,C4,adamw,0.003,0.001,0.13492044595853428,0.043030823690216234,0.134920 ± 0.043031,0.16351373055096957,0.08543190339221929,0.15581570393241395
metric_contract_v1.2,c38b09694be88aa74de0741b39e9d3ba0d6ff61a,35a1a66f78dfd6255c4d804586ee6863969be78d21acec5cd0ccf00476ddaa5c,f80984d28ef9a7550633fb3aea514f783f3db1fa655a6d3f49850b10857e6afc,4039a31891b5637f4198ad78f79d97e89aa97f4ccd6efa5779b14c5b4203059e,last,ood_metric/aupr_in_openood_auc,OOD-2,primary,up,id_train,id_test_vs_mnist,detector_declared,detector/marginal_mahalanobis_raw,mnist,far,,,,80000,C4,adamw,0.003,0.001,0.10052145895537289,0.02403888569667885,0.100521 ± 0.024039,0.1231385158533004,0.07527666204979123,0.10314919896302699
metric_contract_v1.2,c38b09694be88aa74de0741b39e9d3ba0d6ff61a,35a1a66f78dfd6255c4d804586ee6863969be78d21acec5cd0ccf00476ddaa5c,f80984d28ef9a7550633fb3aea514f783f3db1fa655a6d3f49850b10857e6afc,4039a31891b5637f4198ad78f79d97e89aa97f4ccd6efa5779b14c5b4203059e,last,ood_metric/aupr_in_openood_auc,OOD-2,primary,up,id_train,id_test_vs_mnist,detector_declared,detector/ncp_euclidean_raw,mnist,far,,,,80000,C4,adamw,0.003,0.001,0.614933923190073,0.04672164251769745,0.614934 ± 0.046722,0.651456232049111,0.6310603042386206,0.5622852332824874
metric_contract_v1.2,c38b09694be88aa74de0741b39e9d3ba0d6ff61a,35a1a66f78dfd6255c4d804586ee6863969be78d21acec5cd0ccf00476ddaa5c,f80984d28ef9a7550633fb3aea514f783f3db1fa655a6d3f49850b10857e6afc,4039a31891b5637f4198ad78f79d97e89aa97f4ccd6efa5779b14c5b4203059e,last,ood_metric/aupr_in_openood_auc,OOD-2,primary,up,id_train,id_test_vs_mnist,detector_declared,detector/neco_author_std_dim100,mnist,far,,,,80000,C4,adamw,0.003,0.001,0.644671840962009,0.13892726091213842,0.644672 ± 0.138927,0.7104280805587528,0.4850740638877389,0.7385133784395352
metric_contract_v1.2,c38b09694be88aa74de0741b39e9d3ba0d6ff61a,35a1a66f78dfd6255c4d804586ee6863969be78d21acec5cd0ccf00476ddaa5c,f80984d28ef9a7550633fb3aea514f783f3db1fa655a6d3f49850b10857e6afc,4039a31891b5637f4198ad78f79d97e89aa97f4ccd6efa5779b14c5b4203059e,last,ood_metric/aupr_in_openood_auc,OOD-2,primary,up,id_train,id_test_vs_mnist,detector_declared,detector/relative_mahalanobis_pp,mnist,far,,,,80000,C4,adamw,0.003,0.001,0.663077404466282,0.061578711849906764,0.663077 ± 0.061579,0.5987586101303316,0.668983091906466,0.7214905113620487
metric_contract_v1.2,c38b09694be88aa74de0741b39e9d3ba0d6ff61a,35a1a66f78dfd6255c4d804586ee6863969be78d21acec5cd0ccf00476ddaa5c,f80984d28ef9a7550633fb3aea514f783f3db1fa655a6d3f49850b10857e6afc,4039a31891b5637f4198ad78f79d97e89aa97f4ccd6efa5779b14c5b4203059e,last,ood_metric/aupr_in_openood_auc,OOD-2,primary,up,id_train,id_test_vs_mnist,detector_declared,detector/relative_mahalanobis_raw,mnist,far,,,,80000,C4,adamw,0.003,0.001,0.7237376000101188,0.025236672992239195,0.723738 ± 0.025237,0.6982518987708577,0.7242432557724888,0.7487176454870097
metric_contract_v1.2,c38b09694be88aa74de0741b39e9d3ba0d6ff61a,35a1a66f78dfd6255c4d804586ee6863969be78d21acec5cd0ccf00476ddaa5c,f80984d28ef9a7550633fb3aea514f783f3db1fa655a6d3f49850b10857e6afc,4039a31891b5637f4198ad78f79d97e89aa97f4ccd6efa5779b14c5b4203059e,last,ood_metric/aupr_in_openood_auc,OOD-2,primary,up,id_train,id_test_vs_mnist,detector_declared,detector/vim_author_dim,mnist,far,,,,80000,C4,adamw,0.003,0.001,0.8283017620568742,0.007447533518154435,0.828302 ± 0.007448,0.8368826102807169,0.8235188561447148,0.8245038197451909
metric_contract_v1.2,c38b09694be88aa74de0741b39e9d3ba0d6ff61a,35a1a66f78dfd6255c4d804586ee6863969be78d21acec5cd0ccf00476ddaa5c,f80984d28ef9a7550633fb3aea514f783f3db1fa655a6d3f49850b10857e6afc,4039a31891b5637f4198ad78f79d97e89aa97f4ccd6efa5779b14c5b4203059e,last,ood_metric/aupr_in_openood_auc,OOD-2,primary,up,id_train,id_test_vs_mnist,detector_declared,detector/vim_dim128,mnist,far,,,,80000,C4,adamw,0.003,0.001,0.8287975101531452,0.006440348393942427,0.828798 ± 0.006440,0.8361878117359396,0.8243842581698075,0.8258204605536883
metric_contract_v1.2,c38b09694be88aa74de0741b39e9d3ba0d6ff61a,35a1a66f78dfd6255c4d804586ee6863969be78d21acec5cd0ccf00476ddaa5c,f80984d28ef9a7550633fb3aea514f783f3db1fa655a6d3f49850b10857e6afc,4039a31891b5637f4198ad78f79d97e89aa97f4ccd6efa5779b14c5b4203059e,last,ood_metric/aupr_in_openood_auc,OOD-2,primary,up,id_train,id_test_vs_mnist,detector_declared,detector/vim_dim256,mnist,far,,,,80000,C4,adamw,0.003,0.001,0.8316181976628729,0.011432160280070637,0.831618 ± 0.011432,0.8445505796790219,0.8274453470592117,0.8228586662503852
metric_contract_v1.2,c38b09694be88aa74de0741b39e9d3ba0d6ff61a,35a1a66f78dfd6255c4d804586ee6863969be78d21acec5cd0ccf00476ddaa5c,f80984d28ef9a7550633fb3aea514f783f3db1fa655a6d3f49850b10857e6afc,4039a31891b5637f4198ad78f79d97e89aa97f4ccd6efa5779b14c5b4203059e,last,ood_metric/aupr_in_openood_auc,OOD-2,primary,up,id_train,id_test_vs_mnist,detector_declared,detector/vim_dim320,mnist,far,,,,80000,C4,adamw,0.003,0.001,0.8283017620568742,0.007447533518154435,0.828302 ± 0.007448,0.8368826102807169,0.8235188561447148,0.8245038197451909
metric_contract_v1.2,c38b09694be88aa74de0741b39e9d3ba0d6ff61a,35a1a66f78dfd6255c4d804586ee6863969be78d21acec5cd0ccf00476ddaa5c,f80984d28ef9a7550633fb3aea514f783f3db1fa655a6d3f49850b10857e6afc,4039a31891b5637f4198ad78f79d97e89aa97f4ccd6efa5779b14c5b4203059e,last,ood_metric/aupr_in_openood_auc,OOD-2,primary,up,id_train,id_test_vs_mnist,detector_declared,detector/vim_dim64,mnist,far,,,,80000,C4,adamw,0.003,0.001,0.8309248799285146,0.012350435580956188,0.830925 ± 0.012350,0.8402034994514226,0.8169066750375061,0.8356644652966153
metric_contract_v1.2,c38b09694be88aa74de0741b39e9d3ba0d6ff61a,35a1a66f78dfd6255c4d804586ee6863969be78d21acec5cd0ccf00476ddaa5c,f80984d28ef9a7550633fb3aea514f783f3db1fa655a6d3f49850b10857e6afc,4039a31891b5637f4198ad78f79d97e89aa97f4ccd6efa5779b14c5b4203059e,last,ood_metric/aupr_in_openood_auc,OOD-2,primary,up,id_train,id_test_vs_mnist,detector_declared,detector/weight_cosine_appendix,mnist,far,,,,80000,C4,adamw,0.003,0.001,0.7599641558300233,0.02742862381638364,0.759964 ± 0.027429,0.7659057031262414,0.7839350398194054,0.7300517245444229
metric_contract_v1.2,c38b09694be88aa74de0741b39e9d3ba0d6ff61a,35a1a66f78dfd6255c4d804586ee6863969be78d21acec5cd0ccf00476ddaa5c,f80984d28ef9a7550633fb3aea514f783f3db1fa655a6d3f49850b10857e6afc,4039a31891b5637f4198ad78f79d97e89aa97f4ccd6efa5779b14c5b4203059e,last,ood_metric/aupr_in_openood_auc,OOD-2,primary,up,,id_test_vs_mnist,detector_declared,ood_score/energy_t1,mnist,far,,,,80000,C4,adamw,0.003,0.001,0.8569670455704771,0.022263002007171753,0.856967 ± 0.022263,0.8491787003843505,0.8820778983425325,0.8396445379845482
metric_contract_v1.2,c38b09694be88aa74de0741b39e9d3ba0d6ff61a,35a1a66f78dfd6255c4d804586ee6863969be78d21acec5cd0ccf00476ddaa5c,f80984d28ef9a7550633fb3aea514f783f3db1fa655a6d3f49850b10857e6afc,4039a31891b5637f4198ad78f79d97e89aa97f4ccd6efa5779b14c5b4203059e,last,ood_metric/aupr_in_openood_auc,OOD-2,primary,up,,id_test_vs_mnist,detector_declared,ood_score/max_logit,mnist,far,,,,80000,C4,adamw,0.003,0.001,0.856756226367834,0.022247311206036714,0.856756 ± 0.022247,0.8490012030583134,0.8818431125065305,0.8394243635386582
metric_contract_v1.2,c38b09694be88aa74de0741b39e9d3ba0d6ff61a,35a1a66f78dfd6255c4d804586ee6863969be78d21acec5cd0ccf00476ddaa5c,f80984d28ef9a7550633fb3aea514f783f3db1fa655a6d3f49850b10857e6afc,4039a31891b5637f4198ad78f79d97e89aa97f4ccd6efa5779b14c5b4203059e,last,ood_metric/aupr_in_openood_auc,OOD-2,primary,up,,id_test_vs_mnist,detector_declared,ood_score/msp,mnist,far,,,,80000,C4,adamw,0.003,0.001,0.8182742260001324,0.018810295013378175,0.818274 ± 0.018810,0.8106513704585179,0.8396994623748186,0.8044718451670609
metric_contract_v1.2,c38b09694be88aa74de0741b39e9d3ba0d6ff61a,35a1a66f78dfd6255c4d804586ee6863969be78d21acec5cd0ccf00476ddaa5c,f80984d28ef9a7550633fb3aea514f783f3db1fa655a6d3f49850b10857e6afc,4039a31891b5637f4198ad78f79d97e89aa97f4ccd6efa5779b14c5b4203059e,last,ood_metric/aupr_out_openood_auc,OOD-3,primary,up,id_train,id_test_vs_mnist,detector_declared,detector/ctm_prototype_cosine,mnist,far,,,,80000,C4,adamw,0.003,0.001,0.9896826627218293,0.0021321863318294033,0.989683 ± 0.002132,0.9920921590568863,0.9889160516471731,0.9880397774614287
metric_contract_v1.2,c38b09694be88aa74de0741b39e9d3ba0d6ff61a,35a1a66f78dfd6255c4d804586ee6863969be78d21acec5cd0ccf00476ddaa5c,f80984d28ef9a7550633fb3aea514f783f3db1fa655a6d3f49850b10857e6afc,4039a31891b5637f4198ad78f79d97e89aa97f4ccd6efa5779b14c5b4203059e,last,ood_metric/aupr_out_openood_auc,OOD-3,primary,up,id_train,id_test_vs_mnist,detector_declared,detector/gda_class_density,mnist,far,,,,80000,C4,adamw,0.003,0.001,0.8761736765068929,0.028255673220254192,0.876174 ± 0.028256,0.8857240357893368,0.8443804279614735,0.8984165657698687
metric_contract_v1.2,c38b09694be88aa74de0741b39e9d3ba0d6ff61a,35a1a66f78dfd6255c4d804586ee6863969be78d21acec5cd0ccf00476ddaa5c,f80984d28ef9a7550633fb3aea514f783f3db1fa655a6d3f49850b10857e6afc,4039a31891b5637f4198ad78f79d97e89aa97f4ccd6efa5779b14c5b4203059e,last,ood_metric/aupr_out_openood_auc,OOD-3,primary,up,id_train,id_test_vs_mnist,detector_declared,detector/knn_l2_k50,mnist,far,,,,80000,C4,adamw,0.003,0.001,0.993090948004629,0.0005949359983796325,0.993091 ± 0.000595,0.9937277945428744,0.9925494357236486,0.9929956137473643
metric_contract_v1.2,c38b09694be88aa74de0741b39e9d3ba0d6ff61a,35a1a66f78dfd6255c4d804586ee6863969be78d21acec5cd0ccf00476ddaa5c,f80984d28ef9a7550633fb3aea514f783f3db1fa655a6d3f49850b10857e6afc,4039a31891b5637f4198ad78f79d97e89aa97f4ccd6efa5779b14c5b4203059e,last,ood_metric/aupr_out_openood_auc,OOD-3,primary,up,id_train,id_test_vs_mnist,detector_declared,detector/mahalanobis_pp,mnist,far,,,,80000,C4,adamw,0.003,0.001,0.9939856831280416,0.000430958000156104,0.993986 ± 0.000431,0.9944730228565456,0.9936548364912821,0.9938291900362974
metric_contract_v1.2,c38b09694be88aa74de0741b39e9d3ba0d6ff61a,35a1a66f78dfd6255c4d804586ee6863969be78d21acec5cd0ccf00476ddaa5c,f80984d28ef9a7550633fb3aea514f783f3db1fa655a6d3f49850b10857e6afc,4039a31891b5637f4198ad78f79d97e89aa97f4ccd6efa5779b14c5b4203059e,last,ood_metric/aupr_out_openood_auc,OOD-3,primary,up,id_train,id_test_vs_mnist,detector_declared,detector/mahalanobis_raw,mnist,far,,,,80000,C4,adamw,0.003,0.001,0.8226642398085885,0.03259742985729583,0.822664 ± 0.032597,0.8547876246372111,0.7896125931958256,0.8235925015927289
metric_contract_v1.2,c38b09694be88aa74de0741b39e9d3ba0d6ff61a,35a1a66f78dfd6255c4d804586ee6863969be78d21acec5cd0ccf00476ddaa5c,f80984d28ef9a7550633fb3aea514f783f3db1fa655a6d3f49850b10857e6afc,4039a31891b5637f4198ad78f79d97e89aa97f4ccd6efa5779b14c5b4203059e,last,ood_metric/aupr_out_openood_auc,OOD-3,primary,up,id_train,id_test_vs_mnist,detector_declared,detector/marginal_mahalanobis_raw,mnist,far,,,,80000,C4,adamw,0.003,0.001,0.8040115937132374,0.031068830299315172,0.804012 ± 0.031069,0.8353050452791293,0.7731723654047847,0.8035573704557983
metric_contract_v1.2,c38b09694be88aa74de0741b39e9d3ba0d6ff61a,35a1a66f78dfd6255c4d804586ee6863969be78d21acec5cd0ccf00476ddaa5c,f80984d28ef9a7550633fb3aea514f783f3db1fa655a6d3f49850b10857e6afc,4039a31891b5637f4198ad78f79d97e89aa97f4ccd6efa5779b14c5b4203059e,last,ood_metric/aupr_out_openood_auc,OOD-3,primary,up,id_train,id_test_vs_mnist,detector_declared,detector/ncp_euclidean_raw,mnist,far,,,,80000,C4,adamw,0.003,0.001,0.9426258105131676,0.005699466075688253,0.942626 ± 0.005699,0.9476759035530095,0.9437553958166491,0.9364461321698441
metric_contract_v1.2,c38b09694be88aa74de0741b39e9d3ba0d6ff61a,35a1a66f78dfd6255c4d804586ee6863969be78d21acec5cd0ccf00476ddaa5c,f80984d28ef9a7550633fb3aea514f783f3db1fa655a6d3f49850b10857e6afc,4039a31891b5637f4198ad78f79d97e89aa97f4ccd6efa5779b14c5b4203059e,last,ood_metric/aupr_out_openood_auc,OOD-3,primary,up,id_train,id_test_vs_mnist,detector_declared,detector/neco_author_std_dim100,mnist,far,,,,80000,C4,adamw,0.003,0.001,0.9593224925626546,0.015249212738442531,0.959322 ± 0.015249,0.9654304379142191,0.9419661340079707,0.9705709057657739
metric_contract_v1.2,c38b09694be88aa74de0741b39e9d3ba0d6ff61a,35a1a66f78dfd6255c4d804586ee6863969be78d21acec5cd0ccf00476ddaa5c,f80984d28ef9a7550633fb3aea514f783f3db1fa655a6d3f49850b10857e6afc,4039a31891b5637f4198ad78f79d97e89aa97f4ccd6efa5779b14c5b4203059e,last,ood_metric/aupr_out_openood_auc,OOD-3,primary,up,id_train,id_test_vs_mnist,detector_declared,detector/relative_mahalanobis_pp,mnist,far,,,,80000,C4,adamw,0.003,0.001,0.9744652505501835,0.0019579265589210384,0.974465 ± 0.001958,0.9729309168634757,0.9737944182581054,0.9766704165289696
metric_contract_v1.2,c38b09694be88aa74de0741b39e9d3ba0d6ff61a,35a1a66f78dfd6255c4d804586ee6863969be78d21acec5cd0ccf00476ddaa5c,f80984d28ef9a7550633fb3aea514f783f3db1fa655a6d3f49850b10857e6afc,4039a31891b5637f4198ad78f79d97e89aa97f4ccd6efa5779b14c5b4203059e,last,ood_metric/aupr_out_openood_auc,OOD-3,primary,up,id_train,id_test_vs_mnist,detector_declared,detector/relative_mahalanobis_raw,mnist,far,,,,80000,C4,adamw,0.003,0.001,0.9766329817424673,0.0008957107095143134,0.976633 ± 0.000896,0.9756238631685711,0.9769411805114843,0.9773339015473461
metric_contract_v1.2,c38b09694be88aa74de0741b39e9d3ba0d6ff61a,35a1a66f78dfd6255c4d804586ee6863969be78d21acec5cd0ccf00476ddaa5c,f80984d28ef9a7550633fb3aea514f783f3db1fa655a6d3f49850b10857e6afc,4039a31891b5637f4198ad78f79d97e89aa97f4ccd6efa5779b14c5b4203059e,last,ood_metric/aupr_out_openood_auc,OOD-3,primary,up,id_train,id_test_vs_mnist,detector_declared,detector/vim_author_dim,mnist,far,,,,80000,C4,adamw,0.003,0.001,0.9777183540696246,0.005242342729507058,0.977718 ± 0.005242,0.9823004090850485,0.9720015804869185,0.9788530726369065
metric_contract_v1.2,c38b09694be88aa74de0741b39e9d3ba0d6ff61a,35a1a66f78dfd6255c4d804586ee6863969be78d21acec5cd0ccf00476ddaa5c,f80984d28ef9a7550633fb3aea514f783f3db1fa655a6d3f49850b10857e6afc,4039a31891b5637f4198ad78f79d97e89aa97f4ccd6efa5779b14c5b4203059e,last,ood_metric/aupr_out_openood_auc,OOD-3,primary,up,id_train,id_test_vs_mnist,detector_declared,detector/vim_dim128,mnist,far,,,,80000,C4,adamw,0.003,0.001,0.9785414209455491,0.004484989356551214,0.978541 ± 0.004485,0.9828449594800397,0.9738946974522721,0.9788846059043357
metric_contract_v1.2,c38b09694be88aa74de0741b39e9d3ba0d6ff61a,35a1a66f78dfd6255c4d804586ee6863969be78d21acec5cd0ccf00476ddaa5c,f80984d28ef9a7550633fb3aea514f783f3db1fa655a6d3f49850b10857e6afc,4039a31891b5637f4198ad78f79d97e89aa97f4ccd6efa5779b14c5b4203059e,last,ood_metric/aupr_out_openood_auc,OOD-3,primary,up,id_train,id_test_vs_mnist,detector_declared,detector/vim_dim256,mnist,far,,,,80000,C4,adamw,0.003,0.001,0.9784634929369901,0.004640747540807647,0.978463 ± 0.004641,0.9831928793957603,0.9739167787337798,0.97828082068143
metric_contract_v1.2,c38b09694be88aa74de0741b39e9d3ba0d6ff61a,35a1a66f78dfd6255c4d804586ee6863969be78d21acec5cd0ccf00476ddaa5c,f80984d28ef9a7550633fb3aea514f783f3db1fa655a6d3f49850b10857e6afc,4039a31891b5637f4198ad78f79d97e89aa97f4ccd6efa5779b14c5b4203059e,last,ood_metric/aupr_out_openood_auc,OOD-3,primary,up,id_train,id_test_vs_mnist,detector_declared,detector/vim_dim320,mnist,far,,,,80000,C4,adamw,0.003,0.001,0.9777183540696246,0.005242342729507058,0.977718 ± 0.005242,0.9823004090850485,0.9720015804869185,0.9788530726369065
metric_contract_v1.2,c38b09694be88aa74de0741b39e9d3ba0d6ff61a,35a1a66f78dfd6255c4d804586ee6863969be78d21acec5cd0ccf00476ddaa5c,f80984d28ef9a7550633fb3aea514f783f3db1fa655a6d3f49850b10857e6afc,4039a31891b5637f4198ad78f79d97e89aa97f4ccd6efa5779b14c5b4203059e,last,ood_metric/aupr_out_openood_auc,OOD-3,primary,up,id_train,id_test_vs_mnist,detector_declared,detector/vim_dim64,mnist,far,,,,80000,C4,adamw,0.003,0.001,0.9794222430685307,0.005979379657004315,0.979422 ± 0.005979,0.9845846605185753,0.9728705097388493,0.9808115589481673
metric_contract_v1.2,c38b09694be88aa74de0741b39e9d3ba0d6ff61a,35a1a66f78dfd6255c4d804586ee6863969be78d21acec5cd0ccf00476ddaa5c,f80984d28ef9a7550633fb3aea514f783f3db1fa655a6d3f49850b10857e6afc,4039a31891b5637f4198ad78f79d97e89aa97f4ccd6efa5779b14c5b4203059e,last,ood_metric/aupr_out_openood_auc,OOD-3,primary,up,id_train,id_test_vs_mnist,detector_declared,detector/weight_cosine_appendix,mnist,far,,,,80000,C4,adamw,0.003,0.001,0.9806376814063636,0.0008606939036378273,0.980638 ± 0.000861,0.9798611508741072,0.9815631098182069,0.9804887835267772
metric_contract_v1.2,c38b09694be88aa74de0741b39e9d3ba0d6ff61a,35a1a66f78dfd6255c4d804586ee6863969be78d21acec5cd0ccf00476ddaa5c,f80984d28ef9a7550633fb3aea514f783f3db1fa655a6d3f49850b10857e6afc,4039a31891b5637f4198ad78f79d97e89aa97f4ccd6efa5779b14c5b4203059e,last,ood_metric/aupr_out_openood_auc,OOD-3,primary,up,,id_test_vs_mnist,detector_declared,ood_score/energy_t1,mnist,far,,,,80000,C4,adamw,0.003,0.001,0.9833367397947614,0.0010306089003038477,0.983337 ± 0.001031,0.9823019760560281,0.9843631429889638,0.9833451003392923
metric_contract_v1.2,c38b09694be88aa74de0741b39e9d3ba0d6ff61a,35a1a66f78dfd6255c4d804586ee6863969be78d21acec5cd0ccf00476ddaa5c,f80984d28ef9a7550633fb3aea514f783f3db1fa655a6d3f49850b10857e6afc,4039a31891b5637f4198ad78f79d97e89aa97f4ccd6efa5779b14c5b4203059e,last,ood_metric/aupr_out_openood_auc,OOD-3,primary,up,,id_test_vs_mnist,detector_declared,ood_score/max_logit,mnist,far,,,,80000,C4,adamw,0.003,0.001,0.9835880645030567,0.0010209765691095588,0.983588 ± 0.001021,0.9826048178544409,0.9846429929628463,0.983516382691883
metric_contract_v1.2,c38b09694be88aa74de0741b39e9d3ba0d6ff61a,35a1a66f78dfd6255c4d804586ee6863969be78d21acec5cd0ccf00476ddaa5c,f80984d28ef9a7550633fb3aea514f783f3db1fa655a6d3f49850b10857e6afc,4039a31891b5637f4198ad78f79d97e89aa97f4ccd6efa5779b14c5b4203059e,last,ood_metric/aupr_out_openood_auc,OOD-3,primary,up,,id_test_vs_mnist,detector_declared,ood_score/msp,mnist,far,,,,80000,C4,adamw,0.003,0.001,0.980094664762309,0.0019513274814798843,0.980095 ± 0.001951,0.9799721412205955,0.9821043669162088,0.9782074861501227
metric_contract_v1.2,c38b09694be88aa74de0741b39e9d3ba0d6ff61a,35a1a66f78dfd6255c4d804586ee6863969be78d21acec5cd0ccf00476ddaa5c,f80984d28ef9a7550633fb3aea514f783f3db1fa655a6d3f49850b10857e6afc,4039a31891b5637f4198ad78f79d97e89aa97f4ccd6efa5779b14c5b4203059e,last,ood_metric/auroc_id_positive,OOD-1,primary,up,id_train,id_test_vs_mnist,detector_declared,detector/ctm_prototype_cosine,mnist,far,,,,80000,C4,adamw,0.003,0.001,0.9471399452380952,0.009223807637703028,0.947140 ± 0.009224,0.9576937171428572,0.943104852857143,0.9406212657142856
metric_contract_v1.2,c38b09694be88aa74de0741b39e9d3ba0d6ff61a,35a1a66f78dfd6255c4d804586ee6863969be78d21acec5cd0ccf00476ddaa5c,f80984d28ef9a7550633fb3aea514f783f3db1fa655a6d3f49850b10857e6afc,4039a31891b5637f4198ad78f79d97e89aa97f4ccd6efa5779b14c5b4203059e,last,ood_metric/auroc_id_positive,OOD-1,primary,up,id_train,id_test_vs_mnist,detector_declared,detector/gda_class_density,mnist,far,,,,80000,C4,adamw,0.003,0.001,0.5486035285714286,0.10557948025650682,0.548604 ± 0.105579,0.5638759142857143,0.43621958,0.6457150914285714
metric_contract_v1.2,c38b09694be88aa74de0741b39e9d3ba0d6ff61a,35a1a66f78dfd6255c4d804586ee6863969be78d21acec5cd0ccf00476ddaa5c,f80984d28ef9a7550633fb3aea514f783f3db1fa655a6d3f49850b10857e6afc,4039a31891b5637f4198ad78f79d97e89aa97f4ccd6efa5779b14c5b4203059e,last,ood_metric/auroc_id_positive,OOD-1,primary,up,id_train,id_test_vs_mnist,detector_declared,detector/knn_l2_k50,mnist,far,,,,80000,C4,adamw,0.003,0.001,0.963485009047619,0.0023657892286617715,0.963485 ± 0.002366,0.96583367,0.9611024557142855,0.9635189014285714
metric_contract_v1.2,c38b09694be88aa74de0741b39e9d3ba0d6ff61a,35a1a66f78dfd6255c4d804586ee6863969be78d21acec5cd0ccf00476ddaa5c,f80984d28ef9a7550633fb3aea514f783f3db1fa655a6d3f49850b10857e6afc,4039a31891b5637f4198ad78f79d97e89aa97f4ccd6efa5779b14c5b4203059e,last,ood_metric/auroc_id_positive,OOD-1,primary,up,id_train,id_test_vs_mnist,detector_declared,detector/mahalanobis_pp,mnist,far,,,,80000,C4,adamw,0.003,0.001,0.9703570890476191,0.0023286587833967953,0.970357 ± 0.002329,0.9720687314285716,0.9677053385714285,0.9712971971428571
metric_contract_v1.2,c38b09694be88aa74de0741b39e9d3ba0d6ff61a,35a1a66f78dfd6255c4d804586ee6863969be78d21acec5cd0ccf00476ddaa5c,f80984d28ef9a7550633fb3aea514f783f3db1fa655a6d3f49850b10857e6afc,4039a31891b5637f4198ad78f79d97e89aa97f4ccd6efa5779b14c5b4203059e,last,ood_metric/auroc_id_positive,OOD-1,primary,up,id_train,id_test_vs_mnist,detector_declared,detector/mahalanobis_raw,mnist,far,,,,80000,C4,adamw,0.003,0.001,0.38832400000000006,0.1105930878603755,0.388324 ± 0.110593,0.47736277714285713,0.26452723,0.4230819928571429
metric_contract_v1.2,c38b09694be88aa74de0741b39e9d3ba0d6ff61a,35a1a66f78dfd6255c4d804586ee6863969be78d21acec5cd0ccf00476ddaa5c,f80984d28ef9a7550633fb3aea514f783f3db1fa655a6d3f49850b10857e6afc,4039a31891b5637f4198ad78f79d97e89aa97f4ccd6efa5779b14c5b4203059e,last,ood_metric/auroc_id_positive,OOD-1,primary,up,id_train,id_test_vs_mnist,detector_declared,detector/marginal_mahalanobis_raw,mnist,far,,,,80000,C4,adamw,0.003,0.001,0.32545231380952383,0.10440404170405738,0.325452 ± 0.104404,0.41483134285714285,0.21070035714285712,0.3508252414285714
metric_contract_v1.2,c38b09694be88aa74de0741b39e9d3ba0d6ff61a,35a1a66f78dfd6255c4d804586ee6863969be78d21acec5cd0ccf00476ddaa5c,f80984d28ef9a7550633fb3aea514f783f3db1fa655a6d3f49850b10857e6afc,4039a31891b5637f4198ad78f79d97e89aa97f4ccd6efa5779b14c5b4203059e,last,ood_metric/auroc_id_positive,OOD-1,primary,up,id_train,id_test_vs_mnist,detector_declared,detector/ncp_euclidean_raw,mnist,far,,,,80000,C4,adamw,0.003,0.001,0.8162127823809523,0.020449942821897577,0.816213 ± 0.020450,0.8342945628571428,0.8203243471428572,0.7940194371428572
metric_contract_v1.2,c38b09694be88aa74de0741b39e9d3ba0d6ff61a,35a1a66f78dfd6255c4d804586ee6863969be78d21acec5cd0ccf00476ddaa5c,f80984d28ef9a7550633fb3aea514f783f3db1fa655a6d3f49850b10857e6afc,4039a31891b5637f4198ad78f79d97e89aa97f4ccd6efa5779b14c5b4203059e,last,ood_metric/auroc_id_positive,OOD-1,primary,up,id_train,id_test_vs_mnist,detector_declared,detector/neco_author_std_dim100,mnist,far,,,,80000,C4,adamw,0.003,0.001,0.8482480566666667,0.05066637892422875,0.848248 ± 0.050666,0.8724236885714285,0.7900220128571429,0.8822984685714285
metric_contract_v1.2,c38b09694be88aa74de0741b39e9d3ba0d6ff61a,35a1a66f78dfd6255c4d804586ee6863969be78d21acec5cd0ccf00476ddaa5c,f80984d28ef9a7550633fb3aea514f783f3db1fa655a6d3f49850b10857e6afc,4039a31891b5637f4198ad78f79d97e89aa97f4ccd6efa5779b14c5b4203059e,last,ood_metric/auroc_id_positive,OOD-1,primary,up,id_train,id_test_vs_mnist,detector_declared,detector/relative_mahalanobis_pp,mnist,far,,,,80000,C4,adamw,0.003,0.001,0.8805684847619046,0.010531815165263763,0.880568 ± 0.010532,0.8718706814285713,0.87755666,0.8922781128571429
metric_contract_v1.2,c38b09694be88aa74de0741b39e9d3ba0d6ff61a,35a1a66f78dfd6255c4d804586ee6863969be78d21acec5cd0ccf00476ddaa5c,f80984d28ef9a7550633fb3aea514f783f3db1fa655a6d3f49850b10857e6afc,4039a31891b5637f4198ad78f79d97e89aa97f4ccd6efa5779b14c5b4203059e,last,ood_metric/auroc_id_positive,OOD-1,primary,up,id_train,id_test_vs_mnist,detector_declared,detector/relative_mahalanobis_raw,mnist,far,,,,80000,C4,adamw,0.003,0.001,0.8959750871428572,0.004007596528899495,0.895975 ± 0.004008,0.8922367414285715,0.8954821828571429,0.9002063371428572
metric_contract_v1.2,c38b09694be88aa74de0741b39e9d3ba0d6ff61a,35a1a66f78dfd6255c4d804586ee6863969be78d21acec5cd0ccf00476ddaa5c,f80984d28ef9a7550633fb3aea514f783f3db1fa655a6d3f49850b10857e6afc,4039a31891b5637f4198ad78f79d97e89aa97f4ccd6efa5779b14c5b4203059e,last,ood_metric/auroc_id_positive,OOD-1,primary,up,id_train,id_test_vs_mnist,detector_declared,detector/vim_author_dim,mnist,far,,,,80000,C4,adamw,0.003,0.001,0.9187913504761904,0.009023317784198613,0.918791 ± 0.009023,0.9278762071428572,0.909830857142857,0.9186669871428571
metric_contract_v1.2,c38b09694be88aa74de0741b39e9d3ba0d6ff61a,35a1a66f78dfd6255c4d804586ee6863969be78d21acec5cd0ccf00476ddaa5c,f80984d28ef9a7550633fb3aea514f783f3db1fa655a6d3f49850b10857e6afc,4039a31891b5637f4198ad78f79d97e89aa97f4ccd6efa5779b14c5b4203059e,last,ood_metric/auroc_id_positive,OOD-1,primary,up,id_train,id_test_vs_mnist,detector_declared,detector/vim_dim128,mnist,far,,,,80000,C4,adamw,0.003,0.001,0.920515751904762,0.009766466889321986,0.920516 ± 0.009766,0.9302873385714285,0.9107544128571429,0.9205055042857143
metric_contract_v1.2,c38b09694be88aa74de0741b39e9d3ba0d6ff61a,35a1a66f78dfd6255c4d804586ee6863969be78d21acec5cd0ccf00476ddaa5c,f80984d28ef9a7550633fb3aea514f783f3db1fa655a6d3f49850b10857e6afc,4039a31891b5637f4198ad78f79d97e89aa97f4ccd6efa5779b14c5b4203059e,last,ood_metric/auroc_id_positive,OOD-1,primary,up,id_train,id_test_vs_mnist,detector_declared,detector/vim_dim256,mnist,far,,,,80000,C4,adamw,0.003,0.001,0.9209686295238094,0.01021586099102052,0.920969 ± 0.010216,0.9323359199999999,0.9125550857142857,0.9180148828571428
metric_contract_v1.2,c38b09694be88aa74de0741b39e9d3ba0d6ff61a,35a1a66f78dfd6255c4d804586ee6863969be78d21acec5cd0ccf00476ddaa5c,f80984d28ef9a7550633fb3aea514f783f3db1fa655a6d3f49850b10857e6afc,4039a31891b5637f4198ad78f79d97e89aa97f4ccd6efa5779b14c5b4203059e,last,ood_metric/auroc_id_positive,OOD-1,primary,up,id_train,id_test_vs_mnist,detector_declared,detector/vim_dim320,mnist,far,,,,80000,C4,adamw,0.003,0.001,0.9187913504761904,0.009023317784198613,0.918791 ± 0.009023,0.9278762071428572,0.909830857142857,0.9186669871428571
metric_contract_v1.2,c38b09694be88aa74de0741b39e9d3ba0d6ff61a,35a1a66f78dfd6255c4d804586ee6863969be78d21acec5cd0ccf00476ddaa5c,f80984d28ef9a7550633fb3aea514f783f3db1fa655a6d3f49850b10857e6afc,4039a31891b5637f4198ad78f79d97e89aa97f4ccd6efa5779b14c5b4203059e,last,ood_metric/auroc_id_positive,OOD-1,primary,up,id_train,id_test_vs_mnist,detector_declared,detector/vim_dim64,mnist,far,,,,80000,C4,adamw,0.003,0.001,0.9227705452380953,0.013937583605286675,0.922771 ± 0.013938,0.934353702857143,0.9073027542857142,0.9266551785714287
metric_contract_v1.2,c38b09694be88aa74de0741b39e9d3ba0d6ff61a,35a1a66f78dfd6255c4d804586ee6863969be78d21acec5cd0ccf00476ddaa5c,f80984d28ef9a7550633fb3aea514f783f3db1fa655a6d3f49850b10857e6afc,4039a31891b5637f4198ad78f79d97e89aa97f4ccd6efa5779b14c5b4203059e,last,ood_metric/auroc_id_positive,OOD-1,primary,up,id_train,id_test_vs_mnist,detector_declared,detector/weight_cosine_appendix,mnist,far,,,,80000,C4,adamw,0.003,0.001,0.9126668485714285,0.005860546343810654,0.912667 ± 0.005861,0.9130897742857143,0.9183044757142856,0.9066062957142857
metric_contract_v1.2,c38b09694be88aa74de0741b39e9d3ba0d6ff61a,35a1a66f78dfd6255c4d804586ee6863969be78d21acec5cd0ccf00476ddaa5c,f80984d28ef9a7550633fb3aea514f783f3db1fa655a6d3f49850b10857e6afc,4039a31891b5637f4198ad78f79d97e89aa97f4ccd6efa5779b14c5b4203059e,last,ood_metric/auroc_id_positive,OOD-1,primary,up,,id_test_vs_mnist,detector_declared,ood_score/energy_t1,mnist,far,,,,80000,C4,adamw,0.003,0.001,0.9367170028571429,0.006662804527170331,0.936717 ± 0.006663,0.93457398,0.94418762,0.9313894085714286
metric_contract_v1.2,c38b09694be88aa74de0741b39e9d3ba0d6ff61a,35a1a66f78dfd6255c4d804586ee6863969be78d21acec5cd0ccf00476ddaa5c,f80984d28ef9a7550633fb3aea514f783f3db1fa655a6d3f49850b10857e6afc,4039a31891b5637f4198ad78f79d97e89aa97f4ccd6efa5779b14c5b4203059e,last,ood_metric/auroc_id_positive,OOD-1,primary,up,,id_test_vs_mnist,detector_declared,ood_score/max_logit,mnist,far,,,,80000,C4,adamw,0.003,0.001,0.9366751214285713,0.006717346307556996,0.936675 ± 0.006717,0.9345704442857142,0.94419279,0.9312621299999999
metric_contract_v1.2,c38b09694be88aa74de0741b39e9d3ba0d6ff61a,35a1a66f78dfd6255c4d804586ee6863969be78d21acec5cd0ccf00476ddaa5c,f80984d28ef9a7550633fb3aea514f783f3db1fa655a6d3f49850b10857e6afc,4039a31891b5637f4198ad78f79d97e89aa97f4ccd6efa5779b14c5b4203059e,last,ood_metric/auroc_id_positive,OOD-1,primary,up,,id_test_vs_mnist,detector_declared,ood_score/msp,mnist,far,,,,80000,C4,adamw,0.003,0.001,0.9154257178571429,0.007673644708400932,0.915426 ± 0.007674,0.9140231828571428,0.9237038907142858,0.90855008
metric_contract_v1.2,c38b09694be88aa74de0741b39e9d3ba0d6ff61a,35a1a66f78dfd6255c4d804586ee6863969be78d21acec5cd0ccf00476ddaa5c,f80984d28ef9a7550633fb3aea514f783f3db1fa655a6d3f49850b10857e6afc,4039a31891b5637f4198ad78f79d97e89aa97f4ccd6efa5779b14c5b4203059e,last,ood_metric/fpr95_achieved_id_tpr,OOD-4,appendix,descriptive,id_train,id_test_vs_mnist,detector_declared,detector/ctm_prototype_cosine,mnist,far,,,,80000,C4,adamw,0.003,0.001,0.9499999999999998,1.3597399555105182e-16,0.950000 ± 0.000000,0.95,0.95,0.95
metric_contract_v1.2,c38b09694be88aa74de0741b39e9d3ba0d6ff61a,35a1a66f78dfd6255c4d804586ee6863969be78d21acec5cd0ccf00476ddaa5c,f80984d28ef9a7550633fb3aea514f783f3db1fa655a6d3f49850b10857e6afc,4039a31891b5637f4198ad78f79d97e89aa97f4ccd6efa5779b14c5b4203059e,last,ood_metric/fpr95_achieved_id_tpr,OOD-4,appendix,descriptive,id_train,id_test_vs_mnist,detector_declared,detector/gda_class_density,mnist,far,,,,80000,C4,adamw,0.003,0.001,0.9499999999999998,1.3597399555105182e-16,0.950000 ± 0.000000,0.95,0.95,0.95
metric_contract_v1.2,c38b09694be88aa74de0741b39e9d3ba0d6ff61a,35a1a66f78dfd6255c4d804586ee6863969be78d21acec5cd0ccf00476ddaa5c,f80984d28ef9a7550633fb3aea514f783f3db1fa655a6d3f49850b10857e6afc,4039a31891b5637f4198ad78f79d97e89aa97f4ccd6efa5779b14c5b4203059e,last,ood_metric/fpr95_achieved_id_tpr,OOD-4,appendix,descriptive,id_train,id_test_vs_mnist,detector_declared,detector/knn_l2_k50,mnist,far,,,,80000,C4,adamw,0.003,0.001,0.9499999999999998,1.3597399555105182e-16,0.950000 ± 0.000000,0.95,0.95,0.95
metric_contract_v1.2,c38b09694be88aa74de0741b39e9d3ba0d6ff61a,35a1a66f78dfd6255c4d804586ee6863969be78d21acec5cd0ccf00476ddaa5c,f80984d28ef9a7550633fb3aea514f783f3db1fa655a6d3f49850b10857e6afc,4039a31891b5637f4198ad78f79d97e89aa97f4ccd6efa5779b14c5b4203059e,last,ood_metric/fpr95_achieved_id_tpr,OOD-4,appendix,descriptive,id_train,id_test_vs_mnist,detector_declared,detector/mahalanobis_pp,mnist,far,,,,80000,C4,adamw,0.003,0.001,0.9499999999999998,1.3597399555105182e-16,0.950000 ± 0.000000,0.95,0.95,0.95
metric_contract_v1.2,c38b09694be88aa74de0741b39e9d3ba0d6ff61a,35a1a66f78dfd6255c4d804586ee6863969be78d21acec5cd0ccf00476ddaa5c,f80984d28ef9a7550633fb3aea514f783f3db1fa655a6d3f49850b10857e6afc,4039a31891b5637f4198ad78f79d97e89aa97f4ccd6efa5779b14c5b4203059e,last,ood_metric/fpr95_achieved_id_tpr,OOD-4,appendix,descriptive,id_train,id_test_vs_mnist,detector_declared,detector/mahalanobis_raw,mnist,far,,,,80000,C4,adamw,0.003,0.001,0.9499999999999998,1.3597399555105182e-16,0.950000 ± 0.000000,0.95,0.95,0.95
metric_contract_v1.2,c38b09694be88aa74de0741b39e9d3ba0d6ff61a,35a1a66f78dfd6255c4d804586ee6863969be78d21acec5cd0ccf00476ddaa5c,f80984d28ef9a7550633fb3aea514f783f3db1fa655a6d3f49850b10857e6afc,4039a31891b5637f4198ad78f79d97e89aa97f4ccd6efa5779b14c5b4203059e,last,ood_metric/fpr95_achieved_id_tpr,OOD-4,appendix,descriptive,id_train,id_test_vs_mnist,detector_declared,detector/marginal_mahalanobis_raw,mnist,far,,,,80000,C4,adamw,0.003,0.001,0.9499999999999998,1.3597399555105182e-16,0.950000 ± 0.000000,0.95,0.95,0.95
metric_contract_v1.2,c38b09694be88aa74de0741b39e9d3ba0d6ff61a,35a1a66f78dfd6255c4d804586ee6863969be78d21acec5cd0ccf00476ddaa5c,f80984d28ef9a7550633fb3aea514f783f3db1fa655a6d3f49850b10857e6afc,4039a31891b5637f4198ad78f79d97e89aa97f4ccd6efa5779b14c5b4203059e,last,ood_metric/fpr95_achieved_id_tpr,OOD-4,appendix,descriptive,id_train,id_test_vs_mnist,detector_declared,detector/ncp_euclidean_raw,mnist,far,,,,80000,C4,adamw,0.003,0.001,0.9499999999999998,1.3597399555105182e-16,0.950000 ± 0.000000,0.95,0.95,0.95
metric_contract_v1.2,c38b09694be88aa74de0741b39e9d3ba0d6ff61a,35a1a66f78dfd6255c4d804586ee6863969be78d21acec5cd0ccf00476ddaa5c,f80984d28ef9a7550633fb3aea514f783f3db1fa655a6d3f49850b10857e6afc,4039a31891b5637f4198ad78f79d97e89aa97f4ccd6efa5779b14c5b4203059e,last,ood_metric/fpr95_achieved_id_tpr,OOD-4,appendix,descriptive,id_train,id_test_vs_mnist,detector_declared,detector/neco_author_std_dim100,mnist,far,,,,80000,C4,adamw,0.003,0.001,0.9499999999999998,1.3597399555105182e-16,0.950000 ± 0.000000,0.95,0.95,0.95
metric_contract_v1.2,c38b09694be88aa74de0741b39e9d3ba0d6ff61a,35a1a66f78dfd6255c4d804586ee6863969be78d21acec5cd0ccf00476ddaa5c,f80984d28ef9a7550633fb3aea514f783f3db1fa655a6d3f49850b10857e6afc,4039a31891b5637f4198ad78f79d97e89aa97f4ccd6efa5779b14c5b4203059e,last,ood_metric/fpr95_achieved_id_tpr,OOD-4,appendix,descriptive,id_train,id_test_vs_mnist,detector_declared,detector/relative_mahalanobis_pp,mnist,far,,,,80000,C4,adamw,0.003,0.001,0.9499999999999998,1.3597399555105182e-16,0.950000 ± 0.000000,0.95,0.95,0.95
metric_contract_v1.2,c38b09694be88aa74de0741b39e9d3ba0d6ff61a,35a1a66f78dfd6255c4d804586ee6863969be78d21acec5cd0ccf00476ddaa5c,f80984d28ef9a7550633fb3aea514f783f3db1fa655a6d3f49850b10857e6afc,4039a31891b5637f4198ad78f79d97e89aa97f4ccd6efa5779b14c5b4203059e,last,ood_metric/fpr95_achieved_id_tpr,OOD-4,appendix,descriptive,id_train,id_test_vs_mnist,detector_declared,detector/relative_mahalanobis_raw,mnist,far,,,,80000,C4,adamw,0.003,0.001,0.9499999999999998,1.3597399555105182e-16,0.950000 ± 0.000000,0.95,0.95,0.95
metric_contract_v1.2,c38b09694be88aa74de0741b39e9d3ba0d6ff61a,35a1a66f78dfd6255c4d804586ee6863969be78d21acec5cd0ccf00476ddaa5c,f80984d28ef9a7550633fb3aea514f783f3db1fa655a6d3f49850b10857e6afc,4039a31891b5637f4198ad78f79d97e89aa97f4ccd6efa5779b14c5b4203059e,last,ood_metric/fpr95_achieved_id_tpr,OOD-4,appendix,descriptive,id_train,id_test_vs_mnist,detector_declared,detector/vim_author_dim,mnist,far,,,,80000,C4,adamw,0.003,0.001,0.9499999999999998,1.3597399555105182e-16,0.950000 ± 0.000000,0.95,0.95,0.95
metric_contract_v1.2,c38b09694be88aa74de0741b39e9d3ba0d6ff61a,35a1a66f78dfd6255c4d804586ee6863969be78d21acec5cd0ccf00476ddaa5c,f80984d28ef9a7550633fb3aea514f783f3db1fa655a6d3f49850b10857e6afc,4039a31891b5637f4198ad78f79d97e89aa97f4ccd6efa5779b14c5b4203059e,last,ood_metric/fpr95_achieved_id_tpr,OOD-4,appendix,descriptive,id_train,id_test_vs_mnist,detector_declared,detector/vim_dim128,mnist,far,,,,80000,C4,adamw,0.003,0.001,0.9499999999999998,1.3597399555105182e-16,0.950000 ± 0.000000,0.95,0.95,0.95
metric_contract_v1.2,c38b09694be88aa74de0741b39e9d3ba0d6ff61a,35a1a66f78dfd6255c4d804586ee6863969be78d21acec5cd0ccf00476ddaa5c,f80984d28ef9a7550633fb3aea514f783f3db1fa655a6d3f49850b10857e6afc,4039a31891b5637f4198ad78f79d97e89aa97f4ccd6efa5779b14c5b4203059e,last,ood_metric/fpr95_achieved_id_tpr,OOD-4,appendix,descriptive,id_train,id_test_vs_mnist,detector_declared,detector/vim_dim256,mnist,far,,,,80000,C4,adamw,0.003,0.001,0.9499999999999998,1.3597399555105182e-16,0.950000 ± 0.000000,0.95,0.95,0.95
metric_contract_v1.2,c38b09694be88aa74de0741b39e9d3ba0d6ff61a,35a1a66f78dfd6255c4d804586ee6863969be78d21acec5cd0ccf00476ddaa5c,f80984d28ef9a7550633fb3aea514f783f3db1fa655a6d3f49850b10857e6afc,4039a31891b5637f4198ad78f79d97e89aa97f4ccd6efa5779b14c5b4203059e,last,ood_metric/fpr95_achieved_id_tpr,OOD-4,appendix,descriptive,id_train,id_test_vs_mnist,detector_declared,detector/vim_dim320,mnist,far,,,,80000,C4,adamw,0.003,0.001,0.9499999999999998,1.3597399555105182e-16,0.950000 ± 0.000000,0.95,0.95,0.95
metric_contract_v1.2,c38b09694be88aa74de0741b39e9d3ba0d6ff61a,35a1a66f78dfd6255c4d804586ee6863969be78d21acec5cd0ccf00476ddaa5c,f80984d28ef9a7550633fb3aea514f783f3db1fa655a6d3f49850b10857e6afc,4039a31891b5637f4198ad78f79d97e89aa97f4ccd6efa5779b14c5b4203059e,last,ood_metric/fpr95_achieved_id_tpr,OOD-4,appendix,descriptive,id_train,id_test_vs_mnist,detector_declared,detector/vim_dim64,mnist,far,,,,80000,C4,adamw,0.003,0.001,0.9499999999999998,1.3597399555105182e-16,0.950000 ± 0.000000,0.95,0.95,0.95
metric_contract_v1.2,c38b09694be88aa74de0741b39e9d3ba0d6ff61a,35a1a66f78dfd6255c4d804586ee6863969be78d21acec5cd0ccf00476ddaa5c,f80984d28ef9a7550633fb3aea514f783f3db1fa655a6d3f49850b10857e6afc,4039a31891b5637f4198ad78f79d97e89aa97f4ccd6efa5779b14c5b4203059e,last,ood_metric/fpr95_achieved_id_tpr,OOD-4,appendix,descriptive,id_train,id_test_vs_mnist,detector_declared,detector/weight_cosine_appendix,mnist,far,,,,80000,C4,adamw,0.003,0.001,0.9499999999999998,1.3597399555105182e-16,0.950000 ± 0.000000,0.95,0.95,0.95
metric_contract_v1.2,c38b09694be88aa74de0741b39e9d3ba0d6ff61a,35a1a66f78dfd6255c4d804586ee6863969be78d21acec5cd0ccf00476ddaa5c,f80984d28ef9a7550633fb3aea514f783f3db1fa655a6d3f49850b10857e6afc,4039a31891b5637f4198ad78f79d97e89aa97f4ccd6efa5779b14c5b4203059e,last,ood_metric/fpr95_achieved_id_tpr,OOD-4,appendix,descriptive,,id_test_vs_mnist,detector_declared,ood_score/energy_t1,mnist,far,,,,80000,C4,adamw,0.003,0.001,0.9499999999999998,1.3597399555105182e-16,0.950000 ± 0.000000,0.95,0.95,0.95
metric_contract_v1.2,c38b09694be88aa74de0741b39e9d3ba0d6ff61a,35a1a66f78dfd6255c4d804586ee6863969be78d21acec5cd0ccf00476ddaa5c,f80984d28ef9a7550633fb3aea514f783f3db1fa655a6d3f49850b10857e6afc,4039a31891b5637f4198ad78f79d97e89aa97f4ccd6efa5779b14c5b4203059e,last,ood_metric/fpr95_achieved_id_tpr,OOD-4,appendix,descriptive,,id_test_vs_mnist,detector_declared,ood_score/max_logit,mnist,far,,,,80000,C4,adamw,0.003,0.001,0.9499999999999998,1.3597399555105182e-16,0.950000 ± 0.000000,0.95,0.95,0.95
metric_contract_v1.2,c38b09694be88aa74de0741b39e9d3ba0d6ff61a,35a1a66f78dfd6255c4d804586ee6863969be78d21acec5cd0ccf00476ddaa5c,f80984d28ef9a7550633fb3aea514f783f3db1fa655a6d3f49850b10857e6afc,4039a31891b5637f4198ad78f79d97e89aa97f4ccd6efa5779b14c5b4203059e,last,ood_metric/fpr95_achieved_id_tpr,OOD-4,appendix,descriptive,,id_test_vs_mnist,detector_declared,ood_score/msp,mnist,far,,,,80000,C4,adamw,0.003,0.001,0.9499999999999998,1.3597399555105182e-16,0.950000 ± 0.000000,0.95,0.95,0.95
metric_contract_v1.2,c38b09694be88aa74de0741b39e9d3ba0d6ff61a,35a1a66f78dfd6255c4d804586ee6863969be78d21acec5cd0ccf00476ddaa5c,f80984d28ef9a7550633fb3aea514f783f3db1fa655a6d3f49850b10857e6afc,4039a31891b5637f4198ad78f79d97e89aa97f4ccd6efa5779b14c5b4203059e,last,ood_metric/fpr95_id_tpr,OOD-4,primary,down,id_train,id_test_vs_mnist,detector_declared,detector/ctm_prototype_cosine,mnist,far,,,,80000,C4,adamw,0.003,0.001,0.3167285714285714,0.06931610084774456,0.316729 ± 0.069316,0.23832857142857142,0.3419714285714286,0.36988571428571426
metric_contract_v1.2,c38b09694be88aa74de0741b39e9d3ba0d6ff61a,35a1a66f78dfd6255c4d804586ee6863969be78d21acec5cd0ccf00476ddaa5c,f80984d28ef9a7550633fb3aea514f783f3db1fa655a6d3f49850b10857e6afc,4039a31891b5637f4198ad78f79d97e89aa97f4ccd6efa5779b14c5b4203059e,last,ood_metric/fpr95_id_tpr,OOD-4,primary,down,id_train,id_test_vs_mnist,detector_declared,detector/gda_class_density,mnist,far,,,,80000,C4,adamw,0.003,0.001,0.9705142857142857,0.018185085838092075,0.970514 ± 0.018185,0.9542142857142857,0.9901285714285715,0.9672
metric_contract_v1.2,c38b09694be88aa74de0741b39e9d3ba0d6ff61a,35a1a66f78dfd6255c4d804586ee6863969be78d21acec5cd0ccf00476ddaa5c,f80984d28ef9a7550633fb3aea514f783f3db1fa655a6d3f49850b10857e6afc,4039a31891b5637f4198ad78f79d97e89aa97f4ccd6efa5779b14c5b4203059e,last,ood_metric/fpr95_id_tpr,OOD-4,primary,down,id_train,id_test_vs_mnist,detector_declared,detector/knn_l2_k50,mnist,far,,,,80000,C4,adamw,0.003,0.001,0.22687142857142858,0.028614906205382852,0.226871 ± 0.028615,0.1967142857142857,0.25364285714285717,0.23025714285714285
metric_contract_v1.2,c38b09694be88aa74de0741b39e9d3ba0d6ff61a,35a1a66f78dfd6255c4d804586ee6863969be78d21acec5cd0ccf00476ddaa5c,f80984d28ef9a7550633fb3aea514f783f3db1fa655a6d3f49850b10857e6afc,4039a31891b5637f4198ad78f79d97e89aa97f4ccd6efa5779b14c5b4203059e,last,ood_metric/fpr95_id_tpr,OOD-4,primary,down,id_train,id_test_vs_mnist,detector_declared,detector/mahalanobis_pp,mnist,far,,,,80000,C4,adamw,0.003,0.001,0.17821904761904764,0.020316075535645857,0.178219 ± 0.020316,0.16735714285714287,0.20165714285714287,0.16564285714285715
metric_contract_v1.2,c38b09694be88aa74de0741b39e9d3ba0d6ff61a,35a1a66f78dfd6255c4d804586ee6863969be78d21acec5cd0ccf00476ddaa5c,f80984d28ef9a7550633fb3aea514f783f3db1fa655a6d3f49850b10857e6afc,4039a31891b5637f4198ad78f79d97e89aa97f4ccd6efa5779b14c5b4203059e,last,ood_metric/fpr95_id_tpr,OOD-4,primary,down,id_train,id_test_vs_mnist,detector_declared,detector/mahalanobis_raw,mnist,far,,,,80000,C4,adamw,0.003,0.001,0.9856238095238096,0.010463116300657703,0.985624 ± 0.010463,0.9756857142857143,0.9846428571428572,0.9965428571428572
metric_contract_v1.2,c38b09694be88aa74de0741b39e9d3ba0d6ff61a,35a1a66f78dfd6255c4d804586ee6863969be78d21acec5cd0ccf00476ddaa5c,f80984d28ef9a7550633fb3aea514f783f3db1fa655a6d3f49850b10857e6afc,4039a31891b5637f4198ad78f79d97e89aa97f4ccd6efa5779b14c5b4203059e,last,ood_metric/fpr95_id_tpr,OOD-4,primary,down,id_train,id_test_vs_mnist,detector_declared,detector/marginal_mahalanobis_raw,mnist,far,,,,80000,C4,adamw,0.003,0.001,0.9889095238095238,0.00803513119577603,0.988910 ± 0.008035,0.9825142857142857,0.9862857142857143,0.9979285714285714
metric_contract_v1.2,c38b09694be88aa74de0741b39e9d3ba0d6ff61a,35a1a66f78dfd6255c4d804586ee6863969be78d21acec5cd0ccf00476ddaa5c,f80984d28ef9a7550633fb3aea514f783f3db1fa655a6d3f49850b10857e6afc,4039a31891b5637f4198ad78f79d97e89aa97f4ccd6efa5779b14c5b4203059e,last,ood_metric/fpr95_id_tpr,OOD-4,primary,down,id_train,id_test_vs_mnist,detector_declared,detector/ncp_euclidean_raw,mnist,far,,,,80000,C4,adamw,0.003,0.001,0.904947619047619,0.026453549329132447,0.904948 ± 0.026454,0.8808571428571429,0.9007285714285714,0.9332571428571429
metric_contract_v1.2,c38b09694be88aa74de0741b39e9d3ba0d6ff61a,35a1a66f78dfd6255c4d804586ee6863969be78d21acec5cd0ccf00476ddaa5c,f80984d28ef9a7550633fb3aea514f783f3db1fa655a6d3f49850b10857e6afc,4039a31891b5637f4198ad78f79d97e89aa97f4ccd6efa5779b14c5b4203059e,last,ood_metric/fpr95_id_tpr,OOD-4,primary,down,id_train,id_test_vs_mnist,detector_declared,detector/neco_author_std_dim100,mnist,far,,,,80000,C4,adamw,0.003,0.001,0.7772285714285715,0.09122167550331804,0.777229 ± 0.091222,0.7510714285714286,0.8786714285714285,0.7019428571428571
metric_contract_v1.2,c38b09694be88aa74de0741b39e9d3ba0d6ff61a,35a1a66f78dfd6255c4d804586ee6863969be78d21acec5cd0ccf00476ddaa5c,f80984d28ef9a7550633fb3aea514f783f3db1fa655a6d3f49850b10857e6afc,4039a31891b5637f4198ad78f79d97e89aa97f4ccd6efa5779b14c5b4203059e,last,ood_metric/fpr95_id_tpr,OOD-4,primary,down,id_train,id_test_vs_mnist,detector_declared,detector/relative_mahalanobis_pp,mnist,far,,,,80000,C4,adamw,0.003,0.001,0.6303095238095238,0.019333339784188493,0.630310 ± 0.019333,0.6391,0.6436857142857143,0.6081428571428571
metric_contract_v1.2,c38b09694be88aa74de0741b39e9d3ba0d6ff61a,35a1a66f78dfd6255c4d804586ee6863969be78d21acec5cd0ccf00476ddaa5c,f80984d28ef9a7550633fb3aea514f783f3db1fa655a6d3f49850b10857e6afc,4039a31891b5637f4198ad78f79d97e89aa97f4ccd6efa5779b14c5b4203059e,last,ood_metric/fpr95_id_tpr,OOD-4,primary,down,id_train,id_test_vs_mnist,detector_declared,detector/relative_mahalanobis_raw,mnist,far,,,,80000,C4,adamw,0.003,0.001,0.6116714285714285,0.01209362287677741,0.611671 ± 0.012094,0.6236857142857143,0.6118285714285714,0.5995
metric_contract_v1.2,c38b09694be88aa74de0741b39e9d3ba0d6ff61a,35a1a66f78dfd6255c4d804586ee6863969be78d21acec5cd0ccf00476ddaa5c,f80984d28ef9a7550633fb3aea514f783f3db1fa655a6d3f49850b10857e6afc,4039a31891b5637f4198ad78f79d97e89aa97f4ccd6efa5779b14c5b4203059e,last,ood_metric/fpr95_id_tpr,OOD-4,primary,down,id_train,id_test_vs_mnist,detector_declared,detector/vim_author_dim,mnist,far,,,,80000,C4,adamw,0.003,0.001,0.5792619047619048,0.08544865069011857,0.579262 ± 0.085449,0.49188571428571426,0.6626428571428571,0.5832571428571428
metric_contract_v1.2,c38b09694be88aa74de0741b39e9d3ba0d6ff61a,35a1a66f78dfd6255c4d804586ee6863969be78d21acec5cd0ccf00476ddaa5c,f80984d28ef9a7550633fb3aea514f783f3db1fa655a6d3f49850b10857e6afc,4039a31891b5637f4198ad78f79d97e89aa97f4ccd6efa5779b14c5b4203059e,last,ood_metric/fpr95_id_tpr,OOD-4,primary,down,id_train,id_test_vs_mnist,detector_declared,detector/vim_dim128,mnist,far,,,,80000,C4,adamw,0.003,0.001,0.5553285714285714,0.09511475239125096,0.555329 ± 0.095115,0.45708571428571426,0.6469714285714285,0.5619285714285714
metric_contract_v1.2,c38b09694be88aa74de0741b39e9d3ba0d6ff61a,35a1a66f78dfd6255c4d804586ee6863969be78d21acec5cd0ccf00476ddaa5c,f80984d28ef9a7550633fb3aea514f783f3db1fa655a6d3f49850b10857e6afc,4039a31891b5637f4198ad78f79d97e89aa97f4ccd6efa5779b14c5b4203059e,last,ood_metric/fpr95_id_tpr,OOD-4,primary,down,id_train,id_test_vs_mnist,detector_declared,detector/vim_dim256,mnist,far,,,,80000,C4,adamw,0.003,0.001,0.5639666666666666,0.09600163830801606,0.563967 ± 0.096002,0.45855714285714283,0.6463857142857143,0.5869571428571428
metric_contract_v1.2,c38b09694be88aa74de0741b39e9d3ba0d6ff61a,35a1a66f78dfd6255c4d804586ee6863969be78d21acec5cd0ccf00476ddaa5c,f80984d28ef9a7550633fb3aea514f783f3db1fa655a6d3f49850b10857e6afc,4039a31891b5637f4198ad78f79d97e89aa97f4ccd6efa5779b14c5b4203059e,last,ood_metric/fpr95_id_tpr,OOD-4,primary,down,id_train,id_test_vs_mnist,detector_declared,detector/vim_dim320,mnist,far,,,,80000,C4,adamw,0.003,0.001,0.5792619047619048,0.08544865069011857,0.579262 ± 0.085449,0.49188571428571426,0.6626428571428571,0.5832571428571428
metric_contract_v1.2,c38b09694be88aa74de0741b39e9d3ba0d6ff61a,35a1a66f78dfd6255c4d804586ee6863969be78d21acec5cd0ccf00476ddaa5c,f80984d28ef9a7550633fb3aea514f783f3db1fa655a6d3f49850b10857e6afc,4039a31891b5637f4198ad78f79d97e89aa97f4ccd6efa5779b14c5b4203059e,last,ood_metric/fpr95_id_tpr,OOD-4,primary,down,id_train,id_test_vs_mnist,detector_declared,detector/vim_dim64,mnist,far,,,,80000,C4,adamw,0.003,0.001,0.5385571428571428,0.1235133414259532,0.538557 ± 0.123513,0.4347142857142857,0.6751428571428572,0.5058142857142857
metric_contract_v1.2,c38b09694be88aa74de0741b39e9d3ba0d6ff61a,35a1a66f78dfd6255c4d804586ee6863969be78d21acec5cd0ccf00476ddaa5c,f80984d28ef9a7550633fb3aea514f783f3db1fa655a6d3f49850b10857e6afc,4039a31891b5637f4198ad78f79d97e89aa97f4ccd6efa5779b14c5b4203059e,last,ood_metric/fpr95_id_tpr,OOD-4,primary,down,id_train,id_test_vs_mnist,detector_declared,detector/weight_cosine_appendix,mnist,far,,,,80000,C4,adamw,0.003,0.001,0.514452380952381,0.016149949979914553,0.514452 ± 0.016150,0.5128857142857143,0.49914285714285717,0.5313285714285715
metric_contract_v1.2,c38b09694be88aa74de0741b39e9d3ba0d6ff61a,35a1a66f78dfd6255c4d804586ee6863969be78d21acec5cd0ccf00476ddaa5c,f80984d28ef9a7550633fb3aea514f783f3db1fa655a6d3f49850b10857e6afc,4039a31891b5637f4198ad78f79d97e89aa97f4ccd6efa5779b14c5b4203059e,last,ood_metric/fpr95_id_tpr,OOD-4,primary,down,,id_test_vs_mnist,detector_declared,ood_score/energy_t1,mnist,far,,,,80000,C4,adamw,0.003,0.001,0.44306666666666666,0.032386210007338864,0.443067 ± 0.032386,0.4552428571428571,0.40635714285714286,0.4676
metric_contract_v1.2,c38b09694be88aa74de0741b39e9d3ba0d6ff61a,35a1a66f78dfd6255c4d804586ee6863969be78d21acec5cd0ccf00476ddaa5c,f80984d28ef9a7550633fb3aea514f783f3db1fa655a6d3f49850b10857e6afc,4039a31891b5637f4198ad78f79d97e89aa97f4ccd6efa5779b14c5b4203059e,last,ood_metric/fpr95_id_tpr,OOD-4,primary,down,,id_test_vs_mnist,detector_declared,ood_score/max_logit,mnist,far,,,,80000,C4,adamw,0.003,0.001,0.4452095238095238,0.034795707961140926,0.445210 ± 0.034796,0.4574714285714286,0.40594285714285716,0.4722142857142857
metric_contract_v1.2,c38b09694be88aa74de0741b39e9d3ba0d6ff61a,35a1a66f78dfd6255c4d804586ee6863969be78d21acec5cd0ccf00476ddaa5c,f80984d28ef9a7550633fb3aea514f783f3db1fa655a6d3f49850b10857e6afc,4039a31891b5637f4198ad78f79d97e89aa97f4ccd6efa5779b14c5b4203059e,last,ood_metric/fpr95_id_tpr,OOD-4,primary,down,,id_test_vs_mnist,detector_declared,ood_score/msp,mnist,far,,,,80000,C4,adamw,0.003,0.001,0.5929666666666666,0.0389348915795707,0.592967 ± 0.038935,0.5973428571428572,0.5520285714285714,0.6295285714285714
metric_contract_v1.2,c38b09694be88aa74de0741b39e9d3ba0d6ff61a,35a1a66f78dfd6255c4d804586ee6863969be78d21acec5cd0ccf00476ddaa5c,f80984d28ef9a7550633fb3aea514f783f3db1fa655a6d3f49850b10857e6afc,4039a31891b5637f4198ad78f79d97e89aa97f4ccd6efa5779b14c5b4203059e,last,ood_metric/fpr95_threshold,OOD-4,appendix,descriptive,id_train,id_test_vs_mnist,detector_declared,detector/ctm_prototype_cosine,mnist,far,,,,80000,C4,adamw,0.003,0.001,0.7949444592515743,0.0032563630749315635,0.794944 ± 0.003256,0.7917634777688319,0.7947985980468774,0.7982713019390139
metric_contract_v1.2,c38b09694be88aa74de0741b39e9d3ba0d6ff61a,35a1a66f78dfd6255c4d804586ee6863969be78d21acec5cd0ccf00476ddaa5c,f80984d28ef9a7550633fb3aea514f783f3db1fa655a6d3f49850b10857e6afc,4039a31891b5637f4198ad78f79d97e89aa97f4ccd6efa5779b14c5b4203059e,last,ood_metric/fpr95_threshold,OOD-4,appendix,descriptive,id_train,id_test_vs_mnist,detector_declared,detector/gda_class_density,mnist,far,,,,80000,C4,adamw,0.003,0.001,2423.2197223063063,758.1621135195531,2423.219722 ± 758.162114,1628.994057077624,2501.406254820642,3139.2588550206524
metric_contract_v1.2,c38b09694be88aa74de0741b39e9d3ba0d6ff61a,35a1a66f78dfd6255c4d804586ee6863969be78d21acec5cd0ccf00476ddaa5c,f80984d28ef9a7550633fb3aea514f783f3db1fa655a6d3f49850b10857e6afc,4039a31891b5637f4198ad78f79d97e89aa97f4ccd6efa5779b14c5b4203059e,last,ood_metric/fpr95_threshold,OOD-4,appendix,descriptive,id_train,id_test_vs_mnist,detector_declared,detector/knn_l2_k50,mnist,far,,,,80000,C4,adamw,0.003,0.001,-0.2971089299458203,0.007102139212838042,-0.297109 ± 0.007102,-0.30465422526998637,-0.2961186859661438,-0.29055387860133064
metric_contract_v1.2,c38b09694be88aa74de0741b39e9d3ba0d6ff61a,35a1a66f78dfd6255c4d804586ee6863969be78d21acec5cd0ccf00476ddaa5c,f80984d28ef9a7550633fb3aea514f783f3db1fa655a6d3f49850b10857e6afc,4039a31891b5637f4198ad78f79d97e89aa97f4ccd6efa5779b14c5b4203059e,last,ood_metric/fpr95_threshold,OOD-4,appendix,descriptive,id_train,id_test_vs_mnist,detector_declared,detector/mahalanobis_pp,mnist,far,,,,80000,C4,adamw,0.003,0.001,-1094.4427437762272,6.155326441192137,-1094.442744 ± 6.155326,-1100.442282744709,-1088.142642078119,-1094.743306505854
metric_contract_v1.2,c38b09694be88aa74de0741b39e9d3ba0d6ff61a,35a1a66f78dfd6255c4d804586ee6863969be78d21acec5cd0ccf00476ddaa5c,f80984d28ef9a7550633fb3aea514f783f3db1fa655a6d3f49850b10857e6afc,4039a31891b5637f4198ad78f79d97e89aa97f4ccd6efa5779b14c5b4203059e,last,ood_metric/fpr95_threshold,OOD-4,appendix,descriptive,id_train,id_test_vs_mnist,detector_declared,detector/mahalanobis_raw,mnist,far,,,,80000,C4,adamw,0.003,0.001,-950.8803505992461,6.292991320041265,-950.880351 ± 6.292991,-952.4731634018968,-956.2238912893783,-943.9439971064631
metric_contract_v1.2,c38b09694be88aa74de0741b39e9d3ba0d6ff61a,35a1a66f78dfd6255c4d804586ee6863969be78d21acec5cd0ccf00476ddaa5c,f80984d28ef9a7550633fb3aea514f783f3db1fa655a6d3f49850b10857e6afc,4039a31891b5637f4198ad78f79d97e89aa97f4ccd6efa5779b14c5b4203059e,last,ood_metric/fpr95_threshold,OOD-4,appendix,descriptive,id_train,id_test_vs_mnist,detector_declared,detector/marginal_mahalanobis_raw,mnist,far,,,,80000,C4,adamw,0.003,0.001,-946.3195229794761,5.730433771455313,-946.319523 ± 5.730434,-948.761253319666,-950.4246634344612,-939.7726521843014
metric_contract_v1.2,c38b09694be88aa74de0741b39e9d3ba0d6ff61a,35a1a66f78dfd6255c4d804586ee6863969be78d21acec5cd0ccf00476ddaa5c,f80984d28ef9a7550633fb3aea514f783f3db1fa655a6d3f49850b10857e6afc,4039a31891b5637f4198ad78f79d97e89aa97f4ccd6efa5779b14c5b4203059e,last,ood_metric/fpr95_threshold,OOD-4,appendix,descriptive,id_train,id_test_vs_mnist,detector_declared,detector/ncp_euclidean_raw,mnist,far,,,,80000,C4,adamw,0.003,0.001,-5.292821324570308,0.05466313308482578,-5.292821 ± 0.054663,-5.352131723788077,-5.244464105628713,-5.281868144294138
metric_contract_v1.2,c38b09694be88aa74de0741b39e9d3ba0d6ff61a,35a1a66f78dfd6255c4d804586ee6863969be78d21acec5cd0ccf00476ddaa5c,f80984d28ef9a7550633fb3aea514f783f3db1fa655a6d3f49850b10857e6afc,4039a31891b5637f4198ad78f79d97e89aa97f4ccd6efa5779b14c5b4203059e,last,ood_metric/fpr95_threshold,OOD-4,appendix,descriptive,id_train,id_test_vs_mnist,detector_declared,detector/neco_author_std_dim100,mnist,far,,,,80000,C4,adamw,0.003,0.001,0.9319910453564623,0.0016224513875154674,0.931991 ± 0.001622,0.9337625993956535,0.9305774940294969,0.9316330426442363
metric_contract_v1.2,c38b09694be88aa74de0741b39e9d3ba0d6ff61a,35a1a66f78dfd6255c4d804586ee6863969be78d21acec5cd0ccf00476ddaa5c,f80984d28ef9a7550633fb3aea514f783f3db1fa655a6d3f49850b10857e6afc,4039a31891b5637f4198ad78f79d97e89aa97f4ccd6efa5779b14c5b4203059e,last,ood_metric/fpr95_threshold,OOD-4,appendix,descriptive,id_train,id_test_vs_mnist,detector_declared,detector/relative_mahalanobis_pp,mnist,far,,,,80000,C4,adamw,0.003,0.001,-64.72639650238006,0.48116158245697394,-64.726397 ± 0.481162,-65.07868481777034,-64.92232246651966,-64.1781822228502
metric_contract_v1.2,c38b09694be88aa74de0741b39e9d3ba0d6ff61a,35a1a66f78dfd6255c4d804586ee6863969be78d21acec5cd0ccf00476ddaa5c,f80984d28ef9a7550633fb3aea514f783f3db1fa655a6d3f49850b10857e6afc,4039a31891b5637f4198ad78f79d97e89aa97f4ccd6efa5779b14c5b4203059e,last,ood_metric/fpr95_threshold,OOD-4,appendix,descriptive,id_train,id_test_vs_mnist,detector_declared,detector/relative_mahalanobis_raw,mnist,far,,,,80000,C4,adamw,0.003,0.001,-43.99249082700968,0.2944360605561603,-43.992491 ± 0.294436,-43.73401502853819,-43.93045591071948,-44.31300154177138
metric_contract_v1.2,c38b09694be88aa74de0741b39e9d3ba0d6ff61a,35a1a66f78dfd6255c4d804586ee6863969be78d21acec5cd0ccf00476ddaa5c,f80984d28ef9a7550633fb3aea514f783f3db1fa655a6d3f49850b10857e6afc,4039a31891b5637f4198ad78f79d97e89aa97f4ccd6efa5779b14c5b4203059e,last,ood_metric/fpr95_threshold,OOD-4,appendix,descriptive,id_train,id_test_vs_mnist,detector_declared,detector/vim_author_dim,mnist,far,,,,80000,C4,adamw,0.003,0.001,-18.91748590931861,0.2199500209145484,-18.917486 ± 0.219950,-19.147625092594954,-18.70938417838985,-18.89544845697102
metric_contract_v1.2,c38b09694be88aa74de0741b39e9d3ba0d6ff61a,35a1a66f78dfd6255c4d804586ee6863969be78d21acec5cd0ccf00476ddaa5c,f80984d28ef9a7550633fb3aea514f783f3db1fa655a6d3f49850b10857e6afc,4039a31891b5637f4198ad78f79d97e89aa97f4ccd6efa5779b14c5b4203059e,last,ood_metric/fpr95_threshold,OOD-4,appendix,descriptive,id_train,id_test_vs_mnist,detector_declared,detector/vim_dim128,mnist,far,,,,80000,C4,adamw,0.003,0.001,-18.320728011014168,0.22676150529189124,-18.320728 ± 0.226762,-18.518119108539665,-18.073041367733982,-18.37102355676886
metric_contract_v1.2,c38b09694be88aa74de0741b39e9d3ba0d6ff61a,35a1a66f78dfd6255c4d804586ee6863969be78d21acec5cd0ccf00476ddaa5c,f80984d28ef9a7550633fb3aea514f783f3db1fa655a6d3f49850b10857e6afc,4039a31891b5637f4198ad78f79d97e89aa97f4ccd6efa5779b14c5b4203059e,last,ood_metric/fpr95_threshold,OOD-4,appendix,descriptive,id_train,id_test_vs_mnist,detector_declared,detector/vim_dim256,mnist,far,,,,80000,C4,adamw,0.003,0.001,-18.843390798783275,0.20737342771414094,-18.843391 ± 0.207373,-19.04897348760347,-18.634271861223485,-18.846927047522865
metric_contract_v1.2,c38b09694be88aa74de0741b39e9d3ba0d6ff61a,35a1a66f78dfd6255c4d804586ee6863969be78d21acec5cd0ccf00476ddaa5c,f80984d28ef9a7550633fb3aea514f783f3db1fa655a6d3f49850b10857e6afc,4039a31891b5637f4198ad78f79d97e89aa97f4ccd6efa5779b14c5b4203059e,last,ood_metric/fpr95_threshold,OOD-4,appendix,descriptive,id_train,id_test_vs_mnist,detector_declared,detector/vim_dim320,mnist,far,,,,80000,C4,adamw,0.003,0.001,-18.91748590931861,0.2199500209145484,-18.917486 ± 0.219950,-19.147625092594954,-18.70938417838985,-18.89544845697102
metric_contract_v1.2,c38b09694be88aa74de0741b39e9d3ba0d6ff61a,35a1a66f78dfd6255c4d804586ee6863969be78d21acec5cd0ccf00476ddaa5c,f80984d28ef9a7550633fb3aea514f783f3db1fa655a6d3f49850b10857e6afc,4039a31891b5637f4198ad78f79d97e89aa97f4ccd6efa5779b14c5b4203059e,last,ood_metric/fpr95_threshold,OOD-4,appendix,descriptive,id_train,id_test_vs_mnist,detector_declared,detector/vim_dim64,mnist,far,,,,80000,C4,adamw,0.003,0.001,-17.78475746529899,0.1731176779371036,-17.784757 ± 0.173118,-17.97913617364834,-17.72797131297348,-17.647164909275155
metric_contract_v1.2,c38b09694be88aa74de0741b39e9d3ba0d6ff61a,35a1a66f78dfd6255c4d804586ee6863969be78d21acec5cd0ccf00476ddaa5c,f80984d28ef9a7550633fb3aea514f783f3db1fa655a6d3f49850b10857e6afc,4039a31891b5637f4198ad78f79d97e89aa97f4ccd6efa5779b14c5b4203059e,last,ood_metric/fpr95_threshold,OOD-4,appendix,descriptive,id_train,id_test_vs_mnist,detector_declared,detector/weight_cosine_appendix,mnist,far,,,,80000,C4,adamw,0.003,0.001,0.04354296264791988,0.004105671559811964,0.043543 ± 0.004106,0.04657781423416534,0.04517970803660487,0.03887136567298942
metric_contract_v1.2,c38b09694be88aa74de0741b39e9d3ba0d6ff61a,35a1a66f78dfd6255c4d804586ee6863969be78d21acec5cd0ccf00476ddaa5c,f80984d28ef9a7550633fb3aea514f783f3db1fa655a6d3f49850b10857e6afc,4039a31891b5637f4198ad78f79d97e89aa97f4ccd6efa5779b14c5b4203059e,last,ood_metric/fpr95_threshold,OOD-4,appendix,descriptive,,id_test_vs_mnist,detector_declared,ood_score/energy_t1,mnist,far,,,,80000,C4,adamw,0.003,0.001,3.345087715083508,0.21601965288754002,3.345088 ± 0.216020,3.46787943848461,3.471724124368003,3.095659582397911
metric_contract_v1.2,c38b09694be88aa74de0741b39e9d3ba0d6ff61a,35a1a66f78dfd6255c4d804586ee6863969be78d21acec5cd0ccf00476ddaa5c,f80984d28ef9a7550633fb3aea514f783f3db1fa655a6d3f49850b10857e6afc,4039a31891b5637f4198ad78f79d97e89aa97f4ccd6efa5779b14c5b4203059e,last,ood_metric/fpr95_threshold,OOD-4,appendix,descriptive,,id_test_vs_mnist,detector_declared,ood_score/max_logit,mnist,far,,,,80000,C4,adamw,0.003,0.001,3.263182445367178,0.24188046688482612,3.263182 ± 0.241880,3.3865713477134705,3.4184846401214606,2.9844913482666016
metric_contract_v1.2,c38b09694be88aa74de0741b39e9d3ba0d6ff61a,35a1a66f78dfd6255c4d804586ee6863969be78d21acec5cd0ccf00476ddaa5c,f80984d28ef9a7550633fb3aea514f783f3db1fa655a6d3f49850b10857e6afc,4039a31891b5637f4198ad78f79d97e89aa97f4ccd6efa5779b14c5b4203059e,last,ood_metric/fpr95_threshold,OOD-4,appendix,descriptive,,id_test_vs_mnist,detector_declared,ood_score/msp,mnist,far,,,,80000,C4,adamw,0.003,0.001,0.9679827077524328,0.005853294714751988,0.967983 ± 0.005853,0.9652766426727223,0.9746994114097245,0.9639720691748516
